SMILES,binaryLabel,qed,SPS,MolWt,HeavyAtomMolWt,ExactMolWt,NumValenceElectrons,NumRadicalElectrons,MaxPartialCharge,MinPartialCharge,MaxAbsPartialCharge,MinAbsPartialCharge,TPSA,HeavyAtomCount,Phi,MolLogP,MolMR
COc1cc2c(cc1OC)C(=O)C(CC1CCN(Cc3ccccc3)CC1)C2,0,0.7474614915624849,20.214285714285715,379.50000000000017,350.26800000000014,379.214743788,148.0,0.0,0.16620209627378937,-0.49285879087511075,0.49285879087511075,0.16620209627378937,38.77,28.0,5.672415968676781,4.361100000000004,110.13050000000005
C#Cc1cccc(Nc2ncnc3cc(OC)c(OCCCCCCC(O)=NO)cc23)c1,0,0.09686051203012763,11.1875,434.4960000000003,408.28800000000024,434.19540531199993,166.0,0.0,0.2224632762429712,-0.49426334817361606,0.49426334817361606,0.2224632762429712,109.09000000000002,32.0,8.093725923269009,5.038300000000004,124.18000000000008
Cn1c(=O)c2c(ncn2CC(O)CO)n(C)c1=O,1,0.6460832424087163,13.11111111111111,254.24599999999998,240.134,254.101504928,98.0,0.0,0.331703434895203,-0.39361425183466986,0.39361425183466986,0.331703434895203,102.28,18.0,3.0543740332149096,-2.213099999999999,63.30760000000002
COc1cc(C)c(C=CC(C)=CC=CC(C)=CC(=O)O)c(C)c1C,0,0.5794537711852106,13.083333333333334,326.4360000000001,300.228,326.18819469199997,128.0,0.0,0.3280688057099827,-0.4964677075827197,0.4964677075827197,0.3280688057099827,46.53,24.0,7.2461949142630715,5.167060000000005,100.52880000000005
OCC1NCC(O)C(O)C1O,0,0.28455326707727985,45.81818181818182,163.173,150.069,163.084457896,66.0,0.0,0.1085501698336714,-0.3946490549126711,0.3946490549126711,0.1085501698336714,92.95,11.0,2.8009393176960744,-2.9667999999999988,36.896899999999995
OCCN(CCO)c1nc(N2CCCCC2)c2nc(N(CCO)CCO)nc(N3CCCCC3)c2n1,0,0.3081454686289042,16.555555555555557,504.6360000000004,464.3160000000003,504.31725176000003,200.0,0.0,0.22780331080487576,-0.39453428442618266,0.39453428442618266,0.22780331080487576,145.44,36.0,9.674863941613076,-0.017599999999997396,140.02519999999993
O=C(Nc1ccc(OC(F)(F)F)cc1)c1sccc1NCc1ccnc2ccccc12,0,0.3803116720815944,11.32258064516129,443.4500000000001,427.32200000000023,443.09153241200005,158.0,0.0,0.5725963173374214,-0.40579734740705586,0.5725963173374214,0.40579734740705586,63.25,31.0,5.765905082146464,6.059300000000004,114.4669
I,1,0.4191265240259666,0.0,127.91199999999999,126.904,127.912298032,8.0,0.0,-0.10746455724563216,-0.10746455724563216,0.10746455724563216,0.10746455724563216,0.0,1.0,0.17276301369863017,0.6180000000000001,15.415
OCCn1cc(-c2cnc3nnn(Cc4ccc5ncccc5c4)c3n2)cn1,0,0.49990712286055866,11.464285714285714,372.39200000000005,356.2640000000002,372.144707132,138.0,0.0,0.22063805426916433,-0.3944506144227263,0.3944506144227263,0.22063805426916433,107.42999999999999,28.0,3.985031553667483,1.6735999999999995,102.26980000000002
C=C1C(CO)C(O)CC1n1cnc2c(=O)[nH]c(N)nc21,0,0.5301148369563783,26.5,277.284,262.164,277.11748934,106.0,0.0,0.2799847972923357,-0.3956489038981603,0.3956489038981603,0.2799847972923357,130.04999999999998,20.0,2.838235686035573,-0.8278000000000001,71.9377
O=NN(CCCl)C(=O)NCCCl,0,0.42360586004444145,9.166666666666666,214.052,204.98,213.007181888,70.0,0.0,0.3399886072735221,-0.3352164224800899,0.3399886072735221,0.3352164224800899,61.77,12.0,6.791929585152837,1.157,47.339700000000015
CN1c2c([nH]c(N)nc2=O)NCC1CNc1ccc(C(=O)NC(CCC(=O)O)C(=O)O)cc1,0,0.2602219511944766,15.666666666666666,459.46300000000025,434.26300000000026,459.1866315199999,176.0,0.0,0.3257212005941315,-0.4812292557834712,0.4812292557834712,0.3257212005941315,202.76999999999995,33.0,7.004991834617275,-0.25769999999999715,120.64230000000005
O=C(O)CNC(=O)c1ccccc1,0,0.7096286993577655,9.23076923076923,179.175,170.10299999999998,179.058243148,68.0,0.0,0.32248054864037684,-0.4799303231970971,0.4799303231970971,0.32248054864037684,66.4,13.0,3.0250880329990903,0.5009999999999994,46.411000000000016
O=C(NCCS(=O)(=O)c1ccc(C(F)(F)F)cn1)c1ccc(Cl)cc1,0,0.8483807666580057,12.0,392.78600000000006,380.69000000000005,392.020925584,134.0,0.0,0.41739019296147783,-0.3510036162140354,0.41739019296147783,0.3510036162140354,76.13,25.0,5.685253206547149,2.9575000000000014,85.07700000000001
COc1cccc2c1c(=O)c(C(=O)N(C)c1ccc(C(F)(F)F)cc1)c(O)n2C,0,0.7222861295052183,11.517241379310345,406.36,389.22400000000005,406.11404168400003,152.0,0.0,0.41591206637770894,-0.49590450937845026,0.49590450937845026,0.41591206637770894,71.77000000000001,29.0,4.996757872188996,3.5481000000000016,101.58330000000004
CCOC(=O)C(CCc1ccccc1)NC1CSC(c2cccs2)CN(CC(=O)O)C1=O,0,0.5091213011621881,19.90625,476.6200000000003,448.39600000000024,476.1439639959999,172.0,0.0,0.32270077335264663,-0.47992497757415586,0.47992497757415586,0.32270077335264663,95.94,32.0,9.1330534143314,2.9719000000000007,125.84150000000008
CCOc1ccc(Cc2cc([C@@H]3O[C@H](CO)[C@@H](O)[C@H](O)[C@H]3O)ccc2Cl)cc1,0,0.5818339767551266,27.571428571428573,408.87800000000004,383.6780000000001,408.1339662,152.0,0.0,0.11878970901804975,-0.4938897613729476,0.4938897613729476,0.11878970901804975,99.38000000000001,28.0,6.929996606431197,1.8443999999999996,104.58920000000002
COc1cc2ncc(-c3ccccc3)nc2cc1OC,1,0.7291625080611585,10.5,266.3,252.18799999999996,266.105527688,100.0,0.0,0.16252912957896146,-0.49278422194048643,0.49278422194048643,0.16252912957896146,44.24000000000001,20.0,3.2084827346547264,3.314000000000002,78.07800000000005
CCC(C)C(C(CC(=O)N1CCCC1C(OC)C(C)C(=O)NC(Cc1ccccc1)c1nccs1)OC)N(C)C(=O)C(NC(=O)C(C(C)C)N(C)C)C(C)C,1,0.17694210199014707,19.036363636363635,785.1089999999998,716.5649999999998,784.492104896,308.0,0.0,0.24500434724184939,-0.3787661462396901,0.3787661462396901,0.24500434724184939,133.41,55.0,18.22084631280028,5.190400000000006,218.34839999999912
CCc1cccc2c3c([nH]c12)C(CC)(CC(=O)O)OCC3,0,0.9057842881790305,21.428571428571427,287.35900000000004,266.191,287.152143532,112.0,0.0,0.30620151899780573,-0.48114130189667925,0.48114130189667925,0.30620151899780573,62.32000000000001,21.0,3.4930247573164275,3.383000000000002,81.55450000000005
O=c1[nH]c(=O)c2c[nH]nc2[nH]1,0,0.44866812387763694,10.545454545454545,152.113,148.081,152.033425368,56.0,0.0,0.3268932653291023,-0.28984077420541277,0.3268932653291023,0.28984077420541277,94.4,11.0,0.973544860831364,-1.0605000000000004,37.3351
NCCCCCC(=O)O,0,0.5365844185944308,9.444444444444445,131.175,118.07099999999997,131.094628656,54.0,0.0,0.30283956335443907,-0.4812303897671254,0.4812303897671254,0.30283956335443907,63.32000000000001,9.0,5.212165500224315,0.5901000000000001,35.158199999999994
CCCCCOc1ccc(-c2cc(-c3ccc(C(=O)NC4CC(O)C(O)NC(=O)C5C(O)C(C)CN5C(=O)C(C(O)CC(N)=O)NC(=O)C(C(O)C(O)c5ccc(O)c(OS(=O)(=O)O)c5)NC(=O)C5CC(O)CN5C(=O)C(C(C)O)NC4=O)cc3)no2)cc1,0,0.033439666170639704,26.44943820224719,1270.2910000000004,1198.7229999999997,1269.438350532,484.0,0.0,0.446106809223278,-0.5042118879461746,0.5042118879461746,0.446106809223278,510.14,89.0,22.418419567776915,-3.9019999999999966,303.76020000000005
O=C(O)CNC(=O)c1nc(Cl)c2ccccc2c1O,0,0.738268330126833,10.368421052631579,280.66700000000003,271.59499999999997,280.02508444800003,98.0,0.0,0.32248158496391177,-0.5048347572133585,0.5048347572133585,0.32248158496391177,99.52000000000001,19.0,3.5242759589518724,1.4082,68.38680000000001
COc1cc2ncnc(Nc3ccc(O)cc3)c2cc1OC,0,0.720621229402163,10.454545454545455,297.3140000000001,282.19399999999996,297.11134134,112.0,0.0,0.16241567020986136,-0.5079643158299423,0.5079643158299423,0.16241567020986136,76.50000000000001,22.0,3.6546327064289046,3.0962000000000014,84.03150000000004
COC(=O)C1=C(C)N=C(C)C(C(=O)OC2CCCN(Cc3ccccc3)C2)C1c1cccc([N+](=O)[O-])c1,0,0.31098688239875466,22.243243243243242,505.5710000000002,474.3230000000004,505.221285712,194.0,0.0,0.3357411779273309,-0.4655873873691467,0.4655873873691467,0.3357411779273309,111.34,37.0,8.128597393914868,4.423900000000004,137.9853999999999
CCc1ccc(OCc2ccccc2C(=O)Nc2ccc3nc(C)cc(N)c3c2)cc1,1,0.4379463101604092,10.774193548387096,411.50500000000017,386.3050000000002,411.1946770400001,156.0,0.0,0.25556972020202723,-0.4888905550572211,0.4888905550572211,0.25556972020202723,77.24,31.0,5.845863473094405,5.5191200000000045,125.43960000000003
CC(=O)OC1=C2C(C)[C@@H](OC(=O)C(O)C(NC(=O)c3ccccc3)c3ccccc3)C[C@@](O)([C@@H](OC(=O)c3ccccc3)[C@@H]3[C@]4(OC(C)=O)CO[C@@H]4C[C@H](O)[C@@]3(C)C1=O)C2(C)C,0,0.16776846091652933,31.85483870967742,853.918,802.51,853.330955312,328.0,0.0,0.3380142328056634,-0.45964316727980237,0.45964316727980237,0.3380142328056634,221.28999999999996,62.0,11.804116429774341,3.940800000000003,217.39209999999937
COc1cccc(-c2ccc(C(Oc3cc(-c4ccc(CC(N)C(=O)O)cc4)nc(N)n3)C(F)(F)F)cc2)c1,0,0.27000474931337515,12.948717948717949,538.5260000000002,513.3260000000001,538.18278994,202.0,0.0,0.42929395739234005,-0.4967454765567676,0.4967454765567676,0.42929395739234005,133.57999999999998,39.0,8.00714700512947,5.0382000000000025,139.0496
CCOc1cc2ncc(C#N)c(Nc3ccc(F)c(Cl)c3)c2cc1NC(=O)C=CCN(C)C,1,0.44792324774633824,11.06060606060606,467.9320000000002,444.7480000000002,467.15243087600004,170.0,0.0,0.2476891905287519,-0.49161715695475083,0.49161715695475083,0.2476891905287519,90.27999999999999,33.0,7.825297504813717,5.097580000000004,128.64340000000004
CCCCCCCCCCCCCCCCCC(=O)O,1,0.3360419785922725,10.85,284.4839999999999,248.19599999999994,284.271530392,120.0,0.0,0.3028395565321837,-0.481230389785217,0.481230389785217,0.3028395565321837,37.3,20.0,16.086252092582573,6.332500000000007,87.18180000000008
COc1cc(-c2ncn(C=CC(=O)OC(C)C)n2)cc(C(F)(F)F)c1,1,0.6075075195423052,11.96,355.31600000000003,339.188,355.114376032,134.0,0.0,0.41606838029072346,-0.4967270226226321,0.4967270226226321,0.41606838029072346,66.24000000000001,25.0,5.453118795952849,3.394800000000002,83.57000000000002
CC(C(=O)O)c1cccc(Oc2ccccc2)c1,0,0.8893527006971172,11.833333333333334,242.274,228.16199999999995,242.094294308,92.0,0.0,0.3101877231287264,-0.480788488863292,0.480788488863292,0.3101877231287264,46.53,18.0,3.6260136902704097,3.6670000000000016,69.00880000000004
Oc1cccc2cccnc12,0,0.614103356782718,10.181818181818182,145.16099999999997,138.105,145.052763844,54.0,0.0,0.14129788011909655,-0.505666646136573,0.505666646136573,0.14129788011909655,33.120000000000005,11.0,1.2516360978386867,1.9403999999999995,43.407800000000016
CC(=O)Nc1ccc(C(=O)NC(C)(C)C)cc1,1,0.823563550096589,10.823529411764707,234.29899999999998,216.15499999999997,234.136827816,92.0,0.0,0.25117927919346666,-0.34744334448858516,0.34744334448858516,0.25117927919346666,58.2,17.0,3.8852046856178095,2.1733000000000002,67.96490000000003
OCCOc1ccc(C(=C(CCCl)c2ccccc2)c2ccccc2)cc1,1,0.40535575846342947,11.777777777777779,378.899,355.71500000000015,378.138657656,138.0,0.0,0.11896143926706085,-0.49120581510134614,0.49120581510134614,0.11896143926706085,29.46,27.0,7.088372400113254,5.645700000000005,113.15980000000002
CC(C)(C)NC(=O)C1CCC2C3CCC4NC(=O)C=CC4(C)C3CCC12C,0,0.7351466700288802,46.111111111111114,372.55300000000017,336.2650000000001,372.277678392,150.0,0.0,0.2434237067969698,-0.3512502958328486,0.3512502958328486,0.2434237067969698,58.2,27.0,4.287452582619583,3.8145000000000024,106.84240000000007
O=C(Nc1cccc2c(=O)cc(-c3nn[nH]n3)oc12)c1ccc(OCCCCc2ccccc2)cc1,1,0.2943508195259522,10.88888888888889,481.51200000000034,458.3280000000004,481.175004216,180.0,0.0,0.25526578958376056,-0.4936008288402452,0.4936008288402452,0.25526578958376056,123.00000000000001,36.0,6.7930963969050575,4.627100000000003,134.9258999999999
Nc1nc(=S)c2[nH]cnc2[nH]1,0,0.5014913838271434,10.545454545454545,167.197,162.157,167.02656616,56.0,0.0,0.2000078297833478,-0.36931000636933453,0.36931000636933453,0.2000078297833478,83.38,11.0,1.1585806680603477,0.5976899999999998,43.4858
CC(C)c1ccc(C(=O)N=C(N)N)cc1S(C)(=O)=O,0,0.6230903862266703,11.368421052631579,283.353,266.217,283.099062404,104.0,0.0,0.27971572361708963,-0.3697487322814659,0.3697487322814659,0.27971572361708963,115.60999999999999,19.0,4.307231316107249,0.6271000000000004,73.78110000000002
Cc1c(Cl)cccc1Nc1ccccc1C(=O)O,1,0.8748545232166112,10.11111111111111,261.70799999999997,249.61199999999994,261.055656304,92.0,0.0,0.3373097462582849,-0.47758334051757506,0.47758334051757506,0.3373097462582849,49.33,18.0,3.5322952710495965,4.090220000000002,72.87300000000003
O=C(O)c1cc(N=Nc2ccc(O)c(C(=O)O)c2)ccc1O,0,0.6399634717122534,10.727272727272727,302.242,292.16200000000003,302.05388603999995,112.0,0.0,0.33905109012991247,-0.5070501087087479,0.5070501087087479,0.33905109012991247,139.78,22.0,4.0280872560783445,2.9096000000000006,74.30820000000001
CON=C(C(=O)NC1C(=O)N2C(C(=O)O)=C(CSC(=O)c3ccco3)CSC12)c1csc(N)n1,0,0.2551659531538739,19.970588235294116,523.5740000000002,506.4380000000003,523.0290108840001,178.0,0.0,0.35215850253592135,-0.47656067827794785,0.47656067827794785,0.35215850253592135,177.42000000000002,34.0,6.945763962888236,0.9809999999999997,125.2534
NCCCC(O)(P(=O)(O)O)P(=O)(O)O,0,0.32829033524227796,14.428571428571429,249.096,235.99199999999996,249.016725016,86.0,0.0,0.3689345258900846,-0.3675233311983124,0.3689345258900846,0.3675233311983124,161.30999999999997,14.0,4.4530202342955585,-1.2731999999999999,47.32640000000002
CCOC(=O)C1=CCCCC1S(=O)(=O)Nc1ccc(F)cc1Cl,0,0.8168567572054815,18.217391304347824,361.822,344.68600000000004,361.055084924,126.0,0.0,0.3345781159541345,-0.462600657622551,0.462600657622551,0.3345781159541345,72.47,23.0,5.644088856892728,3.2628000000000013,86.30750000000003
CC(CN1CC(=O)NC(=O)C1)N1CC(=O)NC(=O)C1,0,0.5400927830602833,24.05263157894737,268.27299999999997,252.14499999999998,268.117154992,104.0,0.0,0.24028573587221233,-0.2942076749571443,0.2942076749571443,0.24028573587221233,98.82,19.0,3.910764884002976,-2.708299999999996,63.77440000000002
CC(C)Nc1cc(-c2c[nH]c(C(=O)N[C@H](CO)c3cccc(Cl)c3)c2)c(Cl)cn1,1,0.43615530009455106,12.068965517241379,433.3390000000001,411.1630000000001,432.111981304,152.0,0.0,0.2677753627711291,-0.3938758893199096,0.3938758893199096,0.2677753627711291,90.04,29.0,6.794513985984028,4.667200000000003,116.5374
COc1cc(OC)c2c(=O)[nH]c(-c3cc(C)c(OCCO)c(C)c3)nc2c1,0,0.6927165177182298,10.851851851851851,370.40500000000014,348.2290000000001,370.152871804,142.0,0.0,0.2623190728005094,-0.4965416393255876,0.4965416393255876,0.2623190728005094,93.67,27.0,5.31960361507445,2.5952400000000004,102.95850000000003
CSc1nc2cc(Cl)c(Oc3cccc(Cl)c3Cl)cc2[nH]1,0,0.5794661724334339,11.047619047619047,359.665,350.593,357.9501169480001,108.0,0.0,0.16559193941225228,-0.45409528395556337,0.45409528395556337,0.16559193941225228,37.91,21.0,4.221096924920833,6.037300000000002,89.42070000000001
N=C(CCSCc1csc(N=C(N)N)n1)NS(N)(=O)=O,0,0.2531425773300557,11.05,337.456,322.33600000000007,337.04493572,112.0,0.0,0.2969496140936173,-0.3697711740364579,0.3697711740364579,0.2969496140936173,173.32999999999998,20.0,6.191578341833315,-0.5583299999999989,82.33239999999999
O=c1[nH]c(=O)n(C2CCCO2)cc1F,0,0.6927125296086032,21.357142857142858,200.16899999999998,191.09699999999995,200.059720368,76.0,0.0,0.33012120675905715,-0.35786484861360124,0.35786484861360124,0.33012120675905715,64.09,14.0,2.2030073537104595,-0.015300000000000313,45.503700000000016
CCCNC1CCc2nc(N)sc2C1,0,0.7978726845629878,20.785714285714285,211.33399999999997,194.19799999999998,211.11431854399999,78.0,0.0,0.1799801793689556,-0.37510220076428546,0.37510220076428546,0.1799801793689556,50.94,14.0,3.0313543250461246,1.5822,60.63310000000003
CN1CCC(c2c(O)cc(O)c3c(=O)cc(-c4ccccc4Cl)oc23)C(O)C1,1,0.6095989367593201,20.535714285714285,401.8460000000001,381.6860000000001,401.10300041999994,146.0,0.0,0.19659139338443518,-0.5073732324029954,0.5073732324029954,0.19659139338443518,94.14,28.0,4.7871441616773245,3.3046000000000015,107.12140000000004
CN(C)C(=O)COC(=O)Cc1ccc(OC(=O)c2ccc(N=C(N)N)cc2)cc1,0,0.30688319578307444,10.0,398.4190000000001,376.2430000000001,398.1590198040001,152.0,0.0,0.3430241826231637,-0.45531727985986,0.45531727985986,0.3430241826231637,137.31,29.0,7.29940361969458,0.9846000000000001,106.66930000000002
CCC(=O)OC1(C(=O)CCl)C(C)CC2C3CC(F)C4=CC(=O)C=CC4(C)C3(F)C(O)CC21C,0,0.4806760513310261,48.42424242424242,484.9670000000002,453.7190000000003,484.182808212,182.0,0.0,0.30602663279417824,-0.4500880492082856,0.4500880492082856,0.30602663279417824,80.67,33.0,5.725172024557183,4.0511000000000035,118.02180000000004
OCC(CO)NC1CC(O)(CO)C(O)C(O)C1O,0,0.24788620199052747,41.333333333333336,267.278,246.10999999999996,267.13180201200004,108.0,0.0,0.11761420655425456,-0.39466280065146053,0.39466280065146053,0.11761420655425456,153.64,18.0,5.436701026086308,-4.492399999999994,59.55630000000005
OC(c1cc(C(F)(F)F)nc2c(C(F)(F)F)cccc12)C1CCCCN1,1,0.7594432549357207,20.346153846153847,378.31600000000014,362.18800000000016,378.116682452,142.0,0.0,0.4328703916967415,-0.38675647277610126,0.4328703916967415,0.38675647277610126,45.150000000000006,26.0,4.869422539057487,4.447900000000003,82.34850000000002
COC(=O)C=CC(=O)OC,1,0.40047702269500696,9.4,144.12599999999998,136.06199999999998,144.042258736,56.0,0.0,0.33022984062525484,-0.4658481919045921,0.4658481919045921,0.33022984062525484,52.60000000000001,10.0,3.9481570506912425,-0.11140000000000017,33.172
CC(C)(C)c1cnc(CSc2cnc(NC(=O)C3CCNCC3)s2)o1,1,0.770773758794448,16.12,380.53900000000016,356.3470000000001,380.13406800799993,136.0,0.0,0.2288630105929113,-0.4442624585278635,0.4442624585278635,0.2288630105929113,80.05,25.0,5.806763454159924,3.6590000000000016,101.10140000000004
O=C(O)c1cc(-c2ccccc2)nc2ccccc12,0,0.7544966330543794,10.526315789473685,249.269,238.18099999999995,249.078978592,92.0,0.0,0.3359548128178103,-0.477621656133054,0.477621656133054,0.3359548128178103,50.19,19.0,2.723994188838128,3.6000000000000014,74.13830000000003
CC12CCC3c4ccc(O)cc4CCC3C1CCC2OC(=O)CCC1CCCC1,0,0.6227170001015172,36.310344827586206,396.57100000000025,360.28300000000013,396.26644501199996,158.0,0.0,0.3055851425567407,-0.5079560321952997,0.5079560321952997,0.3055851425567407,46.53,29.0,5.119324124840921,6.130500000000006,113.79580000000007
CC(=O)OCC(=O)C1(O)CCC2C3CC=C4CC(=O)C=CC4(C)C3C(O)CC21C,0,0.5540122629603158,45.689655172413794,402.48700000000014,372.2470000000002,402.20423868,158.0,0.0,0.3025656724874257,-0.45774192706811156,0.45774192706811156,0.3025656724874257,100.90000000000002,29.0,4.666544426692496,2.1284,104.59560000000003
O=C(Nc1cc(Cl)cc2c1[nH]c1cnccc12)c1cccnc1,1,0.5853376414002603,11.0,322.75500000000005,311.66700000000003,322.06213865200004,112.0,0.0,0.25678410187844974,-0.35154792093377135,0.35154792093377135,0.25678410187844974,70.67,23.0,3.204033547576636,4.016800000000002,90.7999
CCCC(NC(C)C(=O)N1C(C(=O)O)CC2CCCCC21)C(=O)OCC,1,0.6358209968803862,27.5,368.47400000000016,336.2180000000001,368.23112212399997,148.0,0.0,0.3259401545385409,-0.4797118379349922,0.4797118379349922,0.3259401545385409,95.94000000000001,26.0,7.434970205804506,1.940599999999999,96.55950000000006
O=C(NS(=O)(=O)c1ccc(Br)s1)c1ccc(Cl)cc1Cl,0,0.8266844069205077,11.35,415.1170000000001,409.0690000000001,412.83495251200003,106.0,0.0,0.2733532240608727,-0.2681534946587692,0.2733532240608727,0.2681534946587692,63.24,20.0,4.756814303788974,3.9361000000000006,83.133
Oc1cn2c(n1)Nc1ccc(Cl)c(Cl)c1C2,0,0.6495979418984226,12.875,256.092,249.036,254.996617204,82.0,0.0,0.23053189131331653,-0.49215001164023703,0.49215001164023703,0.23053189131331653,50.08,16.0,2.022909063354353,3.000800000000001,62.738500000000016
O=C(O)c1cc(I)ccc1NC(=O)C(Cc1ccccc1)NCc1ccccc1,0,0.4028133314922839,11.620689655172415,500.3360000000002,479.16800000000035,500.05969053200005,148.0,0.0,0.33734962671059476,-0.47758288804710647,0.47758288804710647,0.33734962671059476,78.43,29.0,7.373224852030799,4.329000000000003,121.9637
C[S+]([O-])CCCCN=C=S,0,0.27406830271590615,12.2,177.294,166.20600000000002,177.028205972,58.0,0.0,0.10489961609472984,-0.6165537221561429,0.6165537221561429,0.10489961609472984,35.42,10.0,7.299186948408341,1.2479,48.06040000000003
CC(=O)OCC(=O)C1(O)CCC2C3CC=C4CC(=O)CCC4(C)C3C(=O)CC21C,0,0.5755108343309902,43.724137931034484,402.48700000000025,372.2470000000002,402.20423868,158.0,0.0,0.3025656724941941,-0.4577419250896877,0.4577419250896877,0.3025656724941941,97.74000000000001,29.0,4.649133828736533,2.560600000000001,103.68980000000006
C=CCNc1c(O)cc2c(O)c1C=C(C)CC(OC)C(O)C(C)C=C(C)C(OC(N)=O)C(OC)C=CCC(C)C(=O)N2,1,0.15957634767753243,26.023809523809526,587.7140000000002,542.3540000000004,587.3206653999999,232.0,0.0,0.4047040132924042,-0.505678194296103,0.505678194296103,0.4047040132924042,172.6,42.0,13.104176794598366,4.4608000000000025,163.2551999999997
CCCC(NC(=O)C1C2CCCC2CN1C(=O)C(NC(=O)C(NC(=O)c1cnccn1)C1CCCCC1)C(C)(C)C)C(=O)C(=O)NC1CC1,0,0.2296749085578938,24.244897959183675,679.8629999999999,626.4390000000002,679.4057324160001,268.0,0.0,0.28932074994053414,-0.3467003854047029,0.3467003854047029,0.28932074994053414,179.56,49.0,11.700845823447246,2.4459000000000035,180.5892999999995
CNS(=O)(=O)Cc1ccc2[nH]cc(CCN(C)C)c2c1,0,0.8445712183265353,12.4,295.408,274.24,295.135447912,110.0,0.0,0.2150252819796549,-0.36088894817480094,0.36088894817480094,0.2150252819796549,65.2,20.0,4.469315352482212,1.3211999999999997,82.24020000000004
COc1cc2c(c(OC)c1OC)-c1ccc(OC)c(=O)cc1C(NC(C)=O)CC2,0,0.8325220081385356,14.724137931034482,399.4430000000002,374.24300000000017,399.16818752,154.0,0.0,0.22021569346160344,-0.49270383913776233,0.49270383913776233,0.22021569346160344,83.09,29.0,5.960100680928495,2.871600000000001,109.23470000000006
O=C(C=Cc1ccc(O)c(O)c1)OC(Cc1ccc(O)c(O)c1)C(=O)O,0,0.29764821037336514,12.0,360.3180000000001,344.1900000000001,360.0845174719999,136.0,0.0,0.3448838304933108,-0.504259893027059,0.504259893027059,0.3448838304933108,144.52,26.0,5.689351588075689,1.7612999999999996,89.79700000000004
CC(N)(Cc1ccc(O)c(O)c1)C(=O)O,0,0.5430485662212737,14.533333333333333,211.21699999999998,198.11299999999994,211.084457896,82.0,0.0,0.3232284756062487,-0.5042598930766835,0.5042598930766835,0.3232284756062487,103.78000000000002,15.0,2.854671364236354,0.4423000000000001,53.703800000000015
O=C(Nc1ncc([N+](=O)[O-])s1)c1ccccc1O,1,0.6518867096514126,10.0,265.25,258.19399999999996,265.01572670400003,92.0,0.0,0.34518081377711973,-0.5071215393054038,0.5071215393054038,0.34518081377711973,105.36,18.0,3.195786246293344,2.0092000000000003,64.82840000000002
O=C(NN=Cc1ccc([N+](=O)[O-])o1)c1ccc(O)cc1,0,0.499387662026941,10.6,275.21999999999997,266.14799999999997,275.05422038800003,102.0,0.0,0.4330616365483143,-0.5079661963975146,0.5079661963975146,0.4330616365483143,117.97,20.0,3.7527751318946416,1.6573,68.52940000000001
N#CCC(C1CCCC1)n1cc(-c2ncnc3[nH]ccc23)cn1,1,0.7996787783250496,16.652173913043477,306.37300000000005,288.229,306.159294576,116.0,0.0,0.14080562990731169,-0.34603466394432025,0.34603466394432025,0.14080562990731169,83.17999999999999,23.0,3.5416129326313,3.466380000000001,86.33470000000003
Cc1ccnc(NS(=O)(=O)c2ccc(N)cc2)n1,1,0.8107373568997642,11.166666666666666,264.31,252.21399999999997,264.068096624,94.0,0.0,0.26372352033167423,-0.39872771712743976,0.39872771712743976,0.26372352033167423,97.97,18.0,3.1548816542724536,1.16802,68.43190000000001
CO[C@@H](C)Cn1c(=O)n(C)c2cnc3ccc(-c4cncc(C(C)(C)O)c4)cc3c21,0,0.5503348028461786,13.266666666666667,406.48600000000016,380.2780000000002,406.20049069199996,156.0,0.0,0.32849270946893827,-0.38569519126413654,0.38569519126413654,0.32849270946893827,82.17,30.0,4.954479309283507,3.2125000000000012,117.42680000000003
CCn1c(C(=O)N(C2CC2)C2CC2)cc2c3c(ncn3C)c(Nc3cc(C)n(C)n3)nc21,0,0.5040438668001951,16.25,432.53200000000015,404.30800000000016,432.2386075160001,166.0,0.0,0.270557966315621,-0.3330073367578799,0.3330073367578799,0.270557966315621,85.8,32.0,4.119230360878391,3.495420000000002,123.12020000000008
CCOC(=O)C(CCc1ccccc1)NC(C)C(=O)N1CCCC1C(=O)O,0,0.6358354158694681,18.74074074074074,376.45300000000026,348.2290000000001,376.19982199599997,148.0,0.0,0.32591549414003096,-0.479712131669052,0.479712131669052,0.32591549414003096,95.94000000000001,27.0,7.786985271728444,1.6046,100.15250000000007
CC1(C)CCC2(C(=O)O)CCC3(C)C(C(=O)C=C4C5(C)C=C(C#N)C(=O)C(C)(C)C5CCC43C)C2C1,1,0.464926835680955,46.666666666666664,491.67200000000037,450.3440000000003,491.303558792,194.0,0.0,0.3094375310083119,-0.48081375624252765,0.48081375624252765,0.3094375310083119,95.22999999999999,36.0,5.090550401382068,6.2905800000000065,136.53379999999996
CCCSc1ccc2[nH]c(NC(=O)OC)nc2c1,0,0.8327124144827058,10.555555555555555,265.33799999999997,250.21799999999996,265.08849772,96.0,0.0,0.4131899633815872,-0.45257185717285403,0.45257185717285403,0.4131899633815872,67.01,18.0,4.089852191526831,3.2433000000000005,73.13640000000002
COc1c2ccoc2cc2oc(=O)ccc12,0,0.5863590335117103,11.0625,216.19199999999995,208.12799999999996,216.042258736,80.0,0.0,0.3356971075196222,-0.4952097058035285,0.4952097058035285,0.3356971075196222,52.580000000000005,16.0,1.766923817696769,2.5478000000000005,58.80800000000002
O=C(O)C(CC(=O)N1CC2CCCCC2C1)Cc1ccccc1,0,0.9085767639353318,24.956521739130434,315.41299999999995,290.213,315.18344366,124.0,0.0,0.30685406312582364,-0.48100723091510617,0.48100723091510617,0.30685406312582364,57.61,23.0,4.988169813898519,2.9686000000000012,87.91680000000005
CC(=O)O[C@@]12CO[C@@H]1C[C@H](O)[C@@]1(C)C(=O)C(=O)C3C(C)[C@@H](OC(=O)C(O)C(NC(=O)OC(C)(C)C)c4ccccc4)C[C@@](O)([C@@H](OC(=O)c4ccccc4)[C@H]21)C3(C)C,0,0.170727535222229,34.91379310344828,807.8900000000002,754.4659999999999,807.3466053760001,314.0,0.0,0.40774710721472524,-0.4599640069108067,0.4599640069108067,0.40774710721472524,221.28999999999996,58.0,11.207689779446007,3.4036000000000035,202.55859999999936
Nc1nc(=O)c2ncn(CCC(CO)CO)c2[nH]1,0,0.5232780259906572,11.5,253.26199999999997,238.14199999999997,253.11748934,98.0,0.0,0.30212241584389576,-0.39599633541503554,0.39599633541503554,0.30212241584389576,130.05,18.0,3.583043664479749,-1.3073,64.83970000000002
Cc1nc(N(C)C(=O)Cc2ccc(-c3ccccn3)cc2)sc1S(N)(=O)=O,0,0.7050703221936525,11.37037037037037,402.50100000000015,384.357,402.08203243599996,140.0,0.0,0.24899345802789324,-0.2909373457816006,0.2909373457816006,0.24899345802789324,106.25,27.0,5.355778604240766,2.36642,105.01120000000003
O=C(O)CNC(=O)c1ncc(-c2cccc(Cl)c2)cc1O,0,0.8011348868798526,10.142857142857142,306.70500000000004,295.617,306.040734512,108.0,0.0,0.3224815849154901,-0.5054461752797633,0.5054461752797633,0.3224815849154901,99.52000000000001,21.0,4.393689716888578,1.9219999999999993,76.31680000000003
CN1CCC(=C2c3ccccc3CCn3c(C=O)cnc32)CC1,0,0.7604480046242431,18.304347826086957,307.39700000000005,286.229,307.168462292,118.0,0.0,0.16760239644052088,-0.3214769556268685,0.3214769556268685,0.16760239644052088,38.13,23.0,3.6168822167206955,2.7792000000000012,90.51350000000005
CCC1(O)CC2CN(CCc3c([nH]c4ccccc34)C(C(=O)OC)(c3cc4c(cc3OC)N(C)C3C(O)(C(=O)OC)C(OC(C)=O)C5(CC)C=CCN6CCC43C65)C2)C1,0,0.179801053533736,36.96610169491525,810.9889999999998,752.5249999999999,810.420379436,316.0,0.0,0.34361122632259017,-0.4963433590476222,0.4963433590476222,0.34361122632259017,154.10000000000002,59.0,9.357128052523896,3.9909000000000034,220.4282999999993
Cc1cc(Nc2ncc(Cl)c(Nc3ccccc3S(=O)(=O)C(C)C)n2)c(OC(C)C)cc1C1CCNCC1,1,0.2788737905378975,14.631578947368421,558.1480000000001,521.8600000000004,557.222738692,204.0,0.0,0.2288400166385949,-0.4888217167568056,0.4888217167568056,0.2288400166385949,105.24000000000001,38.0,8.799085256045789,6.361920000000006,154.15889999999973
COc1cc(O)c(C(=O)Nc2nc(C(=O)NCCN(C(C)C)C(C)C)cs2)cc1OC,0,0.5099698024928728,11.129032258064516,450.56100000000015,420.3210000000002,450.19369106,170.0,0.0,0.27038500130692167,-0.5069722394448437,0.5069722394448437,0.27038500130692167,113.02000000000001,31.0,8.636798674955555,2.966800000000001,120.58920000000003
COc1ccc2c(OCc3nnc4ccc(-c5ccccc5)nn34)ccnc2c1,0,0.457824714706536,11.068965517241379,383.41100000000006,366.2750000000001,383.1382247840001,142.0,0.0,0.19184595771159835,-0.49668552489629914,0.49668552489629914,0.19184595771159835,74.43,29.0,4.249490193387618,3.927100000000002,108.84500000000001
CCC1[C@@H](O)[C@@H](O)O[C@@H](O[C@H]2C(C(=O)O)OC(OC)[C@@H](O)[C@@H]2O)[C@@H]1NC(C)=O,0,0.2646385590490458,44.107142857142854,409.3880000000001,382.17200000000014,409.158410684,162.0,0.0,0.33530420764213686,-0.47924258486760857,0.47924258486760857,0.33530420764213686,184.24,28.0,7.699035224140867,-2.8841999999999945,88.46470000000004
Clc1ccc(COC(Cn2ccnc2)c2ccc(Cl)cc2Cl)c(Cl)c1,0,0.4616906207935435,12.32,416.1350000000001,402.0230000000001,413.98602378799995,130.0,0.0,0.10225218684250395,-0.3668665556654228,0.3668665556654228,0.10225218684250395,27.05,25.0,6.260779457593519,6.454800000000002,102.68100000000003
CN(C)CCN1C(=O)c2cccc3cc(N)cc(c23)C1=O,1,0.6857922177304604,14.333333333333334,283.331,266.19499999999994,283.132076784,108.0,0.0,0.26100834988791594,-0.3986908108825653,0.3986908108825653,0.26100834988791594,66.64,21.0,3.1400692288332395,1.5796,82.28140000000005
CCN(C)C(=O)Oc1cccc(C(C)N(C)C)c1,0,0.8234224757170807,12.333333333333334,250.34199999999998,228.16599999999994,250.168127944,100.0,0.0,0.4144541548147783,-0.4102048843407939,0.4144541548147783,0.4102048843407939,32.78,18.0,5.160004108241942,2.7597000000000014,72.87200000000004
CC(C)(Oc1ccc(C2CC2(Cl)Cl)cc1)C(=O)O,0,0.8615348244596426,21.444444444444443,289.158,275.046,288.03199966799997,98.0,0.0,0.3469527260260042,-0.47830431383737004,0.47830431383737004,0.3469527260260042,46.53,18.0,3.2391330119299013,3.589800000000003,70.57980000000003
COCC(=O)Nc1c(I)c(C(=O)NCC(O)CO)c(I)c(C(=O)N(C)CC(O)CO)c1I,0,0.1647921655486171,12.78125,791.115,766.923,790.8697587279999,180.0,0.0,0.2554470676332239,-0.3936147042703631,0.3936147042703631,0.2554470676332239,168.66,32.0,13.082854186998688,-0.4065000000000002,140.57759999999996
CC(=O)C1CCC2C3CC=C4CC(=O)CCC4(C)C3CCC12C,0,0.6560565249909898,49.0,314.46900000000005,284.229,314.2245802,126.0,0.0,0.13648235782437113,-0.29969370555980174,0.29969370555980174,0.13648235782437113,34.14,23.0,3.4158165266818155,4.723500000000005,90.88100000000006
O=C(C=Cc1ccc(O)c(O)c1)OC1CC(O)(C(=O)O)CC(O)C1O,0,0.2340852797608433,29.48,354.31100000000004,336.1670000000001,354.09508215599993,136.0,0.0,0.3354322158217105,-0.504259631901577,0.504259631901577,0.3354322158217105,164.75,25.0,5.310640029454545,-0.6459000000000001,82.51880000000001
CCCOc1ccc(C(=O)OCCN(CC)CC)cc1N,0,0.5599065078286075,10.666666666666666,294.3949999999999,268.18699999999995,294.194342692,118.0,0.0,0.33774749848397323,-0.4914448538120787,0.4914448538120787,0.33774749848397323,64.79,21.0,7.608399191375407,2.5562000000000005,84.71090000000005
COc1cc2nc(N3CCN(C(=O)C4COc5ccccc5O4)CC3)nc(N)c2cc1OC,1,0.6334640734356928,17.696969696969695,451.4830000000003,426.28300000000024,451.1855689,172.0,0.0,0.2668914804037658,-0.4928420722519821,0.4928420722519821,0.2668914804037658,112.27000000000001,33.0,5.409341268984302,1.7177999999999993,122.20040000000006
COc1cc2c(cc1OC)CC(=O)N(CCCN(C)CC1Cc3cc(OC)c(OC)cc31)CC2,0,0.5333149482831276,16.941176470588236,468.59400000000034,432.3060000000003,468.26242225199996,184.0,0.0,0.22651344606268106,-0.4928592391708636,0.4928592391708636,0.22651344606268106,60.47000000000001,34.0,7.512358432185225,3.3100000000000023,131.639
C#C[C@]1(O)CC[C@H]2[C@@H]3CCC4=CCCC[C@@H]4[C@H]3CC[C@@]21C,0,0.5188295946741248,52.142857142857146,284.443,256.21899999999994,284.214015516,114.0,0.0,0.13033549187304444,-0.3770338699090017,0.3770338699090017,0.13033549187304444,20.23,21.0,3.0597463060653913,4.313500000000004,85.48580000000005
Clc1ccc2c(c1)C(N1CCNCC1)=Nc1ccccc1O2,0,0.8093498766353519,16.954545454545453,313.788,297.66,313.09818981199993,112.0,0.0,0.15264513990783043,-0.45432313146931597,0.45432313146931597,0.15264513990783043,36.86,22.0,3.482950853073307,3.4292000000000025,88.60770000000004
COc1cc(N2CCC(N3CCN(C)CC3)CC2)ccc1Nc1ncc(Cl)c(Nc2ccccc2S(=O)(=O)C(C)C)n1,1,0.3417369623091553,17.428571428571427,614.216,573.8960000000001,613.26018682,226.0,0.0,0.22883990294784226,-0.494498039677397,0.494498039677397,0.22883990294784226,102.92999999999999,42.0,9.413564056164095,5.024100000000003,169.67019999999954
NC1CN(c2c(F)cc3c(=O)c(C(=O)O)cn(C4CC4F)c3c2Cl)CC12CC2,0,0.813309053726354,27.571428571428573,409.8200000000002,391.67600000000016,409.100475556,148.0,0.0,0.3407231114857743,-0.47749702274698486,0.47749702274698486,0.3407231114857743,88.56,28.0,3.619695361858006,2.7026000000000012,100.54070000000003
OC(c1ccccc1)(c1ccccc1)C12CC[N+](CCOCc3ccccc3)(CC1)CC2,0,0.3976273688512239,25.03125,428.5960000000003,394.32400000000024,428.25840574808996,166.0,0.0,0.1208360642941817,-0.3797937092913037,0.3797937092913037,0.1208360642941817,29.46,32.0,5.8953849687361455,5.140000000000005,127.99320000000004
CC1=CC(=O)c2c(O)cccc2C1=O,1,0.6739307044863265,15.071428571428571,188.182,180.11799999999997,188.047344116,70.0,0.0,0.19020750505682266,-0.5071594928145706,0.5071594928145706,0.19020750505682266,54.37,14.0,1.7391390729043585,1.7175,50.52480000000002
O=C(O)C1(Cc2cccc(Nc3nccs3)n2)CCC(Oc2cccc(Cl)c2F)CC1,0,0.4685133967446258,20.903225806451612,461.94600000000025,440.77800000000025,461.097618432,162.0,0.0,0.3095320420764141,-0.48730298235856706,0.48730298235856706,0.3095320420764141,84.34,31.0,6.383329535355041,5.709300000000003,117.70050000000005
O=C(O)c1nn(Cc2ccc(Cl)cc2Cl)c2ccccc12,1,0.7903437394725362,10.952380952380953,321.16300000000007,311.0830000000001,320.01193292,106.0,0.0,0.35655650047446685,-0.47644359281482207,0.47644359281482207,0.35655650047446685,55.12,21.0,3.5727717392660416,4.089600000000002,82.25630000000004
O=C(O)C(=O)c1cn(Cc2ccccc2)c2ccc(-c3ccc(OC(F)(F)F)cc3)cc12,1,0.3172321156610763,11.46875,439.3890000000001,423.26100000000014,439.103142652,162.0,0.0,0.572596303414261,-0.4752293965882638,0.572596303414261,0.4752293965882638,68.53,32.0,5.439689400396105,5.522500000000003,111.56730000000002
Cc1ccccc1C(OCCN(C)C)c1ccccc1,0,0.7932087270574181,12.6,269.388,246.20399999999995,269.177964356,106.0,0.0,0.10785139431322041,-0.3674493358405652,0.3674493358405652,0.10785139431322041,12.47,20.0,5.332725609440943,3.662620000000003,83.97000000000006
OC1(c2ccc(Cl)c(C(F)(F)F)c2)CCN(CCCC(c2ccc(F)cc2)c2ccc(F)cc2)CC1,1,0.32345987253433395,16.444444444444443,523.9730000000002,496.75700000000035,523.170133264,192.0,0.0,0.4173538905140749,-0.38506856347232554,0.4173538905140749,0.38506856347232554,23.47,36.0,8.025134235696365,7.532700000000006,129.9018
CCC(CO)NCCNC(CC)CO,0,0.3896708755641931,15.428571428571429,204.314,180.12199999999999,204.183778008,86.0,0.0,0.05840349110550405,-0.39475654137109695,0.39475654137109695,0.05840349110550405,64.52,14.0,9.289755904211395,-0.292599999999999,58.33500000000005
Oc1ccc(OCc2ccccc2)cc1,0,0.8248951292816564,9.866666666666667,200.23700000000002,188.14099999999996,200.083729624,76.0,0.0,0.1195812234860055,-0.5079622349125147,0.5079622349125147,0.1195812234860055,29.46,15.0,2.882681479584704,2.9712000000000014,58.880800000000036
C[C@@H]1C/C=C\C=C/C=C\C=C/[C@H](O[C@@H]2O[C@H](C)[C@@H](O)[C@H](N)[C@@H]2O)C[C@@H]2O[C@](O)(C[C@@H](O)C[C@H]3O[C@@H]3/C=C\C(=O)O1)C[C@H](O)C2C(=O)O,0,0.15688887463487677,47.234042553191486,665.7330000000004,618.3570000000003,665.3047405639999,262.0,0.0,0.3302919930218035,-0.4808829835167391,0.4808829835167391,0.3302919930218035,230.98999999999995,47.0,13.065448458795565,0.11970000000000325,165.1591999999998
CC1(C)[C@@H](O[C@H]2OC(C(=O)O)[C@@H](O)[C@H](O)[C@H]2O[C@@H]2OC(C(=O)O)[C@@H](O)[C@H](O)[C@H]2O)CC[C@]2(C)C3C(=O)C=C4C5C[C@@](C)(C(=O)O)CC[C@]5(C)CC[C@@]4(C)[C@]3(C)CC[C@@H]12,0,0.17121034762756882,52.55172413793103,822.9419999999996,760.4459999999998,822.403785904,326.0,0.0,0.3352911272508451,-0.48082904355879025,0.48082904355879025,0.3352911272508451,267.03999999999996,58.0,10.709212511074863,2.245600000000003,199.4383999999995
NC(=O)Nc1[nH]c(=O)[nH]c1O,0,0.35589977343030077,9.454545454545455,158.117,152.069,158.043990052,60.0,0.0,0.32687677337399285,-0.49191794250743026,0.49191794250743026,0.32687677337399285,123.99999999999999,11.0,1.5474141934482646,-1.1008,36.284299999999995
CN(C)CCC(c1ccc(Br)cc1)c1ccccn1,0,0.8300542359520316,12.631578947368421,319.246,300.094,318.07316070800005,100.0,0.0,0.04783435039483815,-0.30936473198177533,0.30936473198177533,0.04783435039483815,16.130000000000003,19.0,5.110296268965976,3.9277000000000024,83.39300000000004
COc1ccc(-c2cc(=O)c3c(O)cc(O)cc3o2)cc1O,0,0.6723108130019759,10.772727272727273,300.266,288.17,300.063388104,112.0,0.0,0.19657917391888827,-0.5076781658604214,0.5076781658604214,0.19657917391888827,100.13000000000001,22.0,3.137416335993079,2.5854000000000004,79.46640000000002
O=S(=O)(O)c1cc(O)ccc1O,0,0.43825173977424664,11.416666666666666,190.176,184.12799999999996,189.993594292,66.0,0.0,0.2978537635634973,-0.5079149428274494,0.5079149428274494,0.2978537635634973,94.83000000000001,12.0,1.9480233501309243,0.34449999999999986,39.58620000000002
O=C1C(Cc2ccc(O)cc2)N2C(=O)CCN(C(=O)NCc3ccccc3)C2CN1Cc1cccc2ccccc12,0,0.37651811051237716,18.878048780487806,548.6430000000003,516.3870000000004,548.242355504,208.0,0.0,0.3188922537621381,-0.5079666451555879,0.5079666451555879,0.3188922537621381,93.19,41.0,7.289049617969777,4.2691000000000034,155.59849999999966
CC(O)Cn1cnc2c1c(=O)n(C)c(=O)n2C,0,0.7132465100276424,13.176470588235293,238.24699999999999,224.135,238.106590308,92.0,0.0,0.3317034348950534,-0.391558536611121,0.391558536611121,0.3317034348950534,82.05000000000001,17.0,2.6225118625613715,-1.1855,61.895800000000015
NC(=O)c1ccccc1,0,0.5859367170668044,8.88888888888889,121.13899999999995,114.08299999999998,121.052763844,46.0,0.0,0.24819511424564836,-0.3655995116322135,0.3655995116322135,0.24819511424564836,43.09,9.0,1.491717149964678,0.7855000000000001,34.95990000000001
O=C(O)C(Cc1ccccc1[N+](=O)[O-])=NNc1nc(-c2ccc(Cl)c(Cl)c2)cs1,0,0.2925314850885019,11.310344827586206,451.29100000000017,439.19500000000016,449.995631224,148.0,0.0,0.3519111284281779,-0.4766962902569271,0.4766962902569271,0.3519111284281779,117.72,29.0,6.424790056000499,5.120300000000002,113.06389999999999
CC(C)C(N)C(=O)OCCOCn1cnc2c(=O)[nH]c(N)nc21,0,0.44214276395859164,12.695652173913043,324.341,304.18100000000004,324.15460312000005,126.0,0.0,0.32275628263485,-0.46206895361928013,0.46206895361928013,0.32275628263485,151.14000000000004,23.0,5.292200355739692,-0.7975999999999985,82.28550000000001
Cc1c[nH]c(-c2cnc(NCCNc3ccc(C#N)cn3)nc2-c2ccc(Cl)cc2Cl)n1,0,0.331308710882763,10.5625,465.3480000000001,447.2040000000001,464.103147936,160.0,0.0,0.22279960783293098,-0.36830640958356603,0.36830640958356603,0.22279960783293098,115.2,32.0,6.495326059225949,4.939600000000002,125.73809999999999
Nc1nc(=O)n(C2CSC(CO)O2)cc1F,0,0.7349748054075844,24.875,247.25099999999998,237.17099999999996,247.0426904,88.0,0.0,0.3513508746598313,-0.39275837743665254,0.39275837743665254,0.3513508746598313,90.37,16.0,3.1251440217687128,-0.4550000000000003,56.32120000000001
CNC(=O)c1ccc2cc(C3(O)CCn4cncc43)ccc2c1,0,0.7611110989017532,19.73913043478261,307.353,290.21700000000004,307.132076784,116.0,0.0,0.2505422019463211,-0.37871797048571454,0.37871797048571454,0.2505422019463211,67.15,23.0,2.9910221906782097,2.0355,87.18100000000003
CCCCCCCCCCCCCCCC(=O)OCC=C(C)C=CC=C(C)C=CC1=C(C)CCCC1(C)C,0,0.08987434515285701,16.68421052631579,524.8740000000004,464.39400000000035,524.45933116,216.0,0.0,0.30559466598788376,-0.46142063590596905,0.46142063590596905,0.30559466598788376,26.3,38.0,18.941752543345487,11.542499999999986,167.39699999999962
Nc1ccn(C2CSC(CO)O2)c(=O)n1,0,0.7038615838122526,25.666666666666668,229.261,218.17299999999997,229.052112212,82.0,0.0,0.35114912918772007,-0.3927583774368384,0.3927583774368384,0.35114912918772007,90.36999999999999,15.0,2.9402050856666646,-0.5941000000000001,56.36320000000001
Cc1c[nH]c(=Cc2c(O)[nH]c3ccccc23)c1=CCC(=O)O,0,0.5915835294888152,13.136363636363637,296.326,280.198,296.11609237199997,112.0,0.0,0.3067226155668764,-0.49412959296041337,0.49412959296041337,0.3067226155668764,89.11,22.0,3.4651758197819276,1.59402,85.02800000000005
CN1[C@@H]2C[C@@H](O)C[C@H]1[C@@H]1O[C@@H]12,0,0.48306603427865713,61.09090909090909,155.19699999999997,142.09299999999996,155.094628656,62.0,0.0,0.10133454847686843,-0.3930033998839452,0.3930033998839452,0.10133454847686843,36.0,11.0,1.0400165750097152,-0.40890000000000004,39.240800000000014
CC(=CC(C)C=CC(O)=NO)C(=O)c1ccc(N(C)C)cc1,1,0.21081533266480965,14.181818181818182,302.374,280.19800000000004,302.163042564,118.0,0.0,0.24674746805809783,-0.4912187612601533,0.4912187612601533,0.24674746805809783,73.13000000000001,22.0,6.378724839665935,3.4196000000000026,89.01080000000005
CN[C@@H]1[C@H](O)[C@H](NC)[C@H]2O[C@@]3(O)C(=O)C[C@@H](C)O[C@H]3O[C@@H]2[C@H]1O,0,0.3608202823251693,53.56521739130435,332.353,308.161,332.158351108,132.0,0.0,0.27954904440025696,-0.3896580846291383,0.3896580846291383,0.27954904440025696,129.51,23.0,4.491004487149899,-2.9255999999999953,76.36380000000004
COC(=O)C1C=C2CC(=O)CCC2(C)C23OC2CC2(C)C(CC[C@]24CCC(=O)O4)C13,0,0.37248943049093053,53.233333333333334,414.4980000000003,384.2580000000002,414.20423867999995,162.0,0.0,0.3124264442244966,-0.46855360762019355,0.46855360762019355,0.3124264442244966,82.2,30.0,3.526874962623317,3.124500000000002,105.15300000000008
C[C@H]1CCC/C=C/[C@@H]2C[C@H](O)C[C@H]2[C@H](O)/C=C/C(=O)O1,1,0.5256552133252202,42.55,280.36400000000003,256.17199999999997,280.167459248,112.0,0.0,0.33027928653821137,-0.4595213822074353,0.4595213822074353,0.33027928653821137,66.76,20.0,5.375447939237906,1.9624,75.91260000000003
CCOC(=O)C1=C(C)N=C(C)C(C(=O)OC)C1c1cccc(Cl)c1Cl,0,0.7310099839414338,20.16,384.259,365.1070000000001,383.069113448,134.0,0.0,0.33600781077594877,-0.4684884066264042,0.4684884066264042,0.33600781077594877,64.96,25.0,6.246949467597347,4.177800000000004,97.15100000000004
C=CC(=O)Nc1cccc(Oc2nc(Nc3ccc(N4CCN(C)CC4)cc3)nc3ccsc23)c1,1,0.3516294002301692,14.028571428571428,486.6010000000003,460.39300000000026,486.183795072,178.0,0.0,0.24726456668065452,-0.4373389512139541,0.4373389512139541,0.24726456668065452,82.61999999999999,35.0,6.601384884104714,5.103500000000004,142.19239999999985
CC(C(=O)O)c1ccc2c(c1)[nH]c1ccc(Cl)cc12,0,0.7364039910992084,12.947368421052632,273.719,261.623,273.05565630399997,96.0,0.0,0.3101866893132586,-0.4807884945623711,0.4807884945623711,0.3101866893132586,53.089999999999996,19.0,2.7160301635508795,4.162600000000002,76.86550000000003
C=C1C(=CC=C2CCCC3(C)C2CCC3C(C)C=CC(C)C(C)C)CC(O)CC1O,1,0.4986560295856185,39.8,412.6580000000002,368.30600000000015,412.3341306479999,168.0,0.0,0.08113023624950191,-0.3926695701416229,0.3926695701416229,0.08113023624950191,40.46,30.0,7.509506013988096,6.6118000000000094,127.03160000000007
CCCCCCCCCCCCCCCC(=O)OC,1,0.30139776583567224,10.631578947368421,270.45699999999994,236.18499999999995,270.255880328,114.0,0.0,0.3050018388563536,-0.46899542782059145,0.46899542782059145,0.3050018388563536,26.3,19.0,15.094112683397105,5.640700000000005,82.32800000000007
Cn1cc(-c2ccc3nnc(Sc4ccc5ncccc5c4)n3n2)cn1,0,0.4923560354385371,11.423076923076923,359.41800000000006,346.3140000000001,359.0953144160001,126.0,0.0,0.21668386829481537,-0.27512334507644826,0.27512334507644826,0.21668386829481537,73.79,26.0,3.423219160619575,3.2242000000000006,98.85000000000002
CC(C)(C)c1nc(-c2cccc(NS(=O)(=O)c3c(F)cccc3F)c2F)c(-c2ccnc(N)n2)s1,0,0.3670492157866047,12.057142857142857,519.5740000000002,499.4140000000002,519.1010515400001,182.0,0.0,0.2673565397400692,-0.3677745444908211,0.3677745444908211,0.2673565397400692,110.86,35.0,6.279230563203804,5.364900000000003,128.81290000000004
c1ccc2[nH]c(-c3cscn3)nc2c1,0,0.6572828314318542,10.857142857142858,201.254,194.19799999999998,201.036068224,68.0,0.0,0.15753986414446194,-0.3366167979553031,0.3366167979553031,0.15753986414446194,41.57,14.0,1.6056389843393215,2.6864,57.20170000000001
Cc1ccc(C2OC(CO)C(O)C(O)C2O)cc1Cc1ccc(-c2ccc(F)cc2)s1,0,0.48591581732684125,26.193548387096776,444.52400000000017,419.3240000000002,444.1406731200001,164.0,0.0,0.12275168795575833,-0.3935681790720678,0.3935681790720678,0.12275168795575833,90.15,31.0,6.523449354839185,2.968320000000001,116.41820000000001
COC(=O)C1C2CC3c4[nH]c5cc(OC)ccc5c4CCN3CC2CC(OC(=O)c2cc(OC)c(OC)c(OC)c2)C1OC,0,0.37356669206186804,26.136363636363637,608.6880000000004,568.3680000000003,608.27338086,236.0,0.0,0.33827434255920413,-0.49668697934988904,0.49668697934988904,0.33827434255920413,117.78000000000003,44.0,8.34308104329182,4.171100000000004,160.68719999999962
O=C(Nc1c(Cl)cncc1Cl)c1ccc(OC(F)F)c(OCC2CC2)c1,0,0.7046383457729449,13.576923076923077,403.21200000000016,389.10000000000014,402.03495410799997,138.0,0.0,0.38716154790545637,-0.4893825625552436,0.4893825625552436,0.38716154790545637,60.45,26.0,5.781137533954265,5.030900000000003,93.50320000000002
CC(=O)Oc1cc2c(s1)CCN(C(C(=O)C1CC1)c1ccccc1F)C2,0,0.7462318337051916,18.23076923076923,373.44900000000007,353.2890000000001,373.11479271999997,136.0,0.0,0.3083199861888119,-0.4155847938184268,0.4155847938184268,0.3083199861888119,46.61,26.0,4.628051491097216,3.8910000000000036,96.61400000000005
CCc1nc(-c2cccc(C)c2)c(-c2ccnc(NC(=O)c3ccccc3)c2)s1,0,0.4480056375508333,10.689655172413794,399.51900000000006,378.35100000000017,399.140533292,144.0,0.0,0.2563119923828505,-0.30654822154342637,0.30654822154342637,0.2563119923828505,54.88,29.0,5.490640654567833,5.995220000000004,119.29120000000002
CCC1C(O)C2C3CCC(C(C)CCC(=O)O)C3(C)CCC2C2(C)CCC(O)CC12,0,0.5771567485068269,51.53333333333333,420.63400000000024,376.28200000000015,420.32395988799993,172.0,0.0,0.3028502566661952,-0.4812302620821329,0.4812302620821329,0.3028502566661952,77.76,30.0,6.069870730572155,5.114000000000006,117.81140000000009
O=C(O)c1cc(N=Nc2ccc(S(=O)(=O)Nc3ccccn3)cc2)ccc1O,0,0.5405882217196541,11.428571428571429,398.4000000000001,384.28800000000024,398.068490548,142.0,0.0,0.33905109012991247,-0.5070501087087479,0.5070501087087479,0.33905109012991247,141.31,28.0,5.31705532545948,3.7016000000000013,100.7296
Cc1cc(SCc2sc(-c3ccc(C(F)(F)F)c(F)c3)nc2C)ccc1OCC(=O)O,0,0.3218708207486391,11.548387096774194,471.4970000000002,454.3610000000002,471.05859828399997,164.0,0.0,0.4187221850134685,-0.4816386000376881,0.4816386000376881,0.4187221850134685,59.42,31.0,6.902995731348416,6.340540000000006,111.11780000000003
Cc1cn(C2C=CC(CO)O2)c(=O)[nH]c1=O,0,0.6498890462135971,23.875,224.21599999999998,212.11999999999998,224.079706864,86.0,0.0,0.3302251957056653,-0.3933303909580823,0.3933303909580823,0.3302251957056653,84.32,16.0,2.758734588560588,-0.7090799999999999,56.19550000000001
CNC(=O)c1c(F)cccc1Nc1nc(Nc2cc3c(cc2OC)CCN3C(=O)CN(C)C)nc2[nH]ccc12,1,0.2719958064401144,12.512820512820513,532.5800000000004,503.34800000000035,532.2346650080001,202.0,0.0,0.2556270975676357,-0.4945658613650109,0.4945658613650109,0.2556270975676357,127.50999999999999,39.0,7.02832727699692,3.403100000000001,147.8492999999998
Nc1nc(F)nc2c1ncn2C1OC(CO)C(O)C1O,1,0.4718336471857849,30.2,285.235,273.139,285.08733208399997,108.0,0.0,0.31217723905771033,-0.3935668539266412,0.3935668539266412,0.31217723905771033,139.54000000000002,20.0,3.0132448587635494,-1.8409000000000002,62.702800000000025
CCOc1cc(CC(=O)NC(CC(C)C)c2ccccc2N2CCCCC2)ccc1C(=O)O,0,0.5166893132340431,14.727272727272727,452.5950000000003,416.3070000000002,452.267507632,178.0,0.0,0.33897796722982765,-0.4929662279437733,0.4929662279437733,0.33897796722982765,78.87,33.0,8.75066148060343,5.219900000000005,131.11900000000009
NC1(C(=O)NC(CCO)c2ccc(Cl)cc2)CCN(c2ncnc3[nH]ccc23)CC1,1,0.4771433854195004,17.1,428.9240000000002,403.72400000000016,428.1727517200001,158.0,0.0,0.24020594002573753,-0.3962823204432234,0.3962823204432234,0.24020594002573753,120.16,30.0,5.8950378846222025,2.1489000000000003,116.29260000000002
C[N+]1(C)[C@@H]2C[C@@H](OC(=O)C(O)(c3cccs3)c3cccs3)C[C@H]1[C@@H]1O[C@@H]12,0,0.492985025398511,34.34615384615385,392.5220000000001,370.3460000000001,392.09847660409,138.0,0.0,0.3492160704134812,-0.45916653299658733,0.45916653299658733,0.3492160704134812,59.06,26.0,3.653562749488461,2.3457,99.09620000000002
CNc1ncc2cc(-c3cc(NC(=O)NCCC(C)(C)C)c(F)cc3C)c(C)nc2n1,1,0.5332094831993508,11.451612903225806,424.52400000000017,395.29200000000014,424.2386877680001,164.0,0.0,0.3188207221936165,-0.3572353323577416,0.3572353323577416,0.3188207221936165,91.83,31.0,6.380959761438296,5.047140000000004,122.84110000000005
COC(=O)C(Cc1ccccc1)NC(=O)C(N)CC(=O)O,0,0.5934654062957845,13.047619047619047,294.307,276.163,294.121571676,114.0,0.0,0.32820666018566713,-0.4811762161978014,0.4811762161978014,0.32820666018566713,118.72000000000001,21.0,6.345627117324606,-0.31109999999999954,74.32090000000002
C[N+](C)(C)CCOC(N)=O,0,0.5613640399929508,11.1,147.19799999999998,132.07799999999997,147.11280414009,60.0,0.0,0.4042044228860826,-0.4437083199336144,0.4437083199336144,0.4042044228860826,52.32,10.0,3.1486081720506,-0.2121000000000003,38.434799999999996
COc1cc2ncnc(Nc3ccc(O)c(Br)c3)c2cc1OC,0,0.6738461971559412,10.565217391304348,376.2100000000001,362.0980000000001,375.02185340799997,118.0,0.0,0.16241567020986142,-0.5067734347428441,0.5067734347428441,0.16241567020986142,76.50000000000001,23.0,4.2029397050386885,3.8587000000000025,91.73150000000001
c1cnc2cc3c(cc2n1)C1CNC[C@@H]3C1,0,0.721762960406491,27.0,211.26799999999994,198.16399999999996,211.110947416,80.0,0.0,0.08893382715707764,-0.31551526768182314,0.31551526768182314,0.08893382715707764,37.81,16.0,1.6284338564924443,1.8038999999999998,62.50670000000003
COc1ccc(C=Cc2cc(OC)c(OC)c(OC)c2)cc1OP(=O)(O)O,0,0.5171649993731093,11.333333333333334,396.33200000000005,375.1640000000001,396.09740426199994,146.0,0.0,0.5244290629147199,-0.49285201468215745,0.5244290629147199,0.49285201468215745,103.68,27.0,6.737500834552257,3.3629000000000033,100.69210000000005
COc1ccc(C2Sc3ccccc3N(CCN(C)C)C(=O)C2OC(C)=O)cc1,0,0.6757916364888925,18.93103448275862,414.52700000000016,388.3190000000002,414.1613283119999,154.0,0.0,0.3029673059744404,-0.49676820733809485,0.49676820733809485,0.3029673059744404,59.080000000000005,29.0,6.818527321553804,3.368500000000002,114.49500000000005
Cc1cc(NS(=O)(=O)c2ccc(N)cc2)no1,0,0.804736706639606,11.352941176470589,253.28300000000002,242.19499999999996,253.052112212,90.0,0.0,0.2626376654672867,-0.39872771712750826,0.39872771712750826,0.2626376654672867,98.22,17.0,2.7623702215799377,1.3660199999999998,62.90290000000002
NC(=O)N1CCC(CC(=O)N2CCC(C3c4ncc(Br)cc4CCc4cc(Cl)cc(Br)c43)CC2)CC1,0,0.45430057299885523,21.02777777777778,638.8319999999999,607.5840000000001,636.0502281119999,192.0,0.0,0.3142777980655565,-0.35149124998325204,0.35149124998325204,0.3142777980655565,79.53,36.0,7.938649728549968,5.909900000000006,148.14139999999978
CC(=O)N(O)CCCCCNC(=O)CCC(=O)N(O)CCCCCNC(=O)CCC(=O)N(O)CCCCCN,0,0.05957996992949681,10.58974358974359,560.6930000000002,512.3090000000003,560.353362496,226.0,0.0,0.2459286297044533,-0.3560941860761987,0.3560941860761987,0.2459286297044533,205.84,39.0,21.44481943044145,0.9221000000000046,141.26729999999998
N=C(N)NC(=O)Cc1c(Cl)cccc1Cl,0,0.5462961576523644,9.733333333333333,246.097,237.02499999999995,245.012267268,80.0,0.0,0.2306791251522518,-0.3698029709875441,0.3698029709875441,0.2306791251522518,78.97,15.0,3.937561163880285,1.5455700000000003,60.22280000000001
NC(=O)c1cc[n+](CC2=C(C(=O)O)N3C(=O)C(NC(=O)C(c4ccccc4)S(=O)(=O)[O-])[C@H]3SC2)cc1,1,0.21953563654553818,20.25,532.5560000000003,512.3960000000003,532.0722556,188.0,0.0,0.3523822640583665,-0.7470782431974969,0.7470782431974969,0.3523822640583665,190.88,36.0,6.840853871986206,-0.901899999999997,123.71959999999999
CNC(C)C(=O)NC1CN(C(=O)CC(C)C)CC[C@H]2CCC(C(=O)NC(c3ccccc3)c3ccccc3)N2C1=O,1,0.43609390605067444,21.70731707317073,561.7270000000001,518.3830000000004,561.3315048559999,220.0,0.0,0.24743165404189224,-0.3433906506569853,0.3433906506569853,0.24743165404189224,110.85,41.0,10.15233857193687,2.622900000000003,157.63009999999966
Cc1cc(C(C#N)c2ccc(Cl)cc2)c(Cl)cc1NC(=O)c1cc(I)cc(I)c1O,0,0.2923567695152283,11.6,663.0800000000002,648.9680000000001,661.852179048,152.0,0.0,0.25900360274825185,-0.5060008092821509,0.5060008092821509,0.25900360274825185,73.12,30.0,7.498876560481353,7.124400000000003,136.59099999999998
CC(C)(C)NCC(O)COc1cccc2c1CCC(=O)N2,0,0.7723075202218123,16.095238095238095,292.37899999999996,268.18699999999995,292.178692628,116.0,0.0,0.22421754831581064,-0.4904775859322287,0.4904775859322287,0.22421754831581064,70.58999999999999,21.0,4.851645830975939,1.6990999999999998,82.65020000000003
O=S(=O)(c1ccccc1)N(CC(F)(F)F)c1ccc(C(O)(C(F)(F)F)C(F)(F)F)cc1,0,0.6273492760718253,13.870967741935484,481.33599999999996,469.24000000000007,481.039418224,172.0,0.0,0.430118422978177,-0.36949178026597196,0.430118422978177,0.36949178026597196,57.61,31.0,6.310825579449073,4.756400000000003,89.47760000000001
Oc1cccc(-c2nc(N3CCOCC3)c3oc4ncccc4c3n2)c1,0,0.595933671469219,15.0,348.36199999999997,332.2340000000001,348.122240372,130.0,0.0,0.2286439961632886,-0.5079418742232517,0.5079418742232517,0.2286439961632886,84.51,26.0,3.4600718031379905,2.980200000000001,97.23780000000002
Oc1c(Br)cc(Br)c2cccnc12,0,0.8082087344685511,10.615384615384615,302.95300000000003,297.91300000000007,300.87378798000003,66.0,0.0,0.15560375923131708,-0.5045320626593358,0.5045320626593358,0.15560375923131708,33.120000000000005,13.0,2.255347409303597,3.4654000000000007,58.80780000000001
CN(C)C1CCN(C(=O)c2ccc(NC(=O)Nc3ccc(-c4nc(N5CCOCC5)nc(N5CCOCC5)n4)cc3)cc2)CC1,1,0.4094623914233721,17.8,615.7390000000003,574.4110000000002,615.3281507920001,238.0,0.0,0.3231784397543058,-0.37777386704725935,0.37777386704725935,0.3231784397543058,128.29,45.0,9.672279973078012,3.022000000000001,173.02289999999954
[Mn+2],0,0.341820923061086,0.0,54.938,54.938,54.93694794018,5.0,1.0,2.0,2.0,2.0,2.0,0.0,1.0,0.6753794906392313,-0.0025,0.0
OCC(O)C(O)C(O)C(O)CO,0,0.2612626527203185,21.5,182.172,168.05999999999997,182.079038168,74.0,0.0,0.1105786065313125,-0.393579134968567,0.393579134968567,0.1105786065313125,121.38000000000001,12.0,5.305192103839915,-3.5854000000000004,38.198800000000006
Nc1cc(C(F)(F)F)c(-c2cc(N3CCOCC3)nc(N3CCOCC3)n2)cn1,0,0.8197353914743168,18.17241379310345,410.4000000000002,389.23200000000014,410.16780857200007,156.0,0.0,0.41675458315679653,-0.383689164776289,0.41675458315679653,0.383689164776289,89.63,29.0,5.414778791086547,1.8128000000000002,100.74140000000003
CCC1=CC(C)C[C@H](C)C[C@H](OC)[C@H]2O[C@@](O)(C(=O)C(=O)N3CCCCC3C(=O)O[C@H](/C(C)=C/[C@@H]3CC[C@H](Cl)[C@H](OC)C3)[C@H](C)[C@@H](O)CC1=O)[C@H](C)C[C@@H]2OC,0,0.14644097504678838,40.642857142857146,810.4660000000001,741.922,809.448089676,318.0,0.0,0.3289793001940112,-0.45593099289469985,0.45593099289469985,0.3289793001940112,158.12999999999997,56.0,17.16467181584114,5.7194000000000065,211.7035999999992
C[S+]([O-])c1ccc(-c2nc(-c3ccc(F)cc3)c(-c3ccncc3)[nH]2)cc1,0,0.5251964041458315,12.11111111111111,377.444,361.3160000000001,377.0998113520001,134.0,0.0,0.15194553614534898,-0.6116461383424378,0.6116461383424378,0.15194553614534898,64.63,27.0,4.746880636793354,4.6822000000000035,104.98109999999998
COc1cc(Cc2cnc(N)nc2N)cc(OC)c1OC,0,0.8533555071280714,10.238095238095237,290.32300000000004,272.179,290.13789043599996,112.0,0.0,0.22143163563823987,-0.492704456320783,0.492704456320783,0.22143163563823987,105.51,21.0,4.318226329429906,1.2575999999999998,79.76080000000003
COc1ccc(-c2cc(=O)c3c(O)cc(OC4OC(COC5OC(C)C(O)C(O)C5O)C(O)C(O)C4O)cc3o2)cc1O,0,0.15901573371992592,32.93023255813954,608.5490000000002,576.2930000000003,608.1741203239999,234.0,0.0,0.22872782889028492,-0.5068931347168666,0.5068931347168666,0.22872782889028492,238.19999999999996,43.0,8.802414412764167,-1.0897,143.41840000000002
CC(=O)C(C#N)C(=O)Nc1cc(Br)ccc1Br,0,0.8432977437691951,11.411764705882353,360.005,351.94100000000003,357.89525169600006,88.0,0.0,0.24888759810885294,-0.3234854278777733,0.3234854278777733,0.24888759810885294,69.96,17.0,4.845743370304291,2.8788800000000005,70.25570000000002
CNC(=O)C(NC(=O)C(CC(C)C)C(O)C(O)=NO)C(C)(C)C,0,0.20204122420972065,16.608695652173914,331.41300000000007,302.18100000000004,331.210721028,134.0,0.0,0.2525694766200084,-0.49238647999188695,0.49238647999188695,0.2525694766200084,131.25,23.0,8.018078202495317,0.6322000000000005,86.25450000000004
NC(=O)c1cnccn1,1,0.5507568071868296,8.88888888888889,123.11499999999998,118.075,123.04326178,46.0,0.0,0.26840075469440844,-0.3642093569214852,0.3642093569214852,0.26840075469440844,68.87,9.0,1.396733861371364,-0.4245000000000001,30.549899999999997
NC(C(=O)NC1C(=O)N2C(C(=O)O)=C(Cl)CSC12)c1ccccc1,0,0.6723811937753879,24.083333333333332,367.814,353.7020000000001,367.039354608,126.0,0.0,0.35339859624722986,-0.476529198598894,0.476529198598894,0.35339859624722986,112.73,24.0,4.5284887444498345,0.6213000000000004,88.90790000000001
CCC1OC(=O)C(C)C(OC2CC(C)(OC)C(O)C(C)O2)C(C)C(OC2OC(C)CC(N(C)C)C2O)C(C)(O)CC(C)CN(C)C(C)C(O)C1(C)O,0,0.23847544119122632,49.61538461538461,748.9960000000001,676.4200000000001,748.5085257439999,306.0,0.0,0.3111884259366843,-0.45893581612486206,0.45893581612486206,0.3111884259366843,180.08,52.0,15.575297316567214,1.9007000000000054,194.1789999999994
S=P(N1CC1)(N1CC1)N1CC1,0,0.4613795142561899,32.36363636363637,189.22399999999996,177.128,189.04895501399997,62.0,0.0,0.14536019373248318,-0.2491167483671626,0.2491167483671626,0.14536019373248318,9.03,11.0,1.309856996313063,0.15770000000000017,49.00400000000002
CC=Cc1ccc(OC)cc1,0,0.6262155548658499,10.363636363636363,148.20499999999998,136.10899999999998,148.088815004,58.0,0.0,0.1184005895910664,-0.49676782421707494,0.49676782421707494,0.1184005895910664,9.23,11.0,2.726331206756251,2.728300000000001,47.70200000000003
COc1c(O)cc2c(O)c1C=C(C)CC(OC)C(O)C(C)C=C(C)C(OC(N)=O)C(OC)C=CC=C(C)C(=O)N2,1,0.2088060499526662,24.85,560.6440000000002,520.3240000000004,560.27338086,220.0,0.0,0.4047040148198253,-0.5049860483756863,0.5049860483756863,0.4047040148198253,169.79999999999998,40.0,11.78744386162374,3.7916000000000016,151.09649999999985
Cc1ccc(-n2[nH]c(C)c(N=Nc3cccc(-c4cccc(C(=O)O)c4)c3O)c2=O)cc1C,0,0.349582100327044,11.242424242424242,442.47500000000025,420.29900000000026,442.1641051839999,166.0,0.0,0.33520067828032296,-0.504958336924192,0.504958336924192,0.33520067828032296,120.03999999999999,33.0,5.659680836747774,5.577060000000005,125.27880000000005
NS(=O)(=O)NCCNc1nonc1C(=NO)Nc1ccc(F)c(Br)c1,0,0.1363208163665712,12.2,438.23900000000003,425.1350000000001,436.991713216,136.0,0.0,0.27392591208630024,-0.409087565994562,0.409087565994562,0.27392591208630024,167.76,25.0,6.24074131052164,0.4241000000000012,89.9438
CC(=O)Oc1c(C)c(C)c2c(c1C)CC[C@@](C)(CCC[C@H](C)CCC[C@H](C)CCCC(C)C)O2,0,0.21204366595811167,19.470588235294116,472.7540000000004,420.33800000000025,472.39164552399996,194.0,0.0,0.30754353472963813,-0.4869789887349639,0.4869789887349639,0.30754353472963813,35.53,34.0,10.966523931674505,9.059960000000002,144.03499999999988
CCCCS(=O)(=O)NC(Cc1ccc(OCCCCC2CCNCC2)cc1)C(=O)O,0,0.3843022048921749,16.3,440.6060000000003,404.3180000000002,440.23449325199994,170.0,0.0,0.3215737023663781,-0.4936014794700095,0.4936014794700095,0.3215737023663781,104.73,30.0,10.606076695396215,2.9505,118.34000000000009
CC(C)(O)CNc1nc(Nc2ccnc(C(F)(F)F)c2)nc(-c2cccc(C(F)(F)F)n2)n1,0,0.45527026466008114,12.515151515151516,473.3810000000001,456.2450000000002,473.1398774840001,176.0,0.0,0.4329090092780959,-0.388633612063594,0.4329090092780959,0.388633612063594,108.74,33.0,6.402196174889862,4.292600000000002,105.36919999999999
O=c1n(CCCN2CCN(c3cccc(Cl)c3)CC2)nc2ccccn12,0,0.690401062854676,15.653846153846153,371.8720000000001,349.6960000000001,371.15128800400004,136.0,0.0,0.3498279144984065,-0.3689238300897974,0.3689238300897974,0.3498279144984065,45.78,26.0,4.948400954074059,2.3617,104.17400000000002
OCCN1CCN(CCCN2c3ccccc3Sc3ccc(C(F)(F)F)cc32)CC1,0,0.7278115473639667,17.666666666666668,437.5310000000002,411.32300000000015,437.17486811199996,162.0,0.0,0.41598698505793,-0.3950445544207227,0.41598698505793,0.3950445544207227,29.950000000000003,30.0,6.57371473738089,4.308100000000003,113.59780000000006
CC(=O)Nc1ccc(C(=O)Nc2ccccc2N)cc1,0,0.7482886963520322,9.85,269.304,254.18399999999997,269.11642672,102.0,0.0,0.2552189066388887,-0.39704553945743287,0.39704553945743287,0.2552189066388887,84.22,20.0,4.001041439459649,2.4795,79.55330000000002
O=C1c2ccccc2C(=O)C1c1ccccc1,0,0.6951125798613664,15.058823529411764,222.243,212.16299999999995,222.06807956,82.0,0.0,0.17834798409348884,-0.2929502967540595,0.2929502967540595,0.17834798409348884,34.14,17.0,2.149059085372401,2.849400000000001,64.28600000000003
CCN1CCN(c2cc3c(cc2F)c(=O)c(C(=O)O)cn3C2CC2)CC1,1,0.9075489986969114,18.46153846153846,359.4010000000001,337.2250000000001,359.16451978400005,138.0,0.0,0.3407230786793809,-0.4774970228339016,0.4774970228339016,0.3407230786793809,65.78,26.0,4.185369383305638,2.3156,97.72330000000005
CCC1=C[C@H]2CN3CCc4c([nH]c5ccccc45)[C@@](C(=O)OC)(C2)[C@@H]13,0,0.6766726151242263,32.88,336.4350000000002,312.24300000000005,336.18377800799993,130.0,0.0,0.31931357758368345,-0.468246037247173,0.468246037247173,0.31931357758368345,45.33,25.0,3.170471940973793,3.175300000000002,97.53870000000005
C=CCC1(O)CCC2C3=C(C=CC21C)C1=C(CC3)CC(=O)CC1,0,0.7666151830143239,39.21739130434783,310.43700000000007,284.229,310.193280072,122.0,0.0,0.13678149500591696,-0.38864900752069176,0.38864900752069176,0.13678149500591696,37.3,23.0,3.3179868248089837,4.419700000000003,91.87880000000004
CCN(CC)CCOc1ccc(C(=C(Cl)c2ccccc2)c2ccccc2)cc1,1,0.3734283215865669,12.0,405.96900000000005,377.7450000000002,405.185942196,150.0,0.0,0.11890334730404348,-0.4922640541309224,0.4922640541309224,0.11890334730404348,12.47,29.0,7.917363413593923,6.562600000000006,124.37800000000001
CC(NC(=O)C(O)C(C)C)C(=O)NC1C(=O)N(C)CCc2ccccc21,1,0.7060433188817483,19.384615384615383,361.4420000000001,334.2260000000001,361.20015634400005,142.0,0.0,0.24924641242850734,-0.3830033846702901,0.3830033846702901,0.24924641242850734,98.74,26.0,6.365544182269598,0.38000000000000034,97.11620000000005
O=C(O)c1ccccc1O,0,0.6102585058580265,9.2,138.12199999999999,132.07399999999998,138.031694052,52.0,0.0,0.338969087360731,-0.5070528909451979,0.5070528909451979,0.338969087360731,57.53,10.0,1.579018066559098,1.0903999999999998,35.066100000000006
NC(C=O)C(O)C(O)C(O)CO,1,0.2799783480428468,21.083333333333332,179.17199999999997,166.06799999999998,179.079372516,72.0,0.0,0.13893695402056722,-0.39357913946952827,0.39357913946952827,0.13893695402056722,124.01000000000002,12.0,4.946449961488837,-3.4123999999999994,39.14560000000001
COC(=O)C1=COC(OC2OC(CO)C(O)C(O)C2O)C2C1CC(O)C2C,0,0.3355131369751981,47.0,390.3850000000001,364.17700000000013,390.15259703199996,154.0,0.0,0.3366488072705122,-0.471541819690417,0.471541819690417,0.3366488072705122,155.14000000000001,27.0,6.061042635364696,-2.1507999999999976,86.59200000000003
COc1ccc2cc1Oc1ccc(cc1)CC1c3c(cc4c(c3Oc3cc5c(cc3OC)CCN(C)C5C2)OCO4)CCN1C,1,0.24502800268016348,20.355555555555554,606.7190000000002,568.4150000000002,606.2729869359999,232.0,0.0,0.23101742246955173,-0.4928449571006343,0.4928449571006343,0.23101742246955173,61.86000000000001,45.0,6.99015072125107,6.873900000000009,170.7009999999995
Cc1cc(=O)n(-c2ccccc2)n1C,0,0.665623564187814,10.428571428571429,188.23000000000002,176.134,188.094963004,72.0,0.0,0.2711127146041771,-0.2853631788095698,0.2853631788095698,0.2711127146041771,26.93,14.0,2.000371695028815,1.4844199999999999,55.74700000000003
Oc1c2ccccc2c2c3c(cccc13)N=N2,0,0.4376344498110722,12.705882352941176,220.231,212.16699999999997,220.063662876,80.0,0.0,0.1309628713591552,-0.5066506820492704,0.5066506820492704,0.1309628713591552,44.95,17.0,1.445915553867401,4.427400000000002,67.29480000000001
COc1c(O)cc2oc3cc(O)c(CC=C(C)C)c(O)c3c(=O)c2c1C=CC(C)C,1,0.3923556852236992,11.666666666666666,410.4660000000002,384.2580000000002,410.17293855199995,158.0,0.0,0.2045516095018195,-0.5073741329909248,0.5073741329909248,0.2045516095018195,100.13,30.0,5.782597298733921,5.249500000000004,118.54340000000002
CCCCCCCC=CCCc1c(O)c(O)cc(O)c1O,0,0.23599973082164327,11.285714285714286,294.39099999999996,268.18299999999994,294.183109312,118.0,0.0,0.1642178915131329,-0.5041570795231174,0.5041570795231174,0.1642178915131329,80.92,21.0,7.50885019786008,4.358300000000006,83.93820000000002
O=c1cc[nH]c(=O)[nH]1,1,0.4546939811074879,9.0,112.088,108.056,112.027277368,42.0,0.0,0.3251675603228361,-0.31411803720986814,0.3251675603228361,0.31411803720986814,65.72,8.0,0.9968522959263149,-0.9368000000000001,27.6834
CCCN(CCC)CCc1cccc2[nH]c(O)cc12,0,0.7989866910146455,11.526315789473685,260.38100000000003,236.18899999999996,260.188863388,104.0,0.0,0.18881698861506058,-0.4945527349783646,0.4945527349783646,0.18881698861506058,39.260000000000005,19.0,4.855916020096623,3.538000000000002,80.68950000000004
CCn1cc(C(=O)O)c(=O)c2cc(F)c(N3CCNCC3)cc21,0,0.8910262977655083,15.130434782608695,319.336,301.192,319.133219656,122.0,0.0,0.34072285060215646,-0.4774970240990653,0.4774970240990653,0.34072285060215646,74.57000000000001,23.0,4.039597814852129,1.2683,85.88200000000003
CO[C@@]1(NC(=O)C(C(=O)O)c2ccc(O)cc2)C(=O)N2C(C(=O)O)=C(CSc3nnnn3C)CO[C@@H]21,1,0.13379526381178458,22.0,520.4800000000004,500.3200000000002,520.1012472200001,190.0,0.0,0.35226562384948706,-0.507966635545811,0.507966635545811,0.35226562384948706,206.29999999999998,36.0,6.658525774731029,-1.127699999999999,117.13610000000001
CCC(C)C(N)C1=NC(C(=O)NC(CC(C)C)C(=O)NC(CCC(=O)O)C(=O)NC(C(=O)NC2CCCCNC(=O)C(CC(N)=O)NC(=O)C(CC(=O)O)NC(=O)C(Cc3c[nH]cn3)NC(=O)C(Cc3ccccc3)NC(=O)C(C(C)CC)NC(=O)C(CCCN)NC2=O)C(C)C)CS1,0,0.03995549506153504,22.98989898989899,1408.6929999999998,1306.8849999999993,1407.7332911519998,548.0,0.0,0.3054810620822532,-0.48122926245045566,0.48122926245045566,0.3054810620822532,530.8699999999999,99.0,34.42976328163782,-2.0677000000000154,364.68720000000087
Nc1cc(F)ccc1NC(=O)c1ccc(CNC(=O)/C=C/c2cccnc2)cc1,1,0.4439522193223688,10.655172413793103,390.41800000000006,371.2660000000002,390.149204068,146.0,0.0,0.2552166967305992,-0.3969606447603891,0.3969606447603891,0.2552166967305992,97.11,29.0,6.316848068944993,3.384800000000002,110.3253
CCC(Nc1c(Nc2cccc(C(=O)N(C)C)c2O)c(=O)c1=O)c1ccc(C)o1,0,0.41505164418285684,12.0,397.43100000000015,374.2470000000002,397.16377083599997,152.0,0.0,0.25667374507179025,-0.5049272977752506,0.5049272977752506,0.25667374507179025,111.87999999999998,29.0,5.448516945127162,2.898220000000001,110.86070000000002
COc1ccc(C(CN(C)C)C2(O)CCCCC2)cc1,1,0.8976823731418612,19.85,277.4079999999999,250.19199999999995,277.204179104,112.0,0.0,0.11837813255948945,-0.49676821574830976,0.49676821574830976,0.11837813255948945,32.7,20.0,5.055230884037915,3.0356000000000014,82.32380000000005
COc1nc2ccc(Br)cc2cc1[C@@H](c1ccccc1)[C@@](O)(CCN(C)C)c1cccc2ccccc12,0,0.22135475238825783,14.108108108108109,555.5160000000003,524.2680000000004,554.156890332,188.0,0.0,0.21710031096729682,-0.48075717847335875,0.48075717847335875,0.21710031096729682,45.59,37.0,7.292388037394974,7.1305000000000085,155.2957999999997
Nc1nnc(-c2cccc(Cl)c2Cl)c(N)n1,0,0.8138095128696987,10.375,256.09599999999995,249.04,255.00785058399998,82.0,0.0,0.24159882707027738,-0.38170555251762106,0.38170555251762106,0.24159882707027738,90.71,16.0,2.804690246427242,2.0098,64.10780000000001
Cn1c(=O)c2c(ncn2CC2OCCO2)n(C)c1=O,0,0.6822997553866551,16.526315789473685,266.25699999999995,252.14499999999998,266.101504928,102.0,0.0,0.3317034349691587,-0.3483562586505313,0.3483562586505313,0.3317034349691587,80.28,19.0,2.7552601151178315,-1.1933999999999994,65.90700000000002
CO[C@H]1/C=C/O[C@@]2(C)Oc3c(C)c(O)c4c(O)c(c5c(c4c3C2=O)=NC2(CCN(CC(C)C)CC2)N=5)NC(=O)C(C)=CC=CC(C)[C@H](O)[C@@H](C)[C@@H](O)[C@@H](C)[C@H](OC(C)=O)[C@@H]1C,0,0.20880570054492703,31.278688524590162,847.0190000000003,784.5229999999999,846.4415088040003,332.0,0.0,0.31210805143403786,-0.5067367410114519,0.5067367410114519,0.31210805143403786,209.03999999999996,61.0,13.1112777868623,4.749420000000004,227.70539999999937
C=CC1C2=CCOC(=O)C2=COC1OC1OC(CO)C(O)C(O)C1O,0,0.3442731087315222,40.96,356.327,336.1670000000001,356.11073221999993,138.0,0.0,0.3413849143184081,-0.4705281367623439,0.4705281367623439,0.3413849143184081,134.91000000000003,25.0,5.228962703991909,-1.6715,80.53720000000001
CON=C(C(=O)NC1C(=O)N2C(C(=O)O)=C(Cn3ccc(=N)n3CCO)CSC12)c1csc(N)n1,1,0.14894864611695605,19.885714285714286,522.5690000000002,500.39300000000026,522.1103724240002,186.0,0.0,0.35219845626846874,-0.4765602025816163,0.4765602025816163,0.35219845626846874,201.14999999999998,35.0,6.947211927821383,-1.4106299999999963,125.1194
C[N+](C)(C)CCCCCC[N+](C)(C)C,0,0.43722552556116134,13.285714285714286,202.38599999999997,172.14599999999996,202.23980180017998,86.0,0.0,0.07799285934469156,-0.3309148189173935,0.3309148189173935,0.07799285934469156,0.0,14.0,5.6839495353498535,1.9591999999999998,64.26680000000006
O=c1cc[nH]c(=S)[nH]1,0,0.497702081734004,9.0,128.156,124.124,128.004433748,42.0,0.0,0.2510751722585765,-0.3387602340212356,0.3387602340212356,0.2510751722585765,48.65,8.0,1.2551589779590473,0.43249,32.2474
Cc1cc(C)c(Nc2ccnc(Nc3ccc(C#N)cc3)n2)c(C)c1,0,0.7216163650237382,10.16,329.4070000000001,310.25500000000005,329.16404560800004,124.0,0.0,0.22863250465957774,-0.33963661518935423,0.33963661518935423,0.22863250465957774,73.63,25.0,4.621414490944942,4.760740000000003,100.40740000000002
Cc1c(-c2ccc(O)cc2)n(Cc2ccc(OCCN3CCCCCC3)cc2)c2ccc(O)cc12,0,0.33131053207224875,14.771428571428572,470.6130000000003,436.3410000000003,470.25694294799996,182.0,0.0,0.11888203391240262,-0.5079662295888367,0.5079662295888367,0.11888203391240262,57.86,35.0,6.956651126559303,6.331020000000006,141.3875999999999
CC(C)OC(=O)C(C)(C)Oc1ccc(C(=O)c2ccc(Cl)cc2)cc1,0,0.5540618915195044,11.28,360.837,339.6690000000001,360.112836832,132.0,0.0,0.3496415386243388,-0.4761659134484587,0.4761659134484587,0.3496415386243388,52.6,25.0,5.854165547419714,4.680000000000004,97.26150000000003
COc1ccc2cccc(CCNC(C)=O)c2c1,0,0.8957371308407087,10.333333333333334,243.30599999999995,226.16999999999996,243.125928784,94.0,0.0,0.21638288278489426,-0.4967449264927032,0.4967449264927032,0.21638288278489426,38.33,18.0,3.8230057328013385,2.527,72.88770000000002
Cn1c(CNc2ccc(C(=N)N)cc2)nc2cc(C(=O)N(CCC(=O)O)c3ccccn3)ccc21,0,0.21639053275456466,10.771428571428572,471.52100000000024,446.32100000000025,471.20188766,178.0,0.0,0.30466012754103305,-0.4811812963161066,0.4811812963161066,0.30466012754103305,150.21999999999997,35.0,6.720536768842886,2.985970000000001,133.66509999999994
CCC1(c2c[nH]cn2)Cc2ccccc2C1,0,0.8143548253322204,17.3125,212.296,196.16799999999998,212.131348512,82.0,0.0,0.09228175258115695,-0.35088191777624006,0.35088191777624006,0.09228175258115695,28.68,16.0,2.095050919981222,2.856300000000001,64.40670000000003
O=[N+]([O-])c1ccc(O)c2ncccc12,0,0.5494668589074613,10.285714285714286,190.158,184.10999999999996,190.037842052,70.0,0.0,0.27854650339860765,-0.505657473516488,0.505657473516488,0.27854650339860765,76.26,14.0,1.7770316450376296,1.8485999999999996,50.062200000000026
C[C@@H]1CCN(C(=O)C(CCCN=C(N)N)NS(=O)(=O)c2cccc3c2NC[C@H](C)C3)C(C(=O)O)C1,0,0.18356453542025986,23.02857142857143,508.6450000000003,472.35700000000037,508.2467892519999,194.0,0.0,0.32592520331788777,-0.4797120057038218,0.4797120057038218,0.32592520331788777,180.20999999999998,35.0,8.596555194551831,0.7029000000000036,133.35480000000004
CC12CCC(CC1=O)C2(C)C,0,0.520631018455888,46.81818181818182,152.237,136.10899999999998,152.120115132,62.0,0.0,0.13909874627049698,-0.2990642887496957,0.2990642887496957,0.13909874627049698,17.07,11.0,1.1330959470299424,2.401700000000001,44.23600000000002
C=CC(=O)N1CCCC(n2nc(-c3ccc(Oc4ccccc4)cc3)c3c(N)ncnc32)C1,0,0.46670324300584043,16.0,440.5070000000002,416.31500000000017,440.19607400800004,166.0,0.0,0.24552693449849897,-0.45738382978299874,0.45738382978299874,0.24552693449849897,99.16,33.0,5.478719211006759,4.2173000000000025,126.73540000000004
Cc1cc(O)cc(O)c1,0,0.5485235528461613,9.444444444444445,124.13899999999997,116.07499999999997,124.052429496,48.0,0.0,0.11902851169136644,-0.5078128982168294,0.5078128982168294,0.11902851169136644,40.46,9.0,1.304053200136168,1.4062199999999996,34.5086
Cc1cccc(C(C)c2c[nH]cn2)c1C,0,0.7920749783499234,12.733333333333333,200.28500000000003,184.15699999999995,200.131348512,78.0,0.0,0.09228258974786273,-0.3508811944504247,0.3508811944504247,0.09228258974786273,28.68,15.0,2.5847658365505706,3.1783400000000013,62.02070000000003
CC(C)CC(NC(=O)CNC(=O)c1cc(Cl)ccc1Cl)B1OC(=O)CC(CC(=O)O)(C(=O)O)O1,1,0.33673242813040544,18.735294117647058,517.1270000000003,493.9430000000003,516.0873660759999,184.0,0.0,0.5516718873317789,-0.5081190773330584,0.5516718873317789,0.5081190773330584,168.32999999999998,34.0,9.307380931071181,1.5430999999999993,120.34850000000007
C=CCC1=CC(C)C[C@H](C)C[C@H](OC)[C@H]2O[C@@](O)(C(=O)C(=O)N3CCCCC3C(=O)O[C@H](/C(C)=C/[C@@H]3CC[C@@H](O)[C@H](OC)C3)[C@H](C)[C@@H](O)CC1=O)[C@H](C)C[C@@H]2OC,0,0.18495553644513674,40.05263157894737,804.0310000000001,734.479,803.4819766480001,322.0,0.0,0.32897930019401134,-0.4559309928945918,0.4559309928945918,0.32897930019401134,178.35999999999996,57.0,17.243756174808407,4.639000000000004,212.59239999999923
CC1OC(OCC2OC(Oc3c(-c4ccc(O)c(O)c4)oc4cc(O)cc(O)c4c3=O)C(O)C(O)C2O)C(O)C(O)C1O,0,0.13951784322162464,33.0,610.5210000000004,580.2810000000004,610.15338488,234.0,0.0,0.23863269529637401,-0.5076781655726268,0.5076781655726268,0.23863269529637401,269.42999999999995,43.0,8.405783706607387,-1.6871000000000003,140.19600000000003
CC12C=CC(=O)NC1CCC1C2CCC2(C)C(C(=O)Nc3cc(C(F)(F)F)ccc3C(F)(F)F)CCC12,0,0.4265424696021493,37.2972972972973,528.537,498.29700000000014,528.22114752,202.0,0.0,0.4179037006836212,-0.3489567200458562,0.4179037006836212,0.3489567200458562,58.2,37.0,5.992854558452363,6.576100000000006,124.02240000000006
COc1ccc(N2CCOCC2)c2sc(NC(=O)N3CCC(C)(O)CC3)nc12,1,0.8145636954959699,19.678571428571427,406.50800000000027,380.3000000000002,406.167476312,152.0,0.0,0.3231449334973431,-0.49443497272341735,0.49443497272341735,0.3231449334973431,87.16000000000001,28.0,5.306709401236278,2.5202,109.65350000000005
CN1C2CC(OC(=O)C(CO)c3ccccc3)CC1C1OC12,1,0.6618093940597772,37.45454545454545,303.358,282.18999999999994,303.147058152,118.0,0.0,0.3155498818388703,-0.46172004898840946,0.46172004898840946,0.3155498818388703,62.3,22.0,3.4381197561597308,0.9180999999999995,79.38280000000005
COC(=O)N=NC=C1C=[N+]([O-])c2ccccc2N1O,0,0.47450203788769185,16.42105263157895,262.22499999999997,252.14499999999995,262.0702048,98.0,0.0,0.45165237366225197,-0.6181544658401767,0.6181544658401767,0.45165237366225197,100.55999999999999,19.0,3.5270077696304036,2.1684,65.40290000000002
Clc1cccc(Cl)c1NC1=NCCN1,0,0.7764264211073745,14.857142857142858,230.09799999999998,221.02599999999998,229.01735264799999,74.0,0.0,0.19550187313429807,-0.3542539915323884,0.3542539915323884,0.19550187313429807,36.42,14.0,2.7943128183226453,2.3644999999999996,60.38940000000001
COc1cc(C(=O)NC2CCN(C)CC2)c(F)cc1Nc1ncc2c(n1)N(C1CCCC1)CC(F)(F)C(=O)N2C,0,0.5523472355183279,20.3,561.6090000000002,527.3370000000002,561.2675226080001,216.0,0.0,0.3416558913665538,-0.49454916170674507,0.49454916170674507,0.3416558913665538,102.92999999999999,40.0,7.756845310924123,3.5526000000000018,144.21089999999987
COc1cc2c(cc1OC)CN(CCc1ccc(NC(=O)c3cc(OC)c(OC)cc3NC(=O)c3cnc4ccccc4c3)cc1)CC2,0,0.1703051806071916,12.583333333333334,646.7440000000001,608.44,646.279134936,246.0,0.0,0.25741659454218047,-0.492859223975832,0.492859223975832,0.25741659454218047,111.25000000000001,48.0,9.72517757239667,6.374600000000006,185.86839999999955
COC1C(N(C)C(=O)c2ccccc2)CC2OC1(C)n1c3ccccc3c3c4c(c5c6ccccc6n2c5c31)C(=O)NC4,0,0.28721839165619395,24.162790697674417,570.6490000000002,540.4090000000003,570.22670544,214.0,0.0,0.25343745166609966,-0.37426157346318195,0.37426157346318195,0.25343745166609966,77.72999999999999,43.0,4.898465680031685,5.906800000000007,165.12369999999964
CC1(C)S[C@@H]2CC(=O)N2C1C(=O)OCOC(=O)C1N2C(=O)C(NC(=O)C(N)c3ccccc3)[C@H]2S(=O)(=O)C1(C)C,0,0.23381389101473454,31.275,594.6680000000001,564.4280000000002,594.14542054,216.0,0.0,0.33291950978779505,-0.42628247390155694,0.42628247390155694,0.33291950978779505,182.48,40.0,6.698641056727053,-0.588599999999996,140.48189999999983
COc1ccc(-c2nc3cc(C4=NNC(=O)CC4C)ccc3[nH]2)cc1,0,0.7722744312422717,17.28,334.379,316.23500000000007,334.142975816,126.0,0.0,0.24023542238580686,-0.49676778700843005,0.49676778700843005,0.24023542238580686,79.37,25.0,3.722398480404811,3.098600000000001,96.54240000000001
CCc1ccc(CCOc2ccc(Cc3sc(=O)[nH]c3O)cc2)nc1,0,0.6809481779137603,10.76,356.447,336.2870000000001,356.1194635,130.0,0.0,0.3071316372988507,-0.49372051082094687,0.49372051082094687,0.3071316372988507,75.21000000000001,25.0,5.502208940824642,3.311700000000002,98.66650000000001
CC(C)CCC[C@@H](C)[C@H]1CC[C@H]2C3=CC=C4C[C@@H](O)CC[C@]4(C)[C@H]3CC[C@]12C,0,0.5266275799697053,43.67857142857143,384.64800000000025,340.2960000000001,384.339216028,158.0,0.0,0.057751879356781596,-0.3927964799275681,0.3927964799275681,0.057751879356781596,20.23,28.0,5.621678243744221,7.308800000000009,119.02880000000009
Cc1cc(-c2nc(-c3ccc(OC(F)(F)F)cc3)no2)nn1Cc1ccnc(N2CCN(C3CC3)CC2)c1,0,0.3479618354539274,16.68421052631579,525.5350000000003,499.3270000000003,525.2100077320001,198.0,0.0,0.572596303522633,-0.4057992596962465,0.572596303522633,0.4057992596962465,85.33999999999999,38.0,6.26135427494805,4.534820000000004,132.52199999999996
CCC(C)C(=O)OC1CC(C)C=C2C=CC(C)C(CCC3CC(O)CC(=O)O3)C21,1,0.671999391844661,37.89655172413793,404.54700000000025,368.2590000000001,404.2562742519999,162.0,0.0,0.3084308049809095,-0.4621877666927909,0.4621877666927909,0.3084308049809095,72.83,29.0,7.201410496606009,4.195500000000004,110.83780000000007
CCCC[N@+]1(C)[C@@H]2C[C@@H](OC(=O)C(CO)c3ccccc3)C[C@H]1[C@@H]1O[C@@H]12,0,0.4602154446915017,38.5,360.47400000000005,330.2340000000001,360.21693486008996,142.0,0.0,0.3155558947846701,-0.4613417961502999,0.4613417961502999,0.3155558947846701,59.06,26.0,4.798882241365687,2.2329999999999997,97.57920000000007
CCOC(=O)C(C#N)C1c2cc(Br)ccc2OC(=N)C1C(=O)OCC,0,0.7494363126644505,19.84,409.23600000000016,392.1000000000002,408.032083744,132.0,0.0,0.3235021848133254,-0.4653716823238872,0.4653716823238872,0.3235021848133254,109.47000000000001,25.0,6.1483922142945096,2.784550000000001,91.09670000000003
CCCc1cc(C(N)=S)ccn1,0,0.7190610682314919,9.75,180.276,168.17999999999998,180.072119384,64.0,0.0,0.1036077251818982,-0.38944723278727605,0.38944723278727605,0.1036077251818982,38.91,12.0,3.167039385722408,1.6683000000000001,54.11940000000002
CC(C)c1nc(CN(C)C(=O)NC(CCN2CCOCC2)C(=O)NC(CCC(Cc2ccccc2)NC(=O)OCc2cncs2)Cc2ccccc2)cs1,0,0.10557201660303787,14.88888888888889,776.0420000000001,722.618,775.354959796,290.0,0.0,0.40722235154673375,-0.44376632678697503,0.44376632678697503,0.40722235154673375,138.02,54.0,16.248713861605065,6.000700000000006,212.54509999999934
Fc1ccc(C2CCNCC2COc2ccc3c(c2)OCO3)cc1,1,0.9339413767145557,22.375,329.3710000000001,309.21100000000007,329.14272171999994,126.0,0.0,0.23080373898038667,-0.4930883683108535,0.4930883683108535,0.23080373898038667,39.72,24.0,4.256403210043804,3.326500000000002,88.17770000000006
CN(C)CCCN1c2ccccc2CCc2ccc(Cl)cc21,1,0.8178744322781549,13.727272727272727,314.86,291.676,314.154976416,116.0,0.0,0.04579088671103561,-0.34094803317763084,0.34094803317763084,0.04579088671103561,6.48,22.0,4.7000706385446325,4.528400000000004,95.47900000000006
O=S(=O)(O)Oc1ccc(C(c2ccc(OS(=O)(=O)O)cc2)c2ccccn2)cc1,0,0.5336749188726526,11.96551724137931,437.4510000000001,422.33100000000024,437.02390844,152.0,0.0,0.4459747019941631,-0.3618099969816462,0.4459747019941631,0.3618099969816462,140.09,29.0,5.841658555225075,2.625000000000001,102.41920000000002
CNC(=O)c1cc(Oc2ccc(NC(=O)Nc3ccc(Cl)c(C(F)(F)F)c3)c(F)c2)ccn1,0,0.4073596452034195,10.969696969696969,482.82100000000014,467.70100000000014,482.07688090000005,172.0,0.0,0.4174184276868065,-0.45712629277076333,0.45712629277076333,0.4174184276868065,92.35000000000001,33.0,7.020615307725934,5.688800000000002,113.19660000000002
CCN1CC(CCN2CCOCC2)C(c2ccccc2)(c2ccccc2)C1=O,0,0.7740303952237003,22.535714285714285,378.5160000000001,348.2760000000001,378.23072819999993,148.0,0.0,0.237555222787085,-0.37879274042679484,0.37879274042679484,0.237555222787085,32.78,28.0,5.787574221332846,3.173300000000001,111.28400000000006
CN1CC(C(=O)N[C@]2(C)O[C@@]3(O)[C@@H]4CCCN4C(=O)C(Cc4ccccc4)N3C2=O)C[C@@H]2c3cccc4[nH]cc(c34)C[C@H]21,0,0.4331360862734448,35.18604651162791,583.6890000000001,546.3930000000004,583.2794692840001,224.0,0.0,0.28021547579734724,-0.36088046458560485,0.36088046458560485,0.28021547579734724,118.21000000000001,43.0,5.861972636084463,2.0811000000000024,157.3661999999997
CCCCCCCC(=O)O,0,0.5811557038471341,9.7,144.214,128.08599999999998,144.115029752,60.0,0.0,0.30283955653217365,-0.481230389785217,0.481230389785217,0.30283955653217365,37.3,10.0,6.2388963754427404,2.4314999999999998,41.0118
NCCCNCCCCNCCCN,1,0.3452806057714905,10.714285714285714,202.34599999999995,176.13799999999998,202.21574683199998,86.0,0.0,-0.003689861499451453,-0.33042474493071083,0.33042474493071083,0.003689861499451453,76.1,14.0,12.693257142857144,-0.35659999999999775,62.31620000000004
CC(c1nc(-c2ccc(C#N)cc2)cs1)C(O)(Cn1cncn1)c1cc(F)ccc1F,0,0.4874521724874654,14.03225806451613,437.4750000000001,420.3390000000001,437.1121876040001,156.0,0.0,0.13725484876196686,-0.38237033731172376,0.38237033731172376,0.13725484876196686,87.61999999999999,31.0,5.587210960948453,4.242980000000002,110.95680000000003
CCCCCCCCCC(=O)NC(Cc1c[nH]c2ccccc12)C(=O)NC(CC(N)=O)C(=O)NC(CC(=O)O)C(=O)NC1C(=O)NCC(=O)NC(CCCN)C(=O)NC(CC(=O)O)C(=O)NC(C)C(=O)NC(CC(=O)O)C(=O)NCC(=O)NC(CO)C(=O)NC(C(C)CC(=O)O)C(=O)NC(CC(=O)c2ccccc2N)C(=O)OC1C,1,0.01129692232058956,21.182608695652174,1620.6930000000004,1518.8849999999993,1619.7103663519993,630.0,0.0,0.32896996371275855,-0.48122180279085486,0.48122180279085486,0.32896996371275855,702.02,115.0,39.19788197011321,-5.621799999999983,400.26050000000095
O=C(O)COCCN1CCN(C(c2ccccc2)c2ccc(Cl)cc2)CC1,0,0.7038936958101741,16.925925925925927,388.8950000000002,363.69500000000016,388.15537034000005,144.0,0.0,0.3291430001021143,-0.4795336744650752,0.4795336744650752,0.3291430001021143,53.010000000000005,27.0,7.2372645316662565,3.148200000000002,106.20480000000005
CN1CCN(C(=O)C2C3CCC(O3)C2C(=O)O)CC1,0,0.7403116064870366,38.68421052631579,268.313,248.15299999999993,268.14230712,106.0,0.0,0.30956160898142787,-0.4809351613252398,0.4809351613252398,0.30956160898142787,70.08,19.0,3.2223212500762695,-0.3613999999999986,66.58780000000004
CCC(CC)CC1(C(=O)Nc2ccccc2SC(=O)C(C)C)CCCCC1,0,0.5045730005656933,16.51851851851852,389.6050000000003,354.32500000000016,389.23885036,150.0,0.0,0.23013071461632612,-0.32457886625593774,0.32457886625593774,0.23013071461632612,46.17,27.0,8.400460839321731,6.676600000000007,114.98070000000007
CCOC(=O)Nc1ccc(NCc2ccc(F)cc2)nc1N,0,0.7898834049027826,10.090909090909092,304.32500000000005,287.18899999999996,304.1335540040001,116.0,0.0,0.41122093733663256,-0.4496062219416759,0.4496062219416759,0.41122093733663256,89.27,22.0,5.131138425850086,2.9834000000000005,83.02080000000002
CC1(C)CNc2cc(NC(=O)c3cccnc3NCc3ccncc3)ccc21,0,0.6289061542065445,14.071428571428571,373.4600000000001,350.2760000000001,373.19026035600007,142.0,0.0,0.25891078491250114,-0.38386776653763927,0.38386776653763927,0.25891078491250114,78.94,28.0,4.691106345073718,4.044100000000002,111.7116
CON=C(C(=O)N=C1C(=O)C2C(C(=O)[O-])C(C[N+]3(C)CCCC3)CS[C@H]12)c1csc(N)n1,0,0.32868731158941633,30.625,479.5840000000003,454.3840000000002,479.1297109000001,172.0,0.0,0.3011987414636346,-0.5498227362438118,0.5498227362438118,0.3011987414636346,147.13,32.0,6.366928031569287,-0.4195999999999968,119.26380000000002
CCOC(=O)N1CCC(=C2c3ccc(Cl)cc3CCc3cccnc32)CC1,0,0.7048857984659846,16.444444444444443,382.89100000000025,359.70700000000016,382.144805656,140.0,0.0,0.4092616965062633,-0.4497093588992517,0.4497093588992517,0.4092616965062633,42.43,27.0,5.1684519149647485,4.887800000000005,106.94800000000004
CN(CCOc1ccc(NS(C)(=O)=O)cc1)CCc1ccc(NS(C)(=O)=O)cc1,0,0.5525349937837031,12.0,441.57500000000016,414.35900000000015,441.139212964,160.0,0.0,0.22931888212140228,-0.49226233545797216,0.49226233545797216,0.22931888212140228,104.81,29.0,7.884351692016071,1.9828999999999997,116.51300000000005
Cc1ccc(O)c(C(CCN(C(C)C)C(C)C)c2ccccc2)c1,0,0.742339965191979,13.0,325.496,294.248,325.240564612,130.0,0.0,0.11890721981131311,-0.5076519060056355,0.5076519060056355,0.11890721981131311,23.47,24.0,6.444130715407524,5.341420000000006,102.72380000000005
CCN(CC)CCN(Cc1ccc(-c2ccc(C(F)(F)F)cc2)cc1)C(=O)Cn1c(SCc2ccc(F)cc2)nc(=O)c2c1CCC2,1,0.0857457012101552,12.829787234042554,666.785,628.481,666.265160336,248.0,0.0,0.41591021979081055,-0.3355369353680266,0.41591021979081055,0.3355369353680266,58.440000000000005,47.0,11.187009193412036,7.219800000000008,176.56799999999953
COc1cc2c(cc1OC)CN(CCc1ccc(NC(=O)c3cccc4c(=O)c5cccc(OC)c5[nH]c34)cc1)CC2,1,0.240299091849035,13.119047619047619,563.6540000000001,530.3900000000003,563.242021156,214.0,0.0,0.2572960519890988,-0.49455453116423326,0.49455453116423326,0.2572960519890988,92.89000000000001,42.0,7.542978444371299,5.5602000000000045,165.25289999999964
CCN(CCCOc1ccc2c(Nc3cc(CC(=O)Nc4cccc(F)c4)[nH]n3)ncnc2c1)CCOP(=O)(O)O,0,0.10148169019442926,11.634146341463415,587.5490000000003,556.3010000000003,587.2057465620001,218.0,0.0,0.4691219884819666,-0.49346738183216393,0.49346738183216393,0.4691219884819666,174.82,41.0,10.329860870138011,3.616900000000002,150.36419999999987
Oc1cc(O)c2c(c1)O[C@H](c1cc(O)c(O)c(O)c1)[C@H](O)C2,0,0.43709373492299836,20.227272727272727,306.27000000000004,292.158,306.073952788,116.0,0.0,0.1997768653224422,-0.5076790312956446,0.5076790312956446,0.1997768653224422,130.61,22.0,3.1419677020657164,1.2517,74.2878
COC1C(OC(=O)C=CC=CC=CC=CC(=O)O)CCC2(CO2)C1C1(C)OC1CC=C(C)C,0,0.1741993929294942,35.63636363636363,458.5510000000004,424.2790000000003,458.230453428,180.0,0.0,0.3306116230951137,-0.47807385739629893,0.47807385739629893,0.3306116230951137,97.89,33.0,8.103352911908656,3.9154000000000035,123.60580000000006
O=C(Nc1ccc([N+](=O)[O-])cc1Cl)c1cc(Cl)ccc1O,0,0.6611804498474478,10.19047619047619,327.12300000000005,319.059,325.986112096,108.0,0.0,0.27057070234525266,-0.5071197044152095,0.5071197044152095,0.27057070234525266,92.47,21.0,4.300645545611517,3.859500000000001,79.17640000000002
Cn1cc(CNCC2CCN(c3ncc(C(O)=NO)cn3)CC2)c2ccccc21,1,0.2573091557528722,15.89655172413793,394.47900000000016,368.2710000000002,394.21172407200004,152.0,0.0,0.25760795965988315,-0.4907075446523309,0.4907075446523309,0.25760795965988315,98.80000000000001,29.0,5.616008823491611,2.6683000000000003,112.54700000000003
CN1C(C(=O)Nc2ccccn2)C(=O)c2ccccc2S1(=O)=O,0,0.825063880259001,19.869565217391305,331.35300000000007,318.24899999999997,331.06267689599997,118.0,0.0,0.2514996200789799,-0.3088837866010742,0.3088837866010742,0.2514996200789799,96.44,23.0,3.7047753780255084,0.9057,82.37600000000003
CN(C)CCc1c[nH]c2ccc(CC3COC(=O)N3)cc12,0,0.8831305051919812,18.238095238095237,287.36299999999994,266.19499999999994,287.163376912,112.0,0.0,0.40705061459259423,-0.44735539675448166,0.44735539675448166,0.40705061459259423,57.36,21.0,3.835377437603204,1.9229,82.53240000000004
Nc1ncn(C2OC(CO)C(O)C2O)c(=O)n1,0,0.42624746530482693,32.88235294117647,244.207,232.11099999999996,244.080769484,94.0,0.0,0.35377553359999364,-0.3935668538488262,0.3935668538488262,0.35377553359999364,143.72000000000003,17.0,3.066465909020122,-3.1679999999999997,53.71380000000001
C#C[C@]1(O)CC[C@H]2[C@@H]3CC=C4CC(=O)CCC4[C@H]3C(=C)C[C@@]21CC,0,0.5834905102158031,47.291666666666664,324.4640000000001,296.24,324.208930136,128.0,0.0,0.1364614200671886,-0.3770102905143861,0.3770102905143861,0.1364614200671886,37.3,24.0,3.589212961080651,4.048700000000004,95.01580000000004
Cc1c(-c2ccnn2C)cc(C(=O)NCc2ccc(S(C)(=O)=O)cn2)c(=O)n1-c1cccc(C(F)(F)F)c1,0,0.3976602993121219,11.947368421052632,545.5430000000002,523.3670000000002,545.1344598439999,198.0,0.0,0.41598584534704897,-0.34620880346556826,0.41598584534704897,0.34620880346556826,115.95000000000002,38.0,6.975566585981008,3.293720000000002,132.49699999999996
CN1CCC(=C2c3ccccc3CCc3sccc32)CC1,0,0.697189433962428,19.095238095238095,295.4510000000001,274.28299999999996,295.139470672,108.0,0.0,0.012704105597502905,-0.3057312648624205,0.3057312648624205,0.012704105597502905,3.24,21.0,3.4393583822976104,4.374200000000004,90.92200000000005
COc1cc(C(=O)OCCCCN=C(N)N)cc(OC)c1O,0,0.2775479549112897,9.909090909090908,311.338,290.17,311.148120772,122.0,0.0,0.33790155697194724,-0.5016991600352892,0.5016991600352892,0.33790155697194724,129.39,22.0,6.809119248394509,0.6198000000000004,81.40410000000003
CC1(c2nc3c(C(N)=O)cccc3[nH]2)CCCN1,0,0.7432544662077788,23.61111111111111,244.298,228.17,244.132411132,94.0,0.0,0.25047392106613314,-0.3655298802461866,0.3655298802461866,0.25047392106613314,83.8,18.0,2.3772249510835692,1.2604,69.20030000000003
N#Cc1ccc(C(c2ccc(C#N)cc2)n2cncn2)cc1,0,0.7407442417149674,10.136363636363637,285.31,274.222,285.101445352,104.0,0.0,0.13729255450121505,-0.24099742421585083,0.24099742421585083,0.13729255450121505,78.29,22.0,3.6331795733795995,2.65916,79.57700000000001
CC(Cn1cnc2c(N)ncnc21)OCP(=O)(O)O,0,0.6508142768259144,13.842105263157896,287.21599999999995,273.104,287.078340558,104.0,0.0,0.3504934660788787,-0.3817311680590846,0.3817311680590846,0.3504934660788787,136.38000000000002,19.0,3.8118398943660394,-0.051200000000000134,67.19350000000001
NCCS,0,0.4190213910899089,7.5,77.15199999999999,70.096,77.029920224,26.0,0.0,0.0025490654015494826,-0.32966115602539775,0.32966115602539775,0.0025490654015494826,26.02,4.0,3.5665249999999964,-0.12509999999999988,22.9074
N=C(N)c1ccc(OCCCCCOc2ccc(C(=N)N)cc2)cc1,0,0.3019578218783795,10.24,340.42699999999996,316.235,340.189926008,132.0,0.0,0.1222776309841451,-0.49360103062638605,0.49360103062638605,0.1222776309841451,118.2,25.0,6.828601876012373,2.8828400000000007,99.75720000000001
COc1ccc(C=CC(=O)CC(=O)/C=C/c2ccc(OC)c(OC)c2)cc1OC,1,0.44693989492598546,10.89655172413793,396.43900000000014,372.2470000000002,396.15728848799995,152.0,0.0,0.1629186444677,-0.49286956489773437,0.49286956489773437,0.1629186444677,71.06000000000002,29.0,8.032091234041589,3.9759000000000038,111.79100000000003
CCCC(CCC)C(=O)O,0,0.6423719745530849,10.3,144.214,128.08599999999998,144.115029752,60.0,0.0,0.30598677885955755,-0.48102646388509346,0.48102646388509346,0.30598677885955755,37.3,10.0,4.990851351636748,2.2874,40.9418
Cc1ccn(-c2cc(Cl)ccc2C(Oc2cc(-c3ccc(CC(N)C(=O)O)cc3)nc(N)n2)C(F)(F)F)n1,0,0.2928755543879992,13.210526315789474,546.9370000000002,524.7610000000002,546.1394009040001,198.0,0.0,0.429377542492927,-0.4800777002034127,0.4800777002034127,0.429377542492927,142.17000000000002,38.0,7.555657429266327,4.510120000000002,133.93060000000006
Nc1nc(OCc2cc(Br)cs2)c2[nH]cnc2n1,0,0.7709472774108496,10.944444444444445,326.17900000000003,318.115,324.96329297600005,92.0,0.0,0.2449502155899369,-0.4702832990276046,0.4702832990276046,0.2449502155899369,89.71,18.0,2.881415425767865,2.3381,72.4471
O=C(NCC1CCCCN1)c1cc(OCC(F)(F)F)ccc1OCC(F)(F)F,0,0.6715843719947417,17.857142857142858,414.34600000000006,394.18600000000004,414.13781181999997,158.0,0.0,0.4220670275888739,-0.48410121481961776,0.48410121481961776,0.4220670275888739,59.59,28.0,7.3887077970243835,3.4407000000000014,87.51690000000005
OC(CCN1CCCCC1)(c1ccccc1)c1ccccc1,0,0.9067132451704352,16.59090909090909,295.42600000000004,270.226,295.19361442,116.0,0.0,0.11580936974243129,-0.38034604711056536,0.38034604711056536,0.11580936974243129,23.47,22.0,4.912124578645535,3.7985000000000033,90.79080000000006
N=C(N)NN=Cc1c(Cl)cccc1Cl,1,0.4121695097661579,10.428571428571429,231.086,223.02199999999996,230.01260161599998,74.0,0.0,0.2060733389506127,-0.36870341423417463,0.36870341423417463,0.2060733389506127,74.26,14.0,3.7342593963971358,1.8103700000000003,59.10580000000001
CN1CCC(=C2c3ccccc3C=Cc3ccccc32)CC1,0,0.5791645622326819,17.863636363636363,287.4060000000001,266.23799999999994,287.167399672,110.0,0.0,0.001599538244649597,-0.3057312648686364,0.3057312648686364,0.001599538244649597,3.24,22.0,3.435255471959164,4.697900000000004,94.56500000000005
CC(C)n1c(=O)cc(N[C@@H](C)c2ccccc2)[nH]c1=O,0,0.8978140982666175,12.4,273.33600000000007,254.18399999999997,273.147726848,106.0,0.0,0.32964794992882895,-0.36483351908898404,0.36483351908898404,0.32964794992882895,66.89,20.0,4.07555025903592,2.2906,80.18740000000003
CC(C)(C(=O)O)c1ccc(C(O)CCCN2CCC(C(O)(c3ccccc3)c3ccccc3)CC2)cc1,0,0.34130592103345714,16.43243243243243,501.66700000000014,462.35500000000036,501.287908728,196.0,0.0,0.3130463238901625,-0.4805900937855873,0.4805900937855873,0.3130463238901625,81.0,37.0,8.478642122581173,5.510500000000006,146.3443999999998
CC12C=CC(=O)C=C1CCC1C3CC(O)C(O)(C(=O)CO)C3(C)CC(O)C12F,0,0.545907213602937,52.535714285714285,394.4390000000002,367.2230000000001,394.179166804,154.0,0.0,0.1923133367738356,-0.3897124018294879,0.3897124018294879,0.1923133367738356,115.06,28.0,4.129212516055124,0.6204999999999998,96.78720000000003
Nc1nc(=O)c2c([nH]1)NCC(CNc1ccc(C(=O)NC(CCC(=O)O)C(=O)O)cc1)N2C=O,1,0.21313148229853152,15.411764705882353,473.4460000000002,450.2620000000003,473.1658960759999,180.0,0.0,0.3257212005941315,-0.4812292557834712,0.4812292557834712,0.3257212005941315,219.83999999999997,34.0,7.302004121974731,-0.7310999999999974,120.78230000000005
Nc1ccccc1NC(=O)c1ccc(CNc2nccc(-c3cccnc3)n2)cc1,0,0.42571914326019455,10.4,396.45400000000006,376.29400000000015,396.16985926000007,148.0,0.0,0.2552166766604605,-0.39704553945743304,0.39704553945743304,0.2552166766604605,105.82,30.0,5.613303830105413,3.9852000000000016,117.83929999999998
NC(=O)/C(=C/n1cnc(-c2cc(C(F)(F)F)cc(C(F)(F)F)c2)n1)c1cncnc1,1,0.508113520554298,12.8,428.296,418.21600000000007,428.0820282600001,156.0,0.0,0.4159487070032422,-0.36552999219252197,0.4159487070032422,0.36552999219252197,99.58000000000001,30.0,5.287860393311222,3.2561000000000018,90.85539999999997
CCC1C(=O)N(C)c2cnc(Nc3ccc(C(=O)NC4CCN(C)CC4)cc3OC)nc2N1C1CCCC1,1,0.5703394097150783,20.94736842105263,521.6660000000004,482.3540000000003,521.3114381080001,204.0,0.0,0.2511355194566637,-0.4945529209704142,0.4945529209704142,0.2511355194566637,102.92999999999999,38.0,7.690207579838227,3.5568000000000017,148.5178999999998
CCCSc1nc(NC2CC2c2ccc(F)c(F)c2)c2nnn(C3CC(OCCO)C(O)C3O)c2n1,0,0.23104078172688383,27.61111111111111,522.5780000000002,494.35400000000027,522.186080816,194.0,0.0,0.19120826421090437,-0.3939800468068563,0.3939800468068563,0.19120826421090437,138.44,36.0,7.352816376515798,2.0136999999999996,127.75310000000002
C[C@]12CCC(=O)C=C1CC[C@@H]1C2C(=O)C[C@@]2(C)[C@H]1CC[C@]2(O)C(=O)CO,0,0.7856923773821717,47.69230769230769,360.45000000000016,332.22600000000006,360.1936739959999,142.0,0.0,0.1896418237955756,-0.38846410124812436,0.38846410124812436,0.1896418237955756,91.67,26.0,3.8779275898641026,1.9898000000000002,94.14260000000004
CNC(=O)c1cc(Oc2ccc(NC(=O)Nc3ccc(Cl)c(C(F)(F)F)c3)cc2)ccn1,0,0.4613395020059931,10.90625,464.83100000000013,448.70300000000015,464.086302712,166.0,0.0,0.41741842768680637,-0.45723690229449804,0.45723690229449804,0.41741842768680637,92.35000000000001,32.0,6.8395935598665005,5.549700000000003,113.2386
CCCc1cc(=O)[nH]c(=S)[nH]1,1,0.6587322532597096,9.909090909090908,170.237,160.15699999999998,170.05138394,60.0,0.0,0.25136138513677664,-0.3358743916003891,0.3358743916003891,0.25136138513677664,48.65,11.0,2.59320926434465,1.38499,46.2424
Cc1[nH]c(=O)c(C#N)cc1-c1ccc2nccn2c1,0,0.7160441632656432,10.526315789473685,250.26100000000002,240.18099999999995,250.08546094,92.0,0.0,0.2655914562998828,-0.32475126448026514,0.32475126448026514,0.2655914562998828,73.94999999999999,19.0,2.426535662595677,1.8697,70.70070000000003
O=C1C(O)c2c(O)cc(O)cc2OC1c1cc(O)c(O)c(O)c1,0,0.4254900633616807,19.956521739130434,320.25300000000004,308.15700000000004,320.05321734399996,120.0,0.0,0.21053395379436016,-0.5076789952315901,0.5076789952315901,0.21053395379436016,147.68,23.0,3.187376569262517,0.9507999999999994,74.5438
Cc1[nH]c(=O)c(C#N)cc1-c1ccncc1,0,0.7786697771862998,9.75,211.22400000000002,202.15199999999996,211.074561908,78.0,0.0,0.26559144199036955,-0.32475219539303596,0.32475219539303596,0.26559144199036955,69.53999999999999,16.0,2.523017479373399,1.617,59.74570000000002
CC1(O)CC(c2nc(-c3ccc4ccc(-c5ccccc5)nc4c3)c3c(N)nccn23)C1,1,0.435837306206756,20.5,421.5040000000002,398.32000000000016,421.1902603560001,158.0,0.0,0.14955328572644155,-0.3901329579529353,0.3901329579529353,0.14955328572644155,89.33,32.0,4.068175413763459,4.822100000000004,126.17120000000003
COCc1c(-c2ccc(NC(=O)Nc3cc(C(F)(F)F)ccc3F)c(F)c2)c2c(N)ncnn2c1CN1CCOCC1,1,0.2618404032019055,14.333333333333334,591.5409999999999,565.3330000000001,591.2017287920002,222.0,0.0,0.4159890485665297,-0.3818290174223021,0.4159890485665297,0.3818290174223021,119.03999999999999,42.0,8.244261761941644,4.898100000000003,143.6457999999999
Cc1c(O)cccc1C(=O)NC(CSc1ccccc1)C(O)CN1CC2CCCCC2CC1C(=O)NC(C)(C)C,0,0.3265009773626079,23.075,567.7960000000003,522.4360000000004,567.31307792,218.0,0.0,0.25152173327795896,-0.5076609476452876,0.5076609476452876,0.25152173327795896,101.9,40.0,10.193206554452825,4.747620000000004,160.5924999999997
C[C@]12CC[C@@H](O)C[C@@H]1CC[C@@H]1[C@@H]2CC[C@]2(C)C(=O)CC[C@@H]12,0,0.7329727353787588,56.523809523809526,290.447,260.20699999999994,290.2245802,118.0,0.0,0.13855528441675471,-0.3931197276586114,0.3931197276586114,0.13855528441675471,37.3,21.0,3.0952068815461913,3.959100000000003,82.74080000000006
NCCc1c[nH]cn1,0,0.5600816350147321,9.625,111.14799999999998,102.076,111.07964728799999,44.0,0.0,0.09225606297288715,-0.35090408049868166,0.35090408049868166,0.09225606297288715,54.7,8.0,1.6397714571966953,-0.08910000000000035,31.346099999999996
CC(N)C(=O)NC(Cc1ccc2ccccc2c1)C(=O)NC(Cc1c[nH]c2ccccc12)C(=O)NC(Cc1ccccc1)C(=O)NC(CCCCN)C(N)=O,0,0.05877437635839869,13.945454545454545,746.9129999999998,696.5129999999999,746.3904167000001,288.0,0.0,0.24308481135748247,-0.3678884965810832,0.3678884965810832,0.24308481135748247,227.32,55.0,14.106482967330534,2.249700000000003,213.2726999999996
O=c1[nH]c(=O)n(C2CC(O)C(CO)O2)cc1C(F)(F)F,0,0.6622919739385444,26.95,296.20099999999996,285.11299999999994,296.062006112,112.0,0.0,0.42262950961982954,-0.3935688359788981,0.42262950961982954,0.3935688359788981,104.55000000000001,20.0,3.7141607376678794,-0.8039000000000001,57.94430000000001
COCC1=C(C(=O)OC(C)OC(=O)OC(C)C)N2C(=O)C(=NC(=O)C(NOC)c3csc(N)n3)[C@H]2SC1,0,0.18105872849483098,19.83783783783784,557.6070000000001,530.3910000000002,557.125019444,202.0,0.0,0.5111256165243803,-0.43148885928369507,0.5111256165243803,0.43148885928369507,180.97000000000003,37.0,9.60676446807723,1.1514000000000006,132.10409999999996
Cc1ccccc1N1C(=O)c2cc(S(N)(=O)=O)c(Cl)cc2NC1C,1,0.8553020577996142,17.416666666666668,365.8420000000001,349.7140000000001,365.060090052,126.0,0.0,0.2616133746841807,-0.36433917430202833,0.36433917430202833,0.2616133746841807,92.5,24.0,4.02688320205021,2.714120000000001,93.89840000000002
CC1CC2C3CC=C4CC(=O)C=CC4(C)C3(F)C(O)CC2(C)C1(O)C(=O)COP(=O)(O)O,0,0.35974933552472427,48.0,472.44600000000025,442.2060000000002,472.16623276999985,178.0,0.0,0.46950824451140083,-0.38971219933823376,0.46950824451140083,0.38971219933823376,141.36,32.0,5.336983285632953,2.0127000000000006,110.85470000000004
CCC(C)C(=O)OC1CCC=C2C=CC(C)C(CCC3CC(O)CC(=O)O3)C21,0,0.695389998340901,36.142857142857146,390.52000000000015,356.2480000000001,390.2406241879999,156.0,0.0,0.3084306314533961,-0.462187766692791,0.462187766692791,0.3084306314533961,72.83,28.0,6.971104679702562,3.949500000000003,106.29080000000005
CNC(=O)C(Cc1c[nH]c2ccccc12)NC(=O)C(CC(O)=NO)CC(C)C,1,0.19549928488035498,14.071428571428571,388.4680000000002,360.24400000000014,388.21105537599993,152.0,0.0,0.24216762782842105,-0.49424556018205695,0.49424556018205695,0.24216762782842105,126.81000000000002,28.0,7.426117705543585,2.339299999999999,107.41240000000006
O=c1ccn([C@@H]2O[C@H](COP(=O)(O)OP(=O)(O)OP(=O)(O)O)[C@@H](O)[C@H]2O)c(=O)[nH]1,0,0.18801688264004784,29.310344827586206,484.1400000000001,469.0200000000002,483.96852766999984,166.0,0.0,0.4895429757303668,-0.38741946803667954,0.4895429757303668,0.38741946803667954,264.36999999999995,29.0,7.195073076341845,-2.500900000000001,87.063
N=C(N)NCCCC(N)C(=O)NC(CCCN=C(N)N)C(=O)N1CCCC1C(=O)N1C[C@H](O)CC1C(=O)NCC(=O)NC(Cc1cccs1)C(=O)NC(CO)C(=O)N1Cc2ccccc2CC1C(=O)N1C(C(=O)NC(CCCN=C(N)N)C(=O)O)C[C@@H]2CCCC[C@@H]21,0,0.019822057415732293,22.402173913043477,1304.5480000000007,1214.8359999999993,1303.6607949079996,504.0,0.0,0.3256967066435355,-0.47971746822726224,0.47971746822726224,0.3256967066435355,521.2199999999999,92.0,25.824374985400485,-4.813330000000023,336.7657000000005
CCOC(=O)C(CCc1ccccc1)NC(C)C(=O)N1C(=O)N(C)CC1C(=O)O,0,0.5858608536730584,18.448275862068964,405.45100000000025,378.2350000000001,405.189985584,158.0,0.0,0.3283506588984307,-0.47964943211896327,0.47964943211896327,0.3283506588984307,116.25000000000001,29.0,7.718229836743401,0.8762000000000008,104.07750000000007
CCOc1cc(N)c(Cl)cc1C(=O)NCC1CN(Cc2ccc(F)cc2)CCO1,0,0.6716774725066873,17.137931034482758,421.9000000000002,396.70000000000016,421.15684756,156.0,0.0,0.2546932023374739,-0.4929633388186292,0.4929633388186292,0.2546932023374739,76.82,29.0,7.302297713986582,3.0908000000000015,110.78360000000004
O=c1c(OC2OC(CO)C(O)C(O)C2O)c(-c2ccc(O)c(O)c2)oc2cc(O)cc(O)c12,0,0.22887514478522258,25.272727272727273,464.37900000000025,444.2190000000003,464.09547607999986,176.0,0.0,0.23863269529635994,-0.5076781655726268,0.5076781655726268,0.23863269529635994,210.51,33.0,5.777648617661214,-0.5388999999999995,108.97439999999997
O=C(NCCO[N+](=O)[O-])c1cccnc1,0,0.42056369452149583,9.333333333333334,211.17700000000002,202.10499999999996,211.059305768,80.0,0.0,0.2940608949014624,-0.35004698958870933,0.35004698958870933,0.2940608949014624,94.36,15.0,4.017119106296313,0.01969999999999983,49.51660000000002
CN1CCCC1CCOC(C)(c1ccccc1)c1ccc(Cl)cc1,0,0.7227145221154114,20.875,343.898,317.68999999999994,343.170292132,128.0,0.0,0.11526225596111901,-0.3657745483551897,0.3657745483551897,0.11526225596111901,12.47,24.0,5.597968541557474,5.104400000000005,100.56900000000006
O[C@@H]1CO[C@H]2[C@@H]1OC[C@@H]2O,0,0.4366832812212584,53.4,146.142,136.06199999999998,146.0579088,58.0,0.0,0.1144714491356054,-0.3878928532017935,0.3878928532017935,0.1144714491356054,58.92,10.0,1.4171476466777029,-1.4942000000000004,31.493599999999986
CCC1(c2ccc(N)cc2)CCC(=O)NC1=O,0,0.5969362176118971,24.529411764705884,232.28299999999996,216.15499999999997,232.121177752,90.0,0.0,0.2367039990534466,-0.39872855530518103,0.39872855530518103,0.2367039990534466,72.19,17.0,2.8765719798728524,1.3532,65.20710000000003
Cc1ncc([N+](=O)[O-])n1CCOC(=O)c1ccccc1,0,0.4725804955060185,10.25,275.26399999999995,262.15999999999997,275.09060589600006,104.0,0.0,0.34247108932979636,-0.4579071287703202,0.4579071287703202,0.34247108932979636,87.25999999999999,20.0,4.0908971456807155,1.95672,70.34290000000003
CCc1ccc(C(=O)COc2ccc(Cc3sc(=O)[nH]c3O)cc2)nc1,0,0.623977084997998,10.653846153846153,370.43000000000006,352.2860000000001,370.098728056,134.0,0.0,0.3071316372988507,-0.49372051082094687,0.49372051082094687,0.3071316372988507,92.28,26.0,5.478102040296442,2.951900000000001,99.293
CCCCOc1nc(N)c2c(n1)N(Cc1cccc(CN3CCCC3)c1)CC(=O)N2,1,0.6460437677402352,16.433333333333334,410.52200000000033,380.28200000000015,410.2430242,160.0,0.0,0.3199820608975481,-0.46336208280995295,0.46336208280995295,0.3199820608975481,96.60999999999999,30.0,6.32339867376292,2.7922000000000002,117.48010000000005
C=C[C@]1(C)C[C@@H](OC(=O)CSC(C)(C)CNC(=O)C(N)C(C)C)[C@]2(C)[C@H](C)CC[C@]3(CCC(=O)[C@H]32)[C@@H](C)[C@@H]1O,1,0.27860165101000955,39.35897435897436,564.8330000000004,512.4170000000004,564.359693764,222.0,0.0,0.31570889361551985,-0.461100987145405,0.461100987145405,0.31570889361551985,118.72000000000001,39.0,9.459774031288836,4.5042000000000035,157.00089999999975
COc1ccc(-c2ccc3cc(C(=O)O)ccc3c2)cc1C12CC3CC(CC(C3)C1)C2,1,0.5197041292773108,28.741935483870968,412.5290000000003,384.3050000000002,412.20384475599997,158.0,0.0,0.3352010214298788,-0.49645490240635376,0.49645490240635376,0.3352010214298788,46.53,31.0,4.178716453491839,6.681400000000005,122.74530000000007
O=C(CCc1ccc(O)cc1)c1c(O)cc(O)cc1OC1OC(CO)C(O)C(O)C1O,0,0.28756380767230916,25.870967741935484,436.4130000000001,412.22100000000023,436.13694696799985,168.0,0.0,0.22876448271828193,-0.5079666452403732,0.5079666452403732,0.22876448271828193,177.14,31.0,6.982417637212414,-0.2024000000000002,104.92510000000003
CN(C)CCCN1c2ccccc2Sc2ccc(Cl)cc21,0,0.7918053413291345,13.238095238095237,318.8730000000001,299.721,318.09574728800004,110.0,0.0,0.05673003115117899,-0.33955085067145824,0.33955085067145824,0.05673003115117899,6.48,21.0,4.432214413349048,4.894400000000004,92.19400000000006
O=C1NCC2(CCN(CCc3ccccc3)CC2)O1,0,0.9008052178700257,22.210526315789473,260.337,240.17699999999994,260.15247788,102.0,0.0,0.4073918201032563,-0.44095642569656646,0.44095642569656646,0.4073918201032563,41.57000000000001,19.0,3.4235178439607434,1.8034999999999997,73.03470000000004
CCOc1ccc(NC(C)=O)cc1,1,0.770678866809672,9.384615384615385,179.219,166.11499999999998,179.094628656,70.0,0.0,0.22074743631883423,-0.49388743379012007,0.49388743379012007,0.22074743631883423,38.33,13.0,3.314810741587546,2.0437,51.914700000000025
CN(C)CCC[C@]1(c2ccc(F)cc2)OCc2cc(C#N)ccc21,1,0.8388667572429986,19.291666666666668,324.39900000000006,303.231,324.16379151200005,124.0,0.0,0.12273124998647017,-0.36083984954317194,0.36083984954317194,0.12273124998647017,36.26,24.0,4.657501270044967,3.812980000000003,90.91400000000006
CCCCC(=O)N(Cc1ccc(-c2ccccc2-c2nn[nH]n2)cc1)C(C(=O)O)C(C)C,0,0.49443162692459075,12.0,435.52800000000013,406.29600000000016,435.227039788,168.0,0.0,0.3261964828202927,-0.47970434179517524,0.47970434179517524,0.3261964828202927,112.07000000000001,32.0,7.699822405873044,4.161700000000002,121.38650000000004
C=c1c(N)c(O)c2c(c1O)N1C[C@@H]3N[C@@H]3[C@]1(OC)C=2COC(N)=O,1,0.18148385109306242,29.208333333333332,334.3320000000001,316.18800000000005,334.12771967599997,128.0,0.0,0.4043184836600864,-0.5050551339524544,0.5050551339524544,0.4043184836600864,153.21,24.0,2.76880810874305,-2.1469999999999985,85.6971
Cc1c(C(=O)Nc2ccc(N3CC(C)OC(C)C3)nc2)cccc1-c1ccc(OC(F)(F)F)cc1,1,0.49338697106079665,18.285714285714285,485.5060000000001,459.2980000000002,485.19262635199993,184.0,0.0,0.5725963034142785,-0.4057992913998417,0.5725963034142785,0.4057992913998417,63.69000000000001,35.0,6.9754888446577485,5.821520000000005,127.71020000000003
CC(C)CC1C(=O)OC(Cc2ccc(N3CCOCC3)cc2)C(=O)N(C)C(CC(C)C)C(=O)OC(C)C(=O)N(C)C(CC(C)C)C(=O)OC(Cc2ccc(N3CCOCC3)cc2)C(=O)N(C)C(CC(C)C)C(=O)OC(C)C(=O)N1C,1,0.1726922827681324,25.575,1119.4079999999992,1028.6879999999994,1118.65150156,444.0,0.0,0.32915050855483746,-0.45101929982423733,0.45101929982423733,0.32915050855483746,211.38,80.0,24.177426631743486,5.338000000000014,301.276
Cc1cc2c(cc1CC(=O)c1sccc1S(=O)(=O)Nc1onc(C)c1Cl)OCO2,0,0.5613022950139055,12.931034482758621,454.91300000000024,439.7930000000002,454.00600588,152.0,0.0,0.26535968606252686,-0.45358493685176576,0.45358493685176576,0.26535968606252686,107.73,29.0,5.01031372287415,3.9612400000000028,106.71400000000004
C[C@H]1CO[C@@H]2Cn3cc(C(=O)NCc4ccc(F)cc4F)c(=O)c(O)c3C(=O)N12,0,0.7924971534172238,20.379310344827587,405.35700000000014,388.2210000000001,405.113627084,152.0,0.0,0.2764145215531893,-0.5025213946300511,0.5025213946300511,0.2764145215531893,100.86999999999999,29.0,4.57552113225769,0.9626999999999997,95.26650000000004
NC(Cc1c[nH]c2ccc(O)cc12)C(=O)O,0,0.61514071449147,12.8125,220.22799999999998,208.13199999999995,220.084792244,84.0,0.0,0.32031692113586585,-0.5079413894502197,0.5079413894502197,0.32031692113586585,99.34000000000002,16.0,2.5357698091729333,0.8279000000000003,59.278700000000015
CC1CCOC2Cn3cc(C(=O)NCc4ccc(F)cc4F)c(=O)c(O)c3C(=O)N12,0,0.7824608276704148,20.5,419.3840000000002,400.23200000000014,419.12927714799997,158.0,0.0,0.27633458760868285,-0.5025213946625778,0.5025213946625778,0.27633458760868285,100.86999999999999,30.0,5.021726711908427,1.3528,99.88350000000004
CCOc1nc2cccc(C(=O)OCc3oc(=O)oc3C)c2n1Cc1ccc(-c2ccccc2-c2nc(=O)o[nH]2)cc1,0,0.242490769835421,11.19047619047619,568.5420000000003,544.3500000000003,568.159413728,212.0,0.0,0.5186358297666488,-0.46493572465200356,0.5186358297666488,0.46493572465200356,155.59,42.0,7.009655913908797,4.705220000000004,149.10019999999972
CC(C)(C)C(=O)Oc1ccc(S(=O)(=O)Nc2ccccc2C(=O)NCC(=O)O)cc1,0,0.4485702200828113,11.433333333333334,434.47000000000014,412.2940000000002,434.11477204399995,160.0,0.0,0.32248055983691754,-0.4799303231674652,0.4799303231674652,0.32248055983691754,138.86999999999998,30.0,6.8288200206559955,2.2533000000000003,108.75150000000006
COc1cc2c(cc1OC)C13CCN4CC5=CCOC6CC(=O)N2C1C6C5CC43,0,0.719494543160785,41.03448275862069,394.4710000000001,368.26300000000015,394.189257312,152.0,0.0,0.22942048583264124,-0.4928563883818056,0.4928563883818056,0.22942048583264124,51.24,29.0,3.083668800200604,2.1097,106.51300000000002
C[C@]1(COc2ccc(N3CCC(Oc4ccc(OC(F)(F)F)cc4)CC3)cc2)Cn2cc([N+](=O)[O-])nc2O1,0,0.2951204363925523,19.526315789473685,534.4910000000002,509.2910000000003,534.17261918,202.0,0.0,0.5725963322844689,-0.49029713138969694,0.5725963322844689,0.49029713138969694,101.12,38.0,6.6748805343354105,4.967800000000004,128.83940000000004
Cc1ncc([N+](=O)[O-])n1CCO,1,0.5158680082581498,10.166666666666666,171.15599999999998,162.08399999999997,171.064391148,66.0,0.0,0.3424297029647619,-0.3922869346517497,0.3922869346517497,0.3424297029647619,81.19,12.0,2.390683698923985,0.09201999999999994,40.704200000000014
CCCCc1c(O)n(-c2ccccc2)n(-c2ccccc2)c1=O,1,0.7813822754514473,10.826086956521738,308.3810000000001,288.221,308.15247787999994,118.0,0.0,0.2783988686644665,-0.49291867988116106,0.49291867988116106,0.2783988686644665,47.16,23.0,4.32668279514554,3.676400000000002,91.64280000000005
COC(=O)C1=C(C)N=C(C)C(C(=O)OCC(C)C)C1c1ccccc1[N+](=O)[O-],0,0.4196692988616269,19.285714285714285,388.4200000000001,364.2280000000001,388.16343648799995,150.0,0.0,0.3357457572196351,-0.4655873618598404,0.4655873618598404,0.3357457572196351,108.1,28.0,6.664406970618549,3.415300000000002,102.94940000000005
CC1(C)CC(O)CC(C)(C)N1[O],0,0.5989924078111104,30.5,172.248,154.10399999999996,172.133753816,71.0,1.0,0.05764880113230054,-0.39298176493734205,0.39298176493734205,0.05764880113230054,43.37,12.0,2.231362491477896,1.3457999999999999,45.924300000000024
CCCOc1ccc(S(=O)(=O)NCCC2CCCN2C)cc1-c1nc(=O)c2c([nH]1)c(CCC)nn2C,0,0.401794674100203,16.72222222222222,516.6680000000003,480.3800000000003,516.2518746320001,196.0,0.0,0.29888415587258593,-0.4928352211249412,0.4928352211249412,0.29888415587258593,122.20999999999998,36.0,8.111724506047013,2.8275000000000006,139.80419999999995
CC1CN(c2c(F)c(N)c3c(=O)c(C(=O)O)cn(C4CC4)c3c2F)CC(C)N1,0,0.6918289177745705,22.642857142857142,392.4060000000002,370.23000000000013,392.165997004,150.0,0.0,0.3407245804641776,-0.47749701459307237,0.47749701459307237,0.3407245804641776,100.59,28.0,4.29424850926686,2.0816,102.03940000000004
CC1(C)C2CCC1(C)C(O)C2,0,0.5667995799649953,53.45454545454545,154.253,136.10899999999998,154.135765196,64.0,0.0,0.060138399314642474,-0.3925295894080084,0.3925295894080084,0.060138399314642474,20.23,11.0,1.2576708285692146,2.1935000000000002,45.23580000000002
NC(=O)c1cccc(N)c1,0,0.5473422654963029,9.2,136.154,128.09,136.063662876,52.0,0.0,0.2482726911761825,-0.39870877976392094,0.39870877976392094,0.2482726911761825,69.11,10.0,1.579018066559098,0.36770000000000025,39.3723
COc1ccc(C(=O)CC(=O)c2ccc(C(C)(C)C)cc2)cc1,0,0.6051449189078485,11.130434782608695,310.393,288.217,310.15689456399997,120.0,0.0,0.1701083935748225,-0.4967677896988189,0.4967677896988189,0.1701083935748225,43.370000000000005,23.0,4.9925208134385395,4.448400000000004,91.41400000000004
COC(=O)N(C)c1c(N)nc(-c2nn(Cc3ccccc3F)c3ncccc23)nc1N,0,0.5113498614184088,10.935483870967742,422.42400000000015,403.27200000000016,422.1615000680001,158.0,0.0,0.413463291271083,-0.45248743947642767,0.45248743947642767,0.413463291271083,138.07000000000002,31.0,5.073216375639227,2.4426999999999994,113.6888
COc1cc2c(cc1O)CC1c3cc(O)c(OC)cc3CC[N+]1(C)C2,1,0.8241435202475623,24.04,342.41500000000013,318.22300000000007,342.16998466809,132.0,0.0,0.16049182681291554,-0.5042477112227848,0.5042477112227848,0.16049182681291554,58.92,25.0,3.578756310969691,2.9151000000000016,94.22200000000004
C[C@H](O)[C@H](O)[C@H]1CNc2[nH]c(N)nc(=O)c2N1,1,0.3628643483841514,21.941176470588236,241.251,226.13099999999997,241.11748934,94.0,0.0,0.29952979434268057,-0.39063924997092775,0.39063924997092775,0.29952979434268057,136.29,17.0,2.902330067693505,-1.7002000000000006,62.85810000000001
CCOC(=O)C(CCc1ccccc1)NC1CCc2ccccc2N(CC(=O)O)C1=O,0,0.6009534602811888,16.870967741935484,424.49700000000024,396.2730000000002,424.19982199599997,164.0,0.0,0.3231453817796409,-0.479913767150782,0.479913767150782,0.3231453817796409,95.94,31.0,7.781236305673502,2.5731,116.8595000000001
CC(=O)c1ccc2c(c1)c1cc(C(C)=O)ccc1n2CCNC(C)C,1,0.6865119670814845,11.56,336.43500000000006,312.24300000000005,336.18377800800005,130.0,0.0,0.15932314464087052,-0.3391835492927513,0.3391835492927513,0.15932314464087052,51.1,25.0,4.727871624060639,4.197700000000003,102.59170000000005
CCCNC(=O)Nc1ccc(Oc2ncnc3cc(OC)c(OC)cc23)cc1Cl,0,0.5829737705294159,10.482758620689655,416.86500000000024,395.69700000000023,416.12513283199996,152.0,0.0,0.3187795142570179,-0.492840949354689,0.492840949354689,0.3187795142570179,94.60000000000001,29.0,6.559019371345801,4.624200000000004,111.48040000000003
CCOC(=O)c1ccc(C#Cc2ccc3c(c2)C(C)(C)CCS3)nc1,0,0.5925551443407949,14.84,351.47100000000006,330.303,351.129299912,128.0,0.0,0.3391890154023289,-0.46235072132365623,0.46235072132365623,0.3391890154023289,39.19,25.0,5.149355546156824,4.431500000000004,100.98250000000004
CCOC(=O)C(N)CCC(=O)NC(CSCc1ccccc1)C(=O)NC(C(=O)OCC)c1ccccc1,0,0.29945632102775566,13.054054054054054,529.6590000000003,494.3790000000004,529.22465684,200.0,0.0,0.3328369431681021,-0.464827420958186,0.464827420958186,0.3328369431681021,136.82,37.0,13.225618517340347,2.495800000000001,142.33579999999986
CCCC(=O)OC1(C(=O)COC(C)=O)CCC2C3CC(F)C4=CC(=O)C=CC4(C)C3(F)C(O)CC21C,0,0.5473104243510836,43.083333333333336,508.5580000000002,474.2860000000003,508.227259868,198.0,0.0,0.30628847113660507,-0.45769065698785155,0.45769065698785155,0.30628847113660507,106.97000000000001,36.0,6.551032319416034,3.5195000000000025,124.00480000000006
Nc1ccn([C@H]2C[C@H](O)[C@@H](CO)O2)c(=O)n1,0,0.5647672953813633,29.5,227.21999999999997,214.11599999999996,227.090605896,88.0,0.0,0.35112032150063993,-0.3935688359788107,0.3935688359788107,0.35112032150063993,110.60000000000001,16.0,2.9047072171370214,-1.5338000000000005,54.52900000000002
Cc1cc(C(C)(C)C)cc(C)c1CC1=NCCN1,1,0.8488884472652752,15.5,244.38199999999995,220.18999999999997,244.19394876799998,98.0,0.0,0.1008598464686435,-0.37169944961006196,0.37169944961006196,0.1008598464686435,24.39,18.0,3.4669169680945533,3.1451400000000014,78.62470000000005
c1ccc2c(CCNc3ccc(Nc4ccncc4)cc3)c[nH]c2c1,1,0.4686825177612335,10.72,328.41900000000004,308.25900000000007,328.16879664000004,124.0,0.0,0.045629715310952064,-0.3847096210273112,0.3847096210273112,0.045629715310952064,52.74,25.0,4.332024252595475,4.961100000000003,104.45410000000003
CCCNC(C)C(=O)Nc1ccccc1C,0,0.7992484445643814,12.1875,220.316,200.15599999999998,220.15756326,88.0,0.0,0.24072769025871404,-0.3244989839907171,0.3244989839907171,0.24072769025871404,41.13,16.0,4.99187527289554,2.3216200000000002,67.56440000000003
CC1=C2N=C(C=C3N=C(C(C)=C4NC(C(CC(N)=O)C4(C)CCC(=O)NCC(C)OP(=O)(O)OC4C(CO)OC(n5cnc6cc(C)c(C)cc65)C4O)C4(C)N=C1C(CCC(N)=O)C4(C)CC(N)=O)C(CCC(N)=O)C3(C)C)C(CCC(N)=O)C2(C)CC(N)=O,0,0.060270557385614355,32.044444444444444,1272.4529999999995,1181.732999999999,1271.6467811899997,492.0,0.0,0.47246649906536237,-0.3935663895669282,0.47246649906536237,0.3935663895669282,460.0199999999998,90.0,19.58962644470868,3.1632400000000134,333.5967000000004
COc1cc(F)c(F)c(Nc2ccc(I)cc2F)c1NS(=O)(=O)C1(CC(O)CO)CC1,0,0.3432308565058528,15.96774193548387,572.3430000000001,552.1830000000001,572.0089753999999,170.0,0.0,0.23828428390088327,-0.4943593179914545,0.4943593179914545,0.23828428390088327,107.89000000000001,31.0,6.932925707017947,3.478300000000001,117.52680000000002
O=C(NCCCCCCC(O)=NO)c1cnc(N(c2ccccc2)c2ccccc2)nc1,1,0.12939184798022557,11.1875,433.5120000000001,406.2960000000002,433.211389724,166.0,0.0,0.25392159061272845,-0.4942633481736564,0.4942633481736564,0.25392159061272845,110.94,32.0,8.559087328348037,4.972400000000004,123.98350000000002
CC(C(=O)O)c1ccc2c(c1)CC(=O)c1ccccc1S2,0,0.9167637840345896,14.80952380952381,298.363,284.2509999999999,298.066365308,106.0,0.0,0.31018553540835636,-0.4807885009429999,0.4807885009429999,0.31018553540835636,54.37,21.0,3.553757648908452,3.764700000000002,81.09230000000004
C=C1CCC(O)CC1=CC=C1CCCC2(C)C1CCC2C(C)CCCC(C)(C)O,0,0.5184686039927527,37.172413793103445,400.6470000000002,356.29500000000013,400.334130648,164.0,0.0,0.05913246792231414,-0.39277278874374866,0.39277278874374866,0.05913246792231414,40.46,29.0,7.16072814575702,6.733900000000008,122.64860000000009
CN(C)C/C=C/C(=O)Nc1ccc(C(=O)N2CCC[C@@H](Nc3ncc(Cl)c(-c4c[nH]c5ccccc45)n3)C2)cc1,1,0.2617353293452831,15.6,558.086,525.8300000000002,557.2306009440001,206.0,0.0,0.2534238859088254,-0.3604835756266703,0.3604835756266703,0.2534238859088254,106.25000000000001,40.0,8.424609145624995,5.051300000000003,159.64859999999965
CC(CCC(=O)O)C1CCC2C3CCC4CC(O)CCC4(C)C3CC(O)C12C,0,0.6591620960204871,51.67857142857143,392.58000000000015,352.2600000000001,392.29265975999994,160.0,0.0,0.30285025671980836,-0.4812302620820646,0.4812302620820646,0.30285025671980836,77.76,28.0,5.3592612581437615,4.477900000000005,108.64740000000008
CNC(=O)OC1COc2ccc(N3CCN(C4COC4)CC3)cc2C1NC(=O)c1ccc(F)cc1,0,0.6702167147743289,22.4,484.52800000000025,455.2960000000003,484.21219824800005,186.0,0.0,0.4068570700289324,-0.48925158468620744,0.48925158468620744,0.4068570700289324,92.37,35.0,6.737511913793146,1.9345999999999999,126.26590000000004
CC(=O)O[C@H]1Cc2ccccc2N(C(N)=O)c2ccccc21,0,0.8219137462216773,16.227272727272727,296.326,280.19800000000004,296.116092372,112.0,0.0,0.32340281485080874,-0.4572359096015708,0.4572359096015708,0.32340281485080874,72.63,22.0,3.545273499739477,3.0637000000000008,82.81740000000003
C[C@H]1COc2c(N3CCN(C)CC3)c(F)cc3c(=O)c(C(=O)O)cn1c23,1,0.8747398264671755,20.26923076923077,361.37300000000005,341.2130000000001,361.14378433999997,138.0,0.0,0.340723138098498,-0.4869169906040939,0.4869169906040939,0.340723138098498,75.00999999999999,26.0,3.8723186734050676,1.5439999999999998,95.04130000000004
CCn1cc(C(=O)O)c(=O)c2ccc(C)nc21,1,0.849523695002097,10.705882352941176,232.23899999999998,220.14299999999994,232.084792244,88.0,0.0,0.34072487693131703,-0.477497012873671,0.477497012873671,0.34072487693131703,72.19,17.0,2.66932939080235,1.4230200000000002,63.37330000000001
C[C@@H]1CC[C@@]2(NC1)O[C@H]1C[C@H]3[C@@H]4CC=C5C[C@@H](O[C@@H]6O[C@H](CO)[C@@H](O[C@@H]7O[C@@H](C)[C@H](O)[C@@H](O)[C@H]7O)[C@H](O)[C@H]6O[C@@H]6O[C@@H](C)[C@H](O)[C@@H](O)[C@H]6O)CC[C@]5(C)[C@H]4CC[C@]3(C)[C@H]1[C@@H]2C,1,0.16112638285309444,58.39344262295082,868.071,794.4869999999999,867.498020636,348.0,0.0,0.18687940997638955,-0.39356631774980505,0.39356631774980505,0.18687940997638955,238.47999999999996,61.0,12.43699957290288,0.8147000000000062,214.8280999999993
COc1c(N2CCNC(C)C2)c(F)cc2c(=O)c(C(=O)O)cn(C3CC3)c12,0,0.8502925222174252,20.11111111111111,375.40000000000015,353.2240000000001,375.15943440399997,144.0,0.0,0.34072311785880266,-0.4922383334796481,0.4922383334796481,0.34072311785880266,83.80000000000001,27.0,4.298688653791893,1.9804,99.62600000000003
N=C(N)NC(=O)c1nc(Cl)c(N)nc1N,1,0.3043612043102547,9.666666666666666,229.63099999999997,221.567,229.04788555599998,80.0,0.0,0.27993778382548706,-0.3816545309095544,0.3816545309095544,0.27993778382548706,156.79,15.0,2.9039171835368873,-1.0823299999999998,55.24709999999998
Cc1c(OCC(F)(F)F)ccnc1C[S+]([O-])c1nc2ccccc2[nH]1,0,0.6986390031308142,13.16,369.3680000000001,355.25600000000014,369.07588234800005,132.0,0.0,0.4220666871121063,-0.6086940396422965,0.6086940396422965,0.4220666871121063,73.86,25.0,4.865963876274458,3.515220000000001,86.73010000000004
CCCC1CC(C(=O)NC(C(C)Cl)C2OC(SC)C(O)C(O)C2O)N(C)C1,0,0.4382730169795819,39.925925925925924,424.99100000000016,391.7270000000002,424.17987083599996,158.0,0.0,0.23721736515719324,-0.3875084408731224,0.3875084408731224,0.23721736515719324,102.26,27.0,8.669948127497685,0.38950000000000035,106.87510000000006
Cn1c(Nc2ccc(C(F)(F)F)cc2)nc2cc(Oc3ccnc(-c4nc(C(F)(F)F)c[nH]4)c3)ccc21,0,0.24673078257718173,12.18918918918919,518.421,502.29300000000023,518.1289784520001,190.0,0.0,0.4343824575781772,-0.4571554865820427,0.4571554865820427,0.4343824575781772,80.65,37.0,5.768652644449528,6.931900000000003,122.3354
N#Cc1c(Oc2ccc(F)c(NC(=O)Cc3cccc(C(F)(F)F)c3)c2)ccc2nc(NC(=O)C3CC3)sc12,0,0.24913900448856305,13.102564102564102,554.5250000000001,536.3810000000002,554.103574316,198.0,0.0,0.41591969557146946,-0.45584326765338495,0.45584326765338495,0.41591969557146946,104.10999999999999,39.0,6.9250424499342245,6.6478800000000025,135.94039999999995
COC(=O)Nc1nc2cc(C(=O)c3ccccc3)ccc2[nH]1,1,0.72749043527813,10.409090909090908,295.298,282.194,295.0956912760001,110.0,0.0,0.4131899633748927,-0.45257185717286286,0.45257185717286286,0.4131899633748927,84.07999999999998,22.0,3.57192520177542,2.972200000000001,81.99590000000003
CC1COc2c(N3CCN(C)CC3)c(F)cc3c(=O)c(C(=O)O)cn1c23,0,0.8747398264671755,20.26923076923077,361.37300000000005,341.2130000000001,361.14378433999997,138.0,0.0,0.340723138098498,-0.4869169906040939,0.4869169906040939,0.340723138098498,75.00999999999999,26.0,3.8723186734050676,1.5439999999999998,95.04130000000004
O=C1O[C@H]2[C@@H]3OC(=O)c4cc(O)c(O)c(O)c4-c4c(O)c(O)c5oc(=O)c6c(c(O)c(O)c7oc(=O)c4c5c76)-c4c(cc(O)c(O)c4O)C(=O)OC[C@H]3OC(O)[C@@H]2OC(=O)c2cc(O)c(O)c(O)c2-c2c1cc(O)c(O)c2O,0,0.03391503454761895,19.26923076923077,1084.7220000000004,1056.4979999999998,1084.0665394960004,400.0,0.0,0.3447498538456092,-0.5041432128666097,0.5041432128666097,0.3447498538456092,518.7600000000001,78.0,10.340446215690722,1.9586000000000054,245.37760000000014
C=C[C@H]1C[C@]1(NC(=O)C1C[C@@H]2CN1C(=O)C(C(C)(C)C)NC(=O)O[C@@H]1C[C@H]1CCCCCc1nc3ccc(OC)cc3nc1O2)C(=O)NS(=O)(=O)C1CC1,0,0.35020450140894605,30.25925925925926,766.9180000000002,716.5180000000001,766.33599818,292.0,0.0,0.40758967644597355,-0.4966835341088921,0.4966835341088921,0.40758967644597355,195.22,54.0,10.024711127278065,3.3019000000000016,196.81289999999944
CN(C)C(=O)NC1CCC(CCN2CCN(c3cccc(Cl)c3Cl)CC2)CC1,0,0.7602495439352746,23.5,427.4200000000002,395.1640000000001,426.195317004,156.0,0.0,0.31658855352272075,-0.36771988001291844,0.36771988001291844,0.31658855352272075,38.82000000000001,28.0,7.721103984127216,4.335500000000003,117.69670000000006
Nc1nc(OCc2ccccc2)c2[nH]cnc2n1,0,0.7250802475202582,10.666666666666666,241.25400000000002,230.16599999999997,241.096359972,90.0,0.0,0.24492202125971899,-0.4711391042707037,0.4711391042707037,0.24492202125971899,89.71,18.0,2.52768985893344,1.5140999999999998,66.87010000000001
CNC(=O)CN1CCC(Oc2cc3c(Nc4cccc(Cl)c4F)ncnc3cc2OC)CC1,0,0.5397024631329128,14.787878787878787,473.9360000000002,448.73600000000016,473.16299556000007,174.0,0.0,0.23342134110469645,-0.49278564782244616,0.49278564782244616,0.23342134110469645,88.61000000000001,33.0,7.097568166873681,3.763700000000002,124.93940000000005
CNNCc1ccc(C(=O)NC(C)C)cc1,0,0.6513892787333422,10.5,221.304,202.15199999999996,221.152812228,88.0,0.0,0.25097381657328194,-0.3498662192708533,0.3498662192708533,0.25097381657328194,53.16,16.0,4.951554960241069,1.0487999999999995,64.94360000000003
COc1ccc2c(c1)c(CC(=O)OCC(=O)O)c(C)n2C(=O)c1ccc(Cl)cc1,0,0.6192570573143896,10.724137931034482,415.82900000000006,397.6850000000002,415.082264976,150.0,0.0,0.3413437062517306,-0.496742959517399,0.496742959517399,0.3413437062517306,94.82999999999998,29.0,5.8871055670583665,3.4705200000000014,106.7063
Nc1ccn(C2CCC(CO)O2)c(=O)n1,0,0.6875458801290978,25.666666666666668,211.22099999999998,198.11699999999996,211.095691276,82.0,0.0,0.35111865101917383,-0.3936764801597788,0.3936764801597788,0.35111865101917383,90.36999999999999,15.0,2.6979575417233113,-0.5046000000000002,53.13920000000002
NCC(CC(=O)O)c1ccc(Cl)cc1,0,0.8026316327602356,12.428571428571429,213.664,201.56799999999996,213.055656304,76.0,0.0,0.3035124956383034,-0.48121368109919593,0.48121368109919593,0.3035124956383034,63.32000000000001,14.0,3.9188487355064185,1.857,55.50020000000002
CC(=Cc1csc(C)n1)C1CC2OC2CCCC(C)C(O)C(C)C(=O)C(C)(C)C(O)CC(=O)O1,1,0.4717116197102567,36.0,493.6660000000003,454.35400000000027,493.2498089679999,190.0,0.0,0.30855199465428074,-0.45764773256263347,0.45764773256263347,0.30855199465428074,109.25000000000001,34.0,8.712560186182262,4.087420000000003,131.25760000000005
N#CN=C(N=c1cc[nH]cc1)NCCCCCCOc1ccc(Cl)cc1,0,0.3213015060395498,10.846153846153847,371.87200000000007,349.696,371.151288004,136.0,0.0,0.23363447087065659,-0.4936000208051414,0.4936000208051414,0.23363447087065659,85.56,26.0,8.808522937137768,3.6348800000000026,102.82140000000003
COc1cc(CNC(=O)CCCCC=CC(C)C)ccc1O,0,0.5388605597174689,11.090909090909092,305.418,278.202,305.199093724,122.0,0.0,0.21976034748769743,-0.5042545920952964,0.5042545920952964,0.21976034748769743,58.56,22.0,8.1148872303993,3.789600000000003,88.95150000000004
NNc1nncc2ccccc12,0,0.48055416610873897,10.083333333333334,160.17999999999998,152.11599999999999,160.074896256,60.0,0.0,0.17003337450292852,-0.30645386568112576,0.30645386568112576,0.17003337450292852,63.83,12.0,1.6024425065948673,0.9153999999999998,47.34810000000002
CC(=O)Oc1ccc(/C=C/c2cc(OC(C)=O)cc(OC(C)=O)c2)cc1,0,0.4633799831593393,10.423076923076923,354.3580000000001,336.2140000000001,354.11033829599995,134.0,0.0,0.30752648468800486,-0.42673318739686333,0.42673318739686333,0.30752648468800486,78.9,26.0,6.2717523394889705,3.632900000000002,95.73900000000003
COc1ccc2c(O[C@@H]3CC4C(=O)N[C@]5(C(=O)NS(=O)(=O)C6CC6)C[C@@H]5/C=C\CCCCN(C)C(=O)C4C3)cc(-c3nc(C(C)C)cs3)nc2c1C,1,0.29372395978334304,27.384615384615383,749.956,702.5799999999999,749.2916908439998,278.0,0.0,0.2593232015040374,-0.49640594592850545,0.49640594592850545,0.2593232015040374,156.89,52.0,9.829499246559221,5.254120000000005,198.5521999999995
CN1C2CCC1CC(OC(c1ccccc1)c1ccccc1)C2,0,0.8289288715670489,27.47826086956522,307.43700000000007,282.23699999999997,307.19361442,120.0,0.0,0.1079103211026678,-0.36543687452674795,0.36543687452674795,0.1079103211026678,12.47,23.0,4.193306053218163,4.417800000000004,93.40700000000007
Nc1ncnc2nc(-c3ccc(N4CCOCC4)nc3)cc(-c3cccc(Br)c3)c12,0,0.4924469619752719,14.233333333333333,463.33900000000006,444.1870000000002,462.080371328,150.0,0.0,0.16536925310314102,-0.3830135483106855,0.3830135483106855,0.16536925310314102,90.05,30.0,5.017869597700959,3.935100000000003,121.14440000000003
Cn1cc(-c2ccc3nnc(C(F)(F)c4ccc5ncccc5c4)n3n2)cn1,0,0.48270131804589156,12.107142857142858,377.358,364.2540000000001,377.1200498560001,138.0,0.0,0.33326551607275456,-0.2751233450908621,0.33326551607275456,0.2751233450908621,73.79,28.0,3.4484120938581997,3.2131000000000016,97.72300000000001
OCC1OC(c2ccc(Cl)c(Cc3ccc(OC4CCOC4)cc3)c2)C(O)C(O)C1O,0,0.5291572262506439,31.0,450.91500000000013,423.69900000000024,450.14453088399995,168.0,0.0,0.12412473203938906,-0.48794045555082377,0.48794045555082377,0.12412473203938906,108.61000000000001,31.0,7.131044391059033,1.6133999999999993,113.27220000000003
CC1(C)S[C@@H]2C(NC(=O)C(N)c3ccccc3)C(=O)N2C1C(=O)OCOC(=O)C1N2C(=O)C[C@H]2S(=O)(=O)C1(C)C,0,0.23381389101473452,31.275,594.6680000000002,564.4280000000002,594.1454205399999,216.0,0.0,0.33291657445096695,-0.4262824555308361,0.4262824555308361,0.33291657445096695,182.48,40.0,6.698641056727053,-0.5885999999999969,140.48189999999988
O=C(NCCCNc1nc(Nc2cccc(NC(=O)N3CCCC3)c2)ncc1I)c1cccs1,0,0.21138619670065883,12.911764705882353,591.4790000000003,565.2710000000002,591.0913420720001,178.0,0.0,0.3213391050092887,-0.36895969352755,0.36895969352755,0.3213391050092887,111.28,34.0,8.522597776308743,4.746000000000003,144.05829999999983
CN(Cc1cc(Br)cc(Br)c1N)C1CCCCC1,0,0.7843483332585341,17.333333333333332,376.13600000000025,355.9760000000001,373.99932284000005,100.0,0.0,0.05044920073820533,-0.39754980621146097,0.39754980621146097,0.05044920073820533,29.259999999999998,18.0,5.099961444694539,4.558300000000004,84.59440000000004
Cc1cc(C#N)cc(C)c1Oc1nc(Nc2ccc(C#N)cc2)nc(N)c1Br,0,0.6084537970432329,10.035714285714286,435.2850000000001,420.1650000000001,434.0490712000001,138.0,0.0,0.24021171341441896,-0.43704448989186323,0.43704448989186323,0.24021171341441896,120.63999999999999,28.0,5.43713143495255,4.717400000000002,109.2891
CC(C)(F)CC(NC(c1ccc(-c2ccc(S(C)(=O)=O)cc2)cc1)C(F)(F)F)C(=O)NC1(C#N)CC1,0,0.46543875908402327,17.055555555555557,525.5680000000002,498.35200000000026,525.170925604,194.0,0.0,0.4074254348452014,-0.3364479024247966,0.4074254348452014,0.3364479024247966,99.06,36.0,7.535618792665228,4.629280000000003,126.23220000000005
CC(C)(C)NCC(O)COc1nsnc1N1CCOCC1,0,0.790985307512128,17.80952380952381,316.4270000000002,292.23500000000007,316.156911628,120.0,0.0,0.27045924102168106,-0.4715971466666149,0.4715971466666149,0.27045924102168106,79.74,21.0,5.742058674931222,0.5024999999999997,82.19850000000004
CNC(=O)C(Cc1ccccc1)NC(=O)C(CC(C)C)C(CSc1cccs1)C(O)=NO,0,0.12166398712275812,14.5625,477.65200000000016,446.40400000000017,477.17559847200005,174.0,0.0,0.24216620878503473,-0.4940247059684069,0.4940247059684069,0.24216620878503473,111.02000000000001,32.0,10.556500668434643,3.9379000000000017,129.47170000000006
Oc1cc2cc(CCN3CCN(c4nsc5ccccc45)CC3)c(Cl)cc2[nH]1,0,0.5177733515539888,15.678571428571429,412.9460000000002,391.7780000000002,412.112459972,144.0,0.0,0.18880745462749865,-0.494552846589569,0.494552846589569,0.18880745462749865,55.39,28.0,4.624127335319083,4.501300000000004,116.95050000000003
COCCOc1cnc2ccn([C@H](C)c3nnc4c(F)cc(-c5cnn(C)c5)cn34)c(=O)c2c1,0,0.34206712734155514,12.470588235294118,463.4730000000002,441.29700000000025,463.17681578400004,174.0,0.0,0.2603098390866435,-0.4895473075381755,0.4895473075381755,0.2603098390866435,101.35999999999999,34.0,5.537296425884539,2.6133000000000006,122.33400000000005
CC(O)C1C(=O)N2C(C(=O)O)=C(SC3CNC(C(=O)N(C)C)C3)C(C)C12,0,0.5588251961475821,34.57692307692308,383.4700000000002,358.27000000000015,383.15149190000005,144.0,0.0,0.35296245115504593,-0.47653913720536645,0.47653913720536645,0.35296245115504593,110.17999999999999,26.0,5.064287873757161,-0.3079999999999994,96.11130000000004
CC(C)n1c(C=CC(O)CC(O)CC(=O)O)c(-c2ccc(F)cc2)c2ccccc21,0,0.5047877346321324,13.933333333333334,411.473,385.26500000000016,411.18458653199997,158.0,0.0,0.30547265422898356,-0.4811594271156158,0.4811594271156158,0.30547265422898356,82.69,30.0,6.69512026285418,4.628100000000003,115.63440000000003
NS(=O)(=O)c1cc2c(cc1Cl)N=CNS2(=O)=O,0,0.7539227220961291,17.294117647058822,295.72900000000004,289.68100000000004,294.9488253519999,92.0,0.0,0.26430181203623937,-0.26950951276717183,0.26950951276717183,0.26430181203623937,118.69,17.0,2.653734696745432,-0.0608999999999999,61.298700000000004
Cn1cc(-c2[nH]c3cc(NC(=O)C(N)C4CCCCC4)cc4c3c2C=NNC4=O)cn1,1,0.5174388643771552,17.419354838709676,419.48900000000015,394.28900000000016,419.2069730400001,160.0,0.0,0.2716533739758514,-0.35379664011432743,0.35379664011432743,0.2716533739758514,130.19,31.0,4.818424415160047,2.4917999999999996,118.74100000000004
CCNC(=O)C1OC(n2cnc3c(N)nc(NCCc4ccc(CCC(=O)O)cc4)nc32)C(O)C1O,0,0.2165410303746647,21.52777777777778,499.52800000000025,470.29600000000033,499.21793164799993,192.0,0.0,0.3031777627064099,-0.4812219344108147,0.4812219344108147,0.3031777627064099,197.73999999999995,36.0,7.620474838686058,-0.16439999999999827,128.93520000000004
CC1C(=NC(=O)C(NOC(C)(C)C(=O)O)c2csc(N)n2)C(=O)N1S(=O)(=O)O,1,0.23593413623993661,20.142857142857142,435.4400000000001,418.30400000000014,435.051854504,154.0,0.0,0.362605480772156,-0.4790647110148662,0.4790647110148662,0.362605480772156,201.57999999999998,28.0,5.860067865056021,-0.8480999999999992,95.50150000000004
Cn1c(=O)cc(N2CCCC(N)C2)n(Cc2ccccc2C#N)c1=O,0,0.8726102829759809,17.32,339.39900000000006,318.23100000000005,339.16952491200004,130.0,0.0,0.3321131249783864,-0.356166318501275,0.356166318501275,0.3321131249783864,97.05000000000001,25.0,4.723131193824367,0.3944800000000006,95.62440000000005
C=C[C@H]1C[N@@]2CC[C@H]1C[C@@H]2[C@@H](O)c1ccnc2ccccc12,0,0.8834235503255572,32.04545454545455,294.398,272.222,294.17321332399996,114.0,0.0,0.09518632364708744,-0.3867480180763347,0.3867480180763347,0.09518632364708744,36.36,22.0,3.472238216875454,3.164600000000002,88.47480000000006
CNC(=O)c1cc(Oc2ccc3nc(N[C@@H]4CCCC[C@H]4O)sc3c2)ccn1,0,0.6081261003732549,19.357142857142858,398.4880000000001,376.3120000000001,398.14126156399993,146.0,0.0,0.26925754813896086,-0.4571833536202084,0.4571833536202084,0.26925754813896086,96.37,28.0,5.404454810104555,3.558600000000002,109.20670000000003
O=c1c(-c2ccc(O)cc2)coc2c(C3OC(CO)C(O)C(O)C3O)c(O)ccc12,0,0.3546626418179848,26.733333333333334,416.38200000000006,396.2220000000002,416.11073221999993,158.0,0.0,0.20000570945355975,-0.507966244667516,0.507966244667516,0.20000570945355975,160.82,30.0,5.223197362466741,0.3860999999999998,103.9698
N#Cc1ccc2[nH]cc(CCCCN3CCN(c4ccc5oc(C(N)=O)cc5c4)CC3)c2c1,0,0.42169344518712,14.696969696969697,441.5350000000002,414.31900000000024,441.216475104,168.0,0.0,0.28395857442204847,-0.45092494933454996,0.45092494933454996,0.28395857442204847,102.28999999999999,33.0,5.758840941587949,4.029580000000003,129.33660000000003
O=C(O)Cc1cccc(OCCCN(Cc2cccc(C(F)(F)F)c2Cl)CC(c2ccccc2)c2ccccc2)c1,0,0.16213241118473115,11.658536585365853,582.0620000000001,550.8140000000002,581.194456192,214.0,0.0,0.41735322880744924,-0.49353959553734544,0.49353959553734544,0.41735322880744924,49.77,41.0,10.43980839645586,8.089100000000009,154.35179999999966
CCN(CC)CCOC(=O)C1(C2CCCCC2)CCCCC1,1,0.6527189222048309,22.681818181818183,309.4940000000001,274.21399999999994,309.26677936000004,128.0,0.0,0.3118954188124888,-0.4638946907485805,0.4638946907485805,0.3118954188124888,29.54,22.0,7.1963308203255965,4.402200000000004,90.84000000000007
CN(CC=CC#CC(C)(C)C)Cc1cccc2ccccc12,0,0.7258618266744273,11.863636363636363,291.438,266.23799999999994,291.1986998,114.0,0.0,0.023966213691117687,-0.2984093955571226,0.2984093955571226,0.023966213691117687,3.24,22.0,5.413596069062733,4.877300000000004,96.65300000000006
COc1ccc(C=CC(=O)Nc2ccccc2C(=O)O)cc1OC,0,0.7966277714413198,10.416666666666666,327.33600000000007,310.20000000000005,327.110672644,124.0,0.0,0.33731126841744763,-0.49286956489759315,0.49286956489759315,0.33731126841744763,84.86,24.0,5.567928862589493,3.0539000000000014,90.61100000000003
CCCC(C(=O)OCCN(CC)CC)(c1ccccc1)c1ccccc1,1,0.5820002002184747,11.538461538461538,353.50600000000003,322.25800000000004,353.23547923200005,140.0,0.0,0.32062516004909575,-0.4634070898759634,0.4634070898759634,0.32062516004909575,29.54,26.0,7.86002906937307,4.657800000000004,107.31900000000006
CCCN(CCC)S(=O)(=O)c1ccc(C(=O)O)cc1,0,0.8330157421148818,11.736842105263158,285.36499999999995,266.21299999999997,285.10347908800003,106.0,0.0,0.3351796449003976,-0.47763924301016997,0.47763924301016997,0.3351796449003976,74.68,19.0,5.500940884470112,2.1955,72.74210000000005
O=C(NCCN1CCOCC1)c1ccc(Cl)cc1,0,0.8976306233197457,16.5,268.74399999999997,251.60799999999995,268.097855464,98.0,0.0,0.2508248074058063,-0.37879271801206144,0.37879271801206144,0.2508248074058063,41.57000000000001,18.0,4.986560386584716,1.4020000000000006,71.04420000000003
CC(C(=O)O)c1ccc(CC2CCCC2=O)cc1,0,0.8883440640479293,20.944444444444443,246.30599999999993,228.16199999999995,246.125594436,96.0,0.0,0.31018535153233245,-0.4807885019257389,0.4807885019257389,0.31018535153233245,54.37,18.0,3.797863149660539,2.7864000000000013,68.54480000000004
CC12CCC(=O)C=C1C=CC1C2CCC2(C)C1CCC2(O)CCC(=O)O,0,0.8024959344258629,46.96153846153846,358.4780000000001,328.23800000000006,358.21440943999994,142.0,0.0,0.30295151594892644,-0.4812290522940804,0.4812290522940804,0.30295151594892644,74.6,26.0,3.9989929883876645,3.8902000000000028,98.43560000000006
O=P(O)(O)C(Cl)(Cl)P(=O)(O)O,0,0.41378717023033956,15.090909090909092,244.891,240.85899999999998,243.886016468,68.0,0.0,0.3734849966280159,-0.32186139547415166,0.3734849966280159,0.32186139547415166,115.06,11.0,3.217826027003734,0.43070000000000036,38.52520000000001
CC(C)C(C(=O)Nc1ccc(C(O)=NO)cc1)c1ccccc1,0,0.34013828727375967,12.91304347826087,312.369,292.20900000000006,312.1473925,120.0,0.0,0.2544477423893931,-0.4907867254042806,0.4907867254042806,0.2544477423893931,81.92,23.0,5.356787338961523,3.758700000000002,90.04500000000003
O=C(O)c1cccc(-c2noc(-c3ccccc3F)n2)c1,0,0.7985696395658854,10.523809523809524,284.246,275.1739999999999,284.05972036800006,104.0,0.0,0.33520264264070193,-0.4776389808978401,0.4776389808978401,0.33520264264070193,76.22,21.0,3.1926349992985155,3.240900000000001,72.08730000000001
O=C(CCCN1CCN(c2ccccn2)CC1)c1ccc(F)cc1,0,0.7643942127070744,15.458333333333334,327.403,305.22700000000003,327.174690544,126.0,0.0,0.16242475260117353,-0.35405531155627823,0.35405531155627823,0.16242475260117353,36.440000000000005,24.0,5.538152886897261,3.0058000000000016,92.85450000000004
O=c1oc2cc(O)ccc2s1,1,0.6489860951499944,10.545454545454545,168.17299999999997,164.141,167.988114988,56.0,0.0,0.39558903160170644,-0.5078209559887844,0.5078209559887844,0.39558903160170644,50.44,11.0,1.2247810383233484,1.5601,42.02580000000001
O=C(O)P(=O)(O)O,0,0.4240951722710835,11.142857142857142,126.00399999999998,122.97999999999999,125.971809826,42.0,0.0,0.43262192403198974,-0.47219782977680685,0.47219782977680685,0.43262192403198974,94.83,7.0,1.5267421105614205,-0.1579000000000001,20.068900000000003
COc1ccc2[nH]cc(CCNC(C)=O)c2c1,0,0.8449349532973586,10.470588235294118,232.28299999999996,216.15499999999997,232.121177752,90.0,0.0,0.21638288980463508,-0.49674296806651436,0.49674296806651436,0.21638288980463508,54.12,17.0,3.3241136576823216,1.8550999999999997,67.23840000000003
Cc1nc2n(c(=O)c1CCN1CCC(c3noc4cc(F)ccc34)CC1)CCCC2,1,0.6577452185749303,18.066666666666666,410.4930000000003,383.27700000000016,410.211804324,158.0,0.0,0.2564803735497416,-0.355890958706732,0.355890958706732,0.2564803735497416,64.16,30.0,5.145051768045565,3.5904200000000026,112.25800000000005
O=C(C=Cc1cccnc1)NCCCCC1CCN(C(=O)c2ccccc2)CC1,0,0.5477205007145779,14.827586206896552,391.5150000000001,362.28300000000013,391.225977168,152.0,0.0,0.2533491573110425,-0.3525543778003567,0.3525543778003567,0.2533491573110425,62.300000000000004,29.0,7.987057527169585,3.9337000000000035,115.20120000000004
Nc1nc(N)c2nc(-c3cccc(O)c3)c(-c3cccc(O)c3)nc2n1,0,0.43266451954791146,10.923076923076923,346.3500000000001,332.23800000000006,346.11782368800004,128.0,0.0,0.22366703710864408,-0.5079428929932746,0.5079428929932746,0.22366703710864408,144.06,26.0,3.505656961057218,2.3294000000000006,98.1544
O=C(O)CCNC(=O)c1ccc(N=Nc2ccc(O)c(C(=O)O)c2)cc1,0,0.5597716953028343,10.615384615384615,357.3220000000001,342.2020000000001,357.0960852,134.0,0.0,0.33905109012991247,-0.5070501087087479,0.5070501087087479,0.33905109012991247,148.65,26.0,5.98932904454618,2.7103,90.27010000000001
Cn1c2ccccc2c2c3c(c4c5ccccc5n(CCC#N)c4c21)CNC3=O,0,0.4880340142942995,13.448275862068966,378.4350000000002,360.2910000000001,378.148061196,140.0,0.0,0.2521334307265546,-0.34788013574648363,0.34788013574648363,0.2521334307265546,62.75,29.0,3.1372606298401795,4.596480000000004,114.82720000000006
NC(=O)c1ccc(I)c([N+](=O)[O-])c1,0,0.5060945126204037,9.615384615384615,292.032,286.992,291.93449002,68.0,0.0,0.2829427388742862,-0.365595810359102,0.365595810359102,0.2829427388742862,86.23,13.0,2.8099069992865795,1.2983,54.33129999999999
O=C(C1CCCCC1)N1CC(=O)N2CCc3ccccc3C2C1,0,0.7993674496203519,25.043478260869566,312.41300000000007,288.221,312.183778008,122.0,0.0,0.24228438420799156,-0.3319773237323323,0.3319773237323323,0.24228438420799156,40.620000000000005,23.0,3.834942242149901,2.5349000000000004,87.75500000000005
C#CC1(OC(C)=O)CCC2C3CCC4=CC(OC(C)=O)CCC4C3CCC21C,0,0.4015627733780324,44.214285714285715,384.51600000000025,352.26000000000016,384.230059504,152.0,0.0,0.3036727418854078,-0.45831134621825315,0.45831134621825315,0.3036727418854078,52.6,28.0,4.843381679323383,4.425900000000004,105.97000000000007
C[C@]12CC[C@H](O)C[C@H]1CC[C@@H]1[C@@H]2CC[C@]2(C)[C@@](O)(c3ccoc3)CC[C@]12O,0,0.6949199320665317,54.851851851851855,374.52100000000013,340.2490000000001,374.24570956799994,150.0,0.0,0.10087947887865288,-0.472222357073693,0.472222357073693,0.10087947887865288,73.83,27.0,3.7833454674657268,3.9857000000000036,101.79840000000006
C=CC1=C(C)C(Cc2[nH]c(Cc3[nH]c(CC4=NC(=O)C(=C)C4=CC)c(C)c3CCC(=O)O)c(CCC(=O)O)c2C)=NC1=O,1,0.25054368487126266,16.0,584.6730000000003,548.3850000000004,584.2634848719999,224.0,0.0,0.30317912128139557,-0.4812219269302451,0.4812219269302451,0.30317912128139557,165.03999999999996,43.0,9.081198217631204,4.637240000000004,163.86499999999972
NC(N)=O,0,0.3705073514035382,6.0,60.056,56.024,60.032362748,24.0,0.0,0.30905640142283086,-0.35184623950563915,0.35184623950563915,0.30905640142283086,69.11,4.0,0.5808571585903085,-0.9762000000000002,13.7708
O=c1[nH]c(O)cn1/N=C/c1ccc(-c2ccc([N+](=O)[O-])cc2)o1,0,0.4319501914716752,11.130434782608695,314.25700000000006,304.177,314.06511942,116.0,0.0,0.3485355780171599,-0.493390842425986,0.493390842425986,0.3485355780171599,126.66000000000001,23.0,3.5110799744713495,1.9324,80.50789999999999
NCCCCNCCCN,0,0.42954372454005807,10.2,145.25,126.09799999999998,145.15789760799998,62.0,0.0,-0.0036898615037560707,-0.3304726675633163,0.3304726675633163,0.0036898615037560707,64.07,10.0,8.773440000000004,-0.3362999999999989,44.82950000000002
COc1nccc(-c2c(-c3ccc(F)cc3)ncn2C2CCC(O)CC2)n1,0,0.7612309172508952,19.814814814814813,368.4120000000002,347.24400000000014,368.164854132,140.0,0.0,0.3161622886310668,-0.4667712042093239,0.4667712042093239,0.3161622886310668,73.06,27.0,4.851896894412025,3.6308000000000016,98.71080000000003
O=S(=O)(F)Cc1ccccc1,0,0.6363299100640358,11.363636363636363,174.19600000000003,167.14,174.015078684,60.0,0.0,0.30608429486839883,-0.19449711282287327,0.30608429486839883,0.19449711282287327,34.14,11.0,2.238421819094539,1.4859000000000002,40.17380000000002
CCCS(=O)(=O)Nc1ccc(F)c(C(=O)c2c[nH]c3ncc(-c4ccc(Cl)cc4)cc23)c1F,1,0.33309063319660087,11.636363636363637,489.9310000000001,471.78700000000026,489.072546556,170.0,0.0,0.23230513625734828,-0.3453902077823418,0.3453902077823418,0.23230513625734828,91.92,33.0,6.180725485243712,5.544200000000004,124.03070000000001
Cc1cccc(Oc2cnc(=O)[nH]c2)c1,1,0.808314134929686,9.933333333333334,202.213,192.13299999999998,202.07422756,76.0,0.0,0.3446141676337622,-0.4541987963908723,0.4541987963908723,0.3446141676337622,54.98,15.0,2.494819457055371,1.8706199999999995,56.110700000000016
CC[N+](C)(C)c1cccc(O)c1,0,0.6659702056085907,11.583333333333334,166.24399999999997,150.11599999999996,166.12264055209,66.0,0.0,0.13563019252731973,-0.5077267008807378,0.5077267008807378,0.13563019252731973,20.23,12.0,2.382358751733839,1.9790000000000003,52.28980000000004
N=C(N)N,1,0.2429555006684892,6.0,59.071999999999996,54.032,59.04834715999999,24.0,0.0,0.18252800233526476,-0.3703335316561106,0.3703335316561106,0.18252800233526476,75.89,4.0,0.5808571585903085,-1.1614300000000002,16.1015
c1ccc(CC2=NCCN2)cc1,0,0.6910509635760047,15.5,160.22000000000003,148.124,160.100048384,62.0,0.0,0.10083906625758018,-0.37169973881362073,0.37169973881362073,0.10083906625758018,24.39,12.0,2.0755573087937984,1.2308,50.450700000000026
Cc1c(C(=O)N2CCOc3ccc(-c4ccc(N)nc4)cc3C2)ccc(S(C)(=O)=O)c1F,0,0.6506391929352348,13.78125,455.5110000000002,433.3350000000002,455.13150540399994,166.0,0.0,0.2541505691597338,-0.4913894058851387,0.4913894058851387,0.2541505691597338,102.59,32.0,5.598539069681763,3.2166200000000025,118.56770000000003
O=C(O)Cc1cc(I)c(Oc2ccc(O)c(I)c2)c(I)c1,1,0.4893044482396905,10.428571428571429,621.9340000000001,612.8620000000001,621.7635027680001,110.0,0.0,0.30731606767834,-0.5068453544546648,0.5068453544546648,0.30731606767834,66.76,21.0,5.937952560795602,4.625400000000002,104.1136
CCCC=c1ncc(=CC(Cc2cccs2)C(=O)O)n1Cc1ccc(C(=O)O)cc1,1,0.5509235078850678,13.5,424.52200000000016,400.3300000000002,424.14567824799997,156.0,0.0,0.3351785928302453,-0.4807870308434155,0.4807870308434155,0.3351785928302453,92.42,30.0,7.189889729501063,2.995700000000001,116.96710000000006
CN1CCN(Cc2ccc(Nc3ncc(Cl)c(Nc4ccccc4S(=O)(=O)N(C)C)n3)cc2)CC1,1,0.46964888457367154,15.342857142857143,516.0710000000001,485.8310000000003,515.1870218800001,186.0,0.0,0.24412798984080678,-0.3377101170239123,0.3377101170239123,0.24412798984080678,93.69999999999999,35.0,7.8765057870968525,3.6149000000000022,140.13819999999987
Cc1c(-c2ccccc2)oc2c(C(=O)OCCN3CCCCC3)cccc2c1=O,0,0.6030824294043329,14.793103448275861,391.46700000000016,366.26700000000017,391.17835828,150.0,0.0,0.34151417065795386,-0.46063233055823793,0.46063233055823793,0.34151417065795386,59.75,29.0,5.764418145287334,4.411120000000004,113.23050000000005
NC1(Cc2ccc(Cl)cc2)CCN(c2ncnc3[nH]ccc23)CC1,1,0.7673453722981184,17.333333333333332,341.8460000000001,321.6860000000001,341.14072332,124.0,0.0,0.14234344246745728,-0.35581481269447346,0.35581481269447346,0.14234344246745728,70.83,24.0,3.9016858838779473,3.1517000000000017,97.41010000000004
ON=C(O)CCCCCCC(O)=NO,1,0.16720585717829334,13.142857142857142,204.226,188.09799999999998,204.111006992,82.0,0.0,0.22246327618066078,-0.49426334817369366,0.49426334817369366,0.22246327618066078,105.64000000000001,14.0,7.302330052403735,2.0184,51.402600000000014
O=C(O)c1cn(-c2ccc(F)cc2)c2cc(N3CCNCC3)c(F)cc2c1=O,0,0.7242506066069617,14.428571428571429,385.3700000000002,368.2340000000001,385.123797844,144.0,0.0,0.3407372006428099,-0.47749686096910443,0.47749686096910443,0.3407372006428099,74.57,28.0,4.559811878256598,2.3767000000000005,101.50300000000007
O=Cc1ccc(CO)o1,0,0.589595257065356,9.444444444444445,126.11099999999998,120.06299999999997,126.031694052,48.0,0.0,0.18481978253359987,-0.4558356563162004,0.4558356563162004,0.18481978253359987,50.44,9.0,1.6483248344968333,0.5844,30.01829999999999
Cc1noc(NS(=O)(=O)c2ccc(N)cc2)c1C,1,0.8241959038664723,11.444444444444445,267.31,254.20599999999996,267.067762276,96.0,0.0,0.26375397675254864,-0.3987277171274377,0.3987277171274377,0.26375397675254864,98.22,18.0,2.9970941604299726,1.67444,67.63990000000003
Cc1ccc(NC(=O)c2ccc(CN3CCN(C)CC3)cc2)cc1Nc1nc(-c2cccnc2)cs1,0,0.3622966712802839,14.5,498.6560000000002,468.4160000000003,498.2201805800001,184.0,0.0,0.2551591618470566,-0.33123155780056524,0.33123155780056524,0.2551591618470566,73.39000000000001,36.0,7.363369836811071,5.256820000000005,146.9758999999998
NC(=O)c1ncn(C2OC(CO)C(O)C2O)c1O,0,0.3957886051129175,31.72222222222222,259.218,246.11399999999998,259.080435136,100.0,0.0,0.272429030252477,-0.49268757929878393,0.49268757929878393,0.272429030252477,151.06,18.0,3.216936111665627,-2.7009,55.41910000000003
C#C[C@]1(O)CC[C@H]2[C@@H]3CC=C4CC(=O)CCC4[C@H]3CC[C@@]21CC,0,0.5891015802430087,48.73913043478261,312.4530000000001,284.229,312.208930136,124.0,0.0,0.13646102229013607,-0.37702276862970435,0.37702276862970435,0.13646102229013607,37.3,23.0,3.5042081929403865,3.8826000000000036,90.49280000000006
O=C1CCCC(=O)C1C(=O)c1ccc(C(F)(F)F)cc1[N+](=O)[O-],0,0.3676900937816902,16.47826086956522,329.2300000000001,319.15000000000003,329.05110707999995,122.0,0.0,0.416161110333454,-0.29838709883618864,0.416161110333454,0.29838709883618864,94.35,23.0,4.305295904863737,2.7346000000000013,69.7839
O=C(O)C=Cc1ccc(O)c(O)c1,0,0.47162133314166776,10.461538461538462,180.159,172.09499999999997,180.042258736,68.0,0.0,0.32782120287961375,-0.504259631901577,0.504259631901577,0.32782120287961375,77.76,13.0,2.5400453685952638,1.1956,46.441400000000016
Oc1cccc(O)c1O,0,0.45046629553451434,9.333333333333334,126.11099999999998,120.06299999999997,126.031694052,48.0,0.0,0.19975016033970827,-0.5041613398087832,0.5041613398087832,0.19975016033970827,60.69,9.0,1.1846773499573802,0.8033999999999997,31.436399999999992
Cc1ccc(C(=O)N(CCCN)C(c2nc3cc(Cl)ccc3c(=O)n2Cc2ccccc2)C(C)C)cc1,1,0.3139785403695545,12.162162162162161,517.0730000000002,483.80900000000037,516.229203976,192.0,0.0,0.2612562041874014,-0.33040582024609544,0.33040582024609544,0.2612562041874014,81.22,37.0,8.414248649967956,5.5949200000000054,150.02289999999977
CC(C)Cc1ccc(C(C)C(=O)O)cc1,0,0.8215995486924976,12.8,206.28499999999997,188.14099999999996,206.130679816,82.0,0.0,0.3101853515323108,-0.4807885019257389,0.4807885019257389,0.3101853515323108,37.3,15.0,3.8931449942967644,3.073200000000001,61.03480000000004
CC(C)c1c(C(=O)Nc2ccccc2)c(-c2ccccc2)c(-c2ccc(F)cc2)n1CCC(O)CC(O)CC(=O)O,1,0.16276043934928294,12.731707317073171,558.6500000000003,523.3700000000003,558.2530004399999,214.0,0.0,0.3054724296571262,-0.48115942835912534,0.48115942835912534,0.3054724296571262,111.79,41.0,9.702485214898342,6.313600000000008,157.24659999999975
N=c1n[n+]([O-])c2ccccc2n1O,0,0.32003496960362965,10.461538461538462,178.15099999999998,172.10299999999998,178.049075432,66.0,0.0,0.32220595022386295,-0.5937259624867147,0.5937259624867147,0.32220595022386295,88.84000000000002,13.0,1.4154434850575928,-0.6135299999999999,41.732200000000006
CC1(C)CCC(CN2CCN(c3ccc(C(=O)NS(=O)(=O)c4ccc(NCC5CCOCC5)c([N+](=O)[O-])c4)c(Oc4cnc5[nH]ccc5c4)c3)CC2)=C(c2ccc(Cl)cc2)C1,1,0.07640809714093555,17.65573770491803,868.457,818.0569999999997,867.3180956199999,320.0,0.0,0.2931897784676114,-0.45480327895052747,0.45480327895052747,0.2931897784676114,172.03,61.0,12.35868999207188,8.659900000000006,237.04779999999937
COCCOc1ccc2c(c1)ncn2-c1ccc2cccc(N3CCC(N)CC3)c2n1,1,0.48376142759155827,15.096774193548388,417.51300000000026,390.29700000000014,417.2164751040001,160.0,0.0,0.13866349004465336,-0.4911114766496724,0.4911114766496724,0.13866349004465336,78.43,31.0,5.442579157538815,3.5264000000000015,123.16440000000006
CC(NC(=O)c1ncnc(N)c1Cl)c1ncc(C(=O)Nc2cc(C(F)(F)F)c(Cl)cn2)s1,0,0.476447317615037,12.3125,506.2970000000001,494.20100000000014,505.010233644,168.0,0.0,0.41753423384062566,-0.38233641666404483,0.41753423384062566,0.38233641666404483,135.78000000000003,32.0,6.809485161104522,3.9792000000000014,111.6518
CC(=O)Nc1nc(C)c(S(=O)(=O)Nc2ccc(C(O)(C(F)(F)F)C(F)(F)F)cc2)s1,0,0.5714668257830495,13.233333333333333,477.408,464.30400000000003,477.025167216,166.0,0.0,0.43011842297042,-0.36949178027118124,0.43011842297042,0.36949178027118124,108.39,30.0,6.130090045374934,3.522920000000001,94.412
COC1C=CC=C(C)C(=O)Nc2cc(O)c(NCCN(C)C)c(c2O)C=C(C)CC(OC)C(O)C(C)C=C(C)C1OC(N)=O,1,0.15028852784038574,23.818181818181817,616.7560000000002,568.3720000000004,616.3472144959999,244.0,0.0,0.4047040148198253,-0.5056783407692553,0.5056783407692553,0.4047040148198253,175.84,44.0,13.927920565558287,3.7565000000000017,171.5881999999997
C=C[C@]1(C)CC[C@@H](C(=C)C)C[C@H]1C(=C)C,0,0.5820483925583253,35.93333333333333,204.35699999999997,180.16499999999996,204.187800768,84.0,0.0,-0.008357442618656053,-0.10251127224861871,0.10251127224861871,0.008357442618656053,0.0,15.0,3.592155782917174,4.747200000000005,68.76300000000005
O=C1C(CCC(O)c2ccc(F)cc2)C(c2ccc(O)cc2)N1c1ccc(F)cc1,0,0.5702138618789355,19.433333333333334,409.4320000000001,388.2640000000001,409.148949972,154.0,0.0,0.23264472265504002,-0.5079666233885607,0.5079666233885607,0.23264472265504002,60.77,30.0,5.504965270569213,4.888300000000004,108.81760000000004
NC1(c2ccc(-c3nc4ccn5c(=O)[nH]nc5c4cc3-c3ccccc3)cc2)CCC1,1,0.46806813215040144,15.258064516129032,407.4770000000002,386.3090000000002,407.174610292,152.0,0.0,0.34722511707474846,-0.32139828854087343,0.34722511707474846,0.32139828854087343,89.07,31.0,3.850067582201516,4.242700000000003,121.70209999999999
OCCc1ccc(O)cc1,0,0.6377737015055097,9.7,138.16599999999997,128.08599999999998,138.06807956,54.0,0.0,0.1150948633382151,-0.5079666451601433,0.5079666451601433,0.1150948633382151,40.46,10.0,2.2868543351395316,0.927,38.896600000000014
C[N+]1(C)[C@@H]2C[C@@H](OC(=O)C(CO)c3ccccc3)C[C@H]1[C@@H]1O[C@@H]12,0,0.5123331583066539,37.78260869565217,318.3930000000001,294.20099999999996,318.16998466808997,124.0,0.0,0.3155558947752604,-0.4613417988701342,0.4613417988701342,0.3155558947752604,59.06,23.0,3.480945668790579,1.0626999999999995,83.72820000000006
COC(=O)OCOc1c2n(ccc1=O)N([C@@H]1c3ccccc3SCc3c1ccc(F)c3F)[C@@H]1COCCN1C2=O,0,0.34476475714144983,19.525,571.5580000000001,548.3740000000003,571.122477516,208.0,0.0,0.5103910506661303,-0.4505959114016547,0.5103910506661303,0.4505959114016547,99.53999999999999,40.0,6.840411374519867,3.391200000000002,137.75149999999994
CC(=O)Nc1ccccc1,0,0.6227994751052724,8.9,135.16599999999997,126.09399999999998,135.068413908,52.0,0.0,0.22074740345902855,-0.32633909093765334,0.32633909093765334,0.22074740345902855,29.1,10.0,2.049538439809832,1.6449999999999998,40.74570000000002
CCCCCN(C)CCC(O)(P(=O)(O)O)P(=O)(O)O,0,0.3057568101445882,14.105263157894736,319.23100000000005,296.047,319.09497533599995,116.0,0.0,0.36898812555763955,-0.3674867441325964,0.36898812555763955,0.3674867441325964,138.53,19.0,7.376293817790304,0.4999999999999996,70.67700000000002
CN(C)C(=O)CCS[C@H](SCCC(=O)O)c1cccc(/C=C/c2ccc3ccc(Cl)cc3n2)c1,0,0.29530986578080354,12.205882352941176,515.1000000000001,487.88400000000036,514.115162404,178.0,0.0,0.30368061317962014,-0.48120846026012093,0.48120846026012093,0.30368061317962014,70.5,34.0,9.864635877222476,6.476600000000006,145.34379999999982
Nc1nc2ccc(OC(F)(F)F)cc2s1,0,0.8248286060077297,11.933333333333334,234.20199999999994,229.16199999999995,234.00746844,80.0,0.0,0.5725971228441953,-0.4057433334986517,0.5725971228441953,0.4057433334986517,48.14,15.0,2.1840731932884134,2.7771,50.7154
CC(C)OC(=O)C(C(=O)OC(C)C)=C1SC=CS1,1,0.3428685431917611,14.222222222222221,288.39,272.26199999999994,288.049000992,100.0,0.0,0.3470754319303395,-0.45913911044720285,0.45913911044720285,0.3470754319303395,52.60000000000001,18.0,5.813621720811837,3.0524000000000013,73.80400000000003
COC(=O)C1=C(C)N=C(C)C(C(=O)OC(C)C)C1c1cccc2nonc12,0,0.7611574148411109,20.0,371.3930000000001,350.2250000000001,371.148120772,142.0,0.0,0.3357425830504191,-0.4655873795841669,0.4655873795841669,0.3357425830504191,103.88,27.0,5.070405097442767,2.795700000000001,97.08800000000005
OC1C(O)C(O)C(O)C(O)C1O,0,0.2269574991042921,55.5,180.156,168.05999999999997,180.063388104,72.0,0.0,0.11098719959711219,-0.38749792699247004,0.38749792699247004,0.11098719959711219,121.38000000000001,12.0,2.6660111329936296,-3.8346000000000005,36.040800000000004
Cc1cccc(-c2[nH]c(CNc3ccccc3F)nc2-c2ccc3ncnn3c2)n1,0,0.46181083581586707,11.133333333333333,399.4330000000001,381.2890000000001,399.1607717960001,148.0,0.0,0.15479010428886208,-0.375453867712419,0.375453867712419,0.15479010428886208,83.79,30.0,4.436062482132912,4.2410200000000025,112.2634
O=C(Nc1ccccc1)OCC(CN1CCCCC1)OC(=O)Nc1ccccc1,0,0.7265559294057652,15.172413793103448,397.475,370.2590000000001,397.20015634400005,154.0,0.0,0.41156522971573045,-0.4453086723629102,0.4453086723629102,0.41156522971573045,79.9,29.0,7.886797031714386,4.338300000000004,112.03740000000003
CCCCCC/C=C\CCCCCCCC(=O)O,0,0.35616404343455993,11.166666666666666,254.4139999999999,224.17399999999995,254.2245802,106.0,0.0,0.30283955653219446,-0.4812303897852169,0.4812303897852169,0.30283955653219446,37.3,18.0,13.645321684145593,5.328300000000005,77.85380000000006
O=C(Nc1ccc(-c2ccnc(Nc3ccc(N4CCOCC4)cc3)n2)cc1)C1CCCN1,1,0.5366372298871934,18.181818181818183,444.53900000000027,416.3150000000002,444.22737413600004,170.0,0.0,0.24100749845339037,-0.3777778199763259,0.3777778199763259,0.24100749845339037,91.41000000000001,33.0,6.456342598001634,3.4143000000000017,129.87910000000002
NC(CO)(CO)CO,0,0.3368315430776369,12.0,121.136,110.04799999999999,121.073893212,50.0,0.0,0.08562978010591885,-0.3942766406592916,0.3942766406592916,0.08562978010591885,86.71000000000001,8.0,2.92552181978256,-2.3391999999999995,28.175799999999995
CC(C(=O)O)c1ccc(-c2ccccc2)c(F)c1,0,0.8937504426107861,12.11111111111111,244.265,231.16099999999994,244.089957876,92.0,0.0,0.31018714849415946,-0.4807884920982788,0.4807884920982788,0.31018714849415946,37.3,18.0,3.417904144801535,3.6808000000000023,67.88680000000002
CC(C)Cc1ccc(C(C)C(=O)NS(C)(=O)=O)cc1,0,0.8994084644413988,13.31578947368421,283.393,262.22499999999997,283.124214532,106.0,0.0,0.24017626586736424,-0.2733522501516329,0.2733522501516329,0.24017626586736424,63.24,19.0,5.114995310365058,2.0644,76.38550000000005
CCn1c(-c2nonc2N)nc2c(C#CC(C)(C)O)ncc(OCC3CCCNC3)c21,0,0.5202565020980736,16.838709677419356,425.4930000000002,398.2770000000002,425.217537724,164.0,0.0,0.19915275623519096,-0.4893450469203181,0.4893450469203181,0.19915275623519096,137.14000000000001,31.0,5.801257375388162,1.5841999999999998,115.17090000000003
COc1cc2nccc(Oc3ccc(NC(=O)NC4CC4)c(Cl)c3)c2cc1C(N)=O,0,0.5490365970627806,13.0,426.8600000000003,407.7080000000002,426.109482768,154.0,0.0,0.318996091350935,-0.4958412852823632,0.4958412852823632,0.318996091350935,115.57,30.0,5.325787018939325,4.071900000000002,113.51530000000002
Cc1ccccc1C(=O)Nc1ccc(C(=O)N2CCCC(O)c3cc(Cl)ccc32)c(C)c1,0,0.540891219756549,15.625,448.9500000000001,423.7500000000002,448.15537034,164.0,0.0,0.25804778471968365,-0.38833843261935896,0.38833843261935896,0.25804778471968365,69.64,32.0,6.30553519339528,5.683140000000005,127.63350000000003
NC12CC3CC(CC(C3)C1)C2,0,0.562066412771912,60.27272727272727,151.253,134.11699999999996,151.136099544,62.0,0.0,0.016184112016620924,-0.3250304809663282,0.3250304809663282,0.016184112016620924,26.02,11.0,1.0710736715527012,1.9139,45.09040000000003
CC(C)C(N)C(=O)OCC(CO)OCn1cnc2c(=O)[nH]c(N)nc21,1,0.4142937706843366,13.96,354.3670000000001,332.19100000000003,354.1651678040001,138.0,0.0,0.3227685910619786,-0.4616618554030007,0.4616618554030007,0.3227685910619786,171.37,25.0,6.065132216460719,-1.4366999999999974,88.29230000000001
COc1ccc(S(=O)(=O)Nc2cccnc2Nc2ccc(O)cc2)cc1,0,0.5747265360046893,10.961538461538462,371.4180000000001,354.28200000000015,371.093977024,134.0,0.0,0.2615183893058063,-0.5079643158298605,0.5079643158298605,0.2615183893058063,100.55000000000001,26.0,4.9442992567012185,3.340200000000001,99.42900000000002
COC(=O)C1=COC(O)C2C(CO)=CCC12,1,0.509599620836024,32.3125,226.22799999999998,212.11599999999996,226.084123548,88.0,0.0,0.33667079319197274,-0.47150689484433017,0.47150689484433017,0.33667079319197274,75.99000000000001,16.0,2.979393537839431,-0.0532999999999999,53.95660000000002
COc1ccc(Cn2ccc3ccc(C(O)=NO)cc32)cc1,0,0.3354885873886407,11.772727272727273,296.326,280.19800000000004,296.116092372,112.0,0.0,0.25452413873507973,-0.49676819999699623,0.49676819999699623,0.25452413873507973,66.98,22.0,3.699640555581303,3.3920000000000012,84.98630000000003
CN(C)c1ccc(C(=C2C=CC(=[N+](C)C)C=C2)c2ccc(N(C)C)cc2)cc1,1,0.7332076636758533,12.928571428571429,372.53600000000006,342.2960000000001,372.24342438009,144.0,0.0,0.19895934181831174,-0.37766090538434605,0.37766090538434605,0.19895934181831174,9.49,28.0,5.836586660168967,4.4596000000000044,122.95540000000004
COc1c(C)c2c(c(O)c1CC=C(C)CCC(=O)O)C(=O)OC2,0,0.6181996922805278,13.695652173913043,320.341,300.18100000000004,320.12598835999995,124.0,0.0,0.3421927083242975,-0.5065900756532242,0.5065900756532242,0.3421927083242975,93.06000000000002,23.0,4.931457430245596,2.73322,82.84610000000004
CN(C)C(N)=NC(=N)N,1,0.28187377713298783,11.11111111111111,129.167,118.07900000000001,129.10144535199998,52.0,0.0,0.21518061705799588,-0.36942336068403003,0.36942336068403003,0.21518061705799588,91.49,9.0,2.5001108640669427,-1.2438299999999982,37.22349999999999
CC(C)N(CC1OC(n2cnc3c(N)ncnc32)C(O)C1O)C1CC(CCc2nc3cc(C(C)(C)C)ccc3[nH]2)C1,0,0.2534223286690763,26.951219512195124,562.7190000000003,520.3830000000005,562.337987204,220.0,0.0,0.1671384987719703,-0.3874623693559189,0.3874623693559189,0.1671384987719703,151.23,41.0,7.254402318875727,3.3233000000000015,157.12769999999975
O=C(Cc1ccc(-c2ccc(OCCN3CCOCC3)cc2)cn1)NCc1ccccc1,0,0.5631942375722424,14.125,431.5360000000001,402.3040000000002,431.2208917880001,166.0,0.0,0.22578245804145705,-0.49226402136130065,0.49226402136130065,0.22578245804145705,63.69,32.0,7.843574461648133,3.318500000000001,124.41970000000003
CCC1OC(=O)C(C)C(OC2CC(C)(OC)C(O)C(C)O2)C(C)C(OC2OC(C)CC(N(C)C)C2O)C(C)(O)CC(C)C2NC(COCCOC)OC(C2C)C1(C)O,1,0.14173230226603414,48.672413793103445,835.086,756.462,834.545305176,340.0,0.0,0.3111884199107648,-0.4589366281133756,0.4589366281133756,0.3111884199107648,196.32999999999998,58.0,17.430506275205683,2.201700000000009,213.52389999999914
Cc1cc(Nc2cc(CN3CCOCC3)c3nc(C)c(Cc4ccc(Cl)cc4F)n3n2)[nH]n1,0,0.44338437692174615,14.787878787878787,469.95200000000006,444.7520000000001,469.1793143200001,172.0,0.0,0.15825084564399297,-0.37879229027544253,0.37879229027544253,0.15825084564399297,83.36999999999999,33.0,6.008199795883478,4.028340000000003,124.64340000000001
CCC(C)n1ncn(-c2ccc(N3CCN(c4ccc(OCC5COC(Cn6cncn6)(c6ccc(Cl)cc6Cl)O5)cc4)CC3)cc2)c1=O,1,0.1743942883815827,20.122448979591837,705.6470000000002,667.3430000000001,704.2393070560003,256.0,0.0,0.3501012080231817,-0.49079080635828953,0.49079080635828953,0.3501012080231817,104.70000000000002,49.0,9.635762081131647,5.5773000000000055,188.17599999999942
O=C(Nc1nc2cccc(-c3ccc(CN4CCS(=O)(=O)CC4)cc3)n2n1)C1CC1,0,0.6714427615145171,19.066666666666666,425.5140000000002,402.33000000000015,425.152160596,156.0,0.0,0.2492367902468963,-0.2970677307337306,0.2970677307337306,0.2492367902468963,96.67,30.0,4.786712347002441,1.9751999999999998,113.70750000000002
CCC(CO)Nc1nc(NCc2ccccc2)c2ncn(C(C)C)c2n1,0,0.5756719627819336,12.5,354.4580000000001,328.25000000000006,354.216809452,138.0,0.0,0.226584694111752,-0.39424297764577176,0.39424297764577176,0.226584694111752,87.89,26.0,5.675859239598949,3.2021000000000015,104.26420000000005
CC/C=C\C/C=C\C/C=C\C/C=C\C/C=C\C/C=C\CCC(=O)O,0,0.3670786920502773,13.041666666666666,328.4960000000001,296.24,328.24023026399993,132.0,0.0,0.30315494186189557,-0.48122220101530433,0.48122220101530433,0.30315494186189557,37.3,24.0,17.306913500318828,6.548900000000006,105.08580000000008
CC(=O)C1CCC2C3CC=C4CC(O)CCC4(C)C3CCC12C,0,0.7224207015753511,52.17391304347826,316.48500000000007,284.229,316.240230264,128.0,0.0,0.13296018238009388,-0.39279668484713365,0.39279668484713365,0.13296018238009388,37.3,23.0,3.5753766236664886,4.515300000000004,91.88080000000005
Cc1cccc(Nc2ccccc2C(=O)O)c1C,1,0.8600549198257493,10.11111111111111,241.29,226.16999999999996,241.11027872,92.0,0.0,0.33730974624233334,-0.47758334051759543,0.47758334051759543,0.33730974624233334,49.33,18.0,3.3266001284610507,3.7452400000000017,72.60000000000002
COc1cc2ncnc(Nc3cccc(Cl)c3)c2cc1OC,0,0.7869935859921958,10.5,315.7600000000001,301.648,315.07745436799996,112.0,0.0,0.16241567020986145,-0.4928420696142627,0.4928420696142627,0.16241567020986145,56.27000000000001,22.0,3.9766811406972633,4.044000000000002,87.37670000000003
CCC1OC(=O)C(C)C(OC2CC(C)(OC)C(O)C(C)O2)C(C)C(OC2OC(C)CC(N(C)C)C2O)C(C)(O)CC(C)C(=O)C(C)C(O)C1(C)O,0,0.2378725059837351,49.745098039215684,733.9370000000002,666.4010000000002,733.4612412040001,298.0,0.0,0.3111884202841215,-0.4589365811706855,0.4589365811706855,0.3111884202841215,193.91,51.0,14.712338167296412,1.785600000000004,186.25799999999953
COC(=O)CCC(=O)CN,0,0.5396004092310057,9.0,145.158,134.07,145.073893212,58.0,0.0,0.3054521369770797,-0.46898566984749396,0.46898566984749396,0.3054521369770797,69.39,10.0,4.487043956043956,-0.5326000000000002,35.311399999999985
Nc1ccc(O)c(C(=O)O)c1,1,0.40871585512742575,9.454545454545455,153.137,146.08099999999996,153.042593084,58.0,0.0,0.3390481968511425,-0.507050155392377,0.507050155392377,0.3390481968511425,83.55,11.0,1.6774913416809425,0.6726000000000001,39.478500000000004
CCCC(C(=O)N=C1C(=O)N2C(C(=O)OCOC(=O)C(C)(C)C)=C(COC(N)=O)CS[C@H]12)c1csc(N)n1,0,0.2514156940305577,18.94736842105263,567.6460000000001,538.4140000000002,567.1457548879999,206.0,0.0,0.4043169046535987,-0.4450598970477168,0.4450598970477168,0.4043169046535987,193.57,38.0,9.143146013433347,1.9311,138.77679999999998
O=C(O)CCCN1CCC(OC(c2ccc(Cl)cc2)c2ccccn2)CC1,0,0.7348520845604458,16.925925925925927,388.8950000000002,363.69500000000016,388.15537034000005,144.0,0.0,0.30288942033952204,-0.4812297919063754,0.4812297919063754,0.30288942033952204,62.66,27.0,7.210842182398629,4.170200000000004,104.94880000000006
C[N+](C)(C)CCOP(=O)([O-])OCC(O)CO,0,0.4073945988300894,18.125,257.22299999999996,237.06299999999996,257.10282399,98.0,0.0,0.26767158096347127,-0.7561177995043883,0.7561177995043883,0.26767158096347127,99.05000000000001,16.0,6.654886696682681,-1.452599999999998,55.50250000000004
CC12C=CC(=O)C=C1CCC1C2C(=O)CC2(C)C1CCC2(O)C(=O)CO,0,0.7848332802556961,47.07692307692308,358.43400000000014,332.22600000000006,358.1780239319999,140.0,0.0,0.18964182380955794,-0.3884641012481243,0.3884641012481243,0.18964182380955794,91.67,26.0,3.7380161868780672,1.7658,94.04860000000005
O=C1C2CCN(CC2)C1(CO)CO,0,0.5793304131806428,36.61538461538461,185.223,170.10299999999998,185.10519334,74.0,0.0,0.16047724375687275,-0.3938715117309541,0.3938715117309541,0.16047724375687275,60.77000000000001,13.0,2.1352513376999287,-0.9955,46.20660000000002
CCNC(=O)C1CCCN1C(=O)C(CCCN=C(N)N)NC(=O)C(CC(C)C)NC(=O)C(CC(C)C)NC(=O)C(Cc1ccc(O)cc1)NC(=O)C(CO)NC(=O)C(Cc1c[nH]c2ccccc12)NC(=O)C(Cc1c[nH]cn1)NC(=O)C1CCC(=O)N1,0,0.015134658747881936,17.149425287356323,1209.4210000000005,1124.7489999999991,1208.6454621279997,472.0,0.0,0.24533022078841166,-0.5079666451556014,0.5079666451556014,0.24533022078841166,431.53999999999985,87.0,24.995608659605804,-1.438100000000009,320.11010000000033
NS(=O)(=O)c1cc2c(cc1Cl)NCNS2(=O)=O,1,0.6544582690300507,18.235294117647058,297.74500000000006,289.68100000000004,296.9644754159999,94.0,0.0,0.24366456161935907,-0.37040168741078,0.37040168741078,0.24366456161935907,118.35999999999999,17.0,2.8257410681299775,-0.35129999999999967,61.63640000000001
CCCCNC(=O)NS(=O)(=O)c1ccc(C)cc1,0,0.8008194430489944,11.0,270.354,252.20999999999995,270.103813436,100.0,0.0,0.3281935401872916,-0.3373198645840974,0.3373198645840974,0.3281935401872916,75.27000000000001,18.0,5.150581350443636,1.78302,69.80720000000004
c1ccc2c(Cc3c[nH]c4ccccc34)c[nH]c2c1,0,0.5299411118820241,11.368421052631579,246.31300000000002,232.20099999999996,246.115698448,92.0,0.0,0.04564075256003335,-0.3608779136122768,0.3608779136122768,0.04564075256003335,31.58,19.0,2.2110886563494776,4.240000000000002,79.40340000000002
CC(=O)O[C@@]12CO[C@@H]1C[C@@H](O)[C@@]1(C)C(=O)C(=O)C3C(C)[C@@H](O)C[C@@](O)([C@@H](OC(=O)c4ccccc4)[C@H]21)C3(C)C,0,0.37345860394050656,44.56410256410256,544.5970000000001,508.3090000000004,544.230847352,212.0,0.0,0.338014028054945,-0.45518072630646594,0.45518072630646594,0.338014028054945,156.66,39.0,6.381147690841473,1.2258000000000007,134.12589999999994
Oc1c(Cl)cc(Cl)cc1Sc1cc(Cl)cc(Cl)c1O,1,0.7079213197705984,10.736842105263158,356.057,350.00900000000007,353.88426115199997,100.0,0.0,0.14767983827519127,-0.5051938869665639,0.5051938869665639,0.14767983827519127,40.46,19.0,4.639935281563474,5.862600000000001,80.37660000000001
CCN=C1Nc2ccc(Cl)cc2C(C)(c2ccccc2)O1,1,0.8903634008975057,22.333333333333332,300.789,283.65299999999996,300.102940844,108.0,0.0,0.2899282269399401,-0.4488141103301457,0.4488141103301457,0.2899282269399401,33.620000000000005,21.0,3.598219784420383,4.421500000000003,87.03170000000003
CCC(c1ccc(O)cc1)C(CC)c1ccc(O)cc1,0,0.8200551330488968,13.9,270.37199999999996,248.19599999999994,270.161979944,106.0,0.0,0.11509519995935177,-0.5079666423008401,0.5079666423008401,0.11509519995935177,40.46,20.0,4.670981947710962,4.785200000000004,82.27760000000005
C/C=C1\[C@H]2C=C(C)C[C@]1(N)c1ccc(=O)[nH]c1C2,0,0.6835351502151038,32.05555555555556,242.32199999999997,224.17799999999997,242.141913196,94.0,0.0,0.247630015308545,-0.32583712233606743,0.32583712233606743,0.247630015308545,58.88,18.0,2.3527797045023573,1.9975,72.25310000000002
CCC(C(=O)N1CCCCC1C(=O)O[C@@H](CCc1ccc(OC)c(OC)c1)c1cccc(OCC(=O)NCCNC(=O)COc2cccc([C@@H](CCc3ccc(OC)c(OC)c3)OC(=O)C3CCCCN3C(=O)C(CC)c3cc(OC)c(OC)c(OC)c3)c2)c1)c1cc(OC)c(OC)c(OC)c1,0,0.027114460246985907,15.372549019607844,1411.6499999999985,1312.865999999999,1410.6774415359996,550.0,0.0,0.32896481873248573,-0.49286997871803323,0.49286997871803323,0.32896481873248573,262.1799999999999,102.0,29.256381879488234,11.046799999999992,380.2574000000014
CC(=O)C(C#N)C(=O)Nc1ccc(C(F)(F)F)cc1,0,0.8570413729426968,12.368421052631579,270.21,261.138,270.061612188,100.0,0.0,0.41591206454742663,-0.3245565204297606,0.41591206454742663,0.3245565204297606,69.96,19.0,4.271732704494329,2.37268,59.85770000000001
CN(C)c1nc(N(C)C)nc(N(C)C)n1,0,0.7033804434333938,10.0,210.285,192.141,210.15929457599998,84.0,0.0,0.23093924421464893,-0.3467477008637583,0.3467477008637583,0.23093924421464893,48.39000000000001,15.0,3.2833374904430763,0.0696000000000001,62.80800000000004
CC(C)(C)C[C@@H]1NC(C(=O)N[C@H]2CC[C@H](O)CC2)[C@H](c2cccc(Cl)c2F)[C@]12C(=O)Nc1cc(Cl)ccc12,0,0.40724698970716144,30.81578947368421,562.5130000000001,528.2410000000002,561.196125528,204.0,0.0,0.23754910460124648,-0.39312859294615526,0.39312859294615526,0.23754910460124648,90.46000000000001,38.0,7.267435630479877,5.302500000000004,147.09989999999985
CNCCCN1c2ccccc2CCc2ccccc21,0,0.8516371541172786,13.55,266.388,244.21199999999993,266.178298704,104.0,0.0,0.044296111782877574,-0.34099097117761645,0.34099097117761645,0.044296111782877574,15.27,20.0,4.025466484984002,3.5328000000000026,85.84170000000005
CO[C@H]1CC[C@H](N2C(=O)CNc3ncc(-c4ccc(C(C)(C)O)nc4)nc32)CC1,1,0.8173159308624395,22.20689655172414,397.4790000000002,370.26300000000015,397.211389724,154.0,0.0,0.24735342689113626,-0.38414301501504944,0.38414301501504944,0.24735342689113626,100.47,29.0,5.225289152325218,2.4821,109.53650000000003
CN1CCN(c2c(F)cc3c(=O)c(C(=O)O)cn4c3c2OCN4C)CC1,0,0.8339087025992016,17.5,362.3610000000002,343.2090000000001,362.139033308,138.0,0.0,0.3408029465105393,-0.47749607727093124,0.47749607727093124,0.3408029465105393,78.25,26.0,3.7601627261798987,0.5083000000000002,94.47130000000004
CC(=O)C1CC[C@H]2[C@@H]3CC[C@H]4C[C@H](O)CC[C@]4(C)[C@H]3CC[C@]12C,0,0.7672110598231308,55.65217391304348,318.5010000000001,284.229,318.255880328,130.0,0.0,0.1329601807965454,-0.3931197276586115,0.3931197276586115,0.1329601807965454,37.3,23.0,3.7223285047861383,4.595200000000005,91.90480000000007
C=c1c(CCC(=O)O)c(C)[nH]c1=Cc1c(O)[nH]c2ccccc12,0,0.5918935262086276,12.130434782608695,310.353,292.20900000000006,310.131742436,118.0,0.0,0.30317932248121565,-0.49412959296133124,0.49412959296133124,0.30317932248121565,89.10999999999999,23.0,3.6971389941513366,1.7663199999999994,89.78900000000003
CC(C)C1CCC(C(=O)NC(Cc2ccccc2)C(=O)O)CC1,0,0.8460610896604897,22.565217391304348,317.42900000000014,290.213,317.199093724,126.0,0.0,0.32604609388114336,-0.47970863545433123,0.47970863545433123,0.32604609388114336,66.4,23.0,6.195098753033919,3.2609000000000012,89.99850000000006
Clc1ccc(C(Cn2ccnc2)OCc2csc3c(Cl)cccc23)c(Cl)c1,0,0.3240113707540215,12.555555555555555,437.7790000000001,422.65900000000016,435.99706714,138.0,0.0,0.10225214372984479,-0.3668683217314375,0.3668683217314375,0.10225214372984479,27.05,27.0,5.713348085860387,7.0161000000000024,113.05400000000003
CCCC(=O)O,1,0.5434407472889116,8.166666666666666,88.10599999999998,80.04199999999999,88.052429496,36.0,0.0,0.30282893657949883,-0.48123051640943176,0.48123051640943176,0.30282893657949883,37.3,6.0,2.455768941088739,0.8711,22.543799999999994
Nc1c(Br)cc(Br)cc1CNC1CCC(O)CC1,0,0.7086826591926151,24.166666666666668,378.10800000000023,359.96400000000017,375.97858739599997,100.0,0.0,0.05410072098006297,-0.39754991204283463,0.39754991204283463,0.05410072098006297,58.28,18.0,5.064210529065427,3.1869000000000014,81.35690000000002
CN(C)C(=O)c1cc2cnc(Nc3ccc(N4CCNCC4)cn3)nc2n1C1CCCC1,0,0.6380121763709555,17.125,434.54800000000023,404.30800000000016,434.25425758000006,168.0,0.0,0.2695506662236491,-0.3677401923808754,0.3677401923808754,0.2695506662236491,91.21000000000001,32.0,5.649929186350724,2.7964,125.65290000000006
O=C(c1ccc(OCCN2CCCCC2)cc1)c1c(-c2ccc(O)cc2)sc2cc(O)ccc12,0,0.31866432981090165,14.352941176470589,473.5940000000001,446.3780000000002,473.16607934399997,174.0,0.0,0.19462757823117602,-0.5079662370651968,0.5079662370651968,0.19462757823117602,70.0,34.0,6.516732944118886,6.075200000000007,136.25109999999998
Cc1onc(-c2ccccc2)c1-c1ccc(S(N)(=O)=O)cc1,0,0.8049353387121051,11.545454545454545,314.36600000000004,300.2540000000001,314.07251330799994,112.0,0.0,0.2375458279749683,-0.36040812760403984,0.36040812760403984,0.2375458279749683,86.19,22.0,3.556827498290471,2.9644200000000005,83.48520000000002
CC(NC(C)(C)C)C(=O)c1cccc(Cl)c1,0,0.8204937720146613,13.5625,239.746,221.60199999999995,239.107691876,88.0,0.0,0.17900807689284562,-0.3026453602253642,0.3026453602253642,0.17900807689284562,29.1,16.0,4.110909044277776,3.2993000000000023,68.13320000000003
O=C(O)C=Cc1ccccc1,1,0.6489204335813592,10.181818181818182,148.161,140.09699999999998,148.052429496,56.0,0.0,0.327821184684523,-0.47807360446595853,0.47807360446595853,0.327821184684523,37.3,11.0,2.440414027820433,1.7844,43.11180000000002
CCOC(=O)OC1(C(=O)OCCl)CCC2C3CC=C4CC(=O)C=CC4(C)C3C(O)CC21C,0,0.3805418647692247,42.28125,466.95800000000025,435.7100000000003,466.17583101199995,176.0,0.0,0.5089151188231607,-0.4463653177110145,0.5089151188231607,0.4463653177110145,99.13000000000001,32.0,5.950616879510709,3.9165000000000028,115.65580000000006
C#CC1(O)C=CC2C3CC=C4CC(=O)CCC4C3CCC21CC,0,0.5926554556303282,48.04347826086956,310.43700000000007,284.229,310.193280072,122.0,0.0,0.14946068302189436,-0.37339258195422853,0.37339258195422853,0.14946068302189436,37.3,23.0,3.3612322753894177,3.6586000000000025,90.39880000000005
CCOC(=O)N1c2ccc(C(F)(F)F)cc2C(N(Cc2cc(C(F)(F)F)cc(C(F)(F)F)c2)C(=O)OC)CC1CC,0,0.3249388882003006,17.609756097560975,600.478,575.278,600.16706126,226.0,0.0,0.4159361595023527,-0.4527143947398285,0.4527143947398285,0.4159361595023527,59.08,41.0,9.083149080495845,8.197900000000006,126.77600000000002
COc1ccc(C2(C#N)CCC(C(=O)O)CC2)cc1OC1CCCC1,0,0.8721299909048752,26.8,343.4230000000002,318.22300000000007,343.17835828,134.0,0.0,0.3059895159444911,-0.4928693347141021,0.4928693347141021,0.3059895159444911,79.55,25.0,5.171245395783843,4.052780000000003,92.76280000000006
COC(C(=O)N1Cc2[nH]nc(NC(=O)c3ccc(N4CCN(C)CC4)cc3)c2C1)c1ccccc1,0,0.5706345117127313,16.742857142857144,474.56500000000034,444.32500000000033,474.23793882,182.0,0.0,0.25647734125544996,-0.36896615334119026,0.36896615334119026,0.25647734125544996,93.79999999999998,35.0,6.519360620016607,2.643700000000001,133.13889999999995
CCOC(N)=O,1,0.4950193943469449,7.5,89.09400000000001,82.038,89.047678464,36.0,0.0,0.4039758342451568,-0.45000812777056837,0.45000812777056837,0.4039758342451568,52.32,6.0,2.199515339578454,0.10160000000000025,21.2094
C[N+](C)(C)CCOC(=O)CCC(=O)OCC[N+](C)(C)C,0,0.4515871613452488,12.1,290.404,260.16399999999993,290.21946028018,118.0,0.0,0.30608803996099565,-0.459658889386988,0.459658889386988,0.30608803996099565,52.60000000000001,20.0,7.746509168977811,0.2654000000000025,76.95080000000006
COc1ccc2cc(C(C)C(=O)O)ccc2c1,0,0.8810778082204156,12.352941176470589,230.26299999999998,216.15099999999995,230.094294308,88.0,0.0,0.31018572532324495,-0.49674510424610224,0.49674510424610224,0.31018572532324495,46.53,17.0,3.0013056569849668,3.036500000000001,66.55080000000004
NC(=O)C1CCCc2c1[nH]c1ccc(Cl)cc21,0,0.801047905794841,19.235294117647058,248.71300000000002,235.60899999999995,248.071640716,88.0,0.0,0.22598527832993615,-0.36909733408086665,0.36909733408086665,0.22598527832993615,58.88,17.0,2.3663598318657315,2.7265000000000006,68.18210000000002
CC(C)NCC(O)c1ccc(NS(C)(=O)=O)cc1,0,0.7241218527557277,13.61111111111111,272.37,252.20999999999998,272.1194635,102.0,0.0,0.2293188515851021,-0.3870834441683909,0.3870834441683909,0.2293188515851021,78.43,18.0,5.1265669449316285,1.0895000000000001,73.00700000000005
O=C(CCCCCCC(O)=NO)Nc1ccccc1,0,0.22135970227349935,11.263157894736842,264.32500000000005,244.16499999999996,264.1473925,104.0,0.0,0.22386860330755162,-0.49426334817369366,0.49426334817369366,0.22386860330755162,81.92,19.0,7.086981928404773,3.311400000000001,74.62400000000004
CC(C)(C)c1cc(NC(=O)Nc2ccc(-c3cn4c(n3)sc3cc(OCCN5CCOCC5)ccc34)cc2)no1,1,0.25694797911853023,14.575,560.6800000000004,528.4240000000003,560.220574504,208.0,0.0,0.3244388405875341,-0.49220870759142343,0.49220870759142343,0.3244388405875341,106.16000000000001,40.0,7.176826876689529,5.856500000000005,156.60939999999968
CC(=O)OCC(=O)C1CCC2C3CC=C4CC(=O)CCC4(C)C3CCC12C,0,0.5483071878793142,43.22222222222222,372.5050000000002,340.24900000000014,372.230059504,148.0,0.0,0.3025638519358758,-0.4578600957861702,0.4578600957861702,0.3025638519358758,60.440000000000005,27.0,4.591710142172877,4.266700000000004,101.84000000000006
CC(C)(C)Cn1c(N)nc2ccc(-c3[nH]c(C(C)(C)C)nc3-c3ccc(F)cc3)nc21,0,0.45471857738976285,12.612903225806452,420.5360000000002,391.30400000000014,420.24377314800006,162.0,0.0,0.20195588246911883,-0.36915803726692453,0.36915803726692453,0.20195588246911883,85.41000000000001,31.0,4.872154773934012,5.553300000000005,123.07110000000003
CC1CC2C3CC=C4CC(=O)C=CC4(C)C3(F)C(O)CC2(C)C1(O)C(=O)CO,0,0.6241517783152071,52.535714285714285,392.4670000000002,363.2350000000001,392.19990224799994,154.0,0.0,0.18990619389895674,-0.38971219933826035,0.38971219933826035,0.18990619389895674,94.83,28.0,4.150689288601105,1.8957000000000002,99.94440000000004
CNCCC=C1c2ccccc2CCc2ccccc21,1,0.8299677542138636,13.35,263.38399999999996,242.21599999999992,263.167399672,102.0,0.0,-0.0016939398476161739,-0.3194434756330369,0.3194434756330369,0.0016939398476161739,12.03,20.0,3.9820635026120312,3.826400000000003,85.91470000000005
COc1cc2ncnc(Oc3cccc(NC(=O)Nc4cc(C(C)(C)C(F)(F)F)on4)c3)c2cc1OC,0,0.3103792866850044,11.756756756756756,517.4640000000002,495.2880000000003,517.1573034639999,194.0,0.0,0.4005325161789587,-0.492840949354689,0.492840949354689,0.4005325161789587,120.63000000000001,37.0,6.78924174853217,5.911200000000004,127.38340000000002
Nc1ncnc2c1ncn2C1OC(CO)CC1O,1,0.6289933028308912,28.0,251.24599999999998,238.14199999999997,251.101839276,96.0,0.0,0.16713673895764247,-0.3936746121379949,0.3936746121379949,0.16713673895764247,119.31000000000002,18.0,2.617501293150108,-0.9508000000000008,61.355000000000025
Nc1cccc2c1C(=O)N(C1CCC(=O)NC1=O)C2=O,0,0.5375391722332333,22.0,273.248,262.15999999999997,273.074955832,102.0,0.0,0.2638967937161167,-0.39805974331043903,0.39805974331043903,0.2638967937161167,109.57,20.0,2.564259111121998,-0.3299999999999998,67.5261
CCOC(=O)c1cncn1C(C)c1ccccc1,0,0.776550261358108,12.11111111111111,244.294,228.16599999999994,244.121177752,94.0,0.0,0.35612194025750094,-0.46127359811923635,0.46127359811923635,0.35612194025750094,44.12,18.0,3.7693689699697694,2.669100000000001,68.43850000000003
CC(C)CC(NC(=O)C(Cc1ccc2ccccc2c1)NC(=O)C(Cc1ccc(O)cc1)NC(=O)C(CO)NC(=O)C(Cc1c[nH]c2ccccc12)NC(=O)C(Cc1c[nH]cn1)NC(=O)C1CCC(=O)N1)C(=O)NC(CCCN=C(N)N)C(=O)N1CCCC1C(=O)NCC(N)=O,0,0.012505652731653166,16.541666666666668,1322.4960000000005,1238.8319999999994,1321.6356257159996,510.0,0.0,0.2453302220832823,-0.5079666451556014,0.5079666451556014,0.2453302220832823,474.6299999999998,96.0,24.967427251319766,-1.622900000000012,351.8275000000006
CN=C(C[N+](=O)[O-])NCCSCc1ccc(CN(C)C)o1,0,0.24422680052426493,11.904761904761905,314.411,292.235,314.14126156399993,118.0,0.0,0.25941721219276087,-0.4638409773706428,0.4638409773706428,0.25941721219276087,83.91,21.0,7.8434752909239265,1.4689999999999999,85.48410000000004
Cc1ccc2c(=O)c3cccc(CC(=O)O)c3oc2c1C,0,0.7328799845201239,11.142857142857142,282.295,268.183,282.089208928,106.0,0.0,0.30746035636081775,-0.4809844600798424,0.4809844600798424,0.30746035636081775,67.51,21.0,3.014318129907921,3.1901400000000013,80.80380000000002
CON=C(C(=O)NC1C(=O)N2C(C(=O)O)=CCS[C@H]12)c1csc(N)n1,0,0.34831831323821205,22.6,383.41100000000006,370.3070000000001,383.0358105160001,132.0,0.0,0.35183611247305707,-0.47656858019879705,0.47656858019879705,0.35183611247305707,147.20999999999998,25.0,4.632626046089193,-0.5557999999999992,90.81390000000002
Cc1cn(-c2cc(NC(=O)c3ccc(C)c(Nc4nccc(-c5cnccn5)n4)c3)cc(C(F)(F)F)c2)cn1,0,0.28758872121406187,11.307692307692308,530.5140000000001,509.34600000000023,530.1790419520001,196.0,0.0,0.4160618842003391,-0.32389613099103104,0.4160618842003391,0.32389613099103104,110.51,39.0,6.753933217850083,5.750840000000004,138.77589999999987
Nc1ccc(S(N)(=O)=O)cc1,0,0.5805509816764027,11.363636363636363,172.20900000000003,164.14499999999998,172.030648496,60.0,0.0,0.23754769925761898,-0.39872772109958265,0.39872772109958265,0.23754769925761898,86.18,11.0,1.8392433827046388,-0.08380000000000004,42.2276
Cc1cccc(CN2CCN(C(c3ccccc3)c3ccc(Cl)cc3)CC2)c1,0,0.5626410757187413,16.785714285714285,390.9580000000002,363.74200000000013,390.186276544,144.0,0.0,0.060220250944624014,-0.2965419925923559,0.2965419925923559,0.060220250944624014,6.48,28.0,6.112016980196897,5.555620000000006,117.76600000000005
O=c1c(O)cc2c(O)oc3c(=O)c(O)cc4c(O)oc1c2c43,0,0.356150907301549,11.818181818181818,302.1940000000001,296.146,302.006267152,110.0,0.0,0.2903660424216772,-0.5040035758749524,0.5040035758749524,0.2903660424216772,141.34000000000003,22.0,2.024223257897472,1.3127999999999997,73.8772
COc1cc2nccc(Oc3ccc(NC(=O)Nc4cc(C)on4)c(Cl)c3)c2cc1OC,0,0.38787036915829415,10.625,454.8700000000003,435.71800000000025,454.104397388,164.0,0.0,0.32448419146012175,-0.49284204149667443,0.49284204149667443,0.32448419146012175,107.74000000000001,32.0,5.99644980788849,5.6381200000000025,120.25440000000002
N=C(N=C(N)NCCCCCCN=C(N)N=C(N)Nc1ccc(Cl)cc1)Nc1ccc(Cl)cc1,0,0.15578455665776753,12.352941176470589,505.4580000000001,475.2180000000003,504.20319631999996,182.0,0.0,0.22237632194867332,-0.3695792398986202,0.3695792398986202,0.22237632194867332,175.08,34.0,11.493320996030379,3.5462700000000016,144.0809999999999
C(=C/c1ccccc1)\CN1CCN(C(c2ccccc2)c2ccccc2)CC1,1,0.5966660766331066,16.035714285714285,368.5240000000001,340.3000000000001,368.225248896,142.0,0.0,0.06021853476125458,-0.29713306349585733,0.29713306349585733,0.06021853476125458,6.48,28.0,6.332624047647088,5.1070000000000055,118.21600000000004
CC(NCCCc1cccc(C(F)(F)F)c1)c1cccc2ccccc12,0,0.5224072222569837,13.076923076923077,357.41900000000004,335.24300000000005,357.17043436399996,136.0,0.0,0.415919477274027,-0.3101639639260971,0.415919477274027,0.3101639639260971,12.03,26.0,5.621131376709439,6.142000000000005,100.13070000000003
CN(C)CCc1c[nH]c2ccc(CS(=O)(=O)N3CCCC3)cc12,0,0.8803470485806123,16.652173913043477,335.4730000000002,310.2730000000001,335.16674804,126.0,0.0,0.21778122477968984,-0.3608889481747887,0.3608889481747887,0.21778122477968984,56.410000000000004,23.0,4.751541646920893,2.1975999999999996,93.98750000000005
CCCCc1nc(Cl)c(CO)n1Cc1ccc(-c2ccccc2-c2nn[nH]n2)cc1,0,0.44208017823980256,11.166666666666666,422.9200000000001,399.73600000000016,422.16218703600015,154.0,0.0,0.20478635218773186,-0.3900210969572443,0.3900210969572443,0.20478635218773186,92.51,30.0,6.2052774012970895,4.2668000000000035,115.9235
CCN1CCCC1CNC(=O)c1cc(S(N)(=O)=O)ccc1OC,0,0.7869434425499668,18.82608695652174,341.4330000000001,318.2490000000001,341.140927216,128.0,0.0,0.2546449706698973,-0.49592299207453583,0.49592299207453583,0.2546449706698973,101.73,23.0,5.611213778590756,0.5567000000000012,86.96940000000005
CCC(C)CCCCC(=O)NC(CCN)C(=O)NC(C(=O)NC(CCN)C(=O)NC1CCNC(=O)C(C(C)O)NC(=O)C(CCN)NC(=O)C(CCN)NC(=O)C(CC(C)C)NC(=O)C(Cc2ccccc2)NC(=O)C(CCN)NC1=O)C(C)O,0,0.03333663613761896,22.894117647058824,1203.499,1104.714999999999,1202.7499271959998,480.0,0.0,0.24541982077068902,-0.3907168995398321,0.3907168995398321,0.24541982077068902,490.6599999999998,85.0,34.636010868845524,-5.244800000000006,316.1763000000001
O=C(O)[C@@]1(CCCCCCOc2ccc(Cl)cc2)CO1,1,0.559563752115824,20.65,298.7660000000001,279.614,298.09718676800003,110.0,0.0,0.337912580805843,-0.49360002084215265,0.49360002084215265,0.337912580805843,59.06,20.0,5.2613142484746245,3.5229000000000026,76.35080000000004
Nc1ncnc2c1ncn2[C@@H]1O[C@H](COP(=O)(O)O)[C@@H](O)[C@H]1O,0,0.3901785445724402,28.52173913043478,347.224,333.1120000000001,347.0630844179999,126.0,0.0,0.46917068506123877,-0.38741947596718945,0.46917068506123877,0.38741947596718945,186.07,23.0,4.0593903498504655,-1.8630000000000009,73.6551
COc1cc(Nc2ncc(F)c(Nc3ccc4c(n3)N(COP(=O)(O)O)C(=O)C(C)(C)O4)n2)cc(OC)c1OC,1,0.25622598967079,14.2,580.4660000000002,554.2580000000003,580.1482912619999,214.0,0.0,0.4708306338362602,-0.4926335364441247,0.4926335364441247,0.4708306338362602,186.71999999999997,40.0,7.976143956012829,3.094500000000001,139.07949999999988
Oc1ccc(Cc2nc3c(Cc4ccccc4)nc(-c4ccc(O)cc4)cn3c2O)cc1,0,0.38135893645198093,11.125,423.47200000000015,402.3040000000002,423.15829153199996,158.0,0.0,0.21919978148288632,-0.5079666420700252,0.5079666420700252,0.21919978148288632,90.88000000000001,32.0,4.953721439156774,4.6947000000000045,121.9134
CC(=O)Nc1ccc(O)cc1,0,0.5950261967780848,9.181818181818182,151.165,142.093,151.063328528,58.0,0.0,0.22074743631242583,-0.5079643157925783,0.5079643157925783,0.22074743631242583,49.33,11.0,2.1081569077654403,1.3505999999999998,42.41050000000002
N#CC1CCCN1C(=O)CNC12CC3CC(CC(O)(C3)C1)C2,0,0.8205033024916378,46.0,303.4060000000001,278.20599999999996,303.19467704,120.0,0.0,0.23711504321306437,-0.3897993565246716,0.3897993565246716,0.23711504321306437,76.36,22.0,3.2484212889965716,1.1742799999999989,80.71350000000005
NCCCC(N)(C(=O)O)C(F)F,0,0.5476125873309401,16.083333333333332,182.17,170.07399999999996,182.086684064,72.0,0.0,0.3291633825410195,-0.47971603680876446,0.47971603680876446,0.3291633825410195,89.34,12.0,4.049010272391505,-0.22749999999999942,38.8466
COc1cc(O)c(CC=C(C)C)c(O)c1C(=O)C=Cc1ccc(O)cc1,1,0.41072419511906033,10.73076923076923,354.40200000000004,332.2260000000001,354.146723804,136.0,0.0,0.1928524067041545,-0.507966250779788,0.507966250779788,0.1928524067041545,86.99,26.0,6.065776147481423,4.216800000000003,100.9299
OC(Cn1cncn1)(Cn1cncn1)c1ccc(F)cc1F,1,0.7515159753061997,11.772727272727273,306.276,294.18,306.10406544399996,114.0,0.0,0.13725485636208273,-0.38113798436276414,0.38113798436276414,0.13725485636208273,81.64999999999999,22.0,3.632776814783281,0.7357999999999993,70.29880000000001
Cc1cc(N2CCN(C3CNC(C(=O)N4CCSC4)C3)CC2)n(-c2ccccc2)n1,0,0.8010417299824586,25.233333333333334,426.5900000000002,396.3500000000002,426.22018058000003,160.0,0.0,0.2399790847533606,-0.3539294718745041,0.3539294718745041,0.2399790847533606,56.64,30.0,5.711151360030186,1.5661200000000006,121.32070000000002
CN(C)CCC(c1ccccc1)c1ccccn1,0,0.7977462845021502,12.61111111111111,240.35000000000002,220.18999999999994,240.16264864,94.0,0.0,0.04783433975417841,-0.309364731981851,0.309364731981851,0.04783433975417841,16.130000000000003,18.0,4.481856564309757,3.1652000000000013,75.69300000000005
COCCOC(=O)C1=C(C)N=C(C)C(C(=O)OCC=Cc2ccccc2)C1c1cccc([N+](=O)[O-])c1,0,0.20753999407912993,17.583333333333332,492.52800000000013,464.3040000000003,492.189651236,188.0,0.0,0.33610144498474115,-0.4609237004317233,0.4609237004317233,0.33610144498474115,117.33000000000001,36.0,9.237489767015305,4.4893000000000045,134.40639999999993
CS(=O)(=O)N1CCN(Cc2cc3nc(-c4cccc5[nH]ncc45)nc(N4CCOCC4)c3s2)CC1,0,0.43264464997292634,18.6,513.6490000000003,486.4330000000003,513.161679724,184.0,0.0,0.2107895621217177,-0.37777586534916013,0.37777586534916013,0.2107895621217177,107.55000000000001,35.0,5.928112831225055,2.1483999999999996,137.2284999999999
COc1ccccc1Oc1c(NS(=O)(=O)c2ccc(C(C)(C)C)cc2)nc(-c2ncccn2)nc1OCCO,0,0.29391506545829377,11.615384615384615,551.6250000000002,522.3930000000004,551.1838546480001,204.0,0.0,0.26349405860444425,-0.4928452483507326,0.4928452483507326,0.26349405860444425,145.65,39.0,8.265097301967796,4.203900000000004,144.65729999999982
CN(C)Cc1ccc(-c2nc3cccc4c3n2CCNC4=O)cc1,0,0.8065724531216146,14.041666666666666,320.39599999999996,300.23600000000005,320.16371125999996,122.0,0.0,0.2530449279804182,-0.35017575103408627,0.35017575103408627,0.2530449279804182,50.160000000000004,24.0,3.5771566978715335,2.5083,94.89320000000004
CN(CCOc1ccc(Cc2sc(=O)[nH]c2O)cc1)c1ccccn1,0,0.6795991322663543,10.6,357.435,338.2830000000001,357.11471246800005,130.0,0.0,0.3071316372988507,-0.49372051082094687,0.49372051082094687,0.3071316372988507,78.45,25.0,5.348307735171499,2.6430000000000007,98.85450000000002
C#Cc1cccc(Nc2ncnc3cc(OCCOC)c(OCCOC)cc23)c1,0,0.417884097583987,10.517241379310345,393.4430000000002,370.2590000000002,393.16885621599994,150.0,0.0,0.16299509364145154,-0.48726952039143223,0.48726952039143223,0.16299509364145154,74.73000000000002,29.0,7.224005678781887,3.405100000000002,111.93970000000004
CC(=O)OC1CC2CCC3C(CCC4(C)C3CC([N+]3(C)CCCCC3)C4OC(C)=O)C2(C)CC1[N+]1(C)CCCCC1,1,0.3013327984236266,46.8780487804878,572.8750000000001,512.3950000000004,572.4542112401799,232.0,0.0,0.3026503849097713,-0.4562063034349116,0.4562063034349116,0.3026503849097713,52.6,41.0,7.86919090726846,6.110500000000007,160.71579999999972
CC(=O)N=c1sc(S(N)(=O)=O)nn1C,0,0.6449098524835121,13.214285714285714,236.278,228.214,236.003782116,78.0,0.0,0.2667723143403792,-0.2728533000833328,0.2728533000833328,0.2667723143403792,107.41,14.0,2.8283620696501983,-1.4237999999999997,48.702200000000005
CC(=O)NC1C(N=C(N)N)C=C(C(=O)O)OC1C(O)C(O)CO,0,0.18804160369176348,26.26086956521739,332.31300000000005,312.1530000000001,332.13319898,130.0,0.0,0.3704075299187696,-0.47822194910351973,0.47822194910351973,0.3704075299187696,200.71999999999994,23.0,6.302258920302629,-3.7854999999999976,76.89370000000001
CS(=O)(=O)Nc1ccc([N+](=O)[O-])cc1Oc1ccccc1,0,0.6760870934103842,10.904761904761905,308.315,296.21900000000005,308.046692484,110.0,0.0,0.27281464580761494,-0.4548987861020555,0.4548987861020555,0.27281464580761494,98.54,21.0,4.082561018160295,2.7586000000000013,78.07890000000003
CNC1C(OC2OC(CO)C(N)C(O)C2O)OC2CC(N)C(OC3C(N)CC(N)C(O)C3O)OC2C1O,0,0.14940552522844663,55.054054054054056,539.5830000000003,498.25500000000034,539.280257132,216.0,0.0,0.18917051348348918,-0.39360895387027517,0.39360895387027517,0.18917051348348918,283.64000000000004,37.0,9.396524831267094,-6.949300000000007,123.04410000000001
C#C[C@]1(O)CC[C@H]2[C@@H]3CCC4=Cc5oncc5C[C@]4(C)[C@H]3CC[C@@]21C,0,0.7210430866196731,47.76,337.46300000000014,310.24700000000007,337.20417910400005,132.0,0.0,0.162309704369507,-0.37703386989680066,0.37703386989680066,0.162309704369507,46.260000000000005,25.0,3.012893103101431,4.221000000000004,96.35280000000006
O=C(O)CCCc1ccc(N(CCCl)CCCl)cc1,1,0.7110607782360152,10.421052631578947,304.217,285.06500000000005,303.07928420800005,106.0,0.0,0.3028514950889796,-0.4812302517004031,0.4812302517004031,0.3028514950889796,40.54,19.0,7.68096696096756,3.377900000000002,80.66880000000005
O=C1c2cccc3c2C(CCC3)CN1C1CN2CCC1CC2,0,0.7952497114867856,36.36363636363637,296.414,272.222,296.18886338799996,116.0,0.0,0.25397775001720285,-0.33347383985616197,0.33347383985616197,0.25397775001720285,23.550000000000004,22.0,2.8759339213407387,2.656500000000001,86.10950000000005
COc1c(O)c(C)c(C=CCCCCCCCCO)c(O)c1OC,0,0.4169499565495298,11.166666666666666,338.44399999999996,308.204,338.20932406,136.0,0.0,0.20716108141791426,-0.5039550893928794,0.5039550893928794,0.20716108141791426,79.15,24.0,9.08470223711936,4.159620000000004,96.05140000000004
CC1=C(C(=O)O)N2C(=O)C(NC(=O)C(N)c3ccccc3)C2SC1,0,0.6816125812503079,24.083333333333332,347.3960000000001,330.26000000000005,347.0939770240001,126.0,0.0,0.352114880680069,-0.4765611911664806,0.4765611911664806,0.352114880680069,112.73,24.0,4.334477372281271,0.4449000000000012,88.72890000000004
CN(C)CCC=C1c2ccccc2COc2ccc(CC(=O)O)cc21,0,0.9057552159605037,14.6,337.4190000000001,314.235,337.16779359599997,130.0,0.0,0.3073151684916889,-0.48823908593755777,0.48823908593755777,0.3073151684916889,49.769999999999996,25.0,5.194370878988374,3.589500000000002,98.80580000000006
COc1ccccc1N1CCN(CCCNc2cc(=O)n(C)c(=O)n2C)CC1,0,0.7061199941406974,14.892857142857142,387.48400000000015,358.2520000000001,387.227039788,152.0,0.0,0.3315213523664199,-0.49458625454931054,0.49458625454931054,0.3315213523664199,71.74000000000001,28.0,6.406568748183444,0.7168000000000008,111.67770000000007
Cc1cc(=O)n(-c2ccccc2)[nH]1,0,0.6981208487644515,10.23076923076923,174.20300000000003,164.123,174.07931294,66.0,0.0,0.2709273179142175,-0.2953251547645785,0.2953251547645785,0.2709273179142175,37.79,13.0,1.7743661272351647,1.4740199999999999,51.12670000000002
CC1(C)CCC(C)(C)c2cc(Cn3cccn3)c(C=Cc3ccc(C(=O)O)cc3)cc21,0,0.5095812218712046,16.903225806451612,414.54900000000015,384.3090000000002,414.23072819999993,160.0,0.0,0.33517895795945063,-0.4776392466048362,0.4776392466048362,0.33517895795945063,55.120000000000005,31.0,5.338967194565513,6.149000000000006,125.38630000000006
O=C(O)CCc1nc(-c2ccccc2)c(-c2ccccc2)o1,0,0.7711850955719793,10.545454545454545,293.32200000000006,278.202,293.10519334,110.0,0.0,0.3033630205194922,-0.4812197415411719,0.4812197415411719,0.3033630205194922,63.33,22.0,4.006606938788637,4.025800000000003,83.33180000000004
Cc1cc(C)cc(OCC2CNC(=O)O2)c1,0,0.8460710155484404,19.125,221.256,206.13599999999997,221.10519334,86.0,0.0,0.40722922437217846,-0.48963644171568566,0.48963644171568566,0.40722922437217846,47.56,16.0,2.988303207952329,1.7906399999999998,59.68270000000003
CNCC(=O)O,1,0.4695634757445805,8.166666666666666,89.09399999999998,82.03799999999998,89.047678464,36.0,0.0,0.3169691057035338,-0.48029160168583357,0.48029160168583357,0.3169691057035338,49.33,6.0,2.4034389390519184,-0.7096000000000002,21.5625
COc1cc(CCc2cc(NC(=O)c3ccc(N4CC(C)NC(C)C4)cc3)[nH]n2)cc(OC)c1,0,0.4724143366839816,17.941176470588236,463.58200000000016,430.3180000000002,463.25833991600007,180.0,0.0,0.25630100176614407,-0.49661419735060586,0.49661419735060586,0.25630100176614407,91.51,34.0,7.372353206290295,3.6510000000000025,134.20959999999997
O=C(Nc1ccccc1-c1cn2c(CN3CCNCC3)csc2n1)c1cnc2ccccc2n1,1,0.40852612867519317,14.588235294117647,469.5740000000001,446.3900000000002,469.16847935600015,170.0,0.0,0.2754035925133455,-0.319963236223883,0.319963236223883,0.2754035925133455,87.45,34.0,5.4988498451409935,3.6635000000000018,134.14289999999994
C#CCNC1CCc2ccccc21,0,0.6700261204475028,19.46153846153846,171.243,158.13899999999998,171.104799416,66.0,0.0,0.05780931878816018,-0.2992936988321858,0.2992936988321858,0.05780931878816018,12.03,13.0,2.333488898799256,1.8967,54.33970000000003
CN(C)CCC=C1c2ccccc2Sc2ccc(Cl)cc21,0,0.6542213588943052,15.142857142857142,315.869,297.725,315.084848256,108.0,0.0,0.041247051078904126,-0.30909168871589165,0.30909168871589165,0.041247051078904126,3.24,21.0,4.3883806129285645,5.188000000000004,92.26700000000004
Cc1ccc(=O)n(-c2ccccc2)c1,0,0.6668204072157461,10.071428571428571,185.22600000000003,174.13799999999998,185.084063972,70.0,0.0,0.2545597200045963,-0.28406502931885363,0.28406502931885363,0.2545597200045963,22.0,14.0,2.1881775762320053,2.1459200000000003,56.776000000000025
CC1(C(=O)O)CCC2(C)CCC3(C)C(=C2C1)CC(=O)C1C2(C)CCC(OC(=O)CCC(=O)O)C(C)(C)C2CCC13C,0,0.27055881846205093,45.048780487804876,570.7670000000002,520.3670000000004,570.3556539399999,228.0,0.0,0.3091729346142409,-0.48121892882593165,0.48121892882593165,0.3091729346142409,117.96999999999998,41.0,6.949641606316472,6.972400000000008,153.88459999999978
O=C(O)CCCCC1CCSS1,0,0.5541818739705442,22.833333333333332,206.332,192.22,206.043521688,70.0,0.0,0.30283956217951946,-0.48123038977031457,0.48123038977031457,0.30283956217951946,37.3,12.0,4.915751273740408,2.7851000000000017,54.55780000000003
CC(=O)CCCCn1c(=O)c2c(ncn2C)n(C)c1=O,1,0.7314900236053014,11.15,278.31200000000007,260.168,278.13789043599996,108.0,0.0,0.33196885645180857,-0.32786331124999396,0.33196885645180857,0.32786331124999396,78.89,20.0,3.8709284796835015,0.19300000000000006,74.74700000000003
Cc1cc(C(C)Nc2ccccc2)c2nc(N3CCOCC3)cc(=O)n2c1,0,0.7711695553684453,15.703703703703704,364.4490000000001,340.2570000000001,364.189926008,140.0,0.0,0.25946958309870205,-0.3783776595001761,0.3783776595001761,0.25946958309870205,58.870000000000005,27.0,4.812352918577335,3.012620000000001,107.71070000000006
O=C(O)C(O)Cc1ccc(O)c(O)c1,0,0.515666542411773,12.357142857142858,198.174,188.09399999999997,198.05282341999998,76.0,0.0,0.33236731787446805,-0.50425989305747,0.50425989305747,0.33236731787446805,97.99000000000001,14.0,2.93131827062448,0.08580000000000004,47.11820000000002
Cc1cccc(C)c1OCC(C)N,0,0.7701737793320904,12.615384615384615,179.26299999999998,162.12699999999998,179.131014164,72.0,0.0,0.12468347177343854,-0.49143645341083764,0.49143645341083764,0.12468347177343854,35.25,13.0,3.315235487492501,2.0294399999999997,55.06040000000003
O=C(O)c1ccc(Nc2ncc3c(n2)-c2ccc(Cl)cc2C(c2c(F)cccc2F)=NC3)cc1,0,0.38450476856570315,12.264705882352942,476.8700000000002,461.7500000000002,476.0851598400001,168.0,0.0,0.33518083886401173,-0.47763923618930254,0.47763923618930254,0.33518083886401173,87.47,34.0,5.5066878784395525,5.868000000000003,124.86300000000001
COc1cc(Nc2c(C#N)cnc3cc(OCCCN4CCN(C)CC4)c(OC)cc23)c(Cl)cc1Cl,1,0.3788289261994078,14.444444444444445,530.4560000000004,501.2240000000003,529.164745148,190.0,0.0,0.16284061392699462,-0.4951166431890934,0.4951166431890934,0.16284061392699462,82.88,36.0,8.595429632147901,5.190380000000005,143.35569999999984
Cc1nc(Nc2ncc(C(=O)Nc3c(C)cccc3Cl)s2)cc(N2CCN(CCO)CC2)n1,1,0.4657173060978848,14.363636363636363,488.01700000000034,461.8090000000002,487.15572175200003,174.0,0.0,0.2669995457316883,-0.3950445481992146,0.3950445481992146,0.2669995457316883,106.50999999999999,33.0,7.386383910878884,3.3135400000000015,132.04670000000002
O=C(O)CO,1,0.42361407512550375,7.4,76.051,72.01899999999999,76.01604398799999,30.0,0.0,0.328849903557252,-0.47954077546948304,0.47954077546948304,0.328849903557252,57.53,5.0,1.5252890379008741,-0.9367000000000001,14.7216
CCCCCCCCOc1ccccc1C(=O)Nc1ccc(C(=O)OCC[N+](C)(CC)CC)cc1,0,0.17232158092257976,11.2,483.6730000000004,440.3290000000003,483.32173427609,192.0,0.0,0.33783741191918626,-0.49275746220363936,0.49275746220363936,0.33783741191918626,64.63,35.0,12.32408993818039,6.321400000000007,142.12409999999988
CC(C)(O)c1ccccc1CCC(SCC1(CC(=O)O)CC1)c1cccc(C=Cc2ccc3ccc(Cl)cc3n2)c1,0,0.1735643864602374,15.317073170731707,586.1970000000001,549.9090000000003,585.2104426919999,212.0,0.0,0.3034367616615117,-0.4812148050034805,0.4812148050034805,0.3034367616615117,70.42,41.0,8.883615709688812,8.948000000000002,171.2495999999996
COc1cc2nc(N3CCN(C(=O)c4ccco4)CC3)nc(N)c2cc1OC,0,0.7265621787893097,14.357142857142858,383.40800000000024,362.2400000000001,383.15935415200005,146.0,0.0,0.2891676512662314,-0.4928420722519821,0.4928420722519821,0.2891676512662314,106.95,28.0,4.6407533851901634,1.7845999999999997,103.87890000000003
CCC1(c2cccc(O)c2)CCCCN(C)C1,0,0.8478904413597521,26.705882352941178,233.3549999999999,210.17099999999996,233.177964356,94.0,0.0,0.11537230698697742,-0.5079560024614614,0.5079560024614614,0.11537230698697742,23.47,17.0,3.724808135271541,3.1557000000000013,71.42380000000004
CCCc1nc2c(C)cc(-c3nc4ccccc4n3C)cc2n1Cc1ccc(-c2ccccc2C(=O)O)cc1,0,0.243238592025165,11.461538461538462,514.6290000000004,484.3890000000004,514.2368762,194.0,0.0,0.33581576707809824,-0.4776232778211001,0.4776232778211001,0.33581576707809824,72.94,39.0,6.232372394929203,7.2644200000000065,156.1122999999997
CCOc1ccc2ccccc2c1C(=O)NC1C(=O)N2C1SC(C)(C)C2C(=O)O,1,0.7301048006129894,24.724137931034484,414.4830000000001,392.30700000000013,414.124942804,152.0,0.0,0.3273993847143225,-0.4930218139058048,0.4930218139058048,0.3273993847143225,95.94000000000001,29.0,4.688333045576409,2.4837999999999996,110.09900000000005
O[C@@H](COc1cccc2ncccc12)CN1CCN([C@H]2c3ccccc3[C@@H]3[C@H](c4ccccc42)C3(F)F)CC1,0,0.37314048534707356,24.743589743589745,527.615,496.36700000000036,527.2384336719999,200.0,0.0,0.2627512707550334,-0.4901344934886353,0.4901344934886353,0.2627512707550334,48.830000000000005,39.0,6.10383755166411,5.211400000000005,146.41379999999978
OCc1c[nH]c2ccccc12,0,0.6318762276386147,10.636363636363637,147.17699999999996,138.105,147.068413908,56.0,0.0,0.07021878701729677,-0.3915989829056017,0.3915989829056017,0.07021878701729677,36.019999999999996,11.0,1.4023371668733182,1.6602,44.22150000000003
O=C(OC1CN2CCC1CC2)N1CCc2ccccc2C1c1ccccc1,0,0.8131189816830356,29.25925925925926,362.47300000000007,336.2650000000001,362.199428072,140.0,0.0,0.4103933934770014,-0.4444167368042988,0.4444167368042988,0.4103933934770014,32.78,27.0,4.363156718950591,3.864900000000003,104.57000000000005
COc1cc2c(cc1OC)C(Cc1ccc(Oc3cc(CC4c5cc(OC)c(OC)cc5CCN4C)ccc3O)cc1)N(C)CC2,1,0.20756967502456505,17.956521739130434,624.7780000000002,580.4260000000002,624.3199371279999,242.0,0.0,0.16880064735858932,-0.5042386922585956,0.5042386922585956,0.16880064735858932,72.86,46.0,9.287180936680851,6.7623000000000095,179.27279999999945
CNC(=O)c1ccccc1Nc1nc(Nc2ccc(N3CCOCC3)cc2OC)ncc1Cl,0,0.4808226398717622,13.363636363636363,468.9450000000003,443.74500000000023,468.16766634,172.0,0.0,0.25263354270810123,-0.4944980395878391,0.4944980395878391,0.25263354270810123,100.64,33.0,7.111193881875601,3.8220000000000027,129.4656
CNC(Cc1ccc2ccccc2c1)C(=O)NC1CSSCC(C(=O)NC(CCCN=C(N)N)C(N)=O)NC(=O)C(CCCNC(N)=O)NC(=O)C(CCCNC(=N)N)NC(=O)C(Cc2ccc(O)cc2)NC(=O)C2CCCN2C(=O)C(CCCCN)NC(=O)C(CCCCN)NC(=O)C(CCCNC(N)=O)NC(=O)C(Cc2ccc(O)cc2)NC1=O,1,0.008945118728731973,21.368852459016395,1739.1140000000012,1619.161999999999,1737.8708047279993,668.0,0.0,0.3116730521825314,-0.5079666451556014,0.5079666451556014,0.3116730521825314,695.4699999999999,122.0,42.35920505348639,-3.9419299999999886,460.78630000000084
O=NO,0,0.3118969056684334,4.0,47.013000000000005,46.005,47.000728272,18.0,0.0,0.15210160647944757,-0.379017032743777,0.379017032743777,0.15210160647944757,49.66,3.0,1.1200000000000003,0.14200000000000002,7.5815
CC1Cc2ccccc2N1NC(=O)c1ccc(Cl)c(S(N)(=O)=O)c1,0,0.8705249450646536,16.791666666666668,365.84200000000004,349.71400000000006,365.060090052,126.0,0.0,0.26934603589648065,-0.28191094645948567,0.28191094645948567,0.26934603589648065,92.5,24.0,4.248039161512697,2.0834,92.37840000000003
COc1cc(C2c3cc4c(cc3C(OC3OC5COC(C)OC5C(O)C3O)C3COC(=O)C23)OCO4)cc(OC)c1O,1,0.4298292584463983,36.45238095238095,588.5620000000004,556.3060000000004,588.1842910839998,226.0,0.0,0.3099403857906003,-0.5016994790132149,0.5016994790132149,0.3099403857906003,160.83,42.0,6.83297821645399,1.3385999999999993,138.34539999999996
N=C(N)NCCCC1NC(=O)C(CCCCN)NC(=O)C(Cc2ccc(O)cc2)NC(=O)C(CC(=O)O)NC(=O)CNC1=O,0,0.06314040642744387,21.795454545454547,619.6800000000002,578.3520000000003,619.307809272,242.0,0.0,0.3054810603826499,-0.5079666451556014,0.5079666451556014,0.3054810603826499,290.94999999999993,44.0,14.342772611626998,-3.129329999999989,156.8522999999999
N#CCNC(=O)c1ccc(-c2ccnc(Nc3ccc(N4CCOCC4)cc3)n2)cc1,1,0.597823059764905,13.32258064516129,414.4690000000002,392.2930000000002,414.180423944,156.0,0.0,0.2516005074690999,-0.3777778199763259,0.3777778199763259,0.2516005074690999,103.17,31.0,6.353631477481921,2.9771800000000015,118.17090000000002
C=CC(=O)Nc1cccc(Nc2nc(Nc3ccc(N4CCN(C(C)=O)CC4)cc3OC)ncc2C(F)(F)F)c1,0,0.34067543048991267,13.425,555.5610000000005,527.3370000000002,555.220572416,210.0,0.0,0.42095901579066564,-0.4944980396074665,0.4944980396074665,0.42095901579066564,111.72,40.0,8.411117535576642,4.784200000000004,146.32909999999978
COc1cc(NC(=O)c2ccc(-c3ccc(Cl)cc3)o2)cc(OC)c1,0,0.7072841421335032,10.36,357.7930000000001,341.66500000000013,357.0767856719999,128.0,0.0,0.2908892962420643,-0.49654391008594795,0.49654391008594795,0.2908892962420643,60.7,25.0,4.953203368399835,4.869500000000003,96.65320000000001
O=C(O)C1=C(CSc2nnnn2CS(=O)(=O)O)CS[C@@H]2C(NC(=O)C(O)c3ccccc3)C(=O)N12,0,0.1721020779128902,20.742857142857144,542.5770000000001,524.4330000000003,542.034824536,186.0,0.0,0.35215850220631545,-0.47656067827869497,0.47656067827869497,0.35215850220631545,204.90999999999997,35.0,7.131076400197864,-0.9172999999999991,121.17590000000001
CC(C)(Oc1ccc(C(=O)c2ccc(Cl)cc2)cc1)C(=O)O,0,0.8513366731464941,11.045454545454545,318.75600000000003,303.636,318.06588664,114.0,0.0,0.346952726045497,-0.4783043138373453,0.4783043138373453,0.346952726045497,63.60000000000001,22.0,4.52042456944983,3.8130000000000033,83.66930000000005
CCOc1nc2cccc(C(=O)OC(C)OC(=O)OC3CCCCC3)c2n1Cc1ccc(-c2ccccc2-c2nn[nH]n2)cc1,0,0.14091024962797444,14.177777777777777,610.6710000000002,576.3990000000002,610.253982808,232.0,0.0,0.5111460014966,-0.464935724651936,0.5111460014966,0.464935724651936,143.33999999999997,45.0,8.992530345069067,6.319100000000007,164.37019999999956
Cc1cc(OCCN2CCOCC2)nn1-c1ccc2ccccc2c1,0,0.7173382628076415,15.56,337.42300000000006,314.2390000000001,337.179026976,130.0,0.0,0.2329859192413585,-0.47523176762579944,0.47523176762579944,0.2329859192413585,39.52,25.0,4.675022468619971,3.044920000000001,98.56100000000005
COc1ccc(Cl)cc1C(=O)NCCc1ccc(S(=O)(=O)NC(=O)NC2CCCCC2)cc1,0,0.51917970894521,14.363636363636363,494.0130000000003,465.78900000000027,493.14381967599996,178.0,0.0,0.3284098908522161,-0.4959226267188044,0.4959226267188044,0.3284098908522161,113.6,33.0,8.570832062166046,3.641700000000003,126.20940000000004
COC1C(=O)C(C)C[C@H](C)/C=C/C=C/C=C(\C)[C@@H](OC)C[C@@H]2CC[C@@H](C)[C@@](O)(O2)C(=O)C(=O)N2CCCCC2C(=O)O[C@H]([C@H](C)C[C@@H]2CC[C@@H](O)[C@H](OC)C2)CC(=O)C(C)=CC(C)[C@H]1O,1,0.20220529856148323,39.61538461538461,914.187,834.5549999999998,913.5551415880001,366.0,0.0,0.3286630099566581,-0.46007814436596783,0.46007814436596783,0.3286630099566581,195.42999999999995,65.0,20.965223402034308,6.180600000000008,245.13739999999913
CC(=O)[C@@]1(O)CC[C@H]2[C@@H]3CC=C4CC(=O)CC[C@]4(C)[C@H]3CC[C@@]21C,0,0.7432960287150391,50.583333333333336,330.4680000000001,300.228,330.21949481999997,132.0,0.0,0.16134532189771997,-0.3815060486807713,0.3815060486807713,0.16134532189771997,54.37,24.0,3.459560215634804,3.8384000000000027,92.34080000000006
C[C@]12CC[C@H]3[C@@H](CC[C@@]45OC4C(=O)C(C#N)C[C@]35C)[C@@H]1CC[C@@H]2O,1,0.6935956697601692,61.166666666666664,329.44000000000005,302.22400000000005,329.199093724,130.0,0.0,0.18118006633717448,-0.39255142542290555,0.39255142542290555,0.18118006633717448,73.62,24.0,2.8300411777547367,2.8400800000000017,86.72380000000005
CC(C)OC(=O)C(C)N[P@](=O)(CO[C@H](C)Cn1cnc2c(N)ncnc21)Oc1ccccc1,0,0.3129977215658725,15.181818181818182,476.47400000000016,447.24200000000025,476.19370465800006,178.0,0.0,0.34217347258824327,-0.4618040992336571,0.4618040992336571,0.34217347258824327,143.48,33.0,8.014153741324474,2.9729,123.65160000000002
C=CC(=O)Nc1cccc(C)c1Nc1ncc2cc(-c3c(Cl)c(OC)cc(OC)c3Cl)ccc2n1,1,0.26678972264740286,10.657142857142857,509.39300000000026,487.2170000000002,508.10689592399996,178.0,0.0,0.24732146027842766,-0.49502938913935624,0.49502938913935624,0.24732146027842766,85.37,35.0,7.09532456657009,6.7973200000000045,141.38639999999987
O=C(c1ccccc1)c1ccc2n1CCC2C(=O)O,0,0.855918702387755,17.157894736842106,255.27299999999997,242.16899999999995,255.089543276,96.0,0.0,0.31207412148477615,-0.4807387545756237,0.4807387545756237,0.31207412148477615,59.3,19.0,2.705354784101498,2.291,69.30030000000002
CNCC(O)C(O)C(O)C(O)CO,0,0.26379950587316064,20.76923076923077,195.21499999999997,178.07899999999995,195.110672644,80.0,0.0,0.11053723766772218,-0.393579134994789,0.393579134994789,0.11053723766772218,113.18,13.0,6.134320622475769,-3.3582999999999994,45.03970000000002
CCC(Nc1ncnc2[nH]cnc12)c1nc2cccc(F)c2c(=O)n1-c1ccccc1,0,0.4533184660974361,12.32258064516129,415.43200000000013,397.2880000000002,415.155686416,154.0,0.0,0.26852106338857956,-0.3581437043707464,0.3581437043707464,0.26852106338857956,101.38000000000002,31.0,4.623514037157368,3.7543000000000015,115.63640000000001
NCC1(CC(=O)O)CCCCC1,0,0.6737273296978754,22.083333333333332,171.23999999999992,154.10399999999996,171.125928784,70.0,0.0,0.3034555879594419,-0.48121457066033124,0.48121457066033124,0.3034555879594419,63.32000000000001,12.0,3.0897047617448408,1.3702999999999994,46.82520000000003
NS(=O)(=O)Cc1noc2ccccc12,0,0.7899579227288236,12.071428571428571,212.23000000000002,204.16599999999997,212.025563116,74.0,0.0,0.21448406075669046,-0.35597872833401983,0.35597872833401983,0.21448406075669046,86.19000000000001,14.0,2.011017964442934,0.6163,50.820200000000014
COC(=O)C1=C(C)N=C(C)C(C(=O)OCCN2CCN(C(c3ccccc3)c3ccccc3)CC2)C1c1cccc([N+](=O)[O-])c1,0,0.17560770247782814,19.244444444444444,610.7110000000002,572.4070000000004,610.2791349360001,234.0,0.0,0.335741177920443,-0.46558738736915556,0.46558738736915556,0.335741177920443,114.57999999999998,45.0,10.163674484843034,5.166500000000005,170.85139999999947
CC12CC3CC(C)(C1)CC(N)(C3)C2,0,0.6076471131693594,64.38461538461539,179.307,158.13899999999995,179.167399672,74.0,0.0,0.016694830284585155,-0.3250110284381054,0.3250110284381054,0.016694830284585155,26.02,13.0,1.2594279688345464,2.6941000000000006,54.32440000000004
Cc1cnc(Nc2ccc(N3CCN(C)CC3)cc2)nc1Nc1cccc(S(=O)(=O)NC(C)(C)C)c1,1,0.4375542888026396,15.083333333333334,509.6800000000002,474.40000000000026,509.25729435999995,192.0,0.0,0.24061694859105714,-0.36896471545672505,0.36896471545672505,0.24061694859105714,102.49000000000001,36.0,7.485199710275844,4.100820000000002,146.00289999999987
COC(=O)C(CCSC)NC(=O)c1ccc(NC[C@@H](N)CS)cc1-c1ccccc1,0,0.3125308160738192,12.666666666666666,447.6260000000002,418.39400000000023,447.1650337880001,162.0,0.0,0.32789640934430814,-0.4674850970603032,0.4674850970603032,0.32789640934430814,93.44999999999999,30.0,10.059763291697767,3.0471000000000013,128.46529999999998
CCN(CCCCOC(=O)c1ccc(OC)c(OC)c1)C(C)Cc1ccc(OC)cc1,0,0.3425485431401951,11.806451612903226,429.5570000000002,394.2770000000002,429.25152321999997,170.0,0.0,0.3377616469908922,-0.4967682187854209,0.4967682187854209,0.3377616469908922,57.230000000000004,31.0,10.171319692384563,4.6025000000000045,122.46950000000005
COC(=O)C1=C(C#N)N=C(C)C(C(=O)OC(C)C)C1c1cccc([N+](=O)[O-])c1,0,0.43218154519874385,18.928571428571427,385.3760000000001,366.22400000000016,385.127385328,146.0,0.0,0.33685886813585014,-0.4655607428445975,0.4655607428445975,0.33685886813585014,131.89000000000001,28.0,6.255321040928895,2.671380000000001,98.31940000000006
C[N+](C)(C)CC(O)CC(=O)[O-],0,0.4944861326467559,14.545454545454545,161.20099999999996,146.08099999999996,161.10519334,66.0,0.0,0.1080457319082705,-0.5500638112675683,0.5500638112675683,0.1080457319082705,60.36,11.0,3.4821800440378383,-1.8064999999999984,38.5302
CC(OC1OCCN(Cc2n[nH]c(=O)[nH]2)C1c1ccc(F)cc1)c1cc(C(F)(F)F)cc(C(F)(F)F)c1,0,0.4376253118047192,20.216216216216218,534.4320000000001,513.2640000000001,534.150188072,200.0,0.0,0.4159366627407335,-0.34926417410133376,0.4159366627407335,0.34926417410133376,83.24000000000001,37.0,7.439916171102869,4.952100000000003,114.44540000000003
O=c1[nH]cnc2[nH]ncc12,0,0.5192368565638922,10.4,136.114,132.082,136.038510748,50.0,0.0,0.2613256010820124,-0.3124575920541825,0.3124575920541825,0.2613256010820124,74.43,10.0,0.8580452474391901,-0.35380000000000006,34.5094
CCOC(=O)C1=C(C)N=C(C)C(C(=O)OC)C1c1cccc([N+](=O)[O-])c1,0,0.45373398254038894,19.615384615384617,360.36600000000004,340.2060000000001,360.13213635999995,138.0,0.0,0.3360068936917579,-0.46848841188806284,0.46848841188806284,0.3360068936917579,108.1,26.0,5.863370615880352,2.7792000000000012,93.78540000000004
O=C(C=CC=Cc1ccc2c(c1)OCO2)N1CCCCC1,0,0.6327883020732139,17.80952380952381,285.343,266.191,285.136493468,110.0,0.0,0.24604914267600783,-0.4535950776302087,0.4535950776302087,0.24604914267600783,38.77,21.0,4.239831859297326,2.997200000000001,81.17000000000004
COc1ccc(CN2CCN(C(c3ccc(F)cc3)c3ccc(F)cc3)CC2)c(OC)c1OC,0,0.46999156481695975,14.882352941176471,468.54400000000027,438.3040000000002,468.2224492599999,180.0,0.0,0.2030999476197877,-0.49271500587434924,0.49271500587434924,0.2030999476197877,34.17,34.0,7.648554579716071,4.897800000000005,127.59100000000005
O=C1Cc2c([nH]c3ccc(Br)cc23)-c2ccccc2N1,1,0.6416609516725437,13.55,327.181,316.0930000000001,326.0054750720001,98.0,0.0,0.22841763820986127,-0.35421797938501537,0.35421797938501537,0.22841763820986127,44.89,20.0,2.4718176333882553,4.092000000000002,83.76840000000003
O=c1sn(-c2cccc3ccccc23)c(=O)n1Cc1ccccc1,0,0.5771029549850707,11.0,334.40000000000003,320.28800000000007,334.077598688,118.0,0.0,0.34574408049112476,-0.2549170622521749,0.34574408049112476,0.2549170622521749,44.0,24.0,3.6280653107336356,3.2622000000000018,97.22600000000001
CCC1=CC2CN(C1)Cc1c([nH]c3ccccc13)C(C(=O)OC)(c1cc3c(cc1OC)N(C)C1C(O)(C(=O)OC)C(OC(C)=O)C4(CC)C=CCN5CCC31C54)C2,0,0.1956898904603122,34.91228070175438,778.9469999999999,724.515,778.3941646879999,302.0,0.0,0.34361122632259017,-0.49634335735153307,0.49634335735153307,0.34361122632259017,133.87,57.0,8.769439417311624,4.753600000000004,214.07749999999936
N#CC1(c2ccc(NC(=O)c3cccnc3NCc3ccncc3)cc2)CCCC1,0,0.6303420649201595,14.633333333333333,397.4820000000002,374.2980000000002,397.19026035600007,150.0,0.0,0.25890959923207624,-0.36533124478482043,0.36533124478482043,0.25890959923207624,90.7,30.0,5.710986818783108,4.6763800000000035,115.95490000000002
Cn1nccc1Nc1nccc(-c2cc3c(s2)C(C)(C)N(CCN2CCOCC2)C3=O)n1,0,0.6138846691016782,18.21875,453.5720000000004,426.3560000000002,453.19469410400006,168.0,0.0,0.2553804504007046,-0.37879271800090725,0.37879271800090725,0.2553804504007046,88.41000000000001,32.0,5.4380488309636466,2.705300000000001,123.15720000000006
OC(CCCN1CCCCC1)(c1ccccc1)c1ccccc1,0,0.8646915663127632,16.391304347826086,309.45300000000003,282.237,309.209264484,122.0,0.0,0.11463882302836553,-0.3803973269449259,0.3803973269449259,0.11463882302836553,23.47,23.0,5.474187320220929,4.188600000000004,95.40780000000007
CC(O)C1C(=O)N2C(C(=O)[O-])=C(SC3Cn4cnc[n+]4C3)C(C)C12,0,0.5029278892065642,32.625,350.4000000000001,332.2560000000001,350.104876056,128.0,0.0,0.3063849215950828,-0.5431631486765879,0.5431631486765879,0.3063849215950828,102.36999999999999,24.0,3.4660347812773917,-1.8949999999999971,80.80280000000003
CCC(CC)C(NC(C)=O)C1C(N=C(N)N)CC(C(=O)O)C1O,0,0.31815991265665233,28.391304347826086,328.413,300.1890000000001,328.21105537599993,132.0,0.0,0.30872307797160375,-0.48095399201560485,0.48095399201560485,0.30872307797160375,151.02999999999997,23.0,6.803973383225838,-0.3490999999999975,86.51410000000003
C/C(=C\CO)CCC[C@H](C)CCC[C@H](C)CCCC(C)C,0,0.39175607133704576,15.476190476190476,296.539,256.21899999999994,296.3079159,126.0,0.0,0.06144332680360657,-0.3922973714448966,0.3922973714448966,0.06144332680360657,20.23,21.0,13.177977920893365,6.364100000000007,95.56180000000009
CCCCc1oc2ccccc2c1C(=O)c1cc(I)c(OCCN(CC)CC)c(I)c1,0,0.16764724626749733,11.419354838709678,645.3190000000002,616.0870000000002,645.0236897880001,166.0,0.0,0.19675040898984844,-0.4900306764557738,0.4900306764557738,0.19675040898984844,42.68,31.0,9.212731669880034,6.936200000000007,143.41749999999985
Nc1nc(N)c(N=O)c(OCC2CCCCC2)n1,0,0.7901907634181753,16.444444444444443,251.28999999999994,234.15399999999997,251.138224784,98.0,0.0,0.2503830195164886,-0.4755733522591281,0.4755733522591281,0.2503830195164886,116.47999999999999,18.0,3.908188764369202,1.998,68.38180000000001
CCN(CC)Cc1cc(Nc2ccnc3cc(Cl)ccc23)ccc1O,0,0.5980257885078599,11.2,355.8690000000001,333.6930000000001,355.1451400039999,130.0,0.0,0.11972401071544887,-0.5076211478974259,0.5076211478974259,0.11972401071544887,48.39,25.0,5.411938900591395,5.179200000000004,104.76750000000003
O=c1c(-n2ccnn2)c[nH]n1-c1cc(N2CCOCC2)ncn1,0,0.6858155297438291,15.043478260869565,314.3090000000001,300.197,314.12397168800004,118.0,0.0,0.29812076554179495,-0.37777587933736595,0.37777587933736595,0.29812076554179495,106.75,23.0,3.348725932863969,-0.6271,79.92870000000002
CC(=O)c1cc2c(o1)C(=O)c1ccccc1C2=O,1,0.6117907348321548,13.166666666666666,240.21399999999997,232.14999999999995,240.042258736,88.0,0.0,0.22922800411272512,-0.44867848974659963,0.44867848974659963,0.22922800411272512,64.35,18.0,2.0706121360425263,2.2576,62.019500000000015
Cc1cccc(-c2[nH]c(C(C)(C)C)nc2-c2ccc3c(c2)OCO3)n1,0,0.7502633657850957,13.28,335.4070000000001,314.23900000000003,335.163376912,128.0,0.0,0.2308006758146815,-0.45359505509016085,0.45359505509016085,0.2308006758146815,60.03,25.0,3.5269671070185056,4.473320000000003,96.81470000000004
CC1(C)SC2C(NC(=O)C(NC(=O)N3CCNC3=O)c3ccccc3)C(=O)N2C1C(=O)O,0,0.4544455498336079,26.625,461.50000000000017,438.31600000000026,461.13690445599997,170.0,0.0,0.327399384702813,-0.4796728023655437,0.4796728023655437,0.327399384702813,148.14999999999998,32.0,5.487296727353999,0.0942000000000009,113.47790000000005
CC(C)(C)C(=O)C(Oc1ccc(Cl)cc1)n1ccnc1,0,0.8622594770545061,13.0,292.766,275.63,292.097855464,106.0,0.0,0.23637109081638263,-0.4627016493260427,0.4627016493260427,0.23637109081638263,44.120000000000005,20.0,4.137937528774351,3.729300000000002,77.80600000000004
O=C(OC1CC2CCC(C1)[N+]21CCCC1)C(O)(c1ccccc1)c1ccccc1,0,0.6364424954881173,27.82758620689655,392.519,362.27900000000017,392.22202024009,152.0,0.0,0.347471904808273,-0.45921568409726315,0.45921568409726315,0.347471904808273,46.53,29.0,4.715784681562659,3.769700000000003,111.03520000000005
CC(=O)OC1(C(C)=O)CCC2C3=CC(Cl)=C4CC(=O)C5CC5C4(C)C3CCC21C,0,0.6091177366000816,47.48275862068966,416.9450000000002,387.7130000000002,416.175437088,156.0,0.0,0.3031421020389355,-0.45062793302228515,0.45062793302228515,0.3031421020389355,60.440000000000005,29.0,3.933425781584608,4.751700000000005,109.02300000000005
CCN(CC)CCCCNc1ncc2cc(-c3cc(OC)cc(OC)c3)c(NC(=O)NC(C)(C)C)nc2n1,0,0.27898784511567737,11.473684210526315,523.6820000000004,482.35400000000027,523.327088172,206.0,0.0,0.3203233880386455,-0.49660168366768837,0.49660168366768837,0.3203233880386455,113.53,38.0,10.062640035172905,5.162900000000004,153.2920999999998
CN(C)CC/C=C1/c2ccccc2COc2ccccc21,0,0.8428637069733037,15.285714285714286,279.383,258.2149999999999,279.162314292,108.0,0.0,0.12714334349175693,-0.4882394427370874,0.4882394427370874,0.12714334349175693,12.47,21.0,4.069156562113357,3.9624000000000033,87.46600000000005
CCN(CCO)CCCOc1ccc2c(Nc3cc(CC(=O)Nc4cccc(F)c4)[nH]n3)ncnc2c1,0,0.20253996280129946,11.135135135135135,507.57000000000016,477.3300000000002,507.2394160400001,194.0,0.0,0.22986887707369355,-0.49346738183218947,0.49346738183218947,0.22986887707369355,128.29000000000002,37.0,8.951141964005586,3.499900000000001,139.45389999999995
NCCS(=O)(=O)O,1,0.45569908962415706,11.714285714285714,125.14899999999997,118.09299999999999,125.014664084,44.0,0.0,0.2656022407648306,-0.32936934131959306,0.32936934131959306,0.2656022407648306,80.39,7.0,2.2059987194571065,-1.1670999999999996,25.469999999999995
CCNC1CC(C)S(=O)(=O)c2sc(S(N)(=O)=O)cc21,0,0.8471269771691101,26.05263157894737,324.44900000000007,308.3210000000001,324.02721999199997,108.0,0.0,0.24708296372040708,-0.3100950538706832,0.3100950538706832,0.24708296372040708,106.32999999999998,19.0,3.779007280044146,0.612,73.37470000000003
CC(C)(Cc1ccc2ccccc2c1)NCC(O)COc1cccc(Cl)c1C#N,1,0.5658359244116322,12.517241379310345,408.92900000000014,383.7290000000001,408.1604557200001,150.0,0.0,0.1382263530789959,-0.48939771798528675,0.48939771798528675,0.1382263530789959,65.28,29.0,6.762573646022897,4.715480000000005,117.40250000000005
CC(=O)Oc1cccc2c1C(=O)c1c(OC(C)=O)cc(C(=O)O)cc1C2=O,0,0.5498381537815612,12.074074074074074,368.2970000000001,356.20100000000014,368.05321734399996,136.0,0.0,0.33534350808413566,-0.47763733137640185,0.47763733137640185,0.33534350808413566,124.04000000000002,27.0,4.3237835275064915,2.0107999999999997,89.32630000000005
CCOC1OC(=O)CC1NC(=O)C1CCCN1C(=O)C(NC(=O)c1ccc(N)c(Cl)c1)C(C)(C)C,0,0.3768497109727875,23.057142857142857,509.00300000000027,475.7390000000002,508.208862456,192.0,0.0,0.31001053848167087,-0.43336128759666814,0.43336128759666814,0.31001053848167087,140.06,35.0,8.271590518391546,1.8520000000000003,129.3623
C1N2CN3CN1CN(C2)C3,0,0.4267612580294936,57.6,140.19,128.094,140.106196384,56.0,0.0,0.05545950926322491,-0.2643572164504588,0.2643572164504588,0.05545950926322491,12.96,10.0,0.93646362763255,-1.0197999999999992,36.558
C1=C\COCc2cc(ccc2OCCN2CCCC2)Nc2nccc(n2)-c2cccc(c2)COC/1,1,0.5381350943617238,17.714285714285715,472.58900000000017,440.33300000000025,472.247440884,182.0,0.0,0.2272197551990694,-0.4918795496307387,0.4918795496307387,0.2272197551990694,68.74000000000001,35.0,8.003104178413073,4.964800000000004,136.8136999999999
Cc1cc(F)c(C(=O)Nc2cccc(-c3nncn3C(C)C)n2)cc1-n1cnc(C2CC2)c1,0,0.465217240721989,13.484848484848484,445.50200000000024,421.31000000000023,445.2026366080001,168.0,0.0,0.25936745715065834,-0.3097409612830425,0.3097409612830425,0.25936745715065834,90.52,33.0,5.23720976933783,4.683920000000002,121.82520000000001
NC(CSCCCO)C(=O)O,0,0.4793093996237605,12.909090909090908,179.241,166.13699999999997,179.061614276,66.0,0.0,0.3208321307814875,-0.48006376819279967,0.48006376819279967,0.3208321307814875,83.55,11.0,6.297741865583206,-0.48610000000000025,44.639000000000024
CC(C)(C)CC(C)(C)c1ccc(OCCOCC[N+](C)(C)Cc2ccccc2)cc1,1,0.32920055656041214,12.766666666666667,412.6380000000001,370.3020000000002,412.32100600408995,166.0,0.0,0.11893880964300918,-0.49119580757136866,0.49119580757136866,0.11893880964300918,18.46,30.0,8.515299512008516,6.072400000000007,126.97540000000006
Cc1ccc(S(=O)(=O)NC(=O)NN2CC3CCCC3C2)cc1,0,0.8860379615947155,24.954545454545453,323.4180000000001,302.25000000000006,323.13036253200005,120.0,0.0,0.34270409217385467,-0.2697628252683694,0.34270409217385467,0.2697628252683694,78.50999999999999,22.0,4.095051351365014,1.6298199999999994,82.43620000000003
C=C(C)c1cc(O)c(C)cc1O,0,0.625678383555601,9.833333333333334,164.20399999999998,152.10799999999998,164.083729624,64.0,0.0,0.12307814635828328,-0.5076595623966011,0.5076595623966011,0.12307814635828328,40.46,12.0,2.086684819674598,2.439320000000001,49.21660000000003
OCC1OC(Oc2cc(O)cc(C=Cc3ccc(O)cc3)c2)C(O)C(O)C1O,0,0.40451225332913354,27.785714285714285,390.38800000000003,368.21200000000016,390.13146766399996,150.0,0.0,0.22872464643706897,-0.5079662507800027,0.5079662507800027,0.22872464643706897,139.84,28.0,6.175973057216893,0.44689999999999946,99.53680000000003
O=P(O)(NCCCl)NCCCl,0,0.45697725827793184,11.909090909090908,221.024,209.936,219.99351958199998,68.0,0.0,0.33777881344466587,-0.3218685369379605,0.33777881344466587,0.3218685369379605,61.36,11.0,6.624053647942631,0.7435999999999999,47.27070000000002
Cc1cc(=O)[nH]c(=S)[nH]1,1,0.5247689157489369,9.444444444444445,142.18300000000002,136.135,142.020083812,48.0,0.0,0.25135046842536884,-0.33615934843825135,0.33615934843825135,0.25135046842536884,48.65,9.0,1.4827271170625635,0.74091,36.9844
Cc1cn(C2CC(O)C(CO)O2)c(=O)[nH]c1=O,0,0.5842742137821719,28.529411764705884,242.23099999999997,228.11899999999997,242.090271548,94.0,0.0,0.329960031031851,-0.39356883597889863,0.39356883597889863,0.329960031031851,104.54999999999998,17.0,3.140413136980395,-1.5142799999999992,57.67930000000002
O=C1CC(c2ccccc2)Oc2cc(O)cc(O)c21,0,0.8229096892671589,17.68421052631579,256.257,244.16099999999994,256.073558864,96.0,0.0,0.1739092050857477,-0.5076785670448519,0.5076785670448519,0.1739092050857477,66.76,19.0,2.6325078344721278,2.804300000000002,68.53010000000002
Nc1nc(=O)c2nc(CNc3ccc(C(=O)NC(CCC(=O)O)C(=O)O)cc3)cnc2[nH]1,0,0.25885401450618384,11.625,441.40400000000017,422.25200000000024,441.139681328,166.0,0.0,0.3257212005941315,-0.4812292557834712,0.4812292557834712,0.3257212005941315,213.27999999999994,32.0,6.57838043374497,-0.04479999999999945,111.89460000000004
O=P1(NCCCl)OCCCN1CCCl,0,0.605720669080109,29.285714285714285,261.08899999999994,245.969,260.02481971,84.0,0.0,0.3429835414088588,-0.305966177865779,0.3429835414088588,0.305966177865779,41.57,14.0,5.751288511247382,1.884,59.19120000000003
CCCc1nc(C)c2c(=O)[nH]c(-c3cc(S(=O)(=O)N4CCN(CC)CC4)ccc3OCC)nn12,0,0.5164114874787474,15.764705882352942,488.6140000000004,456.35800000000023,488.22057450400007,184.0,0.0,0.2770069398750725,-0.493111378593473,0.493111378593473,0.2770069398750725,112.89999999999999,34.0,7.057427917200265,2.0704199999999995,129.81750000000002
CO[C@@]1(NC(=O)Cc2cccs2)C(=O)N2C(C(=O)O)=C(COC(N)=O)CS[C@@H]21,1,0.4097813290259421,23.678571428571427,427.4600000000002,410.3240000000002,427.050791884,150.0,0.0,0.4043169046369086,-0.47655943238277393,0.47655943238277393,0.4043169046369086,148.26000000000002,28.0,5.6288778607368215,0.09859999999999991,99.19490000000002
Clc1ccc(C(c2ccccc2Cl)C(Cl)Cl)cc1,0,0.6150214671313037,12.722222222222221,320.04600000000005,309.966,317.95366104,94.0,0.0,0.11827755248163752,-0.10433540755172775,0.11827755248163752,0.10433540755172775,0.0,18.0,4.8007357832191575,5.929000000000002,80.24100000000003
COc1cc(C2c3cc4c(cc3C(OC3OC5COC(c6cccs6)OC5C(O)C3O)C3COC(=O)C23)OCO4)cc(OC)c1O,1,0.33279567772779733,34.30434782608695,656.6620000000001,624.4060000000003,656.156362084,244.0,0.0,0.3099403857906003,-0.5016994790132149,0.5016994790132149,0.3099403857906003,160.83,46.0,7.476577822659082,2.752900000000001,155.94339999999977
Cn1cnc2c(F)c(Nc3ccc(Br)cc3F)c(C(=O)NOCCO)cc21,0,0.40456998279113743,11.0,441.2320000000002,426.11200000000025,440.02955887999997,142.0,0.0,0.2766399159052412,-0.39387438248399986,0.39387438248399986,0.2766399159052412,88.41000000000001,27.0,5.6828514667814884,3.0113000000000003,98.55870000000003
Nc1ccn([C@@H]2O[C@H](CO)[C@@H](O)C2(F)F)c(=O)n1,0,0.6120873727300361,30.555555555555557,263.2,252.11199999999994,263.071762272,100.0,0.0,0.35131379854975847,-0.39356436322173105,0.39356436322173105,0.35131379854975847,110.60000000000001,18.0,3.0482675813568365,-1.2886,54.85900000000001
CCOC(=O)c1c(CSc2ccccc2)n(C)c2cc(Br)c(O)c(CN(C)C)c12,1,0.3757011942815355,11.379310344827585,477.4240000000002,452.22400000000016,476.07692576,154.0,0.0,0.34014376177961797,-0.5064056949835966,0.5064056949835966,0.34014376177961797,54.7,29.0,6.92598647881467,5.177000000000005,121.63430000000007
COc1ccc2[nH]c([S+]([O-])Cc3ncc(C)c(OC)c3C)nc2c1,0,0.7189882148938236,12.375,345.4240000000001,326.27200000000005,345.11471246800005,126.0,0.0,0.3215041816600553,-0.6086940395853556,0.6086940395853556,0.3215041816600553,83.09,24.0,4.636600491060349,2.8997400000000013,93.02110000000005
CN(C)CC(c1ccc(O)cc1)C1(O)CCCCC1,0,0.8775816874821688,20.42105263157895,263.381,238.18099999999993,263.18852904,106.0,0.0,0.11509523690741273,-0.5079666421539859,0.5079666421539859,0.11509523690741273,43.7,19.0,4.479510487974374,2.7326000000000006,77.43660000000006
CNCc1cc(-c2ccccc2F)n(S(=O)(=O)c2cccnc2)c1,0,0.7720798335370949,11.583333333333334,345.399,329.2710000000001,345.09472597200005,124.0,0.0,0.26920045046762625,-0.31563656324237344,0.31563656324237344,0.26920045046762625,63.99,24.0,4.457817706723197,2.645600000000001,89.41050000000003
CCC(C)Nc1cc(C(=O)NC2CC3CCC(C2)N3c2ccc(C(=O)C3CC3)cn2)c(C)cc1C(N)=O,1,0.4411840924986151,23.43243243243243,503.64700000000033,466.3510000000003,503.289640044,196.0,0.0,0.25134359768282893,-0.381935966869244,0.381935966869244,0.25134359768282893,117.42000000000002,37.0,6.923361699980641,4.221820000000003,144.14129999999992
Cc1c(-c2cnccn2)ssc1=S,0,0.5509158141740411,10.23076923076923,226.351,220.303,225.969311192,66.0,0.0,0.10497409843224892,-0.2608169015790398,0.2608169015790398,0.10497409843224892,25.78,13.0,2.4794606535648525,3.3045100000000014,58.79300000000002
CCOC(=O)C1OC1C(=O)NC(CC(C)C)C(=O)NCCC(C)C,0,0.4561046117139158,20.625,342.4360000000001,312.1960000000001,342.21547205999997,138.0,0.0,0.33810469010612526,-0.4639756642597553,0.4639756642597553,0.33810469010612526,97.03,24.0,8.177655570852261,1.0101000000000002,89.14440000000005
CCCCC[C@H](O)/C=C/[C@@H]1[C@@H](C/C=C\CCCC(=O)O)[C@@H](O)C[C@H]1O,0,0.3189173783556326,28.16,354.487,320.21500000000003,354.2406241879999,144.0,0.0,0.3028511139961321,-0.481230253795681,0.481230253795681,0.3028511139961321,97.99000000000001,25.0,10.696819023188203,3.042900000000001,98.14320000000005
CN(C)CCN(Cc1ccccc1)c1ccccn1,0,0.7908033413514379,10.68421052631579,255.36500000000004,234.19699999999995,255.17354767199998,100.0,0.0,0.12830415456358826,-0.3510107547083148,0.3510107547083148,0.12830415456358826,19.37,19.0,4.925358496592784,2.649800000000001,80.28300000000006
CCc1cc2c(cc1N1CCC(N3CCOCC3)CC1)C(C)(C)c1[nH]c3cc(C#N)ccc3c1C2=O,0,0.5820901201895606,20.27777777777778,482.62800000000027,448.3560000000003,482.268176328,186.0,0.0,0.1953149571964893,-0.3787923225341311,0.3787923225341311,0.1953149571964893,72.36,36.0,5.660991221161347,4.773280000000004,142.0211999999999
COC1C(=O)C(C)C[C@H](C)/C=C/C=C/C=C(\C)[C@@H](OC)C[C@@H]2CC[C@@H](C)[C@@](O)(O2)C(=O)C(=O)N2CCCCC2C(=O)O[C@H]([C@H](C)C[C@@H]2CC[C@@H](OC(=O)C(C)(CO)CO)[C@H](OC)C2)CC(=O)C(C)=CC(C)[C@H]1O,0,0.1510557784858685,36.726027397260275,1030.3029999999999,942.6069999999997,1029.6024857040002,412.0,0.0,0.3286630099566582,-0.46007814436587635,0.46007814436587635,0.3286630099566582,241.95999999999992,73.0,23.853410803630098,5.722400000000008,271.28919999999937
CNC(=O)CN(CCN(CCN(CC(=O)O)CC(=O)NC)CC(=O)O)CC(=O)O,0,0.16853385416948347,10.931034482758621,419.4350000000002,390.2030000000002,419.20161288799994,166.0,0.0,0.31721724853974453,-0.48028580497400253,0.48028580497400253,0.31721724853974453,179.81999999999996,29.0,12.897447254630928,-3.3617999999999926,100.36080000000007
O=C(O)CCCCC1SCC2NC(=O)NC21,1,0.49347811519219625,32.0,244.31600000000003,228.18799999999996,244.088163372,90.0,0.0,0.31493629272404566,-0.4812303897702795,0.4812303897702795,0.31493629272404566,78.43,16.0,3.578310391209301,0.7968000000000001,61.59320000000003
CC(=O)OCC[N+](C)(C)C,0,0.4213777873274688,11.2,146.21,130.082,146.11755517209,60.0,0.0,0.3023403877131393,-0.45987302875232655,0.45987302875232655,0.3023403877131393,26.3,10.0,3.3591116109469255,0.25570000000000004,39.5324
CCOCc1cc(OC)c(-c2ccc(CC(NC(=O)c3c(F)cccc3F)C(=O)O)cc2)c(OC)c1,0,0.4002565356436776,11.583333333333334,499.5100000000002,472.29400000000027,499.18064402399995,190.0,0.0,0.32605590731729694,-0.49595601298297265,0.49595601298297265,0.32605590731729694,94.09,36.0,8.965048699711382,4.611200000000004,129.264
CN1[C@H](CC(=O)c2ccccc2)CCC[C@H]1C[C@H](O)c1ccccc1,1,0.801796190854678,22.48,337.463,310.247,337.20417910400005,132.0,0.0,0.16393321977841452,-0.38835878263195595,0.38835878263195595,0.16393321977841452,40.540000000000006,25.0,6.003857401602964,4.236000000000003,100.59830000000005
CC(C)c1cc(CNc2nc(Nc3cc(C4CC4)[nH]n3)cc(N3CCN(C)CC3)n2)on1,1,0.4886206808210586,17.1875,437.55200000000025,406.3040000000002,437.26515661200006,170.0,0.0,0.2265098500656108,-0.3592205541222478,0.3592205541222478,0.2265098500656108,111.02999999999999,32.0,5.68880692910649,3.296000000000001,123.50610000000006
N[C@@H]1C[C@H]1c1ccccc1,0,0.6169364851642574,30.1,133.194,122.10599999999997,133.089149352,52.0,0.0,0.011480028215231574,-0.32710692554929854,0.32710692554929854,0.011480028215231574,26.02,10.0,1.2430925480534505,1.5011999999999999,41.775400000000026
CCC(C)CC(C)CCCCCCCCC(=O)CC1C[C@@H](O)[C@H](NCCN)NC(=O)C2[C@@H](O)CCN2C(=O)C([C@H](O)CCN)NC(=O)C([C@H](O)[C@@H](O)c2ccc(O)cc2)NC(=O)C2C[C@@H](O)CN2C(=O)C([C@@H](C)O)NC1=O,0,0.048764723894044903,28.68831168831169,1092.343,1002.6309999999995,1091.6478131480003,436.0,0.0,0.24812672771139502,-0.507966618118517,0.507966618118517,0.24812672771139502,399.99999999999994,77.0,26.55664110345696,-2.2213000000000025,281.3716999999996
CCOC(=O)C1=CC(OC(CC)CC)C(NC(C)=O)C(N)C1,0,0.6912235198580302,24.818181818181817,312.41,284.186,312.204907376,126.0,0.0,0.33331935863379614,-0.46263190166063006,0.46263190166063006,0.33331935863379614,90.64999999999999,22.0,7.545465490517339,1.2853999999999997,84.15610000000005
CCCC1O[C@@H]2C[C@H]3[C@@H]4CC=C5CC(=O)C=C[C@]5(C)[C@H]4[C@@H](O)C[C@]3(C)[C@]2(C(=O)CO)O1,0,0.6664713455938696,50.354838709677416,430.5410000000002,396.2690000000002,430.2355388079999,170.0,0.0,0.19274502176636885,-0.3927604812596594,0.3927604812596594,0.19274502176636885,93.06,31.0,4.90939227963263,2.7168000000000014,112.86660000000005
CCC(COC(=O)c1cc(OC)c(OC)c(OC)c1)(c1ccccc1)N(C)C,0,0.6112141813104895,12.964285714285714,387.47600000000006,358.24400000000014,387.2045730280001,152.0,0.0,0.33798209779085603,-0.4926876933588671,0.4926876933588671,0.33798209779085603,57.23000000000001,28.0,7.288033748867103,3.7363000000000026,108.47850000000007
C=CCc1ccc(O)c(OC)c1,0,0.6932796632293877,9.416666666666666,164.20399999999995,152.10799999999998,164.083729624,64.0,0.0,0.1602603057731768,-0.5042546024667084,0.5042546024667084,0.1602603057731768,29.46,12.0,2.747619961521218,2.1292999999999997,48.55980000000003
CCCCCCCCCCCC(=O)O,1,0.5412525786782162,10.357142857142858,200.32199999999997,176.12999999999997,200.177630008,84.0,0.0,0.3028395565321837,-0.481230389785217,0.481230389785217,0.3028395565321837,37.3,14.0,10.150792318707754,3.991900000000002,59.47980000000005
Cc1sc2c(c1C)C(c1ccc(Cl)cc1)=NC(CC(=O)Nc1ccc(O)cc1)c1nnc(C)n1-2,0,0.3667496040525896,14.705882352941176,492.00400000000025,469.82800000000026,491.11827362400004,172.0,0.0,0.22650520864232565,-0.5079643157925577,0.5079643157925577,0.22650520864232565,92.4,34.0,5.708097708623193,5.533960000000006,134.63249999999994
CCCNC(=O)c1cn2ncnc(Nc3cc(C(=O)NC4CC4)ccc3C)c2c1C,0,0.5597231731532394,13.3,406.49000000000024,380.2820000000002,406.211724072,156.0,0.0,0.25269864608819276,-0.35199186888319955,0.35199186888319955,0.25269864608819276,100.42000000000002,30.0,5.391732138254222,3.121740000000001,115.29810000000003
CCN(CC)CCOCCOC(=O)C1(c2ccccc2)CCCC1,0,0.48582883339698324,16.458333333333332,333.47200000000015,302.224,333.230393852,134.0,0.0,0.3161380654271026,-0.46256545401470645,0.46256545401470645,0.3161380654271026,38.77,24.0,7.731984442052384,3.400000000000002,96.15400000000007
CN(CC1COCCO1)S(=O)(=O)Nc1ccc2ccc3ncc(-c4cnn(C)c4)cc3c(=O)c2c1,0,0.4357716303065281,16.714285714285715,495.56100000000026,470.36100000000033,495.15763990000005,182.0,0.0,0.30096462100096366,-0.37631157519031183,0.37631157519031183,0.30096462100096366,115.65,35.0,6.237894698056433,2.1525999999999987,133.45249999999996
CN1CCN(CCCN2c3ccccc3Sc3ccc(Cl)cc32)CC1,0,0.775124662295156,18.08,373.95300000000015,349.7610000000001,373.137946448,132.0,0.0,0.05673003116307829,-0.33955084718263834,0.33955084718263834,0.05673003116307829,9.72,25.0,5.225180396996304,4.580200000000004,107.57700000000006
NCCC(O)C(=O)NC1CC(N)C(OC2OC(CN)C(O)C(O)C2O)C(O)C1OC1OC(CO)C(O)C(N)C1O,0,0.11306379404457517,47.05,585.6080000000002,542.2640000000004,585.2857364359998,234.0,0.0,0.24869966342169575,-0.39356728151036413,0.39356728151036413,0.24869966342169575,331.93999999999994,40.0,11.946016087706202,-8.424200000000015,131.42570000000003
NC(=O)N1c2ccccc2C=Cc2ccccc21,0,0.748363450121821,12.555555555555555,236.274,224.17799999999994,236.094963004,88.0,0.0,0.3234221961741316,-0.35088383744826684,0.35088383744826684,0.3234221961741316,46.330000000000005,18.0,2.3754049255648777,3.3872000000000018,73.53440000000003
CC[C@@]1([C@H]2O[C@H]([C@H]3O[C@@](O)(CO)[C@H](C)C[C@@H]3C)C[C@H]2C)CC[C@H]([C@@]2(C)CC[C@]3(C[C@H](O)[C@@H](C)[C@@H]([C@H](C)[C@H](OC)C(C)C(=O)O)O3)O2)O1,0,0.26360699198358767,50.8936170212766,670.8810000000005,608.3850000000006,670.4292128040001,272.0,0.0,0.3083643024285429,-0.4809625115374329,0.4809625115374329,0.3083643024285429,153.37,47.0,10.873455768637704,4.272900000000003,172.3011999999996
CCNC1CC(N)C(OC2OC(CN)=CCC2N)C(O)C1OC1OCC(C)(O)C(NC)C1O,1,0.17503537053091334,46.515151515151516,475.58700000000016,434.25900000000024,475.3005986519999,192.0,0.0,0.21491248111784694,-0.46655297873514995,0.46655297873514995,0.21491248111784694,199.72999999999996,33.0,9.082826974622245,-3.200699999999992,119.63100000000004
O=C(c1ccc2nccnc2c1)N1CCCCC1,0,0.7689495630830119,15.88888888888889,241.29399999999993,226.17399999999995,241.1215121,92.0,0.0,0.25343076963915795,-0.3386509456502524,0.3386509456502524,0.25343076963915795,46.09,18.0,2.9224032918865332,2.2559000000000005,69.29250000000002
COc1c(O)cc(O)c2c(=O)cc(-c3ccccc3)oc12,0,0.7560099167404621,10.714285714285714,284.267,272.171,284.068473484,106.0,0.0,0.20428797325996348,-0.5068880543326166,0.5068880543326166,0.20428797325996348,79.89999999999999,21.0,3.023175980394615,2.8798000000000004,77.80160000000001
CC(C)=CCC/C(C)=C/CC/C(C)=C/CC=C(C)C=Cc1c(C)c(O)c2ccccc2c1O,1,0.2176014554946463,13.212121212121213,444.65900000000016,404.3390000000002,444.30283051999993,176.0,0.0,0.13065975707210153,-0.5070035802206175,0.5070035802206175,0.13065975707210153,40.46,33.0,10.25404933833654,9.328219999999995,144.83559999999989
COc1ccccc1OCCNCC(O)COc1cccc2[nH]c3ccccc3c12,0,0.3499607634429391,12.2,406.482,380.27400000000017,406.189257312,156.0,0.0,0.16071263981470665,-0.49287002121803886,0.49287002121803886,0.16071263981470665,75.74000000000001,30.0,6.367908748420941,3.738000000000002,118.66520000000004
CC(C)CC(NC(=O)CNC(=O)c1cc(Cl)ccc1Cl)B(O)O,1,0.550014922325627,11.956521739130435,361.034,341.88200000000006,360.081492848,126.0,0.0,0.47496451097068654,-0.42573609624437303,0.47496451097068654,0.42573609624437303,98.66000000000001,23.0,7.844812134411968,1.2660999999999993,90.37250000000004
O=c1c(O)c(-c2ccc(O)c(O)c2)oc2cc(O)cc(O)c12,0,0.43419044029909815,10.909090909090908,302.23800000000006,292.158,302.04265266,112.0,0.0,0.23828858164045508,-0.5076781655726544,0.5076781655726544,0.23828858164045508,131.36,22.0,2.8425772568480334,1.988,76.244
Nc1ccc(S(=O)(=O)Nc2ccnn2-c2ccccc2)cc1,1,0.7227517735358318,11.272727272727273,314.37000000000006,300.25800000000004,314.08374668799996,112.0,0.0,0.2625492326886846,-0.3987277171275083,0.3987277171275083,0.2625492326886846,90.00999999999999,22.0,3.557694855281187,2.2553,85.2269
CC(CN(C)C)CN1c2ccccc2CCc2ccccc21,0,0.8366473557753505,15.181818181818182,294.442,268.234,294.209598832,116.0,0.0,0.04430571649543186,-0.3407196694253168,0.3407196694253168,0.04430571649543186,6.48,22.0,4.4870407508245345,4.121000000000003,95.01600000000006
Nc1ncnc2c1ncn2[C@@H]1O[C@H](CO)[C@@H](O)[C@@H]1O,0,0.49051986767922323,31.105263157894736,267.245,254.14099999999996,267.096753896,102.0,0.0,0.167138505935341,-0.3935668539266413,0.3935668539266413,0.167138505935341,139.54000000000002,19.0,2.8233208168050106,-1.9800000000000006,62.744800000000026
COCCc1ccc(OCC(O)CNC(C)C)cc1,1,0.7135696186852984,12.68421052631579,267.36899999999997,242.16899999999995,267.18344366,108.0,0.0,0.11895622189073653,-0.4908491126928612,0.4908491126928612,0.11895622189073653,50.72,19.0,7.480997349415789,1.6132,76.66250000000005
Cc1ccc(-n2nc(C(C)(C)C)cc2NC(=O)Nc2ccc(OCCN3CCOCC3)c3ccccc23)cc1,0,0.30878428664193486,14.35897435897436,527.6690000000006,490.3730000000004,527.289640044,204.0,0.0,0.32436999076336037,-0.4916076093357029,0.4916076093357029,0.32436999076336037,80.65,39.0,7.85820825555152,5.986420000000005,156.34439999999972
CC1CCc2cc(F)cc3c(=O)c(C(=O)O)cn1c23,0,0.8567514806798587,17.68421052631579,261.252,249.15599999999995,261.080121464,98.0,0.0,0.3407230796673368,-0.47749702283113626,0.47749702283113626,0.3407230796673368,59.300000000000004,19.0,2.4493362772831646,2.346,68.15730000000003
C=CC(C)(O)CCC1C(C)(O)CCC2C(C)(C)CCCC21C,1,0.7392053401453734,43.95454545454545,308.5060000000001,272.21799999999996,308.271530392,128.0,0.0,0.07967151257619282,-0.38987175774251553,0.38987175774251553,0.07967151257619282,40.46,22.0,4.6080088827382975,4.697200000000005,92.63160000000006
O=C(NOCC(O)CO)c1ccc(F)c(F)c1Nc1ccc(I)cc1F,0,0.35996032896912883,11.923076923076923,482.196,468.08400000000006,481.995039588,140.0,0.0,0.27656236395763595,-0.39359123523998557,0.39359123523998557,0.27656236395763595,90.82000000000001,26.0,7.198567803604378,2.4667000000000003,95.26850000000002
Cc1cccc(C)c1N=C1NCCCS1,0,0.7864458619089763,18.933333333333334,220.34099999999998,204.21299999999997,220.103419512,80.0,0.0,0.16129198913116696,-0.3645908576964676,0.3645908576964676,0.16129198913116696,24.39,15.0,3.311848713787948,3.0174400000000015,68.08870000000003
CC(=O)Nc1nc2c(Oc3cc(-c4ccc(C(F)(F)F)cc4)ncn3)cccc2s1,0,0.4611613101186221,11.466666666666667,430.41100000000006,417.30700000000013,430.0711313160001,152.0,0.0,0.41591023464071697,-0.4365756288936764,0.4365756288936764,0.41591023464071697,77.0,30.0,5.082681892691483,5.522800000000003,106.4677
Nc1c(CC(=O)O)cccc1C(=O)c1ccccc1,0,0.647456078598544,10.105263157894736,255.273,242.16899999999993,255.089543276,96.0,0.0,0.3073959523791919,-0.4809852132130286,0.4809852132130286,0.3073959523791919,80.39000000000001,19.0,3.612269366785148,2.1269,72.06870000000002
CN(C)c1ccc(-c2nc3c(N4CCN(CC(=O)Nc5nccs5)CC4)c(Cl)cnc3[nH]2)cc1,1,0.4212573889395428,14.5,497.02800000000013,471.8280000000002,496.15605610000006,176.0,0.0,0.2398336300137272,-0.37766088147750376,0.37766088147750376,0.2398336300137272,93.28,34.0,6.355655197087032,3.5615000000000014,138.0583999999999
Cc1ncsc1CCCl,0,0.6066937916541333,10.0,161.65699999999998,153.593,161.006597936,50.0,0.0,0.07970620892598408,-0.2497475018241253,0.2497475018241253,0.07970620892598408,12.89,9.0,2.4850497815789883,2.2328200000000002,41.27500000000002
CCNC(=O)CC1N=C(c2ccc(Cl)cc2)c2cc(OC)ccc2-n2c(C)nnc21,0,0.6786134146458529,14.933333333333334,423.90400000000017,401.7280000000002,423.14620262400007,154.0,0.0,0.22212121645897015,-0.4967417688557699,0.4967417688557699,0.22212121645897015,81.39999999999999,30.0,5.5452693125,3.6560200000000025,115.78070000000004
CCOC(=O)C1=C[C@]2(CC)CCCN3CCc4c(n1c1ccccc41)[C@@H]32,0,0.7801598920383878,27.153846153846153,350.462,324.2540000000001,350.199428072,136.0,0.0,0.3544907660606189,-0.4613153342905681,0.4613153342905681,0.3544907660606189,34.47,26.0,3.5448225541281175,4.148300000000003,102.82000000000004
O=C(O)CN(CCN(CC(=O)O)CC(=O)O)CC(=O)O,0,0.333294737123963,10.7,292.244,276.116,292.09066547199996,114.0,0.0,0.31721811897563884,-0.48028566397731876,0.48028566397731876,0.31721811897563884,155.68,20.0,7.854173217742615,-2.0711999999999957,63.423200000000016
Cc1oncc1C(=O)Nc1ccc(C(F)(F)F)cc1,0,0.9108229912132475,11.368421052631579,270.21,261.138,270.061612188,100.0,0.0,0.41591206455654534,-0.36086761971604353,0.41591206455654534,0.36086761971604353,55.13,19.0,3.2844476539843135,3.2541200000000012,60.63720000000001
CC(C)OC(=O)CCCC=CCC1C(O)CC(O)C1CCC(O)CCc1ccccc1,0,0.24718607651887956,24.70967741935484,432.6010000000002,392.28100000000023,432.28757437999997,174.0,0.0,0.30554528176256474,-0.4629531722486691,0.4629531722486691,0.30554528176256474,86.99000000000001,31.0,11.270395916663258,4.1864000000000035,122.45040000000004
CC(C)c1ccc(NC(=O)Cn2cnc3c2c(=O)n(C)c(=O)n3C)cc1,0,0.7611537462796245,11.26923076923077,355.3980000000001,334.23000000000013,355.164439532,136.0,0.0,0.3317034373043587,-0.3245396547281228,0.3317034373043587,0.3245396547281228,90.92000000000002,26.0,4.498530242589679,1.1957999999999995,99.37570000000004
CCn1c(N)c(C(=O)NC)c(=O)c2ccc(C#C[C@@](C)(O)COC)nc21,0,0.667408439845014,12.961538461538462,358.39800000000014,336.22200000000004,358.164105184,138.0,0.0,0.25823189857139867,-0.38426675903811003,0.38426675903811003,0.25823189857139867,119.47000000000001,26.0,5.648327816256028,0.10710000000000064,98.85740000000003
CCc1cccc(CC)c1NC(=O)N1Cc2[nH]nc(NC(=O)c3ccc(N4CCN(C)CC4)cc3)c2C1,1,0.47292516056316675,15.54054054054054,501.6350000000004,466.3550000000003,501.28522336000003,194.0,0.0,0.3220219996643821,-0.36896615334119026,0.36896615334119026,0.3220219996643821,96.6,37.0,7.138817577776068,4.086300000000003,146.15659999999983
Cc1cc2c(C(=O)NCC(C)c3ccccc3)c(O)c(O)cc2c(O)c1-c1c(C)cc2c(C(=O)NCC(C)c3ccccc3)c(O)c(O)cc2c1O,1,0.0711286155991402,12.461538461538462,700.7880000000005,660.4680000000002,700.2784662400001,266.0,0.0,0.2553474181653433,-0.5066387768713523,0.5066387768713523,0.2553474181653433,179.57999999999998,52.0,9.57874078843157,7.577440000000009,200.73319999999973
CC(C)n1nc(-c2ccc3oc(N)nc3c2)c2c(N)ncnc21,1,0.5825137647621351,11.782608695652174,309.333,294.213,309.13380810000007,116.0,0.0,0.2924862497835584,-0.42370668861450633,0.42370668861450633,0.2924862497835584,121.67,23.0,2.73979473096342,2.3798000000000004,87.53580000000001
Nc1ccccc1C(=O)CC(N)C(=O)O,0,0.4855046638492824,12.066666666666666,208.21699999999998,196.12099999999995,208.084792244,80.0,0.0,0.32044399456598877,-0.4800761902223339,0.4800761902223339,0.32044399456598877,106.41000000000001,15.0,3.4070299648389417,0.2535000000000001,55.41310000000001
NC(CO)C(=O)O,0,0.39424034920477014,13.428571428571429,105.09299999999999,98.03699999999999,105.042593084,42.0,0.0,0.3223711468486876,-0.4800213961433728,0.4800213961433728,0.3223711468486876,83.55,7.0,2.3223031298904537,-1.6093999999999997,22.696999999999996
Cc1cc(Nc2nc(NC(C)c3ncc(F)cn3)ncc2Cl)[nH]n1,0,0.6505657114536998,12.0,348.7730000000001,334.66100000000006,348.10139834800003,124.0,0.0,0.22479502973908455,-0.34441863604249034,0.34441863604249034,0.22479502973908455,104.3,24.0,4.5171303095359745,3.00732,87.67710000000001
Cc1cc(C(C)(C)C)c(O)c(C(C)(C)C)c1,0,0.6909972184662643,12.9375,220.356,196.16399999999996,220.182715388,90.0,0.0,0.12254049480510547,-0.5073406948944928,0.5073406948944928,0.12254049480510547,20.23,16.0,3.105285127670789,4.295620000000004,70.24380000000005
CCC(=O)OCC(=O)C1(OC(=O)CC)C(C)CC2C3CC=C4CC(=O)C=CC4(C)C3(F)C(O)CC21C,0,0.43288315630687413,43.083333333333336,504.5950000000003,467.2990000000003,504.252331744,198.0,0.0,0.30602825681384294,-0.45749526250212275,0.45749526250212275,0.30602825681384294,106.97000000000001,36.0,6.595838069129234,3.8175000000000026,128.27280000000007
CN(N=O)C(=O)NC1C(O)OC(CO)C(O)C1O,0,0.2710418297657056,35.94444444444444,265.222,250.10199999999995,265.09099982000004,104.0,0.0,0.34012835577711903,-0.39356652265794145,0.39356652265794145,0.34012835577711903,151.92,18.0,4.925639193588847,-2.8909,55.85690000000003
COc1ccc(C2=NC(c3ccc(Cl)cc3)C(c3ccc(Cl)cc3)N2C(=O)N2CCNC(=O)C2)c(OC(C)C)c1,0,0.39401463985000057,18.95,581.5000000000002,551.2600000000002,580.1644108,208.0,0.0,0.3263801263434577,-0.4966239950665522,0.4966239950665522,0.3263801263434577,83.47000000000001,40.0,8.187250085756373,5.885800000000008,155.49869999999967
CN(C)CCCOc1nn(Cc2ccccc2)c2ccccc12,0,0.6265558693074326,11.26086956521739,309.413,286.229,309.184112356,120.0,0.0,0.2402931848582279,-0.47612361851198454,0.47612361851198454,0.2402931848582279,30.29,23.0,4.931553671639041,3.4151000000000016,93.94300000000007
C=C1C(=CC)c2cc3[nH]c(cc4[nH]c(cc5nc(cc1n2)C(CC)=C5C)c(C)c4CCC(=O)O)c(C=CC(=O)O)c3C,0,0.22999825755242714,14.404761904761905,562.6700000000004,528.3980000000004,562.2580055679999,214.0,0.0,0.3278226681868932,-0.48122192577327993,0.48122192577327993,0.3278226681868932,131.96,42.0,7.559662783761932,7.504040000000007,168.5659999999997
CC12CCC3c4ccc(O)cc4CCC3C1CCC2O,0,0.757169743555686,42.7,272.3879999999999,248.19599999999994,272.177630008,108.0,0.0,0.1153706182642203,-0.5079560321952997,0.5079560321952997,0.1153706182642203,40.46,20.0,2.6903926012725075,3.6092000000000026,78.73060000000005
C[C@@H]1CCO[C@H]2Cn3cc(C(=O)NCc4ccc(F)cc4F)c(=O)c(O)c3C(=O)N12,0,0.7824608276704148,20.5,419.3840000000002,400.23200000000014,419.12927714799997,158.0,0.0,0.27633458760868285,-0.5025213946625778,0.5025213946625778,0.27633458760868285,100.86999999999999,30.0,5.021726711908427,1.3528,99.88350000000004
CCC1C(=O)OC[C@@H]1Cc1cncn1C,0,0.7000907484342611,25.6,208.261,192.13299999999998,208.121177752,82.0,0.0,0.30885467800463356,-0.46512490367934217,0.46512490367934217,0.30885467800463356,44.12,15.0,2.752232408494458,1.1618000000000002,55.14200000000003
NCC(O)c1ccc(O)c(O)c1,0,0.4724272074622585,12.833333333333334,169.17999999999998,158.09199999999998,169.073893212,66.0,0.0,0.15726145491756577,-0.5042598752600782,0.5042598752600782,0.15726145491756577,86.71000000000001,12.0,2.5206888564614234,0.08989999999999998,43.78580000000002
Cc1ccc(C(=O)C(C)CN2CCCCC2)cc1,0,0.7585775275817872,18.555555555555557,245.36599999999993,222.18199999999993,245.177964356,98.0,0.0,0.16644219096535515,-0.30261809627403335,0.30261809627403335,0.16644219096535515,20.310000000000002,18.0,4.535392728423712,3.2997200000000024,74.96450000000004
O=C(O)CSc1nnc(Br)n1-c1ccc(C2CC2)c2ccccc12,0,0.6447720583090042,14.208333333333334,404.28900000000016,390.17700000000025,402.999009788,122.0,0.0,0.3134420017062113,-0.4806125085883532,0.4806125085883532,0.3134420017062113,68.00999999999999,24.0,4.054953802049423,4.2371000000000025,96.89980000000001
CC12CCC(O)CC1=CCC1C2CCC2(C)C(c3cccnc3)=CCC12,0,0.6887813871003827,44.42307692307692,349.51800000000003,318.27000000000004,349.240564612,138.0,0.0,0.05774005746548138,-0.3927966848471336,0.3927966848471336,0.05774005746548138,33.120000000000005,26.0,3.7293570953577726,5.398600000000005,105.30680000000005
COc1ccc2c(c1)[nH]c1c(C)nccc12,1,0.6728642510267777,11.125,212.25199999999998,200.15599999999998,212.094963004,80.0,0.0,0.12047614076174222,-0.4966869749657554,0.4966869749657554,0.12047614076174222,37.91,16.0,1.8626821475043116,3.033120000000001,64.88870000000003
O=C(O)c1ccc(CN2CCC(CN[C@@H]3C[C@H]3c3ccccc3)CC2)cc1,0,0.7857639825022791,23.25925925925926,364.4890000000001,336.2650000000001,364.215078136,142.0,0.0,0.3351785878338758,-0.477639248671624,0.477639248671624,0.3351785878338758,52.57,27.0,5.554381575593804,3.7425000000000033,106.99300000000005
N=C(N)NCCCC(N)C(=O)O,0,0.20027513681043543,12.083333333333334,174.204,160.09199999999998,174.111675688,70.0,0.0,0.31996851078193783,-0.48008644077399965,0.48008644077399965,0.31996851078193783,125.22000000000001,12.0,4.782346592154284,-1.338429999999999,44.76200000000001
Cc1cc(C)cc(NC(=O)Cc2ccc(OC(C)(C)C(=O)O)cc2)c1,0,0.8393595033965693,11.04,341.40700000000004,318.22300000000007,341.162708216,132.0,0.0,0.34695272602600624,-0.47830431383737004,0.47830431383737004,0.34695272602600624,75.63,25.0,5.46853182913313,3.7266400000000024,97.03450000000004
CC(C)=CCCC(C)=CC=CC(C)=CC=CC(C)=CC=CC=C(C)C=CC=C(C)C=CC=C(C)CCC=C(C)C,0,0.13585128434066465,15.05,536.8880000000003,480.4400000000004,536.438201792,216.0,0.0,-0.02851204855298305,-0.08557103220800533,0.08557103220800533,0.02851204855298305,0.0,40.0,21.516890022113298,12.937999999999976,185.5719999999994
CC(C)c1cc(C(=O)N2Cc3ccc(CN4CCN(C)CC4)cc3C2)c(O)cc1O,1,0.8122234828405095,17.533333333333335,409.5300000000002,378.2820000000002,409.23654185199996,160.0,0.0,0.2577269125165279,-0.5075206316222896,0.5075206316222896,0.2577269125165279,67.25000000000001,30.0,5.712147117917961,3.1246000000000023,116.65410000000004
CC(=O)Oc1cc(C(F)(F)F)ccc1C(=O)O,0,0.6440123541616238,11.058823529411764,248.15599999999998,241.09999999999997,248.029643364,92.0,0.0,0.4160459062616776,-0.47753952493867685,0.47753952493867685,0.4160459062616776,63.60000000000001,17.0,3.401000265829444,2.3289,49.71230000000001
COc1cc(C(=O)O)ccc1NC(=O)C1NC(CC(C)(C)C)C(C#N)(c2ccc(Cl)cc2F)C1c1cccc(Cl)c1F,1,0.265382261931091,21.928571428571427,616.4920000000003,587.2600000000003,615.1503182080002,220.0,0.0,0.3353205504898022,-0.49455190296004325,0.49455190296004325,0.3353205504898022,111.44999999999999,42.0,8.835081197143042,6.938880000000005,156.21869999999973
C=C1C(=CC=C2CCCC3(C)C2CCC3C(C)CCCC(C)(C)O)CC(O)CC1O,1,0.5199919050350968,38.833333333333336,416.6460000000002,372.29400000000015,416.3290452679999,170.0,0.0,0.08113023624950191,-0.3926695701416229,0.3926695701416229,0.08113023624950191,60.69,30.0,7.366593125858126,5.704700000000008,124.03840000000008
CCOC(=O)C1=C(COCCN)N=C(C)C(C(=O)OC)[C@@H]1c1ccccc1Cl,0,0.5235483668213641,19.25,408.88200000000006,383.68200000000013,408.14519958,152.0,0.0,0.3361122048322337,-0.468488406559265,0.468488406559265,0.3361122048322337,100.21,28.0,8.16597212694432,2.479800000000001,106.34040000000005
CC(C)c1ccc2oc3nc(N)c(C(=O)O)cc3c(=O)c2c1,1,0.7044218634482015,11.409090909090908,298.298,284.18600000000004,298.095356928,112.0,0.0,0.33898504332176066,-0.47754047401191324,0.47754047401191324,0.33898504332176066,106.42000000000002,22.0,3.091708558180133,2.745,83.24570000000001
C=c1c(C(=O)N2CCCC2CN2CCCC2)c(C)[nH]c1=Cc1c(O)[nH]c2ccc(S(=O)(=O)Cc3c(Cl)cccc3Cl)cc12,1,0.2705833977221206,18.348837209302324,641.6210000000001,607.3490000000002,640.1677819280001,226.0,0.0,0.25607255194320666,-0.49412958925446226,0.49412958925446226,0.25607255194320666,109.5,43.0,8.10478138364453,4.7302200000000045,170.91649999999964
CN(C)CCC(c1ccc(Cl)cc1)c1ccccn1,0,0.8240069237957237,12.631578947368421,274.795,255.64299999999994,274.123676288,100.0,0.0,0.04783435385076987,-0.30936473198175074,0.30936473198175074,0.04783435385076987,16.130000000000003,19.0,4.942787845611539,3.8186000000000027,80.70300000000005
CC1C(=O)O[C@@H]2C[C@@]34[C@H]5C[C@H](C(C)(C)C)[C@]36C(O)C(=O)O[C@@H]6O[C@@]4(C(=O)O5)[C@]12O,0,0.4084569903388224,59.172413793103445,408.4030000000002,384.2110000000002,408.1420323479999,158.0,0.0,0.3424008673104497,-0.459360562394064,0.459360562394064,0.3424008673104497,128.59,29.0,2.7922842202063793,-0.3402999999999995,90.62160000000004
CN(C)CCC(CSc1ccccc1)Nc1ccc(S(=O)(=O)NC(=O)c2ccc(N3CCN(Cc4ccccc4-c4ccc(Cl)cc4)CC3)cc2)cc1[N+](=O)[O-],1,0.057731341530079264,14.035714285714286,813.4460000000001,768.0859999999998,812.25813822,292.0,0.0,0.29319831669218793,-0.37586587134379357,0.37586587134379357,0.29319831669218793,128.13,56.0,13.683613267000528,7.880600000000009,226.31609999999944
O=S1(=O)CCN(CN2CCS(=O)(=O)NC2)CN1,0,0.5736486979324414,30.11764705882353,284.363,268.23499999999996,284.061296992,100.0,0.0,0.213480844203438,-0.2756507800077885,0.2756507800077885,0.213480844203438,98.82000000000001,17.0,3.7075383036959866,-2.6710999999999965,61.85800000000003
O=C(O)CCNC(=O)c1ccccc1,0,0.7458520950484067,9.428571428571429,193.20200000000003,182.11399999999998,193.073893212,74.0,0.0,0.30463308741925127,-0.48118160363355017,0.48118160363355017,0.30463308741925127,66.4,14.0,3.667076639227925,0.8911,51.02800000000002
C=CC1(C)CC(=O)C2(O)C(C)(O1)C(OC(C)=O)C(O)C1C(C)(C)CCC(O)C12C,1,0.4671638090242009,51.55172413793103,410.5070000000002,376.2350000000002,410.230453428,164.0,0.0,0.3026043819160404,-0.45655591098535797,0.45655591098535797,0.3026043819160404,113.29000000000002,29.0,4.913580828582168,1.5198999999999987,104.84540000000005
NC(=O)NC(CCC(=O)O)C(=O)O,0,0.440139170210041,11.692307692307692,190.155,180.07499999999996,190.05897142,74.0,0.0,0.3257706495614564,-0.48122925576590275,0.48122925576590275,0.3257706495614564,129.72,13.0,4.2795847132223,-1.0273000000000003,41.0127
CC12CCC(CC1)C(C)(C)O2,0,0.5210255264729503,47.72727272727273,154.253,136.10899999999998,154.135765196,64.0,0.0,0.06617640341770793,-0.3691300164664661,0.3691300164664661,0.06617640341770793,9.23,11.0,1.3868467412790337,2.7441000000000013,45.52700000000002
CCCC(=O)Nc1ccc(OCC(O)CNC(C)C)c(C(C)=O)c1,1,0.5710137425129463,12.083333333333334,336.4320000000001,308.2080000000001,336.204907376,134.0,0.0,0.22385845251294292,-0.4900795740174568,0.4900795740174568,0.22385845251294292,87.66,24.0,8.428302634999081,2.3655,94.62470000000005
Nc1ncnc2c1ncn2[C@@H]1O[C@@H]2COP(=O)(O)O[C@H]2[C@H]1O,0,0.5650671444317394,38.27272727272727,329.209,317.11300000000006,329.05251973399993,118.0,0.0,0.4722360989477515,-0.38553776291949204,0.4722360989477515,0.38553776291949204,154.84,22.0,2.9824022846009686,-0.8174000000000006,70.30250000000001
COc1ccc(-c2ccc3c(N4CCOCC4C)nc(N4CCOCC4C)nc3n2)cc1CO,1,0.6103026509720985,21.176470588235293,465.55400000000026,434.3060000000002,465.23760447200004,180.0,0.0,0.22930760446807064,-0.49638543605869084,0.49638543605869084,0.22930760446807064,93.07000000000001,34.0,6.490984592907486,2.6429000000000014,130.49780000000004
O=C(O)/C=C/C(=O)O,0,0.4859839100851221,9.5,116.07199999999999,112.03999999999998,116.01095860800001,44.0,0.0,0.3280658637591418,-0.4780707501605797,0.4780707501605797,0.3280658637591418,74.6,8.0,2.327949700598802,-0.28819999999999985,24.411599999999993
O=C1CCc2ccc(OCCCCN3CCN(c4cccc(Cl)c4Cl)CC3)cc2N1,0,0.6149801508040519,16.866666666666667,448.39400000000006,421.17800000000017,447.14803246400004,160.0,0.0,0.22421509242340937,-0.4935197501380828,0.4935197501380828,0.22421509242340937,44.81,30.0,7.028446669958938,4.859300000000005,123.23670000000006
CC1=CC(=O)c2ccccc2C1=O,0,0.5994834910884169,15.307692307692308,172.18299999999996,164.11899999999997,172.052429496,64.0,0.0,0.18910709987746407,-0.28925138083023727,0.28925138083023727,0.18910709987746407,34.14,13.0,1.6214376757080384,2.0119000000000002,48.86000000000002
Cc1cc(C(=O)NOCCO)c(Nc2ccc(I)cc2F)n(C)c1=O,0,0.3471173989454883,10.6,461.2310000000001,444.0950000000001,461.024782244,134.0,0.0,0.2780456068694072,-0.39387438248393514,0.39387438248393514,0.2780456068694072,92.59,25.0,6.505310842367224,1.8347199999999997,99.32370000000004
COc1cccc2cc(-c3nc(C4CCC(C(=O)O)CC4)n4ncnc(N)c34)[nH]c12,1,0.4739744643395481,19.366666666666667,406.44600000000014,384.27000000000004,406.1753385640001,154.0,0.0,0.30598794255843575,-0.4945570807439416,0.4945570807439416,0.30598794255843575,131.42,30.0,4.3038662326504085,3.2218,111.37390000000003
CC1(C)CCC2=C(O1)c1ccccc1C(=O)C2=O,1,0.6568917748341816,21.22222222222222,242.274,228.16199999999995,242.094294308,92.0,0.0,0.2335633368868223,-0.4867650946791019,0.4867650946791019,0.2335633368868223,43.370000000000005,18.0,2.2068830059527054,2.7521000000000013,67.09750000000003
CCCCC(=O)OC1(C(=O)CO)C(C)CC2C3CC=C4CC(=O)C=CC4(C)C3(F)C(O)CC21C,0,0.448473396600211,45.14705882352941,476.58500000000026,439.28900000000027,476.25741712399997,188.0,0.0,0.3063083838687619,-0.4500275946858695,0.4500275946858695,0.3063083838687619,100.90000000000002,34.0,6.212347013513221,3.6368000000000027,123.34260000000006
c1cc(CN2CCCNCCNCCCNCC2)ccc1CN1CCCNCCNCCCNCC1,0,0.3537783759817375,22.88888888888889,502.7960000000004,448.36400000000026,502.44714372800007,206.0,0.0,0.023378892810542565,-0.31542041102218643,0.31542041102218643,0.023378892810542565,78.66,36.0,16.313475686496155,0.41580000000000644,152.68219999999985
CC(=O)Nc1cccc2c1c(Sc1ccc(Cl)cc1)c(C)n2CC(=O)O,0,0.6582979700988144,10.884615384615385,388.87600000000015,371.7400000000002,388.06484108399997,134.0,0.0,0.3230261464807484,-0.4799151600460628,0.4799151600460628,0.3230261464807484,71.33,26.0,5.247396375080923,4.797320000000004,104.18950000000005
Cn1cc(-c2ccc(F)c(C(F)(F)F)c2)nc1C1CCN(c2ncnc3[nH]ncc23)CC1,0,0.4762983198479468,15.59375,445.4240000000002,426.27200000000016,445.16380648800015,166.0,0.0,0.41874432523064964,-0.3558602584471482,0.41874432523064964,0.3558602584471482,75.52000000000001,32.0,4.828755689451202,4.295300000000003,109.47570000000003
CC(C)NC(=O)COc1cccc(-c2nc(Nc3ccc4[nH]ncc4c3)c3ccccc3n2)c1,0,0.32700640037012146,11.147058823529411,452.51800000000014,428.32600000000025,452.19607400800004,170.0,0.0,0.2576340477023028,-0.48376303419163286,0.48376303419163286,0.2576340477023028,104.82,34.0,5.779572175395371,4.820100000000003,133.12409999999994
CC(=O)NCC1CN(c2ccc(N3CCOCC3)c(F)c2)C(=O)O1,0,0.8915973887511962,20.916666666666668,337.35100000000006,317.1910000000001,337.1437843399999,130.0,0.0,0.41431651014850107,-0.44204599687429924,0.44204599687429924,0.41431651014850107,71.11,24.0,4.842833178346694,1.1235999999999997,85.73070000000004
CCc1cc2c(cc1CC)CC(NCC(O)c1ccc(O)c3[nH]c(=O)ccc13)C2,0,0.5191742847910432,15.0,392.49900000000014,364.27500000000015,392.20999275599996,152.0,0.0,0.24800068674371567,-0.5057497405236866,0.5057497405236866,0.24800068674371567,85.35,29.0,5.43497880244207,3.148900000000001,115.59000000000005
Nc1nc(=O)c2ncn(COCCO)c2[nH]1,1,0.554385971786765,11.0625,225.20799999999997,214.11999999999998,225.086189212,86.0,0.0,0.3021237458022266,-0.39397867396025127,0.39397867396025127,0.3021237458022266,119.05000000000001,16.0,2.8370033058958124,-1.3318000000000003,55.59890000000001
CCCCOC(=O)c1ccc(N)cc1,0,0.45292134802512557,9.785714285714286,193.24599999999998,178.12599999999998,193.11027872,76.0,0.0,0.33761981788526724,-0.46209728634871794,0.46209728634871794,0.33761981788526724,52.32,14.0,3.9784852555179504,2.2257,56.04490000000003
O=C(C[S+]([O-])Cc1ccco1)NCC=CCOc1cc(CN2CCCCC2)ccn1,0,0.434516457933939,15.9,431.55800000000033,402.3260000000002,431.1878774080001,162.0,0.0,0.2696843886099091,-0.6156006982722204,0.6156006982722204,0.2696843886099091,90.66,30.0,9.268783114895507,2.6606000000000014,116.43110000000006
CNC(=O)c1cc(Oc2ccc(NC(=O)Nc3cc(C(C)(C)C)nn3-c3ccc4ncccc4c3)c(F)c2)ccn1,1,0.23533930873193032,11.24390243902439,553.5980000000003,525.3740000000004,553.2237659760001,208.0,0.0,0.32443537274457424,-0.4571262927707632,0.4571262927707632,0.32443537274457424,123.06,41.0,7.342119776850926,6.048000000000005,154.30759999999972
CN1CCN(C2=Nc3cc(Cl)ccc3Nc3ccccc32)CC1,0,0.8001222420891722,17.652173913043477,326.83100000000013,307.6790000000001,326.129824288,118.0,0.0,0.1383215959494366,-0.35347061187973944,0.35347061187973944,0.1383215959494366,30.869999999999997,23.0,3.712831532251495,3.7227000000000023,96.44370000000004
O=C(N[C@H]1C[N@]2CC[C@@H]1CC2)c1ccc(Cl)cc1,0,0.887942119426665,30.166666666666668,264.756,247.61999999999995,264.102940844,96.0,0.0,0.2510494655206415,-0.3477363316128355,0.3477363316128355,0.2510494655206415,32.34,18.0,3.267773262082277,2.1639999999999997,71.87020000000004
CNC(=O)C1O[C@@H](n2cnc3c(NCc4cccc(I)c4)nc(Cl)nc32)[C@H](O)[C@@H]1O,0,0.27679674050364184,23.633333333333333,544.7370000000002,526.5930000000002,544.0122787360001,158.0,0.0,0.2513086733924597,-0.3869409415744779,0.3869409415744779,0.2513086733924597,134.42,30.0,6.064782971995375,1.061599999999999,116.80900000000001
CN1CCC(OC(c2ccccc2)c2ccccc2)CC1,1,0.8428209643790592,17.238095238095237,281.3990000000001,258.2149999999999,281.177964356,110.0,0.0,0.10790980986791947,-0.3654595127348702,0.3654595127348702,0.10790980986791947,12.47,21.0,4.685852142955063,3.8868000000000027,86.33100000000006
CC[C@@]1(O)C(=O)OCc2c1cc1n(c2=O)Cc2cc3c(CN(C)C)c(O)ccc3nc2-1,1,0.4865420212105028,19.322580645161292,421.4530000000002,398.2690000000002,421.163770836,160.0,0.0,0.3426763382231084,-0.5075981774496873,0.5075981774496873,0.3426763382231084,104.89,31.0,4.218881984518045,1.8468000000000002,113.58060000000002
O=C(O)C(O)C(O)C(O)C(O)C(O)CO,0,0.24027637505725433,21.466666666666665,226.181,212.06899999999996,226.068867408,90.0,0.0,0.33487662027029935,-0.4792513348258678,0.4792513348258678,0.33487662027029935,158.68,15.0,5.64875920408121,-4.132199999999999,44.75560000000002
CN(C)CCN(Cc1ccc(Cl)cc1)c1ccccn1,0,0.8132733995592482,10.8,289.81,269.6499999999999,289.13457532,106.0,0.0,0.12830415461202418,-0.3510107404667269,0.3510107404667269,0.12830415461202418,19.37,20.0,5.386427815963347,3.3032000000000012,85.29300000000006
NC(=O)C1CC[C@@H]2CN1C(=O)N2OS(=O)(=O)O,0,0.5954486838383565,28.647058823529413,265.247,254.159,265.03685607200003,96.0,0.0,0.4182094147863308,-0.3678808096846074,0.4182094147863308,0.3678808096846074,130.23999999999998,17.0,2.7151377367202794,-1.5252999999999983,52.57900000000001
Cc1c(N(C)C)c(=O)n(-c2ccccc2)n1C,0,0.7846896255721666,10.588235294117647,231.29900000000004,214.16299999999998,231.137162164,90.0,0.0,0.29471638684605356,-0.37168083212709435,0.37168083212709435,0.29471638684605356,30.17,17.0,2.7938128941830715,1.55042,70.07400000000003
Cc1sc2c(c1C)C(c1ccc(Cl)cc1)=N[C@@H](CC(N)=O)c1nnc(C)n1-2,1,0.7283927615335353,15.703703703703704,399.9070000000002,381.7630000000001,399.09205887600007,138.0,0.0,0.2195494440082942,-0.36959785590145433,0.36959785590145433,0.2195494440082942,86.16,27.0,4.358429649310658,3.6749600000000022,107.09040000000003
CCC1OC(=O)CC(O)C(C)C(OC2OC(C)C(O)C(N(C)C)C2O)C(CCN2CC(C)CC(C)C2)CC(C)C(=O)C=CC(C)=CC1COC1OC(C)C(O)C(OC)C1OC,1,0.20935844033534093,42.967213114754095,869.1470000000002,788.5070000000001,868.5660406200002,352.0,0.0,0.3082204405201889,-0.46158019876793244,0.46158019876793244,0.3082204405201889,186.14999999999995,61.0,20.275393060644376,3.341400000000009,229.21019999999913
CC(=O)CC(c1ccccc1)c1c(O)c2ccccc2oc1=O,0,0.7476258148419598,12.217391304347826,308.3330000000001,292.205,308.10485899199995,116.0,0.0,0.34336593617453076,-0.5065917727995054,0.5065917727995054,0.34336593617453076,67.50999999999999,23.0,3.977030049175682,3.609600000000003,87.73180000000005
NCCc1ccc(O)cc1,1,0.63560003918662,9.7,137.18199999999996,126.09399999999997,137.084063972,54.0,0.0,0.11509485320619212,-0.5079666452003015,0.5079666452003015,0.11509485320619212,46.25,10.0,2.2868543351395316,0.8934,40.86520000000002
COc1ccc(COc2cc3oc(=O)c4cc(C(C)O)ccc4c3cc2OC)cc1,1,0.37257723670930853,12.133333333333333,406.43400000000014,384.2580000000002,406.14163842399995,154.0,0.0,0.34369697731118415,-0.4967681832691336,0.4967681832691336,0.34369697731118415,78.13000000000001,30.0,5.332359482356188,4.595700000000004,114.50180000000002
CNC(C)C(=O)NC(C(=O)N1CCCC1C(=O)Nc1snnc1-c1ccccc1)C1CCCCC1,1,0.5154303025279506,20.285714285714285,498.6530000000003,464.38100000000026,498.24130994800004,188.0,0.0,0.24738132946288666,-0.34268160907825873,0.34268160907825873,0.24738132946288666,116.32000000000001,35.0,8.455981337403282,2.8076000000000008,135.7370999999999
O=C(Nc1ccc([N+](=O)[O-])cc1O)Nc1ccccc1Br,0,0.4449081789446347,9.952380952380953,352.144,342.06399999999996,350.98546790000006,108.0,0.0,0.3233228398263947,-0.5055045450240564,0.5055045450240564,0.3233228398263947,104.5,21.0,4.3861088462918065,3.7069,81.54460000000002
CC1(C)OCCn2c1nc1c(N3CCOCC3)nc(-c3cnc(N)nc3)nc12,0,0.6914404462909833,19.0,382.4280000000001,360.2520000000001,382.1865719440001,146.0,0.0,0.21944652784563465,-0.3777758575381284,0.3777758575381284,0.21944652784563465,117.1,28.0,3.9141793961870777,0.9674,102.77140000000003
COc1cc2nc(N(C)CCCNC(=O)C3CCCO3)nc(N)c2cc1OC,0,0.6509374244824966,16.178571428571427,389.4560000000002,362.2400000000001,389.20630434400005,152.0,0.0,0.24863271001346343,-0.4928420722519821,0.4928420722519821,0.24863271001346343,111.83,28.0,6.351283616623841,1.3507000000000002,106.92510000000004
CC1(C)CC(=O)c2c(C(F)(F)F)nn(-c3ccc(C(N)=O)c(NC4CCC(OC(=O)CN)CC4)c3)c2C1,1,0.49485850845046403,21.2972972972973,521.5400000000003,491.30000000000035,521.2249891,200.0,0.0,0.4354238566733915,-0.46142955261823865,0.46142955261823865,0.4354238566733915,142.33,37.0,7.062226415239144,3.3701000000000008,128.32950000000002
Clc1ccc(C(Cn2ccnc2)OCc2ccc(Sc3ccccc3)cc2)c(Cl)c1,0,0.2789962154102907,12.066666666666666,455.4100000000001,435.25000000000017,454.06733962,152.0,0.0,0.1022509807520647,-0.3669220122877275,0.3669220122877275,0.1022509807520647,27.05,30.0,7.131068520389751,7.299200000000004,123.22600000000001
Cc1c(O)c(=O)ccn1C,0,0.5649178764789872,9.8,139.154,130.082,139.063328528,54.0,0.0,0.22291045866670373,-0.5029222698413617,0.5029222698413617,0.22291045866670373,42.23,10.0,1.4910226149283239,0.39931999999999984,38.08480000000001
Cc1nc(Nc2[nH]nc3c2CN(C(=O)NC(CN(C)C)c2ccccc2)C3(C)C)c2sccc2n1,1,0.36706019326696254,15.428571428571429,490.6370000000002,460.39700000000033,490.22632858,182.0,0.0,0.31850249540930153,-0.3298533642458171,0.3298533642458171,0.31850249540930153,102.07,35.0,5.936580329990317,4.529620000000004,138.86009999999987
Nc1nc(Nc2ccc3c(c2)CCC(N2CCCC2)CC3)nn1-c1cc2c(nn1)-c1ccccc1CCC2,1,0.38071760532600396,19.210526315789473,506.6580000000003,472.3860000000003,506.2906430880001,194.0,0.0,0.2483990494022509,-0.36758737748334674,0.36758737748334674,0.2483990494022509,97.78,38.0,6.041230780263136,4.882000000000005,149.78409999999974
Cc1c(Cn2c(C)nc3c(C(=O)O)cc(N4CCOCC4)cc32)cccc1C(F)(F)F,0,0.6662614660830534,14.935483870967742,433.4300000000001,411.25400000000013,433.161326224,164.0,0.0,0.4161749443869302,-0.47758045331940924,0.47758045331940924,0.4161749443869302,67.59,31.0,5.383300679779751,4.255040000000003,109.74430000000004
CCc1c(Cl)c(O)c(Cl)c(O)c1C(=O)OC1C(C)OC(OCC2=CC=CCC(O)C(C)=CC(CC)C(OC3OC(C)(C)C(OC(=O)C(C)C)C(O)C3O)C(C)=CC(C)=CCC(C(C)O)OC2=O)C(OC)C1O,1,0.06551984787084271,31.5,1058.0520000000001,983.4599999999998,1056.4252208880002,404.0,0.0,0.3422817253616718,-0.5053229401295417,0.5053229401295417,0.3422817253616718,266.65999999999997,72.0,22.36788829282746,6.234400000000011,265.0970999999994
CCNC(=O)CCCC=CCC1C(O)CC(O)C1C=CC(O)CCc1ccccc1,0,0.3118436301825296,25.2,415.5740000000001,378.27800000000013,415.272258664,166.0,0.0,0.21949591561762746,-0.3927030328211237,0.3927030328211237,0.21949591561762746,89.79,30.0,10.840771146993074,3.1469000000000014,119.81210000000003
Clc1ccc(Nc2nnc(Cc3ccncc3)c3ccccc23)cc1,0,0.5638252652189537,10.76,346.8210000000001,331.70100000000014,346.09852416,122.0,0.0,0.1604851383577993,-0.3382145187913938,0.3382145187913938,0.1604851383577993,50.7,25.0,4.270676675733754,5.012600000000003,101.3157
CC1CCC(C(=O)N(c2cc(C#CC(C)(C)C)sc2C(=O)O)C2CCC(O)CC2)CC1,1,0.6160831814824016,26.612903225806452,445.62500000000034,410.34500000000025,445.22867959999996,170.0,0.0,0.3475805365428866,-0.4769922126235395,0.4769922126235395,0.3475805365428866,77.84,31.0,7.489568723026669,5.306700000000006,124.48210000000009
CCC(NC(=O)C(C)NC)C(=O)N1CC(O)CC1Cc1c(-c2[nH]c3cc(F)ccc3c2CC2CC(O)CN2C(=O)C(CC)NC(=O)C(C)NC)[nH]c2cc(F)ccc12,0,0.08986102395901277,21.689655172413794,806.956,750.5079999999998,806.4290879519999,314.0,0.0,0.24498682229203106,-0.3912018267122442,0.3912018267122442,0.24498682229203106,194.92,58.0,13.201793122314125,2.608400000000004,216.6517999999995
O=S(=O)(O)CCS,0,0.4146177358421434,11.714285714285714,142.201,136.153,141.975836052,44.0,0.0,0.26515922311205914,-0.28551918683736316,0.28551918683736316,0.26515922311205914,54.370000000000005,7.0,2.6328390307064673,-0.19599999999999984,30.268599999999996
Cc1ccc(Nc2nccc(N(C)c3ccc4c(C)n(C)nc4c3)n2)cc1S(N)(=O)=O,0,0.4921501033338167,11.64516129032258,437.52900000000017,414.34500000000014,437.16339397600007,160.0,0.0,0.2378871662978541,-0.3292362474958191,0.3292362474958191,0.2378871662978541,119.03,31.0,5.114487066825856,3.1390400000000005,121.38090000000004
O=C(O)C=C(CC(=O)O)C(=O)O,0,0.4976684796992808,10.833333333333334,174.108,168.05999999999997,174.01643791200001,66.0,0.0,0.3319225228038492,-0.48098286126400636,0.48098286126400636,0.3319225228038492,111.89999999999999,12.0,3.482318995664618,-0.44329999999999964,35.60739999999999
O=C(NCC(O)CO)c1ccncc1Nc1ccc(I)cc1F,0,0.5224357037363528,11.826086956521738,431.20500000000004,416.085,431.01421756,122.0,0.0,0.2530992626248908,-0.3936147042703583,0.3936147042703583,0.2530992626248908,94.48,23.0,6.248715252423524,1.6518999999999995,92.06250000000001
CC(C(=O)O)c1ccc(C(=O)c2cccs2)cc1,0,0.8589607719574609,12.055555555555555,260.31399999999996,248.21799999999996,260.050715244,92.0,0.0,0.3101853547252884,-0.48078850191754624,0.48078850191754624,0.3101853547252884,54.37,18.0,3.5757676675731185,3.167200000000001,70.24430000000002
CCC(=C(c1ccc(O)cc1)c1ccc(OCCN(C)C)cc1)c1ccccc1,1,0.5032041717093814,12.0,387.523,358.29100000000017,387.21982916800005,150.0,0.0,0.11890333123050131,-0.5079662448982517,0.5079662448982517,0.11890333123050131,32.7,29.0,7.093936865677828,5.701700000000005,121.24680000000004
CN1[C@@H]2C[C@@H](OC(=O)C(CO)c3ccccc3)C[C@H]1[C@@H]1O[C@@H]12,0,0.6618093940597772,37.45454545454545,303.358,282.18999999999994,303.147058152,118.0,0.0,0.3155498818388703,-0.46172004898840946,0.46172004898840946,0.3155498818388703,62.3,22.0,3.4381197561597308,0.9180999999999995,79.38280000000005
NC1CCC(N[C@@H]2C[C@H]2c2ccccc2)CC1,0,0.8365318909258564,36.76470588235294,230.355,208.17899999999995,230.17829870399999,92.0,0.0,0.014532221885576284,-0.3277096970384129,0.3277096970384129,0.014532221885576284,38.05,17.0,3.1675679589315777,2.402,70.95510000000004
CN(C)CCC=C1c2ccccc2C(C)(C)c2ccccc21,0,0.7913804844622985,15.409090909090908,291.438,266.23799999999994,291.1986998,114.0,0.0,0.015835406880077084,-0.30909168874702647,0.30909168874702647,0.015835406880077084,3.24,22.0,3.9235293880561075,4.709300000000004,95.26200000000006
CC(NC(=O)C(C#N)=Cc1cccc(Br)n1)c1ccccc1,1,0.5168910937051027,12.318181818181818,356.22300000000007,342.1110000000001,355.032024168,110.0,0.0,0.2619828337342704,-0.34489559370163925,0.34489559370163925,0.2619828337342704,65.78,22.0,5.450586115247469,3.6284800000000024,88.52670000000002
C=c1c(C(=O)NCCN(CC)CC)c(C)[nH]c1=Cc1c(O)[nH]c2ccc(F)cc12,1,0.490969191153604,12.241379310344827,398.4820000000001,371.26600000000013,398.211804324,154.0,0.0,0.2532512012260835,-0.49412958351364056,0.49412958351364056,0.2532512012260835,84.15,29.0,6.078006122364155,1.959819999999999,113.91140000000003
CN(CC=Cc1ccccc1)Cc1cccc2ccccc12,1,0.6390791725132271,11.545454545454545,287.406,266.23799999999994,287.167399672,110.0,0.0,0.023965807322469845,-0.29843152305816606,0.29843152305816606,0.023965807322469845,3.24,22.0,4.668490960490957,4.985000000000004,95.75800000000005
CCCCCCCCCCCCCCCCO,0,0.4009684425805356,10.941176470588236,242.44699999999992,208.17499999999995,242.26096570800001,104.0,0.0,0.04305240722888907,-0.3963765693422825,0.3963765693422825,0.04305240722888907,20.23,17.0,15.92244705882353,5.460000000000006,77.39780000000006
CNC1CCC(c2ccc(Cl)c(Cl)c2)c2ccccc21,1,0.8058613927728192,21.55,306.236,289.1,305.073804904,104.0,0.0,0.05947699779163679,-0.3129793397487151,0.3129793397487151,0.05947699779163679,12.03,20.0,4.0200959770717954,5.179600000000004,85.78170000000004
CN=C(N)NCCCC(N)C(=O)O,0,0.2434425424304268,13.846153846153847,188.23099999999997,172.10299999999995,188.127325752,76.0,0.0,0.31996851078194466,-0.48008644077399965,0.48008644077399965,0.31996851078194466,113.73,13.0,5.6177487754975495,-1.287399999999998,50.39430000000001
Nc1ccn(CC(CO)OCP(=O)(O)O)c(=O)n1,0,0.45197128428898714,13.5,279.18899999999996,265.07699999999994,279.06202179800005,102.0,0.0,0.35049595660518407,-0.39360351967442003,0.39360351967442003,0.35049595660518407,147.89999999999998,18.0,4.9981716934717,-1.6618000000000002,61.77930000000002
O=C(NOCCO)c1cc(CN2OCCCC2=O)c(F)c(F)c1Nc1ccc(I)cc1F,0,0.25863604614029134,13.90625,565.2860000000001,546.1340000000001,565.032153368,172.0,0.0,0.2765736647962836,-0.393874382484,0.393874382484,0.2765736647962836,100.13,32.0,8.281690739533882,3.1598000000000015,114.99770000000001
C#CC1(O)CCC2C3CC=C4CC(=O)CCC4C3CCC21C,0,0.5488608808787979,50.40909090909091,298.42600000000004,272.21799999999996,298.193280072,118.0,0.0,0.13646102229013599,-0.37703386825031315,0.37703386825031315,0.13646102229013599,37.3,22.0,3.1096783273792834,3.4925000000000024,85.87580000000005
COc1ccc2c(c[n+](C)c3c4cc5c(cc4ccc23)OCO5)c1OC,1,0.4089405268923715,12.884615384615385,348.37800000000016,330.2340000000001,348.1230344760899,130.0,0.0,0.23080128362485755,-0.49284077472933396,0.49284077472933396,0.23080128362485755,40.8,26.0,3.1272419057497465,3.7166000000000032,99.36300000000006
O=C(NC1CCNCC1)c1[nH]ncc1NC(=O)c1c(Cl)cccc1Cl,1,0.652926389014013,14.96,382.2510000000001,365.115,381.075930144,132.0,0.0,0.2711839132475477,-0.34782351915192644,0.34782351915192644,0.2711839132475477,98.91,25.0,5.572795752908022,2.4505999999999997,96.36080000000001
CO[C@]12C[C@@H](COC(=O)c3cncc(Br)c3)CN(C)[C@@H]1Cc1cn(C)c3cccc2c13,0,0.5260919891622707,25.419354838709676,484.39400000000023,458.1860000000003,483.115753792,162.0,0.0,0.3392494595096409,-0.4617061170136972,0.4617061170136972,0.3392494595096409,56.59,31.0,5.151618258631412,3.9109000000000034,122.05450000000005
COc1ccc2[nH]cc(CCN)c2c1,0,0.7732205992409944,10.714285714285714,190.24599999999995,176.134,190.110613068,74.0,0.0,0.11912099061561751,-0.49674296807684776,0.49674296807684776,0.11912099061561751,51.04,14.0,2.4134030774634314,1.6777,57.60910000000002
NC(=O)c1nc(F)c[nH]c1=O,1,0.5479351096397597,9.545454545454545,157.10399999999998,153.072,157.028754588,58.0,0.0,0.2792838436398724,-0.364077375455465,0.364077375455465,0.2792838436398724,88.84,11.0,1.6711558652861243,-0.9921000000000002,33.333600000000004
CCC1(c2ccccc2)C(=O)NCNC1=O,1,0.7116448391760646,18.8125,218.25599999999994,204.14399999999998,218.105527688,84.0,0.0,0.24107687820318058,-0.33746571961989924,0.33746571961989924,0.24107687820318058,58.2,16.0,2.642653200324787,0.5378999999999999,59.56340000000003
CCN(CC)CCOCCOC(=O)C(CC)(CC)c1ccccc1,0,0.4316682193596918,11.708333333333334,335.48799999999994,302.224,335.246043916,136.0,0.0,0.31611640016968723,-0.4625657135752704,0.4625657135752704,0.31611640016968723,38.77,24.0,9.65100997599542,3.6460000000000026,98.26800000000007
OCCc1ccc(O)c(O)c1,0,0.5474482257756463,9.909090909090908,154.165,144.08499999999998,154.06299418,60.0,0.0,0.1571636678410721,-0.5042598930740604,0.5042598930740604,0.1571636678410721,60.69,11.0,2.3315755588712346,0.6325999999999998,40.56140000000002
OC1OC[C@H](O)[C@H](O)[C@H]1O,0,0.3042503204978373,49.2,150.13,140.04999999999998,150.05282342,60.0,0.0,0.1831150062338084,-0.3878997004049285,0.3878997004049285,0.1831150062338084,90.15,10.0,2.2215340457544075,-2.5823000000000005,29.979199999999988
CC1OC(OC2C(CO)OC(OC3C(CO)OC(O)C(O)C3O)C(O)C2O)C(O)C(O)C1NC1C=C(CO)C(O)C(O)C1O,0,0.10348325925697466,52.04545454545455,645.6080000000003,602.2640000000004,645.2480135359999,256.0,0.0,0.18673275214001372,-0.39356631867576586,0.39356631867576586,0.18673275214001372,321.17,44.0,12.064258427425102,-8.564500000000002,137.73510000000005
O=C1C(c2[nH]c3ccccc3c2O)=Nc2ccccc21,0,0.7069105349976617,13.6,262.26800000000003,252.18799999999996,262.07422756,96.0,0.0,0.21532563997148801,-0.5049680851923583,0.5049680851923583,0.21532563997148801,65.45,20.0,2.0909195824556424,3.1906000000000008,76.933
COc1cc2c(Nc3ccc(NC(=O)c4ccccc4)cc3)ncnc2cc1OCCCN1CCOCC1,0,0.29375053120889083,13.710526315789474,513.5980000000004,482.3500000000003,513.237604472,196.0,0.0,0.2551576401155064,-0.49284175653840157,0.49284175653840157,0.2551576401155064,97.84,38.0,8.271119492916103,4.735400000000003,147.58089999999976
CC(C)CC(C(=O)NC(C(=O)OC1CCCC1)c1ccccc1)C(O)C(O)=NO,1,0.16407875465160832,18.275862068965516,406.479,376.23900000000015,406.21038667999994,160.0,0.0,0.3331223083915479,-0.4923864799882554,0.4923864799882554,0.3331223083915479,128.45000000000002,29.0,8.448081613499978,2.6986000000000003,106.47580000000008
Cc1ccc(C(=O)Nc2ccc(CN3CCN(C)CC3)c(C(F)(F)F)c2)cc1C#Cc1cnc2cccnn12,0,0.3935993292770261,14.692307692307692,532.5700000000002,505.35400000000027,532.219844144,200.0,0.0,0.4162995001451381,-0.321981862685153,0.4162995001451381,0.321981862685153,65.77000000000001,39.0,7.3704379979754595,4.456020000000003,142.31719999999984
CCOc1cc(C(CS(C)(=O)=O)N2C(=O)c3cccc(NC(C)=O)c3C2=O)ccc1OC,0,0.6010508245322796,14.1875,460.5080000000002,436.31600000000026,460.13042210799995,170.0,0.0,0.2637785363954514,-0.49286964528196997,0.49286964528196997,0.2637785363954514,119.08,32.0,6.538707164057676,2.4342000000000006,117.86050000000004
CCCc1nc(C(C)(C)O)c(C(=O)O)n1Cc1ccc(-c2ccccc2-c2nn[nH]n2)cc1,0,0.37650074004889345,11.636363636363637,446.5110000000001,420.3030000000002,446.2066386920001,170.0,0.0,0.35411169002427834,-0.4765101443862465,0.4765101443862465,0.35411169002427834,129.81,33.0,6.06100925528944,3.656600000000002,122.57780000000001
CC#CC(=O)N1CCC[C@H]1c1nc(-c2ccc(C(=O)Nc3ccccn3)cc2)c2c(N)nccn12,0,0.44655122021395893,15.0,465.5170000000001,442.33300000000025,465.1913229760001,174.0,0.0,0.29857182275815597,-0.38188810382174065,0.38188810382174065,0.29857182275815597,118.50999999999999,35.0,5.852709891943512,3.3126000000000015,132.16359999999997
C[N+]1(C)CCC(OC(=O)C(O)(c2ccccc2)C2CCCC2)C1,0,0.6850778093160973,26.82608695652174,318.43700000000024,290.21299999999997,318.20637017609,126.0,0.0,0.34312721630394766,-0.4537194427083685,0.4537194427083685,0.34312721630394766,46.53,23.0,4.474867413138902,2.4562999999999997,88.63620000000006
NCC1OC(OC2C(CO)OC(OC3C(O)C(N)CC(N)C3OC3OC(CO)C(O)C(O)C3N)C2O)C(N)C(O)C1O,0,0.11437508455025176,53.785714285714285,615.6340000000004,570.2740000000003,615.29630112,246.0,0.0,0.1867434111937167,-0.3935665288292475,0.3935665288292475,0.1867434111937167,347.32,42.0,11.471769061726496,-8.861700000000015,136.38740000000004
NCc1ccc(S(N)(=O)=O)cc1,0,0.6698196794692757,11.5,186.236,176.15599999999998,186.04629856,66.0,0.0,0.23754545165463073,-0.32649749556478225,0.32649749556478225,0.23754545165463073,86.18,12.0,2.4636351102103977,-0.20729999999999998,45.70660000000001
Cc1cccc(C)c1NC(=O)CN1CCCC1=O,0,0.8846848475123535,15.0,246.30999999999995,228.16599999999997,246.136827816,96.0,0.0,0.24351157189285796,-0.33336568649161263,0.33336568649161263,0.24351157189285796,49.410000000000004,18.0,3.648921622742632,1.8643399999999999,70.35970000000003
CC12CC=C3C4=C(CCC3C1CCC2(O)CC#N)CC(=O)CC4,0,0.8001121130289811,42.47826086956522,311.42500000000007,286.225,311.18852904,122.0,0.0,0.13678090138315085,-0.38822392194883065,0.38822392194883065,0.13678090138315085,61.089999999999996,23.0,3.3233733495563342,3.8371800000000027,87.31880000000004
O=C(NOCCO)c1ccc2cncn2c1Nc1ccc(I)cc1F,0,0.30160129068039676,10.84,456.2150000000001,442.10300000000007,456.00946652799996,130.0,0.0,0.27804570078828805,-0.39387438248393514,0.39387438248393514,0.27804570078828805,87.89,25.0,5.457613850528322,2.4753000000000007,98.09570000000002
COc1cc(C(=O)O)ccc1O,0,0.6933988517563217,9.416666666666666,168.148,160.08399999999997,168.042258736,64.0,0.0,0.3353226528876391,-0.5042542960594021,0.5042542960594021,0.3353226528876391,66.76,12.0,2.18521978863739,1.0989999999999998,41.61810000000002
C[C@@H]1COCCN1c1cc(C2([S@](C)(=N)=O)CC2)nc(-c2ccnc3[nH]ccc23)n1,0,0.6821330916984781,23.103448275862068,412.51900000000006,388.32700000000017,412.16814500800007,152.0,0.0,0.16211426415654123,-0.37748798577556314,0.37748798577556314,0.16211426415654123,107.85000000000001,29.0,4.145586039706196,2.9106700000000005,112.44480000000003
Cc1cc2c(cc1S(N)(=O)=O)S(=O)(=O)CCC2,0,0.8003885936637201,18.705882352941178,275.35100000000006,262.24699999999996,275.02859989600006,94.0,0.0,0.2378535688042862,-0.22461896644567717,0.2378535688042862,0.22461896644567717,94.30000000000001,17.0,2.795609564426298,0.36232000000000025,62.92600000000002
O=P(O)(O)O,0,0.34189065943069985,11.8,97.99399999999999,94.97,97.97689520600001,32.0,0.0,0.46647404666265296,-0.3027630822072765,0.46647404666265296,0.3027630822072765,77.76,5.0,1.088256012439697,-0.9286000000000001,14.262899999999998
O=c1ccc2ccccc2o1,0,0.530221668211064,10.181818181818182,146.14499999999998,140.09699999999998,146.036779432,54.0,0.0,0.3356903161643383,-0.4227294736611369,0.4227294736611369,0.3356903161643383,30.21,11.0,1.2516360978386867,1.793,42.484000000000016
CC(=O)SCC(Cc1ccccc1)C(=O)NCC(=O)OCc1ccccc1,0,0.6720580391598658,11.444444444444445,385.4850000000002,362.30100000000016,385.13477921599997,142.0,0.0,0.32524283680014615,-0.45950340946396656,0.45950340946396656,0.32524283680014615,72.47,27.0,8.578517023371498,2.9846000000000013,106.02270000000001
Nc1ncnc2c1ncn2C(C=O)OC(C=O)CO,1,0.6142899241146795,14.157894736842104,265.229,254.14099999999996,265.081103832,100.0,0.0,0.19334187408058215,-0.3932010076123815,0.3932010076123815,0.19334187408058215,133.22,19.0,3.7790551790046023,-1.3176,62.859200000000016
On1ccccc1=S,1,0.4212788259507954,9.0,127.168,122.12799999999999,127.00918478,42.0,0.0,0.14181812810543062,-0.42762176703122706,0.42762176703122706,0.14181812810543062,25.16,8.0,1.3016336403410733,1.45489,32.4505
CC(C)(Oc1ccc(CCNC(=O)c2ccc(Cl)cc2)cc1)C(=O)O,0,0.7902868665254312,11.0,361.82500000000005,341.66500000000013,361.1080857999999,132.0,0.0,0.34695272602597066,-0.4783043138373701,0.4783043138373701,0.34695272602597066,75.63,25.0,6.040282885364106,3.554500000000001,96.27400000000006
CC(=O)O[C@H]1CC[C@@]2(C)C(=CC[C@@H]3[C@@H]2CC[C@]2(C)C(=O)CC[C@@H]32)C1,0,0.5268094332325616,47.291666666666664,330.46800000000013,300.228,330.21949481999997,132.0,0.0,0.3024105458415588,-0.46222359110789946,0.46222359110789946,0.3024105458415588,43.370000000000005,24.0,3.706003541902342,4.450000000000005,92.26400000000005
C#C[C@]1(O)CC[C@H]2[C@@H]3CCc4cc(OC5CCCC5)ccc4[C@H]3CC[C@@]21C,0,0.7283713862390043,40.7037037037037,364.52900000000017,332.2730000000001,364.240230264,144.0,0.0,0.1303358784852834,-0.4904337316080091,0.4904337316080091,0.1303358784852834,29.46,27.0,4.098453207884892,5.228400000000006,107.72580000000006
Nc1ncnc2c1ncn2[C@@H]1O[C@H](COP(=O)(O)OP(=O)(O)OP(=O)(O)O)[C@@H](O)[C@H]1O,0,0.19742203378388068,28.451612903225808,507.1820000000001,491.0540000000002,506.9957454619998,174.0,0.0,0.4895429757303668,-0.3874194759592037,0.4895429757303668,0.3874194759592037,279.13,31.0,6.684228381577875,-1.629000000000001,95.4757
Cc1[nH]nc(C(F)(F)F)c1Cc1sc2c(c1C(=O)N1C[C@](C)(O)CO1)c(=O)n(C)c(=O)n2C(C)C,0,0.5490491036381246,18.857142857142858,515.5140000000004,491.32200000000034,515.145024528,190.0,0.0,0.43495196460876934,-0.38570126017909084,0.43495196460876934,0.38570126017909084,122.45000000000002,35.0,5.967047152251075,2.12212,120.45600000000006
O=C(C(O)CO)C(O)C(O)CO,0,0.3010920615511568,18.416666666666668,180.156,168.05999999999997,180.063388104,72.0,0.0,0.19420416711897814,-0.3935651585743821,0.3935651585743821,0.19420416711897814,118.22000000000001,12.0,4.946449961488837,-3.3772000000000006,37.199
CCS(=O)(=O)c1cccc(-c2cc(C(=O)NC3CCN(C)CC3)c(C)c3[nH]c4ncc(C)cc4c23)c1,1,0.41364877476268236,15.555555555555555,504.6560000000004,472.4000000000003,504.21951188400004,188.0,0.0,0.2513653863894082,-0.349200160633496,0.349200160633496,0.2513653863894082,95.16000000000001,36.0,6.342427761136759,4.617540000000004,144.22169999999986
COc1cc(NC(=O)Nc2cccc(CNC(=O)OC3CCOC3)c2)ccc1-c1cnco1,0,0.4947373090421914,15.0,452.46700000000027,428.27500000000026,452.169584488,172.0,0.0,0.40725930392979554,-0.49590893771057204,0.49590893771057204,0.40725930392979554,123.95000000000002,33.0,7.055667722804632,4.009300000000002,120.1191
CC(C)(C)NCC(O)c1cc(O)cc(O)c1,0,0.6290731330689312,13.75,225.288,206.13599999999997,225.136493468,90.0,0.0,0.1191376704562674,-0.5078109740560278,0.5078109740560278,0.1191376704562674,72.72,16.0,3.7771350095904497,1.5192999999999997,62.48710000000004
CC(OC1OCCN(Cc2nc(=O)n(P(=O)(O)O)[nH]2)C1c1ccc(F)cc1)c1cc(C(F)(F)F)cc(C(F)(F)F)c1,0,0.2645675860464442,19.853658536585368,614.4110000000002,592.2350000000004,614.116518594,224.0,0.0,0.4521655283893526,-0.349264174120069,0.4521655283893526,0.349264174120069,129.91,41.0,8.50969378515466,4.366300000000004,125.52680000000001
CC(=O)NCC1CN(c2ccc(-c3ccc(CNCc4c[nH]nn4)cc3)c(F)c2)C(=O)O1,1,0.49784442331567313,15.625,438.46300000000014,415.27900000000017,438.18156681600004,166.0,0.0,0.4143164961399707,-0.4420459969125054,0.4420459969125054,0.4143164961399707,112.24000000000002,32.0,6.408320262301174,2.3618999999999994,115.06110000000004
CCCCCCCCCCCCCCCC(=O)NCCO,1,0.40993027371083635,10.761904761904763,299.499,262.203,299.282429424,126.0,0.0,0.2195741026096101,-0.3945442079582396,0.3945442079582396,0.2195741026096101,49.33,21.0,17.00696984780531,4.576200000000004,90.40750000000007
Nc1ccc(C(=O)O)c(O)c1,0,0.5176060263674482,9.454545454545455,153.137,146.08099999999996,153.042593084,58.0,0.0,0.338971812870833,-0.5069720908890246,0.5069720908890246,0.338971812870833,83.55000000000001,11.0,1.6774913416809425,0.6726000000000001,39.478500000000004
CCOC(=O)NC1CCC2C(C1)CC1C(=O)OC(C)C1C2C=Cc1ccc(-c2cccc(F)c2)cn1,0,0.5476460146101547,31.416666666666668,492.5910000000001,459.3270000000003,492.242435756,190.0,0.0,0.4068320499055554,-0.4620973727306334,0.4620973727306334,0.4068320499055554,77.52,36.0,7.076855247668307,5.6295000000000055,134.08269999999996
O=C1CCC(N2C(=O)c3ccccc3C2=O)C(=O)N1,0,0.7233587999857974,22.526315789473685,258.23299999999995,248.15299999999996,258.0640568,96.0,0.0,0.2617990793734749,-0.2946356316273462,0.2946356316273462,0.2617990793734749,83.55000000000001,19.0,2.445841250911922,0.08779999999999993,63.113700000000016
O=S(=O)(c1ccccc1)c1cnc2c(N3CCNCC3)cccc2c1,0,0.7837443172696565,15.44,353.44700000000006,334.29500000000013,353.119797848,128.0,0.0,0.2076330303827458,-0.3672253469689523,0.3672253469689523,0.2076330303827458,62.300000000000004,25.0,4.14780862810511,2.4772000000000007,98.71950000000004
CC(C)CN(CC(OP(=O)(O)O)C(Cc1ccccc1)NC(=O)OC1CCOC1)S(=O)(=O)c1ccc(N)cc1,0,0.20168648332543115,17.743589743589745,585.6160000000002,549.3280000000002,585.1909873619999,216.0,0.0,0.46946953294054083,-0.44369151164621995,0.46946953294054083,0.44369151164621995,177.72,39.0,10.906574525987768,2.5198,144.1429999999999
COc1cc(C=O)ccc1O,0,0.6477438574453785,9.181818181818182,152.14899999999997,144.08499999999998,152.047344116,58.0,0.0,0.16068932365262117,-0.5042543227773111,0.5042543227773111,0.16068932365262117,46.53,11.0,2.1081569077654403,1.2132999999999998,40.046300000000016
CCOc1ccccc1OC(c1ccccc1)C1CNCCO1,0,0.8888730494256725,19.08695652173913,313.39700000000005,290.213,313.167793596,122.0,0.0,0.1617636924696409,-0.4899907720236466,0.4899907720236466,0.1617636924696409,39.72,23.0,5.505469153073378,3.1938000000000004,90.03170000000006
COc1cc(C=Cc2ccc(O)cc2)cc(OC)c1,0,0.8496677559492319,10.631578947368421,256.301,240.17299999999994,256.10994437200003,98.0,0.0,0.12265277439426399,-0.5079662507800027,0.5079662507800027,0.12265277439426399,38.69,19.0,4.082469889365068,3.5798000000000023,76.58080000000004
O=C(NCc1ccc(Oc2ccccc2)cc1)c1nc(-c2cc(Br)c(O)c(Br)c2)no1,0,0.32343791735730887,10.64516129032258,545.1870000000001,530.0670000000001,542.94293016,156.0,0.0,0.31576669808881264,-0.5055807820726046,0.5055807820726046,0.31576669808881264,97.48,31.0,6.335375373491582,5.689500000000003,120.92700000000002
C[C@@H]1CC[C@@]2(NC1)O[C@H]1C[C@H]3[C@@H]4CC=C5C[C@@H](O[C@@H]6O[C@H](CO)[C@H](O)[C@H](O[C@@H]7O[C@H](CO)[C@@H](O)[C@H](O)[C@H]7O)[C@H]6O[C@@H]6O[C@@H](C)[C@H](O)[C@@H](O)[C@H]6O)CC[C@]5(C)[C@H]4CC[C@]3(C)[C@H]1[C@@H]2C,0,0.14154743306960962,57.645161290322584,884.07,810.4859999999999,883.4929352559999,354.0,0.0,0.1868915753544335,-0.3935665150908041,0.3935665150908041,0.1868915753544335,258.71,62.0,12.882371357950104,-0.2128999999999921,216.23989999999927
CN(c1ncccc1CNc1nc(Nc2ccc3[nH]c(O)cc3c2)ncc1C(F)(F)F)S(C)(=O)=O,1,0.29639472225951236,12.028571428571428,507.49800000000016,487.3380000000002,507.1300431599999,184.0,0.0,0.42094638186019195,-0.49455284479791384,0.49455284479791384,0.42094638186019195,136.13,35.0,6.148333069353884,3.828800000000001,125.09070000000001
Nc1ncnc2c1ncn2C1OC(CO)C(O)C1O,0,0.49051986767922323,31.105263157894736,267.245,254.14099999999996,267.096753896,102.0,0.0,0.167138505935341,-0.3935668539266413,0.3935668539266413,0.167138505935341,139.54000000000002,19.0,2.8233208168050106,-1.9800000000000006,62.744800000000026
Cc1cccn2c(=O)c(-c3nn[nH]n3)cnc12,0,0.6415062679916462,10.882352941176471,228.21500000000003,220.15099999999998,228.075958876,84.0,0.0,0.26859692135246716,-0.2680425156976256,0.26859692135246716,0.2680425156976256,88.83,17.0,1.9718126305705619,0.1830199999999999,59.3707
CC(O)(COc1ccc(C#N)cc1)C(=O)Nc1ccc(C#N)c(C(F)(F)F)c1,0,0.8167632554543229,12.964285714285714,389.3330000000001,375.22100000000006,389.09872596800005,144.0,0.0,0.4172610941987065,-0.49003380973027866,0.49003380973027866,0.4172610941987065,106.13999999999999,28.0,5.919168804633786,3.2172600000000013,92.06450000000002
C[S+](CCC(N)C(=O)O)C[C@H]1O[C@@H](n2cnc3c(N)ncnc32)[C@H](O)[C@@H]1O,0,0.32886012487301036,27.703703703703702,399.45300000000015,376.2690000000001,399.14451525609,148.0,0.0,0.32015845878677224,-0.48008413002097,0.48008413002097,0.32015845878677224,182.63,27.0,5.812639300663773,-1.9221999999999972,98.91020000000003
C[C@H]1CN(CC(Cc2ccccc2)C(=O)NCC(=O)O)CC[C@@]1(C)c1cccc(O)c1,0,0.6060542279978058,22.580645161290324,424.5410000000002,392.28500000000025,424.236207504,166.0,0.0,0.32246945822751744,-0.5079560094254141,0.5079560094254141,0.32246945822751744,89.87,31.0,7.334260279811855,3.051400000000001,119.96130000000004
CCN(CC)CC(=O)Nc1c(C)cccc1C,0,0.8489671904749567,10.647058823529411,234.343,212.16699999999994,234.173213324,94.0,0.0,0.23806613187559778,-0.324484604945174,0.324484604945174,0.23806613187559778,32.34,17.0,5.163864068837512,2.5837400000000006,72.33370000000005
O=c1c(O)c(-c2ccc(O)c(O)c2)oc2cc(O)ccc12,1,0.5106223467843569,10.857142857142858,286.23900000000003,276.159,286.04773804,106.0,0.0,0.23453373936363892,-0.5078219802085129,0.5078219802085129,0.23453373936363892,111.13000000000001,21.0,2.7242428235173124,2.282400000000001,74.5792
CC#CC(=O)Nc1ccc2ncnc(Nc3cccc(Br)c3)c2c1,0,0.6708460552127994,9.916666666666666,381.23300000000006,368.129,380.027273136,118.0,0.0,0.29976267890678376,-0.3395819763659354,0.3395819763659354,0.29976267890678376,66.91,24.0,4.729657638995797,4.0977000000000015,99.04240000000003
CCCCCCCCCCCCCCCCCCCC(=O)O,0,0.27365454118648247,10.954545454545455,312.53799999999995,272.21799999999996,312.30283052,132.0,0.0,0.3028395565321837,-0.481230389785217,0.481230389785217,0.3028395565321837,37.3,22.0,18.072715999022957,7.112700000000007,96.41580000000009
O=C1C(c2[nH]c3ccc(S(=O)(=O)O)cc3c2O)=Nc2ccc(S(=O)(=O)O)cc21,0,0.46109988139389846,14.357142857142858,422.39600000000013,412.31600000000014,421.98785727999996,144.0,0.0,0.29403750268722467,-0.5049673317270023,0.5049673317270023,0.29403750268722467,174.19,28.0,3.739027928079683,1.6840000000000002,96.56220000000002
CN1CCN(c2nc(C3=C(c4c[nH]c5ccccc45)C(=O)NC3=O)c3ccccc3n2)CC1,0,0.4774001293705332,17.424242424242426,438.49100000000027,416.3150000000002,438.180423944,164.0,0.0,0.2606756103802796,-0.3605392102164651,0.3605392102164651,0.2606756103802796,94.21999999999998,33.0,4.4777747871989195,2.4301000000000004,127.51040000000005
NC(=O)c1cnc(N[C@@H]2CCCC[C@H]2N)nc1Nc1cccc(-n2nccn2)c1,1,0.4928810367052451,18.93103448275862,393.45500000000004,370.2710000000002,393.20255635600006,150.0,0.0,0.25354682294419667,-0.36543132429411157,0.36543132429411157,0.25354682294419667,149.65999999999997,29.0,5.339710247536904,1.5815999999999988,109.0457
COc1ccc2c3c1O[C@H]1C[C@@H](O)C=C[C@@]31CCN(C)C2,0,0.800524269010138,33.857142857142854,287.35900000000004,266.191,287.152143532,112.0,0.0,0.16567612995157352,-0.49285727245768285,0.49285727245768285,0.16567612995157352,41.93,21.0,2.8118916295884913,1.8503,79.80280000000003
CN(C)CCCOc1ccc(-c2ccc3ncc4c(c3c2)n(C2CCOCC2)c(=O)n4C)cn1,1,0.3914520031571711,14.941176470588236,461.5660000000003,430.3180000000002,461.242689852,178.0,0.0,0.3286668852412985,-0.47761112544033857,0.47761112544033857,0.3286668852412985,74.41,34.0,6.342217019681676,3.6322000000000028,133.46699999999998
CC(=O)c1cc([N+](=O)[O-])c(Sc2cccc(Cl)c2Cl)s1,0,0.42634470258561374,10.55,348.2320000000001,341.17600000000004,346.924440444,104.0,0.0,0.2942854498549936,-0.2936000224252804,0.2942854498549936,0.2936000224252804,60.209999999999994,20.0,4.696027423059668,5.316900000000001,81.56290000000003
CC(O)C1C(=O)N2C(C(=O)O)=C(SC3CNC(CNS(N)(=O)=O)C3)C(C)C12,0,0.30750790687326207,34.592592592592595,420.5130000000002,396.32100000000014,420.11372648799994,152.0,0.0,0.3529624511486385,-0.4765391372053746,0.4765391372053746,0.3529624511486385,162.06,27.0,5.5824176059251,-1.6030999999999969,98.52720000000002
OCCN1CCN(CCCN2c3ccccc3Sc3ccc(Cl)cc32)CC1,0,0.7886610933771963,17.62962962962963,403.9790000000002,377.7710000000002,403.14851113199995,144.0,0.0,0.05673003116307829,-0.3950445544207227,0.3950445544207227,0.05673003116307829,29.950000000000003,27.0,6.25253848186636,3.942700000000003,113.60580000000004
CO[C@H]1/C=C/O[C@@]2(C)Oc3c(C)c(O)c4c(O)c(c5c(nc6cc(C)ccn65)c4c3C2=O)NC(=O)C(C)=CC=CC(C)[C@H](O)[C@@H](C)[C@H](O)[C@@H](C)[C@H](OC(C)=O)[C@@H]1C,0,0.11485548301223952,29.36842105263158,785.8910000000003,734.4830000000001,785.3523594520001,304.0,0.0,0.3121080538118205,-0.5067367388149195,0.5067367388149195,0.3121080538118205,198.37999999999997,57.0,11.191154020560193,6.157840000000009,213.1433999999995
CC(C)=CCC/C(C)=C/CC/C(C)=C/CC/C=C(\C)CC/C=C(\C)CCC=C(C)C,0,0.18587042896018607,13.466666666666667,410.73000000000025,360.33000000000015,410.3912516,170.0,0.0,-0.0288251916899103,-0.08557122401572562,0.08557122401572562,0.0288251916899103,0.0,30.0,17.280394579951075,10.60499999999999,140.05999999999995
NCCc1ccc(O)c(O)c1,0,0.544872838506118,9.909090909090908,153.18099999999998,142.09299999999996,153.078978592,60.0,0.0,0.15716301740946284,-0.5042598931005379,0.5042598931005379,0.15716301740946284,66.48,11.0,2.3315755588712346,0.5989999999999998,42.53000000000002
CC(=O)Oc1ccc(C(c2ccc(OC(C)=O)cc2)c2ccccn2)cc1,0,0.5053017377899989,10.481481481481481,361.39700000000005,342.2450000000001,361.13140808800006,136.0,0.0,0.3075239402287338,-0.4267335757907449,0.4267335757907449,0.3075239402287338,65.49000000000001,27.0,5.6148447589454475,4.112400000000003,100.68400000000003
O=C(C=Cc1ccc(O)cc1)c1ccc(O)cc1O,0,0.5825029725741742,10.736842105263158,256.257,244.16099999999994,256.073558864,96.0,0.0,0.18907488027384378,-0.507966250779788,0.507966250779788,0.18907488027384378,77.76,19.0,3.519956848116904,2.699500000000001,71.24290000000002
CCn1c(=O)c2c(nc(C=Cc3ccc(OC)c(OC)c3)n2C)n(CC)c1=O,0,0.6503791123748318,11.464285714285714,384.4360000000002,360.2440000000001,384.17975524800005,148.0,0.0,0.3322144673911563,-0.4928695648977144,0.4928695648977144,0.3322144673911563,80.28,28.0,5.392573761713037,2.1241000000000003,109.05600000000007
O=[N+]([O-])c1cn2c(n1)OC[C@@H](OCc1ccc(-c3ccc(OC(F)(F)F)cc3)nc1)C2,0,0.42863383222645307,15.774193548387096,436.34600000000006,421.2260000000001,436.09945424000006,162.0,0.0,0.5725963034673405,-0.4429786258203241,0.5725963034673405,0.4429786258203241,101.54,31.0,5.462414295568367,3.729700000000003,99.30940000000002
CC(C)(Oc1ccc(Cl)cc1)C(=O)O,0,0.8414278696289341,11.071428571428571,214.648,203.55999999999997,214.039671892,76.0,0.0,0.34695272609642047,-0.47830431383727967,0.47830431383727967,0.34695272609642047,46.53,14.0,3.010393916620088,2.582,53.79480000000002
CO[C@H]1O[C@@H]2OC3(C)CC[C@H]4[C@H](C)CC[C@@H]([C@H]1C)[C@@]24OO3,0,0.6966147525766675,59.42857142857143,298.379,272.171,298.178023932,120.0,0.0,0.20128179653039752,-0.3554747239200555,0.3554747239200555,0.20128179653039752,46.150000000000006,21.0,3.186676254559999,2.8408000000000015,73.83700000000006
NC(=O)CN1CC(c2ccccc2)CC1=O,0,0.8019987769993526,20.125,218.25599999999997,204.14399999999998,218.105527688,84.0,0.0,0.23654775816237503,-0.36813401580553984,0.36813401580553984,0.23654775816237503,63.400000000000006,16.0,2.898333516642959,0.48779999999999957,59.574400000000026
Cn1cc(C2=C(c3cn(C4CCN(Cc5ccccn5)CC4)c4ccccc34)C(=O)NC2=O)c2ccccc21,1,0.33702675333273463,17.05128205128205,515.6170000000003,486.3850000000004,515.2321251679999,194.0,0.0,0.2591391641445166,-0.34990230046248494,0.34990230046248494,0.2591391641445166,72.16,39.0,5.667892888062707,4.932300000000004,152.60569999999973
Cc1cccc(/C=N/Nc2cc(N3CCOCC3)nc(OCCc3ccccn3)n2)c1,0,0.4444379349509827,14.03225806451613,418.50100000000015,392.2930000000002,418.21172407200004,160.0,0.0,0.319908137748239,-0.4629473595618514,0.4629473595618514,0.319908137748239,84.76,31.0,7.019349892813614,3.0841200000000013,120.89570000000003
COc1ccc(O)cc1,1,0.6127725486570803,9.0,124.13899999999997,116.07499999999997,124.052429496,48.0,0.0,0.11862884646960266,-0.5079622349506875,0.5079622349506875,0.11862884646960266,29.46,9.0,1.5831674610154005,1.4008,34.6588
CN(C)C1C(=O)C(C(N)=O)C(=O)C2(O)C(=O)C3C(=O)c4c(O)cccc4C(C)(O)C3CC12,1,0.39689354142215827,38.875,444.44000000000017,420.2480000000003,444.15326572799995,170.0,0.0,0.2352863046706119,-0.507185274700118,0.507185274700118,0.2352863046706119,175.29999999999998,32.0,4.709324097044942,-1.4679999999999975,107.22530000000003
c1ccc2c(c1)CCCC2C1=NCCN1,0,0.7373798417697964,24.266666666666666,200.285,184.15699999999998,200.131348512,78.0,0.0,0.1039917338091037,-0.37146476893357966,0.37146476893357966,0.1039917338091037,24.39,15.0,2.200701231521284,2.1082,62.425700000000035
CN[C@@]1(C)[C@@H]2CC[C@@H](C2)C1(C)C,0,0.632181599279575,50.0,167.296,146.12799999999996,167.167399672,70.0,0.0,0.02316647110739984,-0.3137159075239254,0.3137159075239254,0.02316647110739984,12.03,12.0,1.6070359724561227,2.4206000000000003,52.07670000000004
CS(=O)(=O)c1ccc(C(O)C(CO)NC(=O)C(Cl)Cl)cc1,1,0.6406363565705827,14.761904761904763,356.227,341.10699999999997,355.00479894,118.0,0.0,0.2532010575770425,-0.39412320755251795,0.39412320755251795,0.2532010575770425,103.70000000000002,21.0,6.424546989986667,0.40430000000000005,79.02210000000002
O=c1cc(-c2ccc(O)c(O)c2)oc2cc(O)cc(O)c12,0,0.5106223467843569,10.857142857142858,286.23900000000003,276.159,286.04773804,106.0,0.0,0.1965791739188741,-0.5076781658604214,0.5076781658604214,0.1965791739188741,111.13000000000001,21.0,2.7242428235173124,2.2824000000000004,74.5792
c1ccc(CN(CC2=NCCN2)c2ccccc2)cc1,0,0.8998200956985529,13.7,265.36,246.20799999999997,265.157897608,102.0,0.0,0.11609779834413719,-0.37048564938962225,0.37048564938962225,0.11609779834413719,27.63,20.0,3.9709359624380007,2.6949000000000014,84.23870000000005
Cc1ccc(Sc2ccccc2N2CCNCC2)c(C)c1,1,0.9259602218919863,15.238095238095237,298.4550000000001,276.279,298.15036970399996,110.0,0.0,0.05084345601980283,-0.36807134650039747,0.36807134650039747,0.05084345601980283,15.27,21.0,4.513401106381762,3.8642400000000023,91.56370000000005
Fc1ccc(C(c2ccc(F)cc2)N2CCN(CC=Cc3ccccc3)CC2)cc1,1,0.5438612576373347,15.833333333333334,404.5040000000001,378.2960000000002,404.206405272,154.0,0.0,0.12272961322240376,-0.29713306349585666,0.29713306349585666,0.12272961322240376,6.48,30.0,6.673250388592074,5.3852000000000055,118.13200000000002
CCOc1nc2cccc(C(=O)O)c2n1Cc1ccc(-c2ccccc2-c2nn[nH]n2)cc1,0,0.39211603092631026,11.06060606060606,440.4630000000001,420.3030000000002,440.15968850000013,164.0,0.0,0.33740345579272973,-0.47758226546440086,0.47758226546440086,0.33740345579272973,118.80999999999999,33.0,5.274172712277854,4.028600000000002,122.01299999999999
C=C[C@@H]1C[N@@]2CC[C@H]1C[C@H]2[C@H](O)c1ccnc2ccccc12,0,0.8834235503255572,32.04545454545455,294.398,272.222,294.17321332399996,114.0,0.0,0.09518632364708744,-0.3867480180763347,0.3867480180763347,0.09518632364708744,36.36,22.0,3.472238216875454,3.164600000000002,88.47480000000006
CCCC1CC(C(=O)NC(C(C)O)C2OC(SC)C(O)C(O)C2O)N(C)C1,0,0.37034350763056995,39.925925925925924,406.54500000000013,372.27300000000014,406.2137578079999,158.0,0.0,0.23725857005784887,-0.3911735786036483,0.3911735786036483,0.23725857005784887,122.49000000000001,27.0,8.354423498840609,-0.8569999999999971,103.24090000000005
Cc1cc(C2CCCCC2)n(O)c(=O)c1,0,0.7185665096760774,17.933333333333334,207.273,190.13699999999994,207.125928784,82.0,0.0,0.2828119270205298,-0.4251098762095432,0.4251098762095432,0.2828119270205298,42.230000000000004,15.0,2.800254371667542,2.4417199999999992,58.44950000000003
CCn1cc(C(=O)O)c(=O)c2cc(F)c(N3CCN(C)CC3)cc21,0,0.9243839877881742,15.875,333.36300000000006,313.20300000000003,333.14886972,128.0,0.0,0.34072285060215646,-0.4774970240990653,0.4774970240990653,0.34072285060215646,65.78,24.0,4.275308464941004,1.6105000000000003,90.50930000000004
NC(=O)N1c2ccccc2CC(=O)c2ccccc21,0,0.7829578147216557,13.473684210526315,252.27299999999997,240.17699999999994,252.089877624,94.0,0.0,0.3234135802994952,-0.35088397892728557,0.35088397892728557,0.3234135802994952,63.400000000000006,19.0,2.5608796749683034,2.6422000000000008,72.64090000000003
O=C1CC2(CCCC2)CC(=O)N1CCCCN1CCN(c2ncccn2)CC1,0,0.551662995519089,23.0,385.5120000000001,354.2640000000001,385.24777523200004,152.0,0.0,0.22923427935701327,-0.33826073198235146,0.33826073198235146,0.22923427935701327,69.64000000000001,28.0,5.896796014111037,2.0881999999999996,106.77400000000006
Clc1ccc(CCCOCCCN2CCCCC2)cc1,0,0.6676423821298553,16.45,295.8539999999999,269.64599999999996,295.170292132,112.0,0.0,0.047773235040102856,-0.38138970776999864,0.38138970776999864,0.047773235040102856,12.47,20.0,7.417027984331727,4.165200000000003,85.50000000000006
CC(NCCc1ccc(O)cc1)C(O)c1ccc(O)cc1,0,0.6579030127323875,13.80952380952381,287.35900000000004,266.1909999999999,287.152143532,112.0,0.0,0.11509812251542043,-0.5079666452002873,0.5079666452002873,0.11509812251542043,72.72,21.0,5.195518331251161,2.3520000000000003,82.34210000000003
COC(=O)C1=C(C)N=C(C)C(C(=O)OC)C1c1ccccc1[N+](=O)[O-],0,0.4703875513887795,19.92,346.33900000000006,328.19500000000005,346.11648629599995,132.0,0.0,0.33574575721277033,-0.4684883857139896,0.4684883857139896,0.33574575721277033,108.1,25.0,5.307969091119204,2.3891,89.16840000000005
CNCCC(Oc1ccc(C(F)(F)F)cc1)c1ccccc1,1,0.8517964099245682,12.909090909090908,309.33099999999996,291.18699999999995,309.134048856,118.0,0.0,0.4159140545758245,-0.4856952913159903,0.4856952913159903,0.4159140545758245,21.259999999999998,22.0,5.438836786643953,4.435000000000003,79.79870000000004
COc1ccccc1OCC(O)CN1CCN(CC(=O)Nc2c(C)cccc2C)CC1,0,0.6398550561014078,16.0,427.5450000000002,394.28100000000023,427.24710653600005,168.0,0.0,0.2380680667142299,-0.49287000974208345,0.49287000974208345,0.2380680667142299,74.27,31.0,8.283355927000265,2.30804,121.92150000000004
CNC(=O)c1cccc(-c2ccc3c(N4CCOCC4C)nc(N4CCOCC4C)nc3n2)c1,1,0.6323731943230403,21.029411764705884,462.5540000000002,432.3140000000002,462.23793882000007,178.0,0.0,0.25054280082882846,-0.3774879796343467,0.3774879796343467,0.25054280082882846,92.71000000000001,34.0,6.2953188519519285,2.5016,131.41320000000002
OCc1ccc(OC2OC(CO)C(O)C(O)C2O)cc1,0,0.4499934043405802,33.95,286.28000000000003,268.13599999999997,286.105252916,112.0,0.0,0.22872053915056273,-0.4619867818092536,0.4619867818092536,0.22872053915056273,119.61000000000001,20.0,4.921842565216565,-1.6424000000000003,66.76000000000005
CCc1c(C(=O)C(N)=O)c2c(OCC(=O)O)cccc2n1Cc1ccccc1,0,0.46029036009299756,10.75,380.4000000000001,360.2400000000001,380.13722174000003,144.0,0.0,0.34122275431503457,-0.4811788231953021,0.4811788231953021,0.34122275431503457,111.62,28.0,5.4442444477139444,2.3834,103.51570000000001
N=C(N)NN,0,0.11996929923342883,6.6,74.087,68.039,74.05924619199999,30.0,0.0,0.19967695765265092,-0.36907966710762596,0.36907966710762596,0.19967695765265092,87.92,5.0,1.3024995046439642,-1.6568300000000002,19.237200000000005
COC(=O)N1CCN(Cc2cccc(NC(=O)Nc3ccc(C)nc3)c2F)CC1,0,0.822369147172254,14.379310344827585,401.44200000000023,377.25000000000017,401.186317848,154.0,0.0,0.40906368306083984,-0.45273450563807976,0.45273450563807976,0.40906368306083984,86.8,29.0,6.606594046079689,3.057120000000001,107.27040000000005
CC1(C)SC2C(NC(=O)C(N)c3ccccc3)C(=O)N2C1C(=O)O,0,0.674878289478739,28.708333333333332,349.4120000000001,330.26000000000005,349.10962708799997,128.0,0.0,0.32739938470277585,-0.4796728023655437,0.4796728023655437,0.32739938470277585,112.73,24.0,4.0454121664918326,0.3181000000000002,89.02890000000005
CNCCC(Oc1ccccc1C)c1ccccc1,0,0.8489950317721323,12.105263157894736,255.361,234.19299999999993,255.162314292,100.0,0.0,0.12493636782365426,-0.48541648861892817,0.48541648861892817,0.12493636782365426,21.259999999999998,19.0,4.987562141377458,3.7246200000000034,79.53370000000005
O=C1NC(=O)C(c2ccccc2)(c2ccccc2)N1,0,0.8001945345367882,16.842105263157894,252.27300000000002,240.17699999999994,252.089877624,94.0,0.0,0.3224087250655884,-0.3156821991067759,0.3224087250655884,0.3156821991067759,58.2,19.0,2.5608796749683034,1.7696,70.33840000000004
CC#CCn1c(N2CCCC(N)C2)nc2c1c(=O)n(Cc1nc(C)c3ccccc3n1)c(=O)n2C,1,0.44290723544937405,16.0,472.5530000000002,444.3290000000003,472.23352213600003,180.0,0.0,0.3324023525694101,-0.34059950083408774,0.34059950083408774,0.3324023525694101,116.86000000000001,35.0,5.863410097952873,1.1474199999999997,135.48339999999993
CS(=O)(=O)CCNCc1ccc(-c2ccc3ncnc(Nc4ccc(OCc5cccc(F)c5)c(Cl)c4)c3c2)o1,0,0.17947949298055932,11.575,581.0690000000002,554.8610000000002,580.1347322120001,206.0,0.0,0.14820462662281222,-0.4873439231472526,0.4873439231472526,0.14820462662281222,106.35000000000001,40.0,8.29487589236724,6.139100000000005,154.12419999999975
CCN(CCO)CCCC(C)Nc1ccnc2cc(Cl)ccc12,0,0.7317801043771166,12.73913043478261,335.8790000000001,309.671,335.176440132,126.0,0.0,0.0737050348968934,-0.3950445723161837,0.3950445723161837,0.0737050348968934,48.39,23.0,7.086507034001715,3.783000000000002,98.27150000000005
CO[C@H]1/C=C/O[C@@]2(C)Oc3c(C)c(O)c4c(O)c(c(C=NN5CCN(C)CC5)c(O)c4c3C2=O)NC(=O)C(C)=CC=CC(C)[C@H](O)[C@@H](C)[C@@H](O)[C@@H](C)[C@H](OC(C)=O)[C@@H]1C,0,0.10948484473140657,30.64406779661017,822.9530000000003,764.4889999999999,822.4051232960003,322.0,0.0,0.3121091952257161,-0.5067356780024597,0.5067356780024597,0.3121091952257161,220.14999999999995,59.0,13.702436047698171,4.335420000000004,220.47919999999948
N#C[C@@H]1C[C@@H]2C[C@@H]2N1C(=O)C(N)[C@@]12C[C@@H]3C[C@@H](C[C@@](O)(C3)C1)C2,0,0.7998067802808753,53.78260869565217,315.4170000000001,290.217,315.19467704,124.0,0.0,0.24089418726215053,-0.38984983005326745,0.38984983005326745,0.24089418726215053,90.35000000000001,23.0,2.653884041670449,1.157979999999999,82.79920000000004
Cc1nnc(NS(=O)(=O)c2ccc(N)cc2)s1,1,0.8173307365183631,11.352941176470589,270.339,260.25899999999996,270.02451756,90.0,0.0,0.2632063432085848,-0.3987277171274734,0.3987277171274734,0.2632063432085848,97.97,17.0,2.9870020190316686,1.2295199999999997,66.30890000000002
CCOC(=O)CCC(=O)OC1C(OC2C(C)C(OC3CC(C)(OC)C(O)C(C)O3)C(C)C(=O)OC(CC)C(C)(O)C(O)C(C)C(=O)C(C)CC2(C)O)OC(C)CC1N(C)C,0,0.16346044563458165,43.81666666666667,862.064,786.4639999999999,861.5085853200001,348.0,0.0,0.3111884202841701,-0.46595775119596555,0.46595775119596555,0.3111884202841701,226.27999999999997,60.0,18.530252082119222,2.6798000000000073,215.99819999999917
COc1cccc(C=NCCN=Cc2cccc(OC)c2O)c1O,1,0.604422018127676,11.25,328.36800000000005,308.208,328.14230711999994,126.0,0.0,0.1661014329258877,-0.5038032120846745,0.5038032120846745,0.1661014329258877,83.64000000000001,24.0,6.190432202203198,2.6530000000000014,94.23960000000004
CC(C)NCC(O)c1ccccc1Cl,0,0.8051643622436494,13.214285714285714,213.708,197.57999999999998,213.092041812,78.0,0.0,0.09283255794472946,-0.387027619594961,0.387027619594961,0.09283255794472946,32.26,14.0,4.392451998529965,2.3714000000000004,59.550500000000035
COCC(NC(=O)c1cnc(C)s1)C(=O)NC(COC)C(=O)NC(Cc1ccccc1)C(=O)C1(C)CO1,1,0.2965124004131454,18.81081081081081,532.6190000000003,500.3630000000004,532.199170364,200.0,0.0,0.26322272919085743,-0.38199665016809103,0.38199665016809103,0.26322272919085743,148.25,37.0,9.864667336206377,0.4130200000000035,135.22859999999994
O=c1[nH]c2ccccc2n1CCCN1CCC(n2c(=O)[nH]c3cc(Cl)ccc32)CC1,0,0.514301695573136,16.033333333333335,425.92000000000013,401.7280000000001,425.161852688,156.0,0.0,0.3262156251940311,-0.30554008557044815,0.3262156251940311,0.30554008557044815,78.82,30.0,5.002234003635864,3.353200000000002,119.45540000000001
Nc1nccs1,0,0.5215253330648401,8.666666666666666,100.14599999999999,96.114,100.009519128,32.0,0.0,0.17942337268780553,-0.37511865317780996,0.37511865317780996,0.17942337268780553,38.91,6.0,0.7593227167862686,0.7253000000000001,26.5264
CCN1CCC[C@H]1CNC(=O)c1c(O)c(Cl)cc(Cl)c1OC,0,0.8598510559963802,18.454545454545453,347.2420000000001,327.082,346.08509785999996,122.0,0.0,0.2585128502156604,-0.5053963035108018,0.5053963035108018,0.2585128502156604,61.80000000000001,22.0,5.779374679696709,2.9217000000000013,87.28100000000003
CC(C)CN(CC(O)C(Cc1ccccc1)NC(=O)OC1CCOC1)S(=O)(=O)c1ccc(N)cc1,0,0.3997403747719006,17.914285714285715,505.63700000000034,470.3570000000003,505.22465683999997,192.0,0.0,0.40731069925118296,-0.4436915137280932,0.4436915137280932,0.40731069925118296,131.19,35.0,9.501369915049569,2.4028,133.23270000000002
NC1=NCC2c3ccccc3Cc3ccccc3N12,0,0.7789519520165337,20.105263157894736,249.31699999999998,234.19699999999995,249.12659748,94.0,0.0,0.19606984901598606,-0.3694936228021621,0.3694936228021621,0.19606984901598606,41.62,19.0,2.1517816387994544,2.4668,77.39940000000003
CN1C[C@@H]2c3ccccc3Oc3ccc(Cl)cc3[C@H]2C1,0,0.7170507116408826,24.3,285.77400000000006,269.64599999999996,285.092041812,102.0,0.0,0.13059016897878337,-0.4567751237192949,0.4567751237192949,0.13059016897878337,12.47,20.0,2.7589599842331127,4.258500000000003,80.94700000000005
CCNC(=O)Nc1ccc(-c2nc3c(c(N4CCOCC4C)n2)CCN(C2COC2)C3)cc1,0,0.71905127385623,21.272727272727273,452.5590000000003,420.3030000000002,452.253588884,176.0,0.0,0.31872468361701806,-0.37801328235215986,0.37801328235215986,0.31872468361701806,91.85000000000001,33.0,6.4341670658647585,2.2670000000000003,126.51140000000004
CS(=O)(=O)c1cccc(CNc2nc(Nc3ccc4c(c3)CCC(=O)N4)ncc2C(F)(F)F)c1,0,0.4750496673879972,13.705882352941176,491.49500000000023,471.3350000000002,491.12389516,178.0,0.0,0.4209463817887402,-0.36532079600760436,0.4209463817887402,0.36532079600760436,113.08,34.0,6.171769180481777,4.139300000000002,120.58790000000003
C[C@]12CC[C@@H]3c4ccc(O)cc4CC[C@H]3[C@@H]1CC[C@H]2O,1,0.757169743555686,42.7,272.3879999999999,248.19599999999994,272.177630008,108.0,0.0,0.1153706182642203,-0.5079560321952997,0.5079560321952997,0.1153706182642203,40.46,20.0,2.6903926012725075,3.6092000000000026,78.73060000000005
O=S(=O)(O)CCCS(=O)(=O)O,0,0.5773085076126059,13.272727272727273,204.225,196.16099999999997,203.976229976,68.0,0.0,0.2643831516480385,-0.2855418483005306,0.2855418483005306,0.2643831516480385,108.74,11.0,3.421265881188916,-0.8478999999999997,37.44820000000001
COCCOC(=O)C1=C(C)N=C(C)C(C(=O)OC(C)C)C1c1cccc([N+](=O)[O-])c1,0,0.2753060648422457,18.8,418.44600000000014,392.23800000000017,418.174001172,162.0,0.0,0.33610144498432865,-0.4624462722134953,0.4624462722134953,0.33610144498432865,117.33000000000001,30.0,7.820359433151724,3.184300000000002,109.19940000000008
COc1ccc(CCNCC(O)COc2cccc(C)c2)cc1OC,0,0.6483269657629404,11.84,345.43900000000014,318.22300000000007,345.194008344,136.0,0.0,0.16048740265689526,-0.49286997866358173,0.49286997866358173,0.16048740265689526,59.95,25.0,7.568295588657791,2.584220000000001,98.80050000000006
COc1ccc(-c2cc3c(C)nc(N)nc3n(C3CCC(OCCO)CC3)c2=O)cn1,0,0.6158991705318289,18.93548387096774,425.48900000000026,398.2730000000002,425.206304344,164.0,0.0,0.2599049345073094,-0.4809835604001632,0.4809835604001632,0.2599049345073094,125.38000000000001,31.0,6.147379208728234,2.2453200000000004,117.06120000000004
Nc1nc(=O)c2c(CCc3ccc(C(=O)NC(CCC(=O)O)C(=O)O)cc3)c[nH]c2[nH]1,0,0.2867441070042203,11.870967741935484,427.4170000000001,406.24900000000014,427.149183392,162.0,0.0,0.32572120059399806,-0.4812292557834712,0.4812292557834712,0.32572120059399806,191.26,31.0,6.3377406757069865,0.6664000000000003,110.73660000000002
C=CC(=O)Nc1cc2c(Nc3ccc(F)c(Cl)c3)ncnc2cc1OCCCN1CCOCC1,1,0.3429726304570578,14.058823529411764,485.9470000000004,460.74700000000024,485.16299556,178.0,0.0,0.24736568233181988,-0.4912774563029517,0.4912774563029517,0.24736568233181988,88.61,34.0,7.890697207843539,4.391500000000003,130.42839999999998
O=C(O)CCC1CCC(c2cc(F)ccc2F)(S(=O)(=O)c2ccc(Cl)cc2)CC1,0,0.6547949761508534,22.379310344827587,442.9110000000002,421.74300000000017,442.08171427199994,156.0,0.0,0.30285025243526037,-0.48123026209790415,0.48123026209790415,0.30285025243526037,71.44,29.0,6.28893102580089,5.342400000000004,105.50160000000004
CCCCc1nc2cc(C=CC(O)=NO)ccc2n1CCN(CC)CC,0,0.290417395734669,12.692307692307692,358.4860000000002,328.2460000000001,358.2368762,142.0,0.0,0.24707023557836158,-0.4912108516174864,0.4912108516174864,0.24707023557836158,73.88000000000001,26.0,7.65807311021735,4.079600000000004,107.01730000000006
CN(C)C/C=C/C(=O)Nc1ccc(C(=O)Nc2cccc(Nc3ncc(Cl)c(-c4c[nH]c5ccccc45)n3)c2)cc1,1,0.15522601452347834,11.21951219512195,566.0650000000002,537.8410000000002,565.1993008160001,206.0,0.0,0.25516139432789187,-0.36048357562048444,0.36048357562048444,0.25516139432789187,115.04,41.0,8.378951489400343,6.330500000000004,164.77829999999972
CNC1C(O)C(OC2C(N)CC(N)C(OC3OC(C(C)O)C(O)C(O)C3N)C2O)OCC1(C)O,1,0.16462384953559436,53.470588235294116,496.55800000000016,456.2380000000003,496.2744434799999,200.0,0.0,0.18523178500525597,-0.3906043710883485,0.3906043710883485,0.18523178500525597,248.38999999999996,34.0,8.916025534569624,-5.612999999999998,115.86970000000004
CC(C)(Sc1cc(C(C)(C)C)c(O)c(C(C)(C)C)c1)Sc1cc(C(C)(C)C)c(O)c(C(C)(C)C)c1,0,0.31319668685278057,13.885714285714286,516.8570000000003,468.4730000000003,516.309572776,196.0,0.0,0.12260118329455162,-0.5073396454701924,0.5073396454701924,0.12260118329455162,40.46,35.0,8.18463641125512,9.908299999999995,156.80659999999972
Fc1ccccc1-c1nc2ccn(Cc3ccc(-c4ccc(C(F)(F)F)cc4C(F)(F)F)nn3)cc-2n1,1,0.2481885716944663,12.297297297297296,517.408,503.2960000000001,517.1137429880001,188.0,0.0,0.41658067009928,-0.34595605199719026,0.41658067009928,0.34595605199719026,56.49,37.0,5.887311038864049,6.731900000000005,118.61200000000001
COC1C(OC(N)=O)C(O)C(Oc2ccc3c(=O)c(NC(=O)c4ccc(O)c(CC=C(C)C)c4)c(O)oc3c2C)OC1(C)C,0,0.23270001812409952,20.977272727272727,612.6320000000002,576.3440000000003,612.2319099719999,236.0,0.0,0.40446341375471284,-0.5076631803449968,0.5076631803449968,0.40446341375471284,200.00999999999996,44.0,9.230755613940358,3.6271200000000023,158.92099999999974
Clc1ccc2nsnc2c1NC1=NCCN1,0,0.8124044266873097,14.9375,253.718,245.654,253.01889393599998,82.0,0.0,0.19552224356717463,-0.3542537133391691,0.3542537133391691,0.19552224356717463,62.2,16.0,2.374381536348805,1.7157999999999993,66.3524
Cc1cc(OCCCS(C)(=O)=O)cc(C)c1-c1cccc(COc2ccc3c(c2)OCC3CC(=O)O)c1,0,0.3393001368722835,14.621621621621621,524.6350000000003,492.37900000000036,524.1868743639999,196.0,0.0,0.30359889543091256,-0.493545006844167,0.493545006844167,0.30359889543091256,99.13000000000001,37.0,8.072513460306377,5.313640000000005,142.4375999999999
CCC1C(=O)N(C)c2cnc(Nc3ccc(C(=O)NC4CCC(N5CCN(CC6CC6)CC5)CC4)cc3OC)nc2N1C(C)C,1,0.4039979927426693,24.488888888888887,618.8270000000002,568.4270000000002,618.40058746,244.0,0.0,0.2511339889905347,-0.49455292097041426,0.49455292097041426,0.2511339889905347,106.16999999999999,45.0,9.464591383302128,4.2672000000000025,177.65989999999948
CCOC(=O)C(CCc1ccccc1)NC(C)C(=O)N1C(C(=O)O)C[C@H]2CCCC[C@@H]21,0,0.5851031637925748,24.838709677419356,430.54500000000036,396.2730000000002,430.24677218799997,170.0,0.0,0.32594015453854097,-0.4797118379349922,0.4797118379349922,0.32594015453854097,95.94000000000001,31.0,8.068076426579026,2.7733000000000008,116.41450000000007
CC12CCC3C(CC(=O)C4CC(=NOCCN)CCC43C)C1CCC2=O,0,0.619188557955607,46.65384615384615,360.49800000000016,328.2420000000001,360.24129288399996,144.0,0.0,0.1385554994615588,-0.3945048174481675,0.3945048174481675,0.1385554994615588,81.75,26.0,4.4901558189500825,3.108500000000002,99.56540000000005
Cc1nc2n(c(=O)c1CCN1CCC(c3noc4cc(F)ccc34)CC1)CCCC2O,0,0.6902887957170618,20.29032258064516,426.49200000000025,399.2760000000002,426.206718944,164.0,0.0,0.2565554948493981,-0.3851715130767665,0.3851715130767665,0.2565554948493981,84.39,31.0,5.3537090610600355,3.081320000000002,113.51380000000005
CC(=O)NCCCS(=O)(=O)O,1,0.44784826570585495,11.090909090909092,181.213,170.12499999999997,181.040878832,66.0,0.0,0.2644160440292444,-0.35631172827914365,0.35631172827914365,0.2644160440292444,83.47,11.0,4.055591971283849,-0.5995999999999997,39.71630000000001
CC1=C[C@]23C(=O)C(=CC(CO)[C@@H](O)[C@]2(O)[C@H]1O)[C@H]1[C@@H](C[C@H]3C)C1(C)C,0,0.5260077406636514,53.2,348.43900000000014,320.2150000000001,348.19367399600003,138.0,0.0,0.1716724352340915,-0.39565853933700335,0.39565853933700335,0.1716724352340915,97.99000000000001,25.0,3.3608593884446423,0.8151999999999993,91.36120000000003
OCc1ccc(-c2ccc(-c3ccc(CO)s3)o2)s1,1,0.7702568410728412,11.052631578947368,292.381,280.28499999999997,292.02278624400003,98.0,0.0,0.14431755645232738,-0.4543947146929697,0.4543947146929697,0.14431755645232738,53.6,19.0,3.5237267296222834,3.721200000000002,77.17960000000002
NC(CCC(=O)NC(CS)C(=O)NCC(=O)O)C(=O)O,0,0.26343729334807475,13.1,307.32800000000003,290.192,307.083806264,114.0,0.0,0.32247070702770475,-0.48008628646213053,0.48008628646213053,0.32247070702770475,158.82,20.0,8.322574148760523,-2.2060999999999984,71.27440000000003
CC1CC(OC(=O)C(O)c2ccccc2)CC(C)(C)C1,0,0.8597388448871666,26.8,276.37600000000003,252.18399999999994,276.172544628,110.0,0.0,0.3394248492193823,-0.4601709888023076,0.4601709888023076,0.3394248492193823,46.53,20.0,4.48473807048021,3.4780000000000024,78.07780000000005
CC1C=CC=CCCC=CC=CC=CC=CC(OC2OC(C)C(O)C(N)C2O)CC2OC(O)(CC(O)C(O)CCC(O)CC(O)CC(O)CC(=O)OC(C)C(C)C1O)CC(O)C2C(=O)O,0,0.17529207534705474,42.292307692307695,926.1070000000003,850.5070000000001,925.5034999400002,370.0,0.0,0.3113043448516477,-0.48088298351673886,0.48088298351673886,0.3113043448516477,319.60999999999996,65.0,23.829370596550614,0.9357000000000051,237.08519999999936
COc1cc(C(=O)OC2C3C=COC(OC4OC(CO)C(O)C(O)C4O)C3C3(CO)OC23)ccc1O,1,0.17323869306586068,42.72222222222222,512.4640000000003,484.24000000000035,512.1529909559998,198.0,0.0,0.3381575120831659,-0.5042542960561134,0.5042542960561134,0.3381575120831659,197.13,36.0,6.592730416817829,-2.0113999999999983,114.3973
O=c1c(O)c(-c2ccc(O)cc2O)oc2cc(O)cc(O)c12,1,0.4641462735466258,10.909090909090908,302.23800000000006,292.158,302.04265266,112.0,0.0,0.23829122153289994,-0.507822516038892,0.507822516038892,0.23829122153289994,131.36,22.0,2.8425772568480334,1.987999999999999,76.244
COc1nc(C)cnc1NS(=O)(=O)c1cccnc1-c1ccc(-c2nnco2)cc1,0,0.4956944771473886,11.266666666666667,424.4420000000002,408.3140000000002,424.095373992,152.0,0.0,0.26487433901329993,-0.478345946424162,0.478345946424162,0.26487433901329993,132.99,30.0,5.105229894997506,2.7064200000000014,107.09450000000001
O=C(O)COCCN1CCN([C@H](c2ccccc2)c2ccc(Cl)cc2)CC1,0,0.7038936958101741,16.925925925925927,388.8950000000002,363.69500000000016,388.15537034000005,144.0,0.0,0.3291430001021143,-0.4795336744650752,0.4795336744650752,0.3291430001021143,53.010000000000005,27.0,7.2372645316662565,3.148200000000002,106.20480000000005
Cc1ccc(F)c(NC(=O)Nc2ccc(-c3cccc4[nH]nc(N)c34)cc2)c1,0,0.4098564168765686,10.785714285714286,375.40700000000015,357.2630000000001,375.14953841600004,140.0,0.0,0.3232644004912701,-0.38169324673032207,0.38169324673032207,0.3232644004912701,95.83,28.0,4.406067130495771,4.903620000000003,109.72050000000002
COc1c(C)cnc(Cn2cnc3c(Cl)nc(N)nc32)c1C,1,0.7437245024881429,11.090909090909092,318.7680000000001,303.648,318.09958678000004,114.0,0.0,0.22307263204073638,-0.4960796221074424,0.4960796221074424,0.22307263204073638,91.74,22.0,3.5752597346104413,2.1306399999999996,84.11040000000001
CCC1OC(=O)C(C)C(OC2CC(C)(OC)C(O)C(C)O2)C(C)C(OC2OC(C)CC(N(C)C)C2O)C(C)(O)CC(C)C(=NOCOCCOC)C(C)C(O)C1(C)O,0,0.07781066233799223,45.827586206896555,837.058,760.45,836.524569732,340.0,0.0,0.31118842024956994,-0.4589365911817189,0.4589365911817189,0.31118842024956994,216.88999999999996,58.0,18.800829801746442,2.2096000000000076,212.46599999999918
CC(C)C(N)C(=O)N1CCC[C@H]1B(O)O,0,0.5241766151109037,23.333333333333332,214.07399999999998,194.922,214.14887286799998,86.0,0.0,0.4752290400975819,-0.42573037169573097,0.4752290400975819,0.42573037169573097,86.79,15.0,4.129093088835578,-1.0272999999999988,57.74000000000003
O=c1[nH]cnc2c1ncn2C1CCC(CO)O1,1,0.7521450742487875,24.529411764705884,236.23099999999997,224.13499999999996,236.090940244,90.0,0.0,0.27839097089829556,-0.3936764802089413,0.3936764802089413,0.27839097089829556,93.03,17.0,2.4132856016483433,-0.21050000000000008,58.378500000000024
OCC1OC(Oc2ccc(O)cc2)C(O)C(O)C1O,1,0.45739096485341957,35.05263157894737,272.253,256.12499999999994,272.08960285200004,106.0,0.0,0.22872059059510091,-0.5079622347863552,0.5079622347863552,0.22872059059510091,119.61000000000001,19.0,4.227970661193009,-1.4291000000000003,62.502000000000045
COC(=O)C(Cc1cccc(C(=N)N)c1)C(C)NC(=O)c1ccc(-c2cc[n+]([O-])cc2)cc1,0,0.16071461000294315,12.424242424242424,446.5070000000002,420.29900000000026,446.195405312,170.0,0.0,0.31057370455848593,-0.6186929310257099,0.6186929310257099,0.31057370455848593,132.21,33.0,7.4000195942257125,2.42127,124.43430000000001
CCOC(=O)c1ncn2c1CN(C)C(=O)c1cc(F)ccc1-2,0,0.793247744649229,13.409090909090908,303.293,289.18100000000004,303.101919528,114.0,0.0,0.35840096346526845,-0.46121299651291314,0.46121299651291314,0.35840096346526845,64.43,22.0,3.399506313658428,1.7736999999999998,75.27600000000002
CN1CCN(c2cc3c(cc2F)c(=O)c(C(=O)O)cn3-c2ccc(F)cc2)CC1,1,0.7337853615542815,15.068965517241379,399.3970000000001,380.2450000000001,399.139447908,150.0,0.0,0.3407372006428099,-0.47749686096910443,0.47749686096910443,0.3407372006428099,65.78,29.0,4.793359198295854,2.7189000000000014,106.13030000000002
C=C1CCC(O)CC1=CC=C1CCCC2(C)C1CCC2C(C)CCCC(C)C,0,0.49910402699484807,37.642857142857146,384.6480000000002,340.2960000000001,384.339216028,158.0,0.0,0.0583378675053035,-0.39277278874374866,0.39277278874374866,0.0583378675053035,20.23,28.0,7.290009148331385,7.619000000000008,121.1888000000001
CCC[S+]([O-])c1ccc2[nH]c(NC(=O)OC)nc2c1,1,0.8409937984166483,12.368421052631579,281.337,266.217,281.08341234000005,102.0,0.0,0.41318996343710807,-0.6114327241202037,0.6114327241202037,0.41318996343710807,90.07,19.0,4.282445956689425,2.2588,73.68780000000002
COc1ccc2cc(C(C)C(=O)Oc3ccc(C(N)=S)cc3)ccc2c1,0,0.4172313805615712,11.76923076923077,365.454,346.3020000000001,365.108564468,132.0,0.0,0.31802135332018105,-0.49674510424610224,0.49674510424610224,0.31802135332018105,61.55,26.0,5.185764074295092,4.191700000000003,106.87940000000002
NS(=O)(=O)c1cc2c(cc1Cl)NC(C(Cl)Cl)NS2(=O)=O,0,0.6564465021990212,21.35,380.66200000000003,372.598,378.902180776,112.0,0.0,0.24398415878116753,-0.3655785650065822,0.3655785650065822,0.24398415878116753,118.35999999999999,20.0,4.153721846245936,0.8210000000000004,76.05140000000002
O=C(O)c1cn(C2CC2)c2cc(N3CCNCC3)c(F)cc2c1=O,0,0.8932298763507216,18.125,331.34700000000004,313.2030000000001,331.13321965599994,126.0,0.0,0.3407230786793809,-0.4774970228339016,0.4774970228339016,0.3407230786793809,74.57,24.0,3.5270986245819436,1.5833,88.47900000000006
Cc1nc(-c2cccnc2)sc1C(=O)Nc1ccccc1-c1cn2c(CN3CCOCC3)csc2n1,0,0.34292264351210644,14.36111111111111,516.6520000000004,492.4600000000003,516.140216008,182.0,0.0,0.2671934690957674,-0.3787922717542958,0.3787922717542958,0.2671934690957674,84.65,36.0,6.322657962651722,4.974220000000004,142.63619999999983
CC(C)(CCCCCC(O)CCCCCC(C)(C)C(=O)O)C(=O)O,0,0.40410515233160504,12.583333333333334,344.492,308.204,344.2562742519999,142.0,0.0,0.30856172119652253,-0.4808369162100416,0.4808369162100416,0.30856172119652253,94.83,24.0,10.209830944284738,4.469900000000003,95.01040000000008
CC(NC(=O)CCC(F)(F)F)C(=O)NC1C(=O)N(CCO)c2ncccc2-c2ccccc21,1,0.5812163281015299,16.333333333333332,464.4440000000002,441.2600000000003,464.167139876,176.0,0.0,0.38912150063110523,-0.3945167638444832,0.3945167638444832,0.38912150063110523,111.63000000000001,33.0,7.3173393816400765,2.0920000000000005,112.88920000000002
CCCCCCCCCCCCCCCCCCCCCCO,1,0.226191976485649,11.217391304347826,326.60900000000004,280.241,326.35486609199995,140.0,0.0,0.04305240722888907,-0.3963765693422825,0.3963765693422825,0.04305240722888907,20.23,23.0,21.921808695652174,7.800600000000008,105.09980000000009
Cn1nnc(-c2ccc(-c3ccc(N4CC(CO)OC4=O)cc3F)cn2)n1,1,0.7396454416164582,16.62962962962963,370.34400000000005,355.22400000000005,370.11896656000005,138.0,0.0,0.4143359951800882,-0.44147412482158865,0.44147412482158865,0.4143359951800882,106.26000000000002,27.0,4.242554338371874,1.3957,92.12380000000003
Oc1c(C2=CCC(c3ccc(Cl)cc3)CC2)c(O)c2ccccc2c1O,0,0.3870015233962656,17.26923076923077,366.84400000000005,347.6920000000001,366.102272148,132.0,0.0,0.16905154453922577,-0.5065162840856385,0.5065162840856385,0.16905154453922577,60.69,26.0,4.251000593198206,5.961100000000005,104.96340000000001
CC1(F)C(O)C(CO)OC1n1ccc(=O)[nH]c1=O,0,0.6009771935170748,35.888888888888886,260.221,247.11699999999996,260.080849736,100.0,0.0,0.33005243374349363,-0.3935664626327659,0.3935664626327659,0.33005243374349363,104.54999999999998,18.0,3.0925026191229197,-1.4846000000000001,57.83830000000002
CCN(CC)Cc1ccc2cc(COC(=O)Nc3ccc(C(O)=NO)cc3)ccc2c1,1,0.20299363220385253,11.64516129032258,421.49700000000007,394.2810000000002,421.200156344,162.0,0.0,0.4114521944800064,-0.49078672540413093,0.49078672540413093,0.4114521944800064,94.39,31.0,7.453793102935667,5.124100000000004,121.77500000000005
CC[N+](CC)(CC)CCOc1cccc(OCC[N+](CC)(CC)CC)c1OCC[N+](CC)(CC)CC,0,0.20582218946734446,12.583333333333334,510.8280000000005,450.3480000000003,510.46182204026996,210.0,0.0,0.2032939046139816,-0.48367026815255953,0.48367026815255953,0.2032939046139816,27.69,36.0,14.786781022314345,5.452500000000005,153.1781999999998
O=C1NC(=O)C(=Cc2cccc(C(F)(F)F)c2)S1,0,0.7998988095547487,18.27777777777778,273.23499999999996,267.1869999999999,273.007134092,94.0,0.0,0.4159308744081274,-0.282247185980502,0.4159308744081274,0.282247185980502,46.17,18.0,3.1643623970017765,3.029300000000001,60.550700000000006
C[C@@H]1C[C@H]2[C@H]3CC=C4CC(=O)C=C[C@]4(C)[C@@]3(F)[C@@H](O)C[C@]2(C)[C@@]1(O)C(=O)CO,0,0.6241517783152071,52.535714285714285,392.4670000000002,363.2350000000001,392.19990224799994,154.0,0.0,0.18990619389895674,-0.38971219933826035,0.38971219933826035,0.18990619389895674,94.83,28.0,4.150689288601105,1.8957000000000002,99.94440000000004
CN(C)c1cc(NC(=O)CNC(C)(C)C)c(O)c2c1CC1CC3C(N(C)C)C(=O)C(C(N)=O)C(=O)C3(O)C(=O)C1C2=O,0,0.2080376289085511,29.11904761904762,585.6580000000004,546.3460000000003,585.2798632079999,228.0,0.0,0.23794885766612145,-0.5049869573922228,0.5049869573922228,0.23794885766612145,199.43999999999997,42.0,7.850122861037356,-0.7403999999999946,152.07089999999988
COc1cc(Nc2nc3ccccc3nc2NS(=O)(=O)c2ccc(NC(=O)c3ccc(C)c(OC)c3)cc2)cc(OC)c1,1,0.18268229018934962,11.069767441860465,599.6690000000003,570.4370000000004,599.183854648,220.0,0.0,0.2626503685526457,-0.4965439164326078,0.4965439164326078,0.2626503685526457,140.76999999999998,43.0,8.30187601568985,5.7607200000000045,165.30139999999966
CC(=O)SC1C=C2CC(=O)CCC2(C)C2CCC3(C)C(CCC34CCC(=O)O4)C12,0,0.45154520739227455,48.58620689655172,416.58300000000025,384.32700000000017,416.2021305039999,158.0,0.0,0.30600791251712156,-0.45844787136359705,0.45844787136359705,0.30600791251712156,60.44,29.0,4.411333209124954,4.852300000000005,112.21000000000006
OCc1cc(C(O)CNCCCCCCOCCOCc2c(Cl)cccc2Cl)ccc1O,0,0.259306998247466,12.25,486.43600000000015,453.1720000000002,485.17357851599996,178.0,0.0,0.12060718497830311,-0.5075837293484645,0.5075837293484645,0.12060718497830311,91.18,32.0,12.97767685056361,4.608100000000005,127.26410000000003
CC(O)C1C(=O)N2C(C(=O)OCOC(=O)C(C)(C)C)=C(SC3CN(C4=NCCS4)C3)C(C)C12,0,0.33289535381502716,28.242424242424242,497.63900000000024,466.3910000000002,497.16542771200017,182.0,0.0,0.3582799612575423,-0.42743824854391116,0.42743824854391116,0.3582799612575423,108.74000000000001,33.0,6.763204242900139,1.6656999999999995,126.21280000000004
OCC1OC(OC2C(CO)OC(O)(CO)C2O)C(O)C(O)C1O,0,0.23789143451934985,51.130434782608695,342.29699999999997,320.12100000000004,342.11621152399994,136.0,0.0,0.21862233673327933,-0.3935665150908041,0.3935665150908041,0.21862233673327933,189.52999999999997,23.0,5.92010858707402,-5.395599999999993,68.64140000000003
CC1(C)[C@@H]2CC[C@]1(C)C(=O)C2,1,0.520631018455888,46.81818181818182,152.237,136.10899999999998,152.120115132,62.0,0.0,0.13909874627049698,-0.2990642887496957,0.2990642887496957,0.13909874627049698,17.07,11.0,1.1330959470299424,2.401700000000001,44.23600000000002
Cc1ccc(N(CC2=NCCN2)c2cccc(O)c2)cc1,0,0.9056709671480019,13.666666666666666,281.35900000000004,262.207,281.152812228,108.0,0.0,0.11715623962594235,-0.5078860212629387,0.5078860212629387,0.11715623962594235,47.86,21.0,3.772367142214692,2.840420000000001,86.59650000000003
Cc1cc(Nc2cc(N3CCN(C)CC3)nc(Sc3ccc(NC(=O)C4CC4)cc3)n2)[nH]n1,0,0.4568163085513306,16.606060606060606,464.59900000000016,436.3750000000003,464.2106785160001,172.0,0.0,0.22698329829314265,-0.35385040038791693,0.35385040038791693,0.22698329829314265,102.07000000000001,33.0,6.188258072287406,3.5032200000000016,130.26810000000003
CC(C)CC(NC(=O)C(NC(=O)c1cccc(-c2ccccc2)n1)C(C)O)B(O)O,1,0.38613153475805084,13.966666666666667,413.2830000000001,385.05900000000014,413.21220139599995,160.0,0.0,0.4749647254634537,-0.4257360952563376,0.4749647254634537,0.4257360952563376,131.78,30.0,8.524562537713019,0.7706999999999993,114.18530000000005
Nc1cc(N)c(N)cc1N,0,0.37903076073402225,9.6,138.174,128.094,138.09054632,54.0,0.0,0.056951687562724666,-0.3969984327148351,0.3969984327148351,0.056951687562724666,104.08,10.0,1.2963625869510618,0.015399999999999747,44.091599999999985
CNC1CCCN(c2c(F)cc3c(=O)c(C(=O)O)cn(C4CC4)c3c2OC)C1,0,0.8169563701737155,19.821428571428573,389.4270000000002,365.2350000000001,389.17508446799997,150.0,0.0,0.34072311785880266,-0.4922383385622057,0.4922383385622057,0.34072311785880266,83.8,28.0,4.743407421899954,2.3705000000000007,104.24300000000004
Clc1ccc2c(c1)CCc1cccnc1C2=C1CCNCC1,0,0.7947531162646359,17.681818181818183,310.8280000000001,291.676,310.123676288,112.0,0.0,0.07391936393937204,-0.31609455906276906,0.31609455906276906,0.07391936393937204,24.92,22.0,3.7275093772689587,4.018900000000002,91.22270000000003
Cc1onc(-c2ccccc2)c1C(=O)NC1C(=O)N2C1SC(C)(C)C2C(=O)O,1,0.7524509230706136,25.178571428571427,401.44400000000013,382.29200000000014,401.104541708,146.0,0.0,0.32739938471432256,-0.479672802365529,0.479672802365529,0.32739938471432256,112.74,28.0,4.219921810216637,1.89532,101.65800000000004
CNC(=O)Nc1ccc(-c2nc(N3CC4CCC(C3)O4)c3cnn(C4CCC5(CC4)OCCO5)c3n2)cc1,1,0.5385052226142336,24.81578947368421,519.6060000000004,486.3420000000003,519.259402536,200.0,0.0,0.318473763812826,-0.371305171225189,0.371305171225189,0.318473763812826,115.66000000000001,38.0,5.937697033866525,3.4704000000000024,141.08539999999985
CNCC(O)c1cccc(O)c1,0,0.6190573678793355,12.833333333333334,167.20799999999997,154.10399999999996,167.094628656,66.0,0.0,0.1154487888845172,-0.5079546496760082,0.5079546496760082,0.1154487888845172,52.489999999999995,12.0,3.0768765735123513,0.645,46.993300000000026
O=C(O)C=Cc1ccc(Cn2ccnc2)cc1,0,0.8144535753580314,10.823529411764707,228.251,216.15499999999997,228.089877624,86.0,0.0,0.32782118469453214,-0.4780736044659459,0.4780736044659459,0.32782118469453214,55.12,17.0,3.3507076009593653,2.0292,64.44080000000002
CCCCCCCC/C=C\CCCCCCCC(=O)O,1,0.2905169417988814,11.25,282.4679999999999,248.19599999999994,282.255880328,118.0,0.0,0.30283955653219446,-0.4812303897852169,0.4812303897852169,0.30283955653219446,37.3,20.0,15.622450744096657,6.1085000000000065,87.08780000000007
COc1ccc2nc3cc(Cl)ccc3c(Nc3cc(CN4CCCC4)c(O)c(CN4CCCC4)c3)c2n1,1,0.22694322479821857,16.7027027027027,518.0610000000005,485.80500000000035,517.2244529440001,192.0,0.0,0.2131907381378769,-0.5072776532326521,0.5072776532326521,0.2131907381378769,73.75,37.0,6.757424063278448,6.085800000000006,149.0174999999998
O=P(O)(O)C(O)(Cn1ccnc1)P(=O)(O)O,0,0.4319639935251941,14.0625,272.09,262.01,271.99632392,92.0,0.0,0.3708832884531693,-0.3661592354743626,0.3708832884531693,0.3661592354743626,153.10999999999999,16.0,3.4235178651988054,-1.1154000000000002,51.26500000000003
NC(O)=NO,0,0.1535696304174041,11.6,76.05499999999999,72.023,76.027277368,30.0,0.0,0.3181633547093298,-0.47881694822939147,0.47881694822939147,0.3181633547093298,78.84,5.0,1.1361265798045608,-0.7517,16.0377
O=C(O)CCCc1ccccc1,0,0.7394137316906195,9.666666666666666,164.204,152.10799999999998,164.083729624,64.0,0.0,0.3028514950888305,-0.48123025170040323,0.48123025170040323,0.3028514950888305,37.3,12.0,3.326049348941004,2.0939,47.01580000000003
NC(=O)c1cccnc1,0,0.5772627921564857,8.88888888888889,122.12699999999997,116.079,122.048012812,46.0,0.0,0.2497619496515242,-0.3655506403996573,0.3655506403996573,0.2497619496515242,55.980000000000004,9.0,1.4437731954449224,0.18050000000000016,32.7549
COc1cc(NC(C)CCCN)c2ncccc2c1,0,0.8371289360458547,12.368421052631579,259.35299999999995,238.18499999999997,259.168462292,102.0,0.0,0.12117770719434379,-0.4966624448954453,0.4966624448954453,0.12117770719434379,60.17,19.0,4.575528184412225,2.782700000000001,79.66810000000002
CCNC1(C(N)=O)CCN(c2ncnc3c2nc(-c2ccccc2Cl)n3-c2ccc(Cl)cc2)CC1,0,0.4028777113691253,15.457142857142857,510.4290000000002,485.22900000000027,509.14976378,180.0,0.0,0.23736853651392828,-0.3680660987945509,0.3680660987945509,0.23736853651392828,101.96000000000001,35.0,6.354964790015519,4.223100000000004,139.16509999999985
CC1=C(C(=O)O)N2C(=O)C(NC(=O)C(N)c3ccc(O)cc3)[C@H]2SC1,1,0.5597037383059922,23.6,363.3950000000001,346.25900000000007,363.088891644,132.0,0.0,0.352114880680069,-0.5079666252286738,0.5079666252286738,0.352114880680069,132.96,25.0,4.440143871424779,0.15050000000000108,90.39370000000002
Fc1ccc2c(CCNCc3cccc(OCC(F)(F)C(F)F)c3)c[nH]c2c1,0,0.3966785087705614,12.071428571428571,398.375,379.22300000000007,398.14175432800005,150.0,0.0,0.33999963649361453,-0.487059571940094,0.487059571940094,0.33999963649361453,37.05,28.0,6.183644131035274,4.918500000000003,96.55540000000002
CCCCCCCCc1ccc(CCC(N)(CO)CO)cc1,1,0.5194936783733953,11.818181818181818,307.478,274.214,307.25112929600004,126.0,0.0,0.06333887873105078,-0.394371052784604,0.394371052784604,0.06333887873105078,66.48,22.0,9.36847184532205,3.204300000000001,92.93300000000005
CCn1cc(C(=O)O)c(=O)c2cnc(N3CCCC3)nc21,0,0.9098308936398074,14.80952380952381,288.307,272.179,288.122240372,110.0,0.0,0.34072594381139,-0.4774970069881785,0.4774970069881785,0.34072594381139,88.32,21.0,3.324298061172234,1.1098000000000001,77.87830000000002
COc1cc(O)c2c(c1)oc(=O)c1c3cc(O)c(O)cc3oc21,1,0.3654684715938098,11.521739130434783,314.249,304.16900000000004,314.04265266,116.0,0.0,0.3476686074127795,-0.506895844180966,0.506895844180966,0.3476686074127795,113.27000000000001,23.0,2.50539540124943,2.817800000000001,81.30840000000002
Cc1ccc(C(=O)Nc2ccc(CN3CCN(C)CC3)c(C(F)(F)F)c2)cc1C#Cc1cnc2[nH]ncc2c1,1,0.37339757855802813,14.692307692307692,532.5700000000002,505.35400000000027,532.219844144,200.0,0.0,0.4162995001451381,-0.3219818626851977,0.4162995001451381,0.3219818626851977,77.15,39.0,7.3704379979754595,4.684620000000004,143.21889999999988
COc1ccc(-c2ccc3c(N4CCOCC4)nc(N4CC(C)OC(C)C4)nc3n2)cc1CO,1,0.6103026509720985,21.176470588235293,465.5540000000002,434.30600000000027,465.237604472,180.0,0.0,0.22908249795775099,-0.49638543605869084,0.49638543605869084,0.22908249795775099,93.07000000000001,34.0,6.490984592907486,2.6429000000000014,130.49780000000004
CCOC(=O)C1=C(C)N=C(C)C(C(=O)OCC)C1c1ccccc1C=CC(=O)OC(C)(C)C,1,0.3385689151069029,18.696969696969695,455.5510000000002,422.28700000000026,455.23078777599994,178.0,0.0,0.3360072464401942,-0.465462179823698,0.465462179823698,0.3360072464401942,91.26,33.0,8.738606745208703,4.616000000000005,126.62700000000008
CC1CCN(C(=O)CC#N)CC1N(C)c1ncnc2[nH]ccc12,0,0.9284511020269034,21.17391304347826,312.377,292.21700000000004,312.16985926,120.0,0.0,0.23636046628260957,-0.35397915931185986,0.35397915931185986,0.23636046628260957,88.91,23.0,4.149108794392959,1.5447799999999996,86.67070000000005
COC(=O)C1=COC(OC2OC(CO)C(O)C(O)C2O)C2C(CO)=CCC12,0,0.2580615747607293,41.25925925925926,388.36900000000014,364.17700000000013,388.13694696799996,152.0,0.0,0.3366707956162291,-0.471199018532186,0.471199018532186,0.3366707956162291,155.14000000000001,27.0,6.160408911545937,-2.229099999999998,86.59000000000002
N#CC(C(=N)Sc1ccccc1N)C(C#N)C(=N)Sc1ccccc1N,0,0.2668885479449206,12.384615384615385,380.5020000000001,364.37400000000014,380.08778651200004,130.0,0.0,0.11608504213605214,-0.3978112442413437,0.3978112442413437,0.11608504213605214,147.32,26.0,6.674554268675804,3.969500000000001,107.08219999999997
CC1CC(=O)NN=C1c1ccc(NN=C(C#N)C#N)cc1,0,0.6423198478718842,16.80952380952381,280.291,268.19500000000005,280.10725900399996,104.0,0.0,0.24023542230866896,-0.2765132523749561,0.2765132523749561,0.24023542230866896,113.42999999999998,21.0,4.2722622598826945,1.3617599999999999,77.18640000000002
CN(C)N=Nc1[nH]cnc1C(N)=O,1,0.510530543435686,10.615384615384615,182.18699999999998,172.107,182.09160894,70.0,0.0,0.2708000943381014,-0.3641350748687983,0.3641350748687983,0.2708000943381014,99.72999999999999,13.0,2.5779084947374713,0.0688999999999999,45.308600000000006
NC(Cc1ccc([N+]([O-])(CCCl)CCCl)cc1)C(=O)O,0,0.4350346404909893,13.2,321.204,303.06000000000006,320.0694477959999,112.0,0.0,0.32031550189568714,-0.6272731413673123,0.6272731413673123,0.32031550189568714,86.38000000000001,20.0,6.7145355339993475,1.9237,82.09220000000005
CC(C=CC1C(C)C(=O)C(=O)CC1(C)C)=C/C=C/C(C)=C/C=C/C=C(C)/C=C/C=C(C)C=CC1C(C)C(=O)C(=O)CC1(C)C,0,0.18622288911373233,27.772727272727273,596.8520000000001,544.4360000000004,596.3865601439999,236.0,0.0,0.20129623939146069,-0.2908673183625062,0.2908673183625062,0.20129623939146069,68.28,44.0,13.186785593398866,9.193400000000002,182.8599999999994
CCc1c2c(nc3ccc(O)cc13)-c1cc3c(c(=O)n1C2)COC(=O)C3(O)CC,1,0.5079598280970853,19.620689655172413,392.41100000000023,372.25100000000015,392.1372217399999,148.0,0.0,0.3426763382231193,-0.5079413734197454,0.5079413734197454,0.3426763382231193,101.65000000000002,29.0,3.639548598926361,2.3476,105.56760000000003
CC(=O)Nc1ccc(CC(=O)O)cc1,0,0.7592452141623832,9.5,193.202,182.11399999999998,193.073893212,74.0,0.0,0.3073147798475191,-0.4809861732683899,0.4809861732683899,0.3073147798475191,66.4,14.0,3.227272789036236,1.2721,52.08550000000002
Cc1cccc(C)c1OCC(=O)NC(Cc1ccccc1)C(O)CC(Cc1ccccc1)NC(=O)C(C(C)C)N1CCCNC1=O,0,0.19987412374859306,15.782608695652174,628.8139999999999,580.4300000000003,628.362470636,246.0,0.0,0.3175948636598902,-0.4832294652830567,0.4832294652830567,0.3175948636598902,120.0,46.0,12.600827947160498,4.328140000000003,179.5358999999995
Oc1c(Cl)cc(Cl)c2cccnc12,0,0.7295228001546942,10.615384615384615,214.051,209.011,212.97481914,66.0,0.0,0.1601587209457849,-0.5042715900122876,0.5042715900122876,0.1601587209457849,33.120000000000005,13.0,2.0198119629645457,3.2472000000000003,53.42780000000001
Clc1ccc(C(Cn2ccnc2)OCc2ccsc2Cl)c(Cl)c1,1,0.5291897722454129,12.478260869565217,387.71900000000005,374.61500000000007,385.981417076,120.0,0.0,0.10225287458333396,-0.3668346846907715,0.3668346846907715,0.10225287458333396,27.05,23.0,5.6163139293404765,5.8629000000000016,95.54800000000003
CCOc1cc(C(C)(C)C)ccc1C1=NC(C)(c2ccc(Cl)cc2)C(C)(c2ccc(Cl)cc2)N1C(=O)N1CCN(CCCS(C)(=O)=O)CC1,1,0.22529496109572708,21.93877551020408,727.7989999999996,679.4150000000001,726.2773323760001,264.0,0.0,0.3261595324721516,-0.49310311912337657,0.49310311912337657,0.3261595324721516,82.52000000000001,49.0,10.807158973731005,7.754900000000013,200.03179999999935
O=NN(CCCl)C(=O)NC1CCCCC1,1,0.4599613459771248,17.133333333333333,233.69899999999996,217.57099999999997,233.093104432,86.0,0.0,0.34016496497884774,-0.3336851098880215,0.34016496497884774,0.3336851098880215,61.77,15.0,5.388225194722076,2.2509000000000006,58.62570000000003
CNC(=O)C(c1ccccc1)N1CCc2cc(OC)c(OC)cc2[C@H]1CCc1ccc(C(F)(F)F)cc1,0,0.41821270308955394,16.54054054054054,512.5720000000002,481.32400000000024,512.228677512,196.0,0.0,0.4159098368714264,-0.49285922085104455,0.49285922085104455,0.4159098368714264,50.80000000000001,37.0,8.072513460306377,5.7419000000000056,135.71169999999995
COc1ccc(CNC(=O)Nc2ncc([N+](=O)[O-])s2)cc1,0,0.6512093777839975,9.952380952380953,308.319,296.223,308.057925864,110.0,0.0,0.3451814795927101,-0.49676820001946703,0.49676820001946703,0.3451814795927101,106.39000000000001,21.0,4.668787768544588,2.3815999999999997,77.6208
CC(=O)Oc1ccccc1C(=O)Nc1ncc([N+](=O)[O-])s1,0,0.40102665606831556,9.952380952380953,307.28700000000003,298.215,307.026291388,108.0,0.0,0.34518081377713905,-0.4258727084165106,0.4258727084165106,0.34518081377713905,111.43,21.0,4.236101594489083,2.2289000000000003,74.47260000000001
Cn1c([N+](=O)[O-])cnc1COC(N)=O,1,0.5411513287875153,9.785714285714286,200.15399999999997,192.08999999999997,200.054554736,76.0,0.0,0.4045221758031839,-0.43911750921235226,0.43911750921235226,0.4045221758031839,113.28,14.0,2.6528409594387083,-0.07640000000000013,44.234800000000014
Cc1cnc(C(=O)NCCc2ccc(S(=O)(=O)NC(=O)NC3CCCCC3)cc2)cn1,0,0.5981616815314105,14.612903225806452,445.54500000000024,418.32900000000024,445.1783753440001,166.0,0.0,0.3284098908522161,-0.35031779946173125,0.35031779946173125,0.3284098908522161,130.14999999999998,31.0,7.561670281725667,2.0781199999999993,114.97440000000005
Oc1[nH]c(O)c(-c2cn3c4c(cccc24)CCC3)c1-c1c[nH]c2ccccc12,0,0.3475702607684132,13.571428571428571,369.42400000000004,350.2720000000001,369.14772684800005,138.0,0.0,0.19954494338784187,-0.4940545363819848,0.4940545363819848,0.19954494338784187,76.97,28.0,3.010542634583986,5.142100000000003,110.66799999999999
O=C(O)Cc1ccccc1Nc1c(Cl)cccc1Cl,0,0.8807285394160607,10.210526315789474,296.153,285.06499999999994,295.01668395200005,98.0,0.0,0.30739587692442316,-0.4809852135804913,0.4809852135804913,0.30739587692442316,49.33,19.0,4.298278450062384,4.364100000000001,77.52650000000003
CC(Oc1ccc2[nH]nc(C=Cc3cnn(CCO)c3)c2c1)c1c(Cl)cncc1Cl,0,0.42905829723665984,12.666666666666666,444.3220000000001,425.1700000000002,443.09158020800004,154.0,0.0,0.12390252055766249,-0.4858975960818899,0.4858975960818899,0.12390252055766249,88.85,30.0,6.033572918798474,4.763900000000003,117.6345
Cc1ccc(C(=O)NCCCCCC(=O)Nc2ccccc2N)cc1,0,0.5081621255795455,10.28,339.439,314.23900000000003,339.19467704000004,132.0,0.0,0.25077837668221803,-0.397045666243145,0.397045666243145,0.25077837668221803,84.22,25.0,7.0141716571542165,3.506120000000001,101.46430000000002
O=C(Nc1cc(Oc2cc(F)c(NC(=O)C3(C(=O)Nc4ccc(F)cc4)CC3)cc2F)ccn1)C1CC1,1,0.3698654229111989,15.432432432432432,510.4720000000002,489.30400000000026,510.1514898120001,190.0,0.0,0.2396642635612919,-0.45397778837669217,0.45397778837669217,0.2396642635612919,109.42,37.0,6.280183030125625,4.997100000000003,127.3491
O=c1[nH]c(C2CCCN2)nc2c1oc1ccc(Cl)cc12,1,0.7224683040728447,19.15,289.72200000000004,277.626,289.061804304,102.0,0.0,0.2941588543262814,-0.4485028931951322,0.4485028931951322,0.2941588543262814,70.92,20.0,2.5822682903316045,2.747200000000001,77.12340000000002
CC(N)C12CC3CC(CC(C3)C1)C2,0,0.657471607480536,55.38461538461539,179.30699999999996,158.13899999999995,179.167399672,74.0,0.0,0.006728513062846392,-0.32743961660712406,0.32743961660712406,0.006728513062846392,26.02,13.0,1.59455492033267,2.5500000000000007,54.25440000000004
CON=C(C(=O)NC1C(=O)N2C(C(=O)OCOC(=O)C(C)(C)C)=C(C)CS[C@H]12)c1csc(N)n1,0,0.1762772170137272,20.323529411764707,511.5820000000002,486.38200000000023,511.11954014000014,184.0,0.0,0.35743246494079406,-0.4274382533280727,0.4274382533280727,0.35743246494079406,162.51,34.0,7.505485727143752,0.8396999999999999,124.30110000000003
CN1CCC(COc2cnc(-c3cccc(Cn4nc(-c5cccc(C#N)c5)ccc4=O)c3)nc2)CC1,1,0.3845344905374436,14.27027027027027,492.58300000000025,464.3590000000003,492.22737413600004,186.0,0.0,0.2665797205657505,-0.49005852263015165,0.49005852263015165,0.2665797205657505,96.92999999999999,37.0,7.334574980029984,4.007880000000003,140.93399999999986
O=C(C=Cn1cnc(-c2cc(C(F)(F)F)cc(C(F)(F)F)c2)n1)NNc1ccccn1,1,0.3547307456562738,12.193548387096774,442.323,430.2270000000001,442.09767832400007,162.0,0.0,0.41594870700324216,-0.28163589348125534,0.41594870700324216,0.28163589348125534,84.73,31.0,5.945842556913083,3.9917000000000016,96.7944
CC(=O)OCC(=O)NCCCOc1cccc(CN2CCCCC2)c1,0,0.5468456379677686,14.76,348.44300000000015,320.2190000000001,348.204907376,138.0,0.0,0.3026352094302752,-0.4935194131103087,0.4935194131103087,0.3026352094302752,67.87,25.0,8.250382535688011,2.1206999999999994,95.32470000000005
O=C(Nc1ccccc1)c1ccccc1O,0,0.8052241874500292,9.75,213.236,202.14799999999994,213.078978592,80.0,0.0,0.25891567927152453,-0.5071215491603372,0.5071215491603372,0.25891567927152453,49.33,16.0,2.869916888386396,2.644500000000001,62.50200000000003
COC1=CC(=O)C[C@@H](C)[C@]12Oc1c(Cl)c(OC)cc(OC)c1C2=O,0,0.8326610784751867,25.208333333333332,352.7700000000001,335.63400000000007,352.071365944,128.0,0.0,0.2307250674399266,-0.4961675184474632,0.4961675184474632,0.2307250674399266,71.06,24.0,3.953287297798878,2.8103000000000007,86.12550000000006
O=c1cc(O)[nH]cc1Cl,1,0.5657372151832192,9.444444444444445,145.545,141.51299999999998,144.993056048,48.0,0.0,0.2034543974181211,-0.494482294203622,0.494482294203622,0.2034543974181211,53.089999999999996,9.0,1.443295141552848,0.7338999999999999,33.7375
CC(=Cc1ccccc1)C=C1SC(=S)N(CC(=O)O)C1=O,0,0.6829097001636526,17.666666666666668,319.40700000000004,306.30300000000005,319.03368527599997,108.0,0.0,0.32320746684558144,-0.47991304543699065,0.47991304543699065,0.32320746684558144,57.61000000000001,21.0,4.927293847087815,2.918700000000001,87.71380000000005
Cc1cncc(CN2CCC(=C3c4ccc(Cl)cc4CCc4cccnc43)CC2)c1,0,0.5423100667192595,16.733333333333334,415.96800000000025,389.7600000000002,415.181525512,152.0,0.0,0.0739193664254782,-0.29838982658844143,0.29838982658844143,0.0739193664254782,29.020000000000003,30.0,5.406409763487208,5.6349200000000055,122.60400000000004
O=C(O)c1cccnc1,1,0.5998689433499305,8.88888888888889,123.11099999999998,118.07099999999998,123.0320284,46.0,0.0,0.3367585014987567,-0.47759863228441196,0.47759863228441196,0.3367585014987567,50.19,9.0,1.4437731954449224,0.7797999999999999,31.196299999999994
CC(C)N=c1cc2n(-c3ccc(Cl)cc3)c3ccccc3nc-2cc1Nc1ccc(Cl)cc1,0,0.2749298454816666,12.090909090909092,473.40700000000015,451.2310000000002,472.12215206400003,164.0,0.0,0.09001477424749924,-0.3537102689764508,0.3537102689764508,0.09001477424749924,42.21,33.0,5.793599404429575,7.489800000000005,138.13569999999993
Cc1[nH]c2ccccc2c1CCNCc1ccc(C=CC(O)=NO)cc1,1,0.16989026391880435,12.26923076923077,349.43399999999997,326.25000000000006,349.179026976,134.0,0.0,0.24707022536742929,-0.49121085164369566,0.49121085164369566,0.24707022536742929,80.64,26.0,5.710318248366999,4.167520000000002,105.77270000000006
Cc1ccc(-c2nc(N)nc3c2nnn3Cc2cccc(CO[C@H]3CCOC3)n2)o1,1,0.51100368710531,16.5,407.4340000000003,386.2660000000002,407.17058753199996,154.0,0.0,0.2223752822464398,-0.45966298340627426,0.45966298340627426,0.2223752822464398,127.0,30.0,4.8515083887435475,2.1207200000000004,107.32140000000001
CC(=O)OC1CC2CCC3C(CCC4(C)C3CC([N+]3(C)CCCCC3)C4OC(C)=O)C2(C)CC1N1CCCCC1,0,0.31510980825878027,46.925,557.8400000000003,500.3840000000004,557.4312847240899,226.0,0.0,0.3026503849097713,-0.46088195489933165,0.46088195489933165,0.3026503849097713,55.84,40.0,7.85279037064813,5.965900000000007,156.37039999999976
Cc1ncc(CO)c(CO)c1O,0,0.5858308475922274,10.25,169.18,158.09199999999996,169.073893212,66.0,0.0,0.14214237498624613,-0.5056586544704539,0.5056586544704539,0.14214237498624613,73.58000000000001,12.0,2.6228048042044008,0.08021999999999985,42.484400000000015
CNC1C(O)C(OC2C(NC(=O)C(O)CN)CC(N)C(OC3OC(CN)C(O)C(O)C3O)C2O)OCC1(C)O,0,0.122642958886029,47.94871794871795,569.6090000000002,526.2650000000003,569.2908218159998,228.0,0.0,0.24997186287102804,-0.38754114752529234,0.38754114752529234,0.24997186287102804,297.72,39.0,10.990105884038952,-7.524400000000007,130.29120000000003
CC1CC2C3CC(F)C4=CC(=O)C=CC4(C)C3(F)C(O)CC2(C)C1(O)C(=O)CO,0,0.645896165264526,53.724137931034484,410.4570000000002,382.2330000000002,410.1904804359999,160.0,0.0,0.18990619228869718,-0.38971238228784916,0.38971238228784916,0.18990619228869718,94.83,29.0,4.34209468834497,1.8436999999999997,100.22340000000004
CN1CCC(=C2c3ccccc3CC(=O)c3sccc32)CC1,0,0.7325276241844828,18.863636363636363,309.4340000000001,290.282,309.11873522800005,112.0,0.0,0.17729496902076006,-0.3057312648500038,0.3057312648500038,0.17729496902076006,20.310000000000002,22.0,3.472238216875454,4.014400000000004,91.54850000000005
O=c1ncccn1C1OC(CO)C(O)C1O,0,0.5330176479739586,34.1875,228.204,216.10799999999995,228.074621484,88.0,0.0,0.34922067849269695,-0.3935668538876596,0.3935668538876596,0.34922067849269695,104.81000000000002,16.0,3.0137182399343145,-2.1451999999999996,51.50640000000003
COCCCOc1cc(CC(CC(N)C(O)CC(C(=O)NCC(C)(C)C(N)=O)C(C)C)C(C)C)ccc1OC,0,0.19299410257077068,15.076923076923077,551.7690000000003,498.34500000000037,551.393436416,224.0,0.0,0.22435827259113805,-0.49286966576562496,0.49286966576562496,0.22435827259113805,146.13,39.0,14.82386279867158,3.2935000000000043,154.54329999999976
COc1cc2c(c(OC)c1OC)-c1c(cc3c(c1OC)OCO3)CC(C)C(C)C2,0,0.7539077537283465,19.517241379310345,400.47100000000023,372.2470000000002,400.18858861599995,156.0,0.0,0.23101712510310954,-0.49270383752199165,0.49270383752199165,0.23101712510310954,55.38000000000001,29.0,5.1087440198183245,4.487500000000004,109.94500000000009
O=C(C=Cc1ccccc1)OCC1OC(OC2OC=CC3C(O)C4OC4(CO)C23)C(O)C(O)C1O,0,0.17383161633616698,43.91428571428571,492.47700000000015,464.2530000000003,492.1631617159999,190.0,0.0,0.3303579297030386,-0.472323005560546,0.472323005560546,0.3303579297030386,167.67000000000002,35.0,6.679115393519419,-1.3259999999999985,115.89100000000002
CC(CSC(=O)c1ccccc1)C(=O)N1C[C@@H](Sc2ccccc2)CC1C(=O)O,0,0.7159433152147232,19.689655172413794,429.56300000000016,406.3790000000002,429.10685021599994,152.0,0.0,0.32595925038134543,-0.4797116105294552,0.4797116105294552,0.32595925038134543,74.68,29.0,7.386827053740609,4.042500000000002,116.23530000000004
CCC(C(N)=O)N1CCCC1=O,0,0.6410492145588488,19.75,170.212,156.1,170.105527688,68.0,0.0,0.23971775495040148,-0.3678820428687549,0.3678820428687549,0.23971775495040148,63.400000000000006,12.0,2.6787638394747435,-0.12729999999999997,44.22040000000001
CC1(C(=O)O)CCC2(C)CCC3(C)C4=CC(=O)c5c(cc(O)c(O)c5C=O)C4(C)CCC3(C)C2C1,1,0.3649252619640819,42.142857142857146,480.60100000000034,444.3130000000003,480.2511888719999,188.0,0.0,0.3088560838273878,-0.5042353800117084,0.5042353800117084,0.3088560838273878,111.9,35.0,4.804566121472348,5.788200000000008,130.79740000000004
O=P(O)(O)C(O)(Cc1cccnc1)P(=O)(O)O,0,0.46963036869810065,13.705882352941176,283.113,272.025,283.001074952,96.0,0.0,0.3692984495970306,-0.3672694624845192,0.3692984495970306,0.3672694624845192,148.18,17.0,3.9051846442888367,-0.3744000000000002,56.979000000000035
COCC(c1ccc(C(F)(F)F)cc1)N1CCN(C2(C)CCN(C(=O)c3c(C)ncnc3C)CC2)CC1C,1,0.545116515095989,21.894736842105264,533.6390000000004,495.3350000000004,533.2977601160001,208.0,0.0,0.415909853020511,-0.38270286643824813,0.415909853020511,0.38270286643824813,61.800000000000004,38.0,8.441991488717404,4.500740000000004,138.85049999999993
COc1ccc(CNc2nc(N(CCO)CCO)nc3c2ncn3C(C)C)cc1,1,0.4729081994849083,11.241379310344827,400.48300000000006,372.2590000000001,400.222288756,156.0,0.0,0.2291075569473972,-0.49676820001969074,0.49676820001969074,0.2291075569473972,108.56,29.0,6.839381760849415,1.8188999999999997,112.41330000000002
O=C1Nc2ccc(Cl)cc2C(C#CC2CC2)(C(F)(F)F)O1,0,0.7328090954055055,24.285714285714285,315.67799999999994,306.60599999999994,315.027390868,110.0,0.0,0.4447293702202634,-0.4149148311825576,0.4447293702202634,0.4149148311825576,38.33,21.0,3.062895944788035,4.073100000000001,69.7887
O=c1cccc2n1C[C@@H]1CNCC2C1,0,0.6481364433522537,29.714285714285715,190.24599999999998,176.13399999999996,190.110613068,74.0,0.0,0.2502318951828206,-0.3157226764436318,0.3157226764436318,0.2502318951828206,34.03,14.0,1.7375725626600789,0.5549999999999999,54.41970000000003
COc1cc(Nc2ncc3c(n2)-c2ccc(Cl)cc2C(c2c(F)cccc2OC)=NC3)ccc1C(=O)O,0,0.3347159311313273,12.054054054054054,518.9320000000004,498.7720000000004,518.1157110199999,186.0,0.0,0.3389800375925358,-0.4959412948514013,0.4959412948514013,0.3389800375925358,105.92999999999999,37.0,6.454078502208465,5.746100000000004,138.00899999999993
CC(COc1ccccc1)N(CCCl)Cc1ccccc1,0,0.6778826115024819,12.333333333333334,303.83299999999997,281.65700000000004,303.138992004,112.0,0.0,0.11887603610460104,-0.4919781573412087,0.4919781573412087,0.11887603610460104,12.47,21.0,6.5789912543611315,4.194900000000003,88.97100000000006
Cc1cc2c(F)c(Oc3ncnn4cc(OCC(C)O)c(C)c34)ccc2[nH]1,1,0.5614878444434998,12.62962962962963,370.3840000000001,351.23200000000014,370.14411868800005,140.0,0.0,0.24709419379715053,-0.4889256093223477,0.4889256093223477,0.24709419379715053,84.67000000000002,27.0,4.194112798899123,3.518440000000002,97.96750000000003
CCC1=C(C)CN(C(=O)NCCc2ccc(S(=O)(=O)NC(=O)NC3CCC(C)CC3)cc2)C1=O,1,0.5417624275928407,20.91176470588235,490.6260000000003,456.35400000000027,490.224991188,186.0,0.0,0.328409893474734,-0.33726814937632443,0.33726814937632443,0.328409893474734,124.68,34.0,8.34980670004006,3.0740000000000016,128.52190000000004
CCNC1CN(CCCOC)S(=O)(=O)c2sc(S(N)(=O)=O)cc21,0,0.6441091760572242,21.26086956521739,383.5170000000001,362.3490000000001,383.064333772,132.0,0.0,0.25249937052226124,-0.38463891587926013,0.38463891587926013,0.25249937052226124,118.79999999999998,23.0,5.821414206961938,0.08690000000000164,87.36170000000004
Nc1ccc2cc3ccc(N)cc3nc2c1,1,0.44144726269288276,11.0,209.25199999999998,198.16399999999996,209.095297352,78.0,0.0,0.07297321027631855,-0.3986653262993458,0.3986653262993458,0.07297321027631855,64.93,16.0,1.738811228051383,2.5524000000000004,68.0738
O=C(Nc1c[nH]nc1-c1nc2cc(CN3CCOCC3)ccc2[nH]1)NC1CC1,1,0.5406836414671592,17.714285714285715,381.4400000000001,358.25600000000014,381.1913229760001,146.0,0.0,0.31906074456335437,-0.37879229044855,0.37879229044855,0.31906074456335437,110.96000000000001,28.0,4.455080971761151,2.0690999999999997,104.94780000000003
CN1CCCC(n2nc(Cc3ccc(Cl)cc3)c3ccccc3c2=O)CC1,0,0.678552511607709,18.51851851851852,381.9070000000002,357.71500000000015,381.1607900679999,140.0,0.0,0.2744060270110011,-0.30628702166587973,0.30628702166587973,0.2744060270110011,38.13,27.0,5.278978338337971,4.297500000000004,110.64600000000006
Cc1ccc(NC(=O)c2ccc(CN3CCN(C)CC3)cc2)cc1Nc1nccc(-c2cccnc2)n1,0,0.38941616262964607,14.324324324324325,493.6150000000002,462.3670000000003,493.2590086120001,188.0,0.0,0.2551591618569856,-0.3238440024866884,0.3238440024866884,0.2551591618569856,86.28000000000002,37.0,7.485474000422125,4.590320000000004,146.8938999999998
OB1OCc2cc(F)ccc21,0,0.5315735345293469,15.272727272727273,151.933,145.885,152.044488052,56.0,0.0,0.49126689841737575,-0.42304531572952175,0.49126689841737575,0.42304531572952175,29.46,11.0,1.4399355002374716,0.043399999999999994,38.79580000000002
Cc1cc(C)c(CNC(=O)c2cc(-c3ccc(CN4CCOCC4)cc3)cc3c2cnn3C2CCCC2)c(=O)[nH]1,0,0.3491222108159474,16.55,539.6800000000004,502.38400000000036,539.289640044,208.0,0.0,0.2528954261948089,-0.37879229044872875,0.37879229044872875,0.2528954261948089,92.25,40.0,7.538492844747951,4.885740000000005,156.4768999999997
Nc1nc(=O)c2[nH]nnc2[nH]1,0,0.4303161239320504,10.545454545454545,152.11700000000002,148.085,152.044658748,56.0,0.0,0.3016185946215871,-0.3692470540880041,0.3692470540880041,0.3016185946215871,113.34,11.0,0.9446480094751462,-1.3766000000000003,36.71679999999999
CN1CCCC1c1cccnc1,0,0.6261518225795569,24.583333333333332,162.236,148.12399999999997,162.115698448,64.0,0.0,0.03602966651698951,-0.2993071487901656,0.2993071487901656,0.03602966651698951,16.130000000000003,12.0,2.0861410380137766,1.8483,48.842000000000034
CC(=O)NS(=O)(=O)c1ccc(N)cc1,0,0.6828174314400922,10.928571428571429,214.246,204.16599999999997,214.04121318,76.0,0.0,0.2635356902838381,-0.39872771712745186,0.39872771712745186,0.2635356902838381,89.26,14.0,2.7555533338788614,0.0935999999999998,51.85690000000002
C=C[C@@H]1C[N@@]2CC[C@H]1C[C@@H]2[C@H](O)c1ccnc2ccc(OC)cc12,0,0.8776016184783941,30.25,324.4240000000001,300.232,324.183778008,126.0,0.0,0.11912444576873175,-0.4967429396078586,0.4967429396078586,0.11912444576873175,45.59,24.0,4.024010428824048,3.1732000000000014,95.02680000000007
CC(C)(C)c1ccc(C(=O)CCCN2CCC(OC(c3ccccc3)c3ccccc3)CC2)cc1,0,0.30994100504194527,15.428571428571429,469.6690000000001,430.3570000000003,469.29807948800004,184.0,0.0,0.16242164729690728,-0.36545950923880255,0.36545950923880255,0.16242164729690728,29.540000000000003,35.0,8.53752100742943,7.217600000000008,143.98049999999984
CCOc1cc2ncc(C#N)c(Nc3ccc(OCc4ccccn4)c(Cl)c3)c2cc1NC(=O)C=CCN(C)C,1,0.2184754595815899,11.0,557.054,527.8220000000002,556.1989664680001,204.0,0.0,0.2476891905287519,-0.49161715695475083,0.49161715695475083,0.2476891905287519,112.39999999999999,40.0,9.51703668567625,5.932480000000005,157.2543999999997
COc1nc(C)nc(Cl)c1NC1=NCCN1,0,0.750440465982924,14.3125,241.68200000000002,229.586,241.07303768399998,86.0,0.0,0.24206810939675005,-0.4793898374486964,0.4793898374486964,0.24206810939675005,71.43,16.0,3.0941518491480324,0.8181199999999997,62.258400000000016
CC(=O)NC(C=O)C(O)C(O)[C@H](O)CO,0,0.29995584914552287,18.733333333333334,221.209,206.08899999999997,221.0899372,88.0,0.0,0.21703393897661724,-0.3935791362015202,0.3935791362015202,0.21703393897661724,127.09000000000002,15.0,6.021835243513815,-3.234999999999999,48.77490000000003
O=C(NCC1CN(c2ccc(N3CCOCC3=O)cc2)C(=O)O1)c1ccc(Cl)s1,0,0.7792136827945354,19.413793103448278,435.8890000000001,417.7450000000001,435.0655693559999,152.0,0.0,0.41431489878227823,-0.44204577978261245,0.44204577978261245,0.41431489878227823,88.18,29.0,5.701558195397033,2.5199000000000007,108.89120000000001
CCCN1CCCCC1C(=O)Nc1c(C)cccc1C,0,0.9109962827378179,19.85,274.408,248.19999999999996,274.204513452,110.0,0.0,0.2412445161795791,-0.3242349493734249,0.3242349493734249,0.2412445161795791,32.34,20.0,5.183127702736455,3.5064400000000013,84.04870000000005
CON=C(C(=O)NC1C(=O)N2C(C(=O)OC(C)OC(C)=O)=C(COC(N)=O)CS[C@H]12)c1ccco1,0,0.14747154295004614,20.257142857142856,510.4810000000003,488.3050000000003,510.1056639039999,188.0,0.0,0.40431690463915587,-0.4623749188216791,0.4623749188216791,0.40431690463915587,189.06,35.0,8.007800204701578,-0.16829999999999856,117.15809999999999
COc1cc(OC)c(C=CS(=O)(=O)Cc2ccc(OC)c(NCC(=O)O)c2)c(OC)c1,0,0.5311391582358496,11.225806451612904,451.49700000000024,426.29700000000025,451.13008776,168.0,0.0,0.32238834431815605,-0.4964801366593755,0.4964801366593755,0.32238834431815605,120.39000000000001,31.0,8.144943862010496,2.8032000000000004,116.87530000000007
OCC1OC(c2ccc(F)c(Cc3cc4ccccc4s3)c2)C(O)C(O)C1O,0,0.5350799042727957,27.964285714285715,404.459,383.2910000000001,404.1093729919999,148.0,0.0,0.1262854737129275,-0.39356817907206765,0.39356817907206765,0.1262854737129275,90.15,28.0,5.463030213871152,2.1461,103.75120000000003
Cc1ccsc1C(=CCCN1CCCC(C(=O)O)C1)c1sccc1C,0,0.7683688060325685,18.24,375.5590000000001,350.3590000000001,375.13267104,134.0,0.0,0.3072953769035827,-0.4809909260144177,0.4809909260144177,0.3072953769035827,40.540000000000006,25.0,6.0965670547066,5.044840000000004,106.60780000000004
O=C(O)c1ccc2c(c1)nc(Nc1cccc(Cl)c1)c1ccncc12,1,0.5155344149379018,10.92,349.7770000000001,337.6810000000001,349.061804304,122.0,0.0,0.33525886169816627,-0.4776383143059149,0.4776383143059149,0.33525886169816627,75.11,25.0,3.7050416184618484,4.878200000000002,98.73800000000001
Cc1cnc(Nc2ccc(OCCN3CCCC3)cc2)nc1Nc1cccc(S(=O)(=O)NC(C)(C)C)c1,1,0.3463330582394301,14.486486486486486,524.6910000000001,488.4030000000003,524.256960012,198.0,0.0,0.24061694859105714,-0.4922621205086081,0.4922621205086081,0.24061694859105714,108.48000000000002,37.0,8.308624067887287,4.823620000000004,147.46189999999984
CCC(CC)OC1C=C(C(=O)O)CC(N)C1NC(C)=O,0,0.6695904372983081,26.25,284.356,260.164,284.173607248,114.0,0.0,0.3308900501168329,-0.47788026819505147,0.47788026819505147,0.3308900501168329,101.65,20.0,6.162136424731183,0.8069000000000008,75.15890000000003
Cc1nc(-c2cn3c(n2)-c2ccc(-c4cnn(C(C)(C)C(N)=O)c4)cc2OCC3)n(C(C)C)n1,0,0.4886019298975352,13.352941176470589,460.5420000000003,432.3180000000002,460.233522136,176.0,0.0,0.24433068651988948,-0.49093772026826993,0.49093772026826993,0.24433068651988948,118.67,34.0,5.0331986516012375,3.174220000000002,127.03340000000003
CCN(C(=O)c1c(O)c2c(Cl)cccc2n(C)c1=O)c1ccccc1,0,0.7800199543493577,10.84,356.8090000000001,339.6730000000001,356.092770084,128.0,0.0,0.267207104099638,-0.5061311386314299,0.5061311386314299,0.267207104099638,62.540000000000006,25.0,4.505225711035902,3.5642000000000014,99.6563
Cc1ncc(C[n+]2csc(CCO)c2C)c(N)n1,0,0.79412732636072,10.833333333333334,265.36199999999997,248.22599999999997,265.11175858409,96.0,0.0,0.22499599742970383,-0.3959959313437732,0.3959959313437732,0.22499599742970383,75.91,18.0,3.881283345647817,0.60774,70.32420000000002
CCCC(=O)OCOC(=O)C1=C(C)N=C(C)C(C(=O)OC)C1c1cccc(Cl)c1Cl,0,0.4446312097138057,18.533333333333335,456.3220000000001,433.13800000000015,455.090242816,162.0,0.0,0.3388997495943833,-0.4684884066263192,0.4684884066263192,0.3388997495943833,91.26,30.0,8.434623989560544,4.458700000000004,112.47700000000003
Nc1cc(C(Cl)=C(Cl)Cl)c(S(N)(=O)=O)cc1S(N)(=O)=O,1,0.6666863253075505,12.25,380.66200000000015,372.5980000000001,378.90218077599997,112.0,0.0,0.2396406515787381,-0.39761080110695035,0.39761080110695035,0.2396406515787381,146.34,20.0,4.970374049995981,0.9060999999999999,78.0798
CC1(C)O[C@@H]2C[C@H]3[C@@H]4CC=C5CC(=O)CC[C@]5(C)[C@@]4(F)[C@@H](O)C[C@]3(C)[C@]2(C(=O)CCl)O1,0,0.5058892556295257,52.61290322580645,454.96600000000024,422.71000000000015,454.1922300239999,172.0,0.0,0.18219881308639077,-0.38972524572303735,0.38972524572303735,0.18219881308639077,72.83,31.0,4.539906391829144,3.889300000000003,112.32680000000005
CCCCCCCCCCCCCCCC[n+]1ccccc1,0,0.2586149443943418,10.954545454545455,304.5419999999999,266.23799999999994,304.29987663609,126.0,0.0,0.1682694500299746,-0.20512568184676752,0.20512568184676752,0.1682694500299746,3.88,22.0,13.142627363099892,6.455400000000006,96.94900000000008
C#CC1(O)CCC2C3CC=C4CC(=O)CCC4C3CCC21CC,0,0.5891015802430087,48.73913043478261,312.4530000000001,284.229,312.208930136,124.0,0.0,0.13646102229013607,-0.37702276862970435,0.37702276862970435,0.13646102229013607,37.3,23.0,3.5042081929403865,3.8826000000000036,90.49280000000006
COc1cc(F)c(C(C)C)cc1-c1ccc(C(F)(F)F)cc1CN1C(=O)OC(c2cc(C(F)(F)F)cc(C(F)(F)F)c2)C1C,0,0.25281403019342724,17.795454545454547,637.5140000000002,612.3140000000003,637.16747586,238.0,0.0,0.4159373869276589,-0.4960031675378967,0.4960031675378967,0.4159373869276589,38.769999999999996,44.0,8.615297390869744,9.763099999999996,138.1519999999999
O=c1ccn(C2OC(CO)C(O)C2O)c(=O)[nH]1,0,0.4435105912731592,32.88235294117647,244.20300000000003,232.10699999999997,244.069536104,94.0,0.0,0.3300353855229543,-0.3935668538877665,0.3935668538877665,0.3300353855229543,124.78,17.0,3.1134006387985904,-2.8519,54.33210000000002
Clc1ccc(CSC(Cn2ccnc2)c2ccc(Cl)cc2Cl)cc1,0,0.4710605975806781,12.291666666666666,397.75800000000015,382.63800000000003,396.00215252000004,124.0,0.0,0.09458922781992196,-0.33604001741008366,0.33604001741008366,0.09458922781992196,17.82,24.0,6.118771093474426,6.518000000000003,104.17700000000002
COCC1(CO)C(=O)C2CCN1CC2,0,0.6752484885661072,41.714285714285715,199.24999999999994,182.11399999999998,199.120843404,80.0,0.0,0.16048728737448606,-0.3938713375693506,0.3938713375693506,0.16048728737448606,49.77,14.0,2.5958875156882177,-0.3413999999999997,50.996800000000036
CNCC(O)c1ccc(O)c(O)c1,0,0.5101568892419974,12.76923076923077,183.207,170.10299999999995,183.089543276,72.0,0.0,0.157261455960404,-0.5042598752600684,0.5042598752600684,0.157261455960404,72.72,13.0,3.1082064159893266,0.35060000000000013,48.658100000000026
Oc1cc(Cl)ccc1Oc1ccc(Cl)cc1Cl,0,0.8286850628089901,10.294117647058824,289.54499999999996,282.489,287.951162504,88.0,0.0,0.1687139016630331,-0.5042031316845323,0.5042031316845323,0.1687139016630331,29.46,17.0,3.671656812464392,5.144700000000002,69.65280000000003
NCC1CCC(C(=O)O)CC1,0,0.6238523859342106,31.727272727272727,157.21299999999997,142.09299999999996,157.11027872,64.0,0.0,0.30598752340347724,-0.48102645978637704,0.48102645978637704,0.30598752340347724,63.32000000000001,11.0,2.8797925810407174,0.8361000000000001,42.13820000000001
CC1=C[C@H](O)CC(C)(C)[C@H]1/C=C/C(C)=C/C=C/C(C)=C/C=C/C=C(C)/C=C/C=C(C)/C=C/C1=C(C)C[C@@H](O)CC1(C)C,0,0.20323042937829597,26.571428571428573,568.8860000000002,512.4380000000004,568.428031032,228.0,0.0,0.07285955867439513,-0.39276353474490433,0.39276353474490433,0.07285955867439513,40.46,42.0,13.477666503328543,10.403299999999993,184.10159999999948
COC(=O)C1=C(C)N=C(C)C(C(=O)OCCN(C)Cc2ccccc2)C1c1cccc([N+](=O)[O-])c1,0,0.3046734672505801,17.685714285714287,479.5330000000002,450.30100000000033,479.205635648,184.0,0.0,0.335741177920443,-0.46558738736915556,0.46558738736915556,0.335741177920443,111.34,35.0,8.483960046660316,3.891300000000003,130.88739999999999
Cc1c(CN2CCN(C(=O)C(C)O)CC2)sc2c(N3CCOCC3)nc(-c3cnc(N)nc3)nc12,0,0.5224751743548602,18.257142857142856,498.61300000000034,468.3730000000003,498.2161578200001,186.0,0.0,0.25070604055576634,-0.3835637102105892,0.3835637102105892,0.25070604055576634,133.82999999999998,35.0,6.781582846702549,0.9005200000000009,134.1602
CC(C)=CCCC(C)=CCCC(C)=CCSc1ccccc1C(=O)O,0,0.365073939528556,12.16,358.547,328.3070000000001,358.19665119999996,136.0,0.0,0.33632800059311707,-0.4776099460768756,0.4776099460768756,0.33632800059311707,37.3,25.0,10.01390893629624,6.896100000000007,109.53830000000008
CC(=O)OC1(C(C)=O)CCC2C3=C(C4=C(CC3)CC(=O)CC4)C(c3ccc(N(C)C)cc3)CC21C,0,0.5238596899385293,32.08571428571429,475.62900000000025,438.3330000000003,475.27225866400005,186.0,0.0,0.3031421065561949,-0.450627304403708,0.450627304403708,0.3031421065561949,63.68000000000001,35.0,5.806994418261027,5.687100000000006,136.27999999999994
Cn1cc(-c2cnn3c(N)c(Br)c([C@@H]4CCCNC4)nc23)cn1,0,0.7140984069156686,18.608695652173914,376.26200000000017,358.1180000000001,375.0807056760001,120.0,0.0,0.16516128036097266,-0.38258213310844286,0.38258213310844286,0.16516128036097266,86.06,23.0,3.5730223923263362,1.9414999999999998,92.14610000000002
c1ccc(C2CN3CCSC3=N2)cc1,0,0.6962524977611556,25.0,204.298,192.20199999999997,204.072119384,72.0,0.0,0.15953880297235293,-0.3481328131565979,0.3481328131565979,0.15953880297235293,15.6,14.0,1.9787003008109179,2.1460999999999997,60.64900000000002
Cc1onc(-c2ccccc2Cl)c1C(=O)NC1C(=O)N2C1SC(C)(C)C2C(=O)O,0,0.7092649200190689,24.75862068965517,435.8890000000002,417.7450000000002,435.0655693559999,152.0,0.0,0.32739938471432256,-0.479672802365529,0.479672802365529,0.32739938471432256,112.74,29.0,4.620241767523618,2.5487200000000003,106.66800000000003
Nc1nc(F)nc2c1ncn2C1OC(COP(=O)(O)O)C(O)C1O,1,0.3061718952925077,27.875,365.21400000000006,352.1100000000001,365.0536626059999,132.0,0.0,0.46917068506123877,-0.3874194759670717,0.46917068506123877,0.3874194759670717,186.07,24.0,4.252677655493663,-1.7239000000000007,73.6131
COC(=O)CCc1ccc(OCC(O)CNC(C)C)cc1,0,0.6762987306145708,12.238095238095237,295.379,270.179,295.17835828,118.0,0.0,0.3053400332585853,-0.49084911277295223,0.49084911277295223,0.3053400332585853,67.79,21.0,7.787149612960995,1.5298999999999996,81.41950000000004
CN(C)CCOc1ccc(C(=C(CCCl)c2ccccc2)c2ccccc2)cc1,1,0.30945335399668383,12.0,405.969,377.7450000000002,405.185942196,150.0,0.0,0.11890333123059868,-0.4922644944709208,0.4922644944709208,0.11890333123059868,12.47,29.0,7.917363413593923,6.215000000000006,124.62800000000003
CC1=C2CC(=O)C=CC2(C)C2C(O)CC3(C)C(CCC3(O)C(=O)CO)C2C1,0,0.6423704343087985,48.888888888888886,374.47700000000015,344.2370000000001,374.2093240599999,148.0,0.0,0.1896291645791226,-0.39276049526223156,0.39276049526223156,0.1896291645791226,94.83,27.0,4.124157049932753,1.9477,99.66540000000005
COC(=O)C1C(O)CCC2CN3CCc4c([nH]c5ccccc45)C3CC21,0,0.7729574057454922,34.0,354.45000000000005,328.24200000000013,354.194342692,138.0,0.0,0.31108605578335624,-0.46871279605772453,0.46871279605772453,0.31108605578335624,65.56,26.0,3.832002959520772,2.647100000000001,98.66050000000004
FC(F)(F)Oc1ccc(-c2ccc3nnc(C(F)(F)F)n3c2)cc1,0,0.6486001298355804,12.583333333333334,347.218,340.16200000000003,347.049331164,126.0,0.0,0.5725963034143567,-0.4057992913526199,0.5725963034143567,0.4057992913526199,39.42,24.0,3.6149907460482935,4.313700000000002,70.108
CCC(C)SSc1ncc[nH]1,0,0.7364257627105035,13.272727272727273,188.32100000000003,176.225,188.044190384,62.0,0.0,0.17562399906077553,-0.33898418059701557,0.33898418059701557,0.17562399906077553,28.68,11.0,3.8628376104127367,2.948500000000001,51.78870000000002
COc1cccc(-c2cc(F)ccc2C2Cc3nc(N)nc(C)c3C(=O)N2)n1,1,0.7250932416971824,15.678571428571429,379.3950000000001,361.2510000000001,379.144453036,142.0,0.0,0.2549821887061297,-0.4809694663344813,0.4809694663344813,0.2549821887061297,103.02,28.0,4.383775413782076,2.60412,101.27560000000003
CN(C)CC=CC(=O)Nc1cc2c(Nc3ccc(F)c(Cl)c3)ncnc2cc1OC1CCOC1,1,0.45729335341237065,15.852941176470589,485.94700000000023,460.74700000000024,485.16299556,178.0,0.0,0.2476891980311076,-0.48566773855048334,0.48566773855048334,0.2476891980311076,88.61000000000001,34.0,7.563521951848693,4.389900000000002,130.4064
COc1cc(C(C)=O)ccc1O,0,0.6786166527324065,9.5,166.176,156.09599999999998,166.06299418,64.0,0.0,0.16069995325019046,-0.5042543208289495,0.5042543208289495,0.16069995325019046,46.53,12.0,2.3308832049007533,1.6034,44.66330000000002
Oc1ccc(C=Cc2cc(O)cc(O)c2)cc1,0,0.6923408487340214,10.823529411764707,228.247,216.15099999999995,228.078644244,86.0,0.0,0.1193622198501603,-0.5079662507800027,0.5079662507800027,0.1193622198501603,60.69,17.0,3.0069860081877997,2.9738000000000016,66.80640000000002
Cc1cc(C(N)=O)ccc1-n1c(CCC(=O)O)ccc1-c1ccc(-n2ccnc2)cc1,0,0.48054419818192873,10.870967741935484,414.4650000000001,392.28900000000016,414.1691905640001,156.0,0.0,0.3032359605204013,-0.48122124177499165,0.48122124177499165,0.3032359605204013,103.14,31.0,5.405565265340021,3.754520000000002,117.53869999999999
O=C(Nc1cc(C(F)(F)F)cc(C(F)(F)F)c1)c1cc(Cl)ccc1O,1,0.6880907430920817,12.12,383.67500000000007,375.61100000000005,383.01477549599997,134.0,0.0,0.41600105675173854,-0.5071197044376498,0.5071197044376498,0.41600105675173854,49.33,25.0,4.895847006091735,5.335500000000002,77.516
CC(C)c1cc(-c2n[nH]c(=O)n2-c2ccc3c(ccn3C)c2)c(O)cc1O,1,0.5198362406073959,11.555555555555555,364.4050000000001,344.2450000000001,364.15354049999996,138.0,0.0,0.3477249097489906,-0.5075206495964742,0.5075206495964742,0.3477249097489906,96.07000000000001,27.0,3.8001568001452006,3.253900000000002,103.51630000000003
Cc1cn[nH]c1,0,0.4904468907838007,8.833333333333334,82.106,76.05799999999999,82.053098192,32.0,0.0,0.05158679703282046,-0.2854780465673379,0.2854780465673379,0.05158679703282046,28.68,6.0,0.6377995056342642,0.7181199999999999,23.324699999999996
CC(C)CC(NC(=O)C(CCc1ccccc1)NC(=O)CN1CCOCC1)C(=O)NC(Cc1ccccc1)C(=O)NC(CC(C)C)C(=O)C1(C)CO1,1,0.15223408493908502,19.596153846153847,719.9240000000002,662.4680000000001,719.4257991640001,284.0,0.0,0.2430070330048691,-0.37879223535633355,0.37879223535633355,0.2430070330048691,158.47,52.0,15.344547428296861,2.583500000000007,198.1647999999994
Cc1cc(C=CC#N)cc(C)c1Nc1ccnc(Nc2ccc(C#N)cc2)n1,0,0.6174794624332792,10.285714285714286,366.4280000000001,348.2840000000001,366.15929457600004,136.0,0.0,0.22863250465959203,-0.33963630846937165,0.33963630846937165,0.22863250465959203,97.42,28.0,5.641840003705945,4.989100000000003,110.3174
CCCNCC(O)COc1ccccc1C(=O)CCc1ccccc1,0,0.4865357366381187,11.92,341.4510000000001,314.23500000000007,341.199093724,134.0,0.0,0.16642694970190108,-0.490082093130461,0.490082093130461,0.16642694970190108,58.559999999999995,25.0,8.157386849284013,3.2414000000000023,100.19800000000004
C[C@]12CCC(=O)C=C1C=CC1[C@@H]2CC[C@@]2(C)[C@H]1CC[C@@]21CCC(=O)O1,1,0.6150631212847314,50.96,340.46300000000014,312.23900000000003,340.20384475599997,134.0,0.0,0.30600791400290844,-0.4584476687819586,0.4584476687819586,0.30600791400290844,43.370000000000005,25.0,3.082741995468278,4.370100000000003,94.67300000000006
CN1C2CCCC1CC(NC(=O)c1nn(C)c3ccccc13)C2,1,0.9256729590726124,28.0,312.4170000000001,288.225,312.195011388,122.0,0.0,0.27214804335700093,-0.34777134052074776,0.34777134052074776,0.27214804335700093,50.160000000000004,23.0,3.6022652836716627,2.3183999999999996,90.39220000000006
CC1(C)CC(=O)c2c(C(F)(F)F)nn(-c3ccc(C(N)=O)c(NC4CCC(O)CC4)c3)c2C1,1,0.6365503830716838,22.666666666666668,464.4880000000003,437.2720000000003,464.203525384,178.0,0.0,0.4354238566733915,-0.3931285930547977,0.4354238566733915,0.3931285930547977,110.24,33.0,5.757699346826802,3.860500000000002,115.40190000000004
COc1ccc(-c2coc3cc(O)ccc3c2=O)cc1,0,0.7751029818957303,10.65,268.268,256.17199999999997,268.073558864,100.0,0.0,0.19999292279513928,-0.507821985322328,0.507821985322328,0.19999292279513928,59.67,20.0,2.9104524951348547,3.1742000000000017,76.13680000000002
NC(=O)c1cn(Cc2c(F)cccc2F)nn1,0,0.8549954528788274,10.470588235294118,238.197,230.13299999999998,238.066617316,88.0,0.0,0.27038610183167744,-0.36414879997965954,0.36414879997965954,0.27038610183167744,73.80000000000001,17.0,2.817030726639065,0.7035000000000001,53.999900000000004
CN1C(=O)CCS(=O)(=O)C1c1ccc(Cl)cc1,0,0.7812058854471293,23.764705882352942,273.741,261.645,273.022641924,92.0,0.0,0.22415253073075467,-0.3249777378373235,0.3249777378373235,0.22415253073075467,54.45,17.0,3.1399993682040264,1.6155000000000002,65.36680000000003
CCCc1nn(C)c2c(=O)[nH]c(-c3cc(S(=O)(=O)N4CCN(C)CC4)ccc3OCC)nc12,0,0.5534046105187581,15.878787878787879,474.5870000000004,444.34700000000026,474.20492444,178.0,0.0,0.2768584114184537,-0.49311256539234644,0.49311256539234644,0.2768584114184537,113.41999999999999,33.0,6.551006719334978,1.6109,125.98550000000004
CC(Oc1ccc(S(C)(=O)=O)cc1C(=O)N1CCN(c2ncc(C(F)(F)F)cc2F)CC1)C(F)(F)F,0,0.5322035178546162,16.13888888888889,543.4610000000002,523.3010000000002,543.10627466,198.0,0.0,0.42462437191214675,-0.48040503846903315,0.48040503846903315,0.42462437191214675,79.81,36.0,7.442313075388752,3.935000000000003,113.01030000000006
CC1(C)SC2C(NC(=O)C(C(=O)O)c3ccsc3)C(=O)N2C1C(=O)O,1,0.5000831278778665,28.0,384.4350000000001,368.30700000000013,384.04497823199995,134.0,0.0,0.3273993847027013,-0.4803984529833509,0.4803984529833509,0.3273993847027013,124.01,25.0,4.276369470155628,0.5479999999999997,90.35430000000005
COc1cc2c(Nc3ccc(Br)cc3F)ncnc2cc1OCC1CCN(C)CC1,0,0.5415290027618135,15.333333333333334,475.36200000000036,451.1700000000003,474.1066663280001,158.0,0.0,0.16285857017391633,-0.49284175414570514,0.49284175414570514,0.16285857017391633,59.51,30.0,6.33836122051285,5.004200000000005,119.18870000000003
C[n+]1cc2c3c(ccc2c2ccc4cc5c(cc4c21)OCO5)OCO3,1,0.3653699108271046,14.76,332.33500000000015,318.223,332.0917343480899,122.0,0.0,0.23084096572957585,-0.4535719915385255,0.4535719915385255,0.23084096572957585,40.8,25.0,2.3342226440916916,3.4281000000000015,92.38200000000006
CN(Cc1cnc2nc(N)nc(N)c2n1)c1ccc(C(=O)NC(CCC(=O)O)C(=O)O)cc1,0,0.29472034504927447,11.666666666666666,454.44700000000023,432.27100000000024,454.1713158039999,172.0,0.0,0.3257212005941315,-0.4812292557834712,0.4812292557834712,0.3257212005941315,210.53999999999996,33.0,6.809709812933406,0.2684000000000012,118.26160000000004
CC(=O)Nc1cc([As](=O)(O)O)ccc1O,0,0.4051703095053299,11.133333333333333,275.092,265.012,274.97749392000003,82.0,0.0,,,,,106.86000000000001,15.0,3.2364412440255435,-1.0884000000000005,52.92260000000002
CC(C)=CCCC(C)(OC1OC(CO)C(O)C(O)C1O)C1CCC2(C)C1C(O)CC1C3(C)CCC(OC4OC(CO)C(O)C(O)C4OC4OC(CO)C(O)C(O)C4O)C(C)(C)C3CCC12C,0,0.08529268376801334,52.39393939393939,947.1660000000005,864.5100000000001,946.5501157840002,382.0,0.0,0.18689177660660072,-0.39356651509059776,0.39356651509059776,0.18689177660660072,298.14,66.0,15.656094261963187,-0.02679999999999394,233.5835999999992
CCOc1ccc(Cc2cc(C3OC(CO)C(O)C(O)C3O)ccc2Cl)cc1,1,0.5818339767551266,27.571428571428573,408.87800000000004,383.6780000000001,408.1339662,152.0,0.0,0.11878970901804975,-0.4938897613729476,0.4938897613729476,0.11878970901804975,99.38000000000001,28.0,6.929996606431197,1.8443999999999996,104.58920000000002
OCC1OC(OC2(CCl)OC(CCl)C(O)C2O)C(O)C(O)C1Cl,1,0.34888107477148894,51.130434782608695,397.635,378.4830000000002,396.014550608,136.0,0.0,0.2136922891277892,-0.39361499202682004,0.39361499202682004,0.2136922891277892,128.84,23.0,6.772039889468337,-1.6561000000000003,79.54400000000003
Cc1nc(C(=O)NCC(=O)O)c(O)c2ccc(Oc3ccccc3)cc12,0,0.651420729014751,10.5,352.34600000000006,336.2180000000001,352.105921612,132.0,0.0,0.32248158493539364,-0.5048358159146105,0.5048358159146105,0.32248158493539364,108.75000000000001,26.0,4.702868387970565,2.8555200000000003,94.62980000000003
CC(=O)N1CCN(CCOc2ccc(C3CCN(C4=Nn5c(nnc5C(F)(F)F)CC4)CC3)cc2)CC1,0,0.6047873314845591,19.513513513513512,519.5720000000002,487.3160000000002,519.2569579240001,200.0,0.0,0.45305801762712594,-0.49226442545105575,0.49226442545105575,0.45305801762712594,79.09,37.0,7.362135754971623,2.8272000000000013,130.35700000000003
Cc1cnc(C(=O)O)c[n+]1[O-],0,0.4454944230878123,9.545454545454545,154.12499999999997,148.07699999999997,154.037842052,58.0,0.0,0.3603431918273657,-0.6184082801022331,0.6184082801022331,0.3603431918273657,77.13,11.0,1.7158024245808001,-0.2783799999999999,34.893299999999996
N#Cc1cnc(Nc2cc(NC[C@H]3CNCCO3)c(C(F)(F)F)cn2)cn1,1,0.723134114409036,17.185185185185187,379.346,363.218,379.13684279200004,142.0,0.0,0.41938016380552356,-0.38173895197969193,0.41938016380552356,0.38173895197969193,107.78,27.0,5.678649378636762,1.9059799999999998,90.36810000000001
N#CC1CC2CC2N1C(=O)C(N)C12CC3CC(CC(O)(C3)C1)C2,0,0.7998067802808753,53.78260869565217,315.4170000000001,290.217,315.19467704,124.0,0.0,0.24089418726215053,-0.38984983005326745,0.38984983005326745,0.24089418726215053,90.35000000000001,23.0,2.653884041670449,1.157979999999999,82.79920000000004
CNCc1ccc(-c2[nH]c3cc(F)cc4c3c2CCNC4=O)cc1,1,0.6939222125348533,13.833333333333334,323.371,305.22700000000003,323.143390416,122.0,0.0,0.2515959845564154,-0.35418783507150625,0.35418783507150625,0.2515959845564154,56.92,24.0,3.5771566978715335,2.979300000000001,92.49360000000003
COc1cnc(NS(=O)(=O)c2ccc(N)cc2)nc1,1,0.8045216732232587,11.0,280.30899999999997,268.21299999999997,280.063011244,100.0,0.0,0.2637234221212505,-0.49351465298427816,0.49351465298427816,0.2637234221212505,107.19999999999999,19.0,3.5173432606885657,0.8681999999999999,70.24690000000001
CN1CCN(S(=O)(=O)c2ccc(-c3cnc(N)c(C(=O)Nc4cccnc4)n3)cc2)CC1,1,0.5904704400689399,15.40625,453.5280000000002,430.3440000000002,453.15830859600004,166.0,0.0,0.277664907360262,-0.381731444286123,0.381731444286123,0.277664907360262,134.41,32.0,6.124509045898896,1.309199999999999,120.32639999999999
O=C(O)c1cc(=O)[nH]c(=O)[nH]1,1,0.4727517247764921,9.454545454545455,156.097,152.065,156.017106608,58.0,0.0,0.35215230580080437,-0.4765630376106666,0.4765630376106666,0.35215230580080437,103.01999999999998,11.0,1.5900823794054117,-1.2386000000000001,34.64269999999999
C[N+]1(C)C2CCC1CC(OC(=O)C(O)c1ccccc1)C2,0,0.684255247270266,31.666666666666668,290.38300000000004,266.1909999999999,290.17507004809,114.0,0.0,0.3394323229030049,-0.4596985937289645,0.4596985937289645,0.3394323229030049,46.53,21.0,3.758417303341287,2.033,79.43420000000005
COc1ccc(Cc2cnc(N)nc2N)cc1OC,0,0.8583914380649984,10.210526315789474,260.29699999999997,244.16899999999998,260.127325752,100.0,0.0,0.22143163563798893,-0.49286997543745026,0.49286997543745026,0.22143163563798893,96.28,19.0,3.698734652720336,1.2489999999999999,73.20880000000001
N=C1CCCN1Cc1[nH]c(=O)[nH]c(=O)c1Cl,0,0.6959433277746746,15.8125,242.666,231.57799999999997,242.057053272,86.0,0.0,0.3255358280793683,-0.35466177465234955,0.35466177465234955,0.3255358280793683,92.81,16.0,2.8245253721640218,0.28967,60.0641
CCCCOc1cc(C(=O)OCCN(CC)CC)ccc1N,0,0.4088470851438764,10.727272727272727,308.42199999999997,280.198,308.209992756,124.0,0.0,0.3378069137304242,-0.49140739472626005,0.49140739472626005,0.3378069137304242,64.79,22.0,8.36464407235553,2.946300000000001,89.32790000000006
OC[C@H]1O[C@H](n2cnc3c(NC4CCCC4)ncnc32)[C@H](O)[C@@H]1O,1,0.6047937360507765,31.125,335.36400000000003,314.1960000000001,335.159354152,130.0,0.0,0.16714647911439642,-0.3935668539266413,0.3935668539266413,0.16714647911439642,125.55000000000001,24.0,4.086042474551342,-0.20770000000000055,84.21110000000002
Oc1ccc(OC2CCCCO2)cc1,0,0.7846408346989762,21.857142857142858,194.23,180.11799999999997,194.094294308,76.0,0.0,0.19930848024991707,-0.5079622347866835,0.5079622347866835,0.19930848024991707,38.69,14.0,2.8887786305926952,2.2976,52.32580000000004
CC12CCC3c4ccc(O)cc4CC(CCCCCCCCC[S+]([O-])CCCC(F)(F)C(F)(F)F)C3C1CCC2O,0,0.1265427129787013,30.48780487804878,606.7820000000003,559.4060000000001,606.316607464,234.0,0.0,0.4527318597141327,-0.6163437338250591,0.6163437338250591,0.4527318597141327,63.519999999999996,41.0,10.983414013727694,8.682600000000003,152.6519999999998
CCCc1cc2c(N3CCN(C4=NCC(C)(C)S4)CC3)ncnc2s1,0,0.8193148264946966,20.36,375.56700000000006,350.367,375.15513780000003,134.0,0.0,0.15945195282526037,-0.35242615311130937,0.35242615311130937,0.15945195282526037,44.620000000000005,25.0,4.6211029387955564,3.6472000000000024,109.16800000000005
COCCOc1ccc(N2CCN(CCn3ncc4c3nc(N)n3nc(-c5ccco5)nc43)CC2)cc1,0,0.29919083903712584,14.675675675675675,503.56700000000023,474.33500000000026,503.2393357880001,192.0,0.0,0.2248500555423794,-0.4911938113255487,0.4911938113255487,0.2248500555423794,125.0,37.0,6.327791964331363,2.1635999999999997,138.65339999999992
CC(C)(O)CC(=O)NCCn1ccc2ncnc(Nc3ccc(Oc4cccc(C(F)(F)F)c4)c(Cl)c3)c21,0,0.24050202338361498,11.973684210526315,547.9650000000001,522.7650000000003,547.159802,200.0,0.0,0.4160450754993624,-0.4557917780876643,0.4557917780876643,0.4160450754993624,101.30000000000001,38.0,7.791228628097955,5.916600000000003,137.7051999999999
O=C(O)c1cc2ccccc2c(Cc2c(O)c(C(=O)O)cc3ccccc23)c1O,1,0.412099486388785,11.03448275862069,388.37500000000006,372.2470000000002,388.09468823199995,144.0,0.0,0.33900346814449633,-0.5067249756410517,0.5067249756410517,0.33900346814449633,115.06,29.0,4.314006874500287,4.391400000000003,107.95020000000002
COC(=O)Nc1nc2cc(C(=O)c3ccc(F)cc3)ccc2[nH]1,0,0.7276819332353759,10.521739130434783,313.288,301.192,313.08626946400005,116.0,0.0,0.4131899633748927,-0.45257185717286286,0.45257185717286286,0.4131899633748927,84.07999999999998,23.0,3.758592057748888,3.111300000000001,81.95390000000002
Cc1nc(=O)c2cc(CN(C)c3ccc(C(=O)NC(CCC(=O)O)C(=O)O)s3)ccc2[nH]1,0,0.3796834810105909,11.8125,458.4960000000002,436.32000000000016,458.1260054239999,168.0,0.0,0.32572161370070435,-0.4812292557834552,0.4812292557834552,0.32572161370070435,152.69,32.0,6.8850564237507434,1.9772199999999995,119.28650000000006
COc1cc(C(=O)NS(=O)(=O)c2ccccc2C)ccc1Cc1cn(C)c2ccc(NC(=O)OC3CCCC3)cc12,1,0.27869329917322994,13.731707317073171,575.6870000000001,542.4230000000003,575.209006776,214.0,0.0,0.4113908629035278,-0.4964394078508563,0.4964394078508563,0.4113908629035278,115.73,41.0,8.027909055121171,5.695920000000005,156.9096999999997
CCCC1CC(C(=O)NC(C(C)Cl)C2OC(SC)C(OP(=O)(O)O)C(O)C2O)N(C)C1,0,0.22187621720477274,36.87096774193548,504.9700000000002,470.69800000000026,504.14620135799987,182.0,0.0,0.46956842758091444,-0.38750796847332436,0.46956842758091444,0.38750796847332436,148.79000000000002,31.0,10.096411074419505,0.5065000000000002,117.78540000000007
Cc1nc2ccc(NC(=O)Nc3ccnc4cccnc34)cc2o1,0,0.5870866381499376,10.875,319.32400000000007,306.22,319.106924656,118.0,0.0,0.32324815940167295,-0.4409326215436742,0.4409326215436742,0.32324815940167295,92.94,24.0,3.3088060450583927,3.7234200000000017,90.92540000000002
CCOC(=O)C(CCc1ccccc1)NC(C)C(=O)N1C(C(=O)O)CC2CCCC21,0,0.6003163359035134,24.866666666666667,416.5180000000003,384.26200000000017,416.23112212399997,164.0,0.0,0.3259401545386359,-0.4797118379349922,0.4797118379349922,0.3259401545386359,95.94000000000001,30.0,7.475810057797206,2.3831999999999995,111.79750000000007
O=C(O)CC(O)CC(O)C=Cc1c(C2CC2)nc2ccccc2c1-c1ccc(F)cc1,1,0.4975852641991758,15.96774193548387,421.4680000000001,397.2760000000002,421.16893646799997,160.0,0.0,0.3054726542289241,-0.48115942711561593,0.48115942711561593,0.3054726542289241,90.65,31.0,6.112092830225481,4.518100000000003,117.02940000000002
COCCCCC(=NOCCN)c1ccc(C(F)(F)F)cc1,1,0.432027738820179,12.5,318.339,297.171,318.155512572,124.0,0.0,0.41591023166640145,-0.3942247432230937,0.41591023166640145,0.3942247432230937,56.84,22.0,7.902784398841761,3.201500000000001,78.71440000000003
CC12CCC3c4ccc(O)cc4CCC3C1CC(O)C2O,0,0.687428138033629,44.80952380952381,288.38699999999994,264.19499999999994,288.17254462799997,114.0,0.0,0.11537061826422054,-0.5079560321952997,0.5079560321952997,0.11537061826422054,60.69,21.0,2.8914124807796835,2.5800000000000005,80.12040000000003
CC(C)NCC(O)c1ccc(O)c(O)c1,0,0.5632719285067509,13.066666666666666,211.261,194.12499999999997,211.120843404,84.0,0.0,0.1572614559721115,-0.5042598752600684,0.5042598752600684,0.1572614559721115,72.72,15.0,3.9375611638802868,1.1291999999999998,57.870100000000036
CCCCN1CCC(CNC(=O)c2c3n(c4ccccc24)CCCO3)CC1,0,0.8451213946791862,18.25925925925926,369.50900000000024,338.26100000000014,369.241627232,146.0,0.0,0.25691051058508607,-0.4781696509096653,0.4781696509096653,0.25691051058508607,46.5,27.0,5.670990386936664,3.665700000000003,108.45520000000008
C[C@H](Nc1ncnc2[nH]cnc12)c1nc2ccc(F)cc2c(=O)n1-c1ccccc1,0,0.4788475391629266,12.333333333333334,401.40500000000014,385.2770000000002,401.140036352,148.0,0.0,0.26563423429848637,-0.3584164673191925,0.3584164673191925,0.26563423429848637,101.38000000000002,30.0,4.201974109203676,3.364200000000001,111.0194
CN=C(NC#N)NCCSCc1[nH]cnc1C,0,0.23465880975452968,11.0,252.347,236.219,252.11571551199998,92.0,0.0,0.20394285225581246,-0.3547517477801282,0.3547517477801282,0.20394285225581246,88.89,17.0,5.960447653839948,0.5973999999999997,69.59710000000001
O=c1[nH]c(=O)c2[nH]cnc2[nH]1,0,0.44866812387763694,10.545454545454545,152.113,148.081,152.033425368,56.0,0.0,0.32693101509528055,-0.33873385115245735,0.33873385115245735,0.32693101509528055,94.4,11.0,0.973544860831364,-1.0605000000000004,37.3351
CCCCC/C=C\C/C=C\CCCCCCCC(=O)O,1,0.31826161347609533,11.65,280.4519999999999,248.19599999999994,280.240230264,116.0,0.0,0.30283955653219446,-0.4812303897852169,0.4812303897852169,0.30283955653219446,37.3,20.0,15.165410515320332,5.884500000000005,86.99380000000006
C=C1C[C@]2(O)OC3(C[C@H]2C(C)C)[C@@H](C)CC[C@@H]13,0,0.708825985247201,53.23529411764706,236.35499999999996,212.16299999999995,236.177630008,96.0,0.0,0.17261267040443648,-0.36489183062230385,0.36489183062230385,0.17261267040443648,29.46,17.0,2.31752372920204,3.112300000000002,67.35580000000004
CNC(=O)c1ccccc1Sc1ccc2c(C=Cc3ccccn3)[nH]nc2c1,0,0.5241908173512972,11.178571428571429,386.48,368.33600000000007,386.1201321960001,138.0,0.0,0.25167194577502433,-0.35507670510161704,0.35507670510161704,0.25167194577502433,70.67,28.0,5.210543319502418,4.639100000000004,113.21390000000001
Nc1ncnc2[nH]cnc12,0,0.5296759293780586,10.4,135.13,130.09,135.05449516,50.0,0.0,0.162274823351639,-0.3817312756696799,0.3817312756696799,0.162274823351639,80.48,10.0,0.8580452474391901,-0.0648999999999999,36.0961
Cc1cccc(Cc2c[nH]cn2)c1C,0,0.7669543426690262,10.428571428571429,186.258,172.146,186.115698448,72.0,0.0,0.09226962911085729,-0.35089237622746555,0.35089237622746555,0.09226962911085729,28.68,14.0,2.3542235796037336,2.6173400000000004,57.30970000000003
O=C(c1ccccc1)c1ccc2[nH]c(NC(=O)c3csc(C4CCN(c5ncnc6ccsc56)CC4)n3)nc2c1,0,0.24187472556111617,14.15,565.6840000000002,542.5000000000002,565.1354649760001,198.0,0.0,0.27694320876857703,-0.35528281965215236,0.35528281965215236,0.27694320876857703,116.76,40.0,6.29051212158116,5.8914000000000035,157.63839999999976
CNC(=O)c1ccc(Nc2ncc(C(F)(F)F)c(NCc3nccnc3N(C)S(C)(=O)=O)n2)cc1,0,0.41634126042722625,11.6,510.5020000000002,489.33400000000023,510.14094219200007,186.0,0.0,0.4209463895241698,-0.36359500758231506,0.4209463895241698,0.36359500758231506,142.09999999999997,35.0,7.379865644749645,2.3965000000000005,122.75439999999999
Cn1cnc2c(F)c(Nc3ccc(Br)cc3Cl)c(C(=O)NOCCO)cc21,0,0.389285654309389,11.0,457.68700000000024,442.5670000000003,456.00000833999997,142.0,0.0,0.2766399106285005,-0.39387438248399986,0.39387438248399986,0.2766399106285005,88.41000000000001,27.0,5.953268121159141,3.5256000000000016,103.61070000000004
CC1(C)O[C@@H]2C[C@H]3[C@@H]4C[C@H](F)C5=CC(=O)C=C[C@]5(C)[C@@]4(F)[C@@H](O)C[C@]3(C)[C@]2(C(=O)CO)O1,1,0.6684104451867194,53.1875,452.49400000000026,422.2540000000002,452.2010451199999,176.0,0.0,0.19275655922063353,-0.38971236679856003,0.38971236679856003,0.19275655922063353,93.06,32.0,4.424950584621238,2.366800000000001,108.87760000000004
CCN(CC)C(=O)C1(c2ccccc2)CC1CN,0,0.8603942445298217,25.833333333333332,246.35399999999998,224.17799999999994,246.173213324,98.0,0.0,0.2330511109470703,-0.3424750924421139,0.3424750924421139,0.2330511109470703,46.33,18.0,3.712751219615708,1.7713999999999999,73.20940000000004
NC(=O)NN=Cc1ccc([N+](=O)[O-])o1,0,0.40818931541952863,10.285714285714286,198.13799999999998,192.08999999999997,198.038904672,74.0,0.0,0.4330616365743054,-0.39959240080907854,0.4330616365743054,0.39959240080907854,123.76,14.0,2.7927204904671976,0.19000000000000006,45.6755
NCCC(O)(P(=O)(O)O)P(=O)(O)O,0,0.31512480953050076,14.615384615384615,235.069,223.98099999999997,235.001074952,80.0,0.0,0.36898780091437283,-0.36748696319792623,0.36898780091437283,0.36748696319792623,161.30999999999997,13.0,3.826332618936507,-1.6633000000000002,42.70940000000002
CC(C)c1cc(-c2ccc(F)c3ccccc23)nc(N)n1,0,0.7676322752754077,11.238095238095237,281.334,265.20599999999996,281.132825732,106.0,0.0,0.22029972302886072,-0.3677664717945363,0.3677664717945363,0.22029972302886072,51.8,21.0,3.2940028665657284,4.141500000000003,83.43340000000003
Nc1nc(N)nc(-c2cc(Cl)ccc2Cl)n1,0,0.8138095128696988,10.375,256.096,249.04,255.00785058399998,82.0,0.0,0.22487551346538237,-0.3676286032874257,0.3676286032874257,0.22487551346538237,90.71,16.0,2.804690246427242,2.0098,64.1078
Cc1cc(O)ccc1Cl,0,0.5897674587091336,9.555555555555555,142.58499999999998,135.529,142.018542524,48.0,0.0,0.11544483389341331,-0.5079547579712229,0.5079547579712229,0.11544483389341331,20.23,9.0,1.6257063657230821,2.3540200000000002,37.853800000000014
CCCc1ncc(C[n+]2ccccc2C)c(N)n1,1,0.8307832525292119,10.555555555555555,243.334,224.182,243.16042302808998,94.0,0.0,0.17863082830255572,-0.38315504409592294,0.38315504409592294,0.17863082830255572,55.68,18.0,3.8693331952775623,1.6555199999999999,70.91540000000003
COC1C(O)CC(=O)OC(C)CC=CC=CC(OC2CCC(N(C)C)C(C)O2)C(C)CC(CC=O)C1OC1OC(C)C(OC2CC(C)(O)C(O)C(C)O2)C(N(C)C)C1O,1,0.17474932759362866,44.728813559322035,843.0650000000004,768.4730000000001,842.5140050480001,340.0,0.0,0.30829383515622427,-0.4622557077065038,0.4622557077065038,0.30829383515622427,195.38,59.0,18.931744037620007,2.3251000000000075,216.88619999999912
Cc1ccnc2c1NC(=O)c1cccnc1N2C1CC1,0,0.8617161250864191,17.05,266.30400000000003,252.19199999999998,266.116761068,100.0,0.0,0.259040848923194,-0.31847430289572753,0.31847430289572753,0.259040848923194,58.120000000000005,20.0,2.297570090752299,2.6512200000000004,76.32520000000002
COc1cc(Nc2ncc(F)c(Nc3ccc4c(n3)NC(=O)C(C)(C)O4)n2)cc(OC)c1OC,0,0.4706880685636287,13.764705882352942,470.4610000000003,447.27700000000027,470.17139605599994,178.0,0.0,0.268733213942638,-0.4926335364441247,0.4926335364441247,0.268733213942638,128.75,34.0,5.966299546817249,3.6332000000000013,122.22710000000002
O=C(Oc1ccccc1C(=O)O)c1ccccc1O,1,0.6515507183057149,9.894736842105264,258.229,248.14899999999994,258.05282342000004,96.0,0.0,0.34683711692261937,-0.5070525222232488,0.5070525222232488,0.34683711692261937,83.83000000000001,19.0,3.4708335008494857,2.309600000000001,66.46660000000001
C=CC(=O)N1CCC(Oc2cc3c(Nc4ccc(Cl)c(Cl)c4F)ncnc3cc2OC)CC1,0,0.3685750436003223,14.242424242424242,491.3500000000003,470.1820000000002,490.09747411200004,172.0,0.0,0.24545749471823594,-0.4927856477886549,0.4927856477886549,0.24545749471823594,76.58,33.0,6.854824819623809,5.383700000000005,126.21970000000003
CCCCOc1c(C(=O)c2c(F)cc(C)cc2F)cnc2[nH]ncc12,1,0.542406227042472,11.04,345.349,328.213,345.1288832240001,130.0,0.0,0.20375757121760366,-0.49192026340213146,0.49192026340213146,0.20375757121760366,67.87,25.0,4.736985086945133,3.9544200000000025,88.81920000000002
CN1CCN(C2CCN(C(=O)Nc3cc(Oc4ccc(NC(=O)C5(C(=O)Nc6ccc(F)cc6)CC5)c(F)c4)ccn3)CC2)CC1,0,0.3065210007436868,18.456521739130434,633.6999999999999,596.4040000000001,633.2875091039999,242.0,0.0,0.3225107141350418,-0.4570692496595839,0.4570692496595839,0.3225107141350418,119.14,46.0,9.131946122817357,4.753200000000003,168.72109999999964
CN(C)CCCC1(c2ccc(F)cc2)OCc2cc(C#N)ccc21,0,0.8388667572429986,19.291666666666668,324.39900000000006,303.231,324.16379151200005,124.0,0.0,0.12273124998647017,-0.36083984954317194,0.36083984954317194,0.12273124998647017,36.26,24.0,4.657501270044967,3.812980000000003,90.91400000000006
NC1CONC1=O,1,0.38589285607070656,30.428571428571427,102.09299999999999,96.04499999999999,102.042927432,40.0,0.0,0.26242361436240424,-0.3178216210274744,0.3178216210274744,0.26242361436240424,64.35,7.0,0.9584567410247802,-1.6249000000000007,22.0701
CC(O)(P(=O)(O)O)P(=O)(O)O,0,0.36558296000069435,15.090909090909092,206.027,197.96299999999997,205.974525856,68.0,0.0,0.36863199396783597,-0.36773499328148423,0.36863199396783597,0.36773499328148423,135.29000000000002,11.0,2.700931022277808,-0.9922000000000002,34.711999999999996
CN(NC(=O)CC(=O)NN(C)C(=S)c1ccccc1)C(=S)c1ccccc1,0,0.46534178892908706,9.851851851851851,400.5290000000001,380.36900000000014,400.10276788,140.0,0.0,0.24751291024626387,-0.27733578643605034,0.27733578643605034,0.24751291024626387,64.68,27.0,7.389777213107907,2.0539000000000005,112.7124
Cc1cc(OCC(=O)O)cc(C)c1Cc1ccc(O)c(C(C)C)c1,0,0.8343224128696819,10.875,328.4080000000001,304.21600000000007,328.167459248,128.0,0.0,0.3412221228411226,-0.5076649149649627,0.5076649149649627,0.3412221228411226,66.76,24.0,5.496114345830256,4.186640000000002,94.04860000000005
Oc1cc2c(cc1O)C(c1ccccc1)CNCC2,1,0.6857078628944854,18.63157894736842,255.31699999999998,238.18099999999995,255.125928784,98.0,0.0,0.15720669432551065,-0.5042530567270994,0.5042530567270994,0.15720669432551065,52.49,19.0,3.1333077744119198,2.3754,74.63030000000003
CN1N=C(N)c2cn([C@@H]3O[C@H](CO)[C@@H](O)[C@H]3O)c3ncnc1c23,0,0.5030837169270522,30.08695652173913,320.3090000000001,304.18100000000004,320.123302992,122.0,0.0,0.1640311546286616,-0.39356685396033414,0.39356685396033414,0.1640311546286616,142.25,23.0,3.029417917668112,-1.8870999999999987,79.66480000000001
COc1cc2nc(N3CCN(C(=O)C4CCCO4)CC3)nc(N)c2cc1OC,0,0.8306226664509899,19.857142857142858,387.44000000000017,362.2400000000001,387.19065428000005,150.0,0.0,0.2513215705561252,-0.4928420722519821,0.4928420722519821,0.2513215705561252,103.04,28.0,5.079319162314176,1.0567999999999995,104.82140000000004
CC12CCC(=O)C=C1CCC1C2C(O)CC2(C)C1CCC2(O)C(=O)CO,0,0.6960164410604959,50.5,362.4660000000002,332.22600000000006,362.2093240599999,144.0,0.0,0.18962916290746307,-0.39277286440229164,0.39277286440229164,0.18962916290746307,94.83,26.0,4.037801183718935,1.7815999999999996,95.14240000000004
NCCc1c[nH]c2ccc(O)cc12,0,0.6468452624532928,10.846153846153847,176.21899999999997,164.12299999999996,176.094963004,68.0,0.0,0.11583814000409355,-0.5079413894628014,0.5079413894628014,0.11583814000409355,62.040000000000006,13.0,1.9433605465778085,1.3747,52.721900000000026
CCCC(NC(=O)C(C#N)=Cc1cccc(Br)n1)c1ccccc1,1,0.45589958227114014,12.291666666666666,384.27700000000004,366.1330000000001,383.063324296,122.0,0.0,0.26199256616078587,-0.344614775033208,0.344614775033208,0.26199256616078587,65.78,24.0,6.7074427112997475,4.408680000000003,97.76070000000001
CCC(=C(c1ccccc1)c1ccc(OCCN(C)C)cc1)c1ccccc1,1,0.4505726789966775,12.0,371.524,342.29200000000014,371.224914548,144.0,0.0,0.1189033312305009,-0.4922644944709209,0.4922644944709209,0.1189033312305009,12.47,28.0,7.046997713197001,5.9961000000000055,119.58200000000004
Cn1nccc1Nc1nccc(-c2ccn([C@H](CO)c3ccc(Cl)c(F)c3)c(=O)c2)n1,0,0.47768637639075445,12.0,440.8660000000001,422.7220000000001,440.116379716,158.0,0.0,0.25133998695430454,-0.3938544175179753,0.3938544175179753,0.25133998695430454,97.86,31.0,5.786335124312022,3.156600000000002,114.85350000000004
C=CC(C)(C)c1cc(C=CC(=O)c2ccc(O)cc2)c(OC)cc1O,1,0.46330701395799256,11.48,338.4030000000001,316.22700000000003,338.15180918399994,130.0,0.0,0.18535701984194075,-0.5079662129763628,0.5079662129763628,0.18535701984194075,66.76,25.0,5.323139565906571,4.466100000000004,99.35310000000004
c1ccc(-c2ccc(C(c3ccccc3)n3ccnc3)cc2)cc1,0,0.5071355444295608,12.0,310.40000000000003,292.25600000000003,310.146998576,116.0,0.0,0.09539354001448254,-0.32585382812485075,0.32585382812485075,0.09539354001448254,17.82,24.0,3.9458844452092787,5.187800000000005,97.78800000000003
C=CC(=O)Nc1cccc(Nc2nc(Nc3ccc(OCCOC)cc3)ncc2F)c1,0,0.33121969762272224,10.258064516129032,423.4480000000002,401.27200000000016,423.170667784,160.0,0.0,0.2472636418715326,-0.4911938098399886,0.4911938098399886,0.2472636418715326,97.4,31.0,7.496366167099821,4.252600000000002,117.63710000000002
Nc1ncnc2c1C(=O)N(c1ccc(C3CCC(CC(=O)O)CC3)cc1)CCO2,0,0.8154437215834872,21.79310344827586,396.4470000000002,372.25500000000017,396.17975524799994,152.0,0.0,0.30312190896524227,-0.48122280891969293,0.48122280891969293,0.30312190896524227,118.64000000000001,29.0,5.3307451967139965,2.8465000000000016,107.00970000000004
C[C@H]1O[C@@H](O[C@H]2[C@@H](O)C[C@H](O[C@H]3[C@@H](O)C[C@H](O[C@H]4CC[C@@]5(C)[C@H](CC[C@@H]6[C@@H]5C[C@@H](O)[C@]5(C)[C@@H](C7=CC(=O)OC7)CC[C@]65O)C4)O[C@@H]3C)O[C@@H]2C)C[C@H](O)[C@@H]1O,1,0.16221462387574462,55.54545454545455,780.9490000000002,716.4370000000002,780.4296067280001,312.0,0.0,0.3306610137508224,-0.4579796474063008,0.4579796474063008,0.3306610137508224,203.05999999999997,55.0,11.106660172909663,2.218100000000003,192.61079999999941
CCS(=O)(=O)N1CCC([C@@H](C)n2c(C)c(C(=O)NCc3c(OC)cc(C)[nH]c3=O)c3ccccc32)CC1,0,0.4645944767710425,16.135135135135137,528.6750000000002,492.3870000000004,528.240641252,200.0,0.0,0.25638493937401374,-0.49612601163539616,0.49612601163539616,0.25638493937401374,113.5,37.0,7.796235943241289,3.507740000000002,144.66569999999987
CCC(=O)NCCC1CCc2ccc3c(c21)CCO3,0,0.9021804790562545,19.736842105263158,259.34899999999993,238.18099999999995,259.157228912,102.0,0.0,0.21921594720590237,-0.49294808815079905,0.49294808815079905,0.21921594720590237,38.33,19.0,3.4500695734002336,2.5676000000000005,74.62070000000004
Cn1cnc(-c2cc3nccc(Oc4ccc(NC(=S)NC(=O)Cc5ccccc5)cc4F)c3s2)c1,0,0.2820524163020694,10.833333333333334,517.6110000000002,497.45100000000025,517.1042451,180.0,0.0,0.23004251005550205,-0.4526544072340477,0.4526544072340477,0.23004251005550205,81.07,36.0,6.698618900208879,5.683900000000003,142.80539999999988
N=c1cc(N2CCCCC2)nc(N)n1O,1,0.574966146791026,16.666666666666668,209.25300000000001,194.13299999999998,209.12766009999999,82.0,0.0,0.237717796224921,-0.42349630469084715,0.42349630469084715,0.237717796224921,91.16000000000001,15.0,2.4872978787466606,0.17236999999999986,55.74260000000001
CC(=O)N(CC(O)CO)c1c(I)c(C(=O)NCC(O)CO)c(I)c(C(=O)NCC(O)CO)c1I,0,0.11425581094764035,13.705882352941176,821.1410000000001,794.9330000000001,820.880323412,192.0,0.0,0.253134920728996,-0.3936147042703631,0.3936147042703631,0.253134920728996,199.89,34.0,13.922554096216315,-1.6274999999999986,146.56419999999997
COc1cc(CNC(=O)CCCC/C=C/C(C)C)ccc1O,0,0.5388605597174689,11.090909090909092,305.418,278.202,305.199093724,122.0,0.0,0.21976034748769743,-0.5042545920952964,0.5042545920952964,0.21976034748769743,58.56,22.0,8.1148872303993,3.789600000000003,88.95150000000004
CCn1cc(C(=O)O)c(=O)c2cc(F)c(N3CCNCC3)nc21,1,0.863919065170168,15.130434782608695,320.324,303.188,320.12846862400005,122.0,0.0,0.3407248926033414,-0.4774970128323774,0.4774970128323774,0.3407248926033414,87.46000000000001,23.0,3.994166205779968,0.6633000000000002,83.67700000000002
Nc1ncnc2c1ncn2[C@@H]1O[C@H](CSCCC(N)C(=O)O)[C@@H](O)[C@H]1O,1,0.3524104766503097,27.03846153846154,384.41800000000006,364.25800000000015,384.1215887399999,142.0,0.0,0.3199991992045901,-0.48008606933062276,0.48008606933062276,0.3199991992045901,182.62999999999997,26.0,5.576122545369504,-1.4370999999999983,93.21220000000002
O=C(O)CCCCC(CCSCc1ccccc1)SCc1ccccc1,0,0.41111306190553043,12.0,388.59800000000007,360.37400000000014,388.153072136,140.0,0.0,0.3028395621636661,-0.48123038977033467,0.48123038977033467,0.3028395621636661,37.3,26.0,10.36290544545466,6.256900000000007,114.84980000000004
O=C(C=Cc1ccc(O)c(O)c1C=Cc1ccc(O)c(O)c1)OC(Cc1ccc(O)c(O)c1)C(=O)O,0,0.10598182988213488,12.11111111111111,494.4520000000002,472.27600000000035,494.12129690399985,186.0,0.0,0.3448838304933332,-0.504259893027059,0.504259893027059,0.3448838304933332,184.98,36.0,7.700856787613197,3.342900000000003,128.4966
CC(C)Nc1cccnc1N1CCN(C(=O)c2cc3cc(NS(C)(=O)=O)ccc3[nH]2)CC1,0,0.5260863337385334,14.75,456.5720000000002,428.3480000000002,456.194359756,170.0,0.0,0.26992395677976966,-0.3798831479115966,0.3798831479115966,0.26992395677976966,110.43,32.0,5.9636227248078155,2.7171000000000003,127.87740000000004
OC[C@H](O)c1oc(O)c(O)c1O,0,0.4116327548207046,13.166666666666666,176.124,168.05999999999997,176.032087976,68.0,0.0,0.329933831632104,-0.5016634577211949,0.5016634577211949,0.329933831632104,114.29,12.0,2.1138506196271067,-0.5779000000000001,35.748000000000005
N=C(N)NCCCC(NC(=O)C1CCCN1C(=O)C1CSSCCC(=O)NC(Cc2ccc(O)cc2)C(=O)NC(Cc2ccccc2)C(=O)NC(CCC(N)=O)C(=O)NC(CC(N)=O)C(=O)N1)C(=O)NCC(N)=O,0,0.027500717327745408,21.72972972972973,1069.2379999999998,1004.7259999999994,1068.426955488,402.0,0.0,0.24622360867827897,-0.5079666451556014,0.5079666451556014,0.24622360867827897,435.40999999999985,74.0,23.727883127981972,-4.13203000000001,271.40369999999956
C[C@H]1O[C@H](O[C@H]2[C@H](O)[C@@H](O)[C@@H](O)[C@H](O)[C@@H]2O)[C@@H](N)C[C@@H]1N=C(N)C(=O)O,0,0.17216556036634661,47.57692307692308,379.3660000000002,354.1660000000001,379.15907938000004,150.0,0.0,0.37045851499829074,-0.4754146471871796,0.4754146471871796,0.37045851499829074,221.31,26.0,6.521639552804151,-4.537699999999994,84.88060000000002
Cc1cc(C(C)Nc2ccccc2C(=O)O)c2nc(N3CCOCC3)cc(=O)n2c1,0,0.6700364833304305,15.2,408.45800000000025,384.2660000000002,408.17975524799994,156.0,0.0,0.33729734455127175,-0.4775834854032876,0.4775834854032876,0.33729734455127175,96.16999999999999,30.0,5.411611294476939,2.710820000000001,114.67000000000006
N=C(N)NCCCCC1NC(=O)CCSSCC(C(N)=O)NC(=O)C2CCCN2C(=O)C(Cc2c[nH]c3ccccc23)NC(=O)C(CC(=O)O)NC(=O)CNC1=O,0,0.05434101914517898,23.649122807017545,831.9790000000002,782.5869999999999,831.315614148,310.0,0.0,0.30548106038265815,-0.48116230829113704,0.48116230829113704,0.30548106038265815,323.88999999999993,57.0,16.83009584826345,-1.8447299999999895,212.21819999999968
O=C(O)CN1C(=O)c2cccc3cccc(c23)C1=O,1,0.8254301567462681,14.0,255.22899999999998,246.15699999999995,255.053157768,94.0,0.0,0.3232780645066311,-0.47991221552998375,0.47991221552998375,0.3232780645066311,74.68,19.0,2.3477333669285243,1.5204,66.95080000000002
N=C(N)NCCCCN,0,0.22828681755750094,9.0,130.195,116.08299999999998,130.12184644799999,54.0,0.0,0.18520502519883605,-0.3701604380003711,0.3701604380003711,0.18520502519883605,87.92,9.0,4.909023620716152,-0.7916300000000003,38.205200000000005
CN(C)C1C(=O)C(C(N)=O)C(=O)C2(O)C(=O)C3C(=O)c4c(O)cccc4C(C)(O)C3C(O)C12,1,0.29437728594143453,40.333333333333336,460.43900000000014,436.2470000000003,460.1481803479999,176.0,0.0,0.23528633922523265,-0.5071852745809238,0.5071852745809238,0.23528633922523265,195.52999999999997,33.0,4.918450771677837,-2.4971999999999968,108.61510000000001
Fc1ccc(C(OCCN2CCN(CCCc3ccccc3)CC2)c2ccc(F)cc2)cc1,1,0.41575807881255283,15.242424242424242,450.5730000000001,418.3170000000002,450.24827008399996,174.0,0.0,0.12273087774121308,-0.36745935350895853,0.36745935350895853,0.12273087774121308,15.71,33.0,8.585773776217984,5.3212000000000055,128.23800000000003
CC(C)(C#N)c1cc(Cn2cncn2)cc(C(C)(C)C#N)c1,0,0.8678513137549793,11.727272727272727,293.374,274.222,293.16404560800004,112.0,0.0,0.13726623264569135,-0.24855561647130914,0.24855561647130914,0.13726623264569135,78.28999999999999,22.0,4.012638980576146,2.9287600000000014,82.84400000000004
CC1OC(n2cc(F)c(=O)[nH]c2=O)C(O)C1O,0,0.5484019207554993,32.94117647058823,246.19400000000002,235.10599999999997,246.065199672,94.0,0.0,0.33021553652377006,-0.3875283823001253,0.3875283823001253,0.33021553652377006,104.55000000000001,17.0,2.8552922721236236,-1.6851999999999996,52.87830000000002
Cc1nccn1CC1CCc2c(c3ccccc3n2C)C1=O,0,0.7280085381147323,17.90909090909091,293.37000000000006,274.21799999999996,293.152812228,112.0,0.0,0.16967730777761764,-0.34691747198915435,0.34691747198915435,0.16967730777761764,39.82,22.0,2.9251293573447907,3.1285200000000017,86.02450000000005
CCC(C)(C)C(=O)OC1CC(C)C=C2C=CC(C)C(CCC3CC(O)CC(=O)O3)C21,0,0.6390622750209786,36.53333333333333,418.57400000000024,380.27000000000015,418.2719243159999,168.0,0.0,0.3112869097537336,-0.4621877666927909,0.4621877666927909,0.3112869097537336,72.83,30.0,7.109458575453328,4.585600000000005,115.45480000000006
COc1ccc(CCCO[C@H](Cn2ccnc2)c2ccc(OC)cc2)cc1,1,0.5022367095625486,11.925925925925926,366.4610000000001,340.2530000000001,366.19434269199996,142.0,0.0,0.1183810228904138,-0.4967682188489234,0.4967682188489234,0.1183810228904138,45.510000000000005,27.0,6.878810943077407,4.291000000000004,105.22900000000004
O=S(=O)(c1cccc2cnccc12)N1CCCNCC1,1,0.9034566339582102,18.0,291.37600000000003,274.24,291.104147784,106.0,0.0,0.24323205630283315,-0.31537037286043346,0.31537037286043346,0.24323205630283315,62.300000000000004,20.0,3.6903878618884773,1.2187999999999999,77.98850000000004
Nc1ccc(S(=O)(=O)Nc2ccccn2)cc1,1,0.8064259489968827,11.058823529411764,249.29500000000004,238.20699999999997,249.057197592,88.0,0.0,0.26254745900586,-0.3987277171275083,0.3987277171275083,0.26254745900586,85.08,17.0,2.967886453367239,1.4646000000000001,65.89990000000002
CCC(C)C(NC(=O)C(Cc1ccc(O)cc1)NC(=O)C(NC(=O)C(CCCN=C(N)N)NC(=O)C(N)CC(=O)O)C(C)C)C(=O)NC(Cc1c[nH]cn1)C(=O)N1CCCC1C(=O)O,1,0.02901900946098801,16.78125,899.0199999999998,836.5239999999998,898.4661008040002,352.0,0.0,0.32591584788006417,-0.5079666451556014,0.5079666451556014,0.32591584788006417,379.74,64.0,19.94531864162378,-2.0422000000000082,230.55879999999956
C[C@@H]1CN(Cc2ccc(F)cc2)CCN1C(=O)COc1ccc(Cl)cc1NC(N)=O,0,0.7309221232301405,16.9,434.8990000000001,410.70700000000016,434.152096528,160.0,0.0,0.31622857767481,-0.4815875331164736,0.4815875331164736,0.31622857767481,87.9,30.0,7.122250295633174,3.0814000000000004,113.00510000000004
CCCCCCC(=O)O[C@H]1CC[C@H]2[C@@H]3CC=C4CC(=O)CC[C@]4(C)[C@H]3CC[C@]12C,0,0.29420974163257196,41.206896551724135,400.6030000000003,360.28300000000013,400.29774513999996,162.0,0.0,0.3055744466431055,-0.4617697524522239,0.4617697524522239,0.3055744466431055,43.370000000000005,29.0,5.967347365562762,6.400500000000007,115.34900000000009
CC12CCC3C(CCC4C(=O)C(=O)CCC43C)C1CCC2=O,0,0.6448071616740028,51.27272727272727,302.41400000000004,276.20599999999996,302.18819469199997,120.0,0.0,0.20149620855148093,-0.29908721126285953,0.29908721126285953,0.20149620855148093,51.21,22.0,2.996314861469986,3.346300000000002,82.13100000000004
CN(C)Cc1c(C(=O)NCCOc2ccc(C(O)=NO)cc2)oc2ccccc12,0,0.17732261829324866,11.758620689655173,397.43100000000004,374.2470000000002,397.16377083599997,152.0,0.0,0.28700295435400436,-0.4917616765272308,0.4917616765272308,0.28700295435400436,107.53000000000002,29.0,6.355186030254211,2.997,108.82750000000001
CN(Cc1ccc(C(C)(C)C)cc1)Cc1cccc2ccccc12,1,0.5902547919222657,12.041666666666666,317.476,290.26,317.214349864,124.0,0.0,0.023989781008532902,-0.29784060799837087,0.29784060799837087,0.023989781008532902,3.24,24.0,4.727578203070803,5.769300000000006,104.26100000000007
CC(C)Oc1ccc(C(=O)NC(CNC(=O)CN(C)C)Cc2ccc(-c3cn4cccc(C(C)O)c4n3)cc2)cc1Cl,0,0.2236571533088734,12.880952380952381,592.1400000000002,553.8360000000004,591.2612323760001,222.0,0.0,0.2511243208780412,-0.4894526118887402,0.4894526118887402,0.2511243208780412,108.2,42.0,10.215462651963298,4.514100000000005,164.9996999999996
C=CCn1c(=O)c2cnc(Nc3ccc(N4CCN(C)CC4)cc3)nc2n1-c1cccc(C(C)(C)O)n1,1,0.37351787019809934,14.756756756756756,500.60700000000026,468.35100000000034,500.26482226400003,192.0,0.0,0.2780221867196085,-0.3841413089660012,0.3841413089660012,0.2780221867196085,104.34,37.0,6.529012956062712,2.8860000000000015,145.79649999999984
COc1ccc(-c2cc(=O)c3c(O)c(OC)c(O)cc3o2)cc1OC,0,0.750637703843906,10.68,344.3190000000001,328.1910000000001,344.089602852,130.0,0.0,0.20337244242462707,-0.5040628988041302,0.5040628988041302,0.20337244242462707,98.36000000000001,25.0,4.1421117438120225,2.897000000000001,90.90560000000002
CC(C)(c1ccc(OCC(O)CO)cc1)c1ccc(OCC(O)CCl)cc1,0,0.5398611691727144,13.851851851851851,394.8950000000001,367.6790000000001,394.154701644,148.0,0.0,0.11895834262849711,-0.49085528396940503,0.49085528396940503,0.11895834262849711,79.15,27.0,7.924149111717162,2.7230000000000008,105.82140000000004
Cc1nnc(C(=O)NC(C)(C)c2nc(C(=O)NCc3ccc(F)cc3)c(O)c(=O)n2C)o1,0,0.5072974072735446,11.28125,444.4230000000002,423.2550000000002,444.155745992,168.0,0.0,0.30912312833183364,-0.5013777548302204,0.5013777548302204,0.30912312833183364,152.24,32.0,6.051156230769788,0.9115199999999997,108.24020000000003
C=CC1=C(C(=O)O)N2C(=O)C(NC(=O)C(=NO)c3csc(N)n3)C2SC1,0,0.23141750586057278,22.53846153846154,395.4220000000001,382.31800000000004,395.0358105160001,136.0,0.0,0.3524647849245205,-0.47655248843754777,0.47655248843754777,0.3524647849245205,158.21000000000004,26.0,4.695057312875535,-0.17179999999999884,94.7314
Nc1cccc(C=CC(=O)NCc2cc3cc(-c4ccc(C(=O)N5CCC(F)(F)CC5)cc4)cc(-c4ccc(F)cc4)c3o2)n1,0,0.1918405357512058,14.6,610.6360000000003,581.4040000000002,610.219175448,228.0,0.0,0.2533565200436377,-0.45853288366107214,0.45853288366107214,0.2533565200436377,101.46,45.0,8.122841137104405,7.084000000000006,166.65859999999972
C[N+]1(C)CCC(=C(c2ccccc2)c2ccccc2)CC1,0,0.7160780584944451,17.523809523809526,278.4190000000001,254.22699999999992,278.19032618809,108.0,0.0,0.08201707929496654,-0.3279467663886652,0.3279467663886652,0.08201707929496654,0.0,21.0,3.936947832966263,4.358700000000004,89.98240000000007
COc1cc(C(=O)NC2CCCNC2)cc(OC)c1OC,1,0.8536686564243656,17.952380952380953,294.351,272.175,294.157957184,116.0,0.0,0.2513200144360119,-0.49268884799030616,0.49268884799030616,0.2513200144360119,68.82000000000001,21.0,5.272210938809633,1.1941999999999997,79.45590000000004
CCCCC1=NC2(CCCC2)C(=O)N1Cc1ccc(-c2ccccc2-c2nn[nH]n2)cc1,1,0.5867441988589208,17.34375,428.5400000000001,400.31600000000014,428.23245951600006,164.0,0.0,0.25568094036868405,-0.29399063575638434,0.29399063575638434,0.25568094036868405,87.13000000000001,32.0,5.553442767142466,4.777400000000004,123.75870000000002
CCS(=O)(=O)N1CC(CC#N)(n2cc(-c3ncnc4[nH]ccc34)cn2)C1,1,0.7167032115900049,17.076923076923077,371.4260000000001,354.29000000000013,371.11644378400007,134.0,0.0,0.21349159290420244,-0.34603466394430915,0.34603466394430915,0.21349159290420244,120.55999999999999,26.0,3.782430766676264,1.09568,94.34750000000003
Cc1cc2nc3c(=O)[nH]c(=O)nc-3n(C[C@H](O)[C@H](O)[C@H](O)COP(=O)(O)OP(=O)(O)OC[C@H]3O[C@@H](n4cnc5c(N)ncnc54)[C@H](O)[C@@H]3O)c2cc1C,0,0.044260635935885376,23.264150943396228,785.5569999999999,752.2929999999997,785.1571346159997,286.0,0.0,0.48070770447451994,-0.38844832140639,0.48070770447451994,0.38844832140639,362.9299999999999,53.0,10.630270197948683,-2.4239599999999966,176.83369999999977
Clc1ccc(CCC(Cn2ccnc2)Sc2c(Cl)cccc2Cl)cc1,0,0.40560533429498863,12.28,411.7850000000001,394.6490000000001,410.017802584,130.0,0.0,0.09457821061886747,-0.3363719803412533,0.3363719803412533,0.09457821061886747,17.82,25.0,6.7129238094689985,6.637000000000003,108.107
COc1ccc(-n2nc(C(N)=O)c3c2C(=O)N(c2ccc(N4CCCCC4=O)cc2)CC3)cc1,1,0.6307445123645382,15.911764705882353,459.5060000000003,434.3060000000003,459.19065428,174.0,0.0,0.2768288967031389,-0.49676586634876047,0.49676586634876047,0.2768288967031389,110.75999999999999,34.0,5.525040572619801,2.699600000000001,126.66040000000002
CCN1CCN(Cc2ccc(Nc3ncc(F)c(-c4cc(F)c5nc(C)n(C(C)C)c5c4)n3)nc2)CC1,1,0.38068830735885517,15.108108108108109,506.6050000000003,474.3490000000002,506.2717994640001,194.0,0.0,0.22859568588813167,-0.3255542135970075,0.3255542135970075,0.22859568588813167,75.0,37.0,7.119766845004245,4.936920000000004,140.70769999999985
Clc1ccc(CO/N=C(\Cn2ccnc2)c2ccc(Cl)cc2Cl)c(Cl)c1,1,0.350148407155942,11.615384615384615,429.1340000000001,416.03000000000003,426.981272756,134.0,0.0,0.14328082951325224,-0.3905733241305072,0.3905733241305072,0.14328082951325224,39.41,26.0,6.433826672524735,6.117800000000003,106.477
CC(C)(CO)C(O)C(=O)NCCC(=O)NCCSSCCNC(=O)CCNC(=O)C(O)C(C)(C)CO,0,0.06777651942726443,13.444444444444445,554.7320000000002,512.3960000000003,554.244406304,210.0,0.0,0.249007296525486,-0.39570116326076576,0.39570116326076576,0.249007296525486,197.31999999999996,36.0,17.020947155854675,-1.628399999999993,139.93599999999998
CC(C)n1cnc2c(NCc3ccccc3)nc(NCCCO)nc21,0,0.5466156280785328,11.2,340.43100000000015,316.2390000000001,340.20115938799995,132.0,0.0,0.2262867927053033,-0.39630668913203887,0.39630668913203887,0.2262867927053033,87.89,25.0,5.4480513565592545,2.8136000000000005,99.66920000000005
C[C@H](CCC(=O)NCC(=O)O)[C@H]1CC[C@H]2[C@@H]3[C@H](O)C[C@@H]4C[C@H](O)CC[C@]4(C)[C@H]3C[C@H](O)[C@]12C,0,0.4102900871309047,47.696969696969695,465.6310000000003,422.28700000000026,465.30903809599994,188.0,0.0,0.32246925725882997,-0.47993044761757,0.47993044761757,0.32246925725882997,127.09000000000002,33.0,6.889121128642244,2.564899999999999,123.04690000000006
CC(=O)OCC(CCn1cnc2cnc(N)nc21)COC(C)=O,1,0.733115342152729,10.91304347826087,321.33700000000016,302.18500000000006,321.143704088,124.0,0.0,0.30213518101736747,-0.46544268147210527,0.46544268147210527,0.30213518101736747,122.22,23.0,5.447387107944271,0.5409999999999998,81.10840000000002
COc1ccc2c(c1)c(CC(=O)O)c(C)n2C(=O)c1ccc(Cl)cc1,0,0.7678065120522066,10.84,357.793,341.6650000000001,357.07678567199997,128.0,0.0,0.3074078016334054,-0.4967429595174039,0.4967429595174039,0.3074078016334054,68.53,25.0,4.505225711035902,3.9273200000000026,95.74730000000002
O=C(NC(CO)C(O)c1ccc([N+](=O)[O-])cc1)C(Cl)Cl,1,0.4090709280478973,13.85,323.13199999999995,311.03599999999994,322.01232684400003,110.0,0.0,0.26894513302429995,-0.3941232075520646,0.3941232075520646,0.26894513302429995,112.70000000000002,20.0,6.1523400723896176,0.9089999999999998,72.56670000000003
N=C1NC2(c3cc(NC(=O)c4ccc(F)cn4)ccc3F)COCC2CS1,0,0.750252007209525,24.22222222222222,390.4150000000002,374.2870000000001,390.09620319199996,140.0,0.0,0.27375234118669467,-0.37820823203722587,0.37820823203722587,0.27375234118669467,87.10000000000001,27.0,4.56481928021491,2.724970000000001,97.85560000000001
O=C(O)C1O[C@@H](OC2[C@H](O)C(NS(=O)(=O)O)C(O)O[C@@H]2COS(=O)(=O)O)C(OS(=O)(=O)O)[C@@H](O)C1O,0,0.10596872449197238,38.52777777777778,595.4880000000004,574.3200000000003,594.9819050719999,212.0,0.0,0.3973996726425724,-0.47924272090196085,0.47924272090196085,0.3973996726425724,339.51,36.0,9.71207006249223,-6.250599999999993,102.46450000000004
Nc1nc(N)nc(NC2CC2)n1,0,0.5525575425662069,16.0,166.188,156.108,166.09669431999998,64.0,0.0,0.22900102902202138,-0.3675906642178748,0.3675906642178748,0.22900102902202138,102.74,12.0,1.4582832732652944,-0.3897000000000006,45.2965
Nc1ccc(C(=O)NCC(=O)O)cc1,0,0.5940584768895217,9.428571428571429,194.19000000000003,184.10999999999996,194.06914218,74.0,0.0,0.3224805486405294,-0.47993032319709705,0.47993032319709705,0.3224805486405294,92.42,14.0,3.0621421668652777,0.08319999999999966,50.82340000000001
COc1cc(OC)cc(N(CCNC(C)C)c2ccc3ncc(-c4cnn(C)c4)nc3c2)c1,0,0.41315618125253445,11.212121212121213,446.5550000000001,416.31500000000017,446.2430242000001,172.0,0.0,0.1241353922585465,-0.49654379867103837,0.49654379867103837,0.1241353922585465,77.33,33.0,6.742484702064245,4.183600000000003,131.43069999999997
O=P1(N(CCCl)CCCl)NCCCO1,0,0.6057206690801091,28.214285714285715,261.089,245.969,260.02481971000003,84.0,0.0,0.34298368909486027,-0.30596634526037897,0.34298368909486027,0.30596634526037897,41.57000000000001,14.0,5.751288511247382,1.884,59.19120000000003
OCc1cc(C(O)CNCCCCCCOCCCCc2ccccc2)ccc1O,0,0.3103203848328889,12.2,415.57400000000007,378.2780000000002,415.272258664,166.0,0.0,0.12060718497830311,-0.5075837293484645,0.5075837293484645,0.12060718497830311,81.95,30.0,12.148678220178406,4.107400000000005,120.52610000000004
CCC1OC(=O)CC(O)C(C)C(OC2OC(C)C(OC3CC(C)(O)C(O)C(C)O3)C(N(C)C)C2O)C(CC=O)CC(C)C(=O)C=CC(C)=CC1COC1OC(C)C(O)C(OC)C1OC,0,0.13088726197403125,44.625,916.1120000000001,838.4959999999999,915.5191500040002,368.0,0.0,0.3082204405270562,-0.4615801987679238,0.4615801987679238,0.3082204405270562,238.66999999999996,64.0,20.49863239281331,1.8335000000000106,230.33799999999925
Oc1c(Cl)cc(Cl)c(Cl)c1Cc1c(O)c(Cl)cc(Cl)c1Cl,1,0.550692990866757,10.952380952380953,406.90700000000004,400.85900000000004,403.849895512,112.0,0.0,0.13879471824822276,-0.5060328164669213,0.5060328164669213,0.13879471824822276,40.46,21.0,5.298618321159427,6.609000000000001,89.07959999999999
NC(=O)C(CCC(F)(F)F)N(Cc1ccc(-c2ncon2)cc1F)S(=O)(=O)c1ccc(Cl)cc1,1,0.42709116497100486,13.235294117647058,520.8920000000002,503.7560000000002,520.0595165839999,182.0,0.0,0.38869835573440725,-0.3682796910701775,0.38869835573440725,0.3682796910701775,119.39000000000001,34.0,7.581635731132601,3.916400000000003,112.14419999999998
COc1ccc(C(Cl)=C(c2ccc(OC)cc2)c2ccc(OC)cc2)cc1,0,0.5005017670153243,10.222222222222221,380.8710000000001,359.70300000000015,380.117922212,138.0,0.0,0.11840233176267584,-0.496767818276033,0.496767818276033,0.11840233176267584,27.69,27.0,6.045251089804378,5.867800000000005,110.75100000000002
CC1=C(CC(=O)O)c2cc(F)ccc2C1=Cc1ccc([S+](C)[O-])cc1,0,0.8279102305740682,16.24,356.41800000000006,339.28200000000004,356.088243624,128.0,0.0,0.30734864008733426,-0.6116461384345886,0.6116461384345886,0.30734864008733426,60.36,25.0,4.789717492068277,4.365500000000003,97.89220000000003
Nc1nc(NC2CC2)c2ncn(C3C=CC(CO)C3)c2n1,0,0.7272302824304794,24.80952380952381,286.33900000000006,268.19499999999994,286.154209196,110.0,0.0,0.22361307716644327,-0.39576253916630044,0.39576253916630044,0.22361307716644327,101.88,21.0,2.813409186211602,1.0922999999999998,79.74990000000001
COc1ncc(-c2ccc3nccc(-c4ccnnc4)c3c2)cc1NS(=O)(=O)c1ccc(F)cc1F,1,0.351854488430201,11.416666666666666,505.50600000000014,488.37000000000023,505.102016844,180.0,0.0,0.26449388169035554,-0.4795000603438842,0.4795000603438842,0.26449388169035554,106.96000000000001,36.0,5.983217405233303,4.841400000000003,129.71849999999998
CC(C)NCC(C(=O)N1CCN(c2ncnc3c2C(C)CC3O)CC1)c1ccc(Cl)cc1,1,0.6932733327579151,21.6875,458.0060000000002,425.7500000000002,457.22445294399995,172.0,0.0,0.23103157631849489,-0.38677065367954344,0.38677065367954344,0.23103157631849489,81.59,32.0,6.979131436915578,3.1010000000000018,126.14850000000003
CC(=O)O[C@H]1C[C@@]2(C)[C@@H](C[C@@H](O)[C@H]3[C@@]4(C)CC[C@@H](O)[C@@H](C)[C@@H]4CC[C@@]32C)/C1=C(\CCC=C(C)C)C(=O)O,0,0.24722169401317395,46.24324324324324,516.7190000000004,468.3350000000004,516.3450892559999,208.0,0.0,0.3311714085847433,-0.47787300926695153,0.47787300926695153,0.3311714085847433,104.06000000000002,37.0,7.5259108867870985,5.6661000000000055,142.55139999999994
COc1cc(NS(=O)(=O)c2ccc(N)cc2)nc(OC)n1,0,0.7870878791639985,10.952380952380953,310.3350000000001,296.223,310.073575928,112.0,0.0,0.32094868624691913,-0.4807748645823739,0.4807748645823739,0.32094868624691913,116.43,21.0,4.125640877072164,0.8768,76.79890000000002
S=c1[nH]cnc2[nH]cnc12,0,0.5538546640663036,10.4,152.182,148.15,152.015667128,50.0,0.0,0.16142790520097533,-0.3354674715024679,0.3354674715024679,0.16142790520097533,57.36,10.0,1.041796704226759,1.0154899999999998,39.07340000000001
CCN(CC)C(=S)SSC(=S)N(CC)CC,1,0.5731348904238734,10.0,296.5520000000001,276.39200000000005,296.05093264,94.0,0.0,0.1469512998027305,-0.35739410172993036,0.35739410172993036,0.1469512998027305,6.48,16.0,9.789068578175073,3.6212000000000026,86.22000000000004
COc1ccc2cc(CCC(C)=O)ccc2c1,0,0.8015823313615688,10.470588235294118,228.29099999999997,212.16299999999995,228.115029752,88.0,0.0,0.12967082627504548,-0.4967451042461657,0.4967451042461657,0.12967082627504548,26.3,17.0,3.426623066479389,3.370000000000002,69.50200000000004
CC(C)(C(=O)NCC(F)(F)C(F)(F)F)C(=O)NC1C(=O)Nc2ccccc2-c2ccccc21,1,0.45999835517130294,16.09090909090909,469.4100000000001,449.2500000000003,469.1424826,176.0,0.0,0.454667174116989,-0.348753372792495,0.454667174116989,0.348753372792495,87.30000000000001,33.0,6.184494106108934,3.8030000000000017,109.18410000000002
COc1ccc(-c2oc3c(CC=C(C)C)c(OC4OC(CO)C(O)C(O)C4O)cc(O)c3c(=O)c2OC2OC(C)C(O)C(O)C2O)cc1,0,0.13999236238744683,30.5625,676.6680000000005,636.3480000000003,676.2367205799999,262.0,0.0,0.23864397228197398,-0.506890063591271,0.506890063591271,0.23864397228197398,238.19999999999996,48.0,10.64292445131627,0.06789999999999852,166.65039999999976
C=c1c(C(=O)N2CCN(C)CC2)c(C)[nH]c1=Cc1c(O)[nH]c2ccc(S(=O)(=O)N(C)c3cccc(Cl)c3)cc12,0,0.3431210926586811,15.282051282051283,568.0990000000002,537.8590000000002,567.17070312,204.0,0.0,0.26358754778205207,-0.49412958922977246,0.49412958922977246,0.26358754778205207,112.74,39.0,6.959390475719133,2.6152200000000017,154.27349999999973
Nc1nc(Cl)nc2c1ncn2C1CC(O)C(CO)O1,1,0.6481668237451135,27.210526315789473,285.69100000000003,273.595,285.06286692399993,102.0,0.0,0.22595282697379504,-0.39356883602857423,0.39356883602857423,0.22595282697379504,119.31000000000002,19.0,3.0157944019157448,-0.29740000000000044,66.36500000000001
CC(Cc1ccc(O)c(O)c1)(NN)C(=O)O,0,0.2790266001792836,14.375,226.232,212.11999999999998,226.095356928,88.0,0.0,0.32475423945938264,-0.5042598930766079,0.5042598930766079,0.32475423945938264,115.81000000000002,16.0,3.36003950163823,-0.05310000000000015,56.839500000000015
CCN(CC)CCOC(=O)c1ccc(N)cc1,0,0.6038456847188672,10.529411764705882,236.315,216.15499999999994,236.15247788,94.0,0.0,0.33766719980761245,-0.4607322661997623,0.4607322661997623,0.33766719980761245,55.56,17.0,5.493276930432441,1.7673999999999999,68.92490000000004
C=CCc1cc(OC)c(O)c(C(=O)NCCO)c1,1,0.6549125288003494,9.88888888888889,251.28199999999995,234.14599999999996,251.115758024,98.0,0.0,0.2547763083668253,-0.5037041779369822,0.5037041779369822,0.2547763083668253,78.79,18.0,5.198696709010875,0.8514000000000002,67.97880000000002
CN(CC(=O)O)C(=N)NP(=O)(O)O,0,0.22039722337276862,10.692307692307692,211.11399999999998,201.03399999999996,211.03580705,76.0,0.0,0.4293374515604814,-0.4799250416488799,0.4799250416488799,0.4293374515604814,133.95000000000002,13.0,3.858434843767999,-1.3801300000000003,43.17230000000001
CCOC(=O)C(C)(C)Oc1ccc(Cl)cc1,0,0.761604620096077,11.0,242.702,227.58199999999997,242.07097202,88.0,0.0,0.3493755771983238,-0.476165107514394,0.476165107514394,0.3493755771983238,35.53,16.0,4.185273630990825,3.060500000000001,62.79200000000004
Cc1cc(C)nc(NS(=O)(=O)c2ccc(N)cc2)n1,0,0.8285267006028038,11.263157894736842,278.337,264.22499999999997,278.083746688,100.0,0.0,0.26372364518031377,-0.39872771712743976,0.39872771712743976,0.26372364518031377,97.97,19.0,3.390174010948206,1.4764399999999998,73.16890000000002
OCCOCCN1CCN(C2=Nc3ccccc3Sc3ccccc32)CC1,0,0.8048695029648197,17.074074074074073,383.51700000000017,358.3170000000002,383.16674804,142.0,0.0,0.13731652793361712,-0.39398033266424703,0.39398033266424703,0.13731652793361712,48.300000000000004,27.0,6.088782379092566,2.8560000000000016,109.12180000000004
C[Se]CCC(N)C(=O)O,1,0.6198316903228036,13.11111111111111,196.108,185.01999999999995,196.995499892,54.0,0.0,,,,,63.32000000000001,9.0,4.76653840606244,-0.040999999999999925,36.653199999999984
O=C(OC1Cc2c(O)cc(O)cc2OC1c1cc(O)c(O)c(O)c1)c1cc(O)c(O)c(O)c1,0,0.2115032367203034,17.09090909090909,458.37500000000017,440.2310000000003,458.0849113959999,172.0,0.0,0.338339156380131,-0.5076790312068091,0.5076790312068091,0.338339156380131,197.36999999999998,33.0,5.086396681727389,2.233199999999999,108.92089999999999
CCCCN1CCCCC1C(=O)Nc1c(C)cccc1C,0,0.891012713024742,19.476190476190474,288.43500000000006,260.21099999999996,288.22016351599996,116.0,0.0,0.2412445175266546,-0.32423494936901764,0.32423494936901764,0.2412445175266546,32.34,21.0,5.800144383034446,3.8965400000000026,88.66570000000006
N=c1cc(N2CCCCC2)nc(N)n1OS(=O)(=O)O,0,0.6177212323365296,16.36842105263158,289.31700000000006,274.197,289.08447495999997,106.0,0.0,0.4648544342400651,-0.3666135374914377,0.4648544342400651,0.3666135374914377,134.53,19.0,3.621550590934727,-0.8335299999999988,66.68670000000003
c1ccc2c(c1)sc1ccccc12,0,0.4940581960165391,11.076923076923077,184.263,176.19899999999996,184.034671256,62.0,0.0,0.03548923155524245,-0.1351910761698002,0.1351910761698002,0.03548923155524245,0.0,13.0,1.4057647185737139,4.054500000000002,59.33100000000003
CCCCCCCCCCCCCCCc1cccc(O)c1C(=O)O,1,0.3456535128369247,10.92,348.52700000000004,312.23900000000003,348.26644501199996,142.0,0.0,0.3392549731012961,-0.5070419094397797,0.5070419094397797,0.3392549731012961,57.53,25.0,11.837737140846334,6.724100000000008,104.46510000000009
CN1CCN(C2=Nc3ccccc3Oc3ccc(Cl)cc32)CC1,0,0.736992877851952,17.652173913043477,327.8150000000001,309.67100000000005,327.113839876,118.0,0.0,0.15264513990785067,-0.45432313146929804,0.45432313146929804,0.15264513990785067,28.07,23.0,3.712831532251495,3.7714000000000025,93.23500000000006
CCc1oc2ccccc2c1C(=O)c1cc(Br)c(O)c(Br)c1,0,0.568938382393165,11.045454545454545,424.088,411.992,421.9153184439999,112.0,0.0,0.1967552721524891,-0.5055807816002578,0.5055807816002578,0.1967552721524891,50.44,22.0,4.101737306007053,5.456800000000003,92.53130000000002
O=C(Cc1cccc(OC(F)(F)F)c1)Nc1ccc(CCCCc2nnc(NC(=O)Cc3ccccn3)s2)nn1,0,0.2368981241904694,11.175,571.5850000000003,547.3930000000001,571.161343288,208.0,0.0,0.5725964610586345,-0.4057890876900821,0.5725964610586345,0.4057890876900821,131.88,40.0,9.673205052371912,4.549500000000003,140.61239999999987
O=C(O)c1ccccc1,0,0.6106035394285076,8.88888888888889,122.12299999999996,116.07499999999997,122.036779432,46.0,0.0,0.33517823467103924,-0.47763925058011736,0.47763925058011736,0.33517823467103924,37.3,9.0,1.491717149964678,1.3848,33.4013
COC(=O)C(c1ccccc1Cl)N1CCc2sccc2C1,0,0.807761185070717,16.285714285714285,321.829,305.7010000000001,321.059027432,110.0,0.0,0.32730142953770475,-0.46758616603239045,0.46758616603239045,0.32730142953770475,29.54,21.0,4.287114073509037,3.6739000000000024,84.64200000000004
COC(=O)NC(C(=O)NC(Cc1ccccc1)C(O)CN(Cc1ccc(-c2ccccn2)cc1)NC(=O)C(NC(=O)OC)C(C)(C)C)C(C)(C)C,0,0.15431195958816882,14.0,704.869,652.4530000000001,704.3897480040001,276.0,0.0,0.4070235526543356,-0.45287023541171595,0.45287023541171595,0.4070235526543356,171.21999999999997,51.0,14.496906810436272,4.2116000000000025,193.87659999999937
CC(Cc1cc2c(c(C(N)=O)c1)N(CCCO)CC2)NCCOc1ccccc1OCC(F)(F)F,0,0.36983125998632094,14.028571428571428,495.5420000000002,463.28600000000023,495.2344911639999,192.0,0.0,0.4220702400548749,-0.4883759130932632,0.4883759130932632,0.4220702400548749,97.05000000000001,35.0,9.221192948274565,3.0711000000000013,127.23540000000004
C=c1c(O)c(O)cc2c1=CC=C1C2(C)CCC2(C)C3CC(C)(C(=O)O)CCC3(C)CCC12C,1,0.5272805865228964,43.78787878787879,450.61900000000037,412.3150000000002,450.27700969599994,178.0,0.0,0.30885608382738766,-0.5042370580929937,0.5042370580929937,0.30885608382738766,77.76,33.0,4.4143341029528385,4.983800000000004,130.31640000000004
CC(C)CC(N)=O,0,0.5409744937836245,9.571428571428571,101.149,90.06099999999999,101.084063972,42.0,0.0,0.21717106001306022,-0.36967118309480623,0.36967118309480623,0.21717106001306022,43.09,7.0,2.4132374254802387,0.5178000000000001,28.64939999999999
Clc1ccc(Cn2c(CN3CCCC3)nc3ccccc32)cc1,0,0.7114328092614038,15.521739130434783,325.84299999999996,305.68300000000005,325.13457531999995,118.0,0.0,0.12392133117854692,-0.3223950469088638,0.3223950469088638,0.12392133117854692,21.060000000000002,23.0,4.06275689675935,4.333800000000003,94.79800000000004
Cc1c(C(=O)NN2CCCCC2)nn(-c2ccc(Cl)cc2Cl)c1-c1ccc(Cl)cc1,0,0.5208402471010896,14.666666666666666,463.79600000000016,442.62800000000027,462.078094332,156.0,0.0,0.28587250455915936,-0.2833570903546849,0.28587250455915936,0.2833570903546849,50.160000000000004,30.0,6.344989264046674,5.938620000000005,121.65719999999999
NC(=O)CCC(N)C(=O)O,0,0.45609177359825065,12.5,146.14600000000002,136.066,146.06914218,58.0,0.0,0.3199828445702351,-0.4800862864649938,0.4800862864649938,0.3199828445702351,106.41000000000001,10.0,3.415426078971534,-1.3361999999999998,34.03959999999999
Cc1ccc2c(c1)c1c(n2CCc2ccc(C)nc2)CCN(C)C1,0,0.7302421964031592,14.958333333333334,319.4520000000001,294.252,319.20484780000004,124.0,0.0,0.048570242548141636,-0.34388127995328666,0.34388127995328666,0.048570242548141636,21.060000000000002,24.0,3.8895806144104808,3.883740000000002,99.39100000000005
CC1(C)[C@@H](O)CC[C@]2(C)C3C(=O)C=C4C5C[C@@](C)(C(=O)O)CC[C@]5(C)CC[C@@]4(C)[C@]3(C)CC[C@@H]12,0,0.4640740563336532,54.11764705882353,470.6940000000004,424.32600000000025,470.339609952,190.0,0.0,0.30886764235758135,-0.48082904355879025,0.48082904355879025,0.30886764235758135,74.6,34.0,5.040263713265467,6.412600000000007,133.07160000000002
CC(c1ncncc1F)C(O)(Cn1cncn1)c1ccc(F)cc1F,0,0.7639757614487599,14.92,349.31600000000003,335.20400000000006,349.115044728,130.0,0.0,0.1628660591006084,-0.382403297261057,0.382403297261057,0.1628660591006084,76.72,25.0,4.491939503476726,2.1769,80.68180000000002
O=c1c(CC[S+]([O-])c2ccccc2)c(O)n(-c2ccccc2)n1-c1ccccc1,1,0.49849510199960045,12.03448275862069,404.4910000000001,384.3310000000002,404.1194635,146.0,0.0,0.278587374671623,-0.6114245819476324,0.6114245819476324,0.278587374671623,70.22,29.0,5.553112855778081,3.6841000000000026,114.4522
COc1cc2ncnc(Nc3ccc(F)c(Cl)c3)c2cc1OCCCN1CCOCC1,0,0.517854527865434,14.548387096774194,446.9100000000004,422.71800000000025,446.15209652799996,164.0,0.0,0.1624329849026206,-0.4927859630535338,0.4927859630535338,0.1624329849026206,68.74000000000001,31.0,7.010112818481523,4.275600000000003,118.15370000000003
C=C(c1ccc(C(=O)O)cc1)c1cc2c(cc1C)C(C)(C)CCC2(C)C,0,0.7270145310201616,17.423076923076923,348.48600000000016,320.26200000000006,348.208930136,136.0,0.0,0.3351789636475343,-0.4776392465898037,0.4776392465898037,0.3351789636475343,37.3,26.0,4.340836889224898,6.103720000000005,108.00230000000006
NC1CCCCN(c2c(F)cc3c(=O)c(C(=O)O)cn(C4CC4)c3c2Cl)C1,0,0.8358049633327453,20.703703703703702,393.8460000000001,372.67800000000005,393.125547432,144.0,0.0,0.34072309345452806,-0.477497022794842,0.477497022794842,0.34072309345452806,88.56,27.0,4.596280526187501,3.144700000000001,102.44570000000004
C#Cc1cccc(Nc2ncnc3cc4c(cc23)OCCOCCOCCO4)c1,0,0.6727670764195051,15.0,391.4270000000003,370.2590000000002,391.15320615199994,148.0,0.0,0.1629950969615118,-0.48726922349847857,0.48726922349847857,0.1629950969615118,74.73000000000002,29.0,6.050500205073843,3.1591000000000014,109.82570000000004
CS(=O)(=O)Nc1ccc([N+](=O)[O-])cc1OC1CCCCC1,1,0.6651670710518857,16.428571428571427,314.3630000000002,296.21900000000005,314.093642676,116.0,0.0,0.27279126195517683,-0.4879662560494186,0.4879662560494186,0.27279126195517683,98.54,21.0,4.663624076403792,2.6778000000000004,79.06390000000005
CCCCCCCCCCCC(CC1OC(=O)C1CCCCCC)OC(=O)C(CC(C)C)NC=O,0,0.0948674729834446,19.057142857142857,495.7450000000004,442.32100000000025,495.39237379599996,204.0,0.0,0.32841084378692215,-0.4609863609210805,0.4609863609210805,0.32841084378692215,81.69999999999999,35.0,17.589388648594216,6.881900000000007,140.91269999999997
CCN1CCN(Cc2ccc(-c3cc4c(NC(C)c5ccccc5)ncnc4[nH]3)cc2)CC1,0,0.42645644344301753,16.181818181818183,440.59500000000014,408.33900000000017,440.2688450240001,170.0,0.0,0.14283301639050508,-0.3628855049555485,0.3628855049555485,0.14283301639050508,60.08,33.0,6.3728841522297355,4.935500000000003,135.19539999999995
O=c1cc(-c2cccc3c2Sc2ccccc2S3)oc(N2CCOCC2)c1,1,0.48753390702796573,15.925925925925926,395.5050000000002,378.36900000000014,395.06498540399997,136.0,0.0,0.19962083304809836,-0.44023463855046396,0.44023463855046396,0.19962083304809836,42.68000000000001,27.0,4.472163041313628,4.759200000000003,108.13400000000003
NC(=O)OCC(COC(N)=O)c1ccccc1,0,0.796471019540729,9.941176470588236,238.24300000000002,224.13099999999994,238.095356928,92.0,0.0,0.40400981611328307,-0.4489225761607734,0.4489225761607734,0.40400981611328307,104.64000000000001,17.0,4.803476866863361,0.9607999999999993,60.25380000000002
NC(=O)c1ccc(-c2nc(-c3ccc4c(c3)OCO4)c(-c3ccccn3)[nH]2)cc1,0,0.5591699338773773,12.137931034482758,384.39500000000004,368.26700000000017,384.1222403720001,142.0,0.0,0.2481958681678425,-0.45359505509013753,0.45359505509013753,0.2481958681678425,103.12,29.0,3.98260137016812,3.633300000000001,107.3316
CC1(C)SC2C(NC(=O)C(N)c3ccc(O)cc3)C(=O)N2C1C(=O)O,0,0.5530315284690744,28.04,365.4110000000001,346.25900000000007,365.104541708,134.0,0.0,0.32739938470277585,-0.5079666252286738,0.5079666252286738,0.32739938470277585,132.96,25.0,4.159024310255109,0.023700000000000443,90.69370000000004
CN1CCN2c3ccccc3Cc3ccccc3C2C1,0,0.7212588245608211,21.65,264.372,244.21199999999993,264.16264864,102.0,0.0,0.06723468289128035,-0.3616606726822643,0.3616606726822643,0.06723468289128035,6.48,20.0,2.7776393255196212,3.0839000000000016,83.27400000000006
CC12CCC3c4ccc(O)cc4CCC3C1CCC2=O,0,0.7778844237760111,39.05,270.37199999999996,248.19599999999994,270.161979944,106.0,0.0,0.13855567934776142,-0.5079560321952997,0.5079560321952997,0.13855567934776142,37.3,20.0,2.5453515552866013,3.817400000000002,77.73080000000004
CCCCCC(O)C=CC1C(O)CC(=O)C1CCCCCCC(=O)O,0,0.34761269542578893,24.92,354.48700000000014,320.21500000000003,354.2406241879999,144.0,0.0,0.30283955653220485,-0.4812303897852169,0.4812303897852169,0.30283955653220485,94.83,25.0,10.6602658228356,3.475100000000002,97.23740000000005
CC#CC1(O)CCC2C3=C(C4=C(CC3)CC(=O)CC4)C(c3ccc(N(C)C)cc3)CC21C,0,0.6267173529380963,33.84375,429.6040000000001,394.3240000000002,429.26677936000004,168.0,0.0,0.1367811043385647,-0.3776612068013775,0.3776612068013775,0.1367811043385647,40.54,32.0,5.134627537221039,5.5506000000000055,129.50180000000003
Oc1c2c(c(O)n1CCCCN1CCN(c3nsc4ccccc34)CC1)CCCC2,0,0.5837089294389052,17.533333333333335,426.5860000000003,396.3460000000003,426.20894719999995,160.0,0.0,0.19696234792094294,-0.49416439331764933,0.49416439331764933,0.19696234792094294,64.76,30.0,5.564138125756394,3.9902000000000033,121.91060000000004
CC1OC(OC2C(O)C(OCCc3ccc(O)c(O)c3)OC(CO)C2OC(=O)C=Cc2ccc(O)c(O)c2)C(O)C(O)C1O,0,0.08727041949615721,32.5,624.5920000000004,588.3040000000004,624.205420452,242.0,0.0,0.33073297934010387,-0.504259893074049,0.504259893074049,0.33073297934010387,245.28999999999996,44.0,11.011915095039129,-1.0159000000000016,147.09519999999995
CC12CCC3c4ccc(OC(=O)c5ccccc5)cc4CCC3C1CCC2O,0,0.5842361578235642,33.5,376.4960000000002,348.2720000000001,376.20384475599997,146.0,0.0,0.3430217183175209,-0.42292951054951816,0.42292951054951816,0.3430217183175209,46.53,28.0,4.313627763282344,5.122800000000005,108.46630000000005
c1cn2cc(-c3ccc4c[nH]nc4c3)nc(Nc3ccc(N4CCOCC4)cc3)c2n1,0,0.46738531794023797,14.387096774193548,411.4690000000003,390.30100000000016,411.180758292,154.0,0.0,0.1799440885255898,-0.3777778199763259,0.3777778199763259,0.1799440885255898,83.37,31.0,4.278327794627885,3.852800000000002,120.83140000000002
O=C1Nc2ccccc2C1=O,0,0.5520289490055337,14.545454545454545,147.13299999999995,142.09299999999996,147.0320284,54.0,0.0,0.2963657607234712,-0.3184282733908279,0.3184282733908279,0.2963657607234712,46.17,11.0,1.063544539996422,0.8213999999999999,39.40220000000001
CC(C)[N+]1(C)C2CCC1CC(OC(=O)C(CO)c1ccccc1)C2,0,0.6661029067869589,33.458333333333336,332.464,302.22400000000005,332.22202024009,132.0,0.0,0.31555586610443015,-0.46134577604236554,0.46134577604236554,0.31555586610443015,46.53,24.0,4.97492937352215,2.8541000000000016,93.51320000000007
CC1C(=O)O[C@@H]2OC3(C)CC[C@H]4[C@H](C)CC[C@@H]1[C@@]24OO3,0,0.504203147729872,57.75,282.33599999999996,260.15999999999997,282.146723804,112.0,0.0,0.31097180359286625,-0.4320284473802694,0.4320284473802694,0.31097180359286625,53.99000000000001,20.0,2.5823902329658353,2.3949000000000007,68.04700000000004
CCN(CC)CC(=O)Oc1ccc(NC(C)=O)cc1,0,0.6294348624142526,10.31578947368421,264.325,244.16499999999994,264.1473925,104.0,0.0,0.3250351955244248,-0.4255830896498468,0.4255830896498468,0.3250351955244248,58.64,19.0,6.016876371846588,1.8921999999999999,74.16870000000004
CC(C)(C)c1ccc(S(=O)(=O)NCc2ccc(C(=O)Nc3cccnc3)cc2)cc1,0,0.624500953136557,11.833333333333334,423.53800000000007,398.3380000000002,423.16166266000005,156.0,0.0,0.25520140263968644,-0.3205910968522415,0.3205910968522415,0.25520140263968644,88.16,30.0,6.335558823513163,4.109900000000002,117.79970000000002
Cc1ccc(Cl)c(Nc2ccccc2C(=O)O)c1Cl,0,0.8594044841056042,10.263157894736842,296.153,285.06499999999994,295.01668395200005,98.0,0.0,0.33730975579289907,-0.4775833404924006,0.4775833404924006,0.33730975579289907,49.33,19.0,3.977507735185529,4.743620000000003,77.88300000000002
CCCCCCOC(=O)N=C(N)c1ccc(NCc2nc3cc(C(=O)N(CCC(=O)OCC)c4ccccn4)ccc3n2C)cc1,0,0.07414882459282221,11.326086956521738,627.7460000000003,586.4180000000001,627.316917412,242.0,0.0,0.4350633909381424,-0.4659201434560121,0.4659201434560121,0.4350633909381424,154.02999999999997,46.0,12.21737825814189,5.602600000000005,177.86059999999955
OCCN1CC(O)C(O)C(O)C1CO,0,0.3326203956682485,40.07142857142857,207.226,190.08999999999997,207.110672644,84.0,0.0,0.10856813770983482,-0.3950443155646255,0.3950443155646255,0.10856813770983482,104.39000000000001,14.0,4.237937318613459,-3.262099999999999,47.553000000000026
CNS(=O)(=O)CCc1ccc2[nH]cc(C3CCN(C)CC3)c2c1,0,0.8790140987575411,17.82608695652174,335.4730000000001,310.2730000000001,335.16674804,126.0,0.0,0.21116604329893632,-0.3608788986553245,0.3608788986553245,0.21116604329893632,65.2,23.0,4.751541646920893,2.0687999999999995,94.32120000000005
O=C(c1ccc(F)c(F)c1Nc1ccc(I)cc1F)N1CC(O)(C2CCCCN2)C1,0,0.5262225719674639,20.566666666666666,531.3160000000003,510.14800000000025,531.063059572,160.0,0.0,0.25578290714875246,-0.3845357730502655,0.3845357730502655,0.25578290714875246,64.60000000000001,30.0,5.952926720736266,3.781100000000002,115.25270000000003
CN(C)CCOC(c1ccccc1)c1ccccc1,0,0.7845504400951161,11.157894736842104,255.36100000000002,234.19299999999993,255.162314292,100.0,0.0,0.10759604464030843,-0.36745986260344343,0.36745986260344343,0.10759604464030843,12.47,19.0,5.1314183000901785,3.3542000000000023,79.23300000000006
NC(=O)Cc1cccc(C(=O)c2ccccc2)c1N,0,0.6404218695353087,10.105263157894736,254.289,240.17699999999996,254.105527688,96.0,0.0,0.22142009843728488,-0.39789312795566745,0.39789312795566745,0.22142009843728488,86.18,19.0,3.6122693667851453,1.5276,73.62730000000002
CC(=O)O[C@@H]1CC[C@]2(C)C3C(=O)C=C4C5[C@@H](C)[C@H](C)CC[C@]5(C)CC[C@@]4(C)[C@]3(C)CC[C@H]2[C@@]1(C)C(=O)O,0,0.40978053008609866,53.08108108108108,512.7310000000006,464.3470000000003,512.3501746359999,206.0,0.0,0.31294148585347875,-0.4807184362162025,0.4807184362162025,0.31294148585347875,80.67,37.0,5.9537841223906725,6.839300000000008,142.54879999999994
C=CCc1cccc(C=NNC(=O)CN2CCN(Cc3ccccc3)CC2)c1O,0,0.4112405928356455,15.448275862068966,392.5030000000001,364.27900000000017,392.221226136,152.0,0.0,0.2537305333814712,-0.5069702771438583,0.5069702771438583,0.2537305333814712,68.17,29.0,7.552955181866298,2.3886000000000007,115.90350000000004
CC1OC(OC2CC(O)C3(CO)C4C(O)CC5(C)C(C6=CC(=O)OC6)CCC5(O)C4CCC3(O)C2)C(O)C(O)C1O,1,0.14016402002820666,56.8780487804878,584.6590000000006,540.3070000000004,584.2832768479999,232.0,0.0,0.3306609998342125,-0.45797966202733525,0.45797966202733525,0.3306609998342125,206.59999999999997,41.0,7.220768248773218,-1.5149999999999972,138.59840000000003
COC1CCN(C(=O)c2cc(Cc3n[nH]c(=O)c4ccccc34)ccc2F)CC1,0,0.7371320350524352,15.03448275862069,395.43400000000014,373.25800000000015,395.164519784,150.0,0.0,0.2715501470616431,-0.381319875103423,0.381319875103423,0.2715501470616431,75.28999999999999,29.0,5.398283736955298,2.904000000000001,107.50420000000004
COc1ccccc1OCC(O)CO,0,0.7198499687675642,12.214285714285714,198.21799999999996,184.10599999999997,198.089208928,78.0,0.0,0.16079033487745928,-0.4928700097063454,0.4928700097063454,0.16079033487745928,58.92,14.0,4.223825168961549,0.4272000000000001,51.58160000000003
Cc1cn(C2CC(N=[N+]=[N-])C(CO)O2)c(=O)[nH]c1=O,0,0.4454004294146897,26.105263157894736,267.245,254.14099999999996,267.096753896,102.0,0.0,0.3299584893561765,-0.3936655723867071,0.3936655723867071,0.3299584893561765,133.07999999999998,19.0,3.7002394991419916,-0.19628000000000012,64.60650000000003
CCN1CCN(C(=O)NC(C(=O)NC2C(=O)N3C2SC(C)(C)C3C(=O)O)c2ccccc2)C(=O)C1=O,0,0.34480740182688646,25.694444444444443,517.5640000000003,490.34800000000035,517.1631192039998,192.0,0.0,0.327399384702813,-0.4796728023655437,0.4796728023655437,0.327399384702813,156.43,36.0,6.6883645899315205,-0.24029999999999685,127.34020000000005
CCN1CCC[C@@H]1CNC(=O)c1cc(S(N)(=O)=O)ccc1OC,1,0.7869434425499668,18.82608695652174,341.4330000000001,318.2490000000001,341.140927216,128.0,0.0,0.2546449706698973,-0.49592299207453583,0.49592299207453583,0.2546449706698973,101.73,23.0,5.611213778590756,0.5567000000000012,86.96940000000005
Cc1nc2c([nH]1)-c1ccccc1N(C(=O)c1ccc(NC(=O)c3ccccc3-c3ccccc3)cc1)CC2,1,0.2966070597287681,12.289473684210526,498.58600000000024,472.3780000000004,498.205576072,186.0,0.0,0.2578001175566594,-0.34194408751740063,0.34194408751740063,0.2578001175566594,78.09,38.0,6.057109829103392,6.507320000000005,150.41439999999972
CC(C)(C)NC(=O)C1CC2CCCCC2CN1CC(O)C(Cc1ccccc1)NC(=O)C(CC(N)=O)NC(=O)c1ccc2ccccc2n1,0,0.19750207121883467,21.510204081632654,670.855,620.455,670.3842687,262.0,0.0,0.27006304679734344,-0.38963519796203766,0.38963519796203766,0.27006304679734344,166.75,49.0,11.668799476901224,3.092400000000003,188.21379999999954
O=C(O)c1cc(-c2ccc(F)cc2F)ccc1O,1,0.860782458230497,10.333333333333334,250.19999999999996,242.13599999999994,250.044150556,92.0,0.0,0.3389917986343629,-0.5070521235567076,0.5070521235567076,0.3389917986343629,57.53,18.0,2.97234439589376,3.035600000000001,60.41810000000002
C#CCN(C)Cc1ccccc1,0,0.607262790959667,9.75,159.232,146.128,159.104799416,62.0,0.0,0.05988315389448268,-0.29112646386452307,0.29112646386452307,0.05988315389448268,3.24,12.0,3.374235206423593,1.7516,51.60900000000004
NC(=O)CN1CC(O)CC1=O,0,0.4903139916606697,24.272727272727273,158.15699999999995,148.077,158.06914218,62.0,0.0,0.23654942567652565,-0.39074436547832614,0.39074436547832614,0.23654942567652565,83.63,11.0,2.0910610967792747,-1.9350999999999996,36.3982
C=C(C)C1CCC2(C(=O)O)CCC3(C)C(CCC4C5(C)CCC(O)C(C)(C)C5CCC43C)C12,0,0.43609774143169966,55.0,456.7110000000003,408.3270000000002,456.36034539599996,186.0,0.0,0.3094457065168938,-0.48081364076912236,0.48081364076912236,0.3094457065168938,57.53,33.0,5.1472987665137975,7.089500000000009,132.61160000000004
C[C@H](CCC(=O)NCCS(=O)(=O)O)[C@H]1CC[C@H]2[C@@H]3[C@@H](O)C[C@@H]4C[C@H](O)CC[C@]4(C)[C@H]3CC[C@]12C,0,0.39816166284880605,45.05882352941177,499.71400000000034,454.3540000000003,499.29675915999997,196.0,0.0,0.2660980241121421,-0.39311971367729265,0.39311971367729265,0.2660980241121421,123.93,34.0,7.473758572039736,3.3973000000000013,130.43690000000004
CC1(C)SC2C(NC(=O)Cc3ccccc3)C(=O)N2C1C(=O)O,0,0.7977632704521286,28.0,334.39700000000005,316.25300000000004,334.09872805599997,122.0,0.0,0.3273993847026587,-0.4796728023655438,0.4796728023655438,0.3273993847026587,86.71000000000001,23.0,3.8338414541675756,0.8607999999999998,85.80450000000005
CC1(C)C(C(=O)O)N2C(=O)CC2S1(=O)=O,0,0.5988163606060163,35.86666666666667,233.24499999999998,222.15699999999998,233.035793452,84.0,0.0,0.32760265106703207,-0.47967039298211034,0.47967039298211034,0.32760265106703207,91.75,15.0,1.7488898128556256,-0.794999999999999,49.67360000000002
CCOC(=O)c1c(C)n(C)c2ccc(O)cc12,0,0.8100308248748566,10.764705882352942,233.267,218.14699999999996,233.10519334,90.0,0.0,0.3400882471754134,-0.5079411476759566,0.5079411476759566,0.3400882471754134,51.46,17.0,2.7938128941830715,2.36902,65.27730000000003
Cc1cc2c(C(C)C)c(O)c(O)c(C=O)c2c(O)c1-c1c(C)cc2c(C(C)C)c(O)c(O)c(C=O)c2c1O,0,0.13123576853848415,11.68421052631579,518.5620000000004,488.3220000000004,518.19406792,198.0,0.0,0.16875163932333936,-0.5066137520135031,0.5066137520135031,0.16875163932333936,155.52,38.0,6.391469764506908,6.382240000000009,145.3057999999999
CCCCCCCCCCCCCCCCCC(=O)OC,1,0.24258212710383714,10.761904761904763,298.51099999999997,260.20699999999994,298.287180456,126.0,0.0,0.3050018388563536,-0.46899542782059145,0.46899542782059145,0.3050018388563536,26.3,21.0,17.079155288967154,6.420900000000007,91.56200000000008
Clc1ccc(COC(Cn2ccnc2)c2ccc(Cl)cc2Cl)cc1,0,0.5391871956552778,12.291666666666666,381.69000000000005,366.57000000000005,380.02499614,124.0,0.0,0.10225098076819157,-0.3669220090498759,0.3669220090498759,0.10225098076819157,27.05,24.0,5.796342976582462,5.801400000000003,97.67100000000002
CCCCCCCCCCCCCCCC[N+](C)(C)C,0,0.24890958342417605,12.0,284.55199999999996,242.21599999999995,284.33117676409,122.0,0.0,0.07799282789641779,-0.3309148190196808,0.3309148190196808,0.07799282789641779,0.0,20.0,13.893094261989399,6.173900000000007,93.21140000000008
Clc1ccc(C(Cn2ccnc2)OCc2c(Cl)cccc2Cl)c(Cl)c1,0,0.4616906207935435,12.32,416.1350000000001,402.0230000000001,413.98602378799995,130.0,0.0,0.1022534031353325,-0.366810428730842,0.366810428730842,0.1022534031353325,27.05,25.0,6.260779457593519,6.454800000000002,102.68100000000003
CO[C@H]1/C=C/O[C@@]2(C)Oc3c(C)c(O)c4c(O)c(c(C=NN5CCN(C6CCCC6)CC5)c(O)c4c3C2=O)NC(=O)C(C)=CC=CC(C)[C@H](O)[C@@H](C)[C@@H](O)[C@@H](C)[C@H](OC(C)=O)[C@@H]1C,0,0.09263818792629532,31.03174603174603,877.0450000000004,812.5329999999999,876.4520734880002,344.0,0.0,0.3121091952257161,-0.5067356780024597,0.5067356780024597,0.3121091952257161,220.14999999999995,63.0,14.493550864824492,5.6482200000000065,236.81119999999936
COC1C(=O)C(C)C[C@H](C)/C=C/C=C/C=C(\C)[C@@H](OC)C[C@@H]2CC[C@@H](C)[C@@](O)(O2)C(=O)C(=O)N2CCCCC2C(=O)O[C@H]([C@@H](C)C[C@@H]2CC[C@@H](OCCO)[C@H](OC)C2)CC(=O)C(C)=CC(C)[C@H]1O,1,0.17413606854002173,38.39705882352941,958.2399999999999,874.5759999999998,957.5813563360001,384.0,0.0,0.3286630099566581,-0.4600781443659678,0.4600781443659678,0.3286630099566581,204.65999999999994,68.0,22.921494670116754,6.197200000000009,255.9563999999991
Cc1ccc(C(=O)c2cc(O)c(O)c([N+](=O)[O-])c2)cc1,0,0.38710486030618185,10.25,273.24399999999997,262.15599999999995,273.06372245200004,102.0,0.0,0.3148920243780831,-0.5040605297266924,0.5040605297266924,0.3148920243780831,100.67,20.0,3.3879705614044355,2.545420000000002,71.03750000000001
Cc1cc(-c2ccc(N=Nc3ccc4c(S(=O)(=O)O)cc(S(=O)(=O)O)c(N)c4c3O)c(C)c2)ccc1N=Nc1ccc2c(S(=O)(=O)O)cc(S(=O)(=O)O)c(N)c2c1O,1,0.0426817193226967,13.0,872.8940000000001,844.6700000000001,872.0546335760001,302.0,0.0,0.2961446166334874,-0.504885892899598,0.504885892899598,0.2961446166334874,359.42,58.0,10.280182724907302,6.670040000000006,209.0127999999999
CNCc1ccc(-c2cc(-c3nc(-c4ccc(S(=O)(=O)C(C)C)cc4)cnc3N)on2)cc1,0,0.42215146310146123,11.757575757575758,463.56300000000016,438.3630000000002,463.16781066000004,170.0,0.0,0.1891620340795891,-0.38178452656476475,0.38178452656476475,0.1891620340795891,124.0,33.0,6.25764462955862,3.949300000000002,127.8989
CCC(C(=O)O)c1ccc(N2Cc3ccccc3C2=O)cc1,0,0.9398376055960551,14.772727272727273,295.33799999999997,278.202,295.120843404,112.0,0.0,0.31045920746458683,-0.4807809815259556,0.4807809815259556,0.31045920746458683,57.61,22.0,3.670674518765503,3.425200000000002,84.06530000000005
OC(CC1c2ccccc2-c2cncn21)C1CCCCC1,0,0.9299084725797633,22.80952380952381,282.387,260.21099999999996,282.17321332399996,110.0,0.0,0.0956292920197615,-0.3927471268146468,0.3927471268146468,0.0956292920197615,38.050000000000004,21.0,3.3019674128102086,3.784200000000003,83.00080000000005
O=C(C(O)CO)C(O)C(O)CO[C@H]1O[C@H](CO)[C@H](O)[C@H](O)[C@H]1O,0,0.20920469863055047,35.56521739130435,342.297,320.12100000000004,342.11621152399994,136.0,0.0,0.1942043658297963,-0.3935665150995827,0.3935665150995827,0.1942043658297963,197.36999999999998,23.0,7.894164127325901,-5.552999999999993,69.83240000000004
O=S(=O)(O)NC1CCCCC1,0,0.6134444989856448,21.90909090909091,179.24099999999993,166.13699999999997,179.061614276,66.0,0.0,0.3331041844578813,-0.2734470633029347,0.3331041844578813,0.2734470633029347,66.4,11.0,2.8612416045866187,0.7114999999999998,41.55730000000002
COc1ncnc(NS(=O)(=O)c2ccc(N)cc2)c1OC,1,0.7870878791639985,10.952380952380953,310.33500000000004,296.22300000000007,310.07357592799997,112.0,0.0,0.2626542183309281,-0.48856036064060476,0.48856036064060476,0.2626542183309281,116.43,21.0,4.125640877072164,0.8768,76.79890000000003
Nc1nc(CC(=O)Nc2ccc(CCNCC(O)c3ccccc3)cc2)cs1,0,0.416864339857185,11.892857142857142,396.516,372.3240000000001,396.16199700799996,146.0,0.0,0.22992353607423577,-0.3870836404145066,0.3870836404145066,0.22992353607423577,100.27,28.0,7.132796320020342,2.7722000000000007,113.2776
COC(=O)C1=CCCN(C)C1,0,0.5139158149125916,19.272727272727273,155.197,142.093,155.094628656,62.0,0.0,0.3342236541189761,-0.4656243715937133,0.4656243715937133,0.3342236541189761,29.54,11.0,2.6525704796483938,0.4213,42.213000000000015
O=C(NC1CN2CCC1CC2)c1cc2cccc(Cl)c2s1,0,0.9197262822919299,27.952380952380953,320.845,303.709,320.0750118440001,110.0,0.0,0.26116181755829326,-0.34703765250852775,0.34703765250852775,0.26116181755829326,32.34,21.0,3.4013779740602352,3.378700000000002,87.25320000000004
COC(=O)c1ccc2c(C(=Nc3ccc(N(C)C(=O)CN4CCN(C)CC4)cc3)c3ccccc3)c(O)[nH]c2c1,0,0.27162582053944945,14.825,539.6360000000003,506.3720000000004,539.253254536,206.0,0.0,0.3374206761834344,-0.4940754621178549,0.4940754621178549,0.3374206761834344,101.47,40.0,7.949680623490144,4.039400000000002,156.83299999999969
CC(C)(C)[C@]1(O)C[C@@H]2OC(=O)C[C@@]23C(=O)O[C@@H]2OC(=O)C(O)[C@]213,0,0.5584575788015059,51.0,326.30100000000004,308.15700000000004,326.10016753599996,126.0,0.0,0.3386222955220639,-0.4609438814601108,0.4609438814601108,0.3386222955220639,119.36,23.0,2.39377434090398,-0.7438,70.36360000000003
CN1CC(=O)N2C(Cc3c([nH]c4ccccc34)[C@H]2c2ccc3c(c2)OCO3)C1=O,0,0.6925587527204075,22.79310344827586,389.41100000000023,370.2590000000001,389.13755608799994,146.0,0.0,0.24547168539751604,-0.4535954682508703,0.4535954682508703,0.24547168539751604,74.87,29.0,3.272714054578488,2.2112999999999996,104.68170000000005
CC/C=C\C/C=C\C/C=C\C/C=C\C/C=C\CCCC(=O)O,0,0.3348176579051081,12.772727272727273,302.458,272.21799999999996,302.2245802,122.0,0.0,0.30285111400203624,-0.4812302537956734,0.4812302537956734,0.30285111400203624,37.3,22.0,15.789593856404421,5.9927000000000055,95.94580000000005
Fc1ccc(-c2c3cccc(C(F)(F)F)c3nn2Cc2ccc(F)cc2Cl)cc1,0,0.3357341186733386,11.931034482758621,422.7840000000001,410.6880000000001,422.060917164,148.0,0.0,0.41807324583483507,-0.25914981941982346,0.41807324583483507,0.25914981941982346,17.82,29.0,4.780717001235009,6.702000000000003,100.641
COc1cc2nccc(Oc3ccc(NC(=O)C4(C(=O)Nc5ccc(F)cc5)CC4)cc3)c2cc1OC,0,0.30772239944852137,13.486486486486486,501.51400000000024,477.32200000000034,501.169999088,188.0,0.0,0.23958420942736625,-0.49284204149667454,0.49284204149667454,0.23958420942736625,98.78000000000002,37.0,6.351222196008754,5.5408000000000035,136.6893999999999
COC(=O)Nc1nc2cc(Sc3ccccc3)ccc2[nH]1,0,0.7695961013290724,10.523809523809524,299.355,286.25100000000003,299.0728476560001,106.0,0.0,0.4131899633815949,-0.4525718571728541,0.4525718571728541,0.4131899633815949,67.00999999999999,21.0,3.7858738440236896,3.892400000000001,82.68640000000003
CC(C)CC(NC(=O)C1OC1C(=O)O)C(=O)NCCCCN=C(N)N,0,0.1299619900212243,19.8,357.4110000000002,330.19500000000005,357.2012189640001,142.0,0.0,0.3356802539011293,-0.47923298543242987,0.47923298543242987,0.3356802539011293,172.43,25.0,8.124510459105435,-1.460899999999997,90.60300000000004
N#CC(c1ccc(Cl)cc1)c1c(Cl)cc(-n2ncc(=O)[nH]c2=O)cc1Cl,0,0.7186547199139044,11.76923076923077,407.6440000000001,398.5720000000001,405.979108568,130.0,0.0,0.34905963693967307,-0.27111834078239144,0.34905963693967307,0.27111834078239144,91.53999999999999,26.0,5.140462832973252,3.536480000000002,99.38270000000003
C/C=C/C[C@@H](C)[C@@H](O)C1C(=O)NC(CC)C(=O)N(C)CC(=O)N(C)C(CC(C)C)C(=O)NC(C(C)C)C(=O)N(C)C(CC(C)C)C(=O)NC(C)C(=O)NC(C)C(=O)N(C)C(CC(C)C)C(=O)N(C)C(CC(C)C)C(=O)N(C)C(C(C)C)C(=O)N1C,0,0.14792471467331683,26.905882352941177,1202.634999999999,1090.7469999999994,1201.8413679919997,486.0,0.0,0.24564364922042153,-0.3901264861786781,0.3901264861786781,0.24564364922042153,278.8,85.0,31.541349995739935,3.2690000000000046,328.4446000000004
O=C(O)c1cccnc1Nc1cccc(C(F)(F)F)c1,0,0.9034245288795607,11.15,282.221,273.14899999999994,282.061612188,104.0,0.0,0.4159855115665516,-0.4775405370390114,0.4775405370390114,0.4159855115665516,62.22,20.0,3.6008882877167574,3.542200000000001,65.923
O=C(O)C(=O)CBr,0,0.46593647216897344,8.142857142857142,166.958,163.93399999999997,165.926556056,40.0,0.0,0.3725684327518858,-0.4754774937739274,0.4754774937739274,0.3725684327518858,54.37,7.0,2.5885957703927494,0.034999999999999976,26.436799999999998
Cc1noc(-c2ccc(-c3ccc(CC(=O)O)cc3)cc2)c1NC(=O)OC(C)c1ccccc1,0,0.34059515486473996,11.588235294117647,456.49800000000016,432.30600000000027,456.16852186799997,172.0,0.0,0.41189634088146926,-0.48098617330805243,0.48098617330805243,0.41189634088146926,101.66000000000001,34.0,6.729550764202535,6.253820000000005,128.41250000000002
FC(F)(F)c1ccc(CNc2ccc(Cc3c[nH]c4ncc(Cl)cc34)cn2)cn1,0,0.46645765570769304,11.724137931034482,417.82200000000006,402.7020000000001,417.0968078200001,148.0,0.0,0.4328309618418765,-0.36594031403101207,0.4328309618418765,0.36594031403101207,66.49000000000001,29.0,5.104228285317427,5.228000000000002,104.7124
CC(C)(ON=C(C(=O)NC1C(=O)N2C(C(=O)O)=C(C[n+]3ccccc3)CS[C@H]12)c1csc(N)n1)C(=O)[O-],0,0.1474015096684504,19.675675675675677,546.5870000000002,524.4110000000003,546.099139044,194.0,0.0,0.352382264067065,-0.5457063695447526,0.5457063695447526,0.352382264067065,191.21999999999997,37.0,7.177849126028998,-1.2991999999999952,129.55590000000004
CC1COC2(CCN(c3nc(=O)c4cc(C(F)(F)F)cc([N+](=O)[O-])c4s3)CC2)O1,0,0.5318048093045942,21.79310344827586,431.39200000000017,415.2640000000002,431.0762762719999,156.0,0.0,0.41618689198836034,-0.3475612517620056,0.41618689198836034,0.3475612517620056,94.8,29.0,4.7447138816913625,3.3153000000000015,98.22340000000001
NCC(=O)Nc1ccc(-n2nc(C(F)(F)F)cc2-c2ccc3c(ccc4ccccc43)c2)cc1,1,0.3349999142928655,11.764705882352942,460.4590000000001,441.3070000000003,460.15109588800004,170.0,0.0,0.43469853502076605,-0.32499102615419345,0.43469853502076605,0.32499102615419345,72.94,34.0,5.296247388896067,5.761700000000004,126.69809999999998
C=c1[nH]cc(CO)c(=CNNC(=O)c2ccncc2)c1=O,1,0.5035750838270848,11.19047619047619,286.29100000000005,272.179,286.10659030799997,108.0,0.0,0.269200778499274,-0.3915968262727339,0.3915968262727339,0.269200778499274,107.11000000000001,21.0,4.471855135619631,-1.6548999999999985,77.0614
CCCCC(F)(F)C1(O)CCC2C(CC(=O)C2CCCCCCC(=O)O)O1,0,0.5137303838767706,31.11111111111111,390.4670000000003,358.2110000000001,390.2217805639999,156.0,0.0,0.30283955653220485,-0.4812303897852169,0.4812303897852169,0.30283955653220485,83.83,27.0,7.743582386938892,4.309900000000003,95.47060000000006
O=c1[nH]c(=O)n(C2CC(O)C(CO)O2)cc1I,0,0.5780298846367379,28.529411764705884,354.1,343.01199999999994,353.97126945200006,94.0,0.0,0.33000741577034237,-0.3935688359788517,0.3935688359788517,0.33000741577034237,104.55000000000001,17.0,3.658233576395405,-1.2181000000000002,65.65930000000002
CC(O)(COc1ccc(NC=O)cc1)C(=O)Nc1ccc([N+](=O)[O-])c(C(F)(F)F)c1,0,0.337319656878357,13.1,427.3350000000001,411.20700000000005,427.099119892,160.0,0.0,0.4225752274060321,-0.4900326642650045,0.4900326642650045,0.4225752274060321,130.8,30.0,6.617734167234807,2.950400000000001,98.97560000000003
CC(C)Cn1cnc2c(N)nc3ccccc3c21,0,0.7489707109733231,11.722222222222221,240.30999999999997,224.18199999999996,240.13749651199998,92.0,0.0,0.1518224325026494,-0.3818164701097038,0.3818164701097038,0.1518224325026494,56.730000000000004,18.0,2.4350192731353513,2.8227,74.28440000000003
C[C@@H](Oc1cc(-c2cnn(C3CCNCC3)c2)cnc1N)c1c(Cl)ccc(F)c1Cl,1,0.533055458733566,15.866666666666667,450.34500000000014,428.1690000000001,449.118543904,158.0,0.0,0.1656916893305656,-0.48202459051774266,0.48202459051774266,0.1656916893305656,77.99,30.0,6.128248615107947,5.037700000000004,116.47410000000004
O=C(NOCC1CC1)c1ccc(F)c(F)c1Nc1ccc(I)cc1Cl,0,0.451903692468688,13.6,478.664,464.552,477.975659808,132.0,0.0,0.2765608425043289,-0.35117003497195504,0.35117003497195504,0.2765608425043289,50.36,25.0,5.7521276982911465,5.0378000000000025,99.95190000000001
CN(C)CCOC(C)(c1ccccc1)c1ccccn1,0,0.806747510369461,14.2,270.37600000000003,248.19999999999993,270.173213324,106.0,0.0,0.1321208022709663,-0.36288535563391877,0.36288535563391877,0.1321208022709663,25.36,20.0,4.877140094400483,2.923300000000001,81.63900000000005
C[C@H]1[C@@H](OC(=O)CCC(=O)O)O[C@@H]2O[C@]3(C)CC[C@H]4[C@H](C)CC[C@@H]1[C@@]24OO3,0,0.5830734536469286,48.407407407407405,384.4250000000002,356.20100000000014,384.17841785599995,152.0,0.0,0.3081932097444965,-0.48121892879469724,0.48121892879469724,0.3081932097444965,100.52000000000002,27.0,4.732750386948738,2.6024000000000003,89.78980000000007
C[N+](C)(C)CCOP(=O)(O)OP(=O)([O-])OC[C@H]1O[C@@H](n2ccc(N)nc2=O)[C@H](O)[C@@H]1O,0,0.2027818834287029,28.225806451612904,488.32700000000017,462.11900000000026,488.10733091199995,178.0,0.0,0.47841158819991464,-0.7558113750273859,0.7558113750273859,0.47841158819991464,215.72000000000003,31.0,8.170908164861013,-2.2304999999999957,102.15320000000003
C=c1c(C=CC(=O)OC)c2[nH]c1=CC1=NC(=Cc3[nH]c(c(CC)c3C)C=c3[nH]/c(c(CCC(=O)O)c3C)=C\2)C2=CC=C(C(=O)OC)C(C(=O)OC)[C@]21C,0,0.15618565609371882,19.37735849056604,718.8070000000002,676.4710000000002,718.3002643040002,274.0,0.0,0.3341585666886827,-0.48122192577327993,0.48122192577327993,0.3341585666886827,175.92999999999998,53.0,9.73930042032653,2.5459400000000025,201.0648999999996
Cc1cccc(Nc2nc(-c3ccncc3)cs2)c1,1,0.7702526560626144,10.368421052631579,267.357,254.253,267.083018416,94.0,0.0,0.1872053125878345,-0.3315316975279695,0.3315316975279695,0.1872053125878345,37.81,19.0,3.247096996592594,4.257120000000002,79.80670000000003
CN1CCCC1Cc1c[nH]c2ccc(CCS(=O)(=O)c3ccccc3)cc12,0,0.7050592233207414,18.333333333333332,382.5290000000001,356.32100000000014,382.17149907199996,142.0,0.0,0.1782022549589933,-0.36088876564210337,0.36088876564210337,0.1782022549589933,53.17,27.0,5.0637227305168615,3.8210000000000024,109.85350000000004
COc1cc(N)c(Cl)cc1C(=O)NC1CCN(CCCOc2ccc(F)cc2)CC1OC,0,0.4360349382366308,18.875,465.9530000000003,436.7210000000003,465.183062308,174.0,0.0,0.2549087827502481,-0.4958418378607584,0.4958418378607584,0.2549087827502481,86.05,32.0,8.551572252379035,3.358100000000002,122.03660000000002
Oc1ccc(C2CNCCc3c2cc(O)c(O)c3Cl)cc1,0,0.6113669325066001,18.047619047619047,305.76099999999997,289.63300000000004,305.081871052,110.0,0.0,0.1762889350332062,-0.507966639121706,0.507966639121706,0.1762889350332062,72.72,21.0,3.655879360484421,2.734400000000001,81.30510000000002
CN1CCN(CCOc2cc(OC3CCOCC3)c3c(Nc4c(Cl)ccc5c4OCO5)ncnc3c2)CC1,0,0.45196054329121843,18.57894736842105,542.0360000000002,509.7800000000003,541.209196804,202.0,0.0,0.23092311505863505,-0.492037851770957,0.492037851770957,0.23092311505863505,90.44000000000001,38.0,7.548709855957345,3.9395000000000024,144.29669999999984
COc1ccc(-c2ccc3cc(C(=O)O)ccc3c2)cc1C12C[C@H]3C[C@@H](C1)C[C@@H](C2)C3,0,0.5197041292773108,28.741935483870968,412.5290000000003,384.3050000000002,412.20384475599997,158.0,0.0,0.3352010214298788,-0.49645490240635376,0.49645490240635376,0.3352010214298788,46.53,31.0,4.178716453491839,6.681400000000005,122.74530000000006
CNC(=O)c1ccccc1Nc1cc(Nc2ccc(N3CCOCC3)cc2OC)ncc1C(F)(F)F,1,0.4290621770908041,13.75,501.5090000000003,475.3010000000002,501.198774352,190.0,0.0,0.4193925159429733,-0.4944988226529232,0.4944988226529232,0.4193925159429733,87.75000000000001,36.0,7.487306199973326,4.792400000000003,131.6626
O=C(Nc1cccc(Cl)c1)Nc1ncc(CCNc2ncnc3ccsc23)s1,0,0.39547605169592975,10.75,430.946,415.82600000000014,430.0437287800001,142.0,0.0,0.32498234428140965,-0.3684159572709972,0.3684159572709972,0.32498234428140965,91.83,28.0,5.654162265627657,5.099800000000001,115.81610000000002
NS(=O)(=O)c1cc(C(=O)O)c(NCc2ccco2)cc1Cl,0,0.768936392874182,11.333333333333334,330.749,319.66100000000006,330.00772013200003,112.0,0.0,0.33734453280057997,-0.4775829717041931,0.4775829717041931,0.33734453280057997,122.63000000000001,21.0,4.2143086202513995,1.8907,75.81920000000002
O=C(O)c1cc(O)c(O)c(O)c1,0,0.45988822950048264,9.666666666666666,170.11999999999998,164.07199999999997,170.021523292,64.0,0.0,0.33546230746154465,-0.5041437400350505,0.5041437400350505,0.33546230746154465,97.99000000000001,12.0,1.7829444035657194,0.5015999999999998,38.39570000000001
O=c1[nH]oc2c1CCNC2,1,0.5158198681556664,16.8,140.142,132.078,140.058577496,54.0,0.0,0.28292114107823235,-0.38184204123129123,0.38184204123129123,0.28292114107823235,58.03,10.0,1.1372339979527666,-0.3864000000000001,34.7394
CC12CCC(=O)C=C1C1CC1C1C2CCC2(C)C1C1CC1C21CCC(=O)O1,0,0.6002668837960434,62.0,366.5010000000002,336.2610000000001,366.21949481999997,144.0,0.0,0.30601854886446717,-0.45813882846858006,0.45813882846858006,0.30601854886446717,43.370000000000005,27.0,2.5601445083079644,4.305900000000004,99.49300000000007
N#Cc1ccc(Oc2ccc3c(c2)COB3O)cc1,0,0.8225758081895174,12.947368421052632,251.04999999999998,240.96999999999994,251.07537358,92.0,0.0,0.4912680204336699,-0.45737156852772853,0.4912680204336699,0.45737156852772853,62.480000000000004,19.0,2.957472194902711,1.5682799999999997,70.06880000000002
CC[C@]1(O)C[C@H]2CN(CCc3c([nH]c4ccccc34)[C@@](C(=O)OC)(c3cc4c(cc3OC)N(C=O)[C@H]3[C@@](O)(C(=O)OC)C(OC(C)=O)[C@]5(CC)C=CCN6CC[C@]43C65)C2)C1,0,0.1310247762677446,36.46666666666667,824.9719999999999,768.5239999999999,824.3996439919999,320.0,0.0,0.3436305422897213,-0.49634313299279004,0.49634313299279004,0.3436305422897213,171.17,60.0,9.582636797689029,3.5175000000000027,220.56829999999934
CC1=NC(=N)C(C(=O)OC2CN(C(c3ccccc3)c3ccccc3)C2)C(c2cccc([N+](=O)[O-])c2)C1C(=O)OC(C)C,0,0.2046179602626816,20.813953488372093,582.6570000000002,548.3850000000002,582.2478348079999,222.0,0.0,0.31721924253457073,-0.46245460791761767,0.46245460791761767,0.31721924253457073,135.19,43.0,8.770275495535342,5.3311700000000055,161.0610999999996
O=c1[nH]c2cc(Cl)ccc2o1,1,0.6535135154314028,10.636363636363637,169.56699999999998,165.53499999999997,168.993056048,56.0,0.0,0.4167833257625218,-0.4078621121267836,0.4167833257625218,0.4078621121267836,46.0,11.0,1.2587439375249667,1.7745,41.8447
Cc1ccc(C(=O)Nc2ccc(Oc3cc4cnn(C)c4cc3-c3cn[nH]c3)c(F)c2)c(=O)n1-c1ccc(F)cc1,1,0.27390839006022377,11.121951219512194,552.5410000000003,530.3650000000002,552.1721450040001,204.0,0.0,0.2676636047573643,-0.4536065226218044,0.4536065226218044,0.2676636047573643,106.82999999999998,41.0,6.384074503063322,5.7455200000000035,149.4568999999998
CCN(Cc1ccncc1)C(=O)C(CO)c1ccccc1,0,0.8845260918021192,11.904761904761905,284.359,264.19899999999996,284.15247788,110.0,0.0,0.2322434317492456,-0.39519764343913444,0.39519764343913444,0.2322434317492456,53.43000000000001,21.0,5.460687609147657,2.2062,81.59680000000004
CC1=C2CC(=O)C=C[C@]2(C)[C@@H]2[C@@H](C1)[C@@H]1CC[C@](O)(C(=O)COC(=O)CCC(=O)O)[C@@]1(C)C[C@@H]2O,1,0.39396387488961615,40.911764705882355,474.55000000000035,440.27800000000025,474.22536804799984,186.0,0.0,0.3063132073402059,-0.481218928825594,0.481218928825594,0.3063132073402059,138.2,34.0,6.134543553306265,2.363400000000001,120.40840000000007
CC(C)(C)NC(=O)NC(C(=O)N1CC2C(C1C(=O)NC(CC1CCC1)C(=O)C(N)=O)C2(C)C)C(C)(C)C,0,0.36005526389778836,26.27027027027027,519.6870000000004,474.3270000000004,519.3420695399999,208.0,0.0,0.315364007446809,-0.3629889952432844,0.3629889952432844,0.315364007446809,150.70000000000002,37.0,7.743027917652503,1.7112000000000023,139.01549999999995
CS(=O)(=O)c1ccc(C(=O)Nc2ccc(Cl)c(-c3ccccn3)c2)c(Cl)c1,0,0.6621021756233525,11.222222222222221,421.30500000000006,407.19300000000015,420.01021866800005,138.0,0.0,0.2566746802261622,-0.32192733817884045,0.32192733817884045,0.2566746802261622,76.13,27.0,5.505583717957161,4.7112000000000025,107.198
CCOC(=O)/C=C(C)/C=C/C=C(C)/C=C/c1c(C)cc(OC)c(C)c1C,0,0.36070174388342935,12.884615384615385,354.4900000000001,324.25000000000006,354.21949481999997,140.0,0.0,0.3304984363184988,-0.4964677075827197,0.4964677075827197,0.3304984363184988,35.53,26.0,8.632689777448089,5.645560000000007,109.52600000000007
COc1ccc(Cl)cc1NC(=O)Nc1cc(C)nc2ccccc12,0,0.7154350289737386,10.458333333333334,341.79800000000006,325.67000000000013,341.093104432,122.0,0.0,0.32331089275236163,-0.4945766232738454,0.4945766232738454,0.32331089275236163,63.25,24.0,4.531010462096344,4.8492200000000025,97.12540000000001
CCC(=O)OCC(=O)C1(OC(=O)CC)C(C)CC2C3CC=C4CC(=O)C=CC4(C)C3(Cl)C(O)CC21C,1,0.3191228814483893,43.083333333333336,521.0500000000003,483.75400000000036,520.222781204,198.0,0.0,0.30602825675574846,-0.4574952625022646,0.4574952625022646,0.30602825675574846,106.97000000000001,36.0,6.829231459350789,4.086800000000004,133.01780000000002
CC1(C)CCC(c2ccc(Cl)cc2)=C(CN2CCN(c3ccc(C(=O)NS(=O)(=O)c4ccc(N[C@H](CCN5CCOCC5)CSc5ccccc5)c(S(=O)(=O)C(F)(F)F)c4)cc3)CC2)C1,1,0.10464896749919123,18.338461538461537,974.6339999999997,919.194,973.2955098200001,350.0,0.0,0.5014901630613527,-0.3803583914432106,0.5014901630613527,0.3803583914432106,128.35999999999999,65.0,15.639821092012877,8.833200000000007,251.8864999999993
CCC(C(=O)O)C1CCC(C)C(C(C)C(O)C(C)C(=O)C(CC)C2OC3(C=CC(O)C4(CCC(C)(C5CCC(O)(CC)C(C)O5)O4)O3)C(C)CC2C)O1,1,0.16854269515387346,46.16981132075472,751.0110000000001,680.4510000000002,750.49181306,304.0,0.0,0.30862532444953794,-0.48095514499014275,0.48095514499014275,0.30862532444953794,161.20999999999998,53.0,13.049228933596789,6.188000000000006,198.64419999999924
Cc1csc(-c2nnc(Nc3ccc(Oc4ncccc4-c4ccnc(N)n4)cc3)c3ccccc23)c1,0,0.2602067772473871,10.945945945945946,503.59100000000024,482.42300000000034,503.1528292920001,180.0,0.0,0.22816826352099145,-0.438313127513041,0.438313127513041,0.22816826352099145,111.73,37.0,5.875206684306031,6.6368200000000055,147.0620999999998
CCCCCCCCCCCCCCCCOP(=O)([O-])OCC[N+](C)(C)C,0,0.14805469950697298,14.407407407407407,407.57600000000014,361.2080000000001,407.316445582,164.0,0.0,0.26757718018857635,-0.7561188514292752,0.7561188514292752,0.26757718018857635,58.59,27.0,17.017340321425248,5.675500000000006,112.7219000000001
O=c1ccn([C@H]2C[C@H](O)[C@@H](CO)O2)c(=O)[nH]1,1,0.5523827195332192,29.5,228.20399999999998,216.10799999999998,228.074621484,88.0,0.0,0.3299430024475725,-0.3935688359789165,0.3935688359789165,0.3299430024475725,104.55000000000001,16.0,2.9047072171370214,-1.8226999999999993,52.94230000000002
CC1(C(=O)Nc2ccc(F)nc2)CCCN1c1nc(Nc2cc(C3CC3)[nH]n2)c2cccn2n1,0,0.37575678809030433,20.11764705882353,461.5050000000001,437.3130000000002,461.2087846080001,174.0,0.0,0.24961433337393715,-0.32505314016374826,0.32505314016374826,0.24961433337393715,116.13,34.0,4.712353962245123,3.605100000000001,124.64210000000001
Nc1nc(=O)c2ncn(COC(CO)CO)c2[nH]1,0,0.4854930576221492,11.5,255.23399999999998,242.12999999999997,255.096753896,98.0,0.0,0.3021237458107193,-0.39358128705814605,0.39358128705814605,0.3021237458107193,139.28000000000003,18.0,3.5539921444968465,-1.970899999999999,61.60570000000001
O=c1cc(-c2ccccc2)oc2ccccc12,0,0.6307722261623976,10.588235294117647,222.243,212.16299999999995,222.06807956,82.0,0.0,0.19281620039007316,-0.4558199464466406,0.4558199464466406,0.19281620039007316,30.21,17.0,2.261918447829071,3.4600000000000017,67.92000000000003
Cc1nc(-c2ccc(OCC(C)C)c(C#N)c2)sc1C(=O)O,1,0.9084929504991408,10.5,316.382,300.254,316.08816337199994,114.0,0.0,0.3473241593912338,-0.4919394306486745,0.4919394306486745,0.3473241593912338,83.21,22.0,4.783876350260797,3.723200000000002,84.29430000000006
CN(C)CCC=C1c2ccccc2C=Cc2ccccc21,0,0.6773504085567709,12.80952380952381,275.39500000000004,254.22699999999992,275.167399672,106.0,0.0,0.0010137663488536336,-0.3090916887352674,0.3090916887352674,0.0010137663488536336,3.24,21.0,4.026936271691813,4.553800000000004,92.06200000000005
CC1c2cccc(O)c2C(=O)C2C(=O)C3(O)C(=O)C(C(N)=O)C(=O)C(N(C)C)C3C(O)C21,1,0.3914041938845412,38.875,444.44000000000017,420.2480000000002,444.153265728,170.0,0.0,0.2352863392248181,-0.5071870620584298,0.5071870620584298,0.2352863392248181,175.29999999999998,32.0,4.885194165954517,-1.6011999999999977,107.45930000000001
Cc1cccc(-c2nn3c(c2-c2ccnc4ccc(C(N)=O)cc24)CCC3)n1,0,0.5985637476273389,13.035714285714286,369.4280000000002,350.2760000000001,369.158960228,138.0,0.0,0.24822000165394517,-0.36559918029522215,0.36559918029522215,0.24822000165394517,86.69000000000001,28.0,3.7192272321051085,3.513820000000001,107.77090000000004
CCCNS(=O)(=O)Nc1ncnc(OCCOc2ncc(Br)cn2)c1-c1ccc(Br)cc1,0,0.3258129796797541,11.21875,588.2820000000002,568.1220000000001,585.96334832,170.0,0.0,0.3159710374754747,-0.47346101090967874,0.47346101090967874,0.3159710374754747,128.22000000000003,32.0,8.728164941387403,3.572700000000003,126.7262
Cn1c(=O)c2[nH]cnc2n(C)c1=O,0,0.5624722357827984,10.923076923076923,180.16699999999997,172.10299999999998,180.064725496,68.0,0.0,0.3317032473983392,-0.33872132070702,0.33872132070702,0.3317032473983392,72.68,13.0,1.3870167874115924,-1.0397000000000005,46.57570000000001
Cc1cc(Nc2cc(N3CCN(C)CC3)nc(C=Cc3ccccc3)n2)[nH]n1,0,0.7136005782754015,15.285714285714286,375.48,350.2800000000001,375.2171438000001,144.0,0.0,0.15618745382235735,-0.3538664277768244,0.3538664277768244,0.15618745382235735,72.97,28.0,5.342053418537702,3.1739200000000016,113.71940000000001
NC(=O)C(c1ccccc1)(c1ccccc1)C1CCN(CCc2ccc3c(c2)CCO3)C1,0,0.6222713272119355,18.3125,426.5600000000003,396.3200000000002,426.23072819999993,164.0,0.0,0.2323876955886003,-0.4929591316412761,0.4929591316412761,0.2323876955886003,55.56,32.0,5.708306575966063,3.957500000000003,126.75040000000006
CCCCOc1ccc(OCCCN2CCOCC2)cc1,0,0.6550248398751946,15.857142857142858,293.4069999999999,266.191,293.199093724,118.0,0.0,0.11905784440813057,-0.4935972546053752,0.4935972546053752,0.11905784440813057,30.930000000000003,21.0,7.394808803130169,2.9666000000000015,84.21600000000007
COc1cc(-c2oc3cc(O)cc(O)c3c(=O)c2O)ccc1O,0,0.5721390849031666,10.826086956521738,316.265,304.16900000000004,316.058302724,118.0,0.0,0.23828858164453717,-0.5076781655726544,0.5076781655726544,0.23828858164453717,120.36000000000001,23.0,3.2529299273759484,2.291000000000001,81.1312
COc1cc(C2Oc3cc(C4Oc5cc(O)cc(O)c5C(=O)C4O)ccc3OC2CO)ccc1O,1,0.3741998878225389,22.771428571428572,482.4410000000002,460.2650000000003,482.1212969039999,182.0,0.0,0.2024435763970392,-0.5076785668317747,0.5076785668317747,0.2024435763970392,155.14,35.0,5.5403191791699244,2.3627,119.4495
CC(C)NCC(O)COc1ccc(CCOCC2CC2)cc1,0,0.6164391834948149,16.0,307.434,278.202,307.214743788,124.0,0.0,0.11895622189076535,-0.4908491126928612,0.4908491126928612,0.11895622189076535,50.72,22.0,7.16324502179092,2.3933999999999997,88.32950000000005
CCCN1CCN(c2ccc(C(=O)NC3(C(=O)NCC#N)CCCCC3)cc2)CC1,0,0.672326711325456,19.0,411.55000000000035,378.28600000000023,411.26342529600004,162.0,0.0,0.25163854473902725,-0.36896572526077864,0.36896572526077864,0.25163854473902725,88.47,30.0,7.69368789615146,2.29108,117.29090000000006
C=CC(C)(O)CCC=C(C)C,0,0.6171290071333284,15.272727272727273,154.253,136.10899999999998,154.135765196,64.0,0.0,0.0799543275016631,-0.38609150256085306,0.38609150256085306,0.0799543275016631,20.23,11.0,4.124050173930453,2.6698000000000013,49.48580000000003
CC1(C)Cc2c(-c3ccccc3)c(-c3ccc(Cl)cc3)c(CC(=O)O)n2C1,0,0.6327188854779635,14.925925925925926,379.88700000000017,357.7110000000001,379.13390662399996,138.0,0.0,0.3088698143137499,-0.4809448393186748,0.4809448393186748,0.3088698143137499,42.23,27.0,4.3524327340886035,5.684900000000004,109.13880000000006
COC1=C2C(C)[C@@H](OC(=O)C(O)C(NC(=O)OC(C)(C)C)c3ccccc3)C[C@@](O)([C@@H](OC(=O)c3ccccc3)[C@@H]3[C@]4(OC(C)=O)CO[C@@H]4C[C@H](OC)[C@@]3(C)C1=O)C2(C)C,1,0.21819450498212678,32.9,835.944,778.488,835.3779055040001,326.0,0.0,0.4077471072147374,-0.4930137809150485,0.4930137809150485,0.4077471072147374,202.45,60.0,12.087517963942451,4.772900000000004,212.88679999999928
CN(C)C(=O)Oc1ccc[n+](C)c1,1,0.5934152756520555,9.461538461538462,181.21499999999997,168.11099999999996,181.09715407609,70.0,0.0,0.4144206474603585,-0.4038001748026675,0.4144206474603585,0.4038001748026675,33.42,13.0,2.843981446519625,0.5714999999999999,47.32900000000003
CC1(N)CCN(c2cnc(-c3cccc(Cl)c3Cl)c(N)n2)CC1,1,0.8663224223233896,17.304347826086957,352.2690000000001,333.117,351.1017509680001,122.0,0.0,0.1520462047421336,-0.38181061918109926,0.38181061918109926,0.1520462047421336,81.06,23.0,4.359427901299422,3.350200000000001,95.93980000000003
NS(=O)(=O)OCC1CC(n2ccc3c(NC4CCc5ccccc54)ncnc32)CC1O,1,0.5310901734315111,25.741935483870968,443.5290000000002,418.32900000000024,443.1627252800001,164.0,0.0,0.3327820569461898,-0.3926665334783674,0.3926665334783674,0.3327820569461898,132.35999999999999,31.0,5.169651131771456,2.0627999999999997,115.48170000000005
COc1ccc(C(=O)N2CCCC2=O)cc1,0,0.7072687150818269,15.3125,219.23999999999995,206.13599999999997,219.089543276,84.0,0.0,0.25995588519031715,-0.4967677698305057,0.4967677698305057,0.25995588519031715,46.61,16.0,2.898333516642959,1.4578,58.271500000000024
CCCCCCCCCCC(=O)O,0,0.5584875282599889,10.23076923076923,186.295,164.11899999999997,186.161979944,78.0,0.0,0.3028395565321837,-0.481230389785217,0.481230389785217,0.3028395565321837,37.3,13.0,9.167544919857825,3.6018000000000017,54.862800000000036
CC12C=CC(=O)C=C1CCC1C2C(O)CC2(C)C1CCC2(O)C(=O)CO,1,0.6946116752943167,49.88461538461539,360.4500000000002,332.22600000000006,360.1936739959999,142.0,0.0,0.1896291629209311,-0.3927606978408493,0.3927606978408493,0.1896291629209311,94.83,26.0,3.8942789618379154,1.5575999999999999,95.04840000000004
CC(C)OC(=O)C1=CN(C(=O)c2ccc(F)c(F)c2)CC(C)(C)c2c1[nH]c1ccccc21,0,0.5739706759131318,15.34375,438.47400000000016,414.28200000000027,438.175499068,166.0,0.0,0.34152724731889544,-0.45927952921677967,0.45927952921677967,0.34152724731889544,62.4,32.0,5.362387343589825,5.172200000000005,117.92420000000001
CC(C)C(=O)c1c(C(C)C)nn2ccccc12,0,0.7581170106168678,11.647058823529411,230.311,212.16699999999994,230.141913196,90.0,0.0,0.16898030062107822,-0.2937409697060931,0.2937409697060931,0.16898030062107822,34.370000000000005,17.0,3.006750305183217,3.296400000000002,68.44950000000004
CCN(CC)CCCC(C)Nc1ccnc2cc(Cl)ccc12,0,0.7564117572128701,12.772727272727273,319.88000000000005,293.672,319.18152551199995,120.0,0.0,0.0737050348968934,-0.3819987587014788,0.3819987587014788,0.0737050348968934,28.16,22.0,6.4666600367118185,4.810600000000004,96.85970000000006
CCCNC(C)C(=O)Nc1c(C)csc1C(=O)OC,0,0.7856511740400417,12.0,284.38100000000003,264.221,284.1194635,106.0,0.0,0.3497018366039776,-0.46477209748691545,0.46477209748691545,0.3497018366039776,67.43,19.0,5.976999040588073,2.16972,76.78090000000005
O=C(O)c1ccc(-n2nc(-c3ccccc3O)nc2-c2ccccc2O)cc1,0,0.5031628713401723,10.714285714285714,373.3680000000001,358.24800000000016,373.10625596,138.0,0.0,0.3351808603418084,-0.5071885457254398,0.5071885457254398,0.3351808603418084,108.47,28.0,4.249742766671945,3.710700000000001,102.5199
Cn1cc(C2=C(c3cccc(N)c3)C(=O)NC2=O)c2ccccc21,0,0.5623662286703123,14.541666666666666,317.348,302.228,317.11642672,118.0,0.0,0.2591378015064465,-0.3987111408138662,0.3987111408138662,0.2591378015064465,77.12,24.0,3.027460551842072,2.3277,93.73710000000001
O=C1CCC(C(=O)N2CSCC2C(=O)O)N1,1,0.6672373333780063,29.25,244.272,232.17599999999996,244.051777864,88.0,0.0,0.3268158903624257,-0.47968887902508467,0.47968887902508467,0.3268158903624257,86.71000000000001,16.0,3.041347771038206,-0.7488999999999997,56.75950000000002
CCCCCc1ccc(C=CC(=O)Nc2ccccc2C(=O)O)cc1,0,0.5384744950855026,10.76,337.4190000000001,314.23500000000007,337.16779359599997,130.0,0.0,0.33731126841744763,-0.47758333216077703,0.47758333216077703,0.33731126841744763,66.4,25.0,6.958204906109412,4.769400000000004,100.73600000000006
C=C(c1ccc[nH]1)c1c(O)[nH]c2ccc(NC(N)=O)cc12,0,0.5091277759368891,10.666666666666666,282.30300000000005,268.191,282.111675688,106.0,0.0,0.31611887496402863,-0.4941146992827462,0.4941146992827462,0.31611887496402863,106.93,21.0,2.909829090292283,2.7536999999999994,82.09830000000001
Nc1nc(Nc2ccc(S(N)(=O)=O)cc2)nn1C(=O)c1c(F)cccc1F,1,0.6027885397158542,11.37037037037037,394.36300000000006,382.26700000000017,394.065965684,140.0,0.0,0.2869346358649741,-0.36754710183484557,0.36754710183484557,0.2869346358649741,145.98999999999998,27.0,4.593229198390241,1.217999999999999,91.6188
CNCCCC12CCC(c3ccccc31)c1ccccc12,1,0.8254375445230729,25.476190476190474,277.41100000000006,254.22699999999992,277.183049736,108.0,0.0,0.020917908670118817,-0.31975136809052407,0.31975136809052407,0.020917908670118817,12.03,21.0,3.1127585199008925,4.211400000000004,87.90170000000006
CNC(=O)c1cc(COc2nnc(Nc3ccc(Cl)cc3)c3ccoc23)ccn1,0,0.49660282011600065,10.689655172413794,409.83300000000014,393.7050000000002,409.094167052,146.0,0.0,0.2776443369961087,-0.4690821709764039,0.4690821709764039,0.2776443369961087,102.17,29.0,5.2584461117410015,3.953400000000002,108.49790000000002
O=C(Nc1ccccc1Br)NC1CCN(c2ccc(C(F)(F)F)cn2)C1,0,0.7669326479359252,17.23076923076923,429.24000000000007,413.1120000000001,428.04595789200005,138.0,0.0,0.41739151430575816,-0.3544837580955152,0.41739151430575816,0.3544837580955152,57.260000000000005,26.0,5.355648150549192,4.263300000000003,96.15340000000003
CCNC(=O)c1noc(-c2cc(C(C)C)c(O)cc2O)c1-c1ccc(CN2CCOCC2)cc1,1,0.48154911221793545,14.470588235294118,465.55000000000035,434.30200000000025,465.226371092,180.0,0.0,0.27363706336788396,-0.507520649072707,0.507520649072707,0.27363706336788396,108.06,34.0,7.1893787279170915,4.125100000000003,128.8968
COc1cc2c(cc1Cc1cccc(Cl)c1F)c(=O)c(C(=O)O)cn2C(CO)C(C)C,0,0.5639537765926361,12.35483870967742,447.8900000000002,424.70600000000024,447.12487873599997,164.0,0.0,0.3407230813840411,-0.49638381847601376,0.49638381847601376,0.3407230813840411,88.76,31.0,6.66879609171815,4.281000000000002,116.89610000000005
CC(O)C1C(=O)N2C(C(=O)O)=C(SC3CN(C4=NCCS4)C3)C(C)C12,0,0.6890022165653165,33.16,383.4950000000002,362.3270000000001,383.097348152,136.0,0.0,0.352962463411714,-0.47653913717259494,0.47653913717259494,0.352962463411714,93.44,25.0,4.279101722791668,0.6602999999999999,97.34260000000002
O=c1c(-c2ccc(O)cc2)coc2cc(OC3OC(CO)C(O)C(O)C3O)ccc12,0,0.4057476336771066,26.6,416.38200000000006,396.2220000000002,416.11073221999993,158.0,0.0,0.22872410536661014,-0.507966244667516,0.507966244667516,0.22872410536661014,149.82,30.0,5.457655452427568,0.34429999999999994,103.98000000000002
OCC(O)c1oc(O)c(O)c1O,0,0.4116327548207046,13.166666666666666,176.124,168.05999999999997,176.032087976,68.0,0.0,0.329933831632104,-0.5016634577211949,0.5016634577211949,0.329933831632104,114.29,12.0,2.1138506196271067,-0.5779000000000001,35.748000000000005
CCC(=O)NS(=O)(=O)c1ccc(-c2c(-c3ccccc3)noc2C)cc1,0,0.7419803073587753,11.307692307692308,370.43000000000006,352.2860000000001,370.09872805599997,134.0,0.0,0.2635418698040183,-0.360408127604003,0.360408127604003,0.2635418698040183,89.27,26.0,4.902938856379946,3.531920000000002,97.73150000000003
NCC(=O)CCC(=O)O,0,0.5323930170518473,9.0,131.131,122.05899999999998,131.058243148,52.0,0.0,0.3032898653148625,-0.4812206268476531,0.4812206268476531,0.3032898653148625,80.39,9.0,3.6240192043895743,-0.6210000000000004,30.931199999999993
Cc1nc(NC(=O)N2CCCC2C(N)=O)sc1-c1ccnc(C(C)(C)C(F)(F)F)c1,0,0.7528280893178394,17.266666666666666,441.4790000000001,419.3030000000001,441.144630604,162.0,0.0,0.3989054885082493,-0.367880831700483,0.3989054885082493,0.367880831700483,101.21,30.0,5.764558901802444,3.835020000000002,107.10410000000003
OC[C@H]1O[C@H](O[C@H]2O[C@H](CO)[C@@H](O)[C@H](O)[C@H]2O)[C@H](O)[C@@H](O)[C@@H]1O,0,0.24325846760776557,51.65217391304348,342.297,320.12100000000004,342.11621152399994,136.0,0.0,0.18932152601677132,-0.3935665150090352,0.3935665150090352,0.18932152601677132,189.52999999999997,23.0,6.267664044609653,-5.397199999999993,68.61940000000004
CCc1cnn2c(NCc3ccc[n+]([O-])c3)cc(N3CCCCC3CCO)nc12,1,0.4701697526686685,17.03448275862069,396.4950000000003,368.27100000000013,396.227374136,154.0,0.0,0.18481358924517866,-0.61868427260626,0.61868427260626,0.18481358924517866,92.63,29.0,5.800095349922636,2.2785000000000006,111.78150000000007
C[C@@H]1O[C@@H](O[C@H]2[C@H](Oc3cc(O)c(C(=O)CCc4ccc(O)cc4)c(O)c3)O[C@H](CO)[C@@H](O)[C@@H]2O)[C@H](O)[C@H](O)[C@H]1O,0,0.15553388720064507,33.829268292682926,582.5550000000003,548.2830000000004,582.1948557679999,226.0,0.0,0.22913852820999103,-0.5079666452403732,0.5079666452403732,0.22913852820999103,236.05999999999997,41.0,9.687546698918384,-1.3506000000000011,136.1467
CC(C)c1c(CN(C)C(C)Cc2ccccc2)n(C)n(-c2ccccc2)c1=O,0,0.6122396207978269,12.678571428571429,377.5320000000001,346.28400000000016,377.246712612,148.0,0.0,0.2746643094498933,-0.29754469258304345,0.29754469258304345,0.2746643094498933,30.17,28.0,6.1990031714967255,4.362400000000004,116.17400000000006
CCCCC(=O)OC1CCC2C3CCc4cc(O)ccc4C3CCC12C,0,0.7397426708714153,35.30769230769231,356.5060000000001,324.25000000000006,356.23514488399996,142.0,0.0,0.3055742656827861,-0.5079560321952997,0.5079560321952997,0.3055742656827861,46.53,26.0,4.74686684037404,5.350300000000006,102.12880000000007
CCCS(=O)(=O)Nc1ccc(F)c(C(=O)c2c[nH]c3ncc(Cl)cc23)c1F,0,0.5997438594472442,11.703703703703704,413.833,399.7210000000001,413.041246428,142.0,0.0,0.23230513625734828,-0.34538927081511767,0.34538927081511767,0.23230513625734828,91.92,27.0,5.161994906027383,3.877200000000002,98.59470000000002
Clc1ccccc1CN1CCc2sccc2C1,0,0.7928094140981294,15.823529411764707,263.793,249.68099999999995,263.053548128,88.0,0.0,0.04505297260104157,-0.2943775234430562,0.2943775234430562,0.04505297260104157,3.24,17.0,3.187727989067652,3.959800000000002,73.58900000000004
COc1cc(C=CC(=O)CC(=O)C=Cc2ccc(O)c(OC)c2)ccc1O,0,0.5481228320623274,11.037037037037036,368.3850000000001,348.22500000000014,368.12598835999995,140.0,0.0,0.16291864446768706,-0.5042543435663183,0.5042543435663183,0.16291864446768706,93.06000000000002,27.0,6.768433339252623,3.3699000000000026,102.01660000000001
COc1cc(N2CCC(N3CCN(C)CC3)CC2)ccc1Nc1ncnc(Nc2ccccc2S(=O)(=O)C(C)C)n1,1,0.3853845763077602,17.536585365853657,580.759,540.4390000000002,580.29440814,220.0,0.0,0.2316062780359393,-0.49449803963685673,0.49449803963685673,0.2316062780359393,115.82000000000001,41.0,8.906450640812348,3.7657000000000016,162.45519999999965
CN1c2ccccc2C(NCCCCCCC(=O)O)c2ccc(Cl)cc2S1(=O)=O,0,0.6055890008979128,17.310344827586206,436.96100000000007,411.7610000000001,436.12235595999994,156.0,0.0,0.3028395565582493,-0.4812303897851838,0.4812303897851838,0.3028395565582493,86.71000000000001,29.0,6.822348320398568,4.192600000000003,114.04930000000004
COc1ccc2c(c1OC)C(=O)OC2C1c2c(cc3c(c2OC)OCO3)CCN1C,0,0.7086818239336454,21.666666666666668,413.4260000000003,390.2420000000002,413.147452076,158.0,0.0,0.3426866709200018,-0.4928404823821085,0.4928404823821085,0.3426866709200018,75.69000000000001,30.0,4.3922510413573015,2.881800000000001,105.89450000000006
NCC1OC(OC2C(N)CC(N)C(OC3OC(CO)C(O)C(N)C3O)C2O)C(N)CC1O,1,0.17400656822855506,52.6875,467.52000000000015,430.2240000000002,467.25912776399997,188.0,0.0,0.1856475895348527,-0.3935672815104059,0.3935672815104059,0.1856475895348527,268.17,32.0,8.787243334884463,-6.295799999999999,108.37100000000002
O=C(NC[C@@H](O)CN1CCc2ccccc2C1)c1cc(NC2COC2)ncn1,0,0.6378202528469585,18.035714285714285,383.4520000000001,358.25200000000007,383.1957396600001,148.0,0.0,0.2696763323784292,-0.38995116694476983,0.38995116694476983,0.2696763323784292,99.61,28.0,5.7995391334199615,0.4362999999999995,104.02470000000004
COc1ccc(/C=C\c2cc(OC)c(OC)c(OC)c2)cc1O,0,0.8252975349299134,10.608695652173912,316.353,296.19300000000004,316.13107374,122.0,0.0,0.2027982640978553,-0.504240214910589,0.504240214910589,0.2027982640978553,57.150000000000006,23.0,5.356787338961523,3.5970000000000035,89.68480000000005
C=C1c2cccc(O)c2C(=O)C2C(=O)C3(O)C(=O)C(C(N)=O)C(=O)C(N(C)C)C3C(O)C12,1,0.3893541766595416,36.59375,442.42400000000015,420.2480000000002,442.137615664,168.0,0.0,0.23528633924941378,-0.507174666792414,0.507174666792414,0.23528633924941378,175.29999999999998,32.0,4.739348115079816,-1.6914999999999976,108.07830000000001
CCC(C)(C)c1ccc(CC(C)CN2CC(C)OC(C)C2)cc1,0,0.7562509669580478,24.608695652173914,317.517,282.237,317.27186474,130.0,0.0,0.06776968360867637,-0.37290524920032464,0.37290524920032464,0.06776968360867637,12.47,23.0,6.2726628391750126,4.662000000000004,99.07600000000008
NCC1OC(OC2C(N)CC(N)C(O)C2OC2OC(CO)C(O)C2O)C(N)C(O)C1O,0,0.17877808193941128,53.61290322580645,454.4770000000001,420.2050000000002,454.2274932879999,182.0,0.0,0.18673058352175856,-0.3935664991680876,0.3935664991680876,0.18673058352175856,262.38,31.0,8.20702195743656,-6.652299999999997,101.78540000000001
CN1C(=O)CC[C@H]1c1cccnc1,0,0.647200855723837,22.384615384615383,176.21900000000002,164.123,176.094963004,68.0,0.0,0.22241381239750826,-0.3386463313109148,0.3386463313109148,0.22241381239750826,33.2,13.0,2.003807289183639,1.3749,48.982000000000035
CCc1cc(C(C)=NOCc2ccc(C3CCCCC3)c(C(F)(F)F)c2)ccc1CN1CC(C(=O)O)C1,0,0.2950723343208272,18.027027027027028,516.6040000000002,481.32400000000024,516.25997764,200.0,0.0,0.4161969895081123,-0.48095523356064135,0.48095523356064135,0.4161969895081123,62.129999999999995,37.0,8.57224096109166,6.7727000000000075,136.4928
CNC(=O)c1cnn(-c2nc(N)c3ncn([C@@H]4O[C@H](CO)[C@@H](O)[C@H]4O)c3n2)c1,1,0.3203311326860455,24.714285714285715,390.36000000000007,372.2160000000002,390.1400156759999,148.0,0.0,0.2541453828499545,-0.3935668539266412,0.3935668539266412,0.2541453828499545,186.45999999999998,28.0,4.426153137492834,-2.4346999999999985,93.25699999999999
CC(C)(C)NCC(O)c1cc(Cl)c(N)c(Cl)c1,1,0.7442931078481675,13.764705882352942,277.195,259.051,276.07961855599996,96.0,0.0,0.09151318393497339,-0.3963115728692795,0.3963115728692795,0.09151318393497339,58.28,17.0,4.667759671168578,2.9971000000000005,73.58990000000001
Cc1ccc(-c2nn(C(C)(C)C)c3ncnc(N)c23)cc1,0,0.7436116253858401,12.0,281.363,262.211,281.164045608,108.0,0.0,0.16397035679537772,-0.38296455506663946,0.38296455506663946,0.16397035679537772,69.62,21.0,2.9339236626799035,3.1389200000000006,84.90440000000004
CCCc1nc(C(C)(C)O)c(C(=O)OCc2oc(=O)oc2C)n1Cc1ccc(-c2ccccc2-c2nn[nH]n2)cc1,0,0.2379075869315023,11.634146341463415,558.5950000000003,528.3550000000002,558.2226826800002,212.0,0.0,0.5186358297976134,-0.45262646079650987,0.5186358297976134,0.45262646079650987,162.15999999999997,41.0,7.663441118523977,4.170020000000003,146.7189999999998
COc1cc2c(Oc3ccc(NC(=O)C4(C(=O)Nc5ccc(F)cc5)CC4)cc3F)ccnc2cc1OCCCN1CCOCC1,1,0.14964030202969777,15.630434782608695,632.6639999999998,598.3920000000002,632.244641248,240.0,0.0,0.23958580497160956,-0.4928417284205577,0.4928417284205577,0.23958580497160956,111.25,46.0,9.26900889937938,5.772400000000005,167.46639999999962
COc1cc(CC2C(=O)OCC2Cc2ccc(OC)c(OC)c2)ccc1O,0,0.7534384443107306,18.85185185185185,372.4170000000001,348.22500000000014,372.15728848799995,144.0,0.0,0.30920411451078006,-0.5042546044963383,0.5042546044963383,0.30920411451078006,74.22000000000001,27.0,5.738721057478999,2.992400000000002,99.55180000000006
CS(=O)(=O)c1ccc(C2=C(c3ccccc3)C(=O)OC2)cc1,0,0.8169951703125135,15.045454545454545,314.3620000000001,300.25000000000006,314.061279928,112.0,0.0,0.33900944718477494,-0.4571463911245985,0.4571463911245985,0.33900944718477494,60.44,22.0,3.581416716501968,2.5577000000000005,83.76680000000003
CN(C)C(=O)C(O)C(Cc1ccccc1)NC(=O)c1cc2cc(Cl)ccc2[nH]1,0,0.5952324518842084,13.142857142857142,399.8780000000001,377.7020000000001,399.13496924400005,146.0,0.0,0.26756165348220134,-0.38106656879291656,0.38106656879291656,0.26756165348220134,85.43,28.0,6.016179466738274,2.6114999999999995,109.40970000000003
CCCCCCCCCCCCc1ccc(S(=O)(=O)Nc2nncs2)cc1,0,0.4000902139916928,11.592592592592593,409.62100000000004,378.3730000000001,409.18576923200004,150.0,0.0,0.26320396451495276,-0.25319123747744826,0.26320396451495276,0.25319123747744826,71.95,27.0,9.76521799584979,5.802300000000005,112.70750000000005
O=CN1CC/C(=C\c2ccc3c(c2)OCO3)C1=O,0,0.5797742436311756,19.666666666666668,245.23399999999995,234.14599999999993,245.068807832,92.0,0.0,0.25576370374365615,-0.45359507761893925,0.45359507761893925,0.25576370374365615,55.84,18.0,2.5130869009343413,1.1873999999999996,62.936000000000035
CNCCc1ccccn1,0,0.6658018289589027,9.7,136.19799999999995,124.10199999999998,136.100048384,54.0,0.0,0.04157556764272935,-0.3193634590881509,0.3193634590881509,0.04157556764272935,24.92,10.0,2.895883430116068,0.8434999999999999,41.86770000000002
C=C1C(=CC=C2CCCC3(C)C2CCC3C(C)C=CC(O)C2CC2)CC(O)CC1O,0,0.5512651961830369,42.1,412.6140000000002,372.29400000000015,412.29774513999996,166.0,0.0,0.08113023624950191,-0.3926695701416229,0.3926695701416229,0.08113023624950191,60.69,30.0,6.440480313154655,5.0906000000000065,121.76040000000006
Cc1nc2cc(-n3ncc(C(=O)c4cc5ccccc5[nH]4)c3N)ccc2[nH]1,0,0.4310629299105084,11.444444444444445,356.38900000000007,340.261,356.13855913200007,132.0,0.0,0.21403582053070794,-0.3829666509146993,0.3829666509146993,0.21403582053070794,105.38,27.0,3.1730184598037505,3.35152,104.09630000000001
C[C@@]12N[C@@H](Cc3ccccc31)c1ccccc12,0,0.7202842359274376,28.647058823529413,221.303,206.18299999999994,221.12044948,84.0,0.0,0.06722349291555298,-0.2966448964685886,0.2966448964685886,0.06722349291555298,12.03,17.0,1.659734286369153,3.150500000000002,68.91870000000003
NCCCNCCSP(=O)(O)O,0,0.3446247204426618,11.916666666666666,214.22699999999998,199.10699999999997,214.05409996999998,74.0,0.0,0.38352836863088463,-0.33042474491266177,0.38352836863088463,0.33042474491266177,95.58,12.0,7.1258530158293,-0.2492999999999997,51.04320000000003
CCCCCOC(=O)Nc1nc(=O)n(C2OC(C)C(O)C2O)cc1F,0,0.640839151584694,25.8,359.35400000000004,337.17800000000005,359.149263644,140.0,0.0,0.41238294302290207,-0.4492816956425919,0.4492816956425919,0.41238294302290207,122.91000000000001,25.0,6.453606010830465,0.7601999999999995,84.54830000000003
CC(=O)OCC=C(C)C=CC=C(C)C=CC1=C(C)CCCC1(C)C,0,0.43599752307784073,19.416666666666668,328.4960000000002,296.24,328.240230264,132.0,0.0,0.30244004498990296,-0.4616233213974338,0.4616233213974338,0.30244004498990296,26.3,24.0,7.96978884762822,6.081100000000006,102.75900000000006
O=C(C(O)CO)C(O[C@H]1O[C@H](CO)[C@@H](O[C@H]2O[C@H](CO)[C@@H](O)[C@H](O)[C@H]2O)[C@H](O)[C@H]1O)[C@H](O)CO,1,0.12455038421934553,41.61764705882353,504.43800000000016,472.1820000000003,504.1690349439998,200.0,0.0,0.19462399882842343,-0.3935665150908042,0.3935665150908042,0.19462399882842343,276.52,34.0,11.080472521485536,-7.728799999999989,102.46580000000002
CNC(=O)c1ccc(-c2cnc3ncc(Cc4ccc5ncccc5c4)n3n2)cc1F,0,0.4888913017817663,11.161290322580646,412.42800000000005,395.2920000000001,412.1447873840001,152.0,0.0,0.2534966892266625,-0.355020440478789,0.355020440478789,0.2534966892266625,85.07000000000001,31.0,4.588842909949232,3.429000000000002,114.11520000000002
C=CC(=O)Nc1ccc2ncnc(Nc3cccc(Br)c3)c2c1,1,0.6747178471005569,10.304347826086957,369.22200000000004,356.118,368.027273136,114.0,0.0,0.2472628197965696,-0.3395819763734233,0.3395819763734233,0.2472628197965696,66.91,23.0,4.340621875423013,4.260400000000002,95.78940000000001
NCCCC(=O)O,0,0.5200092163601909,8.714285714285714,103.12099999999998,94.04899999999998,103.063328528,42.0,0.0,0.3028891240181524,-0.48122979352344153,0.48122979352344153,0.3028891240181524,63.32000000000001,7.0,3.319866008945014,-0.19009999999999977,25.924199999999995
NC(=O)c1cccc(-c2cccc(OC(=O)NC3CCCCC3)c2)c1,0,0.8875657325646577,14.72,338.40700000000015,316.2310000000001,338.163042564,130.0,0.0,0.41231847760181234,-0.4103297733036139,0.41231847760181234,0.4103297733036139,81.42000000000002,25.0,5.333058748162929,3.8736000000000024,96.42860000000003
O=S(=O)(O)CCSSCCS(=O)(=O)O,0,0.38551177024214367,13.0,282.38599999999997,272.30600000000004,281.93602204,86.0,0.0,0.2652005865696546,-0.2855186732646391,0.2855186732646391,0.2652005865696546,108.74,14.0,6.408287171585977,0.14340000000000014,57.74720000000002
CC(=O)C(O)C(O)C(O)CO,0,0.3727300443671321,19.0,164.15699999999998,152.06099999999998,164.068473484,66.0,0.0,0.16048344261684513,-0.39357888984303946,0.39357888984303946,0.16048344261684513,97.99000000000001,11.0,4.204700326366331,-2.3496,35.7872
Cn1cc[nH]c1=S,0,0.5004564356679512,9.285714285714286,114.173,108.125,114.02516919199999,38.0,0.0,0.17634249559001908,-0.3374092412870166,0.3374092412870166,0.17634249559001908,20.72,7.0,0.9822969125579223,1.08269,30.597699999999996
Cn1cnc([N+](=O)[O-])c1Sc1ncnc2[nH]cnc12,0,0.4332879418057317,11.0,277.269,270.213,277.038193464,96.0,0.0,0.3958381352137376,-0.35772697781222323,0.3958381352137376,0.35772697781222323,115.42,19.0,2.6325078344721247,1.1457999999999997,65.66910000000001
CC(C)OC(=O)OCOP(=O)(COC(C)Cn1cnc2c(N)ncnc21)OCOC(=O)OC(C)C,0,0.2310328956549481,12.657142857142857,519.4480000000002,489.2080000000003,519.1730287900001,196.0,0.0,0.5101648858156085,-0.4315144063296666,0.5101648858156085,0.4315144063296666,185.43999999999997,35.0,10.63814686773958,3.0356000000000014,120.06390000000003
CC(C)(OCc1nn(Cc2ccccc2)c2ccccc12)C(=O)O,0,0.7539361791521213,11.75,324.3800000000001,304.22,324.1473924999999,124.0,0.0,0.33489679790396426,-0.47912240245209536,0.47912240245209536,0.33489679790396426,64.35000000000001,24.0,4.356589832359221,3.4644000000000013,91.78080000000007
CN1C2CCC1CC(OC(=O)C(CO)c1ccccc1)C2,0,0.8605899449393155,30.095238095238095,289.37500000000006,266.1909999999999,289.167793596,114.0,0.0,0.3155498550108651,-0.4617237756087618,0.4617237756087618,0.3155498550108651,49.769999999999996,21.0,4.265598129573437,1.9308999999999996,79.95580000000005
Cc1cc(SCc2sc(-c3ccc(C(F)(F)F)cc3)nc2C)ccc1OCC(=O)O,0,0.4316896933526926,11.5,453.5070000000002,435.3630000000002,453.06802009599994,158.0,0.0,0.415910242484707,-0.4816386000376881,0.4816386000376881,0.415910242484707,59.42,30.0,6.720695734919439,6.201440000000006,111.15980000000003
CC(=O)OCC(=O)C1(O)C(C)CC2C3CC=C4CC(=O)C=CC4(C)C3(F)C(O)CC21C,1,0.5228253202446206,48.354838709677416,434.5040000000002,403.2560000000002,434.210466932,170.0,0.0,0.30256567412655283,-0.457741700801226,0.457741700801226,0.30256567412655283,100.90000000000002,31.0,4.912409370853863,2.466500000000001,109.49160000000003
COc1cc(C=CC(=O)N2CCN(CC(=O)N3CCCC3)CC2)cc(OC)c1OC,0,0.6263510139527446,17.433333333333334,417.50600000000026,386.2580000000002,417.22637109199997,164.0,0.0,0.2461610355800454,-0.4926923988524147,0.4926923988524147,0.2461610355800454,71.55000000000001,30.0,7.56587688142659,1.4922000000000002,113.96600000000005
O=C(O)CCCCCCCC(=O)O,0,0.5701815945486012,9.846153846153847,188.22299999999998,172.09499999999997,188.104858992,76.0,0.0,0.30283955653219463,-0.4812303897852169,0.4812303897852169,0.30283955653219463,74.6,13.0,6.963737817291586,1.8863,47.59060000000003
CC(C)C(=O)Nc1ccc([N+](=O)[O-])c(C(F)(F)F)c1,0,0.6801783581027343,11.473684210526315,276.21399999999994,265.1259999999999,276.07217687200006,104.0,0.0,0.4225752273523072,-0.32585048775253384,0.4225752273523072,0.32585048775253384,72.24,19.0,4.127649095649563,3.2081000000000017,61.56610000000001
CC(C)Nc1cc(-c2c[nH]c(C(=O)NC(CO)c3cccc(Cl)c3)c2)c(Cl)cn1,1,0.43615530009455106,12.068965517241379,433.3390000000001,411.1630000000001,432.111981304,152.0,0.0,0.2677753627711291,-0.3938758893199096,0.3938758893199096,0.2677753627711291,90.04,29.0,6.794513985984028,4.667200000000003,116.5374
CN(C(=O)CN(CCO)CC(=O)N(C)C(C)(C)Cc1ccccc1)C(C)(C)Cc1ccccc1,0,0.5205776680639962,12.0,467.6540000000002,426.3260000000003,467.314792172,186.0,0.0,0.23645781959854142,-0.39504406494940847,0.39504406494940847,0.23645781959854142,64.09,34.0,9.83018112650893,3.2401000000000018,137.51579999999993
Cc1ncc([N+](=O)[O-])n1CC(C)O,0,0.5481589825040828,12.846153846153847,185.183,174.09499999999997,185.080041212,72.0,0.0,0.3424403749716654,-0.38932311837817046,0.38932311837817046,0.3424403749716654,81.19,13.0,2.6189494105921955,0.4805199999999999,45.29920000000003
N#Cc1cc(-c2n[nH]c(-c3ccncc3)n2)ccn1,0,0.7461736235697172,10.052631578947368,248.24900000000005,240.18499999999997,248.08104425599998,90.0,0.0,0.18115701932559322,-0.26468799881479854,0.26468799881479854,0.18115701932559322,91.14,19.0,2.709809086671142,1.8003799999999996,67.5597
N=C(N)N=C(N)NCCc1ccccc1,0,0.4133438803079337,11.066666666666666,205.26500000000001,190.14499999999998,205.13274547999998,80.0,0.0,0.21517444129175578,-0.36957935534101305,0.36957935534101305,0.21517444129175578,100.28,15.0,4.150043153148299,0.026870000000000838,61.685200000000016
CCC(C)C(=O)OC1CC(O)C=C2C=CC(C)C(CCC(O)CC(O)CC(=O)O)C21,0,0.39708378626335494,31.266666666666666,424.5340000000002,388.24600000000015,424.24610349199986,170.0,0.0,0.3084322722958733,-0.4811594283591779,0.4811594283591779,0.3084322722958733,124.29,30.0,9.06628307602244,2.4404000000000003,111.44320000000006
CC1C(=O)O[C@@H]2CCN3CC=C(COC(=O)[C@](C)(O)[C@]1(C)O)[C@H]23,0,0.4622749072833422,44.91304347826087,325.361,302.177,325.152537456,128.0,0.0,0.3407308297532985,-0.46000063681469405,0.46000063681469405,0.3407308297532985,96.3,23.0,3.776620356189748,-0.3925999999999994,79.31160000000003
COC(=O)NC(C(=O)N1CCCC1c1nc(-c2ccc(-c3ccc(-c4c[nH]c(C5CCCN5C(=O)C(NC(=O)OC)C(C)C)n4)cc3)cc2)c[nH]1)C(C)C,0,0.14029818549104897,18.14814814814815,738.8900000000001,688.4899999999999,738.38533132,286.0,0.0,0.4070128695623729,-0.4528703575810654,0.4528703575810654,0.4070128695623729,174.63999999999996,54.0,11.679830729922722,6.222000000000007,202.7507999999994
CC(=O)Oc1ccccc1C(=O)O,0,0.5501217966938848,9.307692307692308,180.15899999999996,172.09499999999997,180.042258736,68.0,0.0,0.33900378687731025,-0.4775395271554559,0.4775395271554559,0.33900378687731025,63.60000000000001,13.0,2.639162439298765,1.3101,44.71030000000002
CNC(=O)c1ccc(N2C(=S)N(c3ccc(C#N)c(C(F)(F)F)c3)C(=O)C2(C)C)cc1F,0,0.5492417106050057,15.6875,464.44400000000013,448.3160000000002,464.09300963199996,166.0,0.0,0.4172614359283322,-0.35502042728790795,0.4172614359283322,0.35502042728790795,76.44,32.0,5.693598600830535,3.992480000000003,112.59120000000004
O=c1[nH]c2ccc(Cl)cc2c(NC2CN3CCC2CC3)c1-c1nc2ccccc2[nH]1,1,0.46410409770447875,23.3,419.91600000000017,397.7400000000002,419.15128800400004,152.0,0.0,0.26108701615666147,-0.37943139645206736,0.37943139645206736,0.26108701615666147,76.81,30.0,4.11001535432699,4.230900000000003,121.24110000000002
CCN1CCN(C(=O)NC(C(=O)NC2C(=O)N3C(C(=O)O)=C(CSc4nnnn4C)CSC23)c2ccc(O)cc2)C(=O)C1=O,0,0.1445382404294043,20.681818181818183,645.6800000000003,618.4640000000002,645.1424008240001,232.0,0.0,0.3521585022062476,-0.5079666200063164,0.5079666200063164,0.3521585022062476,220.25999999999996,44.0,8.767988871164986,-1.1119999999999965,152.5529999999998
CC(NC(CCc1ccccc1)C(=O)O)C(=O)N1CCCC1C(=O)O,0,0.6499831585979154,19.4,348.39900000000017,324.20700000000005,348.16852186799997,136.0,0.0,0.32591549414003096,-0.48008040708619093,0.48008040708619093,0.32591549414003096,106.94000000000001,25.0,6.52262243306853,1.1261000000000003,91.15530000000005
Cn1c(=O)n(-c2ccc(C(C)(C)C#N)cc2)c2c3cc(-c4cnc5ccccc5c4)ccc3ncc21,0,0.3236299364019045,11.833333333333334,469.5480000000002,446.36400000000026,469.19026035600007,174.0,0.0,0.33302647294881815,-0.29315923666571414,0.33302647294881815,0.29315923666571414,76.5,36.0,4.767964281727063,5.893780000000005,143.1929999999998
CC(C)(C)NC(=O)C1CN(Cc2cccnc2)CCN1C[C@@H](O)CC(Cc1ccccc1)C(=O)N[C@H]1c2ccccc2C[C@H]1O,0,0.2628234200956572,21.933333333333334,613.8030000000003,566.4270000000004,613.362804984,240.0,0.0,0.23859013760972775,-0.3917688269186333,0.3917688269186333,0.23859013760972775,118.03000000000002,45.0,10.658241499514785,2.8669000000000016,174.06699999999952
NCC(O)c1ccc(O)cc1,0,0.5752277445713088,12.909090909090908,153.18099999999998,142.093,153.078978592,60.0,0.0,0.11509811951755682,-0.507966618172391,0.507966618172391,0.11509811951755682,66.48,11.0,2.460401250153961,0.3843,42.12100000000002
NCCC(=O)NC(Cc1c[nH]cn1)C(=O)O,0,0.488769316644983,12.0625,226.23600000000002,212.12399999999997,226.106590308,88.0,0.0,0.3261088591567713,-0.4797078967961283,0.4797078967961283,0.3261088591567713,121.10000000000001,16.0,4.4628517903125875,-1.1295999999999988,55.52960000000001
NS(=O)(=O)c1ccccc1,0,0.6383637832668871,11.3,157.194,150.13799999999998,157.019749464,54.0,0.0,0.23754509816877872,-0.2246284095408808,0.23754509816877872,0.2246284095408808,60.160000000000004,10.0,1.7356032982665188,0.3340000000000002,37.81520000000002
Cc1nnc(SCC2=C(C(=O)O)N3C(=O)C(NC(=O)Cn4cnnn4)[C@H]3SC2)s1,0,0.4051904538567723,21.0,454.5190000000002,440.40700000000015,454.0300139280001,152.0,0.0,0.35215849835095264,-0.4765606782889641,0.4765606782889641,0.35215849835095264,156.08999999999997,29.0,5.509434847178612,-0.6360799999999995,102.87150000000001
COc1ccccc1O,0,0.6127725486570803,9.0,124.13899999999997,116.07499999999997,124.052429496,48.0,0.0,0.15997372112016497,-0.5042548357902157,0.5042548357902157,0.15997372112016497,29.46,9.0,1.5831674610154005,1.4008,34.6588
CS(=O)(=O)n1cc2c(n1)CN([C@H]1CO[C@H](c3cc(F)ccc3F)[C@@H](N)C1)C2,0,0.8340518500891307,26.296296296296298,398.4350000000001,378.2750000000001,398.12241794000005,146.0,0.0,0.2503810382924218,-0.3701616227164675,0.3701616227164675,0.2503810382924218,90.45,27.0,4.533794179389595,1.1421,93.14720000000003
Clc1ccccc1C(c1ccccc1)(c1ccccc1)n1ccnc1,1,0.4545449847420715,11.4,344.845,327.709,344.10802622400007,122.0,0.0,0.1225856102871701,-0.31890279301670854,0.31890279301670854,0.1225856102871701,17.82,25.0,4.123629860889442,5.376700000000004,101.84300000000002
