SMILES,binaryLabel,FpDensityMorgan1,FpDensityMorgan2,FpDensityMorgan3,BCUT2D_MWHI,BCUT2D_MWLOW,BCUT2D_CHGHI,BCUT2D_CHGLO,BCUT2D_LOGPHI,BCUT2D_LOGPLOW,BCUT2D_MRHI,BCUT2D_MRLOW
COc1cc2c(cc1OC)C(=O)C(CC1CCN(Cc3ccccc3)CC1)C2,0,1.0,1.6785714285714286,2.357142857142857,16.507852598036752,9.851170413196144,2.3405164581263045,-2.324976283448095,2.3913651584674844,-2.3381059044692742,6.024698499182403,0.08952545146687947
C#Cc1cccc(Nc2ncnc3cc(OC)c(OCCCCCCC(O)=NO)cc23)c1,0,1.125,1.96875,2.75,16.514012282708844,10.136880701200356,2.119405702487656,-2.137898186628827,2.345340173077421,-2.016236521456119,5.926405870112565,0.28437375735574616
Cn1c(=O)c2c(ncn2CC(O)CO)n(C)c1=O,1,1.3333333333333333,2.0,2.611111111111111,16.317075260352293,10.344488800561766,2.151222614105316,-2.090893600468421,2.0561020617632995,-2.3750538846659444,5.694126413259641,0.08201917059721321
COc1cc(C)c(C=CC(C)=CC=CC(C)=CC(=O)O)c(C)c1C,0,1.0833333333333333,1.75,2.3333333333333335,16.46586700704723,9.963006887104614,2.0770762626392347,-2.131231718315573,2.2802219535790127,-1.953919289287086,5.806871802608112,-0.13097606971949446
OCC1NCC(O)C(O)C1O,0,1.1818181818181819,1.8181818181818181,2.3636363636363638,16.36470991952742,9.967240332462065,2.3492758080062557,-2.3449192028043218,2.0896078141336103,-2.6032869767114883,4.909517859517408,-0.10051171632118028
OCCN(CCO)c1nc(N2CCCCC2)c2nc(N(CCO)CCO)nc(N3CCCCC3)c2n1,0,0.5,0.8333333333333334,1.1388888888888888,16.25922512084308,10.112766503212175,2.26654620438169,-2.3251148548561433,2.342773256266205,-2.359028068311414,5.948931815782803,0.27919060902361625
O=C(Nc1ccc(OC(F)(F)F)cc1)c1sccc1NCc1ccnc2ccccc12,0,1.032258064516129,1.8064516129032258,2.5806451612903225,32.133474996837194,10.099509048196634,2.3053020005536906,-2.111724001054689,2.2703587180990006,-2.1686600833281555,7.124153569238472,-0.2741899158529311
I,1,1.0,1.0,1.0,126.904,126.904,-0.10746455724563216,-0.10746455724563216,0.8857,0.8857,14.02,14.02
OCCn1cc(-c2cnc3nnn(Cc4ccc5ncccc5c4)c3n2)cn1,0,1.0714285714285714,2.0357142857142856,2.9642857142857144,16.25137599405833,10.121859525945403,2.1167940574348423,-2.043259426026707,2.1899264735341446,-2.0340648584343177,5.78618739980199,0.26918653697966954
C=C1C(CO)C(O)CC1n1cnc2c(=O)[nH]c(N)nc21,0,1.6,2.35,3.0,16.278838259218826,10.027682319280018,2.3741614986003206,-2.150894912558787,2.3920318822924553,-2.1711492608856493,5.704861667984442,0.10128661834483253
O=NN(CCCl)C(=O)NCCCl,0,1.4166666666666667,2.0833333333333335,2.5,35.496752364029504,10.64387978512755,2.10768868360042,-2.109144253477749,1.9085201923498663,-2.3768889149927324,6.17956983212569,0.20276933254174348
CN1c2c([nH]c(N)nc2=O)NCC1CNc1ccc(C(=O)NC(CCC(=O)O)C(=O)O)cc1,0,1.2727272727272727,1.9696969696969697,2.606060606060606,16.37145970740798,10.103124877088309,2.2670512071674698,-2.352624971541209,2.2461301435813095,-2.4806681544065032,5.964996506380938,-0.14008784664365026
O=C(O)CNC(=O)c1ccccc1,0,1.2307692307692308,1.8461538461538463,2.3846153846153846,16.36668679331259,10.19201487561132,2.043374933144662,-2.0012459597104053,1.963749867285366,-2.2856050680174382,5.9514582950582025,-0.13532685297552785
O=C(NCCS(=O)(=O)c1ccc(C(F)(F)F)cn1)c1ccc(Cl)cc1,0,1.12,1.76,2.28,35.49569206145053,10.190294316779092,2.3094871062925657,-2.0830273269714628,2.2835488307061516,-2.2891871871434786,7.909151235443701,-0.13743886040277484
COc1cccc2c1c(=O)c(C(=O)N(C)c1ccc(C(F)(F)F)cc1)c(O)n2C,0,1.1379310344827587,1.7586206896551724,2.310344827586207,19.413184598826522,10.081799431919375,2.3070572378473653,-2.2000011577756675,2.3132881669956458,-2.3173851578380087,6.089220022827233,-0.13712314089055275
CCOC(=O)C(CCc1ccccc1)NC1CSC(c2cccs2)CN(CC(=O)O)C1=O,0,1.25,2.03125,2.6875,32.16692852574047,10.041711859648847,2.3554232441070395,-2.2641963171469066,2.352978107168589,-2.533674287270586,7.992998930802304,-0.14779216851165125
CCOc1ccc(Cc2cc([C@@H]3O[C@H](CO)[C@@H](O)[C@H](O)[C@H]3O)ccc2Cl)cc1,0,1.0,1.7142857142857142,2.357142857142857,35.49569203324313,9.898581421150139,2.434939877310078,-2.39947555436404,2.3408137191115412,-2.547659737873731,6.309488295461715,-0.2313120499440474
COc1cc2ncc(-c3ccccc3)nc2cc1OC,1,0.85,1.5,2.15,16.507805373361112,10.14040150323531,2.086480073368143,-2.08755298252049,2.3087000120641035,-1.9359772282697982,5.805929368264373,0.3554434410650445
CCC(C)C(C(CC(=O)N1CCCC1C(OC)C(C)C(=O)NC(Cc1ccccc1)c1nccs1)OC)N(C)C(=O)C(NC(=O)C(C(C)C)N(C)C)C(C)C,1,0.9454545454545454,1.6181818181818182,2.1454545454545455,32.13348325688355,9.8896539635559,2.4309760479573472,-2.4079227283422475,2.3038918111413267,-2.594033216462953,7.0916374208640045,-0.14767017680786781
CCc1cccc2c3c([nH]c12)C(CC)(CC(=O)O)OCC3,0,1.4285714285714286,2.238095238095238,2.9047619047619047,16.503831683184522,9.859747822308062,2.4039597790775256,-2.3511452743752015,2.4154028653881507,-2.368594023339215,5.87974160207154,-0.14826171792187023
O=c1[nH]c(=O)c2c[nH]nc2[nH]1,0,1.2727272727272727,2.090909090909091,2.909090909090909,16.155695291617512,10.436447351927495,1.9954346741525386,-1.821965052506827,1.9397575986535573,-2.2065514071332797,5.709846015580104,1.0443948606373128
NCCCCCC(=O)O,0,1.3333333333333333,2.0,2.4444444444444446,16.365120080921773,10.177821995662367,1.935047054277954,-1.925577580304958,1.9663123614905083,-1.9903292608168144,5.6601390755345244,-0.13664834326282263
CCCCCOc1ccc(-c2cc(-c3ccc(C(=O)NC4CC(O)C(O)NC(=O)C5C(O)C(C)CN5C(=O)C(C(O)CC(N)=O)NC(=O)C(C(O)C(O)c5ccc(O)c(OS(=O)(=O)O)c5)NC(=O)C5CC(O)CN5C(=O)C(C(C)O)NC4=O)cc3)no2)cc1,0,0.7865168539325843,1.4269662921348314,2.067415730337079,32.25181936611605,9.959059443384275,2.5065402440539932,-2.342475581767532,2.3352852729812024,-2.6433498724305675,7.808345236240648,-0.14898036240672996
O=C(O)CNC(=O)c1nc(Cl)c2ccccc2c1O,0,1.263157894736842,1.894736842105263,2.526315789473684,35.49569659978161,10.113206711303336,2.1803244940931648,-2.079667190659383,2.3102013150657696,-2.295412775269802,6.344660892794622,-0.1353317512886757
COc1cc2ncnc(Nc3ccc(O)cc3)c2cc1OC,0,0.9545454545454546,1.6363636363636365,2.3181818181818183,16.50783093261967,10.168099015916406,2.1055821787327598,-2.116894356247161,2.3394025596076315,-1.9737484692605776,5.925537799240872,0.3555212840305339
COC(=O)C1=C(C)N=C(C)C(C(=O)OC2CCCN(Cc3ccccc3)C2)C1c1cccc([N+](=O)[O-])c1,0,1.135135135135135,1.8918918918918919,2.5945945945945947,16.628532044724594,9.75230299792525,2.431724445862989,-2.351938662938629,2.4085263226983162,-2.429869170887901,6.065977044922205,-0.38449015723217156
CCc1ccc(OCc2ccccc2C(=O)Nc2ccc3nc(C)cc(N)c3c2)cc1,1,1.032258064516129,1.8064516129032258,2.5806451612903225,16.477045906956075,10.070497856624145,2.1264725167735157,-2.1247859981134276,2.246558580765664,-2.148755274934071,6.062046624984467,0.10196785156128904
CC(=O)OC1=C2C(C)[C@@H](OC(=O)C(O)C(NC(=O)c3ccccc3)c3ccccc3)C[C@@](O)([C@@H](OC(=O)c3ccccc3)[C@@H]3[C@]4(OC(C)=O)CO[C@@H]4C[C@H](O)[C@@]3(C)C1=O)C2(C)C,0,0.8387096774193549,1.4193548387096775,1.967741935483871,16.6371973685324,9.446026188752663,2.777455046230919,-2.667168742448235,2.646794622969983,-2.8077552799212175,6.018899464695603,-0.3450144773940945
COc1cccc(-c2ccc(C(Oc3cc(-c4ccc(CC(N)C(=O)O)cc4)nc(N)n3)C(F)(F)F)cc2)c1,0,0.9487179487179487,1.6153846153846154,2.230769230769231,19.413514160653,10.010892377809073,2.431529881365717,-2.219499062847457,2.377608010859827,-2.3166355755905688,5.73312971283152,-0.19827581100464833
CCOc1cc2ncc(C#N)c(Nc3ccc(F)c(Cl)c3)c2cc1NC(=O)C=CCN(C)C,1,1.3333333333333333,2.121212121212121,2.787878787878788,35.495692380013175,10.076586380872966,2.1532762890621067,-2.157841002734652,2.361581385062454,-2.1316537790255263,6.305996631721115,-0.11148448495443505
CCCCCCCCCCCCCCCCCC(=O)O,1,0.6,0.9,1.2,16.36513249471366,10.038322990094676,1.965533262110844,-2.026230629915384,2.1306260955371332,-1.929476881534679,5.6601636782350155,-0.13665319616589683
COc1cc(-c2ncn(C=CC(=O)OC(C)C)n2)cc(C(F)(F)F)c1,1,1.28,2.0,2.6,19.413182433929162,10.09630067019497,2.3143090686741012,-2.0978375970109204,2.342511005282375,-2.0818463929611517,5.845490688483404,-0.14097047454728295
CC(C(=O)O)c1cccc(Oc2ccccc2)c1,0,1.0555555555555556,1.7222222222222223,2.388888888888889,16.48062912566584,10.014292418424288,2.1345500462133353,-2.095751811187706,2.2471821931588924,-2.0662720730941553,5.752065390528942,-0.1378605326245533
Oc1cccc2cccnc12,0,1.0909090909090908,1.9090909090909092,2.727272727272727,16.255590082462046,10.18940950047297,1.957253462511308,-1.9612012847719678,2.1990704856962777,-1.758745470456076,5.831318290798922,0.4801404303099902
CC(=O)Nc1ccc(C(=O)NC(C)(C)C)cc1,1,1.0588235294117647,1.588235294117647,2.0,16.151031208209968,10.080036705007458,2.1436889701203663,-2.200438438605604,2.103230591608881,-2.400471375334073,5.953616523615593,-0.11373858698414017
OCCOc1ccc(C(=C(CCCl)c2ccccc2)c2ccccc2)cc1,1,0.7407407407407407,1.2962962962962963,1.8518518518518519,35.49566356308159,9.88022852364755,2.1352877584395773,-2.1701067188445466,2.347697108105361,-2.014465342226571,6.184277778155495,0.20111445305878464
CC(C)(C)NC(=O)C1CCC2C3CCC4NC(=O)C=CC4(C)C3CCC12C,0,1.1111111111111112,1.8518518518518519,2.5555555555555554,16.151867893243633,9.47612227128494,2.6047084963379294,-2.583642254514508,2.6452230597297275,-2.5940759759128134,5.886771688123143,-0.13497722451030203
O=C(Nc1cccc2c(=O)cc(-c3nn[nH]n3)oc12)c1ccc(OCCCCc2ccccc2)cc1,1,0.9722222222222222,1.8055555555555556,2.5833333333333335,16.47681215160031,10.094845573370067,2.150266564801823,-2.096459720225565,2.2566642672042767,-2.127167100955717,6.075778429264681,0.1021997327274244
Nc1nc(=S)c2[nH]cnc2[nH]1,0,1.5454545454545454,2.3636363636363638,3.1818181818181817,32.091993636002286,10.55429132610775,1.981993203784693,-1.9085838192555709,2.06266381917217,-1.9425566496120483,7.712508957147272,1.2017521648486216
CC(C)c1ccc(C(=O)N=C(N)N)cc1S(C)(=O)=O,0,1.263157894736842,1.8421052631578947,2.263157894736842,32.22774620933141,10.012809680702324,2.178770828280892,-2.1174783482693695,2.247939410566869,-2.2387978068286705,7.903627662939829,0.10021841413426197
Cc1c(Cl)cccc1Nc1ccccc1C(=O)O,1,1.1111111111111112,1.7777777777777777,2.5,35.49569147726835,10.121775714563174,2.098933324517469,-2.1206465274518935,2.27154654722161,-2.0264482154264525,6.312948732951634,0.06977588122421766
O=C(O)c1cc(N=Nc2ccc(O)c(C(=O)O)c2)ccc1O,0,0.7272727272727273,1.0909090909090908,1.4090909090909092,16.3713365044986,10.154725512224836,2.110292876595939,-2.010109490969527,2.2700350990061553,-1.9562319856543622,5.91966797072658,0.06821018098106452
CON=C(C(=O)NC1C(=O)N2C(C(=O)O)=C(CSC(=O)c3ccco3)CSC12)c1csc(N)n1,0,1.4705882352941178,2.264705882352941,2.8823529411764706,32.16803408543574,10.025640787960432,2.5405465014979995,-2.4899655160892484,2.40908592909806,-2.706826850875216,8.138651132641769,-0.14973988108880287
NCCCC(O)(P(=O)(O)O)P(=O)(O)O,0,1.0714285714285714,1.4285714285714286,1.6428571428571428,31.24409079297613,10.311368912144504,2.5801593484737952,-2.2837172670697155,2.6865113034123675,-2.2890186215289745,7.715284182349745,0.12147350036313809
CCOC(=O)C1=CCCCC1S(=O)(=O)Nc1ccc(F)cc1Cl,0,1.4782608695652173,2.217391304347826,2.869565217391304,35.49569224172244,9.990371678154638,2.3497403737079936,-2.2354527719221653,2.295498104460854,-2.3434798164981485,7.9312874565433065,-0.13825465017852467
CC(CN1CC(=O)NC(=O)C1)N1CC(=O)NC(=O)C1,0,0.8947368421052632,1.3157894736842106,1.7894736842105263,16.177458071510305,10.173607157261946,2.2920241659928937,-2.346759249360225,2.057214460960614,-2.5823036358483176,5.9952576362332,-0.13976924273730656
CC(C)Nc1cc(-c2c[nH]c(C(=O)N[C@H](CO)c3cccc(Cl)c3)c2)c(Cl)cn1,1,1.2413793103448276,2.0344827586206895,2.7241379310344827,35.49678490063238,10.075989849976828,2.175640307619053,-2.161326542110207,2.2987363665973106,-2.3051431845668535,6.329110982378468,0.09115051913722379
COc1cc(OC)c2c(=O)[nH]c(-c3cc(C)c(OCCO)c(C)c3)nc2c1,0,1.0740740740740742,1.7777777777777777,2.3703703703703702,16.488657446789794,10.047089256959463,2.144859030021237,-2.13652054526002,2.3108063024006884,-2.112011012274916,5.868220015543915,0.19967627613038264
CSc1nc2cc(Cl)c(Oc3cccc(Cl)c3Cl)cc2[nH]1,0,1.0952380952380953,1.9047619047619047,2.6666666666666665,35.498987371535,10.262043628115052,2.118911829316378,-2.094201145080569,2.380779351767037,-1.870659776371789,7.980013766087763,0.48365278371018294
N=C(CCSCc1csc(N=C(N)N)n1)NS(N)(=O)=O,0,1.55,2.25,2.85,32.23850627599962,10.458365348950911,2.0563603148287735,-2.039094602811923,2.2140594232444655,-2.3522450410421825,7.980722484741075,0.5935323064886495
O=c1[nH]c(=O)n(C2CCCO2)cc1F,0,1.5714285714285714,2.357142857142857,3.0,19.14222503134758,10.319261501369821,2.189918998011379,-2.110837608503903,2.198157661385858,-2.330709328521128,4.883017144807149,0.05167174023118472
CCCNC1CCc2nc(N)sc2C1,0,1.6428571428571428,2.5,3.2857142857142856,32.13357612896744,9.975308216679114,2.20571044748813,-2.214767669002674,2.274316924762728,-2.3403325789550298,7.1507265933065725,0.45954394920346203
CN1CCC(c2c(O)cc(O)c3c(=O)cc(-c4ccccc4Cl)oc23)C(O)C1,1,1.1785714285714286,1.9285714285714286,2.642857142857143,35.49569202997249,9.850636133703327,2.3260012647942157,-2.3390339431412484,2.4243986680375498,-2.4010316694303917,6.327486673380191,0.0630499863967487
CN(C)C(=O)COC(=O)Cc1ccc(OC(=O)c2ccc(N=C(N)N)cc2)cc1,0,0.9655172413793104,1.5862068965517242,2.1379310344827585,16.540144989396094,10.136969593481469,2.1141260731667755,-2.1021824632623654,2.1702555138809876,-2.2744017456654473,5.912453980835881,-0.14998036204611292
CCC(=O)OC1(C(=O)CCl)C(C)CC2C3CC(F)C4=CC(=O)C=CC4(C)C3(F)C(O)CC21C,0,1.2727272727272727,1.9393939393939394,2.5454545454545454,35.49566419862969,9.44004409023092,2.7745228996092566,-2.6277526457671274,2.7126376768695386,-2.7062492285685074,6.287492277822632,-0.22994402787764023
OCC(CO)NC1CC(O)(CO)C(O)C(O)C1O,0,1.0555555555555556,1.6111111111111112,2.0555555555555554,16.39986273082486,9.75927214597105,2.5083187788311823,-2.4558845166384953,2.2917091168326458,-2.677042804163719,5.0461870154544615,-0.20745028577020794
OC(c1cc(C(F)(F)F)nc2c(C(F)(F)F)cccc12)C1CCCCN1,1,1.0769230769230769,1.8076923076923077,2.3846153846153846,19.41706052612467,9.913562299177613,2.382447674760688,-2.290553903188852,2.3936679349137195,-2.3856561372061926,5.859573964365252,-0.14187163666191518
COC(=O)C=CC(=O)OC,1,1.0,1.3,1.5,16.52800219156702,10.489055007056457,1.938664473771797,-1.8887568144440734,1.7967684850973726,-1.9847768427148733,5.909679155938858,-0.13706965788445066
CC(C)(C)c1cnc(CSc2cnc(NC(=O)C3CCNCC3)s2)o1,1,1.36,2.12,2.8,32.19458619714712,9.94203649267964,2.2189624573365965,-2.204752017364557,2.317313416054043,-2.341113453444382,7.999797509000611,-0.12009512801271488
O=C(O)c1cc(-c2ccccc2)nc2ccccc12,0,0.9473684210526315,1.631578947368421,2.3684210526315788,16.365611428177147,10.042909990140355,2.1159819144695753,-2.063108671490894,2.2405989662866705,-1.9962634121883858,6.032156425176447,0.06987570132817593
CC12CCC3c4ccc(O)cc4CCC3C1CCC2OC(=O)CCC1CCCC1,0,1.1379310344827587,1.9655172413793103,2.793103448275862,16.544643367443022,9.551635783290452,2.557042399527373,-2.5003216944916042,2.6123533985953915,-2.447716890849767,5.692690139823931,-0.15749831453819932
CC(=O)OCC(=O)C1(O)CCC2C3CC=C4CC(=O)C=CC4(C)C3C(O)CC21C,0,1.3103448275862069,2.0344827586206895,2.7241379310344827,16.53600537938248,9.465926138787573,2.6744577666942315,-2.5846706618157054,2.660142633809851,-2.6115345125846026,5.932713144080632,-0.1788645533919745
O=C(Nc1cc(Cl)cc2c1[nH]c1cnccc12)c1cccnc1,1,1.0869565217391304,1.9565217391304348,2.782608695652174,35.495691510954664,10.137810919517598,2.1285503882941166,-2.070057105857625,2.3276920943618067,-2.1188221329041435,6.32576379239665,0.10218643188367713
CCCC(NC(C)C(=O)N1C(C(=O)O)CC2CCCCC21)C(=O)OCC,1,1.2307692307692308,1.9230769230769231,2.5384615384615383,16.533932457638382,9.844499424878581,2.480508248987239,-2.349459089071149,2.3966775578523825,-2.552830068308724,5.881763711917789,-0.15155086536620035
O=C(NS(=O)(=O)c1ccc(Br)s1)c1ccc(Cl)cc1Cl,0,1.2,1.9,2.45,79.91873219703365,10.19423259406075,2.214691882155182,-2.062949566290778,2.2634748323978586,-2.2974809149269224,9.108462294888897,0.09813950943375455
Oc1cn2c(n1)Nc1ccc(Cl)c(Cl)c1C2,0,1.375,2.1875,3.0,35.49826140519893,10.128397794324284,2.196610470866734,-2.2033189331299865,2.367563583054115,-2.125404394054566,6.423567821612779,0.45572832215548015
O=C(O)c1cc(I)ccc1NC(=O)C(Cc1ccccc1)NCc1ccccc1,0,0.896551724137931,1.5172413793103448,2.1379310344827585,126.91270446340745,10.040613790869259,2.2090706245423486,-2.194724788777939,2.1950245153279604,-2.4166130527382825,14.111918529050948,-0.11772996748204775
C[S+]([O-])CCCCN=C=S,0,1.6,2.3,2.8,32.227702877146776,10.338992089910853,1.94129621575865,-2.0135628748039127,1.932597354547875,-2.02406205145587,7.9016978736299235,0.5964313406800635
CC(=O)OCC(=O)C1(O)CCC2C3CC=C4CC(=O)CCC4(C)C3C(=O)CC21C,0,1.2413793103448276,1.9655172413793103,2.6551724137931036,16.53598642960927,9.46138656621932,2.6783121350373444,-2.566302450419037,2.656138308490805,-2.603944137921463,5.934961269340434,-0.1722445842961965
C=CCNc1c(O)cc2c(O)c1C=C(C)CC(OC)C(O)C(C)C=C(C)C(OC(N)=O)C(OC)C=CCC(C)C(=O)N2,1,1.2380952380952381,1.9285714285714286,2.5238095238095237,16.57781139109332,9.91006418503948,2.2887498393138044,-2.280699009796964,2.4215766161410412,-2.363050286244797,5.9637662559334705,-0.11885000968162959
CCCC(NC(=O)C1C2CCCC2CN1C(=O)C(NC(=O)C(NC(=O)c1cnccn1)C1CCCCC1)C(C)(C)C)C(=O)C(=O)NC1CC1,0,0.8979591836734694,1.6326530612244898,2.2653061224489797,16.187089674731816,9.81624574594167,2.522284655694545,-2.3793120304442943,2.429956242283761,-2.620604282995369,6.381665478266422,-0.1458740764990783
CNS(=O)(=O)Cc1ccc2[nH]cc(CCN(C)C)c2c1,0,1.3,2.05,2.7,32.23322662882131,10.081574263372342,2.1059655603534746,-2.0836489615807823,2.210651020618739,-2.1983617219759832,7.881932122730708,0.4139788979588965
COc1cc2c(c(OC)c1OC)-c1ccc(OC)c(=O)cc1C(NC(C)=O)CC2,0,0.9655172413793104,1.6551724137931034,2.2413793103448274,16.53054166732698,9.952597444431262,2.2893992513055696,-2.192854692801227,2.496969227878802,-2.261989175810116,5.830914725244943,-0.11927673673034506
O=C(C=Cc1ccc(O)c(O)c1)OC(Cc1ccc(O)c(O)c1)C(=O)O,0,0.9230769230769231,1.5384615384615385,2.1153846153846154,16.559316116338586,10.073312539217957,2.2194145211377063,-2.1272062913071133,2.2624051477894223,-2.281274247388747,5.888902354588489,-0.16003766186619597
CC(N)(Cc1ccc(O)c(O)c1)C(=O)O,0,1.4,2.0,2.466666666666667,16.369296770962556,9.93850856048526,2.2771312461028916,-2.1858067852527947,2.258094541768746,-2.4628868122079424,5.779107622010975,-0.1421235652082454
O=C(Nc1ncc([N+](=O)[O-])s1)c1ccccc1O,1,1.4444444444444444,2.1666666666666665,2.7777777777777777,32.1335866998798,10.168885211316496,2.153957940287679,-2.023439089697743,2.257455243162967,-2.110620354118406,7.1837901809245945,-0.37989777473453457
O=C(NN=Cc1ccc([N+](=O)[O-])o1)c1ccc(O)cc1,0,1.3,2.0,2.6,16.648444378180912,10.186733873765702,2.099911298815445,-1.985299104534949,2.1340320533577604,-2.1675827092865982,5.943230459694044,-0.4017294041480986
N#CCC(C1CCCC1)n1cc(-c2ncnc3[nH]ccc23)cn1,1,1.3478260869565217,2.217391304347826,3.0434782608695654,15.284950967806747,9.958328474206173,2.267967347724342,-2.206904996559327,2.36207122424481,-2.170495146294742,5.894621818580892,0.3145806098620935
Cc1ccnc(NS(=O)(=O)c2ccc(N)cc2)n1,1,1.1666666666666667,1.8333333333333333,2.4444444444444446,32.233271124723785,10.319168062583504,2.146089597926572,-2.0639442723264603,2.1416819486987526,-2.147516236891215,7.923072446268731,0.6005501500707728
CO[C@@H](C)Cn1c(=O)n(C)c2cnc3ccc(-c4cncc(C(C)(C)O)c4)cc3c21,0,1.1666666666666667,1.9333333333333333,2.6333333333333333,16.47446532405664,9.961007700553006,2.1874704301474184,-2.177183162822801,2.299544787929184,-2.267258808723244,6.035057291215681,0.07825616571182262
CCn1c(C(=O)N(C2CC2)C2CC2)cc2c3c(ncn3C)c(Nc3cc(C)n(C)n3)nc21,0,1.1875,1.90625,2.5,16.154825868468844,10.217986602312402,2.4287010899162547,-2.2224851194222985,2.3935007887979634,-2.3586643603044153,6.097390304294136,0.07191259519373189
CCOC(=O)C(CCc1ccccc1)NC(C)C(=O)N1CCCC1C(=O)O,0,1.2962962962962963,2.0,2.6296296296296298,16.533931944625454,10.041588180944672,2.3646225753200794,-2.2742775260936234,2.1857737856208312,-2.5290734279907907,5.876437267606002,-0.15003572487714026
CC1(C)CCC2(C(=O)O)CCC3(C)C(C(=O)C=C4C5(C)C=C(C#N)C(=O)C(C)(C)C5CCC43C)C2C1,1,1.0,1.6388888888888888,2.25,16.368291959864496,9.33949600256134,2.7048405516628358,-2.6827934856280455,2.7407095332219837,-2.653702307334448,6.043860123785522,-0.18820663194714116
CCCSc1ccc2[nH]c(NC(=O)OC)nc2c1,0,1.5555555555555556,2.388888888888889,3.111111111111111,32.16653505104379,10.304749577449938,2.065841735427097,-1.9768419258760297,2.234175655309201,-2.112856593106414,7.9889131523706896,0.18646135446193424
COc1c2ccoc2cc2oc(=O)ccc12,0,1.125,1.9375,2.75,16.467987662911884,10.135189231622503,2.1111666500116892,-2.0435333714595982,2.338882579777569,-1.9528820709506487,6.004975161639687,0.4230194766201052
O=C(O)C(CC(=O)N1CC2CCCCC2C1)Cc1ccccc1,0,1.0869565217391304,1.6956521739130435,2.260869565217391,16.36665484429101,9.818666441754266,2.368480407863205,-2.221292971879377,2.360000942653294,-2.3251807826737725,5.823488938818084,-0.14531298077061228
CC(=O)O[C@@]12CO[C@@H]1C[C@H](O)[C@@]1(C)C(=O)C(=O)C3C(C)[C@@H](OC(=O)C(O)C(NC(=O)OC(C)(C)C)c4ccccc4)C[C@@](O)([C@@H](OC(=O)c4ccccc4)[C@H]21)C3(C)C,0,0.9482758620689655,1.5517241379310345,2.103448275862069,16.637214644487337,9.422871415784046,2.7887579716455013,-2.674612696487644,2.6415465021967566,-2.8230594236289566,6.4015725766855756,-0.34954031520934414
Nc1nc(=O)c2ncn(CCC(CO)CO)c2[nH]1,0,1.4444444444444444,2.1666666666666665,2.8333333333333335,16.267263579971726,10.093353536677018,2.1067374703557817,-2.1071482855752315,2.0958818614831407,-2.1507865289170423,5.698571221126951,0.14021517678497072
Cc1nc(N(C)C(=O)Cc2ccc(-c3ccccn3)cc2)sc1S(N)(=O)=O,0,1.1851851851851851,1.8888888888888888,2.4444444444444446,32.24797611800828,10.062391394554787,2.218082387470676,-2.1346348690647527,2.2837143574213665,-2.2724897909377404,7.909865157072677,-0.11722448493525571
O=C(O)CNC(=O)c1ncc(-c2cccc(Cl)c2)cc1O,0,1.2380952380952381,2.0,2.619047619047619,35.49569142263659,10.07367173113931,2.1442802056934775,-2.067272510294232,2.2601780766348853,-2.2942101594832027,6.304016135625966,-0.1353325639527321
CN1CCC(=C2c3ccccc3CCn3c(C=O)cnc32)CC1,0,1.0869565217391304,1.8695652173913044,2.652173913043478,16.129657569715363,9.898639848627143,2.250614966508013,-2.263324006067738,2.3544219599414116,-2.267109516732077,5.833132670937054,0.11106581745071024
CCC1(O)CC2CN(CCc3c([nH]c4ccccc34)C(C(=O)OC)(c3cc4c(cc3OC)N(C)C3C(O)(C(=O)OC)C(OC(C)=O)C5(CC)C=CCN6CCC43C65)C2)C1,0,0.9491525423728814,1.7118644067796611,2.406779661016949,16.577001409072675,9.473342424131298,2.801494259647491,-2.6305539410810406,2.6800908904599536,-2.8098622638808446,5.94615290700459,-0.22812986890697978
Cc1cc(Nc2ncc(Cl)c(Nc3ccccc3S(=O)(=O)C(C)C)n2)c(OC(C)C)cc1C1CCNCC1,1,1.0526315789473684,1.763157894736842,2.4473684210526314,35.49569297595471,9.867980726113627,2.236248733072108,-2.2611547847045808,2.37424298800108,-2.266271491155731,7.917552292521606,0.2429764014622746
COc1cc(O)c(C(=O)Nc2nc(C(=O)NCCN(C(C)C)C(C)C)cs2)cc1OC,0,1.096774193548387,1.7096774193548387,2.2903225806451615,32.13349113251131,10.13766044792021,2.190999350913396,-2.298836106613565,2.340042128271965,-2.420742980535274,7.136663015290574,0.09335852381151455
COc1ccc2c(OCc3nnc4ccc(-c5ccccc5)nn34)ccnc2c1,0,0.9310344827586207,1.8275862068965518,2.689655172413793,16.479317189101362,10.142723664649491,2.110138566463342,-2.089374421756056,2.27324237473457,-2.046580707055877,5.854725749279541,0.2957806574781931
CCC1[C@@H](O)[C@@H](O)O[C@@H](O[C@H]2C(C(=O)O)OC(OC)[C@@H](O)[C@@H]2O)[C@@H]1NC(C)=O,0,1.0357142857142858,1.6785714285714286,2.1785714285714284,16.757317193457475,9.8713013646393,2.5241329182757792,-2.463440077226388,2.3202734219293073,-2.6567581502431774,5.735736583519903,-0.35337197203271487
Clc1ccc(COC(Cn2ccnc2)c2ccc(Cl)cc2Cl)c(Cl)c1,0,0.96,1.68,2.32,35.499020978433194,10.094767581467442,2.1733785735271605,-2.2052090470129926,2.311277236354177,-2.1243863861509285,6.35161964151423,0.028062755209157613
CN(C)CCN1C(=O)c2cccc3cc(N)cc(c23)C1=O,1,1.0952380952380953,1.8095238095238095,2.5238095238095237,16.17751178111316,9.93240907728535,2.3214333688220945,-2.2790509876339513,2.3130434444556967,-2.432235566800341,6.254305336438073,0.06009807829998081
CCN(C)C(=O)Oc1cccc(C(C)N(C)C)c1,0,1.3333333333333333,2.0,2.5555555555555554,16.553503364045774,10.082132729668686,2.1167288014193133,-2.2061013238452087,2.2185931714918703,-2.288543098170572,5.698385065721774,0.16482190568685223
CC(C)(Oc1ccc(C2CC2(Cl)Cl)cc1)C(=O)O,0,1.3888888888888888,1.8888888888888888,2.2777777777777777,35.53934320725589,10.101501524022094,2.518667003683154,-2.210949785288493,2.590265851882066,-2.3734751259445046,6.510313768943852,-0.15169787483846925
COCC(=O)Nc1c(I)c(C(=O)NCC(O)CO)c(I)c(C(=O)N(C)CC(O)CO)c1I,0,1.0,1.5625,2.09375,126.91474116330127,10.064849781723801,2.300755650173687,-2.2398481661509906,2.3600050324703887,-2.3794691096733422,14.115501747089754,-0.119199842446379
CC(=O)C1CCC2C3CC=C4CC(=O)CCC4(C)C3CCC12C,0,1.1304347826086956,1.9130434782608696,2.652173913043478,16.139822301441317,9.471013147533236,2.5875726607178655,-2.568915627810172,2.6556242017936804,-2.501636067843518,5.824592899331016,-0.12850630260452858
O=C(C=Cc1ccc(O)c(O)c1)OC1CC(O)(C(=O)O)CC(O)C1O,0,1.16,1.84,2.44,16.555403972028554,9.793930492974367,2.498890219209723,-2.3852994865773347,2.3121243743275066,-2.5661400202239344,5.871111612533664,-0.19568935216677594
CCCOc1ccc(C(=O)OCCN(CC)CC)cc1N,0,1.1904761904761905,1.9047619047619047,2.4761904761904763,16.533638611972744,10.163833083748797,2.1044175297660277,-2.171512701933083,2.2261987749856935,-2.2745855662392427,5.905503587131693,0.046621821417507654
COc1cc2nc(N3CCN(C(=O)C4COc5ccccc5O4)CC3)nc(N)c2cc1OC,1,1.0303030303030303,1.7272727272727273,2.4545454545454546,16.57544827238361,10.172546963635495,2.3281907951376284,-2.367973356785786,2.343332429757809,-2.5400887274380493,5.914687662154379,-0.14105360785506127
COc1cc2c(cc1OC)CC(=O)N(CCCN(C)CC1Cc3cc(OC)c(OC)cc31)CC2,0,0.8823529411764706,1.4705882352941178,2.1176470588235294,16.51231206202645,9.76692363536066,2.292462836667238,-2.3419657917897903,2.4217654565512046,-2.3597795392764054,5.79942165683277,-0.12984369056161435
C#C[C@]1(O)CC[C@H]2[C@@H]3CCC4=CCCC[C@@H]4[C@H]3CC[C@@]21C,0,1.1904761904761905,2.0476190476190474,2.857142857142857,16.2859175083402,9.50492726529607,2.6125014315194752,-2.544251073155358,2.641859396881355,-2.5155404412101836,5.247495694531337,-0.08566196118075219
Clc1ccc2c(c1)C(N1CCNCC1)=Nc1ccccc1O2,0,1.0454545454545454,1.8636363636363635,2.727272727272727,35.49569146024638,10.127116865560865,2.234639585561514,-2.3011285039725506,2.382724740774779,-2.462464876055595,6.3073451711810264,0.35745070463725337
COc1cc(N2CCC(N3CCN(C)CC3)CC2)ccc1Nc1ncc(Cl)c(Nc2ccccc2S(=O)(=O)C(C)C)n1,1,0.9761904761904762,1.6904761904761905,2.380952380952381,35.49569319658431,10.012202552931155,2.2721150896055273,-2.422723084643413,2.3452484743134354,-2.5191752220551393,7.917556794416595,0.09818150279082039
NC1CN(c2c(F)cc3c(=O)c(C(=O)O)cn(C4CC4F)c3c2Cl)CC12CC2,0,1.3928571428571428,2.0714285714285716,2.607142857142857,35.49569230716424,10.023879880131004,2.538606159595344,-2.2297120261147563,2.537649569999478,-2.3033954217470174,6.376234168804468,0.06944495202771808
OC(c1ccccc1)(c1ccccc1)C12CC[N+](CCOCc3ccccc3)(CC1)CC2,0,0.71875,1.1875,1.6875,16.474351003569225,9.561802226838234,2.596184131928985,-2.596876668794546,2.568542191191131,-2.6676825119008414,5.391267997733227,-0.9462033726814096
CC1=CC(=O)c2c(O)cccc2C1=O,1,1.2142857142857142,1.9285714285714286,2.642857142857143,16.256542573415985,9.896011518937133,2.246987025058305,-2.123956601786152,2.2729230301082537,-2.148139791271917,6.247616341177605,0.09819757742495222
O=C(O)C1(Cc2cccc(Nc3nccs3)n2)CCC(Oc2cccc(Cl)c2F)CC1,0,1.2903225806451613,2.064516129032258,2.774193548387097,35.49569260758143,9.699819379328918,2.4274291587092516,-2.364105626585825,2.409227868240757,-2.399382017637301,7.132060043020383,-0.15175779651658958
O=C(O)c1nn(Cc2ccc(Cl)cc2Cl)c2ccccc12,1,1.1904761904761905,1.9523809523809523,2.6666666666666665,35.4968354888379,10.168901773817527,2.159756899678698,-2.0602767847049495,2.2416360525423205,-2.0450775367456764,6.3459697280469225,0.0691283730632804
O=C(O)C(=O)c1cn(Cc2ccccc2)c2ccc(-c3ccc(OC(F)(F)F)cc3)cc12,1,0.90625,1.5625,2.1875,19.422450004531452,10.01110044738985,2.305875139000026,-2.097527377194043,2.3085024885453653,-2.1644565211880744,6.419024187340464,-0.2741958982238671
Cc1ccccc1C(OCCN(C)C)c1ccccc1,0,0.95,1.6,2.25,16.486918447371284,9.972612909488316,2.157437562901671,-2.215365400261864,2.2764365256726777,-2.1983893976512197,5.348406694995039,0.06833935144034681
OC1(c2ccc(Cl)c(C(F)(F)F)c2)CCN(CCCC(c2ccc(F)cc2)c2ccc(F)cc2)CC1,1,0.8611111111111112,1.3888888888888888,1.8888888888888888,35.4956925208409,9.831145557297924,2.3805783239311857,-2.3865921294887738,2.3982716282555625,-2.426022326589636,6.310005564260083,-0.13728451673404757
CCC(CO)NCCNC(CC)CO,0,0.8571428571428571,1.2142857142857142,1.4285714285714286,16.254111243533654,10.207784963137573,2.0403847642151396,-2.167225534695588,1.8873740365927525,-2.404148600430777,4.665591780960817,0.22863099273315726
Oc1ccc(OCc2ccccc2)cc1,0,0.8666666666666667,1.5333333333333334,2.2,16.477040223287602,10.217803788668972,1.9453242184488584,-2.052070920262563,2.1653079217055424,-1.9369799496409699,5.299231426442789,0.3054241384108138
C[C@@H]1C/C=C\C=C/C=C\C=C/[C@H](O[C@@H]2O[C@H](C)[C@@H](O)[C@H](N)[C@@H]2O)C[C@@H]2O[C@](O)(C[C@@H](O)C[C@H]3O[C@@H]3/C=C\C(=O)O1)C[C@H](O)C2C(=O)O,0,0.9361702127659575,1.6382978723404256,2.3617021276595747,16.705611982526097,9.825965194540492,2.511133599126693,-2.4483016210750352,2.3875457311184225,-2.614118411648938,5.8179782762872785,-0.30777741665071345
CC1(C)[C@@H](O[C@H]2OC(C(=O)O)[C@@H](O)[C@H](O)[C@H]2O[C@@H]2OC(C(=O)O)[C@@H](O)[C@H](O)[C@H]2O)CC[C@]2(C)C3C(=O)C=C4C5C[C@@](C)(C(=O)O)CC[C@]5(C)CC[C@@]4(C)[C@]3(C)CC[C@@H]12,0,0.6896551724137931,1.2758620689655173,1.8793103448275863,16.758795752775075,9.331696796287076,2.705979925727396,-2.7031964994119067,2.749672608471783,-2.67814162702499,5.9545136812686,-0.3710589575843576
NC(=O)Nc1[nH]c(=O)[nH]c1O,0,1.5454545454545454,2.1818181818181817,2.5454545454545454,16.27118331394361,10.672101349577472,2.05015760981709,-1.944168090646119,2.1173490918719122,-2.1951562763662826,5.87230342401533,0.2588670398614743
CN(C)CCC(c1ccc(Br)cc1)c1ccccn1,0,1.105263157894737,1.8421052631578947,2.4210526315789473,79.91873110585567,9.916853567064612,2.149003565065804,-2.1915062584744947,2.2718333955506926,-2.1665829058756545,9.102993728397768,0.388950119536504
COc1ccc(-c2cc(=O)c3c(O)cc(O)cc3o2)cc1O,0,1.0,1.7727272727272727,2.4545454545454546,16.474154989356048,10.099470561104749,2.1293176228288124,-2.0724023453764766,2.335236103086109,-2.003017646148967,5.856042571919802,0.3733018989344346
O=S(=O)(O)c1cc(O)ccc1O,0,1.1666666666666667,1.75,2.1666666666666665,32.23978318256939,10.310070066988741,2.1473126043942954,-1.9969323756245332,2.2528760769055958,-1.9724913495754997,7.85532445170828,0.43289032168385494
O=C1C(Cc2ccc(O)cc2)N2C(=O)CCN(C(=O)NCc3ccccc3)C2CN1Cc1cccc2ccccc12,0,0.8536585365853658,1.5853658536585367,2.3902439024390243,16.25484384976049,9.96150829502559,2.4827247173893614,-2.518953639315767,2.299574882095775,-2.7172894306892377,5.917772794372869,-0.16678940170225065
CC(O)Cn1cnc2c1c(=O)n(C)c(=O)n2C,0,1.3529411764705883,2.0,2.588235294117647,16.26612901072375,10.369420488038706,2.1411601627424015,-2.0738081239440156,2.054569634686199,-2.3734966748551583,5.69404678443157,0.17465365664640303
NC(=O)c1ccccc1,0,1.2222222222222223,1.7777777777777777,2.111111111111111,16.14625644986718,10.203415503031875,1.9323528713908227,-1.889748933607161,1.9420312513953626,-2.0944260595529216,5.9207442087288635,0.10000747821896765
O=C(O)C(Cc1ccccc1[N+](=O)[O-])=NNc1nc(-c2ccc(Cl)c(Cl)c2)cs1,0,1.2413793103448276,2.0,2.689655172413793,35.49826322291003,10.067932832233977,2.18452397057404,-2.036184293770141,2.301274722944453,-2.180079010530563,7.135644838873599,-0.385073232149672
CC(C)C(N)C(=O)OCCOCn1cnc2c(=O)[nH]c(N)nc21,0,1.434782608695652,2.1739130434782608,2.869565217391304,16.56004301771639,10.06739020384485,2.1791079468257113,-2.1401710039828763,2.0603802199377506,-2.3702884536404163,5.752703561273716,-0.14777992558007244
Cc1c[nH]c(-c2cnc(NCCNc3ccc(C#N)cn3)nc2-c2ccc(Cl)cc2Cl)n1,0,1.0,1.84375,2.53125,35.4968366268895,10.06854594398098,2.163700030191098,-2.1204169420964663,2.346897196190105,-2.1564772255179254,6.360671604704525,1.016701393874607
Nc1nc(=O)n(C2CSC(CO)O2)cc1F,0,1.8125,2.5625,3.1875,32.16666710861913,10.489588531461004,2.274735769785358,-2.130931452183142,2.2999603242740174,-2.293949348276909,7.995213626723523,-0.006769186160896507
CNC(=O)c1ccc2cc(C3(O)CCn4cncc43)ccc2c1,0,1.2608695652173914,2.0434782608695654,2.869565217391304,16.286386172792273,9.880790935814407,2.387032979298956,-2.225274106086523,2.3871484241419534,-2.234482235289878,5.981128852509449,0.08263896445309557
CCCCCCCCCCCCCCCC(=O)OCC=C(C)C=CC=C(C)C=CC1=C(C)CCCC1(C)C,0,0.8421052631578947,1.4210526315789473,2.0,16.53213041475762,9.724054097273891,2.2582700943210527,-2.3248585833876985,2.403249874854805,-2.1851445426332488,5.688912947443661,-0.14204901003164178
Nc1ccn(C2CSC(CO)O2)c(=O)n1,0,1.8,2.6,3.2,32.166667004912,10.511606403153445,2.266732862019777,-2.1255341355021593,2.297015730598127,-2.282360458160376,7.995212916408958,-0.006286792615203938
Cc1c[nH]c(=Cc2c(O)[nH]c3ccccc23)c1=CCC(=O)O,0,1.3181818181818181,2.090909090909091,2.8636363636363638,16.365160322161703,10.125246444174065,2.07655466699128,-1.9189933998599908,2.2659182906841426,-2.2423250472914167,5.911587984314974,-0.13519015584907074
CN1[C@@H]2C[C@@H](O)C[C@H]1[C@@H]1O[C@@H]12,0,1.2727272727272727,1.8181818181818181,2.3636363636363638,16.60471913318977,9.997546891604943,2.6158838636411956,-2.3564835830269844,2.4666082089433172,-2.4614277146113106,5.132452927753847,0.001491656729154984
CC(=CC(C)C=CC(O)=NO)C(=O)c1ccc(N(C)C)cc1,1,1.2727272727272727,1.8636363636363635,2.3636363636363638,16.455017320829842,9.998640158574114,2.089218746516603,-2.121798486877857,2.1591703043689474,-2.0881345201591426,6.079956520542129,0.10290315212882191
CN[C@@H]1[C@H](O)[C@H](NC)[C@H]2O[C@@]3(O)C(=O)C[C@@H](C)O[C@H]3O[C@@H]2[C@H]1O,0,1.0869565217391304,1.7391304347826086,2.347826086956522,16.782363391913577,9.797028446583095,2.6300083195256185,-2.5496183239020045,2.396596766011051,-2.7729541642644904,5.868833641161308,-0.41950368732274745
COC(=O)C1C=C2CC(=O)CCC2(C)C23OC2CC2(C)C(CC[C@]24CCC(=O)O4)C13,0,1.1666666666666667,1.9666666666666666,2.6666666666666665,16.620121629234347,9.44326087113486,2.8265337118970524,-2.5716373130645462,2.7737023402282848,-2.621235312222674,5.842201861211185,-0.168660655954649
C[C@H]1CCC/C=C/[C@@H]2C[C@H](O)C[C@H]2[C@H](O)/C=C/C(=O)O1,1,1.25,2.05,2.85,16.541843758705927,9.895500661900865,2.3488622403623824,-2.1923805249238915,2.3575159370749894,-2.2149890978153137,5.816564398118945,-0.14203903187403732
CCOC(=O)C1=C(C)N=C(C)C(C(=O)OC)C1c1cccc(Cl)c1Cl,0,1.24,1.92,2.52,35.4982623554096,9.753391569036792,2.426633182614779,-2.314109151858206,2.435308396086368,-2.359235617811715,6.421842621281167,-0.14354424327763712
C=CC(=O)Nc1cccc(Oc2nc(Nc3ccc(N4CCN(C)CC4)cc3)nc3ccsc23)c1,1,1.0571428571428572,1.8571428571428572,2.6285714285714286,32.13344678042328,10.202699972977447,2.150419912683614,-2.336422724520765,2.335515654119844,-2.4398079223555964,7.170438974334406,-0.11143048544515222
CC(C(=O)O)c1ccc2c(c1)[nH]c1ccc(Cl)cc12,0,1.1578947368421053,1.9473684210526316,2.6842105263157894,35.49569129769775,9.996773675340147,2.1453436419852676,-2.0557299984738093,2.2956147914526515,-2.0642330606171577,6.314159857034562,-0.1378581222281937
C=C1C(=CC=C2CCCC3(C)C2CCC3C(C)C=CC(C)C(C)C)CC(O)CC1O,1,1.0666666666666667,1.8,2.5,16.284203892475283,9.608141195431559,2.497676793472698,-2.4369329953209533,2.591881607696357,-2.351958577657505,5.383603729854922,0.08619549610504285
CCCCCCCCCCCCCCCC(=O)OC,1,0.6842105263157895,1.0526315789473684,1.4210526315789473,16.52294968333344,10.044626752856109,1.9856582828819298,-2.0250728692052498,2.124150828001924,-1.985257083922018,5.684595835274628,-0.1402506737485163
Cn1cc(-c2ccc3nnc(Sc4ccc5ncccc5c4)n3n2)cn1,0,1.0384615384615385,2.0,2.8846153846153846,32.16659916707488,10.204690017914055,2.112600284411348,-2.027330730165637,2.2865844579695316,-1.9554463326226863,7.9880105895888915,0.7674170987412322
CC(C)(C)c1nc(-c2cccc(NS(=O)(=O)c3c(F)cccc3F)c2F)c(-c2ccnc(N)n2)s1,0,0.9714285714285714,1.6285714285714286,2.257142857142857,32.23329072853192,9.978772813667971,2.2819216337940755,-2.1364099009799418,2.4158852920095124,-2.171044872722821,7.923507207488509,0.520595341763959
c1ccc2[nH]c(-c3cscn3)nc2c1,0,1.2142857142857142,2.142857142857143,2.9285714285714284,32.133393580937174,10.311300711867577,2.045969264684044,-1.8447975497271503,2.189382492882752,-1.7723529796566289,7.074123717867941,1.2744979496585573
Cc1ccc(C2OC(CO)C(O)C(O)C2O)cc1Cc1ccc(-c2ccc(F)cc2)s1,0,0.9354838709677419,1.6774193548387097,2.3870967741935485,32.13356112934445,9.892824819886272,2.4348764307334427,-2.399757557102089,2.3453027542677374,-2.547696531819393,7.150579709139588,-0.2313140773637735
COC(=O)C1C2CC3c4[nH]c5cc(OC)ccc5c4CCN3CC2CC(OC(=O)c2cc(OC)c(OC)c(OC)c2)C1OC,0,0.9090909090909091,1.6590909090909092,2.2954545454545454,16.57558106554064,9.634927459325617,2.542112584900417,-2.5243591780535,2.5052709864547986,-2.580320168671016,5.912479854586891,-0.1759326865349365
O=C(Nc1c(Cl)cncc1Cl)c1ccc(OC(F)F)c(OCC2CC2)c1,0,1.2307692307692308,1.9230769230769231,2.5384615384615383,35.49683647744218,10.15211380227558,2.234245212884751,-2.1391625739356437,2.346780683990434,-2.136441200868477,6.393030405195789,-0.05149146435637825
CC(=O)Oc1cc2c(s1)CCN(C(C(=O)C1CC1)c1ccccc1F)C2,0,1.3076923076923077,2.076923076923077,2.769230769230769,32.13358249506747,9.948587207791014,2.4003792993166275,-2.33745126757144,2.407903900673713,-2.383019186561431,7.136395384788661,-0.13127999697286
CCc1nc(-c2cccc(C)c2)c(-c2ccnc(NC(=O)c3ccccc3)c2)s1,0,1.0,1.8275862068965518,2.586206896551724,32.13356822461586,10.053785864101867,2.155823448063785,-2.0742709503194448,2.3742623397844125,-2.121394105495795,7.152797474783927,0.10216762469995787
CCC1C(O)C2C3CCC(C(C)CCC(=O)O)C3(C)CCC2C2(C)CCC(O)CC12,0,1.0,1.6666666666666667,2.3333333333333335,16.365291253307323,9.411238690057084,2.6434217258769697,-2.6442408215589945,2.6909597138897254,-2.617438790466361,5.661085828967421,-0.202945325800935
O=C(O)c1cc(N=Nc2ccc(S(=O)(=O)Nc3ccccn3)cc2)ccc1O,0,0.9642857142857143,1.6428571428571428,2.2857142857142856,32.23327190244477,10.160253682514682,2.1425090028462277,-2.065065281163195,2.254842291951848,-2.1301207696485616,7.923192511350133,0.06934736103623074
Cc1cc(SCc2sc(-c3ccc(C(F)(F)F)c(F)c3)nc2C)ccc1OCC(=O)O,0,1.1935483870967742,1.935483870967742,2.5483870967741935,32.166844586396465,10.11724479572699,2.3366864805563914,-2.085577916554346,2.3653968119872304,-2.0948499128033675,7.98260731045213,-0.140139073733011
Cc1cn(C2C=CC(CO)O2)c(=O)[nH]c1=O,0,1.5,2.25,2.875,16.524034076182247,10.339588692095548,2.2046181048537754,-2.1436381944704617,2.1820008757555125,-2.3316777691946586,5.05831338121782,-0.010390647454939683
CNC(=O)c1c(F)cccc1Nc1nc(Nc2cc3c(cc2OC)CCN3C(=O)CN(C)C)nc2[nH]ccc12,1,1.1538461538461537,1.9743589743589745,2.717948717948718,19.142201379726036,10.116175178016409,2.269942032991449,-2.2096774956966727,2.386431612737114,-2.362039370210924,6.01606025417501,-0.11863094526549735
Nc1nc(F)nc2c1ncn2C1OC(CO)C(O)C1O,1,1.35,2.1,2.75,19.143721975296458,10.128472852656513,2.4355412629860163,-2.1586431049752344,2.31264891058899,-2.326470903543886,5.807653944052223,-0.051100686328260224
CCOc1cc(CC(=O)NC(CC(C)C)c2ccccc2N2CCCCC2)ccc1C(=O)O,0,1.0909090909090908,1.8181818181818181,2.484848484848485,16.478447850897542,9.938386725258757,2.227235056335277,-2.329265184810338,2.3196615299690184,-2.34232717769619,5.909414330801352,-0.12083307324876791
NC1(C(=O)NC(CCO)c2ccc(Cl)cc2)CCN(c2ncnc3[nH]ccc23)CC1,1,1.2666666666666666,2.0,2.7,35.49569188356653,9.86554565097002,2.387837970349335,-2.3903572175123,2.2878212896157404,-2.597493138123049,6.300956209004051,-0.12755976936046604
C[N+]1(C)[C@@H]2C[C@@H](OC(=O)C(O)(c3cccs3)c3cccs3)C[C@H]1[C@@H]1O[C@@H]12,0,1.1538461538461537,1.6923076923076923,2.1538461538461537,32.13473658982176,9.951976822247422,2.705131838066602,-2.452172102570017,2.5159989722928833,-2.598245421056792,7.116337117579518,-0.9380035414653097
CNc1ncc2cc(-c3cc(NC(=O)NCCC(C)(C)C)c(F)cc3C)c(C)nc2n1,1,1.096774193548387,1.8387096774193548,2.5161290322580645,19.142214028869958,9.92383235599013,2.1563056633914197,-2.1828777631360667,2.318980543230796,-2.3124455592327364,5.911362209868699,0.24954410845511904
COC(=O)C(Cc1ccccc1)NC(=O)C(N)CC(=O)O,0,1.2857142857142858,1.9047619047619047,2.4285714285714284,16.525189200534957,10.052688516389455,2.2522898576193007,-2.1829950067275425,2.0482557775466184,-2.498033210198712,5.894138967798025,-0.14502347586989772
C[N+](C)(C)CCOC(N)=O,0,1.5,2.0,2.3,16.54467153164163,10.531018972303402,2.0604555608439408,-2.2239342607343744,1.8796733891196873,-2.3788668594890443,5.639645515456266,-0.8700456380214906
COc1cc2ncnc(Nc3ccc(O)c(Br)c3)c2cc1OC,0,1.0434782608695652,1.7826086956521738,2.4782608695652173,79.91873117815511,10.167985610306784,2.1108976560252732,-2.1205770687055963,2.3479396946454782,-1.975886375519159,9.103472648990758,0.35552128023892526
c1cnc2cc3c(cc2n1)C1CNC[C@@H]3C1,0,0.9375,1.5,2.0625,14.89607206226514,9.976603185641403,2.3382850482206092,-2.19309333442428,2.438770087594351,-2.2818279380729694,5.76694713675883,0.45359297551778116
COc1ccc(C=Cc2cc(OC)c(OC)c(OC)c2)cc1OP(=O)(O)O,0,0.7407407407407407,1.2592592592592593,1.7407407407407407,31.204462771081403,10.102725016652274,2.1885305518249303,-2.1282244588109855,2.424232544037817,-1.9526516436796508,7.46300152961652,0.27626206649865054
COc1ccc(C2Sc3ccccc3N(CCN(C)C)C(=O)C2OC(C)=O)cc1,0,1.1379310344827587,1.8275862068965518,2.4482758620689653,32.166665673506884,10.053098608783847,2.40185600861063,-2.280537173360714,2.463587227662116,-2.447107051837128,7.99420704794537,-0.1524279774372543
Cc1cc(NS(=O)(=O)c2ccc(N)cc2)no1,0,1.2941176470588236,1.9411764705882353,2.4705882352941178,32.23327100516004,10.319156978539297,2.151313424430651,-2.040786898072921,2.16246393969559,-2.1257039155277795,7.923178645148277,0.40001198891575146
NC(=O)N1CCC(CC(=O)N2CCC(C3c4ncc(Br)cc4CCc4cc(Cl)cc(Br)c43)CC2)CC1,0,0.9722222222222222,1.6388888888888888,2.3333333333333335,79.91976206800335,9.761099070594685,2.364038465259828,-2.3785340361538942,2.4585265626942037,-2.437179632918124,9.104637598559403,-0.13352051953357438
CC(=O)N(O)CCCCCNC(=O)CCC(=O)N(O)CCCCCNC(=O)CCC(=O)N(O)CCCCCN,0,0.5641025641025641,0.9487179487179487,1.3333333333333333,16.516436324771583,10.179622097615857,2.1397524607454588,-2.150447095957253,2.029860378033461,-2.312877989998302,5.833612671375993,-0.16595447230824092
N=C(N)NC(=O)Cc1c(Cl)cccc1Cl,0,1.4,1.9333333333333333,2.4,35.49683514473477,10.132629643305695,2.102096375216324,-2.0601798432722522,2.2389070533195534,-2.3623507006461746,6.358417496821768,-0.11858691902905746
NC(=O)c1cc[n+](CC2=C(C(=O)O)N3C(=O)C(NC(=O)C(c4ccccc4)S(=O)(=O)[O-])[C@H]3SC2)cc1,1,1.1944444444444444,1.8333333333333333,2.388888888888889,32.23989236294843,10.016201881146133,2.546660814512704,-2.489814883733931,2.4039540002927686,-2.7074717457213398,7.998422061473572,-0.6886189636240921
CNC(C)C(=O)NC1CN(C(=O)CC(C)C)CC[C@H]2CCC(C(=O)NC(c3ccccc3)c3ccccc3)N2C1=O,1,0.9024390243902439,1.5121951219512195,2.073170731707317,16.169347743932605,9.97854049863197,2.455073766019152,-2.39042208521207,2.30908210416394,-2.6201758846390035,5.942247007819439,-0.14694262900512392
Cc1cc(C(C#N)c2ccc(Cl)cc2)c(Cl)cc1NC(=O)c1cc(I)cc(I)c1O,0,1.1333333333333333,1.8,2.433333333333333,126.91372280364119,9.90916963894391,2.2033206905749614,-2.1638525434100586,2.34832733649821,-2.1397445388980483,14.113673859084976,0.1019293814693663
CC(C)(C)NCC(O)COc1cccc2c1CCC(=O)N2,0,1.380952380952381,2.142857142857143,2.857142857142857,16.489782738578057,10.01964436693793,2.1887747273204394,-2.237936264286695,2.305373885784507,-2.420703188498814,5.93976747619158,-0.11594145704009512
O=S(=O)(c1ccccc1)N(CC(F)(F)F)c1ccc(C(O)(C(F)(F)F)C(F)(F)F)cc1,0,0.7419354838709677,1.1935483870967742,1.5806451612903225,32.23342812076263,9.919293555671665,2.7094429479797575,-2.328005095468502,2.4983423497323356,-2.5346089686228934,7.924323709000491,-0.3757727066031448
Oc1cccc(-c2nc(N3CCOCC3)c3oc4ncccc4c3n2)c1,0,1.0384615384615385,1.9230769230769231,2.769230769230769,16.47770991309994,10.1608245380089,2.2234452080288816,-2.2738532683892183,2.3422322481929903,-2.3652011854937207,6.04737860783765,0.12215772901399063
Oc1c(Br)cc(Br)c2cccnc12,0,1.2307692307692308,2.0,2.769230769230769,79.91976344978363,10.186543748152253,2.0752474650759405,-2.032566786080484,2.353549412603706,-1.808311350250933,9.108817412702724,0.47672743251771166
CN(C)C1CCN(C(=O)c2ccc(NC(=O)Nc3ccc(-c4nc(N5CCOCC5)nc(N5CCOCC5)n4)cc3)cc2)CC1,1,0.7111111111111111,1.2,1.6888888888888889,16.480359392668223,10.0284569675832,2.248085658861614,-2.3480970159024657,2.2445173585690057,-2.439890560858346,6.002778770885925,0.06630511915408474
[Mn+2],0,1.0,1.0,1.0,,,,,,,,
OCC(O)C(O)C(O)C(O)CO,0,0.6666666666666666,0.9166666666666666,1.0833333333333333,16.394754911637907,10.042293650034017,2.287072812969886,-2.2367959703958786,2.0347043003222276,-2.464981960713012,4.792562123799781,-0.12299440537156829
Nc1cc(C(F)(F)F)c(-c2cc(N3CCOCC3)nc(N3CCOCC3)n2)cn1,0,0.896551724137931,1.5172413793103448,2.1379310344827585,19.413190466609787,10.06193823306469,2.3494732788691066,-2.308586310635999,2.3777060428035606,-2.39118754958344,5.691901102435835,-0.13664409079761636
CCC1=CC(C)C[C@H](C)C[C@H](OC)[C@H]2O[C@@](O)(C(=O)C(=O)N3CCCCC3C(=O)O[C@H](/C(C)=C/[C@@H]3CC[C@H](Cl)[C@H](OC)C3)[C@H](C)[C@@H](O)CC1=O)[C@H](C)C[C@@H]2OC,0,0.9464285714285714,1.6071428571428572,2.25,35.495746988403795,9.813968359049298,2.5635810198680753,-2.4663364687698865,2.3927295396835655,-2.641932522499719,6.387499549115961,-0.3022926151028209
C[S+]([O-])c1ccc(-c2nc(-c3ccc(F)cc3)c(-c3ccncc3)[nH]2)cc1,0,0.8518518518518519,1.4814814814814814,2.111111111111111,32.227737381385985,10.063103107375705,2.1565317197137577,-2.037491567556704,2.3266359700651873,-1.95909025833406,7.902976492524178,0.6005871775254924
COc1cc(Cc2cnc(N)nc2N)cc(OC)c1OC,0,1.0,1.619047619047619,2.0952380952380953,16.529933471959115,10.055552244613883,2.139939308910227,-2.14067155438343,2.3834285564495885,-2.0427878074976946,5.550690334116585,0.3236341838938214
COc1ccc(-c2cc(=O)c3c(O)cc(OC4OC(COC5OC(C)C(O)C(O)C5O)C(O)C(O)C4O)cc3o2)cc1O,0,0.7906976744186046,1.4883720930232558,2.186046511627907,16.730415604588316,9.984286675444974,2.469983196057712,-2.4197426934871085,2.3540061180199277,-2.6125841916429717,5.857738052092592,-0.3182462383685043
CC(=O)C(C#N)C(=O)Nc1cc(Br)ccc1Br,0,1.411764705882353,2.0588235294117645,2.588235294117647,79.91976150266437,10.069799938056143,2.2277551131441022,-2.091932241120906,2.260562005951259,-2.265544196625951,9.105965124823737,-0.12705497693582804
CNC(=O)C(NC(=O)C(CC(C)C)C(O)C(O)=NO)C(C)(C)C,0,1.173913043478261,1.6956521739130435,2.0434782608695654,16.46159469990176,9.843065180398868,2.371693269285713,-2.318751976265443,2.2210813103603986,-2.5539051133544786,5.917132340086875,-0.13484260050314592
NC(=O)c1cnccn1,1,1.5555555555555556,2.3333333333333335,2.6666666666666665,16.146854159835637,10.43637575204688,1.9661776545266108,-1.8735438774379831,1.8439399011566233,-2.121616101235032,5.897149136478651,0.09949578440619376
NC(C(=O)NC1C(=O)N2C(C(=O)O)=C(Cl)CSC12)c1ccccc1,0,1.375,2.0416666666666665,2.6666666666666665,35.49570738457682,10.024613952714008,2.5387904171695093,-2.484918915111109,2.4089285034444363,-2.7048196935759834,7.999075359852406,-0.15036072759061422
CCC1OC(=O)C(C)C(OC2CC(C)(OC)C(O)C(C)O2)C(C)C(OC2OC(C)CC(N(C)C)C2O)C(C)(O)CC(C)CN(C)C(C)C(O)C1(C)O,0,0.9423076923076923,1.5576923076923077,2.1153846153846154,16.71364559792243,9.773533953023037,2.5232489674458396,-2.484652433174526,2.3982822734584435,-2.602395919331875,5.727510634581747,-0.3175797470167672
S=P(N1CC1)(N1CC1)N1CC1,0,0.7272727272727273,1.0,1.1818181818181819,32.448597440985864,11.010999999999994,2.502807890045293,-2.245867275171281,2.649937817615394,-2.105359990442558,8.109805835519865,0.6973864985157471
CC=Cc1ccc(OC)cc1,0,1.1818181818181819,1.8181818181818181,2.272727272727273,16.465249014661026,10.182365683331312,1.8745200824634394,-1.9763992653447895,2.112760973445443,-1.8045252525068285,5.495036866032778,0.4145360559008539
COc1c(O)cc2c(O)c1C=C(C)CC(OC)C(O)C(C)C=C(C)C(OC(N)=O)C(OC)C=CC=C(C)C(=O)N2,1,1.125,1.8,2.375,16.577966281948406,9.910953865337557,2.286071319134039,-2.280018301030853,2.433851383250757,-2.3626105907024715,6.0460133691771025,-0.11236259304447432
Cc1ccc(-n2[nH]c(C)c(N=Nc3cccc(-c4cccc(C(=O)O)c4)c3O)c2=O)cc1C,0,0.9393939393939394,1.696969696969697,2.4242424242424243,16.365663449166693,10.013433450174,2.1443893269713916,-2.071010605263899,2.3764959872492724,-2.1379166787783315,5.898309542951642,0.06966270645175507
NS(=O)(=O)NCCNc1nonc1C(=NO)Nc1ccc(F)c(Br)c1,0,1.4,2.16,2.8,79.91873122110098,10.26131343470218,2.176096451980336,-2.0824106351218137,2.2095651497296096,-2.340259027944634,9.103044076583846,0.30462105118410454
CC(=O)Oc1c(C)c(C)c2c(c1C)CC[C@@](C)(CCC[C@H](C)CCC[C@H](C)CCCC(C)C)O2,0,0.8823529411764706,1.4411764705882353,2.0,16.5366795894067,9.834701447088454,2.3427034067613945,-2.381732160271037,2.446372877636893,-2.3683362489146598,5.718179814735429,-0.13151163100608615
CCCCS(=O)(=O)NC(Cc1ccc(OCCCCC2CCNCC2)cc1)C(=O)O,0,1.2,1.9,2.533333333333333,32.23322862589919,9.925517998904589,2.2360223081901505,-2.2181656227913966,2.1919077499190602,-2.4276438451239124,7.890272473867209,-0.13845634725816444
CC(C)(O)CNc1nc(Nc2ccnc(C(F)(F)F)c2)nc(-c2cccc(C(F)(F)F)n2)n1,0,0.8484848484848485,1.5151515151515151,2.1515151515151514,19.417079593386983,10.135733528873558,2.3328776326547267,-2.1791228309779034,2.3056446120859246,-2.2969890957296095,5.587133474472516,-0.14143489112655833
O=c1n(CCCN2CCN(c3cccc(Cl)c3)CC2)nc2ccccn12,0,1.0,1.8461538461538463,2.6153846153846154,35.49569167072003,10.206753790343317,2.168915836224749,-2.3573211066940973,2.202943756882304,-2.463975947572824,6.303782201255167,0.24835684540561234
OCCN1CCN(CCCN2c3ccccc3Sc3ccc(C(F)(F)F)cc32)CC1,0,0.8333333333333334,1.5,2.2,32.166581535447726,10.119717049111415,2.329068870866691,-2.3594887794418336,2.4898402372101547,-2.4714778688220065,7.993772392038397,-0.1371355544130051
CC(=O)Nc1ccc(C(=O)Nc2ccccc2N)cc1,0,0.95,1.6,2.2,16.15078708210246,10.152076173265813,2.0733656920611576,-2.0816985805179606,2.1801872754417073,-2.1304195699978505,6.05582292136698,-0.11373807320944229
O=C1c2ccccc2C(=O)C1c1ccccc1,0,0.6470588235294118,1.1176470588235294,1.6470588235294117,16.152349332225576,9.943941569080959,2.3835990583489544,-2.0549520215438664,2.329359024098676,-2.1192121507166517,6.292004063060477,0.08899284207155654
CCN1CCN(c2cc3c(cc2F)c(=O)c(C(=O)O)cn3C2CC2)CC1,1,1.2307692307692308,1.9230769230769231,2.5,19.142216198250996,10.088582683927193,2.279891418326863,-2.354039371046674,2.377913232223307,-2.460480269996644,5.932618443214611,0.06945516617441341
CCC1=C[C@H]2CN3CCc4c([nH]c5ccccc45)[C@@](C(=O)OC)(C2)[C@@H]13,0,1.4,2.24,3.04,16.525493355899858,9.60435218482724,2.5997090259034654,-2.5332557909578917,2.5249697508976254,-2.6337753722354695,5.91820773301824,-0.15349763693624577
C=CCC1(O)CCC2C3=C(C=CC21C)C1=C(CC3)CC(=O)CC1,0,1.3478260869565217,2.1739130434782608,2.9565217391304346,16.28662356108818,9.60787205264878,2.5640772114003165,-2.45346836667858,2.601266344356504,-2.4481237819332566,5.835434573287851,-0.11829499204703357
CCN(CC)CCOc1ccc(C(=C(Cl)c2ccccc2)c2ccccc2)cc1,1,0.7241379310344828,1.2413793103448276,1.793103448275862,35.49570548366686,9.951606532443439,2.1227483293897738,-2.179446941707008,2.3485109277640652,-2.273972781384577,6.529333995934952,0.22256444630477548
CC(NC(=O)C(O)C(C)C)C(=O)NC1C(=O)N(C)CCc2ccccc21,1,1.1923076923076923,1.8461538461538463,2.5,16.285444774740473,9.986225733181916,2.3176910277894844,-2.242747408113136,2.238555586379401,-2.5097157036209,5.9303665902650025,-0.1373535539628534
O=C(O)c1ccccc1O,0,1.3,1.9,2.3,16.367670134320214,10.187505361182769,2.051199792328337,-1.9456164985020472,2.1381845497726406,-1.945908635229926,5.900328911697507,0.06935242184876104
NC(C=O)C(O)C(O)C(O)CO,1,1.25,1.75,2.0833333333333335,16.374969015999092,10.031761454888942,2.279597139342035,-2.2257281706398517,2.010662872412008,-2.4943612495325227,5.57783334017854,-0.11779066453796556
COC(=O)C1=COC(OC2OC(CO)C(O)C(O)C2O)C2C1CC(O)C2C,0,1.1851851851851851,1.8888888888888888,2.5185185185185186,16.772993460042184,9.831425928276559,2.528888178785377,-2.4261582679186184,2.4714210643893892,-2.59940295494768,5.885463504950073,-0.3422534876053797
COc1ccc2cc1Oc1ccc(cc1)CC1c3c(cc4c(c3Oc3cc5c(cc3OC)CCN(C)C5C2)OCO4)CCN1C,1,0.6444444444444445,1.3555555555555556,2.1555555555555554,16.702259837778836,9.869514497071718,2.3572041206278924,-2.3682275835458393,2.528841467706231,-2.337328898504067,5.641259461245482,0.17091365751077667
Cc1cc(=O)n(-c2ccccc2)n1C,0,1.1428571428571428,1.7857142857142858,2.2857142857142856,16.14279955533654,10.308992951074309,2.046015390115689,-2.069965478208687,2.0447525553324155,-2.184052162925867,5.30332644007485,0.6297261233590027
Oc1c2ccccc2c2c3c(cccc13)N=N2,0,0.7647058823529411,1.5294117647058822,2.411764705882353,16.255646157595528,9.99239329636472,2.182978236192816,-2.068654365566778,2.4867470856093163,-1.7826941090980306,6.182593221937892,0.4875902892352821
COc1c(O)cc2oc3cc(O)c(CC=C(C)C)c(O)c3c(=O)c2c1C=CC(C)C,1,1.1,1.7333333333333334,2.3333333333333335,16.47495923479866,9.993905193991408,2.2210275137571256,-2.1323006715102863,2.4047105832098,-2.0646725098216376,5.998810654891429,0.3727565454014939
CCCCCCCC=CCCc1c(O)c(O)cc(O)c1O,0,0.8095238095238095,1.380952380952381,2.0,16.31992608160586,10.0496174165795,2.1512325155227043,-2.0879475863253822,2.4195937516590225,-1.8744034158597513,5.5830735571927965,0.3653610106108299
O=c1cc[nH]c(=O)[nH]1,1,1.375,2.125,2.5,16.155191296790303,10.67278752947376,1.774197391073146,-1.7505865775499831,1.5072998831831195,-2.187944043281705,4.770357771445498,1.0362499820844082
CCCN(CCC)CCc1cccc2[nH]c(O)cc12,0,1.105263157894737,1.8421052631578947,2.526315789473684,16.26501126221354,10.069233417958378,2.0709284012819027,-2.204954831636513,2.230887781476575,-2.273130822261049,5.842609386401936,0.27818842331820476
CCn1cc(C(=O)O)c(=O)c2cc(F)c(N3CCNCC3)cc21,0,1.3478260869565217,2.0434782608695654,2.652173913043478,19.14221518143299,10.092123924340125,2.1946700897479325,-2.297210478958547,2.2522220046494894,-2.434891098148988,5.931132392711094,0.0694565336261975
CO[C@@]1(NC(=O)C(C(=O)O)c2ccc(O)cc2)C(=O)N2C(C(=O)O)=C(CSc3nnnn3C)CO[C@@H]21,1,1.3055555555555556,2.0,2.5555555555555554,32.16655638262433,9.917588516470865,2.675525927461228,-2.551379740732277,2.412426113117732,-2.824673859557673,7.988705495751025,-0.2578388866226742
CCC(C)C(N)C1=NC(C(=O)NC(CC(C)C)C(=O)NC(CCC(=O)O)C(=O)NC(C(=O)NC2CCCCNC(=O)C(CC(N)=O)NC(=O)C(CC(=O)O)NC(=O)C(Cc3c[nH]cn3)NC(=O)C(Cc3ccccc3)NC(=O)C(C(C)CC)NC(=O)C(CCCN)NC2=O)C(C)C)CS1,0,0.6767676767676768,1.2828282828282829,1.8686868686868687,32.166580025202556,9.958944992189771,2.3954052413157303,-2.301055516221844,2.245409998267668,-2.6178397906663853,8.139866559096305,-0.14152900674139057
Nc1cc(F)ccc1NC(=O)c1ccc(CNC(=O)/C=C/c2cccnc2)cc1,1,1.103448275862069,1.896551724137931,2.586206896551724,19.14214668968765,10.111869358632704,2.086836661048957,-2.087938694319579,2.19651660776752,-2.199760857412504,6.052782530481557,-0.11611807981286579
CCC(Nc1c(Nc2cccc(C(=O)N(C)C)c2O)c(=O)c1=O)c1ccc(C)o1,0,1.1379310344827587,1.8275862068965518,2.413793103448276,16.342947094144854,10.079071991859191,2.2590674523599095,-2.207370285893501,2.3304154589105917,-2.370045492545161,5.986002834896002,0.08244869535715314
COc1ccc(C(CN(C)C)C2(O)CCCCC2)cc1,1,1.15,1.75,2.25,16.465295305048528,9.723569294088588,2.3829439768978364,-2.4047604985956736,2.4008479006290617,-2.4241303120885016,5.311261691006078,-0.027725883804691244
COc1nc2ccc(Br)cc2cc1[C@@H](c1ccccc1)[C@@](O)(CCN(C)C)c1cccc2ccccc12,0,0.8918918918918919,1.6216216216216217,2.3783783783783785,79.91873138951225,9.703457465127153,2.4272727526431064,-2.391992551462745,2.485296015360664,-2.3766347806550594,9.10302773594774,0.005200168962650615
Nc1nnc(-c2cccc(Cl)c2Cl)c(N)n1,0,1.0625,1.8125,2.5,35.49826138895085,10.13904096464483,2.1235511083648313,-2.0587581371647787,2.3348257735061084,-2.0404413712940643,6.432896462236653,0.9995250045250361
Cn1c(=O)c2c(ncn2CC2OCCO2)n(C)c1=O,0,1.263157894736842,1.9473684210526316,2.6315789473684212,16.71809695256556,10.450964076152765,2.199436362480268,-2.104052604060706,2.106211440385107,-2.374404939801641,5.694065628760474,-0.05178242668449101
CO[C@H]1/C=C/O[C@@]2(C)Oc3c(C)c(O)c4c(O)c(c5c(c4c3C2=O)=NC2(CCN(CC(C)C)CC2)N=5)NC(=O)C(C)=CC=CC(C)[C@H](O)[C@@H](C)[C@@H](O)[C@@H](C)[C@H](OC(C)=O)[C@@H]1C,0,0.9672131147540983,1.6229508196721312,2.2459016393442623,16.706125750379726,9.781263068309674,2.5005956274468035,-2.3756536885000417,2.4965692519862466,-2.461751763364767,6.192667900826806,-0.16022444120633314
C=CC1C2=CCOC(=O)C2=COC1OC1OC(CO)C(O)C(O)C1O,0,1.24,2.0,2.68,16.772792334043192,9.888439760013103,2.4640912327434417,-2.4185849979976846,2.353751750108259,-2.597236405739656,5.9430423787232485,-0.33552562819168424
CON=C(C(=O)NC1C(=O)N2C(C(=O)O)=C(Cn3ccc(=N)n3CCO)CSC12)c1csc(N)n1,1,1.457142857142857,2.2285714285714286,2.857142857142857,32.166681054035486,10.020133676764582,2.5409484979775288,-2.4906113245975963,2.4032949666540855,-2.7070234346119455,7.998368934632041,-0.14979586055554012
C[N+](C)(C)CCCCCC[N+](C)(C)C,0,0.5,0.7857142857142857,1.0,15.27689477810516,10.148657019826155,2.071942359793503,-2.245413016116534,2.0482295804127713,-2.3546885915299947,4.419639753204435,-0.8708453534146918
O=c1cc[nH]c(=S)[nH]1,0,1.625,2.375,2.75,32.09199813443303,10.67645735104204,1.7433715609863307,-1.7798196003257951,1.6680752030549488,-2.022558277204293,7.709697608818826,1.088153435076726
Cc1cc(C)c(Nc2ccnc(Nc3ccc(C#N)cc3)n2)c(C)c1,0,0.92,1.6,2.24,15.138457877830556,10.052480901581962,2.062262369531437,-2.136590914978734,2.2523215681507227,-2.022256186593941,5.658869257552808,1.1594886532282136
Cc1c(-c2ccc(O)cc2)n(Cc2ccc(OCCN3CCCCCC3)cc2)c2ccc(O)cc12,0,0.8,1.4857142857142858,2.2,16.4776530968438,10.060615899227837,2.1680441028697772,-2.193653087245657,2.3588093830002,-2.2882450077081224,5.922724264677592,0.21376515979628122
CC(C)OC(=O)C(C)(C)Oc1ccc(C(=O)c2ccc(Cl)cc2)cc1,0,0.92,1.4,1.88,35.49569161384529,10.032146979668108,2.320970846995326,-2.2506734126801393,2.2188044823225086,-2.4039172434784866,6.302898974954619,-0.16277876401034472
COc1ccc2cccc(CCNC(C)=O)c2c1,0,1.2777777777777777,2.111111111111111,2.8333333333333335,16.4652896172618,10.017420830547247,2.025396561231794,-2.084012664180323,2.237161642716034,-2.2189434369473453,5.867181453190466,-0.11842548455467808
Cn1c(CNc2ccc(C(=N)N)cc2)nc2cc(C(=O)N(CCC(=O)O)c3ccccn3)ccc21,0,1.1142857142857143,1.8571428571428572,2.5142857142857142,16.365384413498532,10.137765786324952,2.2071337807810227,-2.206589060801377,2.2102985565490108,-2.332591297614314,6.069533433181155,-0.13626429333074108
CCC1(c2c[nH]cn2)Cc2ccccc2C1,0,1.25,1.9375,2.4375,14.872917549116584,9.791134423423124,2.379118398657427,-2.2461590559269453,2.405693827189124,-2.258232580636639,5.390348979027388,0.4235131824511944
O=[N+]([O-])c1ccc(O)c2ncccc12,0,1.3571428571428572,2.142857142857143,2.857142857142857,16.628331228955904,10.150776354628716,2.132319305842788,-1.9927377906562531,2.2932888434879906,-1.8981480180063093,5.9135695271477084,-0.38261385189992647
C[C@@H]1CCN(C(=O)C(CCCN=C(N)N)NS(=O)(=O)c2cccc3c2NC[C@H](C)C3)C(C(=O)O)C1,0,1.2857142857142858,2.0285714285714285,2.7142857142857144,32.233273352451775,9.913715689479579,2.388144117026788,-2.3770148476003428,2.3148674535486062,-2.5604374630840576,7.8932801115887585,-0.15339810936598267
CC12CCC(CC1=O)C2(C)C,0,1.3636363636363635,2.0,2.1818181818181817,16.140189623165227,9.70443747890903,2.606035461251652,-2.319067464636109,2.6288273467249454,-2.3167803517250865,5.887317891772603,-0.12775474186799132
C=CC(=O)N1CCCC(n2nc(-c3ccc(Oc4ccccc4)cc3)c3c(N)ncnc32)C1,0,1.0909090909090908,1.8484848484848484,2.606060606060606,16.480553808688093,10.058250060298928,2.275226865232203,-2.318171131449882,2.3441769141144215,-2.3968255512066796,5.979350275130443,-0.1271464774183897
Cc1cc(O)cc(O)c1,0,1.0,1.4444444444444444,1.7777777777777777,16.266259014187213,10.20519194934601,1.9129260307947467,-1.944954476604283,2.183750725624458,-1.699166418143184,5.350908104225338,0.44961502254858854
Cc1cccc(C(C)c2c[nH]cn2)c1C,0,1.2666666666666666,2.066666666666667,2.7333333333333334,14.857657961656095,9.916668137563114,2.1238181697221545,-2.135548808459401,2.2583713330757105,-1.997882315883381,5.379779943658016,0.8705136204645525
CC(C)CC(NC(=O)CNC(=O)c1cc(Cl)ccc1Cl)B1OC(=O)CC(CC(=O)O)(C(=O)O)O1,1,1.2058823529411764,1.8823529411764706,2.4705882352941178,35.49678909678453,9.704524102501283,2.543014343939661,-2.3731845175884643,2.2972593154186995,-2.614208136745399,6.499501368579444,-0.1747829425133165
C=CCC1=CC(C)C[C@H](C)C[C@H](OC)[C@H]2O[C@@](O)(C(=O)C(=O)N3CCCCC3C(=O)O[C@H](/C(C)=C/[C@@H]3CC[C@@H](O)[C@H](OC)C3)[C@H](C)[C@@H](O)CC1=O)[C@H](C)C[C@@H]2OC,0,0.9122807017543859,1.5789473684210527,2.2280701754385963,16.66258028080913,9.813227927704416,2.5636166553820727,-2.4663366400854865,2.3913957951375644,-2.641932783477377,6.387431970794652,-0.3022926327839456
CC1OC(OCC2OC(Oc3c(-c4ccc(O)c(O)c4)oc4cc(O)cc(O)c4c3=O)C(O)C(O)C2O)C(O)C(O)C1O,0,0.7441860465116279,1.4186046511627908,2.116279069767442,16.731621845510517,9.983623705836612,2.474781660474779,-2.4195310100658642,2.391559510412848,-2.6139414055556673,5.879941461366941,-0.3182939404916305
CC12C=CC(=O)NC1CCC1C2CCC2(C)C(C(=O)Nc3cc(C(F)(F)F)ccc3C(F)(F)F)CCC12,0,0.972972972972973,1.7027027027027026,2.3783783783783785,19.417062219798876,9.476196344999723,2.6058509312466036,-2.5831770012442483,2.6473659386399797,-2.591073453219337,5.940568632251042,-0.140657784715903
COc1ccc(N2CCOCC2)c2sc(NC(=O)N3CCC(C)(O)CC3)nc12,1,1.2857142857142858,2.0,2.6785714285714284,32.133549580950145,9.940236546211521,2.297812485480143,-2.349684493961106,2.393669016661274,-2.4617053550893333,7.225909379111843,0.005700815107498799
CN1C2CC(OC(=O)C(CO)c3ccccc3)CC1C1OC12,1,1.3181818181818181,1.9545454545454546,2.5454545454545454,16.606258130938283,9.97458692902896,2.624134338096561,-2.3770240037266386,2.4760301042560986,-2.476910816837251,5.78086371410479,-0.15613936554936664
COC(=O)N=NC=C1C=[N+]([O-])c2ccccc2N1O,0,1.5263157894736843,2.263157894736842,3.0,16.53832057528701,10.2003830775073,2.238778019288029,-2.217502816883964,2.311772278301707,-2.2528037879568874,5.858983617360441,-0.35537131013896417
Clc1cccc(Cl)c1NC1=NCCN1,0,1.2857142857142858,2.0,2.5714285714285716,35.49683508001679,10.294609963321541,2.093724920561228,-2.092016445404805,2.29124890223782,-2.259250286306479,6.393317955521634,0.95884939421924
COc1cc(C(=O)NC2CCN(C)CC2)c(F)cc1Nc1ncc2c(n1)N(C1CCCC1)CC(F)(F)C(=O)N2C,0,1.125,1.825,2.5,19.28546949312567,10.044180055521648,2.48428478110708,-2.3066609212934077,2.3985268121979515,-2.478073830712471,6.016855568367851,-0.14018853824692484
COc1cc2c(cc1OC)CN(CCc1ccc(NC(=O)c3cc(OC)c(OC)cc3NC(=O)c3cnc4ccccc4c3)cc1)CC2,0,0.75,1.4166666666666667,2.1458333333333335,16.51245656439212,9.980712018509777,2.2127716538935522,-2.2916692760470387,2.3499116269459837,-2.3185065353891687,6.130919817670395,0.10216468939025475
COC1C(N(C)C(=O)c2ccccc2)CC2OC1(C)n1c3ccccc3c3c4c(c5c6ccccc6n2c5c31)C(=O)NC4,0,0.9534883720930233,1.627906976744186,2.372093023255814,16.57767440399943,9.909696856934918,2.545681951337299,-2.501824689319341,2.5378097682479526,-2.609525996299768,6.305435253648272,-0.2638541228024741
CC1(C)S[C@@H]2CC(=O)N2C1C(=O)OCOC(=O)C1N2C(=O)C(NC(=O)C(N)c3ccccc3)[C@H]2S(=O)(=O)C1(C)C,0,1.05,1.65,2.25,32.22826979886619,9.953359966321871,2.7256474099042696,-2.427927084497073,2.507298206882858,-2.7211787004815613,8.01247190414949,-0.1808576818441045
COc1ccc(-c2nc3cc(C4=NNC(=O)CC4C)ccc3[nH]2)cc1,0,1.12,1.88,2.6,16.465285025479837,9.938063078988046,2.2160425888781736,-2.1846753194985986,2.2469868975388,-2.314248777786454,6.068108356047012,-0.12142436096111915
CCc1ccc(CCOc2ccc(Cc3sc(=O)[nH]c3O)cc2)nc1,0,1.16,1.92,2.52,32.1335359707227,10.124310507387245,2.073341321942109,-2.071638811795665,2.2138982199517976,-2.028342442448422,7.090721552716639,0.3201948658598235
CC(C)CCC[C@@H](C)[C@H]1CC[C@H]2C3=CC=C4C[C@@H](O)CC[C@]4(C)[C@H]3CC[C@]12C,0,0.9642857142857143,1.75,2.5,16.265942922520306,9.49667191114286,2.5632524969072796,-2.5484764190504214,2.6563908120306166,-2.4611696955295024,5.384026386637126,0.0322531048374608
Cc1cc(-c2nc(-c3ccc(OC(F)(F)F)cc3)no2)nn1Cc1ccnc(N2CCN(C3CC3)CC2)c1,0,1.0263157894736843,1.7894736842105263,2.5,19.422456298231893,10.182163577672005,2.3179710247067375,-2.3517454281188646,2.290082982906618,-2.4704886658440324,5.585662223847486,-0.2741894532722646
CCC(C)C(=O)OC1CC(C)C=C2C=CC(C)C(CCC3CC(O)CC(=O)O3)C21,1,1.3103448275862069,2.0689655172413794,2.7586206896551726,16.54987524739698,9.64973567299177,2.4175870555011625,-2.4325816009467616,2.44917154474023,-2.417738084850416,5.719352836436304,-0.16203445253462925
CCCC[N@+]1(C)[C@@H]2C[C@@H](OC(=O)C(CO)c3ccccc3)C[C@H]1[C@@H]1O[C@@H]12,0,1.2692307692307692,1.9230769230769231,2.5,16.607576163457157,9.939949114651498,2.713388303043,-2.4794535080034623,2.5247506777008195,-2.6235003603106484,5.7807763867324855,-0.9557739413498593
CCOC(=O)C(C#N)C1c2cc(Br)ccc2OC(=N)C1C(=O)OCC,0,1.36,2.04,2.64,79.91873120460092,9.749109311501748,2.479917114902684,-2.3338997150057192,2.439446145534576,-2.423442289260933,9.103004557467367,-0.150006194690245
CCCc1cc(C(N)=S)ccn1,0,1.6666666666666667,2.4166666666666665,3.0,32.092038671264774,10.15266169051018,1.9729526304636729,-2.001131906554446,2.0312500348242115,-2.094579329011532,7.802850965475097,0.8818928116714063
CC(C)c1nc(CN(C)C(=O)NC(CCN2CCOCC2)C(=O)NC(CCC(Cc2ccccc2)NC(=O)OCc2cncs2)Cc2ccccc2)cs1,0,0.8888888888888888,1.537037037037037,2.1296296296296298,32.13466457280317,9.953983867117229,2.2715441979404916,-2.2994833275078856,2.200595511957982,-2.5360562050821938,7.094802539925782,-0.1236288787430319
Fc1ccc(C2CCNCC2COc2ccc3c(c2)OCO3)cc1,1,1.0833333333333333,1.9166666666666667,2.7916666666666665,19.142144241523468,9.814218951394308,2.2691112246881073,-2.320999672476008,2.3591662206129804,-2.3805064673083303,5.464122693412558,0.17303890044833328
CN(C)CCCN1c2ccccc2CCc2ccc(Cl)cc21,1,1.0,1.7272727272727273,2.5,35.49569144150641,10.048907034195459,2.1985063164704335,-2.274176228728986,2.368796610379777,-2.2353011613162312,6.304793042855347,0.4023406458078742
O=S(=O)(O)Oc1ccc(C(c2ccc(OS(=O)(=O)O)cc2)c2ccccn2)cc1,0,0.6896551724137931,1.1379310344827587,1.4827586206896552,32.25327176064373,9.878459225661889,2.1904983541269827,-2.18101300029813,2.3248700202440418,-2.084867520321014,7.810537804223147,0.38414210209677013
CNC(=O)c1cc(Oc2ccc(NC(=O)Nc3ccc(Cl)c(C(F)(F)F)c3)c(F)c2)ccn1,0,1.0,1.7272727272727273,2.393939393939394,35.49569237474881,10.164109706985673,2.330597718066416,-2.1289504001849533,2.3588147671603608,-2.2024175116306575,6.31134167906256,-0.13699726139970353
CCN1CC(CCN2CCOCC2)C(c2ccccc2)(c2ccccc2)C1=O,0,0.9642857142857143,1.5357142857142858,2.0714285714285716,16.477478074313055,9.658640935378482,2.548320096382438,-2.355078196099565,2.4685976585070497,-2.4345423873838845,5.944173823527749,-0.13097140648894978
CN1CC(C(=O)N[C@]2(C)O[C@@]3(O)[C@@H]4CCCN4C(=O)C(Cc4ccccc4)N3C2=O)C[C@@H]2c3cccc4[nH]cc(c34)C[C@H]21,0,1.1627906976744187,1.9767441860465116,2.7906976744186047,16.69243357690531,9.72010510901594,2.6957717753018273,-2.4838432714275265,2.4705910938899316,-2.711443161860062,5.971059383100615,-0.3147107076146397
CCCCCCCC(=O)O,0,1.2,1.8,2.3,16.36511996668072,10.124243287305514,1.9420985020235597,-1.9472884190314368,2.036136763183896,-1.9268932152010254,5.6601358912413575,-0.13665045255081823
NCCCNCCCCNCCCN,1,0.5714285714285714,0.9285714285714286,1.2857142857142858,14.86344052259337,10.26782411647978,1.8895208397413723,-2.0449841871551,1.8448919048197263,-2.2207782939261893,4.522495561516037,0.5701672042294208
CC(c1nc(-c2ccc(C#N)cc2)cs1)C(O)(Cn1cncn1)c1cc(F)ccc1F,0,1.2258064516129032,2.0,2.6774193548387095,32.13348198477878,9.816177447411198,2.411929791349672,-2.3340106489314385,2.4115478850181495,-2.3787392183882066,7.096089469697132,-0.011388507222897836
CCCCCCCCCC(=O)NC(Cc1c[nH]c2ccccc12)C(=O)NC(CC(N)=O)C(=O)NC(CC(=O)O)C(=O)NC1C(=O)NCC(=O)NC(CCCN)C(=O)NC(CC(=O)O)C(=O)NC(C)C(=O)NC(CC(=O)O)C(=O)NCC(=O)NC(CO)C(=O)NC(C(C)CC(=O)O)C(=O)NC(CC(=O)c2ccccc2N)C(=O)OC1C,1,0.5478260869565217,1.0869565217391304,1.6869565217391305,16.5470443317553,9.95511945149646,2.4107997097796368,-2.2967962626750027,2.215242783313377,-2.615376843166103,6.050829049509553,-0.15604730718599
O=C(O)COCCN1CCN(C(c2ccccc2)c2ccc(Cl)cc2)CC1,0,1.0,1.6296296296296295,2.259259259259259,35.49569172109282,9.96182988074224,2.2577666665239167,-2.393971062111113,2.298490883509945,-2.482064743742439,6.300907860763648,-0.1419270441698108
CN1CCN(C(=O)C2C3CCC(O3)C2C(=O)O)CC1,0,1.0526315789473684,1.631578947368421,2.210526315789474,16.51566018565846,9.781075200538924,2.559252423594682,-2.3570631639744386,2.439640814643848,-2.5206013394557485,5.863308460638077,-0.15106014313585808
CCC(CC)CC1(C(=O)Nc2ccccc2SC(=O)C(C)C)CCCCC1,0,1.0740740740740742,1.7037037037037037,2.2962962962962963,32.16661755148078,9.672531228697755,2.4037309688160637,-2.380959285357934,2.43899749960857,-2.393895853328038,8.13386804025187,-0.12837613893174932
CCOC(=O)Nc1ccc(NCc2ccc(F)cc2)nc1N,0,1.2727272727272727,2.0,2.6363636363636362,19.142143147741084,10.19371184777459,2.070020611839424,-2.1016293988874963,2.1894570723812996,-2.1491643924476374,5.8779905880815315,0.1676529037484525
CC1(C)CNc2cc(NC(=O)c3cccnc3NCc3ccncc3)ccc21,0,1.1428571428571428,1.9642857142857142,2.7857142857142856,16.149313869440885,9.868125798618772,2.2916320247496125,-2.1685847955999953,2.372070234983069,-2.1844415030074797,6.072380272351375,0.10225257456578106
CON=C(C(=O)N=C1C(=O)C2C(C(=O)[O-])C(C[N+]3(C)CCCC3)CS[C@H]12)c1csc(N)n1,0,1.375,2.09375,2.6875,32.166666556328224,9.671369058357447,2.571019832669275,-2.492528486199528,2.469508280943945,-2.640055494539026,8.006332871249462,-0.9006451934394862
CCOC(=O)N1CCC(=C2c3ccc(Cl)cc3CCc3cccnc32)CC1,0,1.1481481481481481,1.9259259259259258,2.7037037037037037,35.495691718478525,9.88471459242739,2.263525490920828,-2.2922588552784546,2.379501180003642,-2.365938848004273,6.302781700596171,0.1042454992757233
CN(CCOc1ccc(NS(C)(=O)=O)cc1)CCc1ccc(NS(C)(=O)=O)cc1,0,0.7931034482758621,1.2758620689655173,1.7586206896551724,32.23451708182655,10.12814757099119,2.0453000611093053,-2.1696862096999108,2.162449171019392,-2.2604757779694356,7.917812990449827,0.23869881509354626
Cc1ccc(O)c(C(CCN(C(C)C)C(C)C)c2ccccc2)c1,0,0.9166666666666666,1.5416666666666667,2.125,16.255424623532225,9.865165505589557,2.208064759093803,-2.3203674043575084,2.345212696923085,-2.3782580881900133,5.429791786105058,0.1702583877063232
CCN(CC)CCN(Cc1ccc(-c2ccc(C(F)(F)F)cc2)cc1)C(=O)Cn1c(SCc2ccc(F)cc2)nc(=O)c2c1CCC2,1,0.8723404255319149,1.4893617021276595,2.106382978723404,32.16655696742579,10.019256154693648,2.2981671760542035,-2.2780318998056814,2.312325764810477,-2.4019397094636084,7.979358151355023,-0.1372631595104106
COc1cc2c(cc1OC)CN(CCc1ccc(NC(=O)c3cccc4c(=O)c5cccc(OC)c5[nH]c34)cc1)CC2,1,0.8333333333333334,1.5,2.2142857142857144,16.508130554843447,9.980701273583287,2.19650252697145,-2.2916552372291723,2.330896289360383,-2.318500519704613,6.128561332087975,0.10234109938474291
CCN(CCCOc1ccc2c(Nc3cc(CC(=O)Nc4cccc(F)c4)[nH]n3)ncnc2c1)CCOP(=O)(O)O,0,1.1219512195121952,1.975609756097561,2.7560975609756095,31.20446358193406,10.18984038887382,2.143175326762379,-2.1991526210653105,2.348563114059257,-2.2876086756825362,7.458304167052215,-0.11517915832073829
Oc1cc(O)c2c(c1)O[C@H](c1cc(O)c(O)c(O)c1)[C@H](O)C2,0,0.8636363636363636,1.5,2.1363636363636362,16.506204809699085,9.934321867846899,2.3257195811041695,-2.310775038115139,2.4407569228657287,-2.2987586376756934,5.53980231056761,0.019555513299761917
COC1C(OC(=O)C=CC=CC=CC=CC(=O)O)CCC2(CO2)C1C1(C)OC1CC=C(C)C,0,1.0909090909090908,1.7272727272727273,2.303030303030303,16.636487850050916,9.679404748070402,2.7175102728931586,-2.4212737857386335,2.591862534826582,-2.55167894904025,5.8211772016674,-0.16619618259330599
O=C(Nc1ccc([N+](=O)[O-])cc1Cl)c1cc(Cl)ccc1O,0,1.1904761904761905,1.9047619047619047,2.5238095238095237,35.49678411075268,10.15189965205609,2.1504070037065746,-2.0830080362602774,2.281927128917454,-2.121228106088166,6.340161590368892,-0.38441930335315533
Cn1cc(CNCC2CCN(c3ncc(C(O)=NO)cn3)CC2)c2ccccc21,1,1.206896551724138,1.9310344827586208,2.6551724137931036,16.45529355320822,9.966757064566373,2.2076337737840683,-2.3165497594096083,2.2190890919585753,-2.3766464588135165,5.908122000097873,0.30253809223961636
CN1C(C(=O)Nc2ccccn2)C(=O)c2ccccc2S1(=O)=O,0,1.173913043478261,1.8695652173913044,2.5652173913043477,32.233427792610236,10.03032218299401,2.4477835354222366,-2.3033237826287687,2.2864394632054164,-2.5284494517771527,7.889970815303558,-0.11787237374150267
CN(C)CCc1c[nH]c2ccc(CC3COC(=O)N3)cc12,0,1.380952380952381,2.238095238095238,2.9523809523809526,16.559060745510788,10.02330240312246,2.2184696102897674,-2.094903802031985,2.214031815464307,-2.2762157160806495,5.835834794415314,0.1765226554738712
Nc1ncn(C2OC(CO)C(O)C2O)c(=O)n1,0,1.4705882352941178,2.176470588235294,2.7058823529411766,16.563082588799958,10.129409323196072,2.4336567998313896,-2.155752475238545,2.2714058877031253,-2.3597184942724834,5.096429327413398,-0.055401200032169515
C#C[C@]1(O)CC[C@H]2[C@@H]3CC=C4CC(=O)CCC4[C@H]3C(=C)C[C@@]21CC,0,1.4583333333333333,2.25,2.9583333333333335,16.28605813921557,9.485220065139705,2.635838891490222,-2.5580259808998123,2.662503128268413,-2.534996140453674,5.819177124408743,-0.12006720208863106
Cc1c(-c2ccnn2C)cc(C(=O)NCc2ccc(S(C)(=O)=O)cn2)c(=O)n1-c1cccc(C(F)(F)F)c1,0,1.105263157894737,1.8421052631578947,2.4210526315789473,32.22774740146181,10.051472082996767,2.308149952165772,-2.178131906195605,2.310810680882377,-2.3350306363666875,7.902998583957382,-0.13714256536168698
CN1CCC(=C2c3ccccc3CCc3sccc32)CC1,0,0.9047619047619048,1.7142857142857142,2.5714285714285716,32.13347379682897,9.876182480969337,2.2302094735030886,-2.267223506612274,2.396404041166951,-2.2650833203605627,7.097850111446713,0.31283737507798537
COc1cc(C(=O)OCCCCN=C(N)N)cc(OC)c1O,0,1.1818181818181819,1.7727272727272727,2.272727272727273,16.533964421916462,10.155492821170174,2.159269320601172,-2.1064893362954407,2.3670515377051426,-2.2251776658256603,5.907308388665207,0.04978475021610705
CC1(c2nc3c(C(N)=O)cccc3[nH]2)CCCN1,0,1.5,2.3333333333333335,3.0,16.146353537298836,9.998107371491821,2.3285498545496925,-2.205356481836292,2.2976451462992067,-2.338334117250644,6.035438504896809,0.10014454416543772
N#Cc1ccc(C(c2ccc(C#N)cc2)n2cncn2)cc1,0,0.8181818181818182,1.3181818181818181,1.6818181818181819,15.328155494265484,9.969860005963804,2.1664633238290816,-2.1791853030053416,2.2580243898873698,-2.125449441068239,5.39583662575202,0.5935799722710421
CC(Cn1cnc2c(N)ncnc21)OCP(=O)(O)O,0,1.4736842105263157,2.210526315789474,2.8947368421052633,31.190928597462047,10.373702214288093,2.1643460344584424,-2.1391890963730282,2.3396810985199794,-2.167840668665103,7.510393682034924,0.0764100714585668
NCCS,0,1.75,2.0,2.0,32.11686578916816,10.821959291844644,1.5567972423230774,-1.694168297922244,1.5826664455572257,-1.9721452961903052,7.797751344175505,1.1561911271814724
N=C(N)c1ccc(OCCCCCOc2ccc(C(=N)N)cc2)cc1,0,0.64,1.0,1.32,16.479811803381118,10.175179046165933,1.993954048305678,-2.0820166680728036,2.138142764747558,-2.1023892760081386,5.949285081095518,0.2791863089972581
COc1ccc(C=CC(=O)CC(=O)/C=C/c2ccc(OC)c(OC)c2)cc1OC,1,0.6551724137931034,1.0344827586206897,1.3793103448275863,16.512229085594353,10.095861063472576,2.0659358052463594,-2.071663079634484,2.284946223676127,-2.0154331214021246,6.10445854651916,-0.12139248499750141
CCCC(CCC)C(=O)O,0,1.3,1.7,1.9,16.366455873707064,9.988437140019897,2.1327298391200404,-2.0726526499281115,2.1220933568175253,-2.120813117644701,5.692965530989297,-0.1417604720869614
Cc1ccn(-c2cc(Cl)ccc2C(Oc2cc(-c3ccc(CC(N)C(=O)O)cc3)nc(N)n2)C(F)(F)F)n1,0,1.131578947368421,1.8421052631578947,2.4473684210526314,35.49569236810376,10.032853340063175,2.44716068950329,-2.238563305940586,2.3983333919028387,-2.3166390794976777,6.3033151142395365,-0.1982674605667386
Nc1nc(OCc2cc(Br)cs2)c2[nH]cnc2n1,0,1.4444444444444444,2.3333333333333335,3.111111111111111,79.91873110160631,10.464403491727127,2.0978953401306284,-2.0418186047122724,2.236584772045194,-2.0100863768977106,9.103189499113336,0.30077094100802804
O=C(NCC1CCCCN1)c1cc(OCC(F)(F)F)ccc1OCC(F)(F)F,0,1.0714285714285714,1.75,2.357142857142857,19.417185297443847,10.048938003891688,2.3040182512725558,-2.235334517444808,2.2752393519531573,-2.430675316822064,5.969577040166918,-0.15418003485565124
OC(CCN1CCCCC1)(c1ccccc1)c1ccccc1,0,0.7727272727272727,1.2727272727272727,1.7727272727272727,16.284154077625438,9.831002552921708,2.312686916273066,-2.33465719064647,2.328725764064995,-2.3639423504907335,5.353407426860268,0.05455317872435457
N=C(N)NN=Cc1c(Cl)cccc1Cl,1,1.4285714285714286,2.0,2.5,35.49683502887749,10.217354136037969,2.007527350203737,-1.9971765451700367,2.2134907258291534,-2.249461362987249,6.381511405659907,1.0019365171879695
CN1CCC(=C2c3ccccc3C=Cc3ccccc32)CC1,0,0.7272727272727273,1.2272727272727273,1.7727272727272727,15.087865172279194,9.859207385035848,2.204946710928863,-2.2712872630334022,2.3789866745536177,-2.265460904632667,5.944331157519137,0.3128370778331792
CC(C)n1c(=O)cc(N[C@@H](C)c2ccccc2)[nH]c1=O,0,1.1,1.75,2.3,16.159880345979442,10.09932184863651,2.095700437135495,-2.159296053449077,2.1529497165690037,-2.360506546335825,5.361618178578158,0.5459680724263766
CC(C)(C(=O)O)c1ccc(C(O)CCCN2CCC(C(O)(c3ccccc3)c3ccccc3)CC2)cc1,0,0.8648648648648649,1.3783783783783783,1.864864864864865,16.36800384873109,9.717897709798047,2.409753951883989,-2.420844580019629,2.4155354640750497,-2.4406350384893636,5.797505794081431,-0.14201316424628802
CC12C=CC(=O)C=C1CCC1C3CC(O)C(O)(C(=O)CO)C3(C)CC(O)C12F,0,1.25,1.9285714285714286,2.5714285714285716,19.147660927107086,9.443795392776956,2.7569598911094033,-2.620153236680409,2.691829810963063,-2.6938870503435166,6.009371328520449,-0.2217629546933962
Nc1nc(=O)c2c([nH]1)NCC(CNc1ccc(C(=O)NC(CCC(=O)O)C(=O)O)cc1)N2C=O,1,1.2647058823529411,1.9705882352941178,2.588235294117647,16.37151211257281,10.102977450381735,2.2928933070304676,-2.338087319449786,2.2493998964654307,-2.495052537691622,5.965468054328491,-0.14012936876620138
Nc1ccccc1NC(=O)c1ccc(CNc2nccc(-c3cccnc3)n2)cc1,0,0.9333333333333333,1.7666666666666666,2.533333333333333,16.149184816235916,10.113739902704964,2.0799370517020654,-2.0916248700830455,2.1854116726621924,-2.1292486066939507,6.052317565351145,0.10221103295799108
NC(=O)/C(=C/n1cnc(-c2cc(C(F)(F)F)cc(C(F)(F)F)c2)n1)c1cncnc1,1,0.9666666666666667,1.5333333333333334,2.033333333333333,19.417118581605493,10.043439081905895,2.368796158760877,-2.12598019265554,2.3756755406061303,-2.137820830139858,6.215569515430114,-0.1425830140886001
CCC1C(=O)N(C)c2cnc(Nc3ccc(C(=O)NC4CCN(C)CC4)cc3OC)nc2N1C1CCCC1,1,1.131578947368421,1.868421052631579,2.5526315789473686,16.46646184325416,10.033116093520983,2.408064679191315,-2.4310322533616677,2.400049398242444,-2.552242827737755,6.0412667222516765,-0.11970938508532551
CCCSc1nc(NC2CC2c2ccc(F)c(F)c2)c2nnn(C3CC(OCCO)C(O)C3O)c2n1,0,1.1666666666666667,2.0,2.75,32.1665554012417,10.113506359235386,2.4483233376043123,-2.168458656204433,2.4371048807212485,-2.330199659094292,7.986692621148862,-0.06291773560433196
C[C@]12CCC(=O)C=C1CC[C@@H]1C2C(=O)C[C@@]2(C)[C@H]1CC[C@]2(O)C(=O)CO,0,1.1923076923076923,1.9230769230769231,2.6153846153846154,16.31478959833097,9.455675394149992,2.6781042090970253,-2.5727126877730013,2.6608513258072,-2.6048534370793064,5.941423114284865,-0.1700477432982204
CNC(=O)c1cc(Oc2ccc(NC(=O)Nc3ccc(Cl)c(C(F)(F)F)c3)cc2)ccn1,0,0.9375,1.59375,2.25,35.49569230196616,10.164254358533524,2.3302202669852887,-2.1243651775003536,2.3579703090037816,-2.1948671769621626,6.311335678872343,-0.136996741742562
CCCc1cc(=O)[nH]c(=S)[nH]1,1,1.5454545454545454,2.272727272727273,2.8181818181818183,32.09199832123403,10.238300488571348,1.911615569938611,-1.952339652460717,1.9272138774706584,-2.0755464660488028,7.709714174653017,0.8606379678424245
Cc1[nH]c(=O)c(C#N)cc1-c1ccc2nccn2c1,0,1.4210526315789473,2.263157894736842,3.0526315789473686,16.138149440855557,10.045915326642861,2.0785659194993156,-2.065290810189179,2.2176618102161503,-2.115381786323395,5.6754712481877485,1.1225403692353095
O=C1C(O)c2c(O)cc(O)cc2OC1c1cc(O)c(O)c(O)c1,0,0.8695652173913043,1.4782608695652173,2.0869565217391304,16.501275168353295,9.923356805377384,2.3905092069468585,-2.2891438766627212,2.463002003934909,-2.2960611646211824,5.923752343801167,-0.1368757347083114
Cc1[nH]c(=O)c(C#N)cc1-c1ccncc1,0,1.375,2.0625,2.6875,16.138143524577,10.0422984906171,2.061531763048803,-2.0478984987902953,2.1996418971856637,-2.1140018688229305,5.659963346065622,1.1299011768101122
CC1(O)CC(c2nc(-c3ccc4ccc(-c5ccccc5)nc4c3)c3c(N)nccn23)C1,1,1.0,1.78125,2.5625,16.284617777579452,9.716070778416821,2.413600992251951,-2.396180598217578,2.4502864481881903,-2.395205622602496,5.909791363427441,-0.033485201733978155
COCc1c(-c2ccc(NC(=O)Nc3cc(C(F)(F)F)ccc3F)c(F)c2)c2c(N)ncnn2c1CN1CCOCC1,1,1.0714285714285714,1.8095238095238095,2.5,19.41323512445106,10.000428829323166,2.3127299335139155,-2.2634212969871332,2.3759130742500125,-2.358876100658202,6.001218561027442,-0.1371264488873345
Cc1c(O)cccc1C(=O)NC(CSc1ccccc1)C(O)CN1CC2CCCCC2CC1C(=O)NC(C)(C)C,0,1.05,1.75,2.45,32.16653727060221,9.723120993858624,2.414210627736594,-2.4661336191109755,2.3865475315214124,-2.600418225996105,7.9894963187935675,-0.1321500214865086
C[C@]12CC[C@@H](O)C[C@@H]1CC[C@@H]1[C@@H]2CC[C@]2(C)C(=O)CC[C@@H]12,0,1.0,1.8095238095238095,2.619047619047619,16.266016892143064,9.449784542706837,2.5953008549275594,-2.595844221128141,2.6487323383905723,-2.5352348633347437,5.866938348851111,-0.14188124259092938
NCCc1c[nH]cn1,0,1.75,2.625,3.125,14.853818758737651,10.337598842205727,1.8742370781385074,-1.8452208086247583,1.8770821358832845,-2.017760959566233,4.933366757679261,0.9348880207504361
CC(N)C(=O)NC(Cc1ccc2ccccc2c1)C(=O)NC(Cc1c[nH]c2ccccc12)C(=O)NC(Cc1ccccc1)C(=O)NC(CCCCN)C(N)=O,0,0.6181818181818182,1.1818181818181819,1.8363636363636364,16.168858406786253,9.98869615156478,2.3207773064847017,-2.265683250564086,2.2046401976235566,-2.593517914734812,5.964440710337081,-0.13404326860907712
O=c1[nH]c(=O)n(C2CC(O)C(CO)O2)cc1C(F)(F)F,0,1.45,2.1,2.6,19.41318763429708,10.166956123395801,2.3827630400064472,-2.1550452496711894,2.295077422791105,-2.3618672589494376,5.090763463760534,-0.13927636180126834
COCC1=C(C(=O)OC(C)OC(=O)OC(C)C)N2C(=O)C(=NC(=O)C(NOC)c3csc(N)n3)[C@H]2SC1,0,1.2432432432432432,1.972972972972973,2.5675675675675675,32.16668095959425,10.055978175985123,2.5198023762254853,-2.444787771250032,2.392700654641581,-2.626230735470922,8.006950287131067,-0.16668102777483199
Cc1ccccc1N1C(=O)c2cc(S(N)(=O)=O)c(Cl)cc2NC1C,1,1.25,1.9166666666666667,2.5416666666666665,35.49569372431103,10.052240112143773,2.3269724206089824,-2.3650806091174026,2.3495297222625586,-2.473629832116381,7.888868136559709,0.09764766008969569
CC1CC2C3CC=C4CC(=O)C=CC4(C)C3(F)C(O)CC2(C)C1(O)C(=O)COP(=O)(O)O,0,1.3125,1.96875,2.59375,31.204462799739783,9.449879671353738,2.7487675539180576,-2.6155463760229187,2.6978734968525955,-2.6875574919642338,7.458666471098122,-0.21454656892383409
CCC(C)C(=O)OC1CCC=C2C=CC(C)C(CCC3CC(O)CC(=O)O3)C21,0,1.3928571428571428,2.1785714285714284,2.892857142857143,16.54984595151792,9.662957167267448,2.404596011680556,-2.42005593558626,2.4379684239378134,-2.404993862887027,5.719200183179324,-0.16181507977032059
CNC(=O)C(Cc1c[nH]c2ccccc12)NC(=O)C(CC(O)=NO)CC(C)C,1,1.2142857142857142,1.9285714285714286,2.5714285714285716,16.455249386360776,9.922335934939406,2.2742758413019257,-2.2216946630577805,2.2033292035907683,-2.488094800763989,5.910761285734369,-0.13072281081701065
O=c1ccn([C@@H]2O[C@H](COP(=O)(O)OP(=O)(O)OP(=O)(O)O)[C@@H](O)[C@H]2O)c(=O)[nH]1,0,1.0344827586206897,1.6551724137931034,2.206896551724138,31.298089940522896,10.12833128812099,2.4627524283184323,-2.187403004476109,2.6589019152786952,-2.3721869861138467,7.661511868839146,-0.05419518932740514
N=C(N)NCCCC(N)C(=O)NC(CCCN=C(N)N)C(=O)N1CCCC1C(=O)N1C[C@H](O)CC1C(=O)NCC(=O)NC(Cc1cccs1)C(=O)NC(CO)C(=O)N1Cc2ccccc2CC1C(=O)N1C(C(=O)NC(CCCN=C(N)N)C(=O)O)C[C@@H]2CCCC[C@@H]21,0,0.6630434782608695,1.3369565217391304,2.0,32.13347844453391,9.841735835194132,2.5192829212980046,-2.4216634061231317,2.413788441277325,-2.62593048188087,7.094646080155166,-0.15335986613223052
CCOC(=O)C(CCc1ccccc1)NC(C)C(=O)N1C(=O)N(C)CC1C(=O)O,0,1.2758620689655173,1.9310344827586208,2.5172413793103448,16.533971375088473,10.041528487415214,2.4489437385389925,-2.2561161475880582,2.167480981225465,-2.5437228210285423,6.023565681206758,-0.14837425941389307
CCOc1cc(N)c(Cl)cc1C(=O)NCC1CN(Cc2ccc(F)cc2)CCO1,0,1.3793103448275863,2.1379310344827585,2.8620689655172415,35.49569210845831,10.127898819068045,2.223352049088904,-2.3266987330620283,2.2871068429235692,-2.4671507140360593,6.331488950723218,-0.029240151029123664
O=c1c(OC2OC(CO)C(O)C(O)C2O)c(-c2ccc(O)c(O)c2)oc2cc(O)cc(O)c12,0,0.8787878787878788,1.606060606060606,2.272727272727273,16.70794502328356,9.99126991765016,2.450516443871576,-2.3903614301238103,2.3886943996521373,-2.5977945750244933,5.87982769241742,-0.27722517841407307
O=C(NCCO[N+](=O)[O-])c1cccnc1,0,1.6666666666666667,2.466666666666667,3.066666666666667,16.94917415200623,10.255281614125341,2.0339260388620506,-2.0264200226879026,1.9366280443755608,-2.2745464438256677,5.932246598088396,-0.7567389830307255
CN1CCCC1CCOC(C)(c1ccccc1)c1ccc(Cl)cc1,0,1.0833333333333333,1.75,2.375,35.49569154371338,9.876295923603129,2.3036918033540714,-2.3209350616874804,2.341557249892182,-2.3104536314815816,6.300924794781851,-0.011671215110991699
O[C@@H]1CO[C@H]2[C@@H]1OC[C@@H]2O,0,0.9,1.3,1.7,16.602434465347983,10.116254236156715,2.4574549649999295,-2.089027853032629,2.2586387406308073,-2.304397058038399,4.93283812414068,0.0020538758498872267
CCC1(c2ccc(N)cc2)CCC(=O)NC1=O,0,1.2941176470588236,1.9411764705882353,2.4705882352941178,16.17153820726845,9.716871883392335,2.419540550671932,-2.344689225261036,2.354164677270655,-2.507116133558332,6.02964495880459,-0.137642431070539
Cc1ncc([N+](=O)[O-])n1CCOC(=O)c1ccccc1,0,1.4,2.1,2.75,16.630501557297553,10.211596454426365,2.1717336296694167,-2.0489421707580098,2.1286101853071826,-2.133291981629625,5.887319485316898,-0.3918364486797095
CCc1ccc(C(=O)COc2ccc(Cc3sc(=O)[nH]c3O)cc2)nc1,0,1.1923076923076923,1.9230769230769231,2.5,32.13353605015592,10.123788416921968,2.0976539773547374,-2.065963305939236,2.2141310295379206,-2.1276946182739103,7.090726634173201,0.09162360659643386
CCCCOc1nc(N)c2c(n1)N(Cc1cccc(CN3CCCC3)c1)CC(=O)N2,1,1.1666666666666667,1.9333333333333333,2.7,16.49195044817331,10.095745229404313,2.2723246943155715,-2.3011050723379385,2.3393355829961475,-2.387067719301122,6.025748813473317,-0.11473444498045586
C=C[C@]1(C)C[C@@H](OC(=O)CSC(C)(C)CNC(=O)C(N)C(C)C)[C@]2(C)[C@H](C)CC[C@]3(CCC(=O)[C@H]32)[C@@H](C)[C@@H]1O,1,1.2820512820512822,1.9230769230769231,2.5128205128205128,32.16674903127602,9.435868802052402,2.67821765904012,-2.6142126020507455,2.675339573605261,-2.627101718346978,8.007959770330471,-0.20491113597189287
COc1ccc(-c2ccc3cc(C(=O)O)ccc3c2)cc1C12CC3CC(CC(C3)C1)C2,1,0.8387096774193549,1.4193548387096775,2.064516129032258,16.46596596869122,9.476218541556147,2.520454795832685,-2.569026198127639,2.616746402428907,-2.48210442861893,5.953447013773847,-0.006131772992394583
O=C(CCc1ccc(O)cc1)c1c(O)cc(O)cc1OC1OC(CO)C(O)C(O)C1O,0,0.9354838709677419,1.6129032258064515,2.2580645161290325,16.705907338391373,9.985498462646298,2.447129331850619,-2.3927363874462504,2.35921912776041,-2.596274853185463,6.011713287593859,-0.27711289515919313
CN(C)CCCN1c2ccccc2Sc2ccc(Cl)cc21,0,1.0476190476190477,1.8095238095238095,2.619047619047619,35.495691726739324,10.174862677663207,2.2241997898206933,-2.3283288852105017,2.4811491281815785,-2.2486457719493744,7.993773600916317,0.4021486092750615
O=C1NCC2(CCN(CCc3ccccc3)CC2)O1,0,1.2105263157894737,1.9473684210526316,2.5789473684210527,16.58005569867784,9.91303244550276,2.4203572477709665,-2.366531575047242,2.2862261018758265,-2.4655624751989307,5.697696231215039,0.0012291315991991097
CCOc1ccc(NC(C)=O)cc1,1,1.3846153846153846,2.0,2.4615384615384617,16.476037188622787,10.2755678939825,1.9495626039418545,-2.0417641409609613,2.146300427167291,-2.0480649998586262,5.881091893908425,-0.1137356013463373
CN(C)CCC[C@]1(c2ccc(F)cc2)OCc2cc(C#N)ccc21,1,1.2083333333333333,1.9583333333333333,2.625,19.14214331715539,9.813481569168353,2.4089585720653814,-2.308290620349742,2.451029144890413,-2.283202890529862,5.474587311082876,-0.01395637277142715
CCCCC(=O)N(Cc1ccc(-c2ccccc2-c2nn[nH]n2)cc1)C(C(=O)O)C(C)C,0,1.0625,1.75,2.3125,16.368934823326583,9.971136996834032,2.3156508295057545,-2.315410547926403,2.297806128904518,-2.471462040204937,5.838397517795683,-0.15255934587128234
C=c1c(N)c(O)c2c(c1O)N1C[C@@H]3N[C@@H]3[C@]1(OC)C=2COC(N)=O,1,1.5,2.2083333333333335,2.8333333333333335,16.55083890400707,9.991969896574039,2.678726193337254,-2.372033033100171,2.51229958044588,-2.5191001082353828,5.871291646660147,0.04198713172755667
Cc1c(C(=O)Nc2ccc(N3CC(C)OC(C)C3)nc2)cccc1-c1ccc(OC(F)(F)F)cc1,1,1.0571428571428572,1.7428571428571429,2.342857142857143,19.422452937025483,9.957489097695165,2.3065159157941784,-2.356096930299454,2.2973739271084748,-2.453599978442943,6.058595921736487,-0.27419152577297434
CC(C)CC1C(=O)OC(Cc2ccc(N3CCOCC3)cc2)C(=O)N(C)C(CC(C)C)C(=O)OC(C)C(=O)N(C)C(CC(C)C)C(=O)OC(Cc2ccc(N3CCOCC3)cc2)C(=O)N(C)C(CC(C)C)C(=O)OC(C)C(=O)N1C,1,0.3875,0.6375,0.9,16.568070892613996,9.995105785683876,2.42834266174684,-2.3525300295452363,2.2616582554967963,-2.5452581883217675,5.942214291801398,-0.17599590492119657
Cc1cc2c(cc1CC(=O)c1sccc1S(=O)(=O)Nc1onc(C)c1Cl)OCO2,0,1.2758620689655173,2.0,2.689655172413793,35.495693160793714,10.016288384278884,2.272386368350059,-2.0857348917601124,2.3554226699158987,-2.157051777388821,7.925491765478963,0.09935096051317308
C[C@H]1CO[C@@H]2Cn3cc(C(=O)NCc4ccc(F)cc4F)c(=O)c(O)c3C(=O)N12,0,1.3448275862068966,2.103448275862069,2.8275862068965516,19.145464089538223,10.103532237730665,2.423830189351786,-2.332115869726692,2.289151112650359,-2.485957044910645,5.988994331398597,0.006243448374978272
NC(Cc1c[nH]c2ccc(O)cc12)C(=O)O,0,1.5,2.25,2.9375,16.367603650504897,10.05707970325334,2.143405537507245,-2.042782811324888,2.2306979821187265,-2.3161385942031227,5.851364532628074,-0.1379893696869472
CC1CCOC2Cn3cc(C(=O)NCc4ccc(F)cc4F)c(=O)c(O)c3C(=O)N12,0,1.3333333333333333,2.1,2.8333333333333335,19.145464621440944,10.063772708136973,2.4052171614384483,-2.4373567951853525,2.28724773879082,-2.565696118482593,5.988426562512213,-0.11178698162606526
CCOc1nc2cccc(C(=O)OCc3oc(=O)oc3C)c2n1Cc1ccc(-c2ccccc2-c2nc(=O)o[nH]2)cc1,0,0.9523809523809523,1.7380952380952381,2.4285714285714284,16.57995855217162,9.980363668141662,2.2150879535072026,-2.1250842914599466,2.310947648702252,-2.101880358967658,6.021321596189448,0.04444789098028125
CC(C)(C)C(=O)Oc1ccc(S(=O)(=O)Nc2ccccc2C(=O)NCC(=O)O)cc1,0,1.0,1.6,2.1666666666666665,32.233272038731606,9.973690317194627,2.2405550012213764,-2.162663419558362,2.2345822897529732,-2.2975919531010227,7.923401506177886,-0.142609179554323
COc1cc2c(cc1OC)C13CCN4CC5=CCOC6CC(=O)N2C1C6C5CC43,0,1.206896551724138,2.0344827586206895,2.8620689655172415,16.508622650403552,9.53282240715574,2.707121079790776,-2.583411710359456,2.661224457005972,-2.687705105961706,5.994327705692549,-0.13190638347198677
C[C@]1(COc2ccc(N3CCC(Oc4ccc(OC(F)(F)F)cc4)CC3)cc2)Cn2cc([N+](=O)[O-])nc2O1,0,1.0789473684210527,1.7105263157894737,2.3157894736842106,19.422459986094488,10.06744586741078,2.407647252847389,-2.3348963393497475,2.3212565245923695,-2.383061813013845,5.491447472303246,-0.38906190466889257
Cc1ncc([N+](=O)[O-])n1CCO,1,1.8333333333333333,2.5,3.0,16.630262510960268,10.562928593516476,2.152011127459893,-1.981668147592207,2.1181933303125815,-2.070075066573735,5.179812928339299,-0.39184077908585596
CCCCc1c(O)n(-c2ccccc2)n(-c2ccccc2)c1=O,1,0.8695652173913043,1.391304347826087,1.9130434782608696,16.27491026140254,10.138914883386127,2.2053564256376688,-2.1189576732965185,2.2360787548827177,-2.2121160747100785,5.427453335035324,0.41965109366100367
COC(=O)C1=C(C)N=C(C)C(C(=O)OCC(C)C)C1c1ccccc1[N+](=O)[O-],0,1.25,1.8928571428571428,2.4642857142857144,16.628638991954677,9.748087458865326,2.4422394947764916,-2.3084240099797384,2.4270196925893455,-2.3670289663246398,6.067239237020051,-0.3852901065877852
CC1(C)CC(O)CC(C)(C)N1[O],0,1.1666666666666667,1.5,1.8333333333333333,16.507721441021165,9.802605019159788,2.449960650201471,-2.4804510097994936,2.3614137107400732,-2.5897140804845553,4.952285336225174,-0.29793799855039294
CCCOc1ccc(S(=O)(=O)NCCC2CCCN2C)cc1-c1nc(=O)c2c([nH]1)c(CCC)nn2C,0,1.2222222222222223,2.0277777777777777,2.7222222222222223,32.23327216800661,10.142665228370499,2.2333461189052537,-2.1908833621549215,2.3111332126486532,-2.314268924452645,7.891139823852092,0.29710685362364414
CC1CN(c2c(F)c(N)c3c(=O)c(C(=O)O)cn(C4CC4)c3c2F)CC(C)N1,0,1.2142857142857142,1.8214285714285714,2.357142857142857,19.14564337920112,10.041909147227258,2.3382919409443685,-2.378556735406228,2.413865165950741,-2.5440802793007973,5.994184373442842,0.06945154811731187
CC1(C)C2CCC1(C)C(O)C2,0,1.2727272727272727,1.9090909090909092,2.090909090909091,16.269326055618336,9.69863943014194,2.603256498984946,-2.362037715222968,2.6475384489843417,-2.347143024730439,5.097907572055039,0.012640199639413001
NC(=O)c1cccc(N)c1,0,1.4,2.1,2.5,16.146266003460926,10.1765999030643,1.9670401548242364,-1.9426405218927523,2.0401647502681204,-2.1023979837753473,5.9303906484899045,0.10001016437754916
COc1ccc(C(=O)CC(=O)c2ccc(C(C)(C)C)cc2)cc1,0,0.8260869565217391,1.2608695652173914,1.6521739130434783,16.46529011025882,9.860448971021642,2.163146299987121,-2.18472545999623,2.2243625420661726,-2.1209216326936127,6.130575579613935,0.08939801080783644
COC(=O)N(C)c1c(N)nc(-c2nn(Cc3ccccc3F)c3ncccc23)nc1N,0,1.1612903225806452,1.8709677419354838,2.5483870967741935,19.142194373124322,10.184112442334662,2.2287912668101346,-2.181894537006454,2.3175964689354966,-2.280581093563437,5.955252161121061,0.17999151763433835
COc1cc2c(cc1O)CC1c3cc(O)c(OC)cc3CC[N+]1(C)C2,1,0.92,1.56,2.24,16.477056823918808,9.814137719369558,2.432675332427811,-2.4853418756222836,2.4664636455074693,-2.5297395416362156,5.506508335054809,-0.9556773380912194
C[C@H](O)[C@H](O)[C@H]1CNc2[nH]c(N)nc(=O)c2N1,1,1.5294117647058822,2.235294117647059,2.8823529411764706,16.328176628230576,10.048289723629525,2.285731825440319,-2.3122112650900184,2.2101061116704277,-2.4831133257247218,5.667924391243691,0.02136429877532976
CCOC(=O)C(CCc1ccccc1)NC1CCc2ccccc2N(CC(=O)O)C1=O,0,1.1612903225806452,1.8709677419354838,2.5806451612903225,16.533937877513576,10.019005177610241,2.3398338157498206,-2.270837766674091,2.2692748287246967,-2.5267351496470725,6.015778976761826,-0.1460495072618151
CC(=O)c1ccc2c(c1)c1cc(C(C)=O)ccc1n2CCNC(C)C,1,0.92,1.4,1.8,16.139117733357097,10.04428713005346,2.136100234941728,-2.1097319482601873,2.3057014119860946,-2.2612414886993957,6.122354766932263,0.10046709369108366
CCCNC(=O)Nc1ccc(Oc2ncnc3cc(OC)c(OC)cc23)cc1Cl,0,1.103448275862069,1.8620689655172413,2.5517241379310347,35.495692106155126,10.183111421601327,2.1328934499986905,-2.1248683426126824,2.363103101944743,-2.2876506862924595,6.334065872282837,0.25184710403657834
CCOC(=O)c1ccc(C#Cc2ccc3c(c2)C(C)(C)CCS3)nc1,0,1.28,2.12,2.84,32.1665365087876,9.809596313424265,2.2717641555212404,-2.316158572440492,2.4108870280723376,-2.222026629354261,7.989947653724452,0.05256237815413022
CCOC(=O)C(N)CCC(=O)NC(CSCc1ccccc1)C(=O)NC(C(=O)OCC)c1ccccc1,0,0.8648648648648649,1.4594594594594594,2.081081081081081,32.166493268398014,10.066606819115204,2.287981054252297,-2.227853671346278,2.169707528420715,-2.5023394154453946,7.981199273246034,-0.14748454916952924
CCCC(=O)OC1(C(=O)COC(C)=O)CCC2C3CC(F)C4=CC(=O)C=CC4(C)C3(F)C(O)CC21C,0,1.2222222222222223,1.9166666666666667,2.5555555555555554,19.14885563027838,9.440384533181115,2.760889838282826,-2.627031524124327,2.7023745243371495,-2.703756009634882,6.011616553034455,-0.22896233739440494
Nc1ccn([C@H]2C[C@H](O)[C@@H](CO)O2)c(=O)n1,0,1.6875,2.4375,3.0,16.542625717242398,10.16987326203475,2.3431016964024236,-2.133862672378133,2.2658052494208585,-2.274689236988253,5.230836415473942,-0.04581252884378898
Cc1cc(C(C)(C)C)cc(C)c1CC1=NCCN1,1,1.1666666666666667,1.7777777777777777,2.2222222222222223,15.05720690451694,9.830890211178529,2.1698206285183113,-2.221054640552961,2.267850474956979,-2.2150391190632397,5.858296543261896,0.5885634798691107
c1ccc2c(CCNc3ccc(Nc4ccncc4)cc3)c[nH]c2c1,1,0.8,1.52,2.36,14.88853317413506,10.114417882544817,2.021863301392279,-2.089067291659453,2.1982781977158816,-2.040254647451044,5.826173513494309,1.0288743814651198
CCCNC(C)C(=O)Nc1ccccc1C,0,1.375,2.0625,2.6875,16.150696353776738,10.164562587175267,2.114961331788947,-2.1407484787667634,2.1260496789938204,-2.379866061041203,5.946350788306706,-0.11729900161824801
CC1=C2N=C(C=C3N=C(C(C)=C4NC(C(CC(N)=O)C4(C)CCC(=O)NCC(C)OP(=O)(O)OC4C(CO)OC(n5cnc6cc(C)c(C)cc65)C4O)C4(C)N=C1C(CCC(N)=O)C4(C)CC(N)=O)C(CCC(N)=O)C3(C)C)C(CCC(N)=O)C2(C)CC(N)=O,0,0.7777777777777778,1.3777777777777778,1.9666666666666666,31.204702425469335,9.55826755135953,2.6656830145051207,-2.481016479573729,2.6263895914855953,-2.585555383409406,7.469992728352063,-0.12403470350759621
COc1cc(F)c(F)c(Nc2ccc(I)cc2F)c1NS(=O)(=O)C1(CC(O)CO)CC1,0,1.1935483870967742,1.8709677419354838,2.4193548387096775,126.912704486024,10.167208750733318,2.554047277489627,-2.2301495631542094,2.493944527496803,-2.3432735263593374,14.111918607901062,0.08580064747384562
O=C(NCCCCCCC(O)=NO)c1cnc(N(c2ccccc2)c2ccccc2)nc1,1,0.875,1.4375,2.0,16.45517782389508,10.13347426693466,2.1523673995896013,-2.22419511197891,2.306543685699281,-2.2472076666899463,5.932900433044495,0.09519389444899451
CC(C(=O)O)c1ccc2c(c1)CC(=O)c1ccccc1S2,0,1.1904761904761905,1.9523809523809523,2.7142857142857144,32.16658026687338,9.95991382624402,2.216900914359068,-2.1061575667758694,2.3752650595533704,-2.0855897703120125,7.991487484633805,-0.1378647618173657
C=C1CCC(O)CC1=CC=C1CCCC2(C)C1CCC2C(C)CCCC(C)(C)O,0,1.206896551724138,1.9655172413793103,2.689655172413793,16.281253481059586,9.604256980273137,2.499549452439464,-2.4422767411222686,2.5950517321259996,-2.356574897843912,5.358475081473323,0.05964676511744156
CN(C)C/C=C/C(=O)Nc1ccc(C(=O)N2CCC[C@@H](Nc3ncc(Cl)c(-c4c[nH]c5ccccc45)n3)C2)cc1,1,1.175,1.975,2.775,35.495692670877816,10.041636261829003,2.252394442024617,-2.3296937368415565,2.3217897028434185,-2.449205842452017,6.329010723906644,-0.1114723030066429
CC(CCC(=O)O)C1CCC2C3CCC4CC(O)CCC4(C)C3CC(O)C12C,0,1.0357142857142858,1.7857142857142858,2.5,16.36528994697212,9.434340285988341,2.6318976549959703,-2.620921829391298,2.679054959993558,-2.5840078945209926,5.661091436056795,-0.17459656567745235
CNC(=O)OC1COc2ccc(N3CCN(C4COC4)CC3)cc2C1NC(=O)c1ccc(F)cc1,0,1.0285714285714285,1.7714285714285714,2.4285714285714284,19.14214859947078,9.960619559547661,2.3610805492726468,-2.4314467291763586,2.3681527034364365,-2.5626719435442777,5.941703822971994,-0.06602240716497776
CC(=O)O[C@H]1Cc2ccccc2N(C(N)=O)c2ccccc21,0,1.0909090909090908,1.7272727272727273,2.409090909090909,16.542316884786743,10.012254536603225,2.2994982881518204,-2.227480392777798,2.4066268455455786,-2.317114361104863,6.001027334686172,-0.14613330684995932
C[C@H]1COc2c(N3CCN(C)CC3)c(F)cc3c(=O)c(C(=O)O)cn1c23,1,1.3076923076923077,2.0,2.6538461538461537,19.14222037784276,10.052547816243719,2.303971358738993,-2.3658502773636156,2.4150259441476183,-2.448220383518268,5.968800079492731,0.06940102819097269
CCn1cc(C(=O)O)c(=O)c2ccc(C)nc21,1,1.4705882352941178,2.176470588235294,2.764705882352941,16.3662062455948,10.155716134305775,2.1396686472062973,-2.087686383548216,2.1026612529036006,-2.1896696534828974,5.912009278466026,0.06945906034957312
C[C@@H]1CC[C@@]2(NC1)O[C@H]1C[C@H]3[C@@H]4CC=C5C[C@@H](O[C@@H]6O[C@H](CO)[C@@H](O[C@@H]7O[C@@H](C)[C@H](O)[C@@H](O)[C@H]7O)[C@H](O)[C@H]6O[C@@H]6O[C@@H](C)[C@H](O)[C@@H](O)[C@H]6O)CC[C@]5(C)[C@H]4CC[C@]3(C)[C@H]1[C@@H]2C,1,0.7049180327868853,1.360655737704918,1.9836065573770492,16.769034510202914,9.465061551332605,2.68118916703864,-2.5856368813073067,2.700440670156627,-2.6629822296269277,5.26474277896401,-0.38833811086835834
COc1c(N2CCNC(C)C2)c(F)cc2c(=O)c(C(=O)O)cn(C3CC3)c12,0,1.4074074074074074,2.1481481481481484,2.740740740740741,19.142220550770894,10.06747224576897,2.3151721503803016,-2.3465414083175973,2.432861377372811,-2.4925744126045974,5.9672287941826285,0.06945149615114864
N=C(N)NC(=O)c1nc(Cl)c(N)nc1N,1,1.3333333333333333,1.9333333333333333,2.466666666666667,35.49569647612946,10.355619507884446,2.154472946115716,-2.052363105739076,2.163857145304305,-2.363160599126396,6.313903765449696,0.09720858326402945
Cc1c(OCC(F)(F)F)ccnc1C[S+]([O-])c1nc2ccccc2[nH]1,0,1.24,2.0,2.72,32.22788276740322,10.192365047516128,2.2883855448774044,-2.1358482061763353,2.252793758458623,-2.196721980796748,7.90023735331338,-0.15309280261561398
CCCC1CC(C(=O)NC(C(C)Cl)C2OC(SC)C(O)C(O)C2O)N(C)C1,0,1.3333333333333333,2.0,2.5555555555555554,35.49574543187554,9.92432400466201,2.4803490094350598,-2.436722434381365,2.307969255060366,-2.646830602208538,7.986428886294419,-0.20472532401996887
Cn1c(Nc2ccc(C(F)(F)F)cc2)nc2cc(Oc3ccnc(-c4nc(C(F)(F)F)c[nH]4)c3)ccc21,0,0.8648648648648649,1.5945945945945945,2.27027027027027,19.41706214333847,10.175440075047621,2.336689202381817,-2.0904073034900144,2.326436239451063,-2.0466117886671507,5.808353712435398,-0.14057031347909016
N#Cc1c(Oc2ccc(F)c(NC(=O)Cc3cccc(C(F)(F)F)c3)c2)ccc2nc(NC(=O)C3CC3)sc12,0,1.1025641025641026,1.8974358974358974,2.6153846153846154,32.13355035422483,10.07569172435584,2.3095343245828333,-2.1174987242698498,2.376609774318716,-2.157416998710529,7.221845753645459,-0.13731963893562346
COC(=O)Nc1nc2cc(C(=O)c3ccccc3)ccc2[nH]1,1,1.0909090909090908,1.8636363636363635,2.590909090909091,16.538184384974127,10.03081723854961,2.1158251274514246,-2.000747634768696,2.1820770624694283,-2.1129243494757453,6.098942467676113,0.10340493717843066
CC1COc2c(N3CCN(C)CC3)c(F)cc3c(=O)c(C(=O)O)cn1c23,0,1.3076923076923077,2.0,2.6538461538461537,19.14222037784276,10.052547816243719,2.303971358738993,-2.3658502773636156,2.4150259441476183,-2.448220383518268,5.968800079492731,0.06940102819097269
O=C1O[C@H]2[C@@H]3OC(=O)c4cc(O)c(O)c(O)c4-c4c(O)c(O)c5oc(=O)c6c(c(O)c(O)c7oc(=O)c4c5c76)-c4c(cc(O)c(O)c4O)C(=O)OC[C@H]3OC(O)[C@@H]2OC(=O)c2cc(O)c(O)c(O)c2-c2c1cc(O)c(O)c2O,0,0.34615384615384615,0.6538461538461539,1.0256410256410255,16.6972992565307,9.875003524670117,2.541626645581128,-2.428583164047412,2.58855651434006,-2.6226515953316887,6.291190896626291,-0.2837532416226662
C=C[C@H]1C[C@]1(NC(=O)C1C[C@@H]2CN1C(=O)C(C(C)(C)C)NC(=O)O[C@@H]1C[C@H]1CCCCCc1nc3ccc(OC)cc3nc1O2)C(=O)NS(=O)(=O)C1CC1,0,1.0740740740740742,1.8518518518518519,2.537037037037037,32.23336936077068,9.853974818036,2.6180509510330503,-2.349936703320868,2.455960665358256,-2.59834748499935,7.9050324458336405,-0.1424802865769797
CN(C)C(=O)NC1CCC(CCN2CCN(c3cccc(Cl)c3Cl)CC2)CC1,0,1.1071428571428572,1.7857142857142858,2.4285714285714284,35.498262664782715,9.83768726332892,2.2442994751663163,-2.3738024460684044,2.3285166998261184,-2.468912467258364,6.432603226391716,0.19427528632129165
Nc1nc(OCc2ccccc2)c2[nH]cnc2n1,0,1.1666666666666667,2.0,2.8333333333333335,16.485162580041216,10.222075901808601,2.090261357438566,-2.057456262662307,2.2006835308066908,-2.01740716081308,5.761069625247128,0.29734729095504914
CNC(=O)CN1CCC(Oc2cc3c(Nc4cccc(Cl)c4F)ncnc3cc2OC)CC1,0,1.2424242424242424,2.0303030303030303,2.757575757575758,35.49569239982017,10.077040413582857,2.2332642931125224,-2.3143345345489137,2.363942597160633,-2.4264377965598336,6.306015999575949,-0.12176108415787909
CNNCc1ccc(C(=O)NC(C)C)cc1,0,1.25,1.875,2.375,16.14926772370018,10.117304229261416,2.053728779674992,-2.0856460391734477,2.0393537517507987,-2.297649664503978,5.938372159619754,0.09428747428103144
COc1ccc2c(c1)c(CC(=O)OCC(=O)O)c(C)n2C(=O)c1ccc(Cl)cc1,0,1.103448275862069,1.793103448275862,2.413793103448276,35.49569184314753,10.080002041545407,2.223347882963364,-2.0792498691945456,2.306149784952927,-2.1612843218393993,6.302442250357838,-0.15411248808904185
Nc1ccn(C2CCC(CO)O2)c(=O)n1,0,1.6666666666666667,2.466666666666667,3.066666666666667,16.52650341389419,10.22401783897221,2.2599658406738565,-2.136399680707934,2.258893784715854,-2.272485620267865,5.230420465319726,-0.024495919078116574
NCC(CC(=O)O)c1ccc(Cl)cc1,0,1.4285714285714286,2.0,2.4285714285714284,35.495691037100464,9.960079403984288,2.1274317986535767,-2.1171363346788676,2.1992983631329137,-2.1563117150865905,6.3008697657052455,-0.13693951108016625
CC(=Cc1csc(C)n1)C1CC2OC2CCCC(C)C(O)C(C)C(=O)C(C)(C)C(O)CC(=O)O1,1,1.2058823529411764,1.911764705882353,2.5588235294117645,32.1334812608743,9.726719936015702,2.4404846441581123,-2.341170088657179,2.3609366337479454,-2.453764459347424,7.091970015737461,-0.1541106111298807
N#CN=C(N=c1cc[nH]cc1)NCCCCCCOc1ccc(Cl)cc1,0,1.0769230769230769,1.8076923076923077,2.5384615384615383,35.49569165467798,10.175578567061741,1.9721625416653255,-2.0656323641408383,2.1539514175533427,-2.2452420000592146,6.30107568605104,0.3044614592045585
COc1cc(CNC(=O)CCCCC=CC(C)C)ccc1O,0,1.3636363636363635,2.1363636363636362,2.8181818181818183,16.474030551965757,10.115388596972062,2.0448518614571958,-2.07905048210059,2.2557199155036494,-2.2178300141619216,5.753358247468132,-0.1208867158873739
NNc1nncc2ccccc12,0,1.25,2.0833333333333335,2.9166666666666665,15.292367089102902,10.175665404167173,1.980067958476283,-2.0074697485363573,2.1699584694603486,-2.0891872328538215,5.900450412121618,1.0386763045322178
CC(=O)Oc1ccc(/C=C/c2cc(OC(C)=O)cc(OC(C)=O)c2)cc1,0,0.6153846153846154,1.0384615384615385,1.5,16.546477352166857,10.114910319600483,2.05888702624431,-2.0697902562663586,2.2488390251754233,-2.041319922490762,5.7512920247773875,-0.13256551019037746
COc1ccc2c(O[C@@H]3CC4C(=O)N[C@]5(C(=O)NS(=O)(=O)C6CC6)C[C@@H]5/C=C\CCCCN(C)C(=O)C4C3)cc(-c3nc(C(C)C)cs3)nc2c1C,1,1.1153846153846154,1.8846153846153846,2.5961538461538463,32.233385963262094,9.925743900392579,2.618791096562646,-2.2637775204883868,2.472778561571077,-2.541033113613887,7.905038908027497,-0.1403758020525039
CN1C2CCC1CC(OC(c1ccccc1)c1ccccc1)C2,0,0.8260869565217391,1.3043478260869565,1.7826086956521738,16.498979656675992,9.974268906913705,2.392834211076017,-2.375054900934436,2.381300442264646,-2.4274779434132285,5.296053493418717,-0.042608387913857515
Nc1ncnc2nc(-c3ccc(N4CCOCC4)nc3)cc(-c3cccc(Br)c3)c12,0,0.9666666666666667,1.8333333333333333,2.6,79.91873128136234,10.001258494578222,2.155723676310491,-2.272998014008488,2.34294306149403,-2.361835887484164,9.103014602830221,0.12211433388920731
Cn1cc(-c2ccc3nnc(C(F)(F)c4ccc5ncccc5c4)n3n2)cn1,0,1.0357142857142858,1.9285714285714286,2.75,19.285338040503326,10.048992125909955,2.3984490932603175,-2.1486479318166207,2.3543542853046557,-2.20001559745844,5.788422257313421,0.030747106151010808
OCC1OC(c2ccc(Cl)c(Cc3ccc(OC4CCOC4)cc3)c2)C(O)C(O)C1O,0,1.0,1.7741935483870968,2.4516129032258065,35.49569220226197,9.898571918965903,2.4352270255886523,-2.3994769605516466,2.3418853134673636,-2.5476597575648174,6.309495771029562,-0.2313120542593948
CC1(C)S[C@@H]2C(NC(=O)C(N)c3ccccc3)C(=O)N2C1C(=O)OCOC(=O)C1N2C(=O)C[C@H]2S(=O)(=O)C1(C)C,0,1.05,1.65,2.25,32.22826910791194,9.95336692509501,2.6829673802646457,-2.4371493985743196,2.5099681877768734,-2.7077371318563186,8.013278541264235,-0.18085662564026234
O=C(NCCCNc1nc(Nc2cccc(NC(=O)N3CCCC3)c2)ncc1I)c1cccs1,0,1.088235294117647,1.911764705882353,2.7058823529411766,126.912704512283,10.252390144286162,2.1741218876357182,-2.1638912730758353,2.21606342291139,-2.3159237182704686,14.111963628539922,0.09573134632196312
CN(Cc1cc(Br)cc(Br)c1N)C1CCCCC1,0,1.2222222222222223,1.8888888888888888,2.5555555555555554,79.91976360133663,9.939733676973258,2.1865748506864877,-2.3119067748468654,2.3012919707345114,-2.3263672709488104,9.108393087975573,0.18458461192397374
Cc1cc(C#N)cc(C)c1Oc1nc(Nc2ccc(C#N)cc2)nc(N)c1Br,0,1.0,1.6071428571428572,2.1785714285714284,79.91873126162324,10.067856512770883,2.1550609616925027,-2.1437382590356493,2.3559936752996586,-2.0426520124095293,9.104109833033048,0.45253152527396995
CC(C)(F)CC(NC(c1ccc(-c2ccc(S(C)(=O)=O)cc2)cc1)C(F)(F)F)C(=O)NC1(C#N)CC1,0,1.0277777777777777,1.5277777777777777,1.9166666666666667,32.22774722096914,9.95979753178729,2.478552945680489,-2.3007968999594137,2.367313024014947,-2.529207813452091,7.903053357980603,-0.16130704283340366
CC(C)(C)NCC(O)COc1nsnc1N1CCOCC1,0,1.380952380952381,2.0952380952380953,2.761904761904762,32.14068250360465,10.102367689689988,2.205332599858665,-2.2672893868568256,2.2577480674421784,-2.421922911091918,6.991050422833855,0.097461445242087
CNC(=O)C(Cc1ccccc1)NC(=O)C(CC(C)C)C(CSc1cccs1)C(O)=NO,0,1.09375,1.8125,2.375,32.1945520375503,9.84695266561097,2.3506470074517916,-2.276293464814577,2.309622310346829,-2.5047893669577443,8.006772917491714,-0.13145447310477584
Oc1cc2cc(CCN3CCN(c4nsc5ccccc45)CC3)c(Cl)cc2[nH]1,0,1.1071428571428572,1.9285714285714286,2.7857142857142856,35.49569232884333,10.089789154460574,2.2040455172615157,-2.347105043725613,2.301214458570884,-2.466938919972397,7.1331252864470915,0.2605497637968925
COCCOc1cnc2ccn([C@H](C)c3nnc4c(F)cc(-c5cnn(C)c5)cn34)c(=O)c2c1,0,1.1176470588235294,1.9705882352941178,2.735294117647059,19.142209933143686,10.140209333408063,2.2030082509780056,-2.14882723142729,2.2473722368698485,-2.2471388385860043,5.780597485119458,0.14597433362501303
CC(O)C1C(=O)N2C(C(=O)O)=C(SC3CNC(C(=O)N(C)C)C3)C(C)C12,0,1.3846153846153846,2.0384615384615383,2.576923076923077,32.16668618335888,9.790028588602178,2.598097811477619,-2.4590174519167545,2.513201937018486,-2.631271002976116,8.03328249319714,-0.1626546995252228
CC(C)n1c(C=CC(O)CC(O)CC(=O)O)c(-c2ccc(F)cc2)c2ccccc21,0,1.1,1.7666666666666666,2.4,19.142145580680836,10.005651474115803,2.1914602827852443,-2.1475245843083983,2.3752395136694027,-2.1877664694655983,6.005376619809139,-0.13895134099467468
NS(=O)(=O)c1cc2c(cc1Cl)N=CNS2(=O)=O,0,1.3529411764705883,2.0,2.588235294117647,35.495693766331236,10.29859317294334,2.2526635661195344,-2.1317042020794927,2.3323795065246515,-2.2521258996414972,7.903303025067411,0.591472465224872
Cn1cc(-c2[nH]c3cc(NC(=O)C(N)C4CCCCC4)cc4c3c2C=NNC4=O)cn1,1,1.2903225806451613,2.096774193548387,2.838709677419355,16.15426714150469,9.837029892342144,2.273299744848259,-2.2620272365098444,2.343777232352148,-2.422285083175522,6.178933864330454,-0.11830069967641545
CCNC(=O)C1OC(n2cnc3c(N)nc(NCCc4ccc(CCC(=O)O)cc4)nc32)C(O)C1O,0,1.1111111111111112,1.8055555555555556,2.4722222222222223,16.559809749803037,10.05812843120268,2.472571424991108,-2.1648059547920604,2.321983034109396,-2.4215634781242596,5.8339650929168805,-0.1376311020910329
CC1C(=NC(=O)C(NOC(C)(C)C(=O)O)c2csc(N)n2)C(=O)N1S(=O)(=O)O,1,1.5,2.107142857142857,2.5357142857142856,32.245297628641524,10.052735711043335,2.4826186849332537,-2.350449426750039,2.2405674389964365,-2.622303044863915,7.839092881634082,-0.17477509691384127
Cn1c(=O)cc(N2CCCC(N)C2)n(Cc2ccccc2C#N)c1=O,0,1.32,2.08,2.8,16.161149482416114,10.067432203027098,2.215339446433315,-2.3359582563690626,2.186443625580231,-2.4721319772544468,5.424091821277311,0.4911455801539407
C=C[C@H]1C[N@@]2CC[C@H]1C[C@@H]2[C@@H](O)c1ccnc2ccccc12,0,1.3181818181818181,2.1818181818181817,2.9545454545454546,16.26915928978771,9.733555921293037,2.4170083338561734,-2.502683284397256,2.413731382735772,-2.54412652320056,5.818019412317043,-0.0444400185725107
CNC(=O)c1cc(Oc2ccc3nc(N[C@@H]4CCCC[C@H]4O)sc3c2)ccn1,0,1.2142857142857142,2.0357142857142856,2.857142857142857,32.133549171215876,9.927383659188378,2.2330793239008013,-2.274882478122123,2.3249157394747186,-2.357093079992988,7.217621021083148,0.09574724112941392
O=c1c(-c2ccc(O)cc2)coc2c(C3OC(CO)C(O)C(O)C3O)c(O)ccc12,0,0.9,1.6,2.2666666666666666,16.544775850822255,9.894951666605541,2.453335358014233,-2.398721680286956,2.400970674802692,-2.548107724564236,5.85738376202346,-0.23136830515064366
N#Cc1ccc2[nH]cc(CCCCN3CCN(c4ccc5oc(C(N)=O)cc5c4)CC3)c2c1,0,1.0909090909090908,1.9393939393939394,2.727272727272727,16.346408801088277,10.05011356382009,2.179637529107968,-2.357587866832838,2.2608363268152214,-2.461753833494807,5.953121496755865,0.09757478393241471
O=C(O)Cc1cccc(OCCCN(Cc2cccc(C(F)(F)F)c2Cl)CC(c2ccccc2)c2ccccc2)c1,0,0.8780487804878049,1.5121951219512195,2.1219512195121952,35.49569298545257,9.902938319110104,2.337056427025978,-2.2894732149081323,2.366976806135021,-2.30760912574532,6.317847610903176,-0.13757617010708129
CCN(CC)CCOC(=O)C1(C2CCCCC2)CCCCC1,1,1.0,1.5909090909090908,2.1818181818181817,16.535297476370264,9.615083997226952,2.467601408716222,-2.428097167331052,2.4863405418214706,-2.430862657646583,5.770719815049642,-0.1638183299443946
CN(CC=CC#CC(C)(C)C)Cc1cccc2ccccc12,0,1.0454545454545454,1.7727272727272727,2.5454545454545454,15.077206867270007,9.980500740851323,2.03342464014773,-2.154918412128537,2.1903650449939183,-2.1724535658813835,5.850752843128932,0.3646490218193396
COc1ccc(C=CC(=O)Nc2ccccc2C(=O)O)cc1OC,0,1.0416666666666667,1.75,2.4166666666666665,16.507869708709823,10.141008599206755,2.0990259691857642,-2.076647782682823,2.275264752218923,-2.1131925870037627,6.055580911374444,-0.11139569901810963
CCCC(C(=O)OCCN(CC)CC)(c1ccccc1)c1ccccc1,1,0.8846153846153846,1.3846153846153846,1.8076923076923077,16.535264829842827,9.711221700777015,2.4216326811860114,-2.3265758652789876,2.3776364945006643,-2.397934317657878,5.873273621864617,-0.14935609426861796
CCCN(CCC)S(=O)(=O)c1ccc(C(=O)O)cc1,0,1.105263157894737,1.5789473684210527,1.9473684210526316,32.23342640843226,10.212191932200765,2.2252095313606786,-2.204935045914926,2.1689597351233023,-2.321025972199336,7.887318255615585,0.06964900536911592
O=C(NCCN1CCOCC1)c1ccc(Cl)cc1,0,1.2777777777777777,1.9444444444444444,2.611111111111111,35.49569125210293,10.18793877699387,2.101858141089098,-2.259396049596525,2.0865628421181914,-2.4086161646359043,6.3019999083609335,0.038299992195005364
CC(C(=O)O)c1ccc(CC2CCCC2=O)cc1,0,1.3888888888888888,2.0555555555555554,2.5555555555555554,16.366430788983372,9.941463545921403,2.2392656025636493,-2.1006516486881814,2.2539558697420516,-2.1003791061639268,5.826828832931302,-0.13790415986258894
CC12CCC(=O)C=C1C=CC1C2CCC2(C)C1CCC2(O)CCC(=O)O,0,1.1923076923076923,1.9230769230769231,2.6538461538461537,16.365777591157872,9.477171401326,2.62475302994361,-2.5694820765965867,2.6633246887485518,-2.5349423421871133,5.918597540088318,-0.14375435489296118
O=P(O)(O)C(Cl)(Cl)P(=O)(O)O,0,0.9090909090909091,1.0909090909090908,1.0909090909090908,35.54074998520233,11.818752795483224,2.5781602873899856,-2.204416426367127,2.73113705080324,-2.125222897582679,7.780430830103253,0.3454569158015671
CC(C)C(C(=O)Nc1ccc(C(O)=NO)cc1)c1ccccc1,0,1.0434782608695652,1.6521739130434783,2.1739130434782608,16.45526337279976,9.873971787482544,2.2354973685132,-2.204570537466319,2.2571256352847073,-2.2469951204237075,5.968299438402264,-0.11801052427637039
O=C(O)c1cccc(-c2noc(-c3ccccc3F)n2)c1,0,1.1428571428571428,1.9523809523809523,2.7142857142857144,19.14219354562773,10.114221208588837,2.1431968911860473,-1.9676838522321467,2.2412198419009175,-1.9557926960611287,5.88575723676034,0.06966617697935598
O=C(CCCN1CCN(c2ccccn2)CC1)c1ccc(F)cc1,0,1.0416666666666667,1.7916666666666667,2.4583333333333335,19.142143253889966,10.065362699841936,2.1733255191970327,-2.348835188999896,2.132476392429992,-2.4648732670630094,5.954586945433872,0.09738763390193224
O=c1oc2cc(O)ccc2s1,1,1.4545454545454546,2.272727272727273,3.090909090909091,32.13351517294964,10.321539947118325,2.003090421460748,-1.8656191443191072,2.2053986359921276,-1.7866472676623548,7.156362021494537,0.4737004543492326
O=C(O)P(=O)(O)O,0,1.4285714285714286,1.5714285714285714,1.5714285714285714,31.19102112403359,11.615720409569901,2.230553576204527,-1.8962896688813857,2.338027168520684,-1.9047860396131668,7.688703724699702,0.2080645146413603
COc1ccc2[nH]cc(CCNC(C)=O)c2c1,0,1.4705882352941178,2.2941176470588234,3.0,16.46529525376336,10.109295857476551,2.045352981209706,-2.0250912308386133,2.2313732020465777,-2.2173060722158144,5.843036555334394,-0.11842559433265197
Cc1nc2n(c(=O)c1CCN1CCC(c3noc4cc(F)ccc34)CC1)CCCC2,1,1.2,2.033333333333333,2.8666666666666667,19.142148142069527,9.912007692616625,2.254503461461032,-2.30903430361653,2.323602509376713,-2.3688536158765086,5.794442161089757,0.2107944098849608
O=C(C=Cc1cccnc1)NCCCCC1CCN(C(=O)c2ccccc2)CC1,0,1.0689655172413792,1.8620689655172413,2.586206896551724,16.1537171115651,9.910147762986036,2.2261085061282406,-2.317850144413345,2.231722356106402,-2.3801795398555443,5.938319627692016,-0.11595644728623106
Nc1nc(N)c2nc(-c3cccc(O)c3)c(-c3cccc(O)c3)nc2n1,0,0.6923076923076923,1.2692307692307692,1.8461538461538463,16.256528047579696,10.032624535341258,2.167093306123675,-2.1131916844358507,2.3354804138889786,-2.0479978099454925,5.892986207569413,0.47464233839894804
O=C(O)CCNC(=O)c1ccc(N=Nc2ccc(O)c(C(=O)O)c2)cc1,0,0.9230769230769231,1.5384615384615385,2.1538461538461537,16.370065515029513,10.157864245757162,2.0975510040747163,-2.0325377516581216,2.2479755353652466,-2.253322015152328,5.942528766009268,-0.13634798021649025
Cn1c2ccccc2c2c3c(c4c5ccccc5n(CCC#N)c4c21)CNC3=O,0,1.0,1.6896551724137931,2.4482758620689653,16.149822601909943,9.968027969263616,2.3074393518961855,-2.0980534357401623,2.4391066265931935,-2.121625692468172,6.30241773952135,0.09669588162248217
NC(=O)c1ccc(I)c([N+](=O)[O-])c1,0,1.5384615384615385,2.1538461538461537,2.6153846153846154,126.9127043203288,10.173557270918081,2.1329565350208965,-1.969125166276371,2.20970832172306,-2.1080625562955597,14.111960271358699,-0.38539895804077834
O=C(C1CCCCC1)N1CC(=O)N2CCc3ccccc3C2C1,0,1.0869565217391304,1.8695652173913044,2.6956521739130435,16.164109273778546,9.86530144573396,2.3935271109203753,-2.450188602200147,2.3416174841409405,-2.562698076402737,5.8744297302001245,-0.15161956438247498
C#CC1(OC(C)=O)CCC2C3CCC4=CC(OC(C)=O)CCC4C3CCC21C,0,1.0714285714285714,1.8571428571428572,2.5357142857142856,16.556047364059463,9.503456218532198,2.638018183051946,-2.5502632168926525,2.6527912704983714,-2.533635016844511,5.672196338268377,-0.16723386670179938
C[C@]12CC[C@H](O)C[C@H]1CC[C@@H]1[C@@H]2CC[C@]2(C)[C@@](O)(c3ccoc3)CC[C@]12O,0,0.9629629629629629,1.7777777777777777,2.5185185185185186,16.332411292850214,9.42557687078451,2.7166189781843753,-2.63855298122159,2.7111366674902615,-2.641226253594063,5.298779768640357,-0.2379943171237312
C=CC1=C(C)C(Cc2[nH]c(Cc3[nH]c(CC4=NC(=O)C(=C)C4=CC)c(C)c3CCC(=O)O)c(CCC(=O)O)c2C)=NC1=O,1,0.7906976744186046,1.2790697674418605,1.7209302325581395,16.368256973855818,9.963528617748791,2.2756385861578226,-2.070063548156409,2.3031854913156895,-2.050604366226367,6.243408250992512,-0.13750949896125564
NC(N)=O,0,1.5,1.5,1.5,16.155051295924714,11.1958981089376,1.6032291273824042,-1.623988117488516,1.253265372831229,-2.1824710590851946,5.685858584824812,0.2561901111742511
O=c1[nH]c(O)cn1/N=C/c1ccc(-c2ccc([N+](=O)[O-])cc2)o1,0,1.2608695652173914,2.0,2.608695652173913,16.628286350818428,10.146717400167944,2.0771072916719593,-1.9588906941292552,2.2350824994669187,-2.1116279819264316,5.769471104100928,-0.384431102230597
NCCCCNCCCN,0,0.8,1.4,2.0,14.844314940906346,10.286356746651816,1.8504661243420868,-2.0072240009748437,1.8138423931470595,-2.194137201878736,4.485407336004319,0.6106178138954491
COc1nccc(-c2c(-c3ccc(F)cc3)ncn2C2CCC(O)CC2)n1,0,1.0740740740740742,1.8148148148148149,2.5185185185185186,19.142144715736286,9.923026556241133,2.256181116177413,-2.2749572085561227,2.368792553036422,-2.208977610349181,5.765080811543772,0.11077509381879519
O=S(=O)(F)Cc1ccccc1,0,1.1818181818181819,1.7272727272727273,2.1818181818181817,32.253523477583165,10.24014322391314,2.064024609048353,-1.9311979265260109,2.051569323806719,-1.9446879235667023,7.850622316423165,0.5508439575619566
CCCS(=O)(=O)Nc1ccc(F)c(C(=O)c2c[nH]c3ncc(-c4ccc(Cl)cc4)cc23)c1F,1,1.121212121212121,1.8484848484848484,2.5454545454545454,35.49569245523533,9.996136251080266,2.2557277129713116,-2.111987054831003,2.2966675970047823,-2.1831679450003847,7.92206540224517,0.10279285638208195
Cc1cccc(Oc2cnc(=O)[nH]c2)c1,1,1.3333333333333333,2.2,2.8666666666666667,16.481274151825357,10.219380564205784,1.9682569731731374,-2.040190189950375,2.1901148289166925,-2.072153749431229,5.307612876476084,0.4760028510268278
CC[N+](C)(C)c1cccc(O)c1,0,1.3333333333333333,2.0,2.5,16.25475743649628,10.22926636469178,2.151291841554845,-2.269834496976411,2.221266524302819,-2.392681640382971,5.457508775041674,0.41533472649573117
N=C(N)N,1,1.5,1.5,1.5,14.88024189523148,11.139689635797602,1.520757214627352,-1.6868344655537748,1.131063057450782,-2.195350351454206,5.713256466270675,1.3862027374672838
c1ccc(CC2=NCCN2)cc1,0,1.25,2.0833333333333335,2.75,15.056831487113287,10.138898097587472,2.0382080776522717,-2.004577077518128,2.009232757935537,-2.1985572763066403,5.851085861903742,0.9531203471851478
Cc1c(C(=O)N2CCOc3ccc(-c4ccc(N)nc4)cc3C2)ccc(S(C)(=O)=O)c1F,0,1.15625,1.90625,2.59375,32.22774749776743,10.026442265096284,2.2566110578726932,-2.213691711046704,2.302814914042486,-2.3278377754682555,7.903164696131508,0.07314357383607908
O=C(O)Cc1cc(I)c(Oc2ccc(O)c(I)c2)c(I)c1,1,1.0476190476190477,1.6666666666666667,2.1904761904761907,126.91474027388884,10.140317789929693,2.122022015892291,-2.119169400362721,2.3431769509563285,-2.0162585062664338,14.114771969697124,-0.1357317712870615
CCCC=c1ncc(=CC(Cc2cccs2)C(=O)O)n1Cc1ccc(C(=O)O)cc1,1,1.2,1.9666666666666666,2.566666666666667,32.133474087372534,10.042135951142054,2.164034239289438,-2.0849633893820343,2.1564474060767798,-2.2959839512810376,7.094491678103971,-0.13900320522074522
CN1CCN(Cc2ccc(Nc3ncc(Cl)c(Nc4ccccc4S(=O)(=O)N(C)C)n3)cc2)CC1,1,1.0,1.6857142857142857,2.3714285714285714,35.49569282629541,10.15268383995979,2.2150149564744126,-2.3187513535214515,2.2947200403340866,-2.433690374569596,7.888493269070089,0.14794121488791276
Cc1c(-c2ccccc2)oc2c(C(=O)OCCN3CCCCC3)cccc2c1=O,0,1.0344827586206897,1.793103448275862,2.5517241379310347,16.534154948841227,10.040057565945018,2.1934917737137622,-2.2543439459857435,2.2714206972998303,-2.3271450270536875,6.0183434877234925,0.04528353389870087
NC1(Cc2ccc(Cl)cc2)CCN(c2ncnc3[nH]ccc23)CC1,1,1.125,1.875,2.625,35.49569155312679,9.826108146740486,2.314541631337759,-2.3968535342499484,2.294885625081166,-2.5166571041953074,6.300869869431241,0.3303890682277149
ON=C(O)CCCCCCC(O)=NO,1,0.7142857142857143,1.0714285714285714,1.3571428571428572,16.45815500572572,10.113080679107942,1.9766287936279536,-1.9858121476584885,2.053929413157697,-1.968336363881357,5.726921910902021,0.29673257918141605
O=C(O)c1cn(-c2ccc(F)cc2)c2cc(N3CCNCC3)c(F)cc2c1=O,0,1.0714285714285714,1.75,2.392857142857143,19.143563388453156,10.084490336805365,2.2049033338915223,-2.297724400733466,2.2707547973785522,-2.434864484489255,5.938625594333391,0.06947926172964138
O=Cc1ccc(CO)o1,0,1.6666666666666667,2.4444444444444446,2.7777777777777777,16.364010028832258,10.436730894542928,1.9585569386214872,-1.818831986991381,2.033991984048886,-1.7433486191590066,5.697856737988061,0.10913242083452881
Cc1noc(NS(=O)(=O)c2ccc(N)cc2)c1C,1,1.2222222222222223,1.8333333333333333,2.3333333333333335,32.233271168179364,10.27852201463451,2.1822827290620093,-2.0524150655609903,2.2150112398370765,-2.126776767901063,7.923164501696421,0.4298413396810094
Cc1ccc(NC(=O)c2ccc(CN3CCN(C)CC3)cc2)cc1Nc1nc(-c2cccnc2)cs1,0,1.0555555555555556,1.8611111111111112,2.611111111111111,32.133491407580536,10.098875554566428,2.1443890578916944,-2.31866329048371,2.2920379836440805,-2.4337906156669664,7.136482708798423,0.10220075544524666
NC(=O)c1ncn(C2OC(CO)C(O)C2O)c1O,0,1.5,2.1666666666666665,2.611111111111111,16.56409012562325,10.128290770583838,2.4398074401748064,-2.1605837328666775,2.3236574321212036,-2.325914952040498,5.924946068741258,-0.055314181720128
C#C[C@]1(O)CC[C@H]2[C@@H]3CC=C4CC(=O)CCC4[C@H]3CC[C@@]21CC,0,1.3043478260869565,2.130434782608696,2.869565217391304,16.28604971629826,9.4977105313397,2.626182942475606,-2.549041659228137,2.6513496662982847,-2.5278136694366773,5.818333600002376,-0.12103996686881988
O=C1CCCC(=O)C1C(=O)c1ccc(C(F)(F)F)cc1[N+](=O)[O-],0,1.173913043478261,1.7391304347826086,2.217391304347826,19.413181143287364,9.809862565079873,2.400673494348583,-2.180100499032198,2.3409553621505066,-2.351572905294609,6.255011652498372,-0.3848694697513788
O=C(O)C=Cc1ccc(O)c(O)c1,0,1.2307692307692308,1.9230769230769231,2.4615384615384617,16.364700602976473,10.163717493284521,1.9737014117363734,-1.9694897224023695,2.2466002318240696,-1.8490965604697052,5.849152042559073,-0.13085971187810191
Oc1cccc(O)c1O,0,0.8888888888888888,1.3333333333333333,1.6666666666666667,16.327740330862884,10.283206264222361,2.0044093718576237,-1.9609350615402659,2.3222734980710467,-1.6726838847142655,5.471937342171254,0.367698578005304
Cc1ccc(C(=O)N(CCCN)C(c2nc3cc(Cl)ccc3c(=O)n2Cc2ccccc2)C(C)C)cc1,1,1.054054054054054,1.7567567567567568,2.4054054054054053,35.49569222740956,9.982748563975736,2.3227988215166993,-2.353290069893908,2.304672943443326,-2.420167428657166,6.307686907254291,0.06024815640095109
CC(C)Cc1ccc(C(C)C(=O)O)cc1,0,1.2,1.7333333333333334,2.1333333333333333,16.366404797134496,9.96847176089876,2.123540108955395,-2.085757965387074,2.1688935075416413,-2.0688004654239496,5.7497681820581255,-0.1378620686519084
CC(C)c1c(C(=O)Nc2ccccc2)c(-c2ccccc2)c(-c2ccc(F)cc2)n1CCC(O)CC(O)CC(=O)O,1,0.8536585365853658,1.4634146341463414,2.048780487804878,19.142149065198232,9.941042014552412,2.305307894118896,-2.1983069251470124,2.423242557556651,-2.223751224967613,6.121341758995994,-0.13906609736457456
N=c1n[n+]([O-])c2ccccc2n1O,0,1.4615384615384615,2.1538461538461537,2.923076923076923,16.501095036247655,10.296038454396179,2.0843758943203965,-2.008697807115037,2.0298932370757163,-2.4189529276830384,5.697244220386456,-0.6454262841510826
CC1(C)CCC(CN2CCN(c3ccc(C(=O)NS(=O)(=O)c4ccc(NCC5CCOCC5)c([N+](=O)[O-])c4)c(Oc4cnc5[nH]ccc5c4)c3)CC2)=C(c2ccc(Cl)cc2)C1,1,1.0327868852459017,1.8032786885245902,2.557377049180328,35.49569392012664,9.722169686270393,2.3050654409681908,-2.390923819451673,2.4339083587631136,-2.468300621244805,7.897102788410253,-0.3836831220862766
COCCOc1ccc2c(c1)ncn2-c1ccc2cccc(N3CCC(N)CC3)c2n1,1,1.064516129032258,1.935483870967742,2.774193548387097,16.51757725104933,10.044280616642576,2.187239440816394,-2.320689694861357,2.2933814990186603,-2.3932543540146454,5.9156043921746075,0.146168386347768
CC(NC(=O)c1ncnc(N)c1Cl)c1ncc(C(=O)Nc2cc(C(F)(F)F)c(Cl)cn2)s1,0,1.125,1.84375,2.53125,35.49678644410716,10.227112751436712,2.336589929789666,-2.1151609220702943,2.3509025678675775,-2.275614167541754,7.133898310581007,-0.13705022712253803
CC(=O)Nc1nc(C)c(S(=O)(=O)Nc2ccc(C(O)(C(F)(F)F)C(F)(F)F)cc2)s1,0,1.0666666666666667,1.5666666666666667,2.0,32.24811561937504,9.920098175126384,2.7090304307927084,-2.322339710639737,2.496587864969545,-2.5341703207326445,7.943917053215312,-0.375773037979967
COC1C=CC=C(C)C(=O)Nc2cc(O)c(NCCN(C)C)c(c2O)C=C(C)CC(OC)C(O)C(C)C=C(C)C1OC(N)=O,1,1.1818181818181819,1.8636363636363635,2.4545454545454546,16.577820137347544,9.910376202571348,2.286099123548825,-2.280394852546805,2.4208614284153183,-2.362624055126528,6.04963595852891,-0.11236249989646956
C=C[C@]1(C)CC[C@@H](C(=C)C)C[C@H]1C(=C)C,0,1.2666666666666666,1.8666666666666667,2.2666666666666666,14.418940258892947,9.61226300800149,2.3753240042072994,-2.4317920880071924,2.48004015548804,-2.3309099014022623,5.145204438191583,0.1696437286461391
O=C1C(CCC(O)c2ccc(F)cc2)C(c2ccc(O)cc2)N1c1ccc(F)cc1,0,0.8666666666666667,1.4333333333333333,2.033333333333333,19.143521171607347,9.779393198263753,2.479570619543505,-2.4756041698185203,2.4604869635782833,-2.5490863602474714,6.027732668324079,-0.13056854341763505
NC1(c2ccc(-c3nc4ccn5c(=O)[nH]nc5c4cc3-c3ccccc3)cc2)CCC1,1,0.967741935483871,1.7419354838709677,2.4516129032258065,16.14835315061437,9.724449838080599,2.336558778092248,-2.3826130844449356,2.398748698596156,-2.4266495171862754,5.9763811316981625,0.2534394826662886
OCCc1ccc(O)cc1,0,1.1,1.7,2.2,16.255351578336274,10.150317326468747,1.8950162290600117,-1.9570546658464998,2.087215184529608,-1.8796875971247222,5.252842913326521,0.29932394910378934
C[N+]1(C)[C@@H]2C[C@@H](OC(=O)C(CO)c3ccccc3)C[C@H]1[C@@H]1O[C@@H]12,0,1.2608695652173914,1.8695652173913044,2.4347826086956523,16.607477055961713,9.954825025118136,2.703299045673928,-2.4502383393378495,2.512500404911106,-2.595414890608581,5.780751271464238,-0.9380002296169916
COC(=O)OCOc1c2n(ccc1=O)N([C@@H]1c3ccccc3SCc3c1ccc(F)c3F)[C@@H]1COCCN1C2=O,0,1.125,1.95,2.775,32.1665375107666,9.927380767348556,2.4604909086250637,-2.5111807251213487,2.4479613812713064,-2.6600180036171035,7.982120129119508,-0.020886108207428932
CC(=O)Nc1ccccc1,0,1.3,1.9,2.4,16.148138973245228,10.302856209324123,1.8956151919549558,-1.9774375896580252,2.029572602257744,-2.043247087137012,5.879629305190223,-0.1137337416454857
CCCCCN(C)CCC(O)(P(=O)(O)O)P(=O)(O)O,0,1.0,1.4736842105263157,1.8421052631578947,31.244091679156625,10.224215576730295,2.5835474264035483,-2.303509235916549,2.6837842509301537,-2.337506832511296,7.715326644825334,0.11171189319088415
CN(C)C(=O)CCS[C@H](SCCC(=O)O)c1cccc(/C=C/c2ccc3ccc(Cl)cc3n2)c1,0,1.0294117647058822,1.7647058823529411,2.5,35.49569274933613,10.109590361667102,2.150874607036529,-2.1754311109763154,2.4015146396263596,-2.214169889807464,8.158855853360132,-0.1361024671656601
Nc1nc2ccc(OC(F)(F)F)cc2s1,0,1.3333333333333333,2.066666666666667,2.7333333333333334,32.133547839377115,10.303834424844771,2.3066968588340404,-2.0727365232659953,2.2968118585656505,-2.1642337535440106,7.215709036794449,-0.27414167389765803
CC(C)OC(=O)C(C(=O)OC(C)C)=C1SC=CS1,1,0.9444444444444444,1.3333333333333333,1.6666666666666667,32.21849892092008,10.276912225333405,2.285001253813143,-2.1339908585700917,2.401145372980253,-2.2334983970696562,8.27129406473281,-0.15044316166835917
COC(=O)C1=C(C)N=C(C)C(C(=O)OC(C)C)C1c1cccc2nonc12,0,1.1851851851851851,1.9259259259259258,2.5925925925925926,16.56357559894233,9.749414486439006,2.431840653430958,-2.3131194333968033,2.4158873101890332,-2.369720973154735,6.072286354791028,-0.1500555402408731
OC1C(O)C(O)C(O)C(O)C1O,0,0.3333333333333333,0.4166666666666667,0.5,16.423231239932143,9.849679097143996,2.4682846504114093,-2.387309891688658,2.203836354069931,-2.630550501499891,4.9774582323791,-0.222631079517032
Cc1cccc(-c2[nH]c(CNc3ccccc3F)nc2-c2ccc3ncnn3c2)n1,0,1.0333333333333334,1.9333333333333333,2.8,19.142211569487532,10.109165891402302,2.163253931967364,-2.0463404137358467,2.293991950261318,-2.025127480036169,5.766404711397778,0.6296049521179733
O=C(Nc1ccccc1)OCC(CN1CCCCC1)OC(=O)Nc1ccccc1,0,0.8275862068965517,1.3793103448275863,1.9655172413793103,16.59600019408326,10.12001088501168,2.2170764660119535,-2.2956073856702024,2.122388837700537,-2.4122594248725124,5.849990725316279,0.029895360813328917
CCCCCC/C=C\CCCCCCCC(=O)O,0,0.8333333333333334,1.3333333333333333,1.8888888888888888,16.365129697974297,10.085438315094294,1.9526490764836906,-1.9810192869838887,2.0824426350459864,-1.9284379648423233,5.66016504605659,-0.13665254418727252
O=C(Nc1ccc(-c2ccnc(Nc3ccc(N4CCOCC4)cc3)n2)cc1)C1CCCN1,1,1.0,1.7575757575757576,2.484848484848485,16.47750642159975,10.117642565149135,2.213810579897114,-2.284557283648172,2.234659383919033,-2.3560810167232553,5.947536531716527,-0.11731782241667206
NC(CO)(CO)CO,0,1.0,1.25,1.25,16.28899818568305,10.068494081380939,2.202131597206772,-2.1982698389302975,1.9277038603277676,-2.5015434495390725,4.800591805789584,0.06975167122596906
CC(C(=O)O)c1ccc(-c2ccccc2)c(F)c1,0,1.1666666666666667,1.8333333333333333,2.388888888888889,19.142190922436892,9.96931012575508,2.1526510574252455,-2.090853748838544,2.256718840775554,-2.0722416493663567,5.758291141001164,-0.13786305435592383
CC(C)Cc1ccc(C(C)C(=O)NS(C)(=O)=O)cc1,0,1.1578947368421053,1.6842105263157894,2.1052631578947367,32.23310119909044,9.963851822449447,2.178061354734871,-2.122764856786081,2.1741660296081413,-2.3231261633754636,7.888426607624138,-0.1199364128002357
CCn1c(-c2nonc2N)nc2c(C#CC(C)(C)O)ncc(OCC3CCCNC3)c21,0,1.4193548387096775,2.2580645161290325,2.903225806451613,16.564586744317552,10.008955073457305,2.237770695428206,-2.226057927951475,2.330443851612543,-2.3259980914703187,5.892715937736621,0.1434080347395107
COc1cc2nccc(Oc3ccc(NC(=O)NC4CC4)c(Cl)c3)c2cc1C(N)=O,0,1.1666666666666667,1.9666666666666666,2.6333333333333333,35.49569215922315,10.08607777316344,2.231207288642466,-2.130060980383742,2.3485553798128613,-2.299446793164474,6.334190991538385,0.09972520336970732
Cc1ccccc1C(=O)Nc1ccc(C(=O)N2CCCC(O)c3cc(Cl)ccc32)c(C)c1,0,1.0,1.78125,2.53125,35.49569197822393,10.03143590134715,2.269645622041706,-2.242715603695311,2.3553197965475774,-2.3193357067494915,6.303921394348695,0.09845641742902048
NC12CC3CC(CC(C3)C1)C2,0,0.8181818181818182,1.1818181818181819,1.4545454545454546,14.78866437460915,9.531930652599877,2.481276293938629,-2.5470526695658857,2.539193057773695,-2.5529934767248,5.03895675706966,0.00036541704961949166
CC(C)C(N)C(=O)OCC(CO)OCn1cnc2c(=O)[nH]c(N)nc21,1,1.48,2.2,2.84,16.570266438054276,10.066647971343263,2.205707505500945,-2.186530275304376,2.078492190736776,-2.3863505630284956,5.753123748916279,-0.15260293479752726
COc1ccc(S(=O)(=O)Nc2cccnc2Nc2ccc(O)cc2)cc1,0,1.0,1.6923076923076923,2.3461538461538463,32.23327168475489,10.26718228271445,2.164284197855672,-2.1323329397466657,2.263497862469562,-2.140424961406208,7.923453943622611,0.4141689742955985
COC(=O)C1=COC(O)C2C(CO)=CCC12,1,1.6875,2.4375,3.0625,16.601894140881537,9.834834369536791,2.4267330045763926,-2.3106227931572123,2.417603053783345,-2.3509439916798764,5.887405920986642,-0.14124037339543558
COc1ccc(Cn2ccc3ccc(C(O)=NO)cc32)cc1,0,1.1363636363636365,1.9090909090909092,2.590909090909091,16.46591528775993,10.137741975786053,2.067197141705226,-2.0751069464474177,2.2003784446480004,-2.0100015993220475,5.959190199573459,0.3026409275882507
CN(C)c1ccc(C(=C2C=CC(=[N+](C)C)C=C2)c2ccc(N(C)C)cc2)cc1,1,0.6071428571428571,1.0,1.3214285714285714,15.060308719436689,9.902444056970273,2.1328438747452836,-2.1763352287126807,2.3132588417576216,-2.1019433991529834,6.03517123230236,-0.4622749154848495
COc1c(C)c2c(c(O)c1CC=C(C)CCC(=O)O)C(=O)OC2,0,1.391304347826087,2.0869565217391304,2.6956521739130435,16.53905575836406,9.944582178532258,2.313001318975899,-2.153299535464618,2.4149431308726137,-2.0288302996105725,5.975714593680593,-0.1364765361382669
CN(C)C(N)=NC(=N)N,1,1.4444444444444444,1.8888888888888888,2.0,15.227026766296795,10.796321574374488,1.9156261970016308,-2.082236688196247,1.7259082661949894,-2.3169580662585747,5.9093612492860865,0.6151015848402779
CC(C)N(CC1OC(n2cnc3c(N)ncnc32)C(O)C1O)C1CC(CCc2nc3cc(C(C)(C)C)ccc3[nH]2)C1,0,1.146341463414634,1.9268292682926829,2.658536585365854,16.555904156537014,9.757871490922664,2.4626569923369765,-2.4575509059425764,2.3828971093279674,-2.5209695379362214,5.80788214969291,-0.06200207539547962
O=C(Cc1ccc(-c2ccc(OCCN3CCOCC3)cc2)cn1)NCc1ccccc1,0,0.96875,1.71875,2.4375,16.482887948640307,10.07172710722742,2.0977551965676713,-2.2582325583118843,2.218168400102106,-2.382050647395545,5.7785704038630445,-0.12017285547154556
CCC1OC(=O)C(C)C(OC2CC(C)(OC)C(O)C(C)O2)C(C)C(OC2OC(C)CC(N(C)C)C2O)C(C)(O)CC(C)C2NC(COCCOC)OC(C2C)C1(C)O,1,0.9137931034482759,1.5862068965517242,2.189655172413793,16.71436317935433,9.714117617385273,2.5526032916278973,-2.5205235080212036,2.4251232566176326,-2.670495826563649,5.7275999661417965,-0.3183793873261376
Cc1cc(Nc2cc(CN3CCOCC3)c3nc(C)c(Cc4ccc(Cl)cc4F)n3n2)[nH]n1,0,1.1515151515151516,1.9696969696969697,2.696969696969697,35.49569206290271,10.086428386436944,2.196133594473551,-2.2633189096402915,2.2483257845839897,-2.3539478206387185,6.301102547302555,0.03427557860251982
CCC(C)n1ncn(-c2ccc(N3CCN(c4ccc(OCC5COC(Cn6cncn6)(c6ccc(Cl)cc6Cl)O5)cc4)CC3)cc2)c1=O,1,0.9183673469387755,1.5918367346938775,2.2244897959183674,35.49683848875777,10.056852809280471,2.4537716361531015,-2.371079625209111,2.4025571032584834,-2.4609094983862168,6.346739198365667,-0.190299547036366
O=C(Nc1nc2cccc(-c3ccc(CN4CCS(=O)(=O)CC4)cc3)n2n1)C1CC1,0,1.0666666666666667,1.8,2.5,32.227830093113916,10.08091144986122,2.3001762567396327,-2.2602786601416787,2.2972494445719795,-2.3914936817138917,7.90988968142994,-0.11688584051047064
CCC(CO)Nc1nc(NCc2ccccc2)c2ncn(C(C)C)c2n1,0,1.1538461538461537,1.9230769230769231,2.576923076923077,16.252286242585452,10.20158328307006,2.1594391366754118,-2.158530219192505,2.238267469175798,-2.2395214802324714,5.839927493531097,0.27110066566072855
CC/C=C\C/C=C\C/C=C\C/C=C\C/C=C\C/C=C\CCC(=O)O,0,0.625,0.9583333333333334,1.2916666666666667,16.365131871058107,10.209274508727942,1.9005121944031613,-1.8695989084786115,1.9706720785141576,-1.9083701347918034,5.662984806403678,-0.1364188154756448
CC(=O)C1CCC2C3CC=C4CC(O)CCC4(C)C3CCC12C,0,1.1304347826086956,1.9130434782608696,2.652173913043478,16.265965652489452,9.470153983068656,2.5873581208012184,-2.5746830853960874,2.65743709980802,-2.504423701051703,5.791980103902391,-0.12704144527338884
Cc1cccc(Nc2ccccc2C(=O)O)c1C,1,1.0,1.6666666666666667,2.388888888888889,16.36568801366348,10.074066240493305,2.0953724310130317,-2.127375669438043,2.245950642585327,-2.029477928051501,5.9480809617265304,0.069775734360448
COc1cc2ncnc(Nc3cccc(Cl)c3)c2cc1OC,0,1.0,1.7727272727272727,2.5,35.495691463173515,10.16883513398187,2.106420453262092,-2.117702886981295,2.3401474843051653,-1.9747288887388712,6.304082654152093,0.35552129669215915
CCC1OC(=O)C(C)C(OC2CC(C)(OC)C(O)C(C)O2)C(C)C(OC2OC(C)CC(N(C)C)C2O)C(C)(O)CC(C)C(=O)C(C)C(O)C1(C)O,0,0.8823529411764706,1.4901960784313726,2.0392156862745097,16.71366524915589,9.73671647423228,2.5316490824793845,-2.4871944608466965,2.4041435971386727,-2.6087833888053544,5.8328794333815575,-0.31759305759149925
COC(=O)CCC(=O)CN,0,1.4,2.0,2.4,16.522992721759874,10.207287702286852,2.0318374907478094,-1.951649107782981,1.9074951738016102,-2.1443794516115178,5.83603900867486,-0.14136091468506795
Nc1ccc(O)c(C(=O)O)c1,1,1.4545454545454546,2.090909090909091,2.5454545454545454,16.367686059680377,10.161889600798494,2.0759023797296567,-1.9841205139866942,2.184371504715331,-1.9743317356626113,5.912892483006534,0.06935676929561417
CCCC(C(=O)N=C1C(=O)N2C(C(=O)OCOC(=O)C(C)(C)C)=C(COC(N)=O)CS[C@H]12)c1csc(N)n1,0,1.236842105263158,1.9473684210526316,2.526315789473684,32.16668100696056,9.975355016836659,2.5193484430868303,-2.4429533082758272,2.3949030352366267,-2.6250859727921583,8.006954171559197,-0.17203911680156667
O=C(O)CCCN1CCC(OC(c2ccc(Cl)cc2)c2ccccn2)CC1,0,1.2222222222222223,1.962962962962963,2.5925925925925926,35.49569172053804,10.030090687796571,2.2494966743637854,-2.3354669232024103,2.2935099794763305,-2.3786036887352577,6.300890097768625,-0.13676264832253035
C[N+](C)(C)CCOP(=O)([O-])OCC(O)CO,0,1.375,1.9375,2.375,31.204693165588647,10.418001855776405,2.1445289283678504,-2.271267212397116,2.3750396722096765,-2.373051153296585,7.453996775078855,-0.8700003074310999
CC12C=CC(=O)C=C1CCC1C2C(=O)CC2(C)C1CCC2(O)C(=O)CO,0,1.2692307692307692,2.0,2.6923076923076925,16.314787872121308,9.464202844168959,2.67612067484626,-2.5628121059515534,2.6550290438381423,-2.601809119918551,6.015786340931342,-0.16837456685358587
O=C1C2CCN(CC2)C1(CO)CO,0,1.3076923076923077,1.8461538461538463,2.1538461538461537,16.276612836684865,9.737670936844177,2.5173862069930086,-2.505845865651855,2.3505534900960288,-2.682379124872904,5.91951948399649,-0.1560891079242924
CCNC(=O)C1CCCN1C(=O)C(CCCN=C(N)N)NC(=O)C(CC(C)C)NC(=O)C(CC(C)C)NC(=O)C(Cc1ccc(O)cc1)NC(=O)C(CO)NC(=O)C(Cc1c[nH]c2ccccc12)NC(=O)C(Cc1c[nH]cn1)NC(=O)C1CCC(=O)N1,0,0.7011494252873564,1.2758620689655173,1.8505747126436782,16.2585855125121,9.983408969549723,2.3984087878997418,-2.305613921142724,2.2236948156896674,-2.612956573449173,5.992930612021259,-0.14175053858752992
NS(=O)(=O)c1cc2c(cc1Cl)NCNS2(=O)=O,1,1.3529411764705883,2.0,2.588235294117647,35.495693767938526,10.290481523935407,2.2644715079106277,-2.1978055250762445,2.3171561594651515,-2.343831729463884,7.899931047456108,0.5807421280141186
CCCCNC(=O)NS(=O)(=O)c1ccc(C)cc1,0,1.2222222222222223,1.8333333333333333,2.388888888888889,32.23327127173206,10.240355232746927,2.160652536696691,-2.078940909225097,2.089054872362379,-2.3923855199606314,7.89663288971441,0.24542376249513104
c1ccc2c(Cc3c[nH]c4ccccc34)c[nH]c2c1,0,0.631578947368421,1.105263157894737,1.631578947368421,14.68024477782163,10.036442079781333,2.0717449300215143,-1.9842341629212925,2.2448046404448827,-1.8403410193061396,5.862764952881969,1.220260231858113
CC(=O)O[C@@]12CO[C@@H]1C[C@@H](O)[C@@]1(C)C(=O)C(=O)C3C(C)[C@@H](O)C[C@@](O)([C@@H](OC(=O)c4ccccc4)[C@H]21)C3(C)C,0,1.0769230769230769,1.7179487179487178,2.282051282051282,16.635846035749545,9.423184934019297,2.784920610335581,-2.673894537091846,2.6373263966518654,-2.8222975030421433,6.401371257302283,-0.34938597489130596
Oc1c(Cl)cc(Cl)cc1Sc1cc(Cl)cc(Cl)c1O,1,0.6842105263157895,1.0526315789473684,1.4210526315789473,35.49902127494834,10.317574275116856,2.139191101680885,-2.092760218139281,2.45363668024613,-1.8051216795226046,7.992113578197565,0.45991621338099054
CCN=C1Nc2ccc(Cl)cc2C(C)(c2ccccc2)O1,1,1.1904761904761905,1.9523809523809523,2.6666666666666665,35.495691399770664,9.856992444584625,2.381151268168997,-2.3754279614435805,2.4147287818731007,-2.386333485998476,6.3038021968635265,0.11222546877438633
CCC(c1ccc(O)cc1)C(CC)c1ccc(O)cc1,0,0.65,0.95,1.2,16.256446562636995,9.781834721181536,2.2143841237581405,-2.2608208843024244,2.381787028821703,-2.0973158458600483,5.339552027517638,0.4698561740778039
C/C=C1\[C@H]2C=C(C)C[C@]1(N)c1ccc(=O)[nH]c1C2,0,1.5,2.2777777777777777,3.0,16.13770220176711,9.634252377298141,2.4313350523475283,-2.447622664338629,2.469080828736003,-2.478162715611281,5.483019621139353,0.40909600904401233
CCC(C(=O)N1CCCCC1C(=O)O[C@@H](CCc1ccc(OC)c(OC)c1)c1cccc(OCC(=O)NCCNC(=O)COc2cccc([C@@H](CCc3ccc(OC)c(OC)c3)OC(=O)C3CCCCN3C(=O)C(CC)c3cc(OC)c(OC)c(OC)c3)c2)c1)c1cc(OC)c(OC)c(OC)c1,0,0.4117647058823529,0.7745098039215687,1.107843137254902,16.561765281767027,9.913059528965594,2.403374130764683,-2.3687921028083645,2.441298117994383,-2.500162125035734,5.904073431300648,-0.16245508639659473
CC(=O)C(C#N)C(=O)Nc1ccc(C(F)(F)F)cc1,0,1.263157894736842,1.7894736842105263,2.1578947368421053,19.41317488905752,10.066692533079705,2.298542979855876,-2.095020284354741,2.2933660474262245,-2.2642177079599457,6.081095754234167,-0.13721646472158733
CN(C)c1nc(N(C)C)nc(N(C)C)n1,0,0.5333333333333333,0.7333333333333333,0.8666666666666667,15.35728414097851,10.672100351660378,2.0972163864006856,-2.180967835108119,2.138807620284436,-2.219409237273507,5.437638929576713,0.885962689674263
CC(C)(C)C[C@@H]1NC(C(=O)N[C@H]2CC[C@H](O)CC2)[C@H](c2cccc(Cl)c2F)[C@]12C(=O)Nc1cc(Cl)ccc12,0,1.1578947368421053,1.868421052631579,2.5526315789473686,35.49678596014388,9.62190131730088,2.6585253717103576,-2.3752242677601467,2.5678915544640786,-2.4954878666531615,6.3110787324720885,-0.12439290462040915
CNCCCN1c2ccccc2CCc2ccccc21,0,0.9,1.45,2.0,15.140357995536812,10.049505827618914,2.1871862692893584,-2.2657710630785415,2.351822711997713,-2.224930534235804,5.705274992621487,0.7227045894976056
CO[C@H]1CC[C@H](N2C(=O)CNc3ncc(-c4ccc(C(C)(C)O)nc4)nc32)CC1,1,1.1724137931034482,1.9310344827586208,2.5517241379310347,16.474414170496686,9.91146732990032,2.3486686077730785,-2.3812256611838185,2.343005668025512,-2.4868885824153084,6.009852419766544,-0.11754604037095971
CN1CCN(c2c(F)cc3c(=O)c(C(=O)O)cn4c3c2OCN4C)CC1,0,1.2307692307692308,1.9230769230769231,2.576923076923077,19.14222065648483,10.077673152135512,2.298734355395048,-2.373022274532464,2.3972112341744616,-2.455511109628959,5.969873913777736,0.06942670562220044
CC(=O)C1CC[C@H]2[C@@H]3CC[C@H]4C[C@H](O)CC[C@]4(C)[C@H]3CC[C@]12C,0,0.9130434782608695,1.608695652173913,2.347826086956522,16.266016739238573,9.443689762551786,2.60169306659235,-2.6045013555796106,2.669541062351123,-2.53781132343267,5.791842203889421,-0.13793285701649508
C=c1c(CCC(=O)O)c(C)[nH]c1=Cc1c(O)[nH]c2ccccc12,0,1.3043478260869565,2.0434782608695654,2.782608695652174,16.36520607060223,10.088704396146909,2.0995880466930643,-1.955106353987011,2.2667487972922626,-2.2337026948127114,5.911220138130529,-0.13647390470080983
CC(C)C1CCC(C(=O)NC(Cc2ccccc2)C(=O)O)CC1,0,1.1304347826086956,1.7391304347826086,2.260869565217391,16.36826208937492,9.764179849516553,2.2975306014596795,-2.3035413332559425,2.3286323902258106,-2.4525303635967113,5.847661490264978,-0.14227736082524686
Clc1ccc(C(Cn2ccnc2)OCc2csc3c(Cl)cccc23)c(Cl)c1,0,1.1111111111111112,2.0,2.7777777777777777,35.49791364220915,10.093389352001195,2.178656329143611,-2.200603236138743,2.3449337515516753,-2.1220054924216947,7.176519638785059,0.028761034515602017
CCCC(=O)O,1,1.8333333333333333,2.3333333333333335,2.3333333333333335,16.365105667835003,10.35073867018524,1.8701082699034772,-1.7942899738894045,1.8154407414270037,-1.8986230744822687,5.659492540532725,-0.13652882745744094
Nc1c(Br)cc(Br)cc1CNC1CCC(O)CC1,0,1.2222222222222223,1.8888888888888888,2.5555555555555554,79.91976360326044,9.928078396615767,2.185958823772323,-2.2620858389056595,2.2826542714937723,-2.338237587479179,9.1083929678044,0.11626621944250622
CN(C)C(=O)c1cc2cnc(Nc3ccc(N4CCNCC4)cn3)nc2n1C1CCCC1,0,1.125,1.90625,2.59375,16.15316472429796,10.211179168625964,2.2612911360926646,-2.286463897230788,2.3450272516267874,-2.4306904839502206,5.974792664860896,0.0815099875521101
O=C(c1ccc(OCCN2CCCCC2)cc1)c1c(-c2ccc(O)cc2)sc2cc(O)ccc12,0,0.8823529411764706,1.588235294117647,2.323529411764706,32.1335335362703,9.972518027649159,2.217466280063187,-2.256470444031936,2.411107478055829,-2.3277836309032875,7.224421061995113,0.10362805849664379
Cc1onc(-c2ccccc2)c1-c1ccc(S(N)(=O)=O)cc1,0,0.9545454545454546,1.5909090909090908,2.1818181818181817,32.23311619819647,9.995646588208082,2.1681340364645796,-2.042853575224127,2.3387333342852585,-2.112157709223879,7.887603770871318,0.39994603535601825
CC(NC(C)(C)C)C(=O)c1cccc(Cl)c1,0,1.375,2.0,2.5,35.4956911343665,10.014412516066177,2.2000852988527857,-2.2480075374033333,2.130845894602246,-2.455587992800109,6.305475399656066,0.09355142583304055
O=C(O)C=Cc1ccccc1,1,1.2727272727272727,1.9090909090909092,2.4545454545454546,16.364528442042445,10.191878009027437,1.8542695267162272,-1.8738600180347045,1.9937238682657483,-1.8455824856614276,5.846872659967287,-0.13085760745066347
CCOC(=O)OC1(C(=O)OCCl)CCC2C3CC=C4CC(=O)C=CC4(C)C3C(O)CC21C,0,1.28125,2.03125,2.71875,35.495680561029445,9.467702182743851,2.7104927556733864,-2.583956696919291,2.670186909861758,-2.6223138699643505,6.172250771434714,-0.19806727802607338
C#CC1(O)C=CC2C3CC=C4CC(=O)CCC4C3CCC21CC,0,1.391304347826087,2.217391304347826,2.9565217391304346,16.285254781369584,9.493638301763722,2.604239709042653,-2.548783348458491,2.6274839295325645,-2.5339247587518066,5.818432294060401,-0.12061328152485119
CCOC(=O)N1c2ccc(C(F)(F)F)cc2C(N(Cc2cc(C(F)(F)F)cc(C(F)(F)F)c2)C(=O)OC)CC1CC,0,0.8780487804878049,1.4390243902439024,1.9024390243902438,19.42095519307313,9.872536593971066,2.4294619359494045,-2.4330349127343553,2.4526527059645558,-2.483994667052294,5.9032717324049795,-0.14294446233966643
COc1ccc(C2(C#N)CCC(C(=O)O)CC2)cc1OC1CCCC1,0,1.2,1.88,2.44,16.52138862476559,9.673112801407797,2.3934521608931134,-2.3391058745964783,2.4377884531255027,-2.3252752767436378,5.698415153362102,-0.14258793448992854
COC(C(=O)N1Cc2[nH]nc(NC(=O)c3ccc(N4CCN(C)CC4)cc3)c2C1)c1ccccc1,0,1.0,1.7142857142857142,2.4,16.481196521325863,10.089999516777363,2.330610509958527,-2.336181378350275,2.304835842104628,-2.4400765765465793,6.040367024860489,-0.14267723934456872
CCOC(N)=O,1,2.0,2.5,2.5,16.54328488357504,10.869230700821905,1.8188967169094572,-1.8863941078932924,1.656023554203494,-2.114221402940598,5.639121918583888,0.16281442633295928
C[N+](C)(C)CCOC(=O)CCC(=O)OCC[N+](C)(C)C,0,0.7,1.0,1.25,16.54016290795786,10.300014044200509,2.1295797936839005,-2.23138869759545,1.9830786573098078,-2.378464291171961,5.7709643967951125,-0.8700776579814768
COc1ccc2cc(C(C)C(=O)O)ccc2c1,0,1.1764705882352942,1.8235294117647058,2.4705882352941178,16.465340300415626,9.977604551810966,2.130996381682748,-2.0835013321606213,2.246121467430794,-2.0648098744292014,5.859995115372153,-0.13785840793483323
NC(=O)C1CCCc2c1[nH]c1ccc(Cl)cc21,0,1.4705882352941178,2.2941176470588234,3.0588235294117645,35.495691194483854,9.86234693576651,2.273526034530863,-2.190059561356878,2.361307718853053,-2.24465689774123,6.309119455607495,-0.11932841709178524
CC(C)NCC(O)c1ccc(NS(C)(=O)=O)cc1,0,1.2222222222222223,1.7777777777777777,2.2222222222222223,32.233100931346335,10.09527488053452,2.0819122834641015,-2.1447423959127967,2.1609951394315394,-2.273959632304649,7.91518926152532,0.1714139703820835
O=C(CCCCCCC(O)=NO)Nc1ccccc1,0,1.0526315789473684,1.6842105263157894,2.3157894736842106,16.45515231970447,10.106943328147254,2.017150547551489,-2.0428594370894793,2.0879217330381312,-2.1029539322750566,5.900445221638566,-0.11584884334156668
CC(C)(C)c1cc(NC(=O)Nc2ccc(-c3cn4c(n3)sc3cc(OCCN5CCOCC5)ccc34)cc2)no1,1,1.075,1.875,2.625,32.133518769645576,9.934313674075495,2.20214623823373,-2.2580416283240083,2.3204057822038284,-2.382051285236956,7.2316699443516335,0.03224187603005632
CC(=O)OCC(=O)C1CCC2C3CC=C4CC(=O)CCC4(C)C3CCC12C,0,1.1481481481481481,1.9259259259259258,2.6666666666666665,16.534688912511008,9.470828626135402,2.5926289668436167,-2.569045346384154,2.6561588678208055,-2.5053094268532066,5.849931755136292,-0.14869830838763903
CC(C)(C)Cn1c(N)nc2ccc(-c3[nH]c(C(C)(C)C)nc3-c3ccc(F)cc3)nc21,0,0.9354838709677419,1.6129032258064515,2.225806451612903,19.142145166752176,9.960323527761082,2.2403709575346866,-2.194447660039189,2.3375669508238555,-2.170606012990541,5.818342249119065,0.34981623239950715
CC1CC2C3CC=C4CC(=O)C=CC4(C)C3(F)C(O)CC2(C)C1(O)C(=O)CO,0,1.3214285714285714,2.0,2.642857142857143,19.147659592501235,9.449881462320848,2.7473524723201836,-2.6154106361055405,2.6964353524477302,-2.687327738085266,5.933957504908005,-0.21465671807837364
CNCCC=C1c2ccccc2CCc2ccccc21,1,0.9,1.45,2.0,14.791675764254558,9.930954941541069,2.161802849667322,-2.115568652480487,2.3297427520011094,-2.0601156495251383,5.834063353231971,0.8081827313483438
COc1cc2ncnc(Oc3cccc(NC(=O)Nc4cc(C(C)(C)C(F)(F)F)on4)c3)c2cc1OC,0,0.972972972972973,1.7027027027027026,2.4054054054054053,19.413469326098337,9.894535544852507,2.5096132115482246,-2.2362184119061568,2.408357156782255,-2.354699042539207,5.988446550608267,-0.18498034889006784
Nc1ncnc2c1ncn2C1OC(CO)CC1O,1,1.4444444444444444,2.2777777777777777,3.0,16.542530175074607,10.180098663405419,2.35348911963261,-2.157464367032465,2.3057119997498225,-2.1885581992798726,5.806489505386724,-0.04864352552365979
Nc1cccc2c1C(=O)N(C1CCC(=O)NC1=O)C2=O,0,1.15,1.9,2.55,16.189161944525893,10.045840896947047,2.447377016550635,-2.273369824753303,2.3016851953143664,-2.537960408335587,6.249072378178171,-0.13584864301052163
CCOC(=O)c1cncn1C(C)c1ccccc1,0,1.3888888888888888,2.111111111111111,2.7777777777777777,16.53293265157632,10.092204428922056,2.1699482475384833,-2.1568001026956325,2.191247971712543,-2.1492590171513704,5.869230234275352,0.05124058878133156
CC(C)CC(NC(=O)C(Cc1ccc2ccccc2c1)NC(=O)C(Cc1ccc(O)cc1)NC(=O)C(CO)NC(=O)C(Cc1c[nH]c2ccccc12)NC(=O)C(Cc1c[nH]cn1)NC(=O)C1CCC(=O)N1)C(=O)NC(CCCN=C(N)N)C(=O)N1CCCC1C(=O)NCC(N)=O,0,0.65625,1.25,1.8854166666666667,16.258756882818993,9.980547138695625,2.4014063224225994,-2.3043940620231784,2.2331290149193754,-2.614272232424478,5.998473388889022,-0.14191232461770314
CN=C(C[N+](=O)[O-])NCCSCc1ccc(CN(C)C)o1,0,1.4761904761904763,2.1904761904761907,2.8095238095238093,32.16649165234459,10.401781184558928,2.0591205315002403,-2.0607001992865546,2.1535083780944375,-2.313631548739499,7.980484523726672,-0.46307009702864654
Cc1ccc2c(=O)c3cccc(CC(=O)O)c3oc2c1C,0,1.0952380952380953,1.8095238095238095,2.5238095238095237,16.366156247992055,10.025105301076259,2.140741223548291,-2.0821611739023824,2.2541554660585095,-2.0648518184948648,5.932918309763312,-0.13572188371158964
CON=C(C(=O)NC1C(=O)N2C(C(=O)O)=CCS[C@H]12)c1csc(N)n1,0,1.56,2.32,2.92,32.166679672472675,10.045459298690135,2.5259062894538893,-2.4770428307641312,2.3694800061279175,-2.7025169566639886,7.997914999077047,-0.149599922690539
Cc1cn(-c2cc(NC(=O)c3ccc(C)c(Nc4nccc(-c5cnccn5)n4)c3)cc(C(F)(F)F)c2)cn1,0,0.9230769230769231,1.7692307692307692,2.4871794871794872,19.41319163408321,10.087082859542853,2.3135662608389365,-2.144072754907919,2.3313483433432025,-2.143188083866318,6.048070737568695,-0.13710391713669307
Nc1ccc(S(N)(=O)=O)cc1,0,1.0909090909090908,1.5454545454545454,1.9090909090909092,32.23311532036957,10.319194297186128,2.044419361199016,-1.9615373987791018,2.082599245068217,-2.1127089321607078,7.887590777174507,0.597593697299835
Cc1cccc(CN2CCN(C(c3ccccc3)c3ccc(Cl)cc3)CC2)c1,0,0.7857142857142857,1.4642857142857142,2.142857142857143,35.49569174078975,9.961092164117543,2.259249614170257,-2.39534850189885,2.301700859969556,-2.469577059848453,6.300910853305007,0.10463391193116635
O=c1c(O)cc2c(O)oc3c(=O)c(O)cc4c(O)oc1c2c43,0,0.6818181818181818,1.0454545454545454,1.4090909090909092,16.479875498242492,10.01802158113417,2.243663132936691,-2.106017722154572,2.418811981153049,-2.0548109261102834,6.215755549642649,0.3393135708358031
COc1cc2nccc(Oc3ccc(NC(=O)Nc4cc(C)on4)c(Cl)c3)c2cc1OC,0,1.0,1.78125,2.46875,35.495692270635104,10.150820349474213,2.1306137929814404,-2.131478540285895,2.374438396615449,-2.1928453111124377,6.335414313093296,0.26158630539514116
N=C(N=C(N)NCCCCCCN=C(N)N=C(N)Nc1ccc(Cl)cc1)Nc1ccc(Cl)cc1,0,0.7352941176470589,1.2941176470588236,1.911764705882353,35.4967852043491,10.171197959320192,1.99554471574272,-2.0724203716398875,2.1356248985272512,-2.334585616422256,6.305220558845684,0.636212689937973
C(=C/c1ccccc1)\CN1CCN(C(c2ccccc2)c2ccccc2)CC1,1,0.6428571428571429,1.1428571428571428,1.6785714285714286,15.269525616740607,9.962131321825268,2.252722441963906,-2.39151283684626,2.288840554648553,-2.472947194374765,5.483144939236931,0.11757998298511219
CC(NCCCc1cccc(C(F)(F)F)c1)c1cccc2ccccc12,0,0.9230769230769231,1.6538461538461537,2.4615384615384617,19.41317842874357,9.992829760889842,2.296994200377027,-2.1652815463671833,2.2946117231859895,-2.201594526019837,5.855435151130989,-0.13718170931734566
CN(C)CCc1c[nH]c2ccc(CS(=O)(=O)N3CCCC3)cc12,0,1.2173913043478262,1.9565217391304348,2.652173913043478,32.23338326490615,10.081568930579552,2.250658932855769,-2.151324068879767,2.2312753316968905,-2.2854787431628982,7.8785310620762825,0.4139787652892681
CCCCc1nc(Cl)c(CO)n1Cc1ccc(-c2ccccc2-c2nn[nH]n2)cc1,0,1.0666666666666667,1.8333333333333333,2.5,35.49569723627122,9.98055358743916,2.155311166567219,-2.122508828705969,2.2981501629167616,-2.088696583545453,6.296539311528197,0.2708123957040018
CCN1CCCC1CNC(=O)c1cc(S(N)(=O)=O)ccc1OC,0,1.4782608695652173,2.217391304347826,2.8260869565217392,32.23311632450715,10.140706954844488,2.2403627559828783,-2.226668155074837,2.2207964249416157,-2.396826440932337,7.887646504850715,0.0937835505290354
CCC(C)CCCCC(=O)NC(CCN)C(=O)NC(C(=O)NC(CCN)C(=O)NC1CCNC(=O)C(C(C)O)NC(=O)C(CCN)NC(=O)C(CCN)NC(=O)C(CC(C)C)NC(=O)C(Cc2ccccc2)NC(=O)C(CCN)NC1=O)C(C)O,0,0.5647058823529412,1.0588235294117647,1.5647058823529412,16.274334796212916,9.997639770516344,2.374283192198484,-2.286020541783081,2.1383993187897623,-2.6172608487233107,5.990006982196668,-0.13665906637460637
O=C(O)[C@@]1(CCCCCCOc2ccc(Cl)cc2)CO1,1,1.25,1.9,2.5,35.495691365501216,10.017958480277688,2.512824839740973,-2.0718620428416687,2.326924391480109,-2.2314917863550394,6.301062045640298,-0.1430168675677371
Nc1ncnc2c1ncn2[C@@H]1O[C@H](COP(=O)(O)O)[C@@H](O)[C@H]1O,0,1.3043478260869565,2.0434782608695654,2.739130434782609,31.204461967197116,10.128387819411492,2.446939992488278,-2.1604085793860954,2.3835472459373497,-2.3318369701078754,7.458301298770737,-0.05035230309137855
COc1cc(Nc2ncc(F)c(Nc3ccc4c(n3)N(COP(=O)(O)O)C(=O)C(C)(C)O4)n2)cc(OC)c1OC,1,1.075,1.75,2.35,31.204463727257487,10.061740542412574,2.4242396323236,-2.371317967295765,2.4191763696760695,-2.5295540465064814,7.458384687473715,-0.13313866061426793
Oc1ccc(Cc2nc3c(Cc4ccccc4)nc(-c4ccc(O)cc4)cn3c2O)cc1,0,0.625,1.21875,1.90625,16.269424682007454,10.091960888911798,2.177663807977625,-2.0844619357494145,2.2872125014338685,-2.004567208178224,5.6356672442284514,0.44193534023299397
CC(=O)Nc1ccc(O)cc1,0,1.3636363636363635,1.9090909090909092,2.3636363636363638,16.25468871437964,10.28019085996475,1.928036059035984,-1.9945540738765863,2.1252475791601784,-2.044011312610289,5.880954784597921,-0.11373578338265977
N#CC1CCCN1C(=O)CNC12CC3CC(CC(O)(C3)C1)C2,0,1.3181818181818181,2.0454545454545454,2.6818181818181817,16.284390788008068,9.508581340594894,2.566256946073174,-2.6008448848685353,2.5688880721246816,-2.650340101214465,5.789572597438026,-0.1465772545263875
NCCCC(N)(C(=O)O)C(F)F,0,1.5833333333333333,2.0833333333333335,2.3333333333333335,19.279973382080186,9.95307169714634,2.424478344769903,-2.2237138351958947,2.182805475530162,-2.5389265515254493,5.785403112337641,-0.14966738643927963
COc1cc(O)c(CC=C(C)C)c(O)c1C(=O)C=Cc1ccc(O)cc1,1,1.1153846153846154,1.7692307692307692,2.3461538461538463,16.467223738758157,9.988818415357489,2.2131728255309366,-2.13252441849722,2.38673132151746,-2.021549484319464,6.105892565279651,0.10373051266512356
OC(Cn1cncn1)(Cn1cncn1)c1ccc(F)cc1F,1,1.0,1.5909090909090908,2.0454545454545454,19.145462344355394,9.926492939423119,2.340672135523436,-2.2820552864922314,2.27658960835272,-2.372777619899982,5.246659911815984,-0.00855349022892143
Cc1cc(N2CCN(C3CNC(C(=O)N4CCSC4)C3)CC2)n(-c2ccccc2)n1,0,1.1333333333333333,1.9333333333333333,2.6666666666666665,32.166520172457425,10.095240391618164,2.3647403485616474,-2.384056898830834,2.2471830769196015,-2.510173422601502,7.990189764587668,-0.1311724871627235
CN(C)CCC(c1ccccc1)c1ccccn1,0,1.0,1.7222222222222223,2.3333333333333335,15.046210303928508,9.916981850765985,2.144162026981667,-2.1892577335356327,2.256640142841091,-2.1662909655723137,5.277398115591749,0.388956557952411
COCCOC(=O)C1=C(C)N=C(C)C(C(=O)OCC=Cc2ccccc2)C1c1cccc([N+](=O)[O-])c1,0,1.0555555555555556,1.8055555555555556,2.5,16.628631832484487,9.752742748986963,2.4239006577719335,-2.310420348369009,2.4054932061049565,-2.364137527055814,6.066028772616737,-0.38448997202025675
CS(=O)(=O)N1CCN(Cc2cc3nc(-c4cccc5[nH]ncc45)nc(N4CCOCC4)c3s2)CC1,0,1.0857142857142856,1.8857142857142857,2.657142857142857,32.233274426000946,10.107181594134321,2.249758920491081,-2.323624050162499,2.3598229704705136,-2.4724786556162126,7.87896219766543,0.12225332568113083
COc1ccccc1Oc1c(NS(=O)(=O)c2ccc(C(C)(C)C)cc2)nc(-c2ncccn2)nc1OCCO,0,0.8974358974358975,1.564102564102564,2.1794871794871793,32.23327282565904,9.872269513489698,2.260787068266747,-2.1959642345139905,2.410228688819237,-2.172058618569293,7.923315132280482,0.19227366334351736
CN(C)Cc1ccc(-c2nc3cccc4c3n2CCNC4=O)cc1,0,1.1666666666666667,1.9583333333333333,2.7083333333333335,16.14928645373593,10.114279715496153,2.209998424256147,-2.1073200968877868,2.2812543204957523,-2.237406410037534,6.057768983046769,0.09564505760111583
CN(CCOc1ccc(Cc2sc(=O)[nH]c2O)cc1)c1ccccn1,0,1.24,2.04,2.68,32.13353597966802,10.1253227957298,2.075785267470806,-2.1767393701186517,2.2137377057390233,-2.239553942095934,7.090722533146806,0.32535953933888156
C#Cc1cccc(Nc2ncnc3cc(OCCOC)c(OCCOC)cc23)c1,0,0.9310344827586207,1.6551724137931034,2.3448275862068964,16.54743684328043,10.152772629222405,2.1271423094475086,-2.1498062135119125,2.346649456365803,-2.086460806891234,5.926346383776922,0.132211986021918
CC(=O)OC1CC2CCC3C(CCC4(C)C3CC([N+]3(C)CCCCC3)C4OC(C)=O)C2(C)CC1[N+]1(C)CCCCC1,1,0.6829268292682927,1.2682926829268293,1.853658536585366,16.54884894222353,9.441992846569365,2.6759866199780546,-2.626915118920671,2.6759426640818047,-2.6616961820188503,5.662883974936609,-0.9426452390327659
CC(=O)N=c1sc(S(N)(=O)=O)nn1C,0,1.6428571428571428,2.2142857142857144,2.5714285714285716,32.24798204798436,10.753302729762348,2.1355019711634364,-1.8588986799285667,2.033756215574065,-2.1399578527711483,7.906395855772019,-0.11557105160626292
CC(=O)NC1C(N=C(N)N)C=C(C(=O)O)OC1C(O)C(O)CO,0,1.434782608695652,2.0434782608695654,2.4782608695652173,16.53159242923167,9.920749454243287,2.431621738217247,-2.380318220783554,2.2431441777145658,-2.594090639704955,5.848563065036616,-0.14540393576090485
CS(=O)(=O)Nc1ccc([N+](=O)[O-])cc1Oc1ccccc1,0,1.1428571428571428,1.8095238095238095,2.380952380952381,32.23310122054285,10.236534309172969,2.1477365946606977,-2.113471917921159,2.3303992432473772,-2.100880132139867,7.915301524258648,-0.3844669764467405
CNC1C(OC2OC(CO)C(N)C(O)C2O)OC2CC(N)C(OC3C(N)CC(N)C(O)C3O)OC2C1O,0,0.7297297297297297,1.4324324324324325,2.081081081081081,16.784388236239426,9.842493114034411,2.537534159486234,-2.5108721244325825,2.3503813843250807,-2.699348815666319,5.013985720963292,-0.37261175231659516
C#C[C@]1(O)CC[C@H]2[C@@H]3CCC4=Cc5oncc5C[C@]4(C)[C@H]3CC[C@@]21C,0,1.24,2.04,2.84,16.459027857879686,9.462327078314177,2.6319562021571374,-2.580067968438144,2.668515727298666,-2.5414193156217295,5.570738822975908,-0.09748412393052829
O=C(O)CCCc1ccc(N(CCCl)CCCl)cc1,1,1.105263157894737,1.6842105263157894,2.1578947368421053,35.49675321670228,10.07790407980415,2.050526411060421,-2.225519210930052,2.163922582248724,-2.2695039429500623,6.182858986698471,-0.1366095894694325
O=C1c2cccc3c2C(CCC3)CN1C1CN2CCC1CC2,0,1.0454545454545454,1.9090909090909092,2.6818181818181817,16.153645911544576,9.751745311807046,2.431939420117585,-2.5108170007177355,2.411178883354801,-2.6005108365050837,5.974994957782182,0.002580160488616121
COc1c(O)c(C)c(C=CCCCCCCCCO)c(O)c1OC,0,0.8333333333333334,1.375,1.9583333333333333,16.518443341833994,10.026413982307403,2.211250409654412,-2.1552524973555705,2.4811349540139576,-1.955518507228997,5.735029977686958,0.2820511162119891
CC1=C(C(=O)O)N2C(=O)C(NC(=O)C(N)c3ccccc3)C2SC1,0,1.375,2.0416666666666665,2.6666666666666665,32.16663676633534,10.012944121352326,2.534274196620411,-2.4895297727796786,2.3970549019685286,-2.7053832344612383,7.998327495054577,-0.150444046440921
CN(C)CCC=C1c2ccccc2COc2ccc(CC(=O)O)cc21,0,1.2,2.0,2.76,16.47783494063041,9.91864388635512,2.1922126585094324,-2.1307302523301423,2.371669875956476,-2.1166956154183256,5.852932936313728,-0.1357299417560552
COc1ccccc1N1CCN(CCCNc2cc(=O)n(C)c(=O)n2C)CC1,0,1.0357142857142858,1.75,2.4642857142857144,16.46653090903419,10.190873486053654,2.1861790469438587,-2.362250708119972,2.2776868547457485,-2.465453702543167,5.582010347629265,0.2561512011392088
Cc1cc(=O)n(-c2ccccc2)[nH]1,0,1.2307692307692308,1.9230769230769231,2.4615384615384617,16.142058918545096,10.309648576477903,1.9943725023900558,-1.988671284648193,2.01625422927341,-2.1243457991951384,5.297794763707923,0.8352198179460157
CC1(C)CCC(C)(C)c2cc(Cn3cccn3)c(C=Cc3ccc(C(=O)O)cc3)cc21,0,1.032258064516129,1.6774193548387097,2.2580645161290325,16.365566467975754,9.622675304965327,2.370470937579006,-2.421012444513048,2.464051968192102,-2.338303080506715,5.876377621902178,0.06966162257506715
O=C(O)CCc1nc(-c2ccccc2)c(-c2ccccc2)o1,0,0.9545454545454546,1.5454545454545454,2.1363636363636362,16.367489405850755,10.063354918468184,2.165706088338573,-2.0037812231939425,2.322461916971278,-1.96912480116705,5.764445581476114,-0.1365667930221287
Cc1cc(C)cc(OCC2CNC(=O)O2)c1,0,1.375,2.0625,2.625,16.587657405259897,10.141441733538848,2.223005832600568,-2.108481110191303,2.16460197653969,-2.2148708813061977,5.688444381415866,0.10457002609240275
CNCC(=O)O,1,2.0,2.5,2.5,16.366345844690034,10.675802316738366,1.856643357845241,-1.8358580121754688,1.5033943147519864,-2.1643942066574486,5.6838523425410585,-0.13535286061321822
COc1cc(CCc2cc(NC(=O)c3ccc(N4CC(C)NC(C)C4)cc3)[nH]n2)cc(OC)c1,0,1.0,1.6470588235294117,2.264705882352941,16.475619995265554,10.075533337413004,2.2090475789336432,-2.3728706970454088,2.236521806168989,-2.5388696740154004,6.034894936059408,0.10216299876081779
O=C(Nc1ccccc1-c1cn2c(CN3CCNCC3)csc2n1)c1cnc2ccccc2n1,1,1.0294117647058822,1.8235294117647058,2.7058823529411766,32.13346006252043,10.109418410291624,2.17286205101422,-2.2620643105022866,2.2981112446970444,-2.425491239050963,7.14823828549766,0.10175326602957037
C#CCNC1CCc2ccccc21,0,1.4615384615384615,2.3076923076923075,3.1538461538461537,14.901916634473501,10.092597169744215,2.1970518567275827,-2.104397525715807,2.2966424297265235,-2.185444245529132,5.338465367049646,0.5682252693949413
CN(C)CCC=C1c2ccccc2Sc2ccc(Cl)cc21,0,1.0476190476190477,1.8095238095238095,2.619047619047619,35.495691719079936,9.958149204799039,2.199397401015546,-2.222351008924316,2.4553410606398938,-2.1185606101423233,7.992200412158455,0.4170728982056569
Cc1ccc(=O)n(-c2ccccc2)c1,0,1.0,1.7142857142857142,2.4285714285714284,16.139670830662627,10.251777940489399,1.9681766074820137,-2.0471843259931872,2.039578198237433,-2.157203468469043,5.3195032490920005,0.9764978564940918
CC1(C(=O)O)CCC2(C)CCC3(C)C(=C2C1)CC(=O)C1C2(C)CCC(OC(=O)CCC(=O)O)C(C)(C)C2CCC13C,0,0.8292682926829268,1.4878048780487805,2.1219512195121952,16.54470692086009,9.335513109627085,2.6985706514886196,-2.697770884013501,2.7457175104397478,-2.662820010329282,5.877754758628133,-0.21142259314553613
O=C(O)CCCCC1CCSS1,0,1.5,2.3333333333333335,2.9166666666666665,33.11476508282396,10.116067189926348,2.1500917591832733,-2.0436932871436087,2.39338899651036,-1.9868013802965898,8.769353353371876,-0.13665039405238308
CC(=O)CCCCn1c(=O)c2c(ncn2C)n(C)c1=O,1,1.25,1.95,2.6,16.1619273125688,10.170590840676926,2.138052192770346,-2.07724909455429,2.0363422080286635,-2.391736089461373,5.748488103459397,-0.11663784731322152
Cc1cc(C(C)Nc2ccccc2)c2nc(N3CCOCC3)cc(=O)n2c1,0,1.1481481481481481,1.8888888888888888,2.6296296296296298,16.477541779741905,10.074014102129961,2.1763759094255453,-2.2784742196749783,2.2404613864360123,-2.3737496932087163,5.576457435157898,0.12211006111989145
O=C(O)C(O)Cc1ccc(O)c(O)c1,0,1.2857142857142858,1.9285714285714286,2.4285714285714284,16.399389452612944,10.077972271403217,2.137742324653675,-2.0570914306076205,2.2478573148238317,-2.213334189952978,5.719324822040019,-0.14599858565287446
Cc1cccc(C)c1OCC(C)N,0,1.3076923076923077,1.8461538461538463,2.3076923076923075,16.478933541976346,10.1249702592546,2.0301887728711576,-2.127266505106578,2.2154346270721534,-2.23584981771383,5.391426512092228,0.29233041286498074
O=C(O)c1ccc(Nc2ncc3c(n2)-c2ccc(Cl)cc2C(c2c(F)cccc2F)=NC3)cc1,0,1.0,1.7352941176470589,2.4411764705882355,35.495692121947954,9.945733192794565,2.248218318671341,-2.132275872466289,2.3434813172326177,-2.0985958365210906,6.313376348212245,0.06966364461468852
COc1cc(Nc2c(C#N)cnc3cc(OCCCN4CCN(C)CC4)c(OC)cc23)c(Cl)cc1Cl,1,1.0,1.75,2.4444444444444446,35.49683733000116,10.084252075442604,2.172810571980566,-2.317562783270664,2.400066911772941,-2.443917260659535,6.369571544036333,0.14485316277854351
Cc1nc(Nc2ncc(C(=O)Nc3c(C)cccc3Cl)s2)cc(N2CCN(CCO)CC2)n1,1,1.2121212121212122,2.0,2.727272727272727,35.495692627906315,10.173622896957433,2.191568760674455,-2.3471555825901476,2.28122546398441,-2.470931023082424,7.171599304418783,0.10254581742070244
O=C(O)CO,1,1.8,2.0,2.0,16.39271308008058,10.771231196904541,1.8218403458770154,-1.7181804286097657,1.4845550948956652,-1.982084097120998,5.670786926274126,-0.13963276629937416
CCCCCCCCOc1ccccc1C(=O)Nc1ccc(C(=O)OCC[N+](C)(CC)CC)cc1,0,0.8285714285714286,1.4857142857142858,2.1714285714285713,16.533783988668905,10.120701254132822,2.176201564950463,-2.3117849042485434,2.207107017348016,-2.4559643950038983,6.059306932542944,-0.9057709277348531
CC(C)(O)c1ccccc1CCC(SCC1(CC(=O)O)CC1)c1cccc(C=Cc2ccc3ccc(Cl)cc3n2)c1,0,1.048780487804878,1.829268292682927,2.5853658536585367,35.495692765838115,9.900127930051934,2.4424493554052686,-2.2409437844344273,2.530597582499496,-2.1793033756781908,7.990992249759846,-0.13773204540421777
COc1cc2nc(N3CCN(C(=O)c4ccco4)CC3)nc(N)c2cc1OC,0,1.1071428571428572,1.8214285714285714,2.4642857142857144,16.50791732112156,10.174800198412182,2.251881408038774,-2.340055169616679,2.337294176825131,-2.488315785496332,5.922601976190241,0.07139216802250041
CCC1(c2cccc(O)c2)CCCCN(C)C1,0,1.3529411764705883,2.176470588235294,2.8823529411764706,16.254686452642176,9.74249627920662,2.325797737876698,-2.3469934672045625,2.368123165161127,-2.366886129540245,5.332862788527175,0.25576450522800515
CCCc1nc2c(C)cc(-c3nc4ccccc4n3C)cc2n1Cc1ccc(-c2ccccc2C(=O)O)cc1,0,0.8717948717948718,1.6153846153846154,2.358974358974359,16.365652564123135,9.984910433439069,2.1739126620010576,-2.11882742299388,2.309091634177695,-2.0535174454892746,5.956390133038408,0.0697448789456039
CCOc1ccc2ccccc2c1C(=O)NC1C(=O)N2C1SC(C)(C)C2C(=O)O,1,1.2413793103448276,1.9655172413793103,2.6551724137931036,32.16690657757113,9.952719699294994,2.637706728394294,-2.4317597007677096,2.5043943276626117,-2.7019907972666237,8.013156300397076,-0.1593944058632058
O[C@@H](COc1cccc2ncccc12)CN1CCN([C@H]2c3ccccc3[C@@H]3[C@H](c4ccccc42)C3(F)F)CC1,0,0.8205128205128205,1.4615384615384615,2.128205128205128,19.28701917023829,9.900632819115708,2.7072432136481037,-2.406680649995959,2.6993522540420782,-2.5000520875647374,5.842803022934399,0.040025290784465456
OCc1c[nH]c2ccccc12,0,1.2727272727272727,2.090909090909091,2.909090909090909,16.250347393339204,10.170549850001548,1.9835085761827154,-1.8976283142929817,2.1620662269425255,-1.7634681099438514,5.8229852978575165,0.2831243875961795
O=C(OC1CN2CCC1CC2)N1CCc2ccccc2C1c1ccccc1,0,0.9259259259259259,1.6666666666666667,2.4074074074074074,16.562720163983776,9.85594029260512,2.3912408893770505,-2.4492553611940715,2.36444274259677,-2.5314889792226944,5.700909400806126,-0.046218800834392074
COc1cc2c(cc1OC)C(Cc1ccc(Oc3cc(CC4c5cc(OC)c(OC)cc5CCN4C)ccc3O)cc1)N(C)CC2,1,0.5869565217391305,1.0434782608695652,1.5434782608695652,16.513536734826268,9.881818863142113,2.2855223167840406,-2.351476376111129,2.4134070449661618,-2.3310534420416364,5.5164096791291035,0.2274752000832756
CNC(=O)c1ccccc1Nc1nc(Nc2ccc(N3CCOCC3)cc2OC)ncc1Cl,0,1.121212121212121,1.9090909090909092,2.6666666666666665,35.49569234066029,10.140323806710532,2.1563353050661913,-2.2896610650987723,2.3268791835419296,-2.356681894683653,6.3253968952045,0.09636415310287594
CNC(Cc1ccc2ccccc2c1)C(=O)NC1CSSCC(C(=O)NC(CCCN=C(N)N)C(N)=O)NC(=O)C(CCCNC(N)=O)NC(=O)C(CCCNC(=N)N)NC(=O)C(Cc2ccc(O)cc2)NC(=O)C2CCCN2C(=O)C(CCCCN)NC(=O)C(CCCCN)NC(=O)C(CCCNC(N)=O)NC(=O)C(Cc2ccc(O)cc2)NC1=O,1,0.5163934426229508,0.9672131147540983,1.459016393442623,33.11461438419825,10.006666896533616,2.416972551860367,-2.3126062655172244,2.2629185470612074,-2.6092024480880203,8.763179911371827,-0.1424959955726438
O=NO,0,2.0,2.0,2.0,16.58238107570051,13.424561880458528,1.1817283086004053,-1.320538918079758,1.2471728754223228,-1.2482079439497733,3.833376474938772,0.31186622906994965
CC1Cc2ccccc2N1NC(=O)c1ccc(Cl)c(S(N)(=O)=O)c1,0,1.2916666666666667,2.0,2.7083333333333335,35.49569371858208,10.127572462830411,2.272678851749692,-2.2511034463733814,2.3000918158783126,-2.4529834969305955,7.88884623241054,0.09457301427383777
COc1cc(C2c3cc4c(cc3C(OC3OC5COC(C)OC5C(O)C3O)C3COC(=O)C23)OCO4)cc(OC)c1O,1,0.8809523809523809,1.5714285714285714,2.261904761904762,16.754316205209808,9.657683374194171,2.556729925674994,-2.4731031128606746,2.566239958946181,-2.628380688161118,5.786321584259348,-0.36415389773560125
N=C(N)NCCCC1NC(=O)C(CCCCN)NC(=O)C(Cc2ccc(O)cc2)NC(=O)C(CC(=O)O)NC(=O)CNC1=O,0,0.8409090909090909,1.4090909090909092,2.022727272727273,16.365795694043605,10.019101043688329,2.3260385104240027,-2.256980474642434,2.126751160369667,-2.578544460848765,5.975738788547895,-0.1407783290031913
N#CCNC(=O)c1ccc(-c2ccnc(Nc3ccc(N4CCOCC4)cc3)n2)cc1,1,1.064516129032258,1.8064516129032258,2.5161290322580645,16.47750091089616,10.087609566542394,2.110794404454848,-2.284556622738811,2.2249763244831797,-2.356080773578195,5.942850736116305,0.095822726463301
C=CC(=O)Nc1cccc(Nc2nc(Nc3ccc(N4CCN(C(C)=O)CC4)cc3OC)ncc2C(F)(F)F)c1,0,1.05,1.775,2.425,19.413202381236015,10.178051269210604,2.3522572356090716,-2.354319198318054,2.3669329510893733,-2.476277126739799,5.987492910736849,-0.13698582324868866
COc1cc(NC(=O)c2ccc(-c3ccc(Cl)cc3)o2)cc(OC)c1,0,0.96,1.6,2.2,35.49569162074655,10.162316392260259,2.134668820238435,-2.0862337036959384,2.2727422972170035,-2.1056584631824715,6.301688538495754,0.09972134276227158
O=C(O)C1=C(CSc2nnnn2CS(=O)(=O)O)CS[C@@H]2C(NC(=O)C(O)c3ccccc3)C(=O)N12,0,1.2857142857142858,2.0,2.657142857142857,32.23980775188528,10.017513621855596,2.5400739322981067,-2.491716702480159,2.41241360363312,-2.7048495526405762,8.005694854170079,-0.15137298014466902
CC(C)(Oc1ccc(C(=O)c2ccc(Cl)cc2)cc1)C(=O)O,0,0.9545454545454546,1.4090909090909092,1.8636363636363635,35.49569145993671,10.032345404196374,2.288541689022959,-2.2100161544053405,2.207128920315395,-2.3735913225697365,6.302889731938498,-0.15170129223447937
CCOc1nc2cccc(C(=O)OC(C)OC(=O)OC3CCCCC3)c2n1Cc1ccc(-c2ccccc2-c2nn[nH]n2)cc1,0,0.9555555555555556,1.7333333333333334,2.466666666666667,16.79582114017598,9.978592814326065,2.246773215372538,-2.220802287582772,2.31227897115136,-2.2644472756071514,6.022266632098591,-0.09137500845347031
Cc1cc(OCCN2CCOCC2)nn1-c1ccc2ccccc2c1,0,1.04,1.84,2.68,16.48915663315703,10.109465128356694,2.113762879156734,-2.2555760215669864,2.2108945091034653,-2.382329146496501,5.838382935711535,0.031958699225579305
COc1ccc(Cl)cc1C(=O)NCCc1ccc(S(=O)(=O)NC(=O)NC2CCCCC2)cc1,0,1.0606060606060606,1.7575757575757576,2.4242424242424243,35.49569244248692,9.956633296413544,2.2085919396625644,-2.223010583566652,2.2224051403470138,-2.445846781296317,7.896656043740831,0.0950765299692143
COC1C(=O)C(C)C[C@H](C)/C=C/C=C/C=C(\C)[C@@H](OC)C[C@@H]2CC[C@@H](C)[C@@](O)(O2)C(=O)C(=O)N2CCCCC2C(=O)O[C@H]([C@H](C)C[C@@H]2CC[C@@H](O)[C@H](OC)C2)CC(=O)C(C)=CC(C)[C@H]1O,1,0.8615384615384616,1.5846153846153845,2.2615384615384615,16.640334747801777,9.782677638517368,2.528625442816412,-2.4244534363469024,2.375405655701758,-2.6051817859080684,6.387410963887628,-0.26534426915024206
CC(=O)[C@@]1(O)CC[C@H]2[C@@H]3CC=C4CC(=O)CC[C@]4(C)[C@H]3CC[C@@]21C,0,1.1666666666666667,1.875,2.5833333333333335,16.30095610520264,9.465979159227608,2.647082882686459,-2.5776402134344987,2.665515564102898,-2.5637461393062995,5.860113192165242,-0.1587137907333079
C[C@]12CC[C@H]3[C@@H](CC[C@@]45OC4C(=O)C(C#N)C[C@]35C)[C@@H]1CC[C@@H]2O,1,1.1666666666666667,1.9583333333333333,2.7083333333333335,16.621313361889115,9.438458145048092,2.776156134800654,-2.589040916277628,2.721333252485089,-2.5931333019697687,5.922872226975961,-0.1377755660117507
CC(C)OC(=O)C(C)N[P@](=O)(CO[C@H](C)Cn1cnc2c(N)ncnc21)Oc1ccccc1,0,1.1515151515151516,1.878787878787879,2.5757575757575757,31.183809832638815,10.34581835627549,2.3162779923122248,-2.2506370898069123,2.4360976158390257,-2.3658907209974496,7.566734607531605,-0.14853282450509953
C=CC(=O)Nc1cccc(C)c1Nc1ncc2cc(-c3c(Cl)c(OC)cc(OC)c3Cl)ccc2n1,1,1.0571428571428572,1.7714285714285714,2.4285714285714284,35.49683770680305,10.024519891205697,2.1902450624483265,-2.1557723145752785,2.458988573321724,-2.1015977304697886,6.407634439876447,-0.11142912671335833
O=C(c1ccccc1)c1ccc2n1CCC2C(=O)O,0,1.105263157894737,1.8421052631578947,2.526315789473684,16.366727303549343,10.055450333731411,2.310264844100757,-2.049891935186775,2.3087888105276044,-2.0942364550887915,6.077836110665309,-0.13826698003541726
CNCC(O)C(O)C(O)C(O)CO,0,1.0,1.4615384615384615,1.8461538461538463,16.387930085286623,10.035398102299233,2.2873982512445648,-2.2477766310388385,2.0351959762770537,-2.4813396110310317,4.806398125875897,-0.11322100012393117
CCC(Nc1ncnc2[nH]cnc12)c1nc2cccc(F)c2c(=O)n1-c1ccccc1,0,1.096774193548387,1.935483870967742,2.7419354838709675,19.14218121562468,10.125575004965684,2.2245656576290695,-2.2185946348505325,2.2593750506418866,-2.2843310850484198,5.821514096822211,0.6298345537870514
NCC1(CC(=O)O)CCCCC1,0,1.3333333333333333,1.9166666666666667,2.3333333333333335,16.365345369539725,9.717817546969004,2.321480205694005,-2.3416982142331233,2.3758786912644423,-2.344426008588456,5.673151788239589,-0.1397408588295022
NS(=O)(=O)Cc1noc2ccccc12,0,1.3571428571428572,2.0714285714285716,2.7857142857142856,32.233072166281154,10.20989403574779,2.12417340262391,-1.9198806200167529,2.1813727487353485,-2.142415244890833,7.87875814768009,0.448386679549692
COC(=O)C1=C(C)N=C(C)C(C(=O)OCCN2CCN(C(c3ccccc3)c3ccccc3)CC2)C1c1cccc([N+](=O)[O-])c1,0,0.9333333333333333,1.5555555555555556,2.1333333333333333,16.628519845716802,9.752860113867488,2.424634729440694,-2.3944201381724137,2.4063623633079003,-2.4842128083272805,6.065590689041732,-0.38449014601272974
CC12CC3CC(C)(C1)CC(N)(C3)C2,0,0.9230769230769231,1.4615384615384615,1.8461538461538463,14.821637226932717,9.428288868144998,2.58041443805443,-2.639250310885774,2.64931044208812,-2.6190083900758956,5.1240465028388416,-0.10447460338401256
Cc1cnc(Nc2ccc(N3CCN(C)CC3)cc2)nc1Nc1cccc(S(=O)(=O)NC(C)(C)C)c1,1,0.9166666666666666,1.6111111111111112,2.2777777777777777,32.23327352454337,10.144258550437584,2.219830514569614,-2.336434043316412,2.246601446044339,-2.4398082995533077,7.891636837473545,0.31262107909111486
COC(=O)C(CCSC)NC(=O)c1ccc(NC[C@@H](N)CS)cc1-c1ccccc1,0,1.2,1.9333333333333333,2.566666666666667,32.16639117324296,9.975852645017676,2.23129438049338,-2.185236875806601,2.271630433912737,-2.4167836290036644,7.981008436822842,-0.14244018325180172
CCN(CCCCOC(=O)c1ccc(OC)c(OC)c1)C(C)Cc1ccc(OC)cc1,0,0.9354838709677419,1.6451612903225807,2.2580645161290325,16.534185333148884,10.053306501984125,2.138913404827993,-2.276539119093279,2.273803459760171,-2.3500886660446882,5.897950933227646,0.049278981117366075
COC(=O)C1=C(C#N)N=C(C)C(C(=O)OC(C)C)C1c1cccc([N+](=O)[O-])c1,0,1.3571428571428572,2.0357142857142856,2.5714285714285716,16.6285001831863,9.752018390254069,2.434445733710482,-2.305520396286624,2.4053152968311324,-2.3701672705970847,6.070754063370614,-0.3844899022055993
C[N+](C)(C)CC(O)CC(=O)[O-],0,1.5454545454545454,2.0,2.272727272727273,16.36857198245392,10.214393819273855,2.143201371635719,-2.2625117582776633,1.9721558974907443,-2.42875525806972,5.642884388794982,-0.8731005151423438
CC(OC1OCCN(Cc2n[nH]c(=O)[nH]2)C1c1ccc(F)cc1)c1cc(C(F)(F)F)cc(C(F)(F)F)c1,0,1.0810810810810811,1.7027027027027026,2.2432432432432434,19.417170271807837,10.002942691356823,2.3918271468475663,-2.4129989028995484,2.393917696552415,-2.4611154704805442,5.344730818605972,-0.23101558642105724
O=c1[nH]cnc2[nH]ncc12,0,1.5,2.4,3.2,16.138144678792976,10.438238596417905,1.9694461248273882,-1.812466180153026,1.955010880077166,-2.0366636212862352,5.70987891576323,1.0837264456107718
CCOC(=O)C1=C(C)N=C(C)C(C(=O)OC)C1c1cccc([N+](=O)[O-])c1,0,1.3076923076923077,2.0,2.576923076923077,16.628473311175032,9.752951970028452,2.420366949096949,-2.306660610868535,2.4035300686714676,-2.357735285254627,6.06510531017363,-0.38448968568949876
O=C(C=CC=Cc1ccc2c(c1)OCO2)N1CCCCC1,0,1.0476190476190477,1.8571428571428572,2.7142857142857144,16.69670146128261,10.125370660451374,2.1325763114597627,-2.247505426725529,2.322391761719781,-2.33765737727787,5.876356372190185,-0.1263676849232906
COc1ccc(CN2CCN(C(c3ccc(F)cc3)c3ccc(F)cc3)CC2)c(OC)c1OC,0,0.6764705882352942,1.2058823529411764,1.6764705882352942,19.143524489266113,9.958997723459834,2.273439010167577,-2.3962506561614476,2.4010028159735737,-2.4700634120404454,5.55342035570125,0.10384894613224593
O=C1Cc2c([nH]c3ccc(Br)cc23)-c2ccccc2N1,1,1.1,1.95,2.85,79.91873112295978,10.031968090230771,2.2184152759884537,-2.0511412640492046,2.3733968795269726,-2.1195707815377456,9.10302251840602,-0.11506337749524867
O=c1sn(-c2cccc3ccccc23)c(=O)n1Cc1ccccc1,0,0.7916666666666666,1.5,2.3333333333333335,32.13720471958045,10.100367862355839,2.1339741756518755,-2.050834996633243,2.211463197617678,-2.2844732542023247,7.035086637787397,0.723365913473664
CCC1=CC2CN(C1)Cc1c([nH]c3ccccc13)C(C(=O)OC)(c1cc3c(cc1OC)N(C)C1C(O)(C(=O)OC)C(OC(C)=O)C4(CC)C=CCN5CCC31C54)C2,0,1.0,1.7719298245614035,2.473684210526316,16.576917900689324,9.473343544043466,2.8012290554525037,-2.6305599753056614,2.6797455066639064,-2.809862831282648,5.946731439624397,-0.22812843748571415
N#CC1(c2ccc(NC(=O)c3cccnc3NCc3ccncc3)cc2)CCCC1,0,1.0333333333333334,1.7666666666666666,2.466666666666667,16.149308636767714,9.802702356094473,2.351110271720965,-2.2058723917901033,2.4029052662088572,-2.19298830962559,6.069673406313305,0.1022504996529053
Cn1nccc1Nc1nccc(-c2cc3c(s2)C(C)(C)N(CCN2CCOCC2)C3=O)n1,0,1.1875,2.0,2.71875,32.13356252192861,10.032742070474198,2.444528419756703,-2.3476333905661884,2.454512515609625,-2.4584444377966492,7.1569404117707185,0.02628340696815641
OC(CCCN1CCCCC1)(c1ccccc1)c1ccccc1,0,0.782608695652174,1.3043478260869565,1.826086956521739,16.28403491381763,9.823325736041484,2.3044912567984097,-2.3157064516053123,2.336660227106468,-2.328694049325594,5.352201381748882,0.06380429448773103
CC(O)C1C(=O)N2C(C(=O)[O-])=C(SC3Cn4cnc[n+]4C3)C(C)C12,0,1.5833333333333333,2.3333333333333335,2.9583333333333335,32.16668611166801,9.790030883315996,2.5853576261478484,-2.4672053359855886,2.508221776478071,-2.6373329767359452,8.032713445848545,-0.7579073860495648
CCC(CC)C(NC(C)=O)C1C(N=C(N)N)CC(C(=O)O)C1O,0,1.3043478260869565,1.8695652173913044,2.260869565217391,16.37058490301729,9.802369069672059,2.50334928965645,-2.3492675654023336,2.3906354145219164,-2.505039700647155,5.76488363164071,-0.14483070630240272
C/C(=C\CO)CCC[C@H](C)CCC[C@H](C)CCCC(C)C,0,0.8095238095238095,1.2857142857142858,1.7619047619047619,16.249501092249158,9.914014115220716,2.061403675406607,-2.1471365397908753,2.214288072087416,-1.9990546118199268,4.968090185891657,0.34091525435187975
CCCCc1oc2ccccc2c1C(=O)c1cc(I)c(OCCN(CC)CC)c(I)c1,0,1.064516129032258,1.7419354838709677,2.3870967741935485,126.91372281423514,9.980847793714867,2.2300226335448556,-2.187790087636319,2.330554121481118,-2.2768004465860723,14.113720638914112,0.10331978893686514
Nc1nc(N)c(N=O)c(OCC2CCCCC2)n1,0,1.2222222222222223,1.9444444444444444,2.611111111111111,16.486975754331436,9.899601343291533,2.176823809870209,-2.210477419337461,2.3195321222919354,-2.1597350543101115,5.646254309399296,0.20348286967434054
CCN(CC)Cc1cc(Nc2ccnc3cc(Cl)ccc23)ccc1O,0,1.08,1.88,2.64,35.495691603569796,10.11603087900475,2.086139389622645,-2.1926923521236645,2.2924565715339806,-2.2169116428308104,6.309009018358773,0.2906612683434546
O=c1c(-n2ccnn2)c[nH]n1-c1cc(N2CCOCC2)ncn1,0,1.173913043478261,2.0,2.782608695652174,16.47754317757531,10.368213426377537,2.154602387647001,-2.272153138127394,2.139399950885028,-2.365034169563358,5.4368822070074305,0.12209403016074714
CC(=O)c1cc2c(o1)C(=O)c1ccccc1C2=O,1,1.0,1.6111111111111112,2.2222222222222223,16.354968876956836,9.884737329807779,2.3330069706122316,-2.1129446132223118,2.290330991209139,-2.1823740373438483,6.273489601623497,0.09469931048454394
Cc1cccc(-c2[nH]c(C(C)(C)C)nc2-c2ccc3c(c2)OCO3)n1,0,1.0,1.8,2.56,16.696704876593262,9.96035724621881,2.239553300203211,-2.1362037248617507,2.385597260548047,-2.12767570240662,5.78019749814808,0.17367008343282841
CC1(C)SC2C(NC(=O)C(NC(=O)N3CCNC3=O)c3ccccc3)C(=O)N2C1C(=O)O,0,1.21875,1.90625,2.5,32.166906825411935,9.953744836891277,2.638889557437294,-2.4353965289221855,2.5035129662584223,-2.7079721156929626,8.013156735168275,-0.16074828435597857
CC(C)(C)C(=O)C(Oc1ccc(Cl)cc1)n1ccnc1,0,1.3,1.95,2.45,35.495691350086226,9.894480906823196,2.3197095820141853,-2.2557604823044017,2.2673640731005555,-2.3319702530445747,6.3010998119828665,-0.13721750146642478
O=C(OC1CC2CCC(C1)[N+]21CCCC1)C(O)(c1ccccc1)c1ccccc1,0,0.8620689655172413,1.3448275862068966,1.8275862068965518,16.55893517871802,9.85860902981967,2.56087580786229,-2.4677100683134214,2.4634541064525006,-2.5969412646272407,5.851528677906939,-0.9556658370512338
CC(=O)OC1(C(C)=O)CCC2C3=CC(Cl)=C4CC(=O)C5CC5C4(C)C3CCC21C,0,1.1379310344827587,1.8275862068965518,2.4827586206896552,35.49570526422957,9.491952313077093,2.691966912468547,-2.5547558735822284,2.7179614306795035,-2.563823393714847,6.317343585490865,-0.1805393700830337
CCN(CC)CCCCNc1ncc2cc(-c3cc(OC)cc(OC)c3)c(NC(=O)NC(C)(C)C)nc2n1,0,0.9736842105263158,1.6578947368421053,2.263157894736842,16.47564314338571,10.041196571187507,2.1838737796345917,-2.2118290113887076,2.3470019366903867,-2.4283324997053493,5.96445742361634,0.24347875950282907
CN(C)CC/C=C1/c2ccccc2COc2ccccc21,0,1.0,1.7142857142857142,2.5238095238095237,16.47774792519373,9.933811218592362,2.173856967080796,-2.1162639644114445,2.3608857771093503,-2.116210179291511,5.843927321317251,0.3070189998095129
CCN(CCO)CCCOc1ccc2c(Nc3cc(CC(=O)Nc4cccc(F)c4)[nH]n3)ncnc2c1,0,1.162162162162162,2.054054054054054,2.864864864864865,19.1421499010125,10.189840570907885,2.1095436001166474,-2.1840928422225274,2.2575039808551787,-2.281353423672896,5.9251691911066535,-0.11517420174254119
NCCS(=O)(=O)O,1,1.5714285714285714,2.0,2.0,32.23973853460665,10.821605960676457,1.9786731860368278,-1.858834394938131,1.740507750206991,-2.133707342495663,7.8531492419834175,0.4831901704937723
CCNC1CC(C)S(=O)(=O)c2sc(S(N)(=O)=O)cc21,0,1.5263157894736843,2.1578947368421053,2.6842105263157894,32.25926036305985,10.051264484998741,2.385499953371557,-2.2705131423907225,2.4185545755718634,-2.3283913021956835,7.95221239237072,0.4773479532559366
CC(C)(Cc1ccc2ccccc2c1)NCC(O)COc1cccc(Cl)c1C#N,1,1.103448275862069,1.8620689655172413,2.6206896551724137,35.4956920477774,9.930194579895124,2.1978941748868857,-2.2796738520901485,2.251693587145397,-2.4576460364850075,6.314808383897154,0.09868997562728173
CC(=O)Oc1cccc2c1C(=O)c1c(OC(C)=O)cc(C(=O)O)cc1C2=O,0,0.8148148148148148,1.4074074074074074,2.0,16.53964931497208,9.819338964662762,2.3613550372079994,-2.214238214735124,2.378620180040366,-2.242970347728261,6.304198143502981,-0.1323664663572672
CCOC1OC(=O)CC1NC(=O)C1CCCN1C(=O)C(NC(=O)c1ccc(N)c(Cl)c1)C(C)(C)C,0,1.3142857142857143,2.0285714285714285,2.657142857142857,35.49569243047036,9.850089770293513,2.4374587228871816,-2.353540881789468,2.2730607985228706,-2.5817148695632683,6.329924948996345,-0.16432655590198314
C1N2CN3CN1CN(C2)C3,0,0.4,0.6,0.8,15.659887795128464,10.366112204871541,2.3567645073576196,-2.557662214544852,2.195539386456966,-2.709739386456965,4.79434761009768,-0.1943476100976789
C1=C\COCc2cc(ccc2OCCN2CCCC2)Nc2nccc(n2)-c2cccc(c2)COC/1,1,0.9428571428571428,1.8,2.6857142857142855,16.489035034844687,10.088069014635366,2.125702247850177,-2.172987352933267,2.2648839150433586,-2.2478526878298357,5.631108112087867,0.13788483489056352
Cc1cc(F)c(C(=O)Nc2cccc(-c3nncn3C(C)C)n2)cc1-n1cnc(C2CC2)c1,0,1.2121212121212122,2.0303030303030303,2.787878787878788,19.142198316413598,10.082777228177099,2.259864891695571,-2.123095957817224,2.388645937980177,-2.1583472493172815,6.0409118016525465,0.10179048661017437
NC(CSCCCO)C(=O)O,0,1.6363636363636365,2.272727272727273,2.727272727272727,32.16649116833353,10.375785269872049,2.0933443141303836,-2.0362884197761963,2.0258714680135617,-2.320593422343699,7.988583497416674,-0.13743013207976862
CC(C)(C)CC(C)(C)c1ccc(OCCOCC[N+](C)(C)Cc2ccccc2)cc1,1,0.7666666666666667,1.4,2.0,16.523101814841528,9.722049551638879,2.266421673576151,-2.326428729980696,2.3614902761449534,-2.4115008612370863,5.313847231378849,-0.9035325668055789
Cc1ccc(S(=O)(=O)NC(=O)NN2CC3CCCC3C2)cc1,0,1.1363636363636365,1.7272727272727273,2.3181818181818183,32.23327161648922,10.012000000000004,2.364253531674698,-2.1806999943477026,2.3630814381669074,-2.4771598150742316,7.896634060146298,0.19503304791882145
C=C(C)c1cc(O)c(C)cc1O,0,1.25,1.8333333333333333,2.3333333333333335,16.261236257746745,10.049337513487451,2.0483526100260674,-2.057467462034571,2.2981022927957375,-1.820902598513636,5.685504396269496,0.45512021022040755
OCC1OC(Oc2cc(O)cc(C=Cc3ccc(O)cc3)c2)C(O)C(O)C1O,0,0.8214285714285714,1.5,2.1785714285714284,16.70546522999964,9.992244874406877,2.4424885126609936,-2.3909018813025864,2.2801571189104046,-2.595711993038846,5.707262496094078,-0.2770675692523011
O=P(O)(NCCCl)NCCCl,0,1.1818181818181819,1.5454545454545454,1.8181818181818181,35.496752899023456,10.81912893663516,2.136188500870565,-2.1142223514588063,2.2755827886012847,-2.2438027046741778,7.531990291906681,0.45064108212492343
Cc1cc(=O)[nH]c(=S)[nH]1,1,1.5555555555555556,2.2222222222222223,2.6666666666666665,32.09199820157561,10.459682001565596,1.8328306489152357,-1.8714634669739292,1.8056929590136181,-2.0535094248203007,7.709712163345543,1.0384484229394415
Cc1cn(C2CC(O)C(CO)O2)c(=O)[nH]c1=O,0,1.588235294117647,2.2941176470588234,2.8823529411764706,16.542676194339194,10.168189134432899,2.3442927037634895,-2.140220204192528,2.2652595894047844,-2.330719014499745,5.01501018477245,-0.045930094099111196
O=C1CC(c2ccccc2)Oc2cc(O)cc(O)c21,0,1.105263157894737,1.8421052631578947,2.5789473684210527,16.493180178264126,9.953739366514123,2.300151643336037,-2.2560754951402484,2.4086298838191147,-2.1991131612831496,6.02265974219782,0.0844649144316608
Nc1nc(=O)c2nc(CNc3ccc(C(=O)NC(CCC(=O)O)C(=O)O)cc3)cnc2[nH]1,0,1.125,1.84375,2.5,16.37144411019857,10.10660159610575,2.2115243342390323,-2.1360769365635353,2.1203776838688815,-2.4061999576185698,5.9649043550485805,-0.14008772061937366
O=P1(NCCCl)OCCCN1CCCl,0,1.4285714285714286,2.2142857142857144,2.857142857142857,35.496753229212594,10.434556188883612,2.3319663410398164,-2.339391965934751,2.4824683424147707,-2.3598483328389124,7.5392544805081645,0.2034524310482652
CCCc1nc(C)c2c(=O)[nH]c(-c3cc(S(=O)(=O)N4CCN(CC)CC4)ccc3OCC)nn12,0,1.1176470588235294,1.8529411764705883,2.5,32.23342767180349,10.159890090021904,2.290535670498249,-2.3284816061071516,2.313433629069338,-2.4786040213123166,7.887447604947376,0.1960905878674257
CO[C@@]1(NC(=O)Cc2cccs2)C(=O)N2C(C(=O)O)=C(COC(N)=O)CS[C@@H]21,1,1.4642857142857142,2.2142857142857144,2.7857142857142856,32.166681246955235,9.976482543324426,2.6619250919140347,-2.5530947851032093,2.4617249944087667,-2.8039979290507673,7.998714597235214,-0.19213403908754337
Clc1ccc(C(c2ccccc2Cl)C(Cl)Cl)cc1,0,0.7777777777777778,1.3888888888888888,1.9444444444444444,35.53928023200357,9.926290231222234,2.228225272415116,-2.1987195558740225,2.367175189099892,-2.092094560492172,6.448153821526975,0.8870636909001219
COc1cc(C2c3cc4c(cc3C(OC3OC5COC(c6cccs6)OC5C(O)C3O)C3COC(=O)C23)OCO4)cc(OC)c1O,1,0.9130434782608695,1.6521739130434783,2.347826086956522,32.133475977771674,9.657683142493688,2.5592308792476692,-2.4753719672828596,2.567461472925821,-2.621104805541832,7.095089737762127,-0.3684741112571826
Cn1cnc2c(F)c(Nc3ccc(Br)cc3F)c(C(=O)NOCCO)cc21,0,1.3703703703703705,2.1481481481481484,2.8518518518518516,79.91873123855827,10.097404449568844,2.220735204257014,-2.145500383000426,2.3171311390269547,-2.259545645364775,9.103000079562175,0.016858608466138833
Nc1ccn([C@@H]2O[C@H](CO)[C@@H](O)C2(F)F)c(=O)n1,0,1.6111111111111112,2.2777777777777777,2.7777777777777777,19.285892497514492,10.11325994553252,2.5898329279445527,-2.2035229947675696,2.4136828214623782,-2.413505706665206,5.2334337977271606,-0.14048761492283185
CCOC(=O)c1c(CSc2ccccc2)n(C)c2cc(Br)c(O)c(CN(C)C)c12,1,1.2758620689655173,1.9655172413793103,2.586206896551724,79.91873127829223,10.030429523358873,2.2687988407832087,-2.146939145474872,2.4051643553071007,-2.1268442845955207,9.103494442702063,0.05270851386767798
COc1ccc2[nH]c([S+]([O-])Cc3ncc(C)c(OC)c3C)nc2c1,0,1.2083333333333333,2.0,2.7083333333333335,32.22788259275197,10.133546071513125,2.2079208243169575,-2.1263273888446355,2.2681842361928144,-2.102045811969678,7.90023871685369,0.406855765522113
CN(C)CC(c1ccc(O)cc1)C1(O)CCCCC1,0,1.105263157894737,1.6842105263157894,2.210526315789474,16.28500946448625,9.723593965442076,2.3826932363312427,-2.404524201173691,2.40026607974923,-2.424054262406005,5.302519117919648,-0.027727975863710945
CNCc1cc(-c2ccccc2F)n(S(=O)(=O)c2cccnc2)c1,0,1.2083333333333333,2.0,2.6666666666666665,32.233325246874465,10.12488580043627,2.2268226882112794,-2.1047684669290447,2.283262334728157,-2.1362704551775415,7.896399188109131,0.5867398447157975
CCC(C)Nc1cc(C(=O)NC2CC3CCC(C2)N3c2ccc(C(=O)C3CC3)cn2)c(C)cc1C(N)=O,1,1.0810810810810811,1.7837837837837838,2.3513513513513513,16.15117623287826,9.954254341267834,2.4177638042325276,-2.39739931411372,2.3908321284396994,-2.504891789221115,6.029255283474915,0.09231929281540088
Cc1c(-c2cnccn2)ssc1=S,0,1.3076923076923077,2.1538461538461537,2.6923076923076925,32.91615067172272,10.251888327913147,2.0624646599117136,-1.9428652838497342,2.313732332373852,-1.8192585572974727,7.798008836686465,1.2078152927994332
CCOC(=O)C1OC1C(=O)NC(CC(C)C)C(=O)NCCC(C)C,0,1.0833333333333333,1.75,2.2916666666666665,16.64260033660535,10.022641209889676,2.516360728571099,-2.197960279222108,2.2363593763681036,-2.4891928539900703,5.950529931588517,-0.14426861956905193
CCCCC[C@H](O)/C=C/[C@@H]1[C@@H](C/C=C\CCCC(=O)O)[C@@H](O)C[C@H]1O,0,1.16,1.92,2.6,16.36534824475375,9.891979332278893,2.388478784097885,-2.193154237179013,2.3599790151739715,-2.200608014801872,5.660611836151665,-0.1366069865329557
CN(C)CCN(Cc1ccccc1)c1ccccn1,0,0.8947368421052632,1.631578947368421,2.263157894736842,15.207903242567872,10.180906656035416,2.0793887379053766,-2.250351246460831,2.1308994681353535,-2.3140051227180427,5.386077613383267,0.41185823225067847
CCc1cc2c(cc1N1CCC(N3CCOCC3)CC1)C(C)(C)c1[nH]c3cc(C#N)ccc3c1C2=O,0,1.1111111111111112,1.8611111111111112,2.5555555555555554,16.477553090099878,9.702190693715318,2.4045473852992303,-2.41738508975512,2.4563306567417267,-2.4883200186491563,6.199429980288722,0.011474150396561964
COC1C(=O)C(C)C[C@H](C)/C=C/C=C/C=C(\C)[C@@H](OC)C[C@@H]2CC[C@@H](C)[C@@](O)(O2)C(=O)C(=O)N2CCCCC2C(=O)O[C@H]([C@H](C)C[C@@H]2CC[C@@H](OC(=O)C(C)(CO)CO)[C@H](OC)C2)CC(=O)C(C)=CC(C)[C@H]1O,0,0.8767123287671232,1.5753424657534247,2.219178082191781,16.64086081585973,9.780233471653922,2.530476129903616,-2.4246145398486227,2.383881703754663,-2.6051850890833093,6.387462073443985,-0.26534557132430003
CNC(=O)CN(CCN(CCN(CC(=O)O)CC(=O)NC)CC(=O)O)CC(=O)O,0,0.5517241379310345,0.8275862068965517,1.103448275862069,16.373454295239494,10.320572809933743,2.186983056549596,-2.273579761001431,1.968804663774257,-2.4648539235572433,5.788183454511876,-0.14056163619539733
O=C(O)CCCCC1SCC2NC(=O)NC21,1,1.4375,2.25,3.0,32.166632656598665,10.029885025961361,2.4191126521289075,-2.1555646370966666,2.3257956483601965,-2.3628917816183903,7.998434953180942,-0.1366532549775739
CC(=O)OCC[N+](C)(C)C,0,1.4,1.9,2.2,16.532324236829098,10.525198777225459,2.0576241471165515,-2.2250222062464435,1.8849112423918704,-2.3735813293121257,5.653300404081395,-0.8700595118877369
CCOCc1cc(OC)c(-c2ccc(CC(NC(=O)c3c(F)cccc3F)C(=O)O)cc2)c(OC)c1,0,0.9444444444444444,1.5277777777777777,2.0277777777777777,19.145539453517927,9.976155449489895,2.2480853259757523,-2.1727424628869305,2.39545171924723,-2.424821398411689,5.967066496562893,-0.13875035369220642
CN1[C@H](CC(=O)c2ccccc2)CCC[C@H]1C[C@H](O)c1ccccc1,1,1.04,1.64,2.32,16.26632696393236,9.88064622500273,2.302808787221336,-2.400303236583963,2.300308228675599,-2.450224330420786,5.9589594654404285,0.05490981761479274
CC(C)c1cc(CNc2nc(Nc3cc(C4CC4)[nH]n3)cc(N3CCN(C)CC3)n2)on1,1,1.09375,1.90625,2.625,16.460453185862068,10.12745199406821,2.2543267448496622,-2.3297259315755086,2.393219413361074,-2.4445408863329723,5.596695405491805,0.3117851114238746
N[C@@H]1C[C@H]1c1ccccc1,0,1.2,1.8,2.3,14.737622859434282,10.129330312462823,2.3369952673624774,-1.9391467186689755,2.378681909854324,-1.9994684032509473,5.264513691608022,0.9905144229664123
CCC(C)CC(C)CCCCCCCCC(=O)CC1C[C@@H](O)[C@H](NCCN)NC(=O)C2[C@@H](O)CCN2C(=O)C([C@H](O)CCN)NC(=O)C([C@H](O)[C@@H](O)c2ccc(O)cc2)NC(=O)C2C[C@@H](O)CN2C(=O)C([C@@H](C)O)NC1=O,0,0.7142857142857143,1.3376623376623376,1.974025974025974,16.332995826809455,9.904146297644736,2.4865529811427947,-2.3467854367547174,2.274009648059465,-2.6460462241941642,5.9779690742265945,-0.14788008478775622
CCOC(=O)C1=CC(OC(CC)CC)C(NC(C)=O)C(N)C1,0,1.3636363636363635,2.0,2.5,16.533298928464365,9.878815178122926,2.3532170209549403,-2.3618631701973998,2.2354472014100426,-2.5664528658616015,5.886965767061558,-0.13871912922756985
CCCC1O[C@@H]2C[C@H]3[C@@H]4CC=C5CC(=O)C=C[C@]5(C)[C@H]4[C@@H](O)C[C@]3(C)[C@]2(C(=O)CO)O1,0,1.3225806451612903,2.096774193548387,2.806451612903226,16.74462818211967,9.4653349682514,2.750700825209548,-2.5869735511319574,2.68822902857178,-2.630143614892831,5.932892237237512,-0.1982042252601838
CCC(COC(=O)c1cc(OC)c(OC)c(OC)c1)(c1ccccc1)N(C)C,0,0.9642857142857143,1.5357142857142858,1.9642857142857142,16.54032395806087,9.865141400602031,2.3445340668987877,-2.388163618776804,2.383901359035814,-2.45093151033779,5.908718741430243,0.01188446517302545
C=CCc1ccc(O)c(OC)c1,0,1.5833333333333333,2.3333333333333335,2.9166666666666665,16.473994547864102,10.12891397233721,1.9985271362385941,-2.0380169561354218,2.2575747100918577,-1.860752741337818,5.416095017071876,0.37281480333412687
CCCCCCCCCCCC(=O)O,1,0.8571428571428571,1.2857142857142858,1.7142857142857142,16.365124976706728,10.067223920505926,1.9569635661274531,-1.998444068778538,2.0965704649339143,-1.9292087228111645,5.660148043817957,-0.1366518359923631
Cc1sc2c(c1C)C(c1ccc(Cl)cc1)=NC(CC(=O)Nc1ccc(O)cc1)c1nnc(C)n1-2,0,1.088235294117647,1.7941176470588236,2.5,35.49569240225731,9.994483940350735,2.319510496745674,-2.1299004575287728,2.3925402601241315,-2.1692621364939297,7.1473760062831,-0.11611750339355029
CCCNC(=O)c1cn2ncnc(Nc3cc(C(=O)NC4CC4)ccc3C)c2c1C,0,1.2,2.0,2.7333333333333334,16.15140294846691,10.091512897119921,2.2392287271810165,-2.122802017667721,2.2757855568372474,-2.249167024302026,5.99249137186172,0.09434629145368921
CCN(CC)CCOCCOC(=O)C1(c2ccccc2)CCCC1,0,1.0416666666666667,1.7083333333333333,2.3333333333333335,16.557710225263065,9.787860058699444,2.434571517836753,-2.2684170990903465,2.4156651201159045,-2.3514266914042015,5.832257616853434,-0.1517729471376281
CN(CC1COCCO1)S(=O)(=O)Nc1ccc2ccc3ncc(-c4cnn(C)c4)cc3c(=O)c2c1,0,1.1142857142857143,1.9428571428571428,2.6857142857142855,32.2387760245812,10.09125312879019,2.239121556929066,-2.2682296107811943,2.2338335019589906,-2.4230144398156206,7.899425948306114,-0.09082494826858697
CN1CCN(CCCN2c3ccccc3Sc3ccc(Cl)cc32)CC1,0,0.92,1.68,2.52,35.49569194086735,10.169490633963866,2.2316162540375837,-2.349496012161508,2.481527044830569,-2.44655295135203,7.993776895737154,0.15332022308235008
NCCC(O)C(=O)NC1CC(N)C(OC2OC(CN)C(O)C(O)C2O)C(O)C1OC1OC(CO)C(O)C(N)C1O,0,0.85,1.45,2.05,16.72419482977285,9.830739594549003,2.5220861998262167,-2.4851513487873333,2.3166432121975937,-2.6926105168549492,5.803959385179926,-0.3322380298426478
NC(=O)N1c2ccccc2C=Cc2ccccc21,0,0.8333333333333334,1.2777777777777777,1.7222222222222223,16.162539663353666,10.135516398413017,2.2056372732933185,-2.220468335143449,2.351027673517255,-2.3159039816860867,6.042905677902147,0.25577663691790836
CC[C@@]1([C@H]2O[C@H]([C@H]3O[C@@](O)(CO)[C@H](C)C[C@@H]3C)C[C@H]2C)CC[C@H]([C@@]2(C)CC[C@]3(C[C@H](O)[C@@H](C)[C@@H]([C@H](C)[C@H](OC)C(C)C(=O)O)O3)O2)O1,0,1.0212765957446808,1.7234042553191489,2.3404255319148937,16.731004892103584,9.77851886861691,2.6191006697765626,-2.485053369842516,2.5455276296804734,-2.5661820825800574,5.698288829012503,-0.3360198221488748
CCNC1CC(N)C(OC2OC(CN)=CCC2N)C(O)C1OC1OCC(C)(O)C(NC)C1O,1,1.1515151515151516,1.8484848484848484,2.484848484848485,16.712151770382928,9.831529414155805,2.508078324185764,-2.4851334965529968,2.3142038719719817,-2.6863637972450487,5.045936524768308,-0.30381825837624993
O=C(c1ccc2nccnc2c1)N1CCCCC1,0,1.0,1.7222222222222223,2.5,16.152886738393086,10.087850072465038,2.178111500875822,-2.262642159882306,2.1574314976938838,-2.350621534197662,5.967874595241875,0.07242530152964216
COc1c(O)cc(O)c2c(=O)cc(-c3ccccc3)oc12,0,1.0476190476190477,1.7619047619047619,2.4285714285714284,16.48375109307148,10.103510861098295,2.181234007085594,-2.0934298733988514,2.39540596861317,-2.017781183429162,5.911037472093823,0.3672598665856247
CC(C)=CCC/C(C)=C/CC/C(C)=C/CC=C(C)C=Cc1c(C)c(O)c2ccccc2c1O,1,0.7575757575757576,1.3333333333333333,1.9696969696969697,16.261957949394116,9.975881839433393,2.130543244174535,-2.112680905393963,2.3928299343530766,-1.8699716725494149,5.971442723326078,0.46479661983286824
COc1ccccc1OCCNCC(O)COc1cccc2[nH]c3ccccc3c12,0,0.8666666666666667,1.6,2.466666666666667,16.51486920016501,10.131166433012623,2.1121947779252803,-2.1460204467787127,2.3253648681054644,-2.332749901438615,6.09830047802105,0.10603569474739256
CC(C)CC(NC(=O)CNC(=O)c1cc(Cl)ccc1Cl)B(O)O,1,1.2608695652173914,1.9130434782608696,2.4782608695652173,35.49678786602215,9.7478410347884,2.256991008447982,-2.193387030178761,2.1981596663710747,-2.496217106317003,6.432665694017294,-0.12014941567868986
O=c1c(O)c(-c2ccc(O)c(O)c2)oc2cc(O)cc(O)c12,0,0.8181818181818182,1.5454545454545454,2.227272727272727,16.359755522577988,10.086570312666694,2.1888592674642235,-2.0789592951109594,2.3703053842275374,-2.0247973442688076,5.877619798365984,0.4031990374874086
Nc1ccc(S(=O)(=O)Nc2ccnn2-c2ccccc2)cc1,1,0.9545454545454546,1.6363636363636365,2.3181818181818183,32.23327139993658,10.306854695561695,2.1633462808390043,-2.1038947610763903,2.192727412589383,-2.1548393981578515,7.92321749892931,0.6004772701281302
CC(CN(C)C)CN1c2ccccc2CCc2ccccc21,0,0.9090909090909091,1.4090909090909092,1.9090909090909092,15.154196832143306,10.049505827618876,2.212126629327192,-2.3032520371822893,2.3582073562825783,-2.3033505511013623,5.706263194015705,0.3428293224164052
Nc1ncnc2c1ncn2[C@@H]1O[C@H](CO)[C@@H](O)[C@@H]1O,0,1.263157894736842,2.0526315789473686,2.736842105263158,16.562526615587373,10.128486981496444,2.4344840649940416,-2.1578641361958084,2.3102883813046247,-2.3263050571895616,5.806596802973693,-0.05106624743929241
COCCc1ccc(OCC(O)CNC(C)C)cc1,1,1.2105263157894737,1.894736842105263,2.473684210526316,16.48946813728686,10.146387684130548,2.054607869587601,-2.147215659427634,2.1244708228944336,-2.346722650044871,5.269081377689811,0.10444239528749887
Cc1ccc(-n2nc(C(C)(C)C)cc2NC(=O)Nc2ccc(OCCN3CCOCC3)c3ccccc23)cc1,0,0.9743589743589743,1.6923076923076923,2.41025641025641,16.48313960406359,9.924614200322578,2.2171632005913535,-2.2603221668826414,2.3209870873139775,-2.3822082914138414,6.069688695363611,0.03231689459230159
CC1CCc2cc(F)cc3c(=O)c(C(=O)O)cn1c23,0,1.4736842105263157,2.210526315789474,2.8947368421052633,19.142144950440315,9.957375858267923,2.226783531613027,-2.259034468150055,2.2997074277395266,-2.2352751321782653,5.932658727134047,0.0694372150269968
C=CC(C)(O)CCC1C(C)(O)CCC2C(C)(C)CCCC21C,1,1.1818181818181819,1.8181818181818181,2.409090909090909,16.28620867528726,9.447785706899317,2.5719375853691444,-2.6116085430164544,2.625473482553663,-2.5729583153858036,5.0771121917343045,-0.17134049570848267
O=C(NOCC(O)CO)c1ccc(F)c(F)c1Nc1ccc(I)cc1F,0,1.1923076923076923,1.9230769230769231,2.576923076923077,126.91270443850301,10.116481654352334,2.202444667891017,-2.1464746303336244,2.2810505365407177,-2.3002702200214147,14.111917822833723,-0.02947121847701685
Cc1cccc(C)c1N=C1NCCCS1,0,1.2666666666666666,2.0,2.6,32.16657791979844,10.10992262172419,2.07507481691791,-2.1511371579040413,2.245599936120042,-2.263822983246112,8.134243831166408,0.8435078920347543
CC(=O)Nc1nc2c(Oc3cc(-c4ccc(C(F)(F)F)cc4)ncn3)cccc2s1,0,1.1,1.8666666666666667,2.566666666666667,32.133549381036666,10.090144132284307,2.29574618406022,-2.0857358942773936,2.3498231240088443,-2.043126047198687,7.219424511717958,-0.1371539539848752
Nc1c(CC(=O)O)cccc1C(=O)c1ccccc1,0,1.0,1.6842105263157894,2.3157894736842106,16.365203141915217,9.976857928933443,2.14838910794134,-2.085442904050659,2.209607024229948,-2.09661434076497,6.120335959328763,-0.13572364053976402
CN(C)c1ccc(-c2nc3c(N4CCN(CC(=O)Nc5nccs5)CC4)c(Cl)cnc3[nH]2)cc1,1,1.1764705882352942,1.9411764705882353,2.6176470588235294,35.49569269726396,10.16514984227853,2.2412114488428445,-2.355313118178468,2.3394065625391383,-2.484317367431953,7.133286038333331,-0.11692805086347566
Cc1ncsc1CCCl,0,1.7777777777777777,2.5555555555555554,3.0,35.49566299045878,10.32141324253299,1.9722778481709144,-1.8891443627731626,2.1202897440644493,-1.832656773968164,7.092896165477312,1.1202419793592457
CCNC(=O)CC1N=C(c2ccc(Cl)cc2)c2cc(OC)ccc2-n2c(C)nnc21,0,1.2,1.9666666666666666,2.6666666666666665,35.495691877187745,9.996353947572736,2.294061353147664,-2.136879980535026,2.3392277757498063,-2.246372755257153,6.303910126180879,-0.12089444355130684
CCOC(=O)C1=C[C@]2(CC)CCCN3CCc4c(n1c1ccccc41)[C@@H]32,0,1.2692307692307692,2.1153846153846154,2.923076923076923,16.53339526352819,9.659908715937116,2.5064108951839454,-2.529389966979133,2.565115450046376,-2.5066112374902265,6.130681712130476,-0.1363176179153816
O=C(O)CN(CCN(CC(=O)O)CC(=O)O)CC(=O)O,0,0.55,0.75,0.9,16.378783877059046,10.354887847928866,2.1745162507608775,-2.2292531522108114,1.9382812708061994,-2.428613579461002,5.729352814294008,-0.14485538593801522
Cc1oncc1C(=O)Nc1ccc(C(F)(F)F)cc1,0,1.263157894736842,1.894736842105263,2.3684210526315788,19.41317547345523,10.16158124752992,2.2953989921881157,-2.078295973571065,2.2939748325757545,-2.122371658713359,6.041620344409153,-0.13711877480294318
CC(C)OC(=O)CCCC=CCC1C(O)CC(O)C1CCC(O)CCc1ccccc1,0,1.096774193548387,1.8064516129032258,2.5161290322580645,16.541650047780553,9.853427046081245,2.400895336179849,-2.2336956670358625,2.381619050838202,-2.2324099360746787,5.689396238678161,-0.14696593185384435
CC(C)c1ccc(NC(=O)Cn2cnc3c2c(=O)n(C)c(=O)n3C)cc1,0,1.1153846153846154,1.7692307692307692,2.3846153846153846,16.162473420944803,10.034020698429906,2.1558609444672587,-2.093825533522123,2.1686798497706694,-2.374451998914503,5.909279388936679,-0.11622028388274425
CCn1c(N)c(C(=O)NC)c(=O)c2ccc(C#C[C@@](C)(O)COC)nc21,0,1.5,2.1923076923076925,2.769230769230769,16.477772011156514,10.09645402397554,2.2038877340890792,-2.1510621650120734,2.172683330852127,-2.297546719388147,6.009849975834063,0.027408004560224557
CCc1cccc(CC)c1NC(=O)N1Cc2[nH]nc(NC(=O)c3ccc(N4CCN(C)CC4)cc3)c2C1,1,0.918918918918919,1.5945945945945945,2.2432432432432434,16.166338558227373,10.03137749802699,2.2938244934770142,-2.336179616542207,2.293865305748496,-2.4400764979572758,6.041150554024266,0.10214812735873229
Cc1cc2c(C(=O)NCC(C)c3ccccc3)c(O)c(O)cc2c(O)c1-c1c(C)cc2c(C(=O)NCC(C)c3ccccc3)c(O)c(O)cc2c1O,1,0.5192307692307693,0.8653846153846154,1.2115384615384615,16.309400833469066,9.868955981324417,2.2794967837006936,-2.2054172987769016,2.50518657653806,-2.2747714412289564,6.157257063359021,0.09413859028136778
CC(C)n1nc(-c2ccc3oc(N)nc3c2)c2c(N)ncnc21,1,1.173913043478261,2.0,2.782608695652174,16.3560465606813,10.094517153247534,2.1865845600047704,-2.048092488590691,2.326911532327824,-2.0361312684872765,5.990537002166803,0.5476580803178984
Nc1ccccc1C(=O)CC(N)C(=O)O,0,1.3333333333333333,1.9333333333333333,2.466666666666667,16.367673984258186,10.027193864548035,2.179690225524053,-2.0655759652099372,2.129313009600172,-2.322212589539071,6.02106749689964,-0.13798707835019006
NC(CO)C(=O)O,0,1.8571428571428572,2.2857142857142856,2.2857142857142856,16.37056282526345,10.349473294626577,2.0646893394819794,-1.9596831282168623,1.7050011354120451,-2.328893963792508,5.725955569309569,-0.13890072103989207
Cc1cc(Nc2nc(NC(C)c3ncc(F)cn3)ncc2Cl)[nH]n1,0,1.2083333333333333,1.9583333333333333,2.625,35.495691877541915,10.29527660271415,2.1236978309820507,-2.1319241637220534,2.2372859441693436,-2.1293180631865583,6.324474346429938,0.6041567106465915
Cc1cc(C(C)(C)C)c(O)c(C(C)(C)C)c1,0,0.8125,1.125,1.375,16.25628795247747,9.784004139734574,2.251259343897378,-2.2733579281115155,2.3892918669083536,-2.1696548057834724,5.489972439780845,0.42270343014401596
CCC(=O)OCC(=O)C1(OC(=O)CC)C(C)CC2C3CC=C4CC(=O)C=CC4(C)C3(F)C(O)CC21C,0,1.1388888888888888,1.8055555555555556,2.4444444444444446,19.147663121991545,9.449346689191106,2.76579765541204,-2.617681384332543,2.705424881470828,-2.6941951808290034,5.942821530911981,-0.22496330383198707
CN(N=O)C(=O)NC1C(O)OC(CO)C(O)C1O,0,1.3888888888888888,2.0,2.5,16.62830147527609,9.970823341053665,2.441106049588484,-2.398233565271246,2.1930404389301925,-2.6441362865535125,5.734356821966327,-0.2522405990727383
COc1ccc(C2=NC(c3ccc(Cl)cc3)C(c3ccc(Cl)cc3)N2C(=O)N2CCNC(=O)C2)c(OC(C)C)c1,0,1.0,1.65,2.25,35.49678586860385,9.934655788278633,2.447639959267247,-2.355122174217978,2.4548950700357173,-2.547598201426451,6.304359811960117,-0.12288282514309289
CN(C)CCCOc1nn(Cc2ccccc2)c2ccccc12,0,1.0,1.7391304347826086,2.5217391304347827,16.486177003780938,10.190667132130102,2.109737490285675,-2.086354300259453,2.2507369432910527,-2.15277061124571,5.841122479855923,0.27277952228454094
C=C1C(=CC)c2cc3[nH]c(cc4[nH]c(cc5nc(cc1n2)C(CC)=C5C)c(C)c4CCC(=O)O)c(C=CC(=O)O)c3C,0,0.8809523809523809,1.5476190476190477,2.2142857142857144,16.367854729561728,10.008603881920589,2.2119576296759935,-2.0046767887335837,2.373488271116806,-1.9743283215769527,6.058599343103732,-0.13665195681000783
CC12CCC3c4ccc(O)cc4CCC3C1CCC2O,0,1.15,2.0,2.85,16.2691371777685,9.552114097841626,2.5378422381153785,-2.4966273038731734,2.603738953521028,-2.4342116515199104,5.396715522090725,-0.022575026859025897
C[C@@H]1CCO[C@H]2Cn3cc(C(=O)NCc4ccc(F)cc4F)c(=O)c(O)c3C(=O)N12,0,1.3333333333333333,2.1,2.8333333333333335,19.145464621440944,10.063772708136973,2.4052171614384483,-2.4373567951853525,2.28724773879082,-2.565696118482593,5.988426562512213,-0.11178698162606526
CCC1C(=O)OC[C@@H]1Cc1cncn1C,0,1.6666666666666667,2.466666666666667,3.066666666666667,16.540158388180892,9.892045408260987,2.3509894620757943,-2.1241508192212346,2.2740849410310475,-2.177030124210711,5.7418908641082265,-0.14083525807710642
NCC(O)c1ccc(O)c(O)c1,0,1.25,1.9166666666666667,2.4166666666666665,16.303567675851333,10.098341724264342,2.0674528156844447,-2.077229663389974,2.2668890620563413,-2.1059427501837042,5.406922440126308,0.1859365199604298
Cc1ccc(C(=O)C(C)CN2CCCCC2)cc1,0,1.1666666666666667,1.7777777777777777,2.388888888888889,16.138843861817968,9.970248852076612,2.191666445209282,-2.2812806667229406,2.1462823959224417,-2.3533533105065727,5.973069914821815,0.08833939534128711
O=C(O)CSc1nnc(Br)n1-c1ccc(C2CC2)c2ccccc12,0,1.2083333333333333,1.9583333333333333,2.6666666666666665,79.91873135080705,9.994654588873173,2.2604258069008147,-2.1323381441662375,2.440308977814086,-2.027713300908012,9.101896171901872,-0.13343843040849984
CC12CCC(O)CC1=CCC1C2CCC2(C)C(c3cccnc3)=CCC12,0,1.0384615384615385,1.8846153846153846,2.6923076923076925,16.265943222166086,9.470129389271207,2.5621046845491495,-2.573678007159459,2.657042699161228,-2.4935620123938453,5.720003546166856,-0.023770385984357018
COc1ccc2c(c1)[nH]c1c(C)nccc12,1,1.1875,2.0625,2.875,16.46529542795595,10.147676755385639,2.063550388376629,-1.9756057163171514,2.2830896250650476,-1.8041494825010953,6.07535823812267,0.41513362663368986
O=C(O)c1ccc(CN2CCC(CN[C@@H]3C[C@H]3c3ccccc3)CC2)cc1,0,1.037037037037037,1.7407407407407407,2.4074074074074074,16.365563395365093,9.959506071178511,2.376308808126042,-2.318166277882446,2.4030983443348273,-2.3706588633793184,5.8701145749714545,0.06965764349753834
N=C(N)NCCCC(N)C(=O)O,0,1.6666666666666667,2.25,2.6666666666666665,16.36754737371012,10.155322520121203,2.090731029047868,-2.058126445396524,1.918875324174335,-2.336682405070425,5.7393475257197695,-0.13819954557570813
Cc1cc(C)cc(NC(=O)Cc2ccc(OC(C)(C)C(=O)O)cc2)c1,0,1.04,1.6,2.12,16.527554424484478,10.095562549307298,2.2876163272249697,-2.2106278387215537,2.198013755717953,-2.373561438512263,5.920038474510847,-0.1517114356831045
CC(C)=CCCC(C)=CC=CC(C)=CC=CC(C)=CC=CC=C(C)C=CC=C(C)C=CC=C(C)CCC=C(C)C,0,0.35,0.625,0.925,13.948499557604926,10.101768364380753,1.8832378340170193,-1.9636003357636322,2.088423804719269,-1.7589339910614035,5.32330076997429,0.9670604153667188
CC(C)c1cc(C(=O)N2Cc3ccc(CN4CCN(C)CC4)cc3C2)c(O)cc1O,1,0.9666666666666667,1.6666666666666667,2.3666666666666667,16.268134103482364,9.981343818415764,2.273368018310378,-2.319453643929117,2.3420511841694007,-2.4339140685888676,5.972873873265564,0.07478619500585648
CC(=O)Oc1cc(C(F)(F)F)ccc1C(=O)O,0,1.2941176470588236,1.8823529411764706,2.2941176470588234,19.413175833522693,10.10548731434613,2.316652929031326,-2.1017613914031252,2.3270601493985326,-2.1063562797428554,5.915834267255545,-0.1382354940323073
COc1cc(C(=O)O)ccc1NC(=O)C1NC(CC(C)(C)C)C(C#N)(c2ccc(Cl)cc2F)C1c1cccc(Cl)c1F,1,1.1428571428571428,1.8571428571428572,2.4523809523809526,35.49678641106146,9.6238336937422,2.607891348718791,-2.3714064847537886,2.5259097071791614,-2.4450424393149803,6.306045240051519,-0.1178506099491856
C=C1C(=CC=C2CCCC3(C)C2CCC3C(C)CCCC(C)(C)O)CC(O)CC1O,1,1.2333333333333334,1.9666666666666666,2.6666666666666665,16.285875308562414,9.604229166486247,2.499849015443525,-2.442365867324286,2.5951121085926654,-2.3568219130089365,5.383171462741287,0.05961901711439818
CCOC(=O)C1=C(COCCN)N=C(C)C(C(=O)OC)[C@@H]1c1ccccc1Cl,0,1.2857142857142858,2.0,2.607142857142857,35.495692034115,9.752163882995266,2.4320362295602456,-2.319537722497894,2.4213110462623297,-2.3682384597942647,6.312504458688966,-0.14357955182771098
CC(C)c1ccc2oc3nc(N)c(C(=O)O)cc3c(=O)c2c1,1,1.2727272727272727,2.0,2.6363636363636362,16.366478578407705,10.007005707285655,2.160187592367964,-2.0745930880568064,2.2357820293080066,-2.094531614253912,5.9799554645735595,0.06976374291297689
C=c1c(C(=O)N2CCCC2CN2CCCC2)c(C)[nH]c1=Cc1c(O)[nH]c2ccc(S(=O)(=O)Cc3c(Cl)cccc3Cl)cc12,1,1.0930232558139534,1.813953488372093,2.5348837209302326,35.496838942927,10.109146899234705,2.325417468379086,-2.282397874509278,2.3268490097982486,-2.438424339214255,7.902840156391441,0.07068502918726959
CN(C)CCC(c1ccc(Cl)cc1)c1ccccn1,0,1.105263157894737,1.8421052631578947,2.4210526315789473,35.49569127757362,9.916623738690982,2.149341812474109,-2.191251071363776,2.2708679595348795,-2.1665494426367027,6.300880532614061,0.3889569099023531
CC1C(=O)O[C@@H]2C[C@@]34[C@H]5C[C@H](C(C)(C)C)[C@]36C(O)C(=O)O[C@@H]6O[C@@]4(C(=O)O5)[C@]12O,0,1.0344827586206897,1.7241379310344827,2.3793103448275863,16.752455511593094,9.512872058834398,3.007281939240452,-2.460929587464857,2.841386211948017,-2.6599741672289756,5.930687793425408,-0.23810137819578225
CN(C)CCC(CSc1ccccc1)Nc1ccc(S(=O)(=O)NC(=O)c2ccc(N3CCN(Cc4ccccc4-c4ccc(Cl)cc4)CC3)cc2)cc1[N+](=O)[O-],1,0.8928571428571429,1.5714285714285714,2.25,35.49569396160893,9.989707382848888,2.256813091740278,-2.361082973559424,2.3080892887896085,-2.455688421810951,7.9896017529486425,-0.38369425873304713
O=S1(=O)CCN(CN2CCS(=O)(=O)NC2)CN1,0,0.8235294117647058,1.2352941176470589,1.5294117647058822,32.23464839141932,10.52889483141781,2.2502681393113373,-2.341976254312168,2.032466641092768,-2.551930718416002,7.893130835152227,0.1297895985003149
O=C(O)CCNC(=O)c1ccccc1,0,1.2142857142857142,1.8571428571428572,2.4285714285714284,16.36528351508312,10.188648427000714,2.034945685167923,-2.0176591956046384,1.9682196185576883,-2.2531413715150523,5.937335967608363,-0.1363389222096377
C=CC1(C)CC(=O)C2(O)C(C)(O1)C(OC(C)=O)C(O)C1C(C)(C)CCC(O)C12C,1,1.2413793103448276,1.8275862068965518,2.3448275862068964,16.603986364656524,9.39520268168319,2.808063453077974,-2.7068829082876786,2.6648445090035002,-2.863252255928746,5.921138667089472,-0.3701014531292948
NC(=O)NC(CCC(=O)O)C(=O)O,0,1.3076923076923077,1.8461538461538463,2.1538461538461537,16.371379570747106,10.14341413177269,2.187403738847905,-2.1004135363591443,1.9676268924731188,-2.4330410399745674,5.815816385978571,-0.1400086787971102
CC12CCC(CC1)C(C)(C)O2,0,1.0909090909090908,1.6363636363636365,1.9090909090909092,16.526690864221937,9.688270842860275,2.4748234860422524,-2.535061958618125,2.4865823613820277,-2.5334812902606307,4.972061515391835,-0.22920842100504832
CCCC(=O)Nc1ccc(OCC(O)CNC(C)C)c(C(C)=O)c1,1,1.2916666666666667,2.0,2.5833333333333335,16.489957061104935,10.098766100195618,2.130400942310538,-2.1653475814561607,2.2362097985672063,-2.348071445854788,5.989692120285781,-0.11575577817201686
Nc1ncnc2c1ncn2[C@@H]1O[C@@H]2COP(=O)(O)O[C@H]2[C@H]1O,0,1.4090909090909092,2.227272727272727,3.0454545454545454,31.204696165090347,10.127507641566984,2.5220688739999693,-2.274451990193228,2.5209757635660264,-2.3866926491887623,7.4702137699226165,-0.06642005728238452
COc1ccc(-c2ccc3c(N4CCOCC4C)nc(N4CCOCC4C)nc3n2)cc1CO,1,0.9705882352941176,1.7058823529411764,2.3823529411764706,16.482196918222975,10.061407029295967,2.2717746244310755,-2.3668929328489714,2.3204376326348948,-2.460353724377366,5.897361485086978,0.09731743125298382
O=C(O)/C=C/C(=O)O,0,1.0,1.25,1.375,16.37046114258237,10.498585341861373,1.875238117236631,-1.7390241529981318,1.699460216399465,-1.9120374202167716,5.891317778487381,-0.1337143957697095
O=C1CCc2ccc(OCCCCN3CCN(c4cccc(Cl)c4Cl)CC3)cc2N1,0,1.0,1.8333333333333333,2.6666666666666665,35.49826287843537,10.030337608057737,2.1928002227518033,-2.3618287764244053,2.3258922815877963,-2.4632561672203166,6.432648109397098,-0.11593257220975868
CC1=CC(=O)c2ccccc2C1=O,0,1.0,1.6153846153846154,2.3076923076923075,16.143535279431298,9.904139112140873,2.211431674105663,-2.1054910801280506,2.195725818369897,-2.1435986069038333,6.237237761888378,0.09842667719897856
Cc1cc(C(=O)NOCCO)c(Nc2ccc(I)cc2F)n(C)c1=O,0,1.4,2.12,2.76,126.91270442843339,10.141601063563572,2.1819852091646514,-2.1686862255695467,2.2359017318231986,-2.3007771982861884,14.111917720112164,0.01682213791183622
COc1cccc2cc(-c3nc(C4CCC(C(=O)O)CC4)n4ncnc(N)c34)[nH]c12,1,1.3,2.1,2.8333333333333335,16.466043130671462,9.81515858875269,2.3065959505656246,-2.2435936288611127,2.38672578594266,-2.2140706340013088,5.93316794655862,-0.1424035170004507
CC1(C)CCC2=C(O1)c1ccccc1C(=O)C2=O,1,1.0555555555555556,1.7222222222222223,2.4444444444444446,16.505946156362583,9.822857679840208,2.3891345803639292,-2.3563007591545526,2.403789215776784,-2.341502580338095,6.518137752639257,-0.11217742716216984
CCCCC(=O)OC1(C(=O)CO)C(C)CC2C3CC=C4CC(=O)C=CC4(C)C3(F)C(O)CC21C,0,1.2647058823529411,1.9705882352941178,2.6176470588235294,19.14766198202967,9.449361624809171,2.7642351593624395,-2.617747294816281,2.705122059526228,-2.6937182380589677,5.937701560594018,-0.22474552507434162
c1cc(CN2CCCNCCNCCCNCC2)ccc1CN1CCCNCCNCCCNCC1,0,0.3888888888888889,0.7222222222222222,1.1111111111111112,15.144542479026587,10.104618080351996,2.0919429565384817,-2.2446807273583906,2.1069899910603103,-2.364779909281029,5.221967023446578,0.25760430264462764
CC(=O)Nc1cccc2c1c(Sc1ccc(Cl)cc1)c(C)n2CC(=O)O,0,1.1923076923076923,1.8846153846153846,2.5,35.495691999985475,10.178855424536202,2.1951578312687667,-2.071631920959569,2.4141270235575,-2.097008341940117,7.9927291627299955,-0.1372019470824792
Cn1cc(-c2ccc(F)c(C(F)(F)F)c2)nc1C1CCN(c2ncnc3[nH]ncc23)CC1,0,1.125,1.90625,2.65625,19.413309712247248,9.955188413623768,2.3437143551056887,-2.321708762834733,2.356054217575671,-2.3386878241942273,5.856521271507052,-0.13947130043880018
CC(C)NC(=O)COc1cccc(-c2nc(Nc3ccc4[nH]ncc4c3)c3ccccc3n2)c1,0,1.0294117647058822,1.911764705882353,2.7941176470588234,16.482298517703384,10.14035890126546,2.116943187841933,-2.1243695928990074,2.292061688790956,-2.3366199752578405,5.9296870750619055,-0.12309628785724842
CC(=O)NCC1CN(c2ccc(N3CCOCC3)c(F)c2)C(=O)O1,0,1.375,2.125,2.7916666666666665,19.142217223557328,10.184585471592552,2.3249283783163928,-2.2909348433043113,2.2782387091219567,-2.3647387276278633,5.897332044257576,-0.11884748749449119
CCc1cc2c(cc1CC)CC(NCC(O)c1ccc(O)c3[nH]c(=O)ccc13)C2,0,1.0689655172413792,1.7241379310344827,2.3448275862068964,16.26814062591331,9.968328340169668,2.234906354522101,-2.1793806065096097,2.297319396797527,-2.328907804143326,5.869665151491787,0.17129454973125455
Nc1nc(=O)c2ncn(COCCO)c2[nH]1,1,1.625,2.4375,3.1875,16.494624044700643,10.525512391421444,2.0766400146096444,-2.0386284351377983,2.0544240860914367,-2.1264437079684106,5.697929525423928,0.049881717463823
CCCCOC(=O)c1ccc(N)cc1,0,1.3571428571428572,2.0,2.5714285714285716,16.53266287998793,10.18679232629582,2.0459267112587174,-2.0298938505962725,2.0655764984533045,-2.0566443302077495,5.892152970204586,0.049956691242889775
O=C(C[S+]([O-])Cc1ccco1)NCC=CCOc1cc(CN2CCCCC2)ccn1,0,1.3,2.1666666666666665,2.966666666666667,32.227821120917746,10.11057695266827,2.1447392985541534,-2.258954912600134,2.1524477037583325,-2.3047164314932695,7.908269081842581,-0.11794563762387654
CNC(=O)c1cc(Oc2ccc(NC(=O)Nc3cc(C(C)(C)C)nn3-c3ccc4ncccc4c3)c(F)c2)ccn1,1,0.9024390243902439,1.7073170731707317,2.4634146341463414,19.142219753237704,9.924618047737496,2.219303038977213,-2.13730466732331,2.287516665606326,-2.2152797517519045,5.993266145275286,0.09574863118249174
CN1CCN(C2=Nc3cc(Cl)ccc3Nc3ccccc32)CC1,0,1.0,1.7826086956521738,2.608695652173913,35.49569150570968,10.110338865929831,2.2321748533719035,-2.343811344937953,2.3602289569184194,-2.469656321149377,6.306739836610217,0.21560614354681043
O=C(N[C@H]1C[N@]2CC[C@@H]1CC2)c1ccc(Cl)cc1,0,1.2222222222222223,1.8888888888888888,2.4444444444444446,35.49569124568275,9.837211932409275,2.343302777024755,-2.444601488494175,2.2717873262291124,-2.5673729121417534,6.302020900093421,0.06202329036726937
CNC(=O)C1O[C@@H](n2cnc3c(NCc4cccc(I)c4)nc(Cl)nc32)[C@H](O)[C@@H]1O,0,1.3333333333333333,2.1333333333333333,2.8666666666666667,126.91270447598413,10.111014824030285,2.4712794020426383,-2.162655257513997,2.326862528731783,-2.408408366157085,14.111918559447037,-0.13660713800840374
CN1CCC(OC(c2ccccc2)c2ccccc2)CC1,1,0.8571428571428571,1.3333333333333333,1.8095238095238095,16.49877727771351,9.999563118600962,2.2275652715164798,-2.318833525609353,2.2914720102442026,-2.3456927850299483,5.295058686399628,-0.02340731631128438
CC[C@@]1(O)C(=O)OCc2c1cc1n(c2=O)Cc2cc3c(CN(C)C)c(O)ccc3nc2-1,1,1.2580645161290323,2.032258064516129,2.7419354838709675,16.551342973009962,9.857551147689115,2.4492332863920843,-2.3125994664853704,2.392105252488536,-2.439178990011968,5.888935601645962,-0.171837869189017
O=C(O)C(O)C(O)C(O)C(O)C(O)CO,0,0.9333333333333333,1.4,1.7333333333333334,16.426445524425436,9.994611138651674,2.363836833318087,-2.2624974792753623,2.080450724055581,-2.5139555459938427,5.723094786611427,-0.1689973335018576
CN(C)CCN(Cc1ccc(Cl)cc1)c1ccccn1,0,1.0,1.75,2.35,35.49569133407493,10.178718815110923,2.0838259343140515,-2.2509748621445596,2.155494911582429,-2.3140957632821664,6.3008372656384255,0.4118584716444154
NC(=O)C1CC[C@@H]2CN1C(=O)N2OS(=O)(=O)O,0,1.4705882352941178,2.1176470588235294,2.6470588235294117,32.25183511231591,10.006101047009942,2.4825692132426607,-2.269938854769451,2.2977019819956794,-2.4745987464144816,7.804013538641977,-0.12236418081371557
Cc1c(N(C)C)c(=O)n(-c2ccccc2)n1C,0,1.1176470588235294,1.7058823529411764,2.176470588235294,16.14430362387586,10.303135696053376,2.1627779044269295,-2.0876711673223234,2.1500513067822586,-2.230402865260335,5.498369656674308,0.62971963053818
Cc1sc2c(c1C)C(c1ccc(Cl)cc1)=N[C@@H](CC(N)=O)c1nnc(C)n1-2,1,1.2222222222222223,1.9259259259259258,2.5925925925925926,35.49569203489633,9.9946610005865,2.314110846468593,-2.1070372709494887,2.389616538203118,-2.1667550009880907,7.1473588902799685,-0.11791562040199367
CCC1OC(=O)CC(O)C(C)C(OC2OC(C)C(O)C(N(C)C)C2O)C(CCN2CC(C)CC(C)C2)CC(C)C(=O)C=CC(C)=CC1COC1OC(C)C(O)C(OC)C1OC,1,0.819672131147541,1.4426229508196722,2.0491803278688523,16.718971590606106,9.788106092550397,2.4805700633134156,-2.466085208210848,2.357085870786895,-2.628266752433536,5.913815991920769,-0.3042195170993199
CC(=O)CC(c1ccccc1)c1c(O)c2ccccc2oc1=O,0,1.0869565217391304,1.7391304347826086,2.4347826086956523,16.394939767959144,9.868919966981068,2.251677517956408,-2.1691985370861517,2.354356628291445,-2.1610270169336547,5.847714337074851,-0.11673548480475782
NCCc1ccc(O)cc1,1,1.2,1.8,2.3,16.254632547041236,10.14440884553602,1.8899541942476816,-1.9611502068337927,2.0854894665396904,-2.014184611906918,5.253680585136452,0.4748333372793692
COc1ccc(COc2cc3oc(=O)c4cc(C(C)O)ccc4c3cc2OC)cc1,1,0.9,1.6666666666666667,2.3333333333333335,16.514960168513692,10.022949033762872,2.145773797704538,-2.131491484648921,2.355378431681411,-2.029314862463839,6.050546326340122,0.19921264951375567
CNC(C)C(=O)NC(C(=O)N1CCCC1C(=O)Nc1snnc1-c1ccccc1)C1CCCCC1,1,1.0571428571428572,1.8,2.5142857142857142,32.13714149443829,9.827390093941949,2.4083047878355854,-2.3466500851162104,2.314674432390552,-2.572298346373473,7.102949382847968,-0.14166680594044653
O=C(Nc1ccc([N+](=O)[O-])cc1O)Nc1ccccc1Br,0,1.1428571428571428,1.8095238095238095,2.4285714285714284,79.91873114732009,10.235947314007483,2.121700524360612,-2.0956517307117055,2.2800922980845395,-2.192350548741958,9.103688213552655,-0.38447698095042493
CC1(C)OCCn2c1nc1c(N3CCOCC3)nc(-c3cnc(N)nc3)nc12,0,1.0,1.75,2.5,16.502974259236098,10.089102916103752,2.340911631342565,-2.2986848725797295,2.34453165024955,-2.366578052364847,5.861745172259081,-0.05302955884323753
COc1cc2nc(N(C)CCCNC(=O)C3CCCO3)nc(N)c2cc1OC,0,1.3214285714285714,2.0714285714285716,2.75,16.50898741851894,10.17675362643115,2.224844286050951,-2.18727215765791,2.334641985477486,-2.3552459070888396,5.913478133450407,-0.12952058605370673
CC1(C)CC(=O)c2c(C(F)(F)F)nn(-c3ccc(C(N)=O)c(NC4CCC(OC(=O)CN)CC4)c3)c2C1,1,1.1891891891891893,1.864864864864865,2.4594594594594597,19.41324244434569,9.752706688006507,2.451128824734063,-2.302279839942755,2.4176847085894053,-2.327261052506613,6.004351719337227,-0.1483830907033002
Clc1ccc(C(Cn2ccnc2)OCc2ccc(Sc3ccccc3)cc2)c(Cl)c1,0,0.9333333333333333,1.7,2.4,35.49683706150334,10.094993454987936,2.1679496425322546,-2.2028373176875355,2.311138508465859,-2.1228585581117687,7.989990201133354,0.027999668819953565
Cc1c(O)c(=O)ccn1C,0,1.6,2.2,2.7,16.26559933547041,10.313623701730359,1.9965574733226925,-2.0243045858253783,2.0551870392083256,-2.0565636591227685,5.241328490909931,0.4570142611242618
Cc1nc(Nc2[nH]nc3c2CN(C(=O)NC(CN(C)C)c2ccccc2)C3(C)C)c2sccc2n1,1,1.2285714285714286,2.0,2.742857142857143,32.13344673658158,10.007134357273479,2.4433200770916064,-2.3343270540877405,2.414467639021147,-2.482356147878076,7.173048439648634,0.13752233410661396
Nc1nc(Nc2ccc3c(c2)CCC(N2CCCC2)CC3)nn1-c1cc2c(nn1)-c1ccccc1CCC2,1,0.7894736842105263,1.605263157894737,2.5,15.448807773336405,10.022083347231938,2.2454447994057567,-2.2549764844533238,2.3182576225289973,-2.3229139400113406,5.680181148773291,0.22217646473663305
Cc1c(Cn2c(C)nc3c(C(=O)O)cc(N4CCOCC4)cc32)cccc1C(F)(F)F,0,1.1935483870967742,1.903225806451613,2.5483870967741935,19.413190225548306,10.014846320008784,2.325967587652791,-2.2884687919344793,2.3393935616692145,-2.3585888684419523,6.026703157236593,-0.13763864319025146
CCc1c(Cl)c(O)c(Cl)c(O)c1C(=O)OC1C(C)OC(OCC2=CC=CCC(O)C(C)=CC(CC)C(OC3OC(C)(C)C(OC(=O)C(C)C)C(O)C3O)C(C)=CC(C)=CCC(C(C)O)OC2=O)C(OC)C1O,1,0.9027777777777778,1.5694444444444444,2.1666666666666665,35.496841830069165,9.876448562150282,2.5284910441488635,-2.474419379046822,2.450565965040614,-2.640734576222339,6.389944028489543,-0.33306462626064254
CCNC(=O)CCCC=CCC1C(O)CC(O)C1C=CC(O)CCc1ccccc1,0,1.2,1.9666666666666666,2.7,16.28943728558549,9.89157469399816,2.3886935537333436,-2.193535843201913,2.3601034062629775,-2.2146993478301806,5.751960862315371,-0.12057070259639208
Clc1ccc(Nc2nnc(Cc3ccncc3)c3ccccc23)cc1,0,0.8,1.52,2.28,35.49569159234217,10.049983735777488,2.096740427929257,-2.1093562299005857,2.2679560679750406,-2.0168527152394837,6.301761094286003,0.9603917990585256
CC1CCC(C(=O)N(c2cc(C#CC(C)(C)C)sc2C(=O)O)C2CCC(O)CC2)CC1,1,1.064516129032258,1.6774193548387097,2.225806451612903,32.133561451865056,9.811936088899783,2.3678533002658884,-2.384067463066788,2.383878475591646,-2.4662797216711074,7.147077304866092,-0.12388433380881027
CCC(NC(=O)C(C)NC)C(=O)N1CC(O)CC1Cc1c(-c2[nH]c3cc(F)ccc3c2CC2CC(O)CN2C(=O)C(CC)NC(=O)C(C)NC)[nH]c2cc(F)ccc12,0,0.7068965517241379,1.0862068965517242,1.4310344827586208,19.14354332804224,9.943867645622797,2.405632607869837,-2.2974701760500804,2.3959331321242407,-2.531218131429082,5.966296496274646,-0.13756396351540226
O=S(=O)(O)CCS,0,1.5714285714285714,2.0,2.0,32.239848037316705,10.963255137231478,1.9809368099529598,-1.8509253601963096,1.814046864803149,-2.0338924402243026,7.873001250145394,0.4848976358561362
Cc1ccc(Nc2nccc(N(C)c3ccc4c(C)n(C)nc4c3)n2)cc1S(N)(=O)=O,0,1.096774193548387,1.8709677419354838,2.6129032258064515,32.23311738455445,10.163238008702447,2.138001082628912,-2.186517517428513,2.2770620949599025,-2.14090418986874,7.888201546999665,0.5969758965366715
O=C(O)C=C(CC(=O)O)C(=O)O,0,1.0833333333333333,1.5833333333333333,1.8333333333333333,16.376993628225097,10.160308991293947,2.1240510433233766,-1.9412863266398117,2.003684323427295,-2.082756293571502,5.975062122839036,-0.1395270342260046
O=C(NCC(O)CO)c1ccncc1Nc1ccc(I)cc1F,0,1.3478260869565217,2.130434782608696,2.8260869565217392,126.9127044101134,10.162792997891856,2.138432930775541,-2.133435715560028,2.2330608189730157,-2.3372538524531987,14.11191746721509,0.08021876029117228
CC(C(=O)O)c1ccc(C(=O)c2cccs2)cc1,0,1.1666666666666667,1.8333333333333333,2.3333333333333335,32.13347359764638,9.986240189128697,2.1465722621078522,-2.06481584463381,2.18964111060719,-2.0742977079561356,7.11807126147833,-0.13786379232560142
CCC(=C(c1ccc(O)cc1)c1ccc(OCCN(C)C)cc1)c1ccccc1,1,0.7931034482758621,1.3793103448275863,1.9310344827586208,16.477584237189877,9.879899606327983,2.130328625592794,-2.169749778347179,2.3504444138635208,-2.1889486489770325,5.981816506730755,0.261150264340016
CN1[C@@H]2C[C@@H](OC(=O)C(CO)c3ccccc3)C[C@H]1[C@@H]1O[C@@H]12,0,1.3181818181818181,1.9545454545454546,2.5454545454545454,16.606258130938283,9.97458692902896,2.624134338096561,-2.3770240037266386,2.4760301042560986,-2.476910816837251,5.78086371410479,-0.15613936554936664
NC1CCC(N[C@@H]2C[C@H]2c2ccccc2)CC1,0,1.0,1.7058823529411764,2.411764705882353,15.004996026711368,9.915307885462125,2.390222205121886,-2.2670707648726487,2.410353183295171,-2.3828741548467978,5.273030083792192,0.3394529830554611
CN(C)CCC=C1c2ccccc2C(C)(C)c2ccccc21,0,0.8636363636363636,1.3636363636363635,1.8636363636363635,15.044095873537803,9.66984304116832,2.3333903270912706,-2.3620925080836224,2.4556432964422448,-2.26096941958303,5.870412326177291,0.4170482436539702
CC(NC(=O)C(C#N)=Cc1cccc(Br)n1)c1ccccc1,1,1.2727272727272727,2.0,2.6363636363636362,79.91873122914559,10.083957924976787,2.1338338142975886,-2.1323576465510747,2.1338599783179575,-2.271440134938549,9.102391180482817,-0.11718923759293388
C=c1c(C(=O)NCCN(CC)CC)c(C)[nH]c1=Cc1c(O)[nH]c2ccc(F)cc12,1,1.3103448275862069,2.0344827586206895,2.7241379310344827,19.142146155333254,10.120041861364799,2.1465748976384735,-2.1741812085733927,2.2768304759362423,-2.369695171699085,5.959515453627296,0.09472914883548285
CN(CC=Cc1ccccc1)Cc1cccc2ccccc12,1,0.8181818181818182,1.5454545454545454,2.409090909090909,15.077268615181866,10.043559783717102,2.025073708022702,-2.1569704307155377,2.1909704191316477,-2.1722437445304608,5.850869737957633,0.36515734356573004
CCCCCCCCCCCCCCCCO,0,0.47058823529411764,0.7647058823529411,1.0588235294117647,16.24993048891891,10.045236240516273,1.9290042546066037,-2.0214460056968275,2.1214153335145105,-1.8447463576940575,4.484331714489455,0.28198675620648567
CNC1CCC(c2ccc(Cl)c(Cl)c2)c2ccccc21,1,0.95,1.7,2.4,35.49826156860549,9.766303186015708,2.2669087120445113,-2.315321030802639,2.4154049394218178,-2.2366203859447467,6.415206279316786,0.4706132263276259
CN=C(N)NCCCC(N)C(=O)O,0,1.6923076923076923,2.3076923076923075,2.769230769230769,16.367549574651708,10.15524467787629,2.0915138407178278,-2.0652279326595155,1.920387983349436,-2.3426601693949487,5.770926971148648,-0.1381997982343993
Nc1ccn(CC(CO)OCP(=O)(O)O)c(=O)n1,0,1.5555555555555556,2.2222222222222223,2.7222222222222223,31.19092852967069,10.346566544982592,2.1781613431901525,-2.1633519319045638,2.338476197755146,-2.316610976857591,7.510392421804674,0.01884615830771028
O=C(NOCCO)c1cc(CN2OCCCC2=O)c(F)c(F)c1Nc1ccc(I)cc1F,0,1.25,2.03125,2.71875,126.91270449321725,10.049242985849014,2.269264638242085,-2.2623592023663126,2.311371507718122,-2.351733992586286,14.111918625930725,-0.20163959667043568
C#CC1(O)CCC2C3CC=C4CC(=O)CCC4C3CCC21C,0,1.2727272727272727,2.090909090909091,2.8636363636363638,16.285945372951012,9.510463728607515,2.6116940211571817,-2.5366681377427254,2.6367082420174976,-2.5141778008085507,5.818318717657016,-0.120565527649135
COc1ccc2c(c[n+](C)c3c4cc5c(cc4ccc23)OCO5)c1OC,1,0.8461538461538461,1.6153846153846154,2.3846153846153846,16.69679966258578,9.998228921944806,2.2145862566876016,-2.1187275929425837,2.4094826142163654,-2.283122662803798,6.147481124152023,-0.6422768555014615
O=C(NC1CCNCC1)c1[nH]ncc1NC(=O)c1c(Cl)cccc1Cl,1,1.12,1.8,2.48,35.496836226281594,10.070004696191706,2.2197899020946283,-2.2305778608412123,2.2536310795629277,-2.42555135609925,6.399986602259243,0.09250991857970549
CO[C@]12C[C@@H](COC(=O)c3cncc(Br)c3)CN(C)[C@@H]1Cc1cn(C)c3cccc2c13,0,1.3225806451612903,2.161290322580645,2.935483870967742,79.9187312981988,9.685283542554538,2.514442699201902,-2.5251525837168463,2.4922373148994583,-2.594993879542643,9.102992529781638,-0.1306158724628746
COc1ccc2[nH]cc(CCN)c2c1,0,1.4285714285714286,2.2857142857142856,3.0,16.465280322569193,10.112747758082753,2.030377903520617,-2.0008927714883167,2.229921530043023,-2.012825172277594,5.841462807976347,0.415165874575919
NC(=O)c1nc(F)c[nH]c1=O,1,1.7272727272727273,2.3636363636363638,2.8181818181818183,19.14293782434033,10.417196674525242,2.0773089686916215,-1.905556713828257,1.8589639310791193,-2.253430363044097,5.896769258619094,0.09924241597906013
CCC1(c2ccccc2)C(=O)NCNC1=O,1,1.125,1.6875,2.1875,16.167926479755355,9.752414522329179,2.472524234941752,-2.3395633335421198,2.2943441516146748,-2.616114031131274,6.118441333894687,-0.1409914672954202
CCN(CC)CCOCCOC(=O)C(CC)(CC)c1ccccc1,0,0.9583333333333334,1.5833333333333333,2.125,16.55767415636172,9.757222394608075,2.3767996514967815,-2.2940553223234184,2.3251829603274636,-2.3672103231579045,5.827073201571518,-0.15236853680916446
OCCc1ccc(O)c(O)c1,0,1.0909090909090908,1.8181818181818181,2.3636363636363638,16.30303778049963,10.136291539317439,1.9831043769333694,-1.9974961663193542,2.2418558031598144,-1.8864365331041988,5.399518945570468,0.29902395229206885
OC1OC[C@H](O)[C@H](O)[C@H]1O,0,1.0,1.6,2.1,16.62720345316681,10.063339826770589,2.355681915963509,-2.314105610949077,2.1212041235019212,-2.5219121461336225,4.806542271025375,-0.25170526129389387
CC1OC(OC2C(CO)OC(OC3C(CO)OC(O)C(O)C3O)C(O)C2O)C(O)C(O)C1NC1C=C(CO)C(O)C(O)C1O,0,0.6363636363636364,1.1590909090909092,1.7272727272727273,16.748856947256634,9.86316279628514,2.53196178019724,-2.4832511877635004,2.324058285036483,-2.6818608722998754,5.219669380484653,-0.3734788689922083
O=C1C(c2[nH]c3ccccc3c2O)=Nc2ccccc21,0,1.0,1.75,2.55,16.25695212899846,10.06546072445284,2.285423451533481,-1.964416510269625,2.3411677893515996,-2.110364006523965,6.548588806162357,0.10650243235927621
COc1cc2c(Nc3ccc(NC(=O)c4ccccc4)cc3)ncnc2cc1OCCCN1CCOCC1,0,0.9736842105263158,1.736842105263158,2.5,16.514270794829333,10.1598935610828,2.1355994910910954,-2.2594376137024943,2.345729713301076,-2.367888819378074,6.0391175662122,0.03573179087978508
CC(C)CC(C(=O)NC(C(=O)OC1CCCC1)c1ccccc1)C(O)C(O)=NO,1,1.206896551724138,1.8275862068965518,2.3793103448275863,16.54538000876789,9.901528000520724,2.353325734225133,-2.257776543524859,2.249314587441159,-2.4510798418706696,5.906991883870237,-0.15329373444191377
Cc1ccc(C(=O)Nc2ccc(CN3CCN(C)CC3)c(C(F)(F)F)c2)cc1C#Cc1cnc2cccnn12,0,1.0512820512820513,1.8461538461538463,2.6153846153846154,19.413195622054186,10.031565771584091,2.340121361066783,-2.3252375154771587,2.344510829168296,-2.4363757597644633,6.042029309548898,-0.13802371946655972
CCOc1cc(C(CS(C)(=O)=O)N2C(=O)c3cccc(NC(C)=O)c3C2=O)ccc1OC,0,1.125,1.84375,2.4375,32.227703716696155,10.058466578320283,2.4299294342126276,-2.2652943277736166,2.3805256894146685,-2.37442515918558,7.9022990573200795,-0.11374556203466299
CCCc1nc(C(C)(C)O)c(C(=O)O)n1Cc1ccc(-c2ccccc2-c2nn[nH]n2)cc1,0,1.0909090909090908,1.7878787878787878,2.3636363636363638,16.367402550130038,9.979850139247706,2.3099821555979725,-2.160266586636554,2.303873683451216,-2.216990148545189,5.874066808008134,0.06023427121876602
CC#CC(=O)N1CCC[C@H]1c1nc(-c2ccc(C(=O)Nc3ccccn3)cc2)c2c(N)nccn12,0,1.1142857142857143,1.9428571428571428,2.6857142857142855,16.15374344461323,10.079436898939209,2.3320881432891136,-2.2104082467142665,2.35964611819854,-2.299449783601165,6.037480840783219,-0.12565432195600176
C[N+]1(C)CCC(OC(=O)C(O)(c2ccccc2)C2CCCC2)C1,0,1.173913043478261,1.826086956521739,2.391304347826087,16.560150393226742,9.798474427904669,2.489539313668713,-2.3288003253065512,2.4152645835411475,-2.4550169459967783,5.814375267029457,-0.8786711217153366
NCC1OC(OC2C(CO)OC(OC3C(O)C(N)CC(N)C3OC3OC(CO)C(O)C(O)C3N)C2O)C(N)C(O)C1O,0,0.5238095238095238,1.0,1.5476190476190477,16.758927733238963,9.839644727821748,2.5394766303544216,-2.4678386021537775,2.338949808875841,-2.6764154432114196,5.017735032722548,-0.31035703414138543
NCc1ccc(S(N)(=O)=O)cc1,0,1.1666666666666667,1.6666666666666667,2.0,32.23311539810622,10.211690366682609,2.0495077693334784,-1.983544421133782,2.070229595514444,-2.11610086549577,7.887584075864563,0.5975168943478539
Cc1cccc(C)c1NC(=O)CN1CCCC1=O,0,1.3333333333333333,2.0,2.5555555555555554,16.16040041574532,10.099832582015262,2.220597001880387,-2.1640002693390787,2.1917153671550467,-2.3374267161317976,5.955676070034983,-0.13095845105039108
CC12CC=C3C4=C(CCC3C1CCC2(O)CC#N)CC(=O)CC4,0,1.3478260869565217,2.1739130434782608,2.9565217391304346,16.28670062190296,9.557349397602183,2.5941454864244307,-2.496378859678543,2.6263062179169783,-2.48272527851517,5.831384156873357,-0.11836610769989833
O=C(NOCCO)c1ccc2cncn2c1Nc1ccc(I)cc1F,0,1.36,2.2,2.96,126.91270442835793,10.183321296396928,2.164987703001678,-2.146997953756967,2.2548357661602285,-2.260704038671338,14.11191776193789,0.016846739397137416
COc1cc(C(=O)O)ccc1O,0,1.5,2.1666666666666665,2.6666666666666665,16.47425705994147,10.179972326124744,2.063980697067867,-2.023761251821771,2.254188822311344,-1.9587900841378796,5.879545107758187,0.06962143373643229
C[C@@H]1COCCN1c1cc(C2([S@](C)(=N)=O)CC2)nc(-c2ccnc3[nH]ccc23)n1,0,1.3448275862068966,2.1724137931034484,2.896551724137931,32.22462817893461,10.126440763476511,2.527535760844495,-2.3450169793943454,2.5236428222431493,-2.439700285185638,7.924992890522794,0.09850312557051906
Cc1cc2c(cc1S(N)(=O)=O)S(=O)(=O)CCC2,0,1.2941176470588236,1.9411764705882353,2.5294117647058822,32.23351244059283,10.072320770359514,2.2610952294905475,-2.1774089186483825,2.2885081469371262,-2.195221056691799,7.913706375000169,0.5850016486332412
O=P(O)(O)O,0,1.2,1.2,1.2,31.20422829336987,15.771696919319568,1.9973509016891706,-1.8202518164967827,2.2534362804956802,-1.655258217841864,7.447133331142708,0.27514097945884425
O=c1ccc2ccccc2o1,0,1.0,1.8181818181818181,2.727272727272727,16.391861403051642,10.226050366187646,1.9156250367947982,-1.9089597537978225,2.084059962520827,-1.928547830971929,5.751853717034213,0.5608287894433639
CC(=O)SCC(Cc1ccccc1)C(=O)NCC(=O)OCc1ccccc1,0,0.9629629629629629,1.5555555555555556,2.1481481481481484,32.16657242911345,10.001148651272153,2.205087744503813,-2.157136610164322,2.1550901820715187,-2.369616990491819,8.131083140646053,-0.14500844803752602
Nc1ncnc2c1ncn2C(C=O)OC(C=O)CO,1,1.368421052631579,2.1578947368421053,2.789473684210526,16.526241588560907,10.392481361996229,2.1968151174563135,-2.162767177568911,2.186313828537962,-2.2557594351884482,5.814651665156967,-0.13896905340972693
On1ccccc1=S,1,1.5,2.25,2.625,32.091993581571096,10.510674318058442,1.7746061125543553,-1.903303758242168,1.8618307979599011,-1.8873101747430299,7.710764663487248,0.18016294246208167
CC(C)(Oc1ccc(CCNC(=O)c2ccc(Cl)cc2)cc1)C(=O)O,0,1.08,1.68,2.24,35.49569161784108,10.104969175320582,2.2871709730763876,-2.2108399578444544,2.1908343215797994,-2.373576013721527,6.302036503097193,-0.15170071943447927
CC(=O)O[C@H]1CC[C@@]2(C)C(=CC[C@@H]3[C@@H]2CC[C@]2(C)C(=O)CC[C@@H]32)C1,0,1.125,1.8333333333333333,2.5833333333333335,16.54206337540277,9.478197943006347,2.5816168343461516,-2.564482205058564,2.6354517213322426,-2.502449762011818,5.867364232000021,-0.14824513092477237
C#C[C@]1(O)CC[C@H]2[C@@H]3CCc4cc(OC5CCCC5)ccc4[C@H]3CC[C@@]21C,0,1.1111111111111112,1.9259259259259258,2.7037037037037037,16.489681907363764,9.531566587967088,2.605570661323438,-2.516573436050133,2.6368694283291445,-2.496198576510588,5.410604354243426,-0.06465049031522316
Nc1ncnc2c1ncn2[C@@H]1O[C@H](COP(=O)(O)OP(=O)(O)OP(=O)(O)O)[C@@H](O)[C@H]1O,0,1.032258064516129,1.7096774193548387,2.3548387096774195,31.29809044072627,10.128387798554886,2.465036308770334,-2.1871992057544696,2.6591361008110677,-2.332384947908053,7.661522960804867,-0.05028149412407605
Cc1[nH]nc(C(F)(F)F)c1Cc1sc2c(c1C(=O)N1C[C@](C)(O)CO1)c(=O)n(C)c(=O)n2C(C)C,0,1.3428571428571427,2.0,2.5428571428571427,32.133540407955174,10.03134250009378,2.405633641017085,-2.1689375451330704,2.3737545292937137,-2.3925793751966764,7.1874361124932475,-0.14126959491127394
O=C(C(O)CO)C(O)C(O)CO,0,1.0833333333333333,1.5833333333333333,1.9166666666666667,16.366928062089,10.063789481487795,2.27858326818957,-2.157194687182422,1.977665712273704,-2.428593703718153,5.870572365336211,-0.14439084367232732
CCS(=O)(=O)c1cccc(-c2cc(C(=O)NC3CCN(C)CC3)c(C)c3[nH]c4ncc(C)cc4c23)c1,1,1.1666666666666667,1.9166666666666667,2.638888888888889,32.22787292828213,9.929566431727899,2.23806019471096,-2.2928814749017707,2.3817861186173297,-2.430528618916035,7.909771385099225,0.09161203847537898
COc1cc(NC(=O)Nc2cccc(CNC(=O)OC3CCOC3)c2)ccc1-c1cnco1,0,1.1515151515151516,2.0,2.727272727272727,16.58587477075912,10.12515871830915,2.1926520918403103,-2.126432563273871,2.3182700791936237,-2.2841735141915582,5.997121229721735,0.08280650159442246
CC(C)(C)NCC(O)c1cc(O)cc(O)c1,0,1.125,1.625,2.0625,16.273146908594157,10.056733443878292,2.1409229403031307,-2.226895287303302,2.2428019965659614,-2.380714897310897,5.372287712598206,0.16239887629426128
CC(OC1OCCN(Cc2nc(=O)n(P(=O)(O)O)[nH]2)C1c1ccc(F)cc1)c1cc(C(F)(F)F)cc(C(F)(F)F)c1,0,1.0975609756097562,1.6829268292682926,2.1951219512195124,31.196978426061076,10.00294258819084,2.394777665773528,-2.413237510717918,2.398193854385296,-2.4611766684069893,7.4939799048605575,-0.2310212318952561
CC(=O)NCC1CN(c2ccc(-c3ccc(CNCc4c[nH]nn4)cc3)c(F)c2)C(=O)O1,1,1.25,2.0625,2.75,19.142197032599242,10.024046631557466,2.322824874535462,-2.1451757729734884,2.2891400744985932,-2.3281710399102216,5.899276876578615,-0.11884855313630502
CCCCCCCCCCCCCCCC(=O)NCCO,1,0.7619047619047619,1.1904761904761905,1.619047619047619,16.251527525109072,10.043642626095485,1.9919339807410505,-2.037822155386497,2.123053679316192,-2.2537782672178843,5.752190260140334,-0.12087145387263405
Nc1ccc(C(=O)O)c(O)c1,0,1.4545454545454546,2.090909090909091,2.5454545454545454,16.367681431327085,10.164980769813464,2.0719675628288767,-1.9824378365182138,2.1882416307452,-1.965864155928953,5.907739552610447,0.06935757424888812
CCOC(=O)NC1CCC2C(C1)CC1C(=O)OC(C)C1C2C=Cc1ccc(-c2cccc(F)c2)cn1,0,1.2222222222222223,2.0833333333333335,2.8333333333333335,19.14214916354777,9.565580771356538,2.5412906108861453,-2.4716207901011717,2.5318346920694035,-2.4795313243572625,5.754839605100241,-0.14404585082349824
O=C1CCC(N2C(=O)c3ccccc3C2=O)C(=O)N1,0,1.0,1.5789473684210527,2.1052631578947367,16.189071820824072,10.046221287122238,2.436945484353276,-2.272936826564805,2.2644376759513944,-2.5377085016280794,6.2293322974905285,-0.13584775337123983
O=S(=O)(c1ccccc1)c1cnc2c(N3CCNCC3)cccc2c1,0,0.92,1.68,2.44,32.2279165109515,10.140249078212335,2.1958310110515766,-2.2958561178980634,2.2846781464492105,-2.431727564416451,7.911303798610353,0.589818834377315
CC(C)CN(CC(OP(=O)(O)O)C(Cc1ccccc1)NC(=O)OC1CCOC1)S(=O)(=O)c1ccc(N)cc1,0,1.1538461538461537,1.8205128205128205,2.3846153846153846,32.23343015733391,10.008438670899604,2.367730983900932,-2.3297051821165744,2.389715790589365,-2.5196989883526637,7.887406558914457,0.06014519890293894
COc1cc(C=O)ccc1O,0,1.5454545454545454,2.272727272727273,2.8181818181818183,16.474024866329547,10.196382223920475,1.997870020303017,-2.0129684634464238,2.247074867510473,-1.853933219780523,5.758009951205343,0.11180065972100516
CCOc1ccccc1OC(c1ccccc1)C1CNCCO1,0,1.0869565217391304,1.826086956521739,2.5217391304347827,16.555854110509774,10.029995675338206,2.2812209929799603,-2.3161424277634577,2.3308746862653686,-2.4297952663250015,5.398937449041009,-0.04388474231836444
COc1cc(C=Cc2ccc(O)cc2)cc(OC)c1,0,0.7894736842105263,1.3157894736842106,1.8421052631578947,16.47557653682186,10.11648152780716,1.9884451498312254,-2.0532260081571256,2.2355735877317113,-1.8754878717613326,5.70768601740748,0.3939500873067585
O=C(NCc1ccc(Oc2ccccc2)cc1)c1nc(-c2cc(Br)c(O)c(Br)c2)no1,0,1.0,1.6451612903225807,2.3225806451612905,79.91976402210372,10.179770019399356,2.1735119364185183,-2.067710859817124,2.3562161408086024,-2.225868756493876,9.108940572104958,0.09067172755125405
C[C@@H]1CC[C@@]2(NC1)O[C@H]1C[C@H]3[C@@H]4CC=C5C[C@@H](O[C@@H]6O[C@H](CO)[C@H](O)[C@H](O[C@@H]7O[C@H](CO)[C@@H](O)[C@H](O)[C@H]7O)[C@H]6O[C@@H]6O[C@@H](C)[C@H](O)[C@@H](O)[C@H]6O)CC[C@]5(C)[C@H]4CC[C@]3(C)[C@H]1[C@@H]2C,0,0.6935483870967742,1.3548387096774193,2.0483870967741935,16.77310948398767,9.46506156570046,2.681509145150742,-2.585714295683106,2.7005009919874143,-2.668986247427104,5.264833279932838,-0.39392793771632323
CN(c1ncccc1CNc1nc(Nc2ccc3[nH]c(O)cc3c2)ncc1C(F)(F)F)S(C)(=O)=O,1,1.1714285714285715,1.9428571428571428,2.657142857142857,32.233257419457495,10.20204518989831,2.350913369809033,-2.196738666024901,2.345740822732092,-2.269799579252938,7.9157984421357686,-0.13691712858261337
Nc1ncnc2c1ncn2C1OC(CO)C(O)C1O,0,1.263157894736842,2.0526315789473686,2.736842105263158,16.562526615587373,10.128486981496444,2.4344840649940416,-2.1578641361958084,2.3102883813046247,-2.3263050571895616,5.806596802973693,-0.05106624743929241
Cc1cccn2c(=O)c(-c3nn[nH]n3)cnc12,0,1.411764705882353,2.2941176470588234,3.0588235294117645,16.139728841211472,10.240586310090388,2.1090343767892046,-2.0279876776911423,2.090288714150304,-2.172313047631581,5.554421668926391,0.8814988143496102
CC(O)(COc1ccc(C#N)cc1)C(=O)Nc1ccc(C#N)c(C(F)(F)F)c1,0,1.1428571428571428,1.7857142857142858,2.3214285714285716,19.413187605000537,10.050660632669295,2.351279531032519,-2.22649141483911,2.332960707211592,-2.4472586975266633,5.966762259666078,-0.13776343356071044
C[S+](CCC(N)C(=O)O)C[C@H]1O[C@@H](n2cnc3c(N)ncnc32)[C@H](O)[C@@H]1O,0,1.3703703703703705,2.111111111111111,2.814814814814815,32.2157523778732,10.13616657577077,2.4620085872174453,-2.159460825556686,2.3222814214077614,-2.36978879301519,7.957249197611876,-0.13805566829892119
C[C@H]1CN(CC(Cc2ccccc2)C(=O)NCC(=O)O)CC[C@@]1(C)c1cccc(O)c1,0,1.1935483870967742,1.935483870967742,2.5806451612903225,16.366778481725387,9.676501813312541,2.3861663243632014,-2.454492794315992,2.400010786660772,-2.5008566185692094,5.8285346840685275,-0.13829678292405456
CCN(CC)CC(=O)Nc1c(C)cccc1C,0,1.1764705882352942,1.7058823529411764,2.176470588235294,16.15013762579056,10.099692731628458,2.094433566742462,-2.1815574207486272,2.186220417838294,-2.327331479447569,5.932586126168489,-0.11679336447491702
O=c1c(O)c(-c2ccc(O)c(O)c2)oc2cc(O)ccc12,1,0.8571428571428571,1.619047619047619,2.3333333333333335,16.358237126849364,10.09235645497526,2.1627976113115084,-2.068659908556611,2.3501869872465875,-2.018550041791087,5.826681692190763,0.4032376631954283
CC#CC(=O)Nc1ccc2ncnc(Nc3cccc(Br)c3)c2c1,0,1.125,2.0,2.7916666666666665,79.91873118574321,10.168792709550134,2.0674704136756503,-2.0972788161442852,2.2636459453525517,-2.079655619421398,9.103014563411268,-0.11068880732783298
CCCCCCCCCCCCCCCCCCCC(=O)O,0,0.5454545454545454,0.8181818181818182,1.0909090909090908,16.36513500925636,10.033626637035468,1.9674821834227367,-2.030839303993834,2.137036446487819,-1.9294839705823963,5.660168916733471,-0.1366536447652099
O=C1C(c2[nH]c3ccc(S(=O)(=O)O)cc3c2O)=Nc2ccc(S(=O)(=O)O)cc21,0,0.8928571428571429,1.5,2.142857142857143,32.241216812287,10.063964063841517,2.3082321242974846,-1.997772222310805,2.362029833434946,-2.1183930742091266,7.856852531144512,0.10647881563609922
CN1CCN(c2nc(C3=C(c4c[nH]c5ccccc45)C(=O)NC3=O)c3ccccc3n2)CC1,0,0.8181818181818182,1.5151515151515151,2.3333333333333335,16.172654792435683,9.966673842058924,2.354478936160738,-2.322583041849833,2.366833804393933,-2.448239414002386,6.501236331838184,-0.12234304123490958
NC(=O)c1cnc(N[C@@H]2CCCC[C@H]2N)nc1Nc1cccc(-n2nccn2)c1,1,1.1724137931034482,1.9655172413793103,2.7241379310344827,16.146499409114913,9.910366919892407,2.227354108832007,-2.2892371821403583,2.2351601280843885,-2.4254391330794816,5.976773745323832,0.10002553426974577
COc1ccc2c3c1O[C@H]1C[C@@H](O)C=C[C@@]31CCN(C)C2,0,1.4285714285714286,2.2857142857142856,3.0952380952380953,16.527305272967705,9.688583673079572,2.520265157259096,-2.353008849741788,2.550768959233754,-2.4237483002542137,5.604604293778373,0.08214996925945312
CN(C)CCCOc1ccc(-c2ccc3ncc4c(c3c2)n(C2CCOCC2)c(=O)n4C)cn1,1,1.088235294117647,1.8823529411764706,2.6176470588235294,16.48468225086682,10.032758033638704,2.232635465578529,-2.232540875280962,2.315056212370331,-2.29362406076585,6.0358109571825125,0.06966499318072629
CC(=O)c1cc([N+](=O)[O-])c(Sc2cccc(Cl)c2Cl)s1,0,1.4,2.1,2.7,35.49826433721571,10.330219169422323,2.22294412975993,-2.027216395995046,2.4432936390673565,-1.8755270332182872,8.010590865340363,-0.3866903596468944
CC(O)C1C(=O)N2C(C(=O)O)=C(SC3CNC(CNS(N)(=O)=O)C3)C(C)C12,0,1.5185185185185186,2.185185185185185,2.740740740740741,32.23849001633468,9.79002880046079,2.5975958869758164,-2.459018701427994,2.5128211521598605,-2.63127097181597,8.03330407996402,-0.16264833579357477
OCCN1CCN(CCCN2c3ccccc3Sc3ccc(Cl)cc32)CC1,0,0.8518518518518519,1.5555555555555556,2.3333333333333335,35.495692053239175,10.16868441001907,2.234057514019159,-2.3580727116477442,2.481595885442586,-2.4714530603992695,7.993778225558736,0.11213891820835536
CO[C@H]1/C=C/O[C@@]2(C)Oc3c(C)c(O)c4c(O)c(c5c(nc6cc(C)ccn65)c4c3C2=O)NC(=O)C(C)=CC=CC(C)[C@H](O)[C@@H](C)[C@H](O)[C@@H](C)[C@H](OC(C)=O)[C@@H]1C,0,0.9824561403508771,1.6842105263157894,2.3508771929824563,16.706108218209582,9.781262860363894,2.4950179540737203,-2.3756541283179406,2.536830947948067,-2.461722813650054,6.280266381651818,-0.16022308000933752
CC(C)=CCC/C(C)=C/CC/C(C)=C/CC/C=C(\C)CC/C=C(\C)CCC=C(C)C,0,0.3333333333333333,0.5666666666666667,0.8333333333333334,14.003960924108412,10.041374359549302,1.9385761491775892,-2.024508058689464,2.1422024451019697,-1.8204183381078693,5.07595677747156,0.8958742469689494
NCCc1ccc(O)c(O)c1,0,1.1818181818181819,1.9090909090909092,2.4545454545454546,16.30287640856366,10.130943998020088,1.9803996246197537,-2.0003796531632436,2.241247462005219,-2.0157163529298363,5.399890456757701,0.4029072388290758
CC(=O)Oc1ccc(C(c2ccc(OC(C)=O)cc2)c2ccccn2)cc1,0,0.7407407407407407,1.2222222222222223,1.5925925925925926,16.5380634966388,9.878164351271122,2.181570152892633,-2.1818006298264376,2.322395225330306,-2.066279839419611,5.693882043484088,-0.13238844661977237
O=C(C=Cc1ccc(O)cc1)c1ccc(O)cc1O,0,0.8947368421052632,1.5263157894736843,2.1578947368421053,16.267862839191682,10.078240180635321,2.0791981743337034,-2.005466296277089,2.2302961163833777,-1.9384022483872545,6.0817397178486905,0.1040510067732064
CCn1c(=O)c2c(nc(C=Cc3ccc(OC)c(OC)c3)n2C)n(CC)c1=O,0,1.0,1.6785714285714286,2.2857142857142856,16.50782242360917,10.157330961223362,2.1728044110633093,-2.076569924694472,2.278750959742526,-2.394238988405648,5.7657888073494545,0.35465533387070114
O=[N+]([O-])c1cn2c(n1)OC[C@@H](OCc1ccc(-c3ccc(OC(F)(F)F)cc3)nc1)C2,0,1.2258064516129032,2.0,2.6451612903225805,19.422452751198207,10.111793840522369,2.3078792046536276,-2.218674757802507,2.26145810335779,-2.3161219574368315,5.595822599569729,-0.388942996963988
CC(C)(Oc1ccc(Cl)cc1)C(=O)O,0,1.3571428571428572,1.8571428571428572,2.2857142857142856,35.49569104429172,10.126545700702021,2.2864298100688334,-2.207861074304486,2.2022205928921395,-2.373304708110181,6.301079781106166,-0.15169678933747022
CO[C@H]1O[C@@H]2OC3(C)CC[C@H]4[C@H](C)CC[C@@H]([C@H]1C)[C@@]24OO3,0,1.0476190476190477,1.8571428571428572,2.619047619047619,17.255909714632402,9.579613294010732,2.6892368751172793,-2.5961997060201196,2.599824726531031,-2.700187279451264,5.084946933291311,-0.576639334241128
NC(=O)CN1CC(c2ccccc2)CC1=O,0,1.375,2.0625,2.6875,16.15930371273692,9.985317259406147,2.3042728980110025,-2.137782544528168,2.2688365267182626,-2.3420501010286108,5.854040324950776,-0.1315135903895757
Cn1cc(C2=C(c3cn(C4CCN(Cc5ccccn5)CC4)c4ccccc34)C(=O)NC2=O)c2ccccc21,1,0.7948717948717948,1.4102564102564104,2.1025641025641026,16.172613348420274,9.954725048045907,2.3553665659815444,-2.3251290283435906,2.3996820567118737,-2.338237925093053,6.504179238327674,-0.12234120420728774
Cc1cccc(/C=N/Nc2cc(N3CCOCC3)nc(OCCc3ccccn3)n2)c1,0,1.1290322580645162,2.032258064516129,2.838709677419355,16.492858176737123,10.152114722219247,2.1536861393322067,-2.2760062091267543,2.2049755941249107,-2.364486611036572,5.799136603160817,0.12198843331517044
COc1ccc(O)cc1,1,1.2222222222222223,1.7777777777777777,2.2222222222222223,16.465358000545155,10.313855975415132,1.869300805075712,-1.9598366883116607,2.139859420204767,-1.7875017560519753,5.292661356587299,0.4120112643878249
CN(C)C1C(=O)C(C(N)=O)C(=O)C2(O)C(=O)C3C(=O)c4c(O)cccc4C(C)(O)C3CC12,1,1.09375,1.71875,2.28125,16.317460568590054,9.494858825059525,2.709342295465415,-2.5489642488229673,2.5504517477052944,-2.7461118349151525,6.32031401847485,-0.1878230544866021
c1ccc2c(c1)CCCC2C1=NCCN1,0,1.2666666666666666,2.2,3.066666666666667,15.066841104016722,9.819734959995927,2.2489310666951288,-2.2506244444516423,2.318939025530837,-2.2766275820536106,5.902142069658856,0.6412692162857326
CN[C@@]1(C)[C@@H]2CC[C@@H](C2)C1(C)C,0,1.0833333333333333,1.6666666666666667,2.0,14.996774102222439,9.64063832717288,2.5884276013942857,-2.4734396832495102,2.604668550197724,-2.554719429327195,5.130851833772886,0.07324510689026464
CS(=O)(=O)c1ccc(C(O)C(CO)NC(=O)C(Cl)Cl)cc1,1,1.2857142857142858,1.8095238095238095,2.1904761904761907,35.5391693693861,10.028147197520584,2.242659450532222,-2.225724925894208,2.195049339328174,-2.435974811129852,7.903035357082077,-0.12104434756811992
O=c1cc(-c2ccc(O)c(O)c2)oc2cc(O)cc(O)c12,0,0.8095238095238095,1.5714285714285714,2.2857142857142856,16.34152907488486,10.100121224154162,2.1261938140543033,-2.058357717350511,2.330619202493682,-2.001886557836227,5.8559554596210495,0.4035528109687675
c1ccc(CN(CC2=NCCN2)c2ccccc2)cc1,0,0.9,1.6,2.25,15.1858109218106,10.16244782772956,2.1232533861613385,-2.2472901393327924,2.1639375653935193,-2.344447960095076,5.875439830915669,0.8660840557940005
Cc1ccc(Sc2ccccc2N2CCNCC2)c(C)c1,1,0.9523809523809523,1.7142857142857142,2.4761904761904763,32.16658025849339,10.156000662577863,2.1437631271597852,-2.305995731502454,2.366335108637651,-2.4323795931103667,7.9919521461071135,0.5866434876202082
Fc1ccc(C(c2ccc(F)cc2)N2CCN(CC=Cc3ccccc3)CC2)cc1,1,0.7,1.2333333333333334,1.7666666666666666,19.14351921516147,9.959646718153802,2.2579787652337635,-2.391689474133453,2.2965925215772596,-2.473119338807561,5.483214021835164,0.11752023522720743
CCOc1nc2cccc(C(=O)O)c2n1Cc1ccc(-c2ccccc2-c2nn[nH]n2)cc1,0,1.0303030303030303,1.8181818181818181,2.515151515151515,16.493529546631077,9.980637863418508,2.1875461135798253,-2.1169824324015063,2.3066584248221917,-2.0752034505164603,6.010991005564673,0.06982802355645154
C=C[C@@H]1C[N@@]2CC[C@H]1C[C@H]2[C@H](O)c1ccnc2ccccc12,0,1.3181818181818181,2.1818181818181817,2.9545454545454546,16.26915928978771,9.733555921293037,2.4170083338561734,-2.502683284397256,2.413731382735772,-2.54412652320056,5.818019412317043,-0.0444400185725107
CCCC1CC(C(=O)NC(C(C)O)C2OC(SC)C(O)C(O)C2O)N(C)C1,0,1.2962962962962963,1.962962962962963,2.5185185185185186,32.166524887043195,9.915449934621495,2.480919811244356,-2.4368619909665545,2.30090102890511,-2.652534733684976,7.986427150044509,-0.21063188362771065
Cc1cc(C2CCCCC2)n(O)c(=O)c1,0,1.2666666666666666,1.9333333333333333,2.6,16.476468000024912,9.861237111505327,2.189230137999086,-2.224856819231724,2.313444953771128,-2.2326014262695506,5.186573090483062,0.1562937449705689
CCn1cc(C(=O)O)c(=O)c2cc(F)c(N3CCN(C)CC3)cc21,0,1.25,1.9166666666666667,2.5,19.142215522075098,10.0910487473459,2.207411151080732,-2.339829678554005,2.2577446823627905,-2.4441570201269682,5.931148937336719,0.06945631342278599
NC(=O)N1c2ccccc2CC(=O)c2ccccc21,0,1.0,1.631578947368421,2.3684210526315788,16.163119936792228,10.034028578438065,2.269345309938804,-2.215978099935608,2.348974987290585,-2.316941930484522,6.112230454089748,0.09942571627769949
O=C1CC2(CCCC2)CC(=O)N1CCCCN1CCN(c2ncccn2)CC1,0,0.8571428571428571,1.4642857142857142,2.107142857142857,16.177637866486418,9.760672753094289,2.442249250931212,-2.37208902539829,2.463985535791789,-2.4796570922789445,5.981184396305011,-0.1529834869704855
Clc1ccc(CCCOCCCN2CCCCC2)cc1,0,0.95,1.65,2.4,35.49569133966616,10.117429211184739,2.0812057379618376,-2.256458554123085,2.1098864347716084,-2.3063588252888176,6.300806762598659,0.11486887683471807
CC(NCCc1ccc(O)cc1)C(O)c1ccc(O)cc1,0,0.9047619047619048,1.4285714285714286,2.0,16.26942059650104,10.029646917128455,2.1498316430816,-2.204473854181465,2.1919325732550208,-2.331703433788478,5.279047578668216,0.13615409033161208
COC(=O)C1=C(C)N=C(C)C(C(=O)OC)C1c1ccccc1[N+](=O)[O-],0,1.16,1.8,2.36,16.628610029480296,9.74839931580902,2.439101920500186,-2.302520786136236,2.4253747424810195,-2.3586247417567647,6.066774833946173,-0.3852896216039811
CNCCC(Oc1ccc(C(F)(F)F)cc1)c1ccccc1,1,1.0,1.6363636363636365,2.1818181818181817,19.4131766254967,10.065353429387228,2.2968623533702344,-2.197061998944737,2.313482897120942,-2.1595702951070237,5.297204084945334,-0.137149112299627
COc1ccccc1OCC(O)CN1CCN(CC(=O)Nc2c(C)cccc2C)CC1,0,1.0,1.6129032258064515,2.2580645161290325,16.520416537189224,10.099128259348694,2.213455106040711,-2.347896616367142,2.254672960883047,-2.503804626160023,5.932930584274124,-0.1173643889062532
CNC(=O)c1cccc(-c2ccc3c(N4CCOCC4C)nc(N4CCOCC4C)nc3n2)c1,1,0.9705882352941176,1.7058823529411764,2.411764705882353,16.481343678160798,10.064127577546111,2.2716294032305835,-2.366882133412602,2.3101385311091573,-2.460354393554358,5.95304450885864,0.09622884133331659
OCc1ccc(OC2OC(CO)C(O)C(O)C2O)cc1,0,0.95,1.6,2.15,16.705303149172284,9.992550485759477,2.441579333353827,-2.3906212576324237,2.239418891912188,-2.595684186971504,5.266164692291586,-0.2770587448124158
CCc1c(C(=O)C(N)=O)c2c(OCC(=O)O)cccc2n1Cc1ccccc1,0,1.0714285714285714,1.7857142857142858,2.392857142857143,16.502695838215402,10.037043593792566,2.2691374066677223,-2.105227727099622,2.348870776734236,-2.240581396706267,6.447836431667249,-0.13881209961654806
N=C(N)NN,0,1.8,2.0,2.0,15.277153349413355,11.104134576506393,1.6568205900053887,-1.8540581488205257,1.2512869483123434,-2.3519623629810544,5.728179260874514,0.9951130524144891
COC(=O)N1CCN(Cc2cccc(NC(=O)Nc3ccc(C)nc3)c2F)CC1,0,1.1379310344827587,1.896551724137931,2.5517241379310347,19.142261279675868,10.131785663251025,2.2225416975044476,-2.3343105650624425,2.2049820092576136,-2.47834662172633,5.992824702374961,0.08851513429663727
CC1(C)SC2C(NC(=O)C(N)c3ccccc3)C(=O)N2C1C(=O)O,0,1.3333333333333333,1.9583333333333333,2.5416666666666665,32.166906225224395,9.954473240678947,2.637630873526472,-2.433840923239489,2.5029528711176527,-2.706287100924418,8.01314783689116,-0.16071005957047552
CNCCC(Oc1ccccc1C)c1ccccc1,0,1.0,1.6842105263157894,2.3684210526315788,16.490065678433428,10.06327641286293,2.1301575388894802,-2.2042526225465315,2.26297537954821,-2.160933818354081,5.325063481415363,0.19343302465882753
O=C1NC(=O)C(c2ccccc2)(c2ccccc2)N1,0,0.7368421052631579,1.2105263157894737,1.5789473684210527,16.188049547678386,9.827898845620576,2.484269628823414,-2.2657192255992897,2.3179629186495863,-2.44313481045531,6.0908429846019985,-0.122430390893088
CC#CCn1c(N2CCCC(N)C2)nc2c1c(=O)n(Cc1nc(C)c3ccccc3n1)c(=O)n2C,1,1.1428571428571428,1.9428571428571428,2.7142857142857144,16.161840000273727,10.079917388301292,2.25970989237324,-2.3115412210682145,2.2269076882876235,-2.4366666531119083,5.801575273666294,0.49564792377624556
CS(=O)(=O)CCNCc1ccc(-c2ccc3ncnc(Nc4ccc(OCc5cccc(F)c5)c(Cl)c4)c3c2)o1,0,1.025,1.9,2.7,35.49569309615347,10.096909029653485,2.1141121911683785,-2.121139227579471,2.324747736706812,-2.211563426796264,7.902111016768619,0.30558042230322263
CCN(CCO)CCCC(C)Nc1ccnc2cc(Cl)ccc12,0,1.3043478260869565,2.130434782608696,2.869565217391304,35.495691502156916,10.11098984748123,2.0769845004899254,-2.210296395470434,2.2482818922385075,-2.283446699468414,6.308866912567793,0.19904723052447007
CO[C@H]1/C=C/O[C@@]2(C)Oc3c(C)c(O)c4c(O)c(c(C=NN5CCN(C)CC5)c(O)c4c3C2=O)NC(=O)C(C)=CC=CC(C)[C@H](O)[C@@H](C)[C@@H](O)[C@@H](C)[C@H](OC(C)=O)[C@@H]1C,0,0.9491525423728814,1.6101694915254237,2.23728813559322,16.706167354567867,9.781261819861855,2.4964556995557405,-2.3756550767968316,2.5470048444770925,-2.4617230607300833,6.234647895184064,-0.16022430357687703
N#C[C@@H]1C[C@@H]2C[C@@H]2N1C(=O)C(N)[C@@]12C[C@@H]3C[C@@H](C[C@@](O)(C3)C1)C2,0,1.2173913043478262,1.9130434782608696,2.5217391304347827,16.284294213138867,9.458493425000533,2.622628474208311,-2.613756767398194,2.6260931351289076,-2.644521531804667,5.842432638039566,-0.17702443408626514
Cc1nnc(NS(=O)(=O)c2ccc(N)cc2)s1,1,1.2352941176470589,1.8823529411764706,2.411764705882353,32.23339327445466,10.319174942411193,2.153429953417146,-2.0389515022069054,2.1925884163895817,-2.1225735716807215,7.925173652663433,0.6008808822487139
CCOC(=O)CCC(=O)OC1C(OC2C(C)C(OC3CC(C)(OC)C(O)C(C)O3)C(C)C(=O)OC(CC)C(C)(O)C(O)C(C)C(=O)C(C)CC2(C)O)OC(C)CC1N(C)C,0,0.85,1.4666666666666666,2.033333333333333,16.72361653319611,9.736696807543929,2.538207936924265,-2.4906751413027126,2.408970600900095,-2.613711420891915,5.833586326868237,-0.31858025000251644
COc1cccc(C=NCCN=Cc2cccc(OC)c2O)c1O,1,0.7916666666666666,1.2083333333333333,1.5833333333333333,16.477078535143082,10.174333816743216,2.0482824069993413,-2.0463063231842504,2.2833509209458143,-1.9273883371667628,5.852149530528371,0.3728812689634153
CC(C)NCC(O)c1ccccc1Cl,0,1.3571428571428572,2.0,2.5714285714285716,35.49569127338282,10.102325260003559,2.0994525472742263,-2.1478815464546464,2.2124378715931665,-2.2749761417621817,6.309278477455656,0.17149136812740365
COCC(NC(=O)c1cnc(C)s1)C(=O)NC(COC)C(=O)NC(Cc1ccccc1)C(=O)C1(C)CO1,1,1.0,1.5675675675675675,2.081081081081081,32.13356823178833,9.943433025178873,2.498452699500273,-2.2508295203328066,2.287234684019334,-2.585037736286259,7.13099281788772,-0.13417387806842893
O=c1[nH]c2ccccc2n1CCCN1CCC(n2c(=O)[nH]c3cc(Cl)ccc32)CC1,0,0.9,1.6666666666666667,2.5,35.49569188314358,10.04133097319773,2.2311512390565302,-2.320796457376514,2.2585483014107606,-2.3742886816623963,6.307411795796693,0.18265715714931832
Nc1nccs1,0,1.8333333333333333,2.6666666666666665,2.8333333333333335,32.13348850987619,11.00939232760632,1.762667858480375,-1.6707346757814923,2.018600984839875,-1.768827323364714,7.129142218536373,1.4275470705927567
CCN1CCC[C@H]1CNC(=O)c1c(O)c(Cl)cc(Cl)c1OC,0,1.5,2.227272727272727,2.8636363636363638,35.496835894574005,10.120232362020403,2.2628203244687493,-2.228996021967013,2.3975523614086307,-2.396727511632945,6.371543841455487,0.09352316381973251
CC(C)CN(CC(O)C(Cc1ccccc1)NC(=O)OC1CCOC1)S(=O)(=O)c1ccc(N)cc1,0,1.1714285714285715,1.8571428571428572,2.4571428571428573,32.23342778015421,10.008653301926094,2.3183406485884355,-2.3043352717539047,2.2023086857625938,-2.511726597401005,7.887374605402107,0.06436386898490812
NC1=NCC2c3ccccc3Cc3ccccc3N12,0,1.0,1.736842105263158,2.6315789473684212,15.327772171403836,9.972775638853605,2.3313004024767965,-2.2600532021028314,2.386582754340079,-2.356328472414565,5.982053898622614,0.7679912467925594
CN1C[C@@H]2c3ccccc3Oc3ccc(Cl)cc3[C@H]2C1,0,1.0,1.7,2.55,35.495691349861154,9.840546449427885,2.3793173560235563,-2.1675247134562166,2.492333885277663,-2.137040973660286,6.302415339429058,0.4010854128889463
CCNC(=O)Nc1ccc(-c2nc3c(c(N4CCOCC4C)n2)CCN(C2COC2)C3)cc1,0,1.121212121212121,1.9393939393939394,2.6363636363636362,16.501392948515633,10.00804356859458,2.3290752806347452,-2.4124084347991532,2.3240453478360656,-2.5106131080056175,5.889749181612826,-0.06989099389753797
CS(=O)(=O)c1cccc(CNc2nc(Nc3ccc4c(c3)CCC(=O)N4)ncc2C(F)(F)F)c1,0,1.1176470588235294,1.911764705882353,2.6470588235294117,32.22774705419297,10.02385999283812,2.349746778705413,-2.1814986205828086,2.344603698125662,-2.185422155340368,7.903067893970596,-0.13695089657784984
C[C@]12CC[C@@H]3c4ccc(O)cc4CC[C@H]3[C@@H]1CC[C@H]2O,1,1.15,2.0,2.85,16.2691371777685,9.552114097841626,2.5378422381153785,-2.4966273038731734,2.603738953521028,-2.4342116515199104,5.396715522090725,-0.022575026859025897
O=S(=O)(O)CCCS(=O)(=O)O,0,0.8181818181818182,1.0909090909090908,1.2727272727272727,32.24128604408389,10.573460173875755,2.084586437182171,-1.9385995256105761,1.9179980701933785,-2.1035364676332473,7.862218921714493,0.4766295618415855
COCCOC(=O)C1=C(C)N=C(C)C(C(=O)OC(C)C)C1c1cccc([N+](=O)[O-])c1,0,1.2333333333333334,1.9333333333333333,2.533333333333333,16.628645196237397,9.752492970726646,2.4262322586988447,-2.3155492896142573,2.4063278943711737,-2.371553110466312,6.065916029754648,-0.38449008443359717
COc1ccc(CCNCC(O)COc2cccc(C)c2)cc1OC,0,1.04,1.84,2.56,16.508541553902944,10.122011005388545,2.0660473781561537,-2.1383312289139838,2.270370380762477,-2.321196908164066,5.424724324562532,0.10643024079748707
COc1ccc(-c2cc3c(C)nc(N)nc3n(C3CCC(OCCO)CC3)c2=O)cn1,0,1.2258064516129032,2.0,2.6451612903225805,16.495390989844186,9.917772859430908,2.265888815838919,-2.3032754841203125,2.325602272298543,-2.31844395505233,5.8362634806060765,0.0016856213252736067
Nc1nc(=O)c2c(CCc3ccc(C(=O)NC(CCC(=O)O)C(=O)O)cc3)c[nH]c2[nH]1,0,1.1290322580645162,1.8387096774193548,2.4838709677419355,16.37143136057335,10.0284768241372,2.212159502536989,-2.13367133769577,2.1577279689190765,-2.406272339483602,5.962460913556735,-0.14008726400741453
C=CC(=O)Nc1cc2c(Nc3ccc(F)c(Cl)c3)ncnc2cc1OCCCN1CCOCC1,1,1.2647058823529411,2.088235294117647,2.8529411764705883,35.495692449250505,10.148497690370302,2.1430536075150313,-2.2598870910644506,2.3362918661199465,-2.367965786015502,6.305848765702816,-0.11144726006835098
O=C(O)CCC1CCC(c2cc(F)ccc2F)(S(=O)(=O)c2ccc(Cl)cc2)CC1,0,1.103448275862069,1.7241379310344827,2.310344827586207,35.495692253276474,9.759616238437784,2.4947864199641834,-2.3987796873573335,2.4951551713094395,-2.404092973914341,7.920334247210465,-0.13694345675621444
CCCCc1nc2cc(C=CC(O)=NO)ccc2n1CCN(CC)CC,0,1.2692307692307692,2.0384615384615383,2.6923076923076925,16.455013320645236,10.157347328486011,2.1147109190982314,-2.1901889123144267,2.20205593080769,-2.2706254102346155,5.9014208051417025,0.2901951546275379
CN(C)C/C=C/C(=O)Nc1ccc(C(=O)Nc2cccc(Nc3ncc(Cl)c(-c4c[nH]c5ccccc45)n3)c2)cc1,1,0.9512195121951219,1.7317073170731707,2.5365853658536586,35.49569271611837,10.112929824770319,2.1338046966430078,-2.1047547190287776,2.3245080170981565,-2.1346373868186204,6.329143262902378,-0.11147226068318453
CNC1C(O)C(OC2C(N)CC(N)C(OC3OC(C(C)O)C(O)C(O)C3N)C2O)OCC1(C)O,1,0.9411764705882353,1.5,2.0294117647058822,16.717285358895417,9.836311171674511,2.5192581011886843,-2.48748763819248,2.316171598770488,-2.693985859108704,5.023147194489183,-0.3190121355438019
CC(C)(Sc1cc(C(C)(C)C)c(O)c(C(C)(C)C)c1)Sc1cc(C(C)(C)C)c(O)c(C(C)(C)C)c1,0,0.42857142857142855,0.6285714285714286,0.8,32.21727300443434,9.79404499000863,2.3105163408746847,-2.3130519701168937,2.5042031851589464,-2.185034565509907,8.177653502786276,0.42087353388884885
Fc1ccccc1-c1nc2ccn(Cc3ccc(-c4ccc(C(F)(F)F)cc4C(F)(F)F)nn3)cc-2n1,1,0.7027027027027027,1.4594594594594594,2.135135135135135,19.41716679250047,9.999916582620166,2.382474849535451,-2.1528668380487987,2.399872959180833,-2.123417266783693,5.662804587989969,-0.14228626507265962
COC1C(OC(N)=O)C(O)C(Oc2ccc3c(=O)c(NC(=O)c4ccc(O)c(CC=C(C)C)c4)c(O)oc3c2C)OC1(C)C,0,1.1590909090909092,1.8636363636363635,2.5,16.719130458493964,9.891566577579907,2.528101007489457,-2.4692918865863143,2.3677670181504435,-2.647897866058593,6.0543938278799425,-0.3042930682455394
Clc1ccc2nsnc2c1NC1=NCCN1,0,1.375,2.3125,3.125,35.49569173360367,10.243414696793803,2.126380698393651,-2.0785309619902352,2.293125957137595,-2.259377977255092,6.996636849849864,0.9588970346011378
Cc1cc(OCCCS(C)(=O)=O)cc(C)c1-c1cccc(COc2ccc3c(c2)OCC3CC(=O)O)c1,0,1.027027027027027,1.7837837837837838,2.4864864864864864,32.22770338135875,9.941349646093796,2.262656270834681,-2.1502434399346146,2.382943015689979,-2.0782130138518453,7.901770185612705,-0.13705459680832396
CCC1C(=O)N(C)c2cnc(Nc3ccc(C(=O)NC4CCC(N5CCN(CC6CC6)CC5)CC4)cc3OC)nc2N1C(C)C,1,1.0666666666666667,1.8,2.4444444444444446,16.466474034141772,9.892733312685975,2.381964052822326,-2.42084909606889,2.372350512554236,-2.544823012403094,6.04076108542701,-0.1196794431173755
CCOC(=O)C(CCc1ccccc1)NC(C)C(=O)N1C(C(=O)O)C[C@H]2CCCC[C@@H]21,0,1.1935483870967742,1.903225806451613,2.5806451612903225,16.53394185990635,9.844489029898938,2.4808936716065175,-2.349789100425811,2.396979007099833,-2.5538029171940346,5.881975774625241,-0.15154333849769924
CC12CCC3C(CC(=O)C4CC(=NOCCN)CCC43C)C1CCC2=O,0,1.1153846153846154,1.9230769230769231,2.6923076923076925,16.627939199567425,9.447180227279055,2.6155901447991394,-2.5818176159011172,2.6396882202474554,-2.562513563011732,5.93336483954911,-0.1522010011249174
Cc1nc2n(c(=O)c1CCN1CCC(c3noc4cc(F)ccc34)CC1)CCCC2O,0,1.2258064516129032,2.032258064516129,2.838709677419355,19.14214880918696,9.911977065084585,2.2647118293617945,-2.31020563467573,2.3248309005363117,-2.3739325293454376,5.794451545647626,0.1293942616182227
CC(=O)NCCCS(=O)(=O)O,1,1.5454545454545454,2.090909090909091,2.4545454545454546,32.239738818586716,10.45826349932614,2.0220228058523495,-1.9830180621123066,1.852575241255573,-2.223420578935308,7.852814795555477,-0.11844760748971732
CC1=C[C@]23C(=O)C(=CC(CO)[C@@H](O)[C@]2(O)[C@H]1O)[C@H]1[C@@H](C[C@H]3C)C1(C)C,0,1.28,1.92,2.52,16.379383225242496,9.58943443509991,2.7448671310216617,-2.481028473137883,2.7078226343002347,-2.652850942187116,6.048961782720296,-0.20282690173464385
OCc1ccc(-c2ccc(-c3ccc(CO)s3)o2)s1,1,0.7368421052631579,1.2105263157894737,1.5789473684210527,32.134744086822735,10.314498937685647,2.103190769963078,-1.9200116051207183,2.3491224824488097,-1.6975029104988457,7.153882261863892,0.2850787979488834
NC(CCC(=O)NC(CS)C(=O)NCC(=O)O)C(=O)O,0,1.2,1.8,2.25,32.116867491796064,10.136073629183342,2.2040037339337033,-2.1571580021462218,1.9683168404213576,-2.4879733108937083,7.7985579567597885,-0.13862919400528445
CC1CC(OC(=O)C(O)c2ccccc2)CC(C)(C)C1,0,1.3,1.95,2.55,16.555511466972312,9.713686477983646,2.3459383456701404,-2.381556924344106,2.3954587956932754,-2.345948972056142,5.759154772872865,-0.16342660365814174
CC1C=CC=CCCC=CC=CC=CC=CC(OC2OC(C)C(O)C(N)C2O)CC2OC(O)(CC(O)C(O)CCC(O)CC(O)CC(O)CC(=O)OC(C)C(C)C1O)CC(O)C2C(=O)O,0,0.6923076923076923,1.2769230769230768,1.9384615384615385,16.705653197874735,9.82324146343047,2.5093573822568516,-2.4507579041593335,2.379913201174337,-2.6143284991911857,5.714527064543714,-0.3096106107493725
COc1cc(C(=O)OC2C3C=COC(OC4OC(CO)C(O)C(O)C4O)C3C3(CO)OC23)ccc1O,1,1.1111111111111112,1.8888888888888888,2.5833333333333335,16.7766813813932,9.853433727722402,2.7693584636932074,-2.427482262012049,2.6028597486782643,-2.602421777083825,5.900996187673146,-0.34408888051520437
O=c1c(O)c(-c2ccc(O)cc2O)oc2cc(O)cc(O)c12,1,0.8181818181818182,1.5,2.1818181818181817,16.36076160624015,10.080326588652696,2.2023010738133992,-2.086079801239192,2.3876731454153832,-2.025870535415442,5.882329255716243,0.4329041817210334
COc1nc(C)cnc1NS(=O)(=O)c1cccnc1-c1ccc(-c2nnco2)cc1,0,1.0666666666666667,1.8333333333333333,2.533333333333333,32.233272590264576,10.087322736775796,2.2298227537747373,-2.127583021220575,2.2932346879510765,-2.164032030865252,7.9245714681689705,0.39700654232525184
O=C(O)COCCN1CCN([C@H](c2ccccc2)c2ccc(Cl)cc2)CC1,0,1.0,1.6296296296296295,2.259259259259259,35.49569172109282,9.96182988074224,2.2577666665239167,-2.393971062111113,2.298490883509945,-2.482064743742439,6.300907860763648,-0.1419270441698108
Cc1ccc(F)c(NC(=O)Nc2ccc(-c3cccc4[nH]nc(N)c34)cc2)c1,0,1.0714285714285714,1.8571428571428572,2.642857142857143,19.14221165037979,10.010228931213051,2.1055702574376807,-2.1005721843969107,2.313483919930456,-2.196770809221322,6.02277261675967,0.2617539810897235
COc1c(C)cnc(Cn2cnc3c(Cl)nc(N)nc32)c1C,1,1.2727272727272727,2.0454545454545454,2.772727272727273,35.49569676341029,10.117650422134096,2.1404901982015265,-2.12385495826202,2.2558265776791386,-2.06538109882648,6.3312479733744915,0.4063616322034928
CCC1OC(=O)C(C)C(OC2CC(C)(OC)C(O)C(C)O2)C(C)C(OC2OC(C)CC(N(C)C)C2O)C(C)(O)CC(C)C(=NOCOCCOC)C(C)C(O)C1(C)O,0,0.896551724137931,1.5517241379310345,2.1379310344827585,16.745568763535914,9.733583663949412,2.5311814720377708,-2.488405658684894,2.407176428320498,-2.6089318117012983,5.884497803264551,-0.31748884951559403
CC(C)C(N)C(=O)N1CCC[C@H]1B(O)O,0,1.5333333333333334,2.1333333333333333,2.6,16.3791530999038,9.773768074391281,2.3829120709467686,-2.2772902139846285,2.1943078057796415,-2.5229173846173936,6.433120866781026,-0.13309916867668667
O=c1[nH]cnc2c1ncn2C1CCC(CO)O1,1,1.5294117647058822,2.411764705882353,3.176470588235294,16.526001264780437,10.224403594147645,2.2700485636616343,-2.1292776126056716,2.287798946609539,-2.1444224341274265,5.683206365956792,-0.020675114807025625
OCC1OC(Oc2ccc(O)cc2)C(O)C(O)C1O,1,1.0,1.631578947368421,2.210526315789474,16.705321983181356,9.992692453988541,2.441567431542876,-2.390452853177962,2.2464350019820856,-2.5956654392521514,5.297904952709313,-0.27705938090506227
COC(=O)C(Cc1cccc(C(=N)N)c1)C(C)NC(=O)c1ccc(-c2cc[n+]([O-])cc2)cc1,0,1.0606060606060606,1.696969696969697,2.303030303030303,16.524309531519656,9.915944740430815,2.277476154933186,-2.2308779485699253,2.195871242510489,-2.423788042852527,5.954542521898258,-0.6048597957624439
CCOC(=O)c1ncn2c1CN(C)C(=O)c1cc(F)ccc1-2,0,1.4545454545454546,2.227272727272727,2.9545454545454546,19.142145391289613,10.131350721317348,2.285718456525677,-2.139312878551293,2.2602086737025133,-2.255697660131717,5.985628417880032,0.05155204456538968
CN1CCN(c2cc3c(cc2F)c(=O)c(C(=O)O)cn3-c2ccc(F)cc2)CC1,1,1.0344827586206897,1.6896551724137931,2.310344827586207,19.143564054607786,10.083568361589784,2.215717873290781,-2.340015827409996,2.2750975964348448,-2.4441335372618895,5.938643644628842,0.06947904022399912
C=C1CCC(O)CC1=CC=C1CCCC2(C)C1CCC2C(C)CCCC(C)C,0,1.1071428571428572,1.8928571428571428,2.642857142857143,16.265890850837465,9.60438119688283,2.498996973324718,-2.441917937860848,2.5948609826019964,-2.3554601600888,5.358434849663624,0.09285047819945402
CCC[S+]([O-])c1ccc2[nH]c(NC(=O)OC)nc2c1,1,1.5789473684210527,2.3684210526315788,3.0526315789473686,32.227863101167735,10.30469147383478,2.1256032318168523,-2.077577991403757,2.1997899782837327,-2.1129787570824585,7.909980879789797,0.18645936529054907
COc1ccc2cc(C(C)C(=O)Oc3ccc(C(N)=S)cc3)ccc2c1,0,0.9615384615384616,1.5769230769230769,2.230769230769231,32.09203954694303,9.975572652663347,2.178766757621199,-2.1285935686633937,2.260437459503075,-2.161289546156442,7.802862369967217,-0.1352072663822469
NS(=O)(=O)c1cc2c(cc1Cl)NC(C(Cl)Cl)NS2(=O)=O,0,1.3,1.9,2.4,35.53922502141314,10.274908239707864,2.3379313835609836,-2.286359796848928,2.3411022865932805,-2.4801825544929508,7.9002152325235,0.5622731722360023
O=C(O)c1cn(C2CC2)c2cc(N3CCNCC3)c(F)cc2c1=O,0,1.25,1.9583333333333333,2.5833333333333335,19.142215575449004,10.09018091417235,2.276383401328502,-2.297744100277086,2.3770727924665445,-2.4348915816481864,5.9325874482374825,0.0694556947879945
Cc1nc(-c2cccnc2)sc1C(=O)Nc1ccccc1-c1cn2c(CN3CCOCC3)csc2n1,0,1.1388888888888888,2.0,2.8333333333333335,32.13469853406255,10.10994664229451,2.196944789145302,-2.255808086718366,2.3191044624526134,-2.354140690171612,7.168167403129798,0.033560781613341
CC(C)(CCCCCC(O)CCCCCC(C)(C)C(=O)O)C(=O)O,0,0.7083333333333334,1.0416666666666667,1.3333333333333333,16.370997376534916,9.863600774726175,2.2632964649146396,-2.188503194765948,2.2528116454827902,-2.229027761203095,5.733326133619125,-0.14773028544993125
CC(NC(=O)CCC(F)(F)F)C(=O)NC1C(=O)N(CCO)c2ncccc2-c2ccccc21,1,1.1818181818181819,1.878787878787879,2.5757575757575757,19.413130701877442,9.958717496158014,2.3610931285371555,-2.2581342217901663,2.383063217334712,-2.4961386163604713,6.053332575397027,-0.14447174121307085
CCCCCCCCCCCCCCCCCCCCCCO,1,0.34782608695652173,0.5652173913043478,0.782608695652174,16.249935025586815,10.030290471023175,1.9468399289260534,-2.034980019055784,2.1416880885116716,-1.8490841009308603,4.502610310676372,0.2819862129307884
Cn1nnc(-c2ccc(-c3ccc(N4CC(CO)OC4=O)cc3F)cn2)n1,1,1.3333333333333333,2.185185185185185,2.7777777777777777,19.142195809371795,10.057900521543626,2.317186632007906,-2.139118801852629,2.289418345494175,-2.2495504105627244,5.897819798356787,0.09629493060358915
Oc1c(C2=CCC(c3ccc(Cl)cc3)CC2)c(O)c2ccccc2c1O,0,0.8076923076923077,1.4615384615384615,2.076923076923077,35.495691658615755,9.815703573021487,2.2422534644092322,-2.2383644751442966,2.4925290906541417,-2.0416769131127905,6.300966298583223,0.39967731975110077
CC1(F)C(O)C(CO)OC1n1ccc(=O)[nH]c1=O,0,1.6111111111111112,2.2777777777777777,2.7777777777777777,19.147619675554232,9.984908889904206,2.5448199880395026,-2.2411327321897394,2.396921456458864,-2.431583222314223,5.00547069851991,-0.06111410930714321
CCN(CC)Cc1ccc2cc(COC(=O)Nc3ccc(C(O)=NO)cc3)ccc2c1,1,0.967741935483871,1.5806451612903225,2.193548387096774,16.547328058699726,10.040551190227983,2.071922192296263,-2.178743494789801,2.1972588993829243,-2.2148468502673846,5.927092828972542,0.1548964629314105
CC[N+](CC)(CC)CCOc1cccc(OCC[N+](CC)(CC)CC)c1OCC[N+](CC)(CC)CC,0,0.4444444444444444,0.7222222222222222,1.0,16.542291660395584,10.250089571877952,2.2456574565651177,-2.360420383578472,2.3732556715833475,-2.4977899351714075,5.507548893652848,-0.9228864773282629
O=C1NC(=O)C(=Cc2cccc(C(F)(F)F)c2)S1,0,1.2222222222222223,1.9444444444444444,2.5,32.1666652203516,10.106313226130046,2.303302954867044,-2.062844177636725,2.3091604266518053,-2.173465309667361,8.180760816935297,-0.13717166990469765
C[C@@H]1C[C@H]2[C@H]3CC=C4CC(=O)C=C[C@]4(C)[C@@]3(F)[C@@H](O)C[C@]2(C)[C@@]1(O)C(=O)CO,0,1.3214285714285714,2.0,2.642857142857143,19.147659592501235,9.449881462320848,2.7473524723201836,-2.6154106361055405,2.6964353524477302,-2.687327738085266,5.933957504908005,-0.21465671807837364
CN(C)c1cc(NC(=O)CNC(C)(C)C)c(O)c2c1CC1CC3C(N(C)C)C(=O)C(C(N)=O)C(=O)C3(O)C(=O)C1C2=O,0,1.0952380952380953,1.7142857142857142,2.238095238095238,16.315897715756737,9.519955029335085,2.689561992641121,-2.5223590129823474,2.5232196683034314,-2.735962761428496,6.321870015734899,-0.18091746368552925
COc1cc(Nc2nc3ccccc3nc2NS(=O)(=O)c2ccc(NC(=O)c3ccc(C)c(OC)c3)cc2)cc(OC)c1,1,0.7209302325581395,1.3488372093023255,1.9534883720930232,32.23327313558851,10.111802494214915,2.199159224051281,-2.1510914555351017,2.3141764279128116,-2.1627075236597353,7.923377456944967,0.10216826682907504
CC(=O)SC1C=C2CC(=O)CCC2(C)C2CCC3(C)C(CCC34CCC(=O)O4)C12,0,1.0689655172413792,1.8275862068965518,2.5172413793103448,32.16670064296165,9.46493024159986,2.6766663374447974,-2.5966968300392614,2.697057594747114,-2.5670606020463747,8.137684903604654,-0.16648268997679086
OCc1cc(C(O)CNCCCCCCOCCOCc2c(Cl)cccc2Cl)ccc1O,0,0.90625,1.625,2.375,35.4968369514208,10.052407449384607,2.096287071501094,-2.135495930922886,2.2461478902766574,-2.222110083839433,6.354605237252865,0.03930235950619509
CC(O)C1C(=O)N2C(C(=O)OCOC(=O)C(C)(C)C)=C(SC3CN(C4=NCCS4)C3)C(C)C12,0,1.303030303030303,2.0,2.5757575757575757,32.16787702957521,9.790007528636103,2.6025341034245963,-2.461301718373554,2.518822402208917,-2.6322434823435694,8.136463679944587,-0.17527724050891275
OCC1OC(OC2C(CO)OC(O)(CO)C2O)C(O)C(O)C1O,0,0.8695652173913043,1.4782608695652173,2.0,16.739840902085415,9.986204221727586,2.5603357804167866,-2.4068096686697924,2.3323064882283884,-2.604497406854277,4.9751095440794435,-0.318451381776914
CC1(C)[C@@H]2CC[C@]1(C)C(=O)C2,1,1.3636363636363635,2.0,2.1818181818181817,16.140189623165224,9.704437478909012,2.606035461251657,-2.319067464636111,2.628827346724943,-2.3167803517250882,5.887317891772612,-0.12775474186799127
Cc1ccc(N(CC2=NCCN2)c2cccc(O)c2)cc1,0,1.1428571428571428,1.9523809523809523,2.619047619047619,16.254749647638075,10.157393565717605,2.1448306629902336,-2.2507255138022195,2.2767685162365683,-2.31857407733469,5.897436071569738,0.47519595712859536
Cc1cc(Nc2cc(N3CCN(C)CC3)nc(Sc3ccc(NC(=O)C4CC4)cc3)n2)[nH]n1,0,1.0909090909090908,1.8484848484848484,2.515151515151515,32.16659920066153,10.273881063656557,2.290571903208817,-2.329582559538754,2.3191728230034645,-2.4443979271987923,7.987843939915747,-0.11683846812604633
CC(C)CC(NC(=O)C(NC(=O)c1cccc(-c2ccccc2)n1)C(C)O)B(O)O,1,1.0,1.6666666666666667,2.2333333333333334,16.378803418949637,9.746052682754156,2.3190520663880014,-2.2509343492190683,2.1626268214390043,-2.5714192773579017,6.432586877352492,-0.12534605782930336
Nc1cc(N)c(N)cc1N,0,0.6,0.8,1.0,14.727400077670072,10.198264228606726,1.9747091658697118,-2.0302642647057523,2.2342314949220454,-1.999123979239984,5.778288348573597,1.6357177607818159
CNC1CCCN(c2c(F)cc3c(=O)c(C(=O)O)cn(C4CC4)c3c2OC)C1,0,1.3571428571428572,2.107142857142857,2.7142857142857144,19.142220809622184,10.02783135620926,2.3184546162929776,-2.3518265049896914,2.435999731017782,-2.445146617859651,5.967222644378473,0.06945141767745854
Clc1ccc2c(c1)CCc1cccnc1C2=C1CCNCC1,0,0.9545454545454546,1.7727272727272727,2.6363636363636362,35.49569144280855,9.888824441166529,2.2274139711788417,-2.2139698979069418,2.371317672008379,-2.2367163861393626,6.302757302240116,0.6111482245122182
Cc1onc(-c2ccccc2)c1C(=O)NC1C(=O)N2C1SC(C)(C)C2C(=O)O,1,1.2857142857142858,1.9642857142857142,2.607142857142857,32.166906517002495,9.954554313823088,2.6380545271643263,-2.430821228559215,2.5038906449071194,-2.70212401157681,8.013154056457347,-0.15939472806003108
CNC(=O)Nc1ccc(-c2nc(N3CC4CCC(C3)O4)c3cnn(C4CCC5(CC4)OCCO5)c3n2)cc1,1,1.0,1.7105263157894737,2.3947368421052633,16.73726324379802,9.89904062542572,2.414022220905198,-2.352290069517631,2.4155892040100713,-2.4277300681884695,5.901980658358889,-0.18114723898837182
CNCC(O)c1cccc(O)c1,0,1.5,2.25,2.8333333333333335,16.268634291431848,10.103543230078666,2.048629759140958,-2.0916505489779693,2.1651484950781543,-2.1592881181142887,5.281303184631484,0.1771647660411526
O=C(O)C=Cc1ccc(Cn2ccnc2)cc1,0,1.3529411764705883,2.1176470588235294,2.7058823529411766,16.364540801912216,10.120346353270907,1.9462399019958727,-2.021603048695457,2.0735202086618103,-1.9536657715904,5.847287814993651,-0.13085884713058313
CCCCCCCC/C=C\CCCCCCCC(=O)O,1,0.75,1.2,1.7,16.365132207724244,10.078069350914614,1.9536542527070446,-1.9875951921174866,2.092859129826815,-1.9284418485519113,5.6601702922844375,-0.13665299337315637
COc1ccc2nc3cc(Cl)ccc3c(Nc3cc(CN4CCCC4)c(O)c(CN4CCCC4)c3)c2n1,1,0.8648648648648649,1.5135135135135136,2.135135135135135,35.49569224693253,10.046385306998841,2.20502036072574,-2.2183135920218193,2.3697094005869017,-2.2043467032410633,6.310952365747078,0.31243235197569996
O=P(O)(O)C(O)(Cn1ccnc1)P(=O)(O)O,0,1.1875,1.6875,2.0,31.244091374531525,10.63164813162006,2.5916152352448867,-2.286844358847476,2.674517512984976,-2.3316440208386124,7.715223514122977,0.11489924057216185
NC(O)=NO,0,1.8,2.0,2.0,16.458704408078603,11.243535400651986,1.681383434265739,-1.7309731936344288,1.4430105794162478,-2.076051086139047,5.671672453307812,0.3000715549687749
O=C(O)CCCc1ccccc1,0,1.25,1.9166666666666667,2.5,16.36512313262552,10.09383974743564,1.961518473882102,-1.9693034386753563,2.0330125970480446,-1.9495410626326417,5.660994395534941,-0.1366082135771453
NC(=O)c1cccnc1,0,1.6666666666666667,2.4444444444444446,2.7777777777777777,16.146291381867297,10.27205692080652,1.9437386463068336,-1.8828148839948575,1.907963817412705,-2.09976226518023,5.917460405424658,0.0999728357080006
COc1cc(NC(C)CCCN)c2ncccc2c1,0,1.4210526315789473,2.263157894736842,3.0,16.465343549937156,10.112070147021354,2.081028797103619,-2.1669307029229854,2.279317031221391,-2.167034654201194,5.914389524780721,0.4152784338516143
CCNC1(C(N)=O)CCN(c2ncnc3c2nc(-c2ccccc2Cl)n3-c2ccc(Cl)cc2)CC1,0,1.0857142857142856,1.8,2.4571428571428573,35.49678551554749,9.863237453535175,2.3957932803010706,-2.401013036724417,2.355825705397512,-2.6053139872906366,6.328725885942741,-0.12480156591769989
CC1=C(C(=O)O)N2C(=O)C(NC(=O)C(N)c3ccc(O)cc3)[C@H]2SC1,1,1.36,2.0,2.6,32.1666368507477,10.012025396962793,2.53436382552735,-2.4895321049951225,2.3974058703893784,-2.7053836447930983,7.99832832539061,-0.1504441165571796
Fc1ccc2c(CCNCc3cccc(OCC(F)(F)C(F)F)c3)c[nH]c2c1,0,1.1071428571428572,1.9285714285714286,2.7142857142857144,19.322486608589703,10.109682521546063,2.4123794592175005,-2.1596525024816104,2.2446870083362653,-2.333091436633483,5.826929504612039,-0.1477863513564581
CCCCCCCCc1ccc(CCC(N)(CO)CO)cc1,1,0.8181818181818182,1.3181818181818181,1.8636363636363635,16.271507359790046,9.931794401121685,2.2183770237343605,-2.2389890352647805,2.1437234132424554,-2.4718756281286662,5.226422371148979,0.114579808025632
CCn1cc(C(=O)O)c(=O)c2cnc(N3CCCC3)nc21,0,1.380952380952381,2.0952380952380953,2.7142857142857144,16.36622312238801,10.185840664978882,2.187898601746754,-2.161222673924737,2.1780968138240135,-2.2318862590531787,5.91196518667626,0.06945815936333785
COc1cc(O)c2c(c1)oc(=O)c1c3cc(O)c(O)cc3oc21,1,0.8695652173913043,1.608695652173913,2.347826086956522,16.467188218278398,10.109123114959251,2.202548237968306,-2.038981903911142,2.403026336808864,-1.9827655877082053,6.146785542471141,0.4038953963161915
Cc1ccc(C(=O)Nc2ccc(CN3CCN(C)CC3)c(C(F)(F)F)c2)cc1C#Cc1cnc2[nH]ncc2c1,1,1.0512820512820513,1.8461538461538463,2.6153846153846154,19.41319551339051,10.029952574477331,2.3400924335020954,-2.3252375528791887,2.3446229195229336,-2.4363757590712662,6.042166696415932,-0.13802371564040292
COc1ccc(-c2ccc3c(N4CCOCC4)nc(N4CC(C)OC(C)C4)nc3n2)cc1CO,1,1.0,1.7647058823529411,2.4705882352941178,16.502060187912804,10.062495008803365,2.264263967010459,-2.358494167852198,2.311567142430127,-2.4613675723661896,5.8956856054849105,-0.005697162992993058
CCOC(=O)C1=C(C)N=C(C)C(C(=O)OCC)C1c1ccccc1C=CC(=O)OC(C)(C)C,1,1.0303030303030303,1.6666666666666667,2.272727272727273,16.55349169506683,9.739228730650137,2.425155706190223,-2.319710607553968,2.412844077782292,-2.365006030859299,6.068228117778081,-0.14860155447261628
CC1CCN(C(=O)CC#N)CC1N(C)c1ncnc2[nH]ccc12,0,1.565217391304348,2.391304347826087,3.1739130434782608,16.1527206731317,9.917355005439846,2.3205124298722595,-2.4164726741771734,2.2820203309658997,-2.523837961764589,5.869638774242092,-0.1313093604109457
COC(=O)C1=COC(OC2OC(CO)C(O)C(O)C2O)C2C(CO)=CCC12,0,1.1851851851851851,1.9259259259259258,2.5555555555555554,16.77292505309814,9.832443267138036,2.4920625327849497,-2.42441841532989,2.438771621470411,-2.598839160401251,5.887553464304686,-0.3391558522122892
N#CC(C(=N)Sc1ccccc1N)C(C#N)C(=N)Sc1ccccc1N,0,0.7692307692307693,1.1153846153846154,1.4230769230769231,32.16783886352966,9.9683019455087,2.3065931088202136,-2.173145504682461,2.3394415041034846,-2.2393827078969304,8.142248325943562,0.7874002799949459
CC1CC(=O)NN=C1c1ccc(NN=C(C#N)C#N)cc1,0,1.380952380952381,2.0476190476190474,2.619047619047619,16.152719419270124,9.939521467458036,2.2073392957844478,-2.1870958911307605,2.179495091947435,-2.31416484701828,6.100801795098292,-0.12142405151379093
CN(C)N=Nc1[nH]cnc1C(N)=O,1,1.6923076923076923,2.3846153846153846,2.923076923076923,16.147061540144595,10.415255708745214,2.094574153813788,-1.9863152308925438,2.122318249984114,-2.1105661911631364,5.94294766565143,0.09964219069495907
NC(Cc1ccc([N+]([O-])(CCCl)CCCl)cc1)C(=O)O,0,1.25,1.75,2.15,35.496753370835876,10.0608032524623,2.1945101780265754,-2.409634062256574,2.22878288292,-2.458322211208678,6.181863626725936,-0.1379977128365165
CC(C=CC1C(C)C(=O)C(=O)CC1(C)C)=C/C=C/C(C)=C/C=C/C=C(C)/C=C/C=C(C)C=CC1C(C)C(=O)C(=O)CC1(C)C,0,0.5227272727272727,0.8181818181818182,1.1590909090909092,16.177490077434413,9.628537614842791,2.447889241021742,-2.3895727750892615,2.4260871779939537,-2.4311627689862347,6.388021086772464,-0.14492354017627407
CCc1c2c(nc3ccc(O)cc13)-c1cc3c(c(=O)n1C2)COC(=O)C3(O)CC,1,1.206896551724138,2.0,2.7241379310344827,16.551334004129394,9.85692523424483,2.450387938856159,-2.3125777706606363,2.401168807719421,-2.439223922930286,5.894283897270324,-0.1718375939026371
CC(=O)Nc1ccc(CC(=O)O)cc1,0,1.2857142857142858,1.8571428571428572,2.2857142857142856,16.365184066470622,10.1331514650559,1.9996215121999938,-2.0193107156607617,2.0919681941032002,-2.0561137900158695,5.881582857506147,-0.13577090436331635
Cc1cccc(C)c1OCC(=O)NC(Cc1ccccc1)C(O)CC(Cc1ccccc1)NC(=O)C(C(C)C)N1CCCNC1=O,0,0.8913043478260869,1.5,2.0869565217391304,16.483360762748813,9.924263557445414,2.3529402365378407,-2.3699780456942037,2.2236021759453073,-2.5923203682860176,5.8748500894431155,-0.12824571003467225
Oc1c(Cl)cc(Cl)c2cccnc12,0,1.2307692307692308,2.0,2.769230769230769,35.49683483200222,10.181387952711235,2.081576178352784,-2.027192508523573,2.349145062467145,-1.8040787306591608,6.39147246355706,0.48039891000815765
Clc1ccc(C(Cn2ccnc2)OCc2ccsc2Cl)c(Cl)c1,1,1.2173913043478262,2.0869565217391304,2.739130434782609,35.49803916594192,10.097128536046974,2.1738978815469845,-2.199719499900558,2.31508180454309,-2.122022240858804,7.140745943521322,0.028230880232716596
CCOc1cc(C(C)(C)C)ccc1C1=NC(C)(c2ccc(Cl)cc2)C(C)(c2ccc(Cl)cc2)N1C(=O)N1CCN(CCCS(C)(=O)=O)CC1,1,0.8979591836734694,1.469387755102041,2.0,35.49678755467236,9.705619575385887,2.599528063261577,-2.471610440902134,2.5379575688210245,-2.60381021969966,7.901787809595777,0.08681004182721559
O=NN(CCCl)C(=O)NC1CCCCC1,1,1.4,2.066666666666667,2.6,35.49566300623804,9.956212030580748,2.193031786434112,-2.238535699695797,2.170328957403578,-2.4330827806740074,6.176421066839193,0.19396481482676933
CNC(=O)C(c1ccccc1)N1CCc2cc(OC)c(OC)cc2[C@H]1CCc1ccc(C(F)(F)F)cc1,0,1.027027027027027,1.6756756756756757,2.27027027027027,19.413190044451728,9.858093519988397,2.3696660911344436,-2.418272925509152,2.429887043828714,-2.444185572489514,5.826993478868521,-0.13719714370904937
COc1ccc(CNC(=O)Nc2ncc([N+](=O)[O-])s2)cc1,0,1.4285714285714286,2.142857142857143,2.7142857142857144,32.133586907087405,10.191615327626403,2.12576775401922,-2.058067975239364,2.2418736099114684,-2.275435093416136,7.183580690440719,-0.37989778203944763
CC(=O)Oc1ccccc1C(=O)Nc1ncc([N+](=O)[O-])s1,0,1.380952380952381,2.0952380952380953,2.7142857142857144,32.13358691213356,10.164079996379275,2.1709295828661324,-2.071166106143728,2.262034692984443,-2.141717788701943,7.1837988112764695,-0.3798982299568204
Cn1c([N+](=O)[O-])cnc1COC(N)=O,1,1.8571428571428572,2.5,2.9285714285714284,16.630508937619197,10.621215016108541,2.1632598713232545,-1.981364251811764,2.113684789302337,-2.1415556341975996,5.639816637675152,-0.39144903541493004
Cc1cnc(C(=O)NCCc2ccc(S(=O)(=O)NC(=O)NC3CCCCC3)cc2)cn1,0,1.032258064516129,1.7419354838709677,2.3870967741935485,32.23327234356351,9.956633298341334,2.2070751669842035,-2.22300105098582,2.1720948093220507,-2.4458473212283756,7.8966512556337225,0.09483845837469687
Oc1[nH]c(O)c(-c2cn3c4c(cccc24)CCC3)c1-c1c[nH]c2ccccc12,0,0.8571428571428571,1.6428571428571428,2.5357142857142856,16.288587593371982,9.958422799422612,2.2597379248900054,-2.142886358631302,2.488366847433744,-2.052970093698649,6.076951345439855,0.4263537480473001
O=C(O)Cc1ccccc1Nc1c(Cl)cccc1Cl,0,1.0526315789473684,1.6842105263157894,2.3157894736842106,35.49683559976259,10.100301513191708,2.097184478884587,-2.1297838747723445,2.330821310822249,-2.0355568215770314,6.3880869296975655,-0.13571846254865425
CC(Oc1ccc2[nH]nc(C=Cc3cnn(CCO)c3)c2c1)c1c(Cl)cncc1Cl,0,1.2,2.0,2.7666666666666666,35.496836769776664,10.130658817582859,2.1625536519626185,-2.1703755940592244,2.3307575312870394,-2.0472354678025195,6.353673113215185,0.22709710100261438
Cc1ccc(C(=O)NCCCCCC(=O)Nc2ccccc2N)cc1,0,0.96,1.68,2.4,16.151005100553032,10.125017669107708,2.0557699122477056,-2.078947618785686,2.1672962503792053,-2.2393579889250743,5.9408514675036095,-0.11584947159731408
O=C(Nc1cc(Oc2cc(F)c(NC(=O)C3(C(=O)Nc4ccc(F)cc4)CC3)cc2F)ccn1)C1CC1,1,0.8648648648648649,1.5675675675675675,2.2432432432432434,19.14530710415306,10.04476017489852,2.5632889528073264,-2.1638471656045835,2.474986310058027,-2.3546957489356903,6.164995184782613,-0.13077808299047228
O=c1[nH]c(C2CCCN2)nc2c1oc1ccc(Cl)cc12,1,1.4,2.3,3.1,35.49569136392124,10.174747675044058,2.2103267856995856,-2.077480818932491,2.2861755165714395,-2.1981726698531117,6.312307789288712,0.6000495160847641
CC(N)C12CC3CC(CC(C3)C1)C2,0,1.0,1.3846153846153846,1.6923076923076923,14.71715798241228,9.477838156525117,2.516653967836342,-2.580818336258046,2.6032445663276147,-2.5291635851828294,5.037929826087294,-0.0637290337361745
CON=C(C(=O)NC1C(=O)N2C(C(=O)OCOC(=O)C(C)(C)C)=C(C)CS[C@H]12)c1csc(N)n1,0,1.3235294117647058,2.0294117647058822,2.6176470588235294,32.16668095823291,9.975351085813635,2.539527551273188,-2.4897601544924974,2.401137572635041,-2.7063541356229144,7.998349184188178,-0.17298032200101998
CN1CCC(COc2cnc(-c3cccc(Cn4nc(-c5cccc(C#N)c5)ccc4=O)c3)nc2)CC1,1,1.0,1.7567567567567568,2.5405405405405403,16.47818535575363,9.982566722304819,2.1702875948215565,-2.2812972566870524,2.2130064685499504,-2.320490672165736,5.60444292473907,0.15933621374707974
O=C(C=Cn1cnc(-c2cc(C(F)(F)F)cc(C(F)(F)F)c2)n1)NNc1ccccn1,1,0.967741935483871,1.6451612903225807,2.225806451612903,19.41712036746183,10.043465047679012,2.368466484238749,-2.1257423340899457,2.3750203925766367,-2.2752476473890906,5.902345276721555,-0.14258857066575414
CC(=O)OCC(=O)NCCCOc1cccc(CN2CCCCC2)c1,0,1.2,2.0,2.76,16.535683844426327,10.100598612003754,2.102500691933079,-2.2603688686038197,2.1722672403803926,-2.2953331544573596,5.792926664899629,-0.14587868672093862
O=C(Nc1ccccc1)c1ccccc1O,0,0.9375,1.5625,2.25,16.256644342724417,10.157521360995712,2.0900084032212707,-2.0546726587900275,2.168934454060163,-2.1118598424710386,6.055401702541784,0.1019633843089313
COC1=CC(=O)C[C@@H](C)[C@]12Oc1c(Cl)c(OC)cc(OC)c1C2=O,0,1.1666666666666667,1.8333333333333333,2.4166666666666665,35.49569217320484,9.75280737935149,2.594133458058555,-2.359455244261729,2.5387264368701614,-2.5115540839322215,6.348180777377053,-0.11796586389006926
O=c1cc(O)[nH]cc1Cl,1,1.6666666666666667,2.3333333333333335,2.7777777777777777,35.495690971485814,10.461095167840334,1.9304413945680339,-1.8808190639880966,2.017702811139395,-1.9766820776291505,6.2987570964060025,0.45265215399142256
CC(=Cc1ccccc1)C=C1SC(=S)N(CC(=O)O)C1=O,0,1.380952380952381,2.0476190476190474,2.6666666666666665,32.18119814476124,10.125233914998208,2.3266409380684365,-2.0958429025051406,2.3130205375064135,-2.327843725156097,8.262915133696337,-0.13981702427297313
Cc1cncc(CN2CCC(=C3c4ccc(Cl)cc4CCc4cccnc43)CC2)c1,0,0.9666666666666667,1.8,2.6333333333333333,35.49569185544493,9.88287537101375,2.2472247020205263,-2.3000611759021505,2.3807059188044053,-2.3038332509342427,6.302781106001226,0.24811299927507685
O=C(O)c1cccnc1,1,1.6666666666666667,2.4444444444444446,2.7777777777777777,16.365573627665473,10.289207156539062,1.9720844457599607,-1.8700167792538362,1.9238396386862362,-1.9446054391591865,5.864417646859708,0.06962056979200901
CC(C)N=c1cc2n(-c3ccc(Cl)cc3)c3ccccc3nc-2cc1Nc1ccc(Cl)cc1,0,0.8484848484848485,1.5151515151515151,2.212121212121212,35.49678505521522,10.098698200650096,2.1640891301319294,-2.202339571644633,2.3059813832802907,-2.1610412935027834,6.304618974542668,0.8055455168518494
Cc1[nH]c2ccccc2c1CCNCc1ccc(C=CC(O)=NO)cc1,1,1.1538461538461537,1.9230769230769231,2.6923076923076925,16.455008006997854,10.07883943264683,2.065358757418608,-2.060486900877499,2.214570882735745,-2.163994432060111,5.891734092155938,0.30330039490159466
Cc1ccc(-c2nc(N)nc3c2nnn3Cc2cccc(CO[C@H]3CCOC3)n2)o1,1,1.1666666666666667,2.066666666666667,2.8666666666666667,16.543393406384993,10.248418687069208,2.1857430642568403,-2.0985980536165663,2.2651648752050675,-2.1291553799241765,5.855126074475576,0.03006165828570455
CC(=O)OC1CC2CCC3C(CCC4(C)C3CC([N+]3(C)CCCCC3)C4OC(C)=O)C2(C)CC1N1CCCCC1,0,0.8,1.475,2.15,16.54871946163918,9.44285375240669,2.669349703801863,-2.6215381398301263,2.673922330595002,-2.6126437476531295,5.663025318954612,-0.9397926344777656
Cc1ncc(CO)c(CO)c1O,0,1.3333333333333333,2.0,2.5,16.269630917090783,10.102251334541906,2.0865285918776335,-2.072650991560697,2.226873663317,-1.9766654467012186,5.393080748090978,0.2537539891710148
CNC1C(O)C(OC2C(NC(=O)C(O)CN)CC(N)C(OC3OC(CN)C(O)C(O)C3O)C2O)OCC1(C)O,0,1.0256410256410255,1.6666666666666667,2.2564102564102564,16.72114062132051,9.829533931323185,2.5272743691910975,-2.490736702112164,2.3221081414964986,-2.6973553348626877,5.806401767362195,-0.33001203778080845
CC1CC2C3CC(F)C4=CC(=O)C=CC4(C)C3(F)C(O)CC2(C)C1(O)C(=O)CO,0,1.2758620689655173,1.9310344827586208,2.5517241379310347,19.14885006178583,9.440344930334142,2.7600287216795154,-2.6257474749542142,2.7042719909526527,-2.7018665435130234,6.01113379957138,-0.22343134909951615
CN1CCC(=C2c3ccccc3CC(=O)c3sccc32)CC1,0,1.0454545454545454,1.8181818181818181,2.6363636363636362,32.13347420248119,9.876180481937007,2.2681351765953566,-2.266269441642214,2.3965814217070327,-2.265139645800015,7.120251743423686,0.0996890904809615
O=c1ncccn1C1OC(CO)C(O)C1O,0,1.4375,2.1875,2.75,16.562971355642567,10.128480890248845,2.430944835888176,-2.157826214214557,2.2715871005416415,-2.3527042715031117,4.9198862986675955,-0.05493716832096471
COCCCOc1cc(CC(CC(N)C(O)CC(C(=O)NCC(C)(C)C(N)=O)C(C)C)C(C)C)ccc1OC,0,1.0256410256410255,1.6923076923076923,2.230769230769231,16.51612592232961,9.804162915160939,2.3166515651279695,-2.303703476463731,2.3152693971450082,-2.4633802070681474,5.8252965303610456,-0.1295640215100999
COc1cc2c(c(OC)c1OC)-c1c(cc3c(c1OC)OCO3)CC(C)C(C)C2,0,0.7241379310344828,1.3103448275862069,1.896551724137931,16.701602635292865,9.77291065635011,2.33811851433569,-2.2968212708673383,2.560661650999358,-2.1793384806066425,5.8817653369012035,0.1709129881813929
O=C(C=Cc1ccccc1)OCC1OC(OC2OC=CC3C(O)C4OC4(CO)C23)C(O)C(O)C1O,0,1.0285714285714285,1.8,2.5428571428571427,16.777342011682514,9.854307019897917,2.7542369243761926,-2.4281661142152133,2.5911956611251394,-2.604741592391579,5.865377816387809,-0.3442409050259776
CC(CSC(=O)c1ccccc1)C(=O)N1C[C@@H](Sc2ccccc2)CC1C(=O)O,0,1.0689655172413792,1.6896551724137931,2.310344827586207,32.16784304952238,10.134981808129188,2.408128685848208,-2.243309978950776,2.3362942552672057,-2.4322466303541828,8.136987609117702,-0.1489056667666979
CCC(C(N)=O)N1CCCC1=O,0,1.75,2.4166666666666665,2.75,16.16026056499817,10.168498417656918,2.2921926417543124,-2.228838222096115,2.145352036392384,-2.443701938175591,5.870361165507128,-0.1356678464846094
CC1(C(=O)O)CCC2(C)CCC3(C)C4=CC(=O)c5c(cc(O)c(O)c5C=O)C4(C)CCC3(C)C2C1,1,1.0,1.6571428571428573,2.2857142857142856,16.36818574493164,9.342786869629068,2.670472899452305,-2.693086951949093,2.742705223414804,-2.624360247677323,6.134305144924335,-0.17664031803232919
O=P(O)(O)C(O)(Cc1cccnc1)P(=O)(O)O,0,1.1764705882352942,1.7058823529411764,2.0588235294117645,31.2440913411432,10.202730939617734,2.5869931637180485,-2.285567481714808,2.6793749070998563,-2.3089671592487044,7.715462420292472,0.13056633040622187
COCC(c1ccc(C(F)(F)F)cc1)N1CCN(C2(C)CCN(C(=O)c3c(C)ncnc3C)CC2)CC1C,1,1.0789473684210527,1.6842105263157894,2.210526315789474,19.41319129526712,9.85563822367716,2.41319118318174,-2.5245342313218893,2.35058578073961,-2.621991317258357,5.958177122824027,-0.13716185710746526
COc1ccc(CNc2nc(N(CCO)CCO)nc3c2ncn3C(C)C)cc1,1,1.103448275862069,1.793103448275862,2.3793103448275863,16.465316073192238,10.187514250698426,2.1777644346040623,-2.2144449626634257,2.250766897048411,-2.3122860424725524,5.841026944949551,0.279881108240472
O=C1Nc2ccc(Cl)cc2C(C#CC2CC2)(C(F)(F)F)O1,0,1.380952380952381,2.0952380952380953,2.7142857142857144,35.495691474249305,9.899830715386628,2.6159641576897767,-2.353463146306344,2.477271005748821,-2.48982133694423,6.303771691057353,-0.23906407118503184
O=c1cccc2n1C[C@@H]1CNCC2C1,0,1.3571428571428572,2.2857142857142856,3.2142857142857144,16.13979931808816,9.841652210689968,2.296379500677211,-2.3679206473402075,2.3061430429471748,-2.441953251010251,5.160575702719764,0.25702410339650156
COc1cc(Nc2ncc3c(n2)-c2ccc(Cl)cc2C(c2c(F)cccc2OC)=NC3)ccc1C(=O)O,0,1.054054054054054,1.864864864864865,2.6216216216216215,35.49569227607199,9.943188875105282,2.2525787294630364,-2.148528176164799,2.3612364066697116,-2.094005611822576,6.314174431395481,0.06930979208031908
CC(COc1ccccc1)N(CCCl)Cc1ccccc1,0,1.0,1.619047619047619,2.238095238095238,35.49566328792616,10.158761220668039,2.141020998190402,-2.2809281579754423,2.122789749652338,-2.377348285492301,6.1754665643399935,0.1461634686789786
Cc1cc2c(F)c(Oc3ncnn4cc(OCC(C)O)c(C)c34)ccc2[nH]1,1,1.2962962962962963,2.111111111111111,2.888888888888889,19.142292608359337,10.200137458942116,2.1800529291940003,-2.0854322282187137,2.3425453586962512,-2.122720736177165,5.82617395901691,0.12216598476348858
CCC1=C(C)CN(C(=O)NCCc2ccc(S(=O)(=O)NC(=O)NC3CCC(C)CC3)cc2)C1=O,1,1.088235294117647,1.7352941176470589,2.323529411764706,32.233272595417226,9.873882626154208,2.308326971564579,-2.263485765321294,2.2336526688315073,-2.4507685887932267,7.896655553499299,-0.12258049855647558
CCNC1CN(CCCOC)S(=O)(=O)c2sc(S(N)(=O)=O)cc21,0,1.5217391304347827,2.217391304347826,2.782608695652174,32.261321045040596,10.12303844652107,2.3900014922627326,-2.3192720963991147,2.393363177841793,-2.434034617496295,7.9353475421015265,0.1848688265351662
Nc1ccc2cc3ccc(N)cc3nc2c1,1,0.6875,1.1875,1.6875,14.694021951632877,10.106893977857434,1.9999897157834543,-2.0282296294364692,2.22236665647649,-1.8858615577631117,5.942746748406722,1.4967087305808602
O=C(Nc1c[nH]nc1-c1nc2cc(CN3CCOCC3)ccc2[nH]1)NC1CC1,1,1.2857142857142858,2.142857142857143,2.9642857142857144,16.477485180941606,10.156401385307586,2.2388319870465145,-2.260006755135935,2.262639306827195,-2.3511047864468404,5.932994598886952,0.03418586554315562
CN1CCCC(n2nc(Cc3ccc(Cl)cc3)c3ccccc3c2=O)CC1,0,1.037037037037037,1.7777777777777777,2.5555555555555554,35.49569170439432,10.037035886745693,2.205418935657299,-2.189216159839076,2.2330828805543885,-2.293673538821775,6.300896701249873,0.3335258752380028
Cc1ccc(NC(=O)c2ccc(CN3CCN(C)CC3)cc2)cc1Nc1nccc(-c2cccnc2)n1,0,0.972972972972973,1.7837837837837838,2.5405405405405403,16.149174541145634,10.09864961256998,2.1437229105512805,-2.3186634370610646,2.2447432353103665,-2.4337906261321525,6.041186003498942,0.10220047380487557
OB1OCc2cc(F)ccc21,0,1.5454545454545454,2.3636363636363638,3.1818181818181817,19.142141385193707,9.795864153431882,2.263012939548586,-1.9507283428799718,2.097415989236708,-2.272837732692452,6.610382219868508,0.2748974762034909
Cc1cc(C)c(CNC(=O)c2cc(-c3ccc(CN4CCOCC4)cc3)cc3c2cnn3C2CCCC2)c(=O)[nH]1,0,1.05,1.8,2.525,16.47750526747965,9.980712929200424,2.2274955008723714,-2.2613645738314805,2.3462438847992115,-2.3510396021461553,6.075777549550979,0.03417097287585329
Nc1nc(=O)c2[nH]nnc2[nH]1,0,1.4545454545454546,2.272727272727273,3.090909090909091,16.138859240047797,10.540527712602177,2.02420975739831,-1.8781628760155258,1.9613169503114503,-2.103665946762871,5.675470700068764,0.9538080095763306
CN1CCCC1c1cccnc1,0,1.5833333333333333,2.5,3.0833333333333335,15.14357761039824,10.081262748767085,2.214113355948108,-2.182860478290448,2.286229481365833,-2.16835154644054,5.143791621517544,0.3167124208320246
CC(=O)NS(=O)(=O)c1ccc(N)cc1,0,1.2857142857142858,1.7857142857142858,2.2142857142857144,32.23327086037681,10.319163499071358,2.1374120855367513,-2.0353091219129995,2.10355838182374,-2.2755792473038974,7.896631790512137,-0.11676595018559173
C=C[C@@H]1C[N@@]2CC[C@H]1C[C@@H]2[C@H](O)c1ccnc2ccc(OC)cc12,0,1.4166666666666667,2.2916666666666665,3.0,16.465326529228705,9.733491935974545,2.417618062118934,-2.502699692920638,2.417007461998577,-2.5441325749655315,5.834889374235317,-0.04444143492917721
CC(C)(C)c1ccc(C(=O)CCCN2CCC(OC(c3ccccc3)c3ccccc3)CC2)cc1,0,0.8571428571428571,1.4,1.9142857142857144,16.498814861482128,9.861307072678906,2.2446040586926803,-2.3388202356066046,2.298033408031361,-2.378078234137033,5.955824187620611,-0.027006795992490538
CCOc1cc2ncc(C#N)c(Nc3ccc(OCc4ccccn4)c(Cl)c3)c2cc1NC(=O)C=CCN(C)C,1,1.125,1.975,2.675,35.495692688036776,10.076327658755837,2.1568972840430387,-2.1625494945375645,2.370629211313634,-2.1316577211352263,6.319390917640943,-0.11148545816921161
COc1nc(C)nc(Cl)c1NC1=NCCN1,0,1.4375,2.25,2.875,35.49569652194881,10.446788635613888,2.1496040544291395,-2.1130083371014825,2.2828968628403317,-2.2645347356188568,6.324425084471548,0.3977003320751267
CC(=O)NC(C=O)C(O)C(O)[C@H](O)CO,0,1.3333333333333333,1.8666666666666667,2.2,16.37532296308581,10.021350960438273,2.3075330609926836,-2.2526444948362787,2.031802689234636,-2.525920936370841,5.7707632984662265,-0.12925863703296198
O=C(NCC1CN(c2ccc(N3CCOCC3=O)cc2)C(=O)O1)c1ccc(Cl)s1,0,1.1379310344827587,1.8620689655172413,2.5172413793103448,35.4960176123922,10.194181128559698,2.3251869207102605,-2.2679625588296703,2.2568229849047845,-2.41179907150755,7.175002678736824,-0.12527202354124647
CCCN1CCCCC1C(=O)Nc1c(C)cccc1C,0,1.3,2.0,2.65,16.15121857288937,10.0016852054531,2.2784827193046473,-2.341726499824903,2.226187407782157,-2.46957831429982,5.957468227112063,-0.12199278934505595
CON=C(C(=O)NC1C(=O)N2C(C(=O)OC(C)OC(C)=O)=C(COC(N)=O)CS[C@H]12)c1ccco1,0,1.3428571428571427,2.085714285714286,2.6857142857142855,32.16663764047347,10.021963378969653,2.5465461536374314,-2.492031723585361,2.4052468575758486,-2.7082266771861723,7.998386367612703,-0.18226547873843918
COc1cc(OC)c(C=CS(=O)(=O)Cc2ccc(OC)c(NCC(=O)O)c2)c(OC)c1,0,0.967741935483871,1.5806451612903225,2.096774193548387,32.22776759036685,10.139319131644447,2.1469544953385116,-2.126694355022579,2.3507592842953926,-2.129549244702427,7.931896816962215,-0.13446270151878784
OCC1OC(c2ccc(F)c(Cc3cc4ccccc4s3)c2)C(O)C(O)C1O,0,0.9642857142857143,1.75,2.5,32.133532613150344,9.900487369789765,2.435357671516416,-2.3991479585534945,2.3400634175936643,-2.5477199699717183,7.186012263209698,-0.23132088537062173
Cc1ccsc1C(=CCCN1CCCC(C(=O)O)C1)c1sccc1C,0,1.24,1.88,2.4,32.13473542050013,9.978235938395706,2.243726403796156,-2.297994100908914,2.351146184833277,-2.3851811537502865,7.136038847718384,-0.14310251010111788
O=C(O)c1ccc2c(c1)nc(Nc1cccc(Cl)c1)c1ccncc12,1,1.04,1.92,2.72,35.49569161294589,10.056240315289383,2.112809890729357,-2.1172177193546347,2.3095330948979815,-1.9905560992564015,6.30436883917905,0.06967749242778144
Cc1cnc(Nc2ccc(OCCN3CCCC3)cc2)nc1Nc1cccc(S(=O)(=O)NC(C)(C)C)c1,1,1.0,1.7297297297297298,2.4324324324324325,32.233273613545215,10.144258548295904,2.2191309830300887,-2.203238310558406,2.2413967837031334,-2.3996779688624366,7.891636805198605,0.23756640203305454
CCC(CC)OC1C=C(C(=O)O)CC(N)C1NC(C)=O,0,1.5,2.1,2.55,16.499710484811935,9.87949810958902,2.3485073400911918,-2.3591879546775347,2.2277842590447365,-2.565860418402618,5.868585268658975,-0.13286753975210633
Cc1nc(-c2cn3c(n2)-c2ccc(-c4cnn(C(C)(C)C(N)=O)c4)cc2OCC3)n(C(C)C)n1,0,1.1470588235294117,1.9411764705882353,2.676470588235294,16.47861897239657,10.040676266491458,2.283405608830954,-2.2029414784595103,2.367670197027669,-2.4085397694581623,5.817130808929102,-0.12499459579761583
CCN(C(=O)c1c(O)c2c(Cl)cccc2n(C)c1=O)c1ccccc1,0,1.16,1.84,2.48,35.495691800856896,10.085394628671796,2.2619152692799345,-2.2185248538887183,2.3279892219078735,-2.3611912782021673,6.358765749552705,0.0983758760067586
Cc1ncc(C[n+]2csc(CCO)c2C)c(N)n1,0,1.4444444444444444,2.2222222222222223,2.888888888888889,32.13348096415037,10.241078347082006,2.1644871080598085,-2.0145406286095375,2.131845762270191,-2.3523777804869805,7.089559884005454,-0.689197712606222
CCCC(=O)OCOC(=O)C1=C(C)N=C(C)C(C(=O)OC)C1c1cccc(Cl)c1Cl,0,1.1333333333333333,1.8333333333333333,2.466666666666667,35.49826290542763,9.753463157273755,2.4286720155768924,-2.314124356912647,2.43581826261004,-2.361073450144484,6.421873613770189,-0.1643988382356791
Nc1cc(C(Cl)=C(Cl)Cl)c(S(N)(=O)=O)cc1S(N)(=O)=O,1,0.9,1.35,1.7,35.53934629963717,10.169242912105341,2.235019166551548,-2.1130989005564107,2.350347210136721,-2.18725331663818,7.897272942857422,0.5958857085599538
CC1(C)O[C@@H]2C[C@H]3[C@@H]4CC=C5CC(=O)CC[C@]5(C)[C@@]4(F)[C@@H](O)C[C@]3(C)[C@]2(C(=O)CCl)O1,0,1.2903225806451613,2.0,2.6774193548387095,35.495664084217644,9.440868272598975,2.793780000686136,-2.6269156463410357,2.719142089685628,-2.695778927919872,6.28720773451268,-0.2469065794226013
CCCCCCCCCCCCCCCC[n+]1ccccc1,0,0.5,0.9090909090909091,1.3636363636363635,14.915582040204354,10.044179213872512,1.976587802750798,-2.0244571960412214,2.1232843141739184,-2.3152633706830015,4.829740858308521,-0.6969903483673309
C#CC1(O)CCC2C3CC=C4CC(=O)CCC4C3CCC21CC,0,1.3043478260869565,2.130434782608696,2.869565217391304,16.28604971629826,9.4977105313397,2.626182942475606,-2.549041659228137,2.6513496662982847,-2.5278136694366773,5.818333600002376,-0.12103996686881988
COc1cc(F)c(C(C)C)cc1-c1ccc(C(F)(F)F)cc1CN1C(=O)OC(c2cc(C(F)(F)F)cc(C(F)(F)F)c2)C1C,0,0.8181818181818182,1.3863636363636365,1.8863636363636365,19.42101233974011,9.914415162238246,2.4354204827288517,-2.2437345487981446,2.4326550550052173,-2.3153546258278,5.763774636642467,-0.1430322769628454
O=c1ccn(C2OC(CO)C(O)C2O)c(=O)[nH]1,0,1.3529411764705883,2.0588235294117645,2.588235294117647,16.563026153695468,10.128430471070969,2.4311383369361312,-2.15983495460894,2.2707533794359547,-2.3713176569234498,4.923590988441368,-0.054988713595444313
Clc1ccc(CSC(Cn2ccnc2)c2ccc(Cl)cc2Cl)cc1,0,1.0,1.75,2.4166666666666665,35.49791228316098,10.131919175471806,2.165271103182262,-2.1909921548015783,2.375877650133431,-2.058076118541128,7.983014290796437,0.6831197010069422
COCC1(CO)C(=O)C2CCN1CC2,0,1.5714285714285714,2.2142857142857144,2.642857142857143,16.466019827167443,9.737072562893136,2.521575222212047,-2.510745891479689,2.3557540133959964,-2.6845843632132667,5.9199955628739565,-0.15756853482628164
CNCC(O)c1ccc(O)c(O)c1,0,1.3076923076923077,2.0,2.5384615384615383,16.30358267430485,10.09520283295581,2.0785385923844673,-2.1004822821322935,2.2685199308489294,-2.1595609336663957,5.407156227532668,0.17701091743815708
Oc1cc(Cl)ccc1Oc1ccc(Cl)cc1Cl,0,0.8235294117647058,1.411764705882353,2.0,35.49791024588682,10.279407662947476,2.075075078276057,-2.088715574351255,2.361441612232673,-1.8553717301679693,6.35108132047892,0.4112576715121109
NCC1CCC(C(=O)O)CC1,0,1.3636363636363635,1.9090909090909092,2.272727272727273,16.36647650266678,9.820824814047963,2.2414050022824203,-2.23960527077314,2.2731998639926037,-2.248321704062629,5.694763120052175,-0.14257068101680145
CC1=C[C@H](O)CC(C)(C)[C@H]1/C=C/C(C)=C/C=C/C(C)=C/C=C/C=C(C)/C=C/C=C(C)/C=C/C1=C(C)C[C@@H](O)CC1(C)C,0,0.7142857142857143,1.2142857142857142,1.7380952380952381,16.267807191570384,9.67492008032123,2.341302966221168,-2.3834725513327815,2.4213032732535984,-2.320635435264885,5.379149834923965,0.11615806156028602
COC(=O)C1=C(C)N=C(C)C(C(=O)OCCN(C)Cc2ccccc2)C1c1cccc([N+](=O)[O-])c1,0,1.1142857142857143,1.8285714285714285,2.4857142857142858,16.628497690768437,9.752862079080211,2.4226798764982154,-2.3109572424810354,2.404304351817808,-2.369858682268225,6.065447354192968,-0.38448993180843843
Cc1c(CN2CCN(C(=O)C(C)O)CC2)sc2c(N3CCOCC3)nc(-c3cnc(N)nc3)nc12,0,1.1428571428571428,1.8285714285714285,2.4857142857142858,32.133533909609014,10.171074939283757,2.262338465411231,-2.3472941893825077,2.376515782279972,-2.5016256883684993,7.194047267562304,-0.14061452235287517
CC(C)=CCCC(C)=CCCC(C)=CCSc1ccccc1C(=O)O,0,0.96,1.56,2.2,32.166535721444454,10.066432149468065,2.077730594205418,-2.0441859340009896,2.2315142551664557,-1.9775278415941129,7.991134377478783,0.06928714680706177
CC(=O)OC1(C(C)=O)CCC2C3=C(C4=C(CC3)CC(=O)CC4)C(c3ccc(N(C)C)cc3)CC21C,0,1.0285714285714285,1.7428571428571429,2.3714285714285714,16.559137515641304,9.535381812213108,2.6543621724230766,-2.5179886008170307,2.660817039504193,-2.5513091261397483,5.8929036579551575,-0.17939175495666043
Cn1cc(-c2cnn3c(N)c(Br)c([C@@H]4CCCNC4)nc23)cn1,0,1.3478260869565217,2.217391304347826,2.9130434782608696,79.91873118383292,9.955681277517547,2.2344963424693196,-2.23418723027614,2.3435052544193717,-2.2901703654142738,9.10387450223193,0.4534271836238573
c1ccc(C2CN3CCSC3=N2)cc1,0,1.2857142857142858,2.142857142857143,2.9285714285714284,32.16659149190374,10.089783920983239,2.292174206435746,-2.118717298944541,2.312907161776185,-2.212866291861249,8.137068209565564,0.4639468937661327
Cc1onc(-c2ccccc2Cl)c1C(=O)NC1C(=O)N2C1SC(C)(C)C2C(=O)O,0,1.3448275862068966,2.0344827586206895,2.689655172413793,35.495692430412035,9.95449379593373,2.6381556361462137,-2.430835356216945,2.504349499670414,-2.702126271785806,8.013156876862395,-0.15939472671402555
Nc1nc(F)nc2c1ncn2C1OC(COP(=O)(O)O)C(O)C1O,1,1.375,2.0833333333333335,2.75,31.20446210860764,10.128373712023512,2.4478936220235354,-2.161138376276802,2.3840743418554835,-2.331971241179581,7.458302028816782,-0.05038813804279833
COC(=O)CCc1ccc(OCC(O)CNC(C)C)cc1,0,1.2857142857142858,1.9523809523809523,2.5238095238095237,16.52328005525952,10.108078671507194,2.0620264561056585,-2.1472034296140063,2.1345983173629555,-2.3467198069775934,5.689779140392906,-0.14006538250601724
CN(C)CCOc1ccc(C(=C(CCCl)c2ccccc2)c2ccccc2)cc1,1,0.7586206896551724,1.3103448275862069,1.8620689655172413,35.49566366004382,9.88022509242155,2.136081032584252,-2.1730247884604514,2.3478988391232694,-2.188958246869004,6.184283275103378,0.26115054037303476
CC1=C2CC(=O)C=CC2(C)C2C(O)CC3(C)C(CCC3(O)C(=O)CO)C2C1,0,1.3333333333333333,2.037037037037037,2.7037037037037037,16.315824441493913,9.45693285773142,2.6757695172817657,-2.592662823699177,2.667993565485007,-2.6130832033742926,5.933561685413304,-0.17644719208254905
COC(=O)C1C(O)CCC2CN3CCc4c([nH]c5ccccc45)C3CC21,0,1.3076923076923077,2.1538461538461537,3.0,16.525239324596555,9.646026524591392,2.49073200170906,-2.5046044396991887,2.488032028954573,-2.5285631957079686,5.847460947629272,-0.15977834887227643
FC(F)(F)Oc1ccc(-c2ccc3nnc(C(F)(F)F)n3c2)cc1,0,0.7916666666666666,1.4166666666666667,2.0,19.42389416992457,10.083224183814636,2.3652787524468915,-2.0963537736143314,2.30130524830895,-2.164562435701723,5.64949357111195,-0.2741924427170338
CCC(C)SSc1ncc[nH]1,0,1.7272727272727273,2.5454545454545454,3.090909090909091,33.114687245801036,10.376658958757405,2.0106463600186792,-2.0315271203434873,2.3225214309641946,-1.8789016682522994,8.764190065717978,0.9116692899222063
COc1cccc(-c2cc(F)ccc2C2Cc3nc(N)nc(C)c3C(=O)N2)n1,1,1.2142857142857142,2.0357142857142856,2.8214285714285716,19.14214658501505,9.898941461749706,2.3029979275615324,-2.273162835225331,2.3332967353069964,-2.3700865852140907,5.975393373241389,0.09223070632578229
CN(C)CC=CC(=O)Nc1cc2c(Nc3ccc(F)c(Cl)c3)ncnc2cc1OC1CCOC1,1,1.3235294117647058,2.176470588235294,2.911764705882353,35.49569244937943,10.143621019833923,2.204671383923014,-2.1746563518806696,2.3466314256254313,-2.1791520602229535,6.305853853742076,-0.11148896599077678
COc1cc(C(C)=O)ccc1O,0,1.5,2.1666666666666665,2.6666666666666665,16.474033749268038,10.12926000979388,2.0420931918737524,-2.030508336818433,2.25616388499936,-1.9244940322567012,5.941963764089172,0.101261413444202
Oc1ccc(C=Cc2cc(O)cc(O)c2)cc1,0,0.5882352941176471,1.1176470588235294,1.7058823529411764,16.266803397944432,10.1181064079105,1.9542791096899987,-1.9825305412104879,2.2170463610752122,-1.740275333966872,5.706074224020592,0.45013997493526964
Cc1cc(C(N)=O)ccc1-n1c(CCC(=O)O)ccc1-c1ccc(-n2ccnc2)cc1,0,1.064516129032258,1.8387096774193548,2.4516129032258065,16.36519570100294,10.072611334378834,2.1563288290757154,-2.1688958524452864,2.2986293165963514,-2.1213109812062148,5.929000601866682,-0.13649702018584386
O=C(Nc1cc(C(F)(F)F)cc(C(F)(F)F)c1)c1cc(Cl)ccc1O,1,0.92,1.44,1.92,35.495691734382234,10.077495800151056,2.366923100645408,-2.1472642495922813,2.373652048007619,-2.1565562242954637,6.307516921057343,-0.14253305060491045
CC(C)c1cc(-c2n[nH]c(=O)n2-c2ccc3c(ccn3C)c2)c(O)cc1O,1,1.0740740740740742,1.8518518518518519,2.5925925925925926,16.267370792003327,9.982734077238865,2.1937195138530563,-2.129597966693682,2.3696915382209407,-2.153152164881496,5.824089482782405,0.4444882401443081
Cc1cn[nH]c1,0,1.8333333333333333,2.6666666666666665,2.8333333333333335,15.082565957951559,10.4384720524789,1.740529846773144,-1.6242904075279143,1.8381457618882204,-1.533717874457464,4.962988998898228,1.0909819969230354
CC(C)CC(NC(=O)C(CCc1ccccc1)NC(=O)CN1CCOCC1)C(=O)NC(Cc1ccccc1)C(=O)NC(CC(C)C)C(=O)C1(C)CO1,1,0.6923076923076923,1.1923076923076923,1.7692307692307692,16.601326857440913,9.92570133168233,2.4994779191376493,-2.2866470435336326,2.294309015309247,-2.589124602989573,5.984607369131965,-0.13503956346320323
Cc1cc(C=CC#N)cc(C)c1Nc1ccnc(Nc2ccc(C#N)cc2)n1,0,0.9642857142857143,1.6785714285714286,2.3214285714285716,15.138499536695594,10.037016762873236,2.0689116061784185,-2.138506980641466,2.261165834498295,-2.022674022097873,5.689252181479906,1.1604723224540592
CCCNCC(O)COc1ccccc1C(=O)CCc1ccccc1,0,1.12,1.84,2.6,16.48992392647481,10.019888292642046,2.133391230331416,-2.147896596909672,2.20455927087833,-2.3153351302804355,5.982708576754344,0.09502571937673758
C[C@]12CCC(=O)C=C1C=CC1[C@@H]2CC[C@@]2(C)[C@H]1CC[C@@]21CCC(=O)O1,1,1.0,1.8,2.56,16.562282897781095,9.4779300566495,2.660318414959134,-2.56761314123496,2.680779208106153,-2.53300131399444,5.918678575123461,-0.16485377492838077
CN1C2CCCC1CC(NC(=O)c1nn(C)c3ccccc13)C2,1,1.173913043478261,1.8695652173913044,2.608695652173913,16.15022067017321,9.820266225932418,2.3632925684351918,-2.4666648372426483,2.3238947922081006,-2.548634619097251,6.044595163513873,0.04618923245206528
CC1(C)CC(=O)c2c(C(F)(F)F)nn(-c3ccc(C(N)=O)c(NC4CCC(O)CC4)c3)c2C1,1,1.2121212121212122,1.878787878787879,2.484848484848485,19.413238114226044,9.752706815452628,2.450757642161049,-2.2940306554719423,2.4172070795169103,-2.2948946540450335,6.004192864307203,-0.14126557579060578
COc1ccc(-c2coc3cc(O)ccc3c2=O)cc1,0,1.1,1.85,2.55,16.465332175689873,10.055142667236513,2.0917893755227035,-2.041912136034695,2.2343045706768527,-2.039765131713826,5.820903242934072,0.41461098291151194
NC(=O)c1cn(Cc2c(F)cccc2F)nn1,0,1.3529411764705883,2.0,2.5294117647058822,19.14552104445168,10.172545093400897,2.113410010303552,-2.0314296361518425,2.1262517396574623,-2.108490735242971,5.89721668685878,0.09952310873634129
CN1C(=O)CCS(=O)(=O)C1c1ccc(Cl)cc1,0,1.2941176470588236,1.8823529411764706,2.4705882352941178,35.495691589440355,10.17468689107076,2.3769164315122056,-2.3189596169229265,2.3104167419842434,-2.420013900649271,7.912517212841687,-0.13044762475606203
CCCc1nn(C)c2c(=O)[nH]c(-c3cc(S(=O)(=O)N4CCN(C)CC4)ccc3OCC)nc12,0,1.121212121212121,1.8484848484848484,2.515151515151515,32.233427592969306,10.143767050377237,2.285709089355002,-2.31221603856648,2.319656173179808,-2.4651160099936202,7.887447288396954,0.22217370043726614
CC(Oc1ccc(S(C)(=O)=O)cc1C(=O)N1CCN(c2ncc(C(F)(F)F)cc2F)CC1)C(F)(F)F,0,1.0555555555555556,1.6666666666666667,2.1666666666666665,32.22774738398231,10.124593094958245,2.3899342178036878,-2.3555762443891264,2.3220810058018997,-2.490568245117048,7.903096027488711,-0.18885313936443265
CC1(C)SC2C(NC(=O)C(C(=O)O)c3ccsc3)C(=O)N2C1C(=O)O,1,1.32,2.0,2.52,32.16694944348861,9.947455419337654,2.6392016430420924,-2.433489006533732,2.503633987303319,-2.705799440569059,8.013154604958421,-0.16104128092085251
COc1cc2c(Nc3ccc(Br)cc3F)ncnc2cc1OCC1CCN(C)CC1,0,1.1666666666666667,1.9666666666666666,2.7,79.91873128327374,9.981836896219377,2.187767979515276,-2.284659775534237,2.3543288183871938,-2.320638752233357,9.103001153397967,0.15728460672245678
C[n+]1cc2c3c(ccc2c2ccc4cc5c(cc4c21)OCO5)OCO3,1,0.72,1.48,2.4,16.700936664728545,9.999028439314714,2.2354803281334372,-2.080958441603812,2.4245791522418334,-2.2823038230692214,6.147939650264793,-0.6422745876203955
CN(Cc1cnc2nc(N)nc(N)c2n1)c1ccc(C(=O)NC(CCC(=O)O)C(=O)O)cc1,0,1.0909090909090908,1.7878787878787878,2.4242424242424243,16.371409309108408,10.1042796245767,2.213743798763371,-2.1930724186071866,2.1853678399794165,-2.406387894949055,5.965354487044481,-0.14008816001937355
CC(=O)Nc1cc([As](=O)(O)O)ccc1O,0,1.4,2.0,2.466666666666667,,,,,,,,
CC(C)=CCCC(C)(OC1OC(CO)C(O)C(O)C1O)C1CCC2(C)C1C(O)CC1C3(C)CCC(OC4OC(CO)C(O)C(O)C4OC4OC(CO)C(O)C(O)C4O)C(C)(C)C3CCC12C,0,0.6060606060606061,1.1363636363636365,1.7121212121212122,16.758448543226464,9.347510867987756,2.7190734873575635,-2.7054610786954782,2.7590499077225616,-2.6773192943116024,5.203931452558244,-0.37834160861302524
CCOc1ccc(Cc2cc(C3OC(CO)C(O)C(O)C3O)ccc2Cl)cc1,1,1.0,1.7142857142857142,2.357142857142857,35.49569203324313,9.898581421150139,2.434939877310078,-2.39947555436404,2.3408137191115412,-2.547659737873731,6.309488295461715,-0.2313120499440474
OCC1OC(OC2(CCl)OC(CCl)C(O)C2O)C(O)C(O)C1Cl,1,1.0,1.6521739130434783,2.130434782608696,35.49787542425842,10.012870044302813,2.5755046589512176,-2.4269393373786925,2.37451164478988,-2.6072544810490617,6.2117996590505165,-0.3573041435641039
Cc1nc(C(=O)NCC(=O)O)c(O)c2ccc(Oc3ccccc3)cc12,0,1.0769230769230769,1.8076923076923077,2.5,16.48066275454368,10.06763509101585,2.18388230198828,-2.1154342413824962,2.3296362490208784,-2.2965693284648347,6.028498393021676,-0.1353335092464991
CC(=O)N1CCN(CCOc2ccc(C3CCN(C4=Nn5c(nnc5C(F)(F)F)CC4)CC3)cc2)CC1,0,1.0,1.7027027027027026,2.3513513513513513,19.41328935535751,9.889855282493244,2.3973177708496487,-2.3496666346803905,2.319874188439875,-2.484248327456799,5.8280454173494665,-0.1468466170993843
Cc1cnc(C(=O)O)c[n+]1[O-],0,1.8181818181818181,2.4545454545454546,2.909090909090909,16.467488910323684,10.409807424967063,2.087059702848256,-1.9809719597221942,1.9007147803046698,-2.309646643043441,5.839628545104349,-0.612620618915682
N#Cc1cnc(Nc2cc(NC[C@H]3CNCCO3)c(C(F)(F)F)cn2)cn1,1,1.2222222222222223,2.037037037037037,2.6666666666666665,19.413189693023863,10.17360981808887,2.3414918926078663,-2.247260497520546,2.3526123717659857,-2.4177280034627526,5.616811068688902,-0.1367336534085779
N#CC1CC2CC2N1C(=O)C(N)C12CC3CC(CC(O)(C3)C1)C2,0,1.2173913043478262,1.9130434782608696,2.5217391304347827,16.284294213138867,9.458493425000533,2.622628474208311,-2.613756767398194,2.6260931351289076,-2.644521531804667,5.842432638039566,-0.17702443408626514
CNCc1ccc(-c2[nH]c3cc(F)cc4c3c2CCNC4=O)cc1,1,1.2083333333333333,2.0,2.75,19.142146302432057,9.994386843396025,2.2279771903889904,-2.0561780769944495,2.3429563610185093,-2.2328390208084867,6.097364129553545,0.0956536506782872
COc1cnc(NS(=O)(=O)c2ccc(N)cc2)nc1,1,1.1578947368421053,1.736842105263158,2.263157894736842,32.23327122373258,10.319169999650333,2.1471893385370704,-2.0657724831668083,2.151560173846173,-2.1449936932977516,7.92307180323067,0.4106763125515509
CN1CCN(S(=O)(=O)c2ccc(-c3cnc(N)c(C(=O)Nc4cccnc4)n3)cc2)CC1,1,1.0625,1.78125,2.4375,32.233427485707686,10.143520915380787,2.270332535235751,-2.310757839201771,2.232903276516435,-2.4649093377026383,7.887382438405929,0.10181286449833124
O=C(O)c1cc(=O)[nH]c(=O)[nH]1,1,1.3636363636363635,2.0,2.4545454545454546,16.36663896069375,10.407960645014713,2.0273103171837614,-1.888155629841217,1.8130405024406835,-2.241414003301291,5.843777351431104,0.06894033447135878
C[N+]1(C)C2CCC1CC(OC(=O)C(O)c1ccccc1)C2,0,1.1904761904761905,1.7619047619047619,2.3333333333333335,16.555777415088812,9.974520712452637,2.4960996436481424,-2.43448311549844,2.4030547501102695,-2.5582676116621705,5.759201986048202,-0.9309539640416613
COc1ccc(Cc2cnc(N)nc2N)cc1OC,0,1.105263157894737,1.8421052631578947,2.473684210526316,16.507759271450272,10.064395928894804,2.0764975672148114,-2.099220865424614,2.283952943395334,-2.037865887406221,5.474676029701548,0.35435176402300234
N=C1CCCN1Cc1[nH]c(=O)[nH]c(=O)c1Cl,0,1.375,2.125,2.75,35.49569159997046,10.340855589967326,2.1864671709504093,-2.170087346877736,2.1499440832758285,-2.2967583813294983,6.305029774940758,0.4382704102954751
CCCCOc1cc(C(=O)OCCN(CC)CC)ccc1N,0,1.1818181818181819,1.9090909090909092,2.5454545454545454,16.533842632757064,10.163913234148964,2.1098704422299877,-2.172114932559979,2.2310900114096954,-2.274565872091146,5.9025063947843845,0.04657348969144317
OC[C@H]1O[C@H](n2cnc3c(NC4CCCC4)ncnc32)[C@H](O)[C@@H]1O,1,1.1666666666666667,1.9583333333333333,2.6666666666666665,16.562544716797387,10.128330305608234,2.435572638054303,-2.166171314298329,2.3220229820778227,-2.326355114700771,5.824090823661809,-0.05106637375771053
Oc1ccc(OC2CCCCO2)cc1,0,1.2142857142857142,2.0,2.642857142857143,16.679620195837558,10.183021656894587,2.14187784968973,-2.228277245490839,2.20538455578043,-2.243743032478933,5.296066767643487,-0.10544096895081209
CC12CCC3c4ccc(O)cc4CC(CCCCCCCCC[S+]([O-])CCCC(F)(F)C(F)(F)F)C3C1CCC2O,0,0.926829268292683,1.5853658536585367,2.292682926829268,32.22782121201362,9.51765439541024,2.571828320727381,-2.5286155528390357,2.6239390575658104,-2.467678138725376,7.908640490883735,-0.2837884666981242
CCCc1cc2c(N3CCN(C4=NCC(C)(C)S4)CC3)ncnc2s1,0,1.12,1.88,2.56,32.16688787130902,10.204414423531357,2.3158953179203685,-2.362996978409486,2.345982625606934,-2.479107243064385,8.147650799538324,0.39106930776663745
COCCOc1ccc(N2CCN(CCn3ncc4c3nc(N)n3nc(-c5ccco5)nc43)CC2)cc1,0,0.972972972972973,1.8108108108108107,2.5675675675675675,16.517636271998782,10.205665680020477,2.1980708920570757,-2.3569990706018955,2.2394622240131983,-2.468448344881327,5.898989481607967,0.146097086737954
CC(C)(O)CC(=O)NCCn1ccc2ncnc(Nc3ccc(Oc4cccc(C(F)(F)F)c4)c(Cl)c3)c21,0,1.131578947368421,1.9210526315789473,2.6315789473684212,35.495692651109465,10.058171288822944,2.3031672897206774,-2.1637527021988174,2.358747495210245,-2.333816337660366,6.319484958837554,-0.13729135321586705
O=C(O)c1cc2ccccc2c(Cc2c(O)c(C(=O)O)cc3ccccc23)c1O,1,0.6551724137931034,1.0344827586206897,1.4137931034482758,16.371419797810926,9.901844658874158,2.2201815210258107,-2.156413395576572,2.382492474753466,-2.036667331092865,6.019356696723237,0.06823627267290029
COC(=O)Nc1nc2cc(C(=O)c3ccc(F)cc3)ccc2[nH]1,0,1.1304347826086956,1.826086956521739,2.5217391304347827,19.14214364187776,10.028985296395174,2.1214287672573153,-2.0068048164683154,2.185278862697141,-2.1129270459602845,6.099070446751885,0.10340060368095394
Cc1nc(=O)c2cc(CN(C)c3ccc(C(=O)NC(CCC(=O)O)C(=O)O)s3)ccc2[nH]1,0,1.21875,1.96875,2.65625,32.13357145705784,10.125564356668544,2.224204457921546,-2.1718095314995867,2.2661609397783273,-2.403510947830732,7.174997110819612,-0.14008635048344756
COc1cc(C(=O)NS(=O)(=O)c2ccccc2C)ccc1Cc1cn(C)c2ccc(NC(=O)OC3CCCC3)cc12,1,1.0,1.7560975609756098,2.4878048780487805,32.233273530240425,10.010005226367769,2.221445494055958,-2.1295130338785455,2.3017371496227876,-2.3063710456018196,7.897503259007122,0.09802703780122858
CCCC1CC(C(=O)NC(C(C)Cl)C2OC(SC)C(OP(=O)(O)O)C(O)C2O)N(C)C1,0,1.3870967741935485,2.032258064516129,2.5483870967741935,35.49574595987056,9.924203977460339,2.507740699091923,-2.448685946637715,2.431457581500633,-2.6497537667547477,7.98655291455831,-0.20119529431031596
Cc1nc2ccc(NC(=O)Nc3ccnc4cccnc34)cc2o1,0,1.0416666666666667,1.9583333333333333,2.875,16.34719473992682,10.2518854752786,2.088075622048045,-2.0862314492807337,2.211832926893299,-2.192740658309395,6.043215066144551,0.2618876995283912
CCOC(=O)C(CCc1ccccc1)NC(C)C(=O)N1C(C(=O)O)CC2CCCC21,0,1.2333333333333334,1.9666666666666666,2.6333333333333333,16.533940389684016,10.021850746807123,2.492036551449678,-2.3147267445558506,2.411539505987389,-2.5488280839939685,5.882307109382349,-0.1513497564226798
O=C(O)CC(O)CC(O)C=Cc1c(C2CC2)nc2ccccc2c1-c1ccc(F)cc1,1,1.1290322580645162,1.8387096774193548,2.5161290322580645,19.142145873592387,9.917914947004768,2.2926689603461723,-2.16231380858078,2.4495984916957276,-2.1872284700653,5.991041636148933,-0.13895117038944482
COCCCCC(=NOCCN)c1ccc(C(F)(F)F)cc1,1,1.1363636363636365,1.8181818181818181,2.3636363636363638,19.413177946350846,10.028573472594555,2.2959997980667572,-2.0964095831264786,2.2889819838618815,-2.0945416032552986,5.997521586371574,-0.1371321966608557
CC12CCC3c4ccc(O)cc4CCC3C1CC(O)C2O,0,1.1904761904761905,2.0,2.8095238095238093,16.33057549785531,9.552088514701405,2.571515452712295,-2.4943711694097117,2.6041087707419956,-2.443589170819931,5.397619066182507,-0.050512072425268444
CC(C)NCC(O)c1ccc(O)c(O)c1,0,1.2,1.8666666666666667,2.4,16.30359134863473,10.089636431049978,2.0956834598762573,-2.142662940427588,2.2696963525753677,-2.273585338668094,5.407339726550765,0.17088854126364011
CCCCN1CCC(CNC(=O)c2c3n(c4ccccc24)CCCO3)CC1,0,1.2222222222222223,2.037037037037037,2.8518518518518516,16.489238649310778,9.961716164281292,2.2644945825625697,-2.3149989888970977,2.341302862427053,-2.386536936509773,6.093536205659089,0.0930763038366568
C[C@H](Nc1ncnc2[nH]cnc12)c1nc2ccc(F)cc2c(=O)n1-c1ccccc1,0,1.1,1.9333333333333333,2.7666666666666666,19.142146528256752,10.162988481680909,2.1960590221179195,-2.1975729370130983,2.2336838071698835,-2.271493496596289,5.8204357641016715,0.6286010363217512
CN=C(NC#N)NCCSCc1[nH]cnc1C,0,1.7058823529411764,2.5294117647058822,3.1176470588235294,32.16649129761502,10.386482726080452,2.0008769999408664,-2.0585908483666175,2.108601057447063,-2.351383385383556,7.98054837328817,0.9302640299085372
O=c1[nH]c(=O)c2[nH]cnc2[nH]1,0,1.2727272727272727,2.090909090909091,2.909090909090909,16.15586860498003,10.548925307242198,1.993840963100539,-1.829648197853592,1.9187249989000201,-2.2117344982510136,5.66821845831215,1.0684581423675428
CCCCC/C=C\C/C=C\CCCCCCCC(=O)O,1,0.8,1.35,1.95,16.36513192431608,10.09106507684615,1.9518605401477014,-1.975754283229486,2.0754638506856495,-1.9284058637659962,5.660176444386348,-0.13665293928718314
C=C1C[C@]2(O)OC3(C[C@H]2C(C)C)[C@@H](C)CC[C@@H]13,0,1.411764705882353,2.1176470588235294,2.764705882352941,16.64956384271671,9.76925502964032,2.6601286672864837,-2.4336685752863385,2.6316843975704787,-2.4826053242550685,5.240408685607306,-0.2685045444371531
CNC(=O)c1ccccc1Sc1ccc2c(C=Cc3ccccn3)[nH]nc2c1,0,1.0714285714285714,1.9285714285714286,2.75,32.16658027511424,10.16552017859544,2.1124229856469485,-2.07467264869078,2.3238871389959384,-2.1791803483048784,7.990874601369274,0.09599573597356001
Nc1ncnc2[nH]cnc12,0,1.3,2.2,3.0,15.021487717837116,10.504287595540537,1.9884191760902985,-1.8834759864247645,2.085580947125493,-1.9123590284852021,5.796880483226031,1.206506704048614
Cc1cccc(Cc2c[nH]cn2)c1C,0,1.2857142857142858,2.142857142857143,2.857142857142857,14.85095344049574,10.000337853401248,2.021239237050331,-2.058054207155626,2.1490851648598364,-1.933093766063897,5.347186082665871,1.0769928130575173
O=C(c1ccccc1)c1ccc2[nH]c(NC(=O)c3csc(C4CCN(c5ncnc6ccsc56)CC4)n3)nc2c1,0,0.925,1.775,2.625,32.13464493117702,9.9733978130036,2.2588811719527198,-2.3160126425933587,2.3470008823796538,-2.331464376092574,7.17311568353072,0.10139918713707172
CNC(=O)c1ccc(Nc2ncc(C(F)(F)F)c(NCc3nccnc3N(C)S(C)(=O)=O)n2)cc1,0,1.0857142857142856,1.7428571428571429,2.342857142857143,32.23325742521771,10.168652436174673,2.3515048689503617,-2.1890156663492117,2.341677389453287,-2.2747359107100658,7.91579074858765,-0.1369200976061223
Cn1cnc2c(F)c(Nc3ccc(Br)cc3Cl)c(C(=O)NOCCO)cc21,0,1.4444444444444444,2.2222222222222223,2.925925925925926,79.91873124504126,10.098198549427408,2.2188880771350474,-2.1494033258689216,2.3371333952232036,-2.2592090477996587,9.103011355050906,0.016859255884950363
CC1(C)O[C@@H]2C[C@H]3[C@@H]4C[C@H](F)C5=CC(=O)C=C[C@]5(C)[C@@]4(F)[C@@H](O)C[C@]3(C)[C@]2(C(=O)CO)O1,1,1.21875,1.90625,2.5625,19.1488536422736,9.440299659337022,2.8010642509315766,-2.627462480977658,2.7205039978845975,-2.705963421525483,6.011269774887825,-0.24847014857535707
CCN(CC)C(=O)C1(c2ccccc2)CC1CN,0,1.3333333333333333,1.9444444444444444,2.388888888888889,16.155107933247283,9.910917389885292,2.60500384845368,-2.260345038543628,2.5439251337642363,-2.4044781222902776,5.917558906242568,-0.13354537576444991
NC(=O)NN=Cc1ccc([N+](=O)[O-])o1,0,1.7142857142857142,2.4285714285714284,2.9285714285714284,16.64841886221589,10.477264093807348,2.094172009152844,-1.8757100751576476,2.129641649513433,-2.2379464845999304,5.784353500152298,-0.40172908133333596
NCCC(O)(P(=O)(O)O)P(=O)(O)O,0,1.0769230769230769,1.3846153846153846,1.4615384615384615,31.244090620746853,10.45029068307652,2.580123877142152,-2.279373341816928,2.681816209311461,-2.308984706548776,7.715312861197421,0.12487171850618493
CC(C)c1cc(-c2ccc(F)c3ccccc23)nc(N)n1,0,1.0,1.7142857142857142,2.4285714285714284,19.142174887787487,9.997138739551197,2.115965101269941,-2.1058043212284567,2.301739630491552,-2.021622620567841,5.958068768071539,0.6397439925037732
Nc1nc(N)nc(-c2cc(Cl)ccc2Cl)n1,0,0.9375,1.5625,2.1875,35.49678710760812,10.185392820213684,2.091385937737252,-2.041446252196364,2.2802259483029124,-2.0392403340827006,6.347543686664574,1.0864279071001226
Cc1cc(O)ccc1Cl,0,1.4444444444444444,2.111111111111111,2.5555555555555554,35.495691000404385,10.218600758498638,1.9249807728230284,-1.9498839842361777,2.1865656006076604,-1.714621694580463,6.308719077085812,0.47467162014655573
CCCc1ncc(C[n+]2ccccc2C)c(N)n1,1,1.3333333333333333,2.1666666666666665,2.8333333333333335,14.988071436026523,10.227754898980308,2.1052299065298006,-2.0460322354479152,2.080410602656391,-2.3694652045464615,5.363820213356998,-0.6938027968482933
COC1C(O)CC(=O)OC(C)CC=CC=CC(OC2CCC(N(C)C)C(C)O2)C(C)CC(CC=O)C1OC1OC(C)C(OC2CC(C)(O)C(O)C(C)O2)C(N(C)C)C1O,1,0.864406779661017,1.5593220338983051,2.169491525423729,16.734945508473302,9.820812338394097,2.5155702298150646,-2.497414681311269,2.3717768786130686,-2.653982912620922,5.698635566680172,-0.34362911822912606
Cc1ccnc2c1NC(=O)c1cccnc1N2C1CC1,0,1.2,2.0,2.8,16.14955052219292,10.201193707182512,2.3736053607112586,-2.231660272489432,2.4299470055284274,-2.22211634138211,6.114423212087304,0.10228199869188304
COc1cc(Nc2ncc(F)c(Nc3ccc4c(n3)NC(=O)C(C)(C)O4)n2)cc(OC)c1OC,0,1.0294117647058822,1.7352941176470589,2.3823529411764706,19.142242372779684,10.07928379659925,2.357180530916517,-2.3041796030868387,2.402529366006943,-2.455145639318828,5.989831146885667,-0.12921421827130952
O=C(Oc1ccccc1C(=O)O)c1ccccc1O,1,0.8947368421052632,1.4736842105263157,2.1052631578947367,16.537981488435438,10.159399797828263,2.1668339958697054,-2.0745089000175594,2.218146896056921,-2.111121452440428,5.96341526847984,0.06807976309828928
C=CC(=O)N1CCC(Oc2cc3c(Nc4ccc(Cl)c(Cl)c4F)ncnc3cc2OC)CC1,0,1.2424242424242424,2.0,2.696969696969697,35.49826330419546,10.076011094042482,2.2399610207067853,-2.3144649446195094,2.3722018693811617,-2.4055343743202373,6.4184522356801645,-0.12725604571433036
CCCCOc1c(C(=O)c2c(F)cc(C)cc2F)cnc2[nH]ncc12,1,1.24,1.96,2.64,19.14553180894618,10.003418390747028,2.2467894139116735,-2.1212062175838637,2.3040460675317305,-2.1131758601843114,6.126702076468449,0.10223708041955547
CN1CCN(C2CCN(C(=O)Nc3cc(Oc4ccc(NC(=O)C5(C(=O)Nc6ccc(F)cc6)CC5)c(F)c4)ccn3)CC2)CC1,0,0.8260869565217391,1.5,2.1739130434782608,19.143575324914515,10.024174666114128,2.5631390944295176,-2.41509862587324,2.4741635797243746,-2.529159156821419,6.164954016323935,-0.13069448768188197
CN(C)CCCC1(c2ccc(F)cc2)OCc2cc(C#N)ccc21,0,1.2083333333333333,1.9583333333333333,2.625,19.14214331715539,9.813481569168353,2.4089585720653814,-2.308290620349742,2.451029144890413,-2.283202890529862,5.474587311082876,-0.01395637277142715
NC1CONC1=O,1,2.0,2.7142857142857144,2.857142857142857,16.660294633052715,10.342897792375966,2.1923434891424747,-1.8679076033828657,1.866641327481056,-2.308866725833505,5.813871716662091,-0.12417619298757862
CC(O)(P(=O)(O)O)P(=O)(O)O,0,1.0,1.1818181818181819,1.1818181818181819,31.244088726682875,10.852331877889096,2.5465914322552763,-2.2387996441509523,2.664163089548955,-2.231941953560099,7.714592451672555,0.145847591894269
CN(NC(=O)CC(=O)NN(C)C(=S)c1ccccc1)C(=S)c1ccccc1,0,0.7407407407407407,1.0740740740740742,1.4074074074074074,32.09312102547571,10.198955348620267,2.1580539076919942,-2.2259394790521676,2.042177117237911,-2.4711432318367033,7.8048755843272755,-0.1319230848032134
Cc1cc(OCC(=O)O)cc(C)c1Cc1ccc(O)c(C(C)C)c1,0,1.125,1.75,2.2916666666666665,16.502318502080897,9.926016973169347,2.1100498753217334,-2.1486063400250632,2.2902159571460126,-2.096519688056124,5.681013525420203,-0.1388148440237774
Oc1cc2c(cc1O)C(c1ccccc1)CNCC2,1,1.0,1.736842105263158,2.526315789473684,16.30294153645877,9.876164690868938,2.2133610041079677,-2.1845091537993095,2.3560035197688807,-2.203265564777476,5.4965417917896024,0.40210011281921265
CN1N=C(N)c2cn([C@@H]3O[C@H](CO)[C@@H](O)[C@H]3O)c3ncnc1c23,0,1.3043478260869565,2.0869565217391304,2.782608695652174,16.562468216100672,10.128428933280855,2.440208502091684,-2.1860251270750357,2.364816025287339,-2.3264264889188984,6.134188785172399,-0.05082758576869313
COc1cc2nc(N3CCN(C(=O)C4CCCO4)CC3)nc(N)c2cc1OC,0,1.1428571428571428,1.8571428571428572,2.5,16.50906404406311,10.16570590276906,2.305829401031711,-2.3540614363986787,2.3377167784707553,-2.5143068793284202,5.914371404328868,-0.1407429169580809
CC12CCC(=O)C=C1CCC1C2C(O)CC2(C)C1CCC2(O)C(=O)CO,0,1.2307692307692308,1.9615384615384615,2.6538461538461537,16.315822253576805,9.451053869789416,2.676316190269521,-2.6005637518421514,2.6708390703329856,-2.615899333979761,5.91468480806602,-0.1817984131897997
NCCc1c[nH]c2ccc(O)cc12,0,1.3846153846153846,2.230769230769231,3.0,16.254672743640494,10.11364990577495,2.0218587178086844,-1.9582700895953884,2.2223946673414465,-2.0118191506760903,5.840296182956572,0.47590962528199865
CCCC(NC(=O)C(C#N)=Cc1cccc(Br)n1)c1ccccc1,1,1.2916666666666667,2.0416666666666665,2.6666666666666665,79.9187312604258,10.016278528023708,2.164710203718628,-2.1794322237033037,2.1881321737468964,-2.289925401537311,9.102391830364974,-0.11736132513921965
CCC(=C(c1ccccc1)c1ccc(OCCN(C)C)cc1)c1ccccc1,1,0.7142857142857143,1.25,1.7857142857142858,16.477564073801485,9.880766821803197,2.124939512478345,-2.168105744985228,2.3435768561106096,-2.1889487244379637,5.980852209262774,0.26115057440632317
Cn1nccc1Nc1nccc(-c2ccn([C@H](CO)c3ccc(Cl)c(F)c3)c(=O)c2)n1,0,1.1935483870967742,2.032258064516129,2.7096774193548385,35.495692280187264,10.066053266167245,2.1642144523995066,-2.1841887501770443,2.2337154838347133,-2.2654019351567327,6.3025513832253335,0.2465114629607865
C=CC(C)(C)c1cc(C=CC(=O)c2ccc(O)cc2)c(OC)cc1O,1,1.16,1.8,2.36,16.466313555565343,9.829156234086604,2.2170418163292873,-2.2268607032500882,2.3688090465615477,-2.131961540755494,6.06566980057176,0.10429273531034969
c1ccc(-c2ccc(C(c3ccccc3)n3ccnc3)cc2)cc1,0,0.625,1.2083333333333333,1.8333333333333333,15.049621995873668,9.958169024073447,2.150654882330243,-2.1971427712697755,2.2825645111753534,-2.0992837688149772,5.632764662770086,0.6767158255585994
C=CC(=O)Nc1cccc(Nc2nc(Nc3ccc(OCCOC)cc3)ncc2F)c1,0,1.096774193548387,1.8709677419354838,2.6129032258064515,19.14224005046883,10.241907403504737,2.087921005732814,-2.110918232796974,2.231843754348929,-2.074517006544,5.987114488689114,-0.11143053756160762
Nc1ncnc2c1C(=O)N(c1ccc(C3CCC(CC(=O)O)CC3)cc1)CCO2,0,1.1724137931034482,1.896551724137931,2.586206896551724,16.48689906637072,9.77396106248859,2.289728844097535,-2.2813803823282255,2.375096258949656,-2.3236795312820653,6.101772370085603,-0.1379009024891299
C[C@H]1O[C@@H](O[C@H]2[C@@H](O)C[C@H](O[C@H]3[C@@H](O)C[C@H](O[C@H]4CC[C@@]5(C)[C@H](CC[C@@H]6[C@@H]5C[C@@H](O)[C@]5(C)[C@@H](C7=CC(=O)OC7)CC[C@]65O)C4)O[C@@H]3C)O[C@@H]2C)C[C@H](O)[C@@H]1O,1,0.6909090909090909,1.290909090909091,1.8727272727272728,16.740962470818406,9.422150111309008,2.7056473634492333,-2.646607797995233,2.6967997496497036,-2.6664178792453295,5.850098723713078,-0.3359243965230939
CCS(=O)(=O)N1CCC([C@@H](C)n2c(C)c(C(=O)NCc3c(OC)cc(C)[nH]c3=O)c3ccccc32)CC1,0,1.2162162162162162,1.8918918918918919,2.5405405405405403,32.23338349216563,9.905639935145098,2.3181318438370075,-2.350052153975212,2.3580521628532205,-2.4042198862651034,7.88573843363305,0.09506453907506617
CCC(=O)NCCC1CCc2ccc3c(c21)CCO3,0,1.4210526315789473,2.3157894736842106,3.1578947368421053,16.481801412815127,9.917136951057671,2.2851465741829213,-2.1476749317856885,2.4244903752474936,-2.2392130231889062,5.749085436009871,-0.1202780508427767
Cn1cnc(-c2cc3nccc(Oc4ccc(NC(=S)NC(=O)Cc5ccccc5)cc4F)c3s2)c1,0,1.1111111111111112,1.9444444444444444,2.6944444444444446,32.1335645749477,10.141841218734177,2.144715999242546,-2.117192289870743,2.3880227943138888,-2.3466371573029825,7.801402178833386,-0.11852211180934916
N=c1cc(N2CCCCC2)nc(N)n1O,1,1.3333333333333333,2.0,2.6,16.470907028879566,10.131742642426339,2.1316517527517678,-2.2728988344189376,2.1580321124526334,-2.326372149278347,5.406767137737358,0.1736387803344333
CC(=O)N(CC(O)CO)c1c(I)c(C(=O)NCC(O)CO)c(I)c(C(=O)NCC(O)CO)c1I,0,0.7647058823529411,1.1470588235294117,1.4705882352941178,126.91474121838867,10.058012907466358,2.3175377941064994,-2.2835894734116766,2.378679982736636,-2.4069849702835078,14.115502672019131,-0.11654703116141565
COc1cc(CNC(=O)CCCC/C=C/C(C)C)ccc1O,0,1.3636363636363635,2.1363636363636362,2.8181818181818183,16.474030551965757,10.115388596972062,2.0448518614571958,-2.07905048210059,2.2557199155036494,-2.2178300141619216,5.753358247468132,-0.1208867158873739
CCn1cc(C(=O)O)c(=O)c2cc(F)c(N3CCNCC3)nc21,1,1.434782608695652,2.130434782608696,2.739130434782609,19.142229035134715,10.152364394992752,2.208094295401966,-2.2852476198231098,2.214183127310653,-2.4393686709159756,5.9162110998951905,0.06945564536798939
Nc1ncnc2c1ncn2[C@@H]1O[C@H](CSCCC(N)C(=O)O)[C@@H](O)[C@H]1O,1,1.3461538461538463,2.1153846153846154,2.8461538461538463,32.16649237852973,10.136239839106215,2.43668893716548,-2.160275451720091,2.328667453247703,-2.3286812049783716,7.988324189988471,-0.13805414959591505
O=C(O)CCCCC(CCSCc1ccccc1)SCc1ccccc1,0,0.8461538461538461,1.4615384615384615,2.076923076923077,32.16789803235581,10.115269430866464,2.1031860377359024,-2.1632670192734462,2.2680114437835375,-2.0591706701206935,7.992961137889143,-0.1366532049611567
O=C(C=Cc1ccc(O)c(O)c1C=Cc1ccc(O)c(O)c1)OC(Cc1ccc(O)c(O)c1)C(=O)O,0,0.75,1.3888888888888888,2.0277777777777777,16.559405567410064,10.028384667430032,2.222193423710422,-2.1295909842298,2.3406160841626855,-2.2813448866901065,5.907137439548669,-0.16003770467673584
CC(C)Nc1cccnc1N1CCN(C(=O)c2cc3cc(NS(C)(=O)=O)ccc3[nH]2)CC1,0,1.125,1.875,2.5625,32.23310206726048,10.1921620041026,2.2494326800307336,-2.3579107147597553,2.255698373166796,-2.48884499602548,7.915221322548043,0.074136875598119
OC[C@H](O)c1oc(O)c(O)c1O,0,1.1666666666666667,1.75,2.0833333333333335,16.50431120333396,10.2491758438912,2.2334347348494044,-2.0098774192527813,2.424593112779893,-2.0005381095811607,5.468972093188007,0.071863096247937
N=C(N)NCCCC(NC(=O)C1CCCN1C(=O)C1CSSCCC(=O)NC(Cc2ccc(O)cc2)C(=O)NC(Cc2ccccc2)C(=O)NC(CCC(N)=O)C(=O)NC(CC(N)=O)C(=O)N1)C(=O)NCC(N)=O,0,0.7297297297297297,1.337837837837838,1.972972972972973,33.114608151355384,10.01028876735973,2.4030393224055224,-2.305357395545056,2.2591750810085007,-2.6071382501779,8.762953032444152,-0.14188829288636087
C[C@H]1O[C@H](O[C@H]2[C@H](O)[C@@H](O)[C@@H](O)[C@H](O)[C@@H]2O)[C@@H](N)C[C@@H]1N=C(N)C(=O)O,0,1.0769230769230769,1.5769230769230769,2.076923076923077,16.699156002233902,9.844707450850985,2.504438151665747,-2.446865559914841,2.286701252814678,-2.657353487459926,6.333334566872451,-0.2928209457100655
Cc1cc(C(C)Nc2ccccc2C(=O)O)c2nc(N3CCOCC3)cc(=O)n2c1,0,1.2333333333333334,1.9666666666666666,2.7,16.477613537001584,10.060363056651635,2.1900707658496668,-2.278859060935919,2.26003508808603,-2.373779821193233,5.938028431112623,0.06976001009715907
N=C(N)NCCCCC1NC(=O)CCSSCC(C(N)=O)NC(=O)C2CCCN2C(=O)C(Cc2c[nH]c3ccccc23)NC(=O)C(CC(=O)O)NC(=O)CNC1=O,0,0.9122807017543859,1.6666666666666667,2.4035087719298245,33.11460607370454,10.020233733698566,2.396727372194743,-2.3008034138808435,2.2511104057967124,-2.5874032637124116,8.762937927489164,-0.14311193087693902
O=C(O)CN1C(=O)c2cccc3cccc(c23)C1=O,1,1.0,1.5263157894736843,2.0,16.36765371594808,9.940066682887778,2.3308710624410507,-2.2514309678735747,2.290961192700193,-2.427798061663892,6.254924830452898,-0.13687429864103057
N=C(N)NCCCCN,0,1.4444444444444444,2.111111111111111,2.5555555555555554,15.032615533911935,10.30029065526051,1.8505217149642923,-1.9993340002768598,1.7986681411412406,-2.3059074397926227,5.735675140198063,0.7139787385938661
CN(C)C1C(=O)C(C(N)=O)C(=O)C2(O)C(=O)C3C(=O)c4c(O)cccc4C(C)(O)C3C(O)C12,1,1.0606060606060606,1.6666666666666667,2.212121212121212,16.329662404780695,9.482728226847454,2.7406374947973497,-2.570713966301632,2.5515157310481844,-2.784606458829578,6.321796377700949,-0.21009391264449864
Fc1ccc(C(OCCN2CCN(CCCc3ccccc3)CC2)c2ccc(F)cc2)cc1,1,0.6666666666666666,1.1818181818181819,1.7272727272727273,19.143521973890152,10.01110975356024,2.186851470622132,-2.3453895230141457,2.262844116389486,-2.470734441600185,5.301852223249032,0.04509252337722582
CC(C)(C#N)c1cc(Cn2cncn2)cc(C(C)(C)C#N)c1,0,1.0,1.5454545454545454,1.9545454545454546,15.306903943545349,9.788171231371292,2.2568919747067704,-2.2277119396885117,2.3007225329371144,-2.195209476804785,5.421656420534704,0.6455640918704758
CC1OC(n2cc(F)c(=O)[nH]c2=O)C(O)C1O,0,1.411764705882353,2.0588235294117645,2.588235294117647,19.142226783061325,10.138706231313188,2.413960795478876,-2.16238574873184,2.271040329358771,-2.381042854962,4.932603577487527,-0.035636357871036736
Cc1nccn1CC1CCc2c(c3ccccc3n2C)C1=O,0,1.3181818181818181,2.1363636363636362,2.909090909090909,16.139131939841434,9.846120559578718,2.316456252782679,-2.2264678618926306,2.3383517093696224,-2.26709612451946,6.1080199562634006,0.08876812447322288
CCC(C)(C)C(=O)OC1CC(C)C=C2C=CC(C)C(CCC3CC(O)CC(=O)O3)C21,0,1.2666666666666666,2.0,2.6666666666666665,16.550330117280325,9.649314571837378,2.4282859670952646,-2.437082536233348,2.453039129533253,-2.4288412493156692,5.75703134465553,-0.16557343565424532
COc1ccc(CCCO[C@H](Cn2ccnc2)c2ccc(OC)cc2)cc1,1,0.9259259259259259,1.5925925925925926,2.185185185185185,16.487451653344632,10.087397122123303,2.1297230012385184,-2.191960160610383,2.228754717097758,-2.128071372985685,5.286049310423293,0.03904112515165184
O=S(=O)(c1cccc2cnccc12)N1CCCNCC1,1,1.15,2.05,2.95,32.233426830849176,10.168310661946105,2.259758938757672,-2.2011724379846687,2.248489745111304,-2.3384135987888857,7.889646532838992,0.4323192206392179
Nc1ccc(S(=O)(=O)Nc2ccccn2)cc1,1,1.0588235294117647,1.7647058823529411,2.3529411764705883,32.23327097857934,10.319152055815973,2.1332785353467294,-2.0638795043039813,2.146726257729242,-2.131944229764864,7.923179854151972,0.600815284754759
CCC(C)C(NC(=O)C(Cc1ccc(O)cc1)NC(=O)C(NC(=O)C(CCCN=C(N)N)NC(=O)C(N)CC(=O)O)C(C)C)C(=O)NC(Cc1c[nH]cn1)C(=O)N1CCCC1C(=O)O,1,0.84375,1.453125,2.03125,16.371491155060006,9.95698777169179,2.398779196888918,-2.3098406407751386,2.203651487534918,-2.6150468260812527,5.973658898768687,-0.14914937887489746
C[C@@H]1CN(Cc2ccc(F)cc2)CCN1C(=O)COc1ccc(Cl)cc1NC(N)=O,0,1.2333333333333334,1.9666666666666666,2.6333333333333333,35.49569191001537,10.121902375922637,2.2739461568908403,-2.394878176910413,2.2778296075612214,-2.5421715729460646,6.305732883948938,-0.13749572394661577
CCCCCCC(=O)O[C@H]1CC[C@H]2[C@@H]3CC=C4CC(=O)CC[C@]4(C)[C@H]3CC[C@]12C,0,1.103448275862069,1.9310344827586208,2.7241379310344827,16.54462921138201,9.477928058829837,2.5912892459967263,-2.566749229218969,2.6456934874918763,-2.5090609669666586,5.823199611342508,-0.15911105804809766
CC12CCC3C(CCC4C(=O)C(=O)CCC43C)C1CCC2=O,0,0.8636363636363636,1.6363636363636365,2.409090909090909,16.17418893724606,9.448749168496054,2.6120683318926043,-2.580959404769166,2.641843012611493,-2.558247950776318,6.382926953338204,-0.15827748639585634
CN(C)Cc1c(C(=O)NCCOc2ccc(C(O)=NO)cc2)oc2ccccc12,0,1.1724137931034482,1.896551724137931,2.586206896551724,16.478145387005185,10.106135336212315,2.2006855194318797,-2.1062923078758993,2.2633390884060525,-2.2858902375914574,5.986532079673369,0.0918932958968428
CN(Cc1ccc(C(C)(C)C)cc1)Cc1cccc2ccccc12,1,0.75,1.4166666666666667,2.125,15.081273567924661,9.865297360093892,2.128207760777181,-2.209038252983213,2.231866253896271,-2.1749613726863237,5.8507954646714575,0.31998899876538306
CC(C)Oc1ccc(C(=O)NC(CNC(=O)CN(C)C)Cc2ccc(-c3cn4cccc(C(C)O)c4n3)cc2)cc1Cl,0,1.0952380952380953,1.8333333333333333,2.4761904761904763,35.49569279851928,10.022942559732465,2.1816283375444763,-2.207527400858033,2.2689830142198364,-2.4611734432582177,6.319999701572069,-0.12130142159248551
C=CCn1c(=O)c2cnc(Nc3ccc(N4CCN(C)CC4)cc3)nc2n1-c1cccc(C(C)(C)O)n1,1,1.0810810810810811,1.8108108108108107,2.4864864864864864,16.282295560445867,10.052517932016997,2.2163742669885353,-2.3364054170460276,2.233567344943608,-2.4398079206687777,5.767394878744452,0.07376452852541919
COc1ccc(-c2cc(=O)c3c(O)c(OC)c(O)cc3o2)cc1OC,0,0.92,1.64,2.28,16.508670361948425,10.093321617428142,2.1857509957597263,-2.109262855192007,2.4137951323385196,-2.0176737615862894,5.890907736990648,0.3461469731902719
CC(C)(c1ccc(OCC(O)CO)cc1)c1ccc(OCC(O)CCl)cc1,0,0.8148148148148148,1.2222222222222223,1.5925925925925926,35.495663966402105,9.779988727458935,2.228533271031976,-2.2636290036838735,2.329443819228862,-2.2137248671534704,6.17758879702022,0.053581606893818634
Cc1nnc(C(=O)NC(C)(C)c2nc(C(=O)NCc3ccc(F)cc3)c(O)c(=O)n2C)o1,0,1.1875,1.84375,2.4375,19.142147217715454,10.033235626043972,2.3226313426593457,-2.268170706728486,2.203151516599378,-2.456676512170898,5.943890459195006,0.08689279003174621
C=CC1=C(C(=O)O)N2C(=O)C(NC(=O)C(=NO)c3csc(N)n3)C2SC1,0,1.5384615384615385,2.269230769230769,2.8076923076923075,32.16668034791747,10.021314728249052,2.5375590223954667,-2.48728572028968,2.4004316473879506,-2.705757557810578,7.998462197711967,-0.14970478216710556
Nc1cccc(C=CC(=O)NCc2cc3cc(-c4ccc(C(=O)N5CCC(F)(F)CC5)cc4)cc(-c4ccc(F)cc4)c3o2)n1,0,0.9333333333333333,1.6444444444444444,2.3555555555555556,19.285220735462893,9.956837115948634,2.353286469453725,-2.3135957889072727,2.36333344783241,-2.422184771907655,5.980650975732994,-0.11621160414968051
C[N+]1(C)CCC(=C(c2ccccc2)c2ccccc2)CC1,0,0.7142857142857143,1.1428571428571428,1.5714285714285714,15.303592072259988,9.878856862478592,2.242816067298062,-2.3530670877029842,2.3251140989750074,-2.439996599086434,5.81723352552837,-0.8924332602404778
COc1cc(C(=O)NC2CCCNC2)cc(OC)c1OC,1,1.1904761904761905,1.8571428571428572,2.3333333333333335,16.53000563690053,10.067263519711636,2.1980749405390765,-2.237184302285831,2.3766027856016283,-2.451255877829785,5.954305463709818,0.09295730496143631
CCCCC1=NC2(CCCC2)C(=O)N1Cc1ccc(-c2ccccc2-c2nn[nH]n2)cc1,1,1.03125,1.78125,2.46875,16.157712362225194,9.969070437636336,2.4872595788673966,-2.225291677821261,2.39883795986979,-2.401716238923816,6.079012969489589,-0.1309877629112448
CCS(=O)(=O)N1CC(CC#N)(n2cc(-c3ncnc4[nH]ccc34)cn2)C1,1,1.3846153846153846,2.1923076923076925,2.923076923076923,32.23338340620106,9.890856889986578,2.4928160588266937,-2.4733530764308624,2.3530661360249994,-2.6388734674743675,7.886258880460877,0.07187874944143274
Cc1cc2nc3c(=O)[nH]c(=O)nc-3n(C[C@H](O)[C@H](O)[C@H](O)COP(=O)(O)OP(=O)(O)OC[C@H]3O[C@@H](n4cnc5c(N)ncnc54)[C@H](O)[C@@H]3O)c2cc1C,0,0.9811320754716981,1.679245283018868,2.4150943396226414,31.27037323156488,10.063574696002785,2.461844280741385,-2.2600606311435056,2.6030131043834204,-2.4234760048813784,7.607559035557976,-0.07941141806851398
Clc1ccc(CCC(Cn2ccnc2)Sc2c(Cl)cccc2Cl)cc1,0,1.0,1.72,2.36,35.49791512927787,10.085811830850629,2.158444024131667,-2.1856098569144935,2.3775300862707756,-2.1307789594226394,7.997277907014893,0.6237718354741212
COc1ccc(-n2nc(C(N)=O)c3c2C(=O)N(c2ccc(N4CCCCC4=O)cc2)CC3)cc1,1,0.8823529411764706,1.5294117647058822,2.1470588235294117,16.465335972448393,10.018143051268495,2.3432667529445963,-2.29426341646131,2.3061964202344827,-2.389374567094676,6.09331030804944,-0.11906101978223893
CCN1CCN(Cc2ccc(Nc3ncc(F)c(-c4cc(F)c5nc(C)n(C(C)C)c5c4)n3)nc2)CC1,1,0.9459459459459459,1.7027027027027026,2.3783783783783785,19.143631031979865,10.101923311719464,2.1885472176791465,-2.3345786519725733,2.3008382762619353,-2.450945619409445,5.827050335609379,0.13160514871974813
Clc1ccc(CO/N=C(\Cn2ccnc2)c2ccc(Cl)cc2Cl)c(Cl)c1,1,1.0,1.7307692307692308,2.3846153846153846,35.499021193810464,10.112962999859763,2.1133464494374965,-2.104092215084898,2.237161115372545,-2.116964601238107,6.367612223039829,0.12971978056943995
CC(C)(CO)C(O)C(=O)NCCC(=O)NCCSSCCNC(=O)CCNC(=O)C(O)C(C)(C)CO,0,0.6388888888888888,0.9722222222222222,1.2777777777777777,33.1146031695996,9.868572455657125,2.3316039713498755,-2.265653094751811,2.2045092695279553,-2.4585601867405615,8.762818573030309,-0.13743978934085446
CC(C)n1cnc2c(NCc3ccccc3)nc(NCCCO)nc21,0,1.12,1.92,2.64,16.250037037617894,10.202223089191472,2.142660412332663,-2.1167151037711593,2.233679829769725,-2.106563325855336,5.839554845644597,0.2922930149633421
C[C@H](CCC(=O)NCC(=O)O)[C@H]1CC[C@H]2[C@@H]3[C@H](O)C[C@@H]4C[C@H](O)CC[C@]4(C)[C@H]3C[C@H](O)[C@]12C,0,1.0303030303030303,1.7575757575757576,2.4545454545454546,16.366928994500988,9.427696629904009,2.6520087541556436,-2.632136275495198,2.679276010429553,-2.619643416713056,5.805062885402798,-0.20654610750407212
CC(=O)OCC(CCn1cnc2cnc(N)nc21)COC(C)=O,1,1.2173913043478262,1.8695652173913044,2.4782608695652173,16.54499570329629,10.08698490549093,2.142665921099237,-2.162545271602614,2.1337961428117427,-2.2078124241258332,5.70079091637339,-0.1459109771276817
COc1ccc2c(c1)c(CC(=O)O)c(C)n2C(=O)c1ccc(Cl)cc1,0,1.16,1.84,2.44,35.495691619005754,10.081298123551779,2.2128100248176197,-2.076582841850057,2.303751547221304,-2.1369589852281314,6.302418758689133,-0.13572943540045002
O=C(NC(CO)C(O)c1ccc([N+](=O)[O-])cc1)C(Cl)Cl,1,1.35,1.9,2.3,35.5391685283398,10.022917884622352,2.24358156331895,-2.22313853758828,2.2031486267989813,-2.435885090624682,6.530354842931759,-0.3844532808687233
N=C1NC2(c3cc(NC(=O)c4ccc(F)cn4)ccc3F)COCC2CS1,0,1.3703703703703705,2.2222222222222223,3.0,32.16657910643813,9.805148333220048,2.4964046937361206,-2.394724236123022,2.423017340428291,-2.5422525932537443,8.133069516202402,0.10173457120942336
O=C(O)C1O[C@@H](OC2[C@H](O)C(NS(=O)(=O)O)C(O)O[C@@H]2COS(=O)(=O)O)C(OS(=O)(=O)O)[C@@H](O)C1O,0,0.8333333333333334,1.4166666666666667,1.8888888888888888,32.25376065085695,9.958300216066583,2.5419452634344797,-2.4572791555894464,2.308557532708027,-2.67474462934489,7.833776023818024,-0.3357858747284921
Nc1nc(N)nc(NC2CC2)n1,0,1.0833333333333333,1.6666666666666667,2.1666666666666665,15.226601669302465,10.667436859545088,2.216024642636392,-2.0193608907674885,2.2243723291724717,-2.0983124822649923,5.380420333072525,1.0199439748460233
Nc1ccc(C(=O)NCC(=O)O)cc1,0,1.2857142857142858,1.8571428571428572,2.357142857142857,16.366689772601244,10.171520083309831,2.0523798613237703,-2.0146140085158937,2.041468156371326,-2.2861598186504786,5.954839530460568,-0.1353271622769113
COc1cc(OC)cc(N(CCNC(C)C)c2ccc3ncc(-c4cnn(C)c4)nc3c2)c1,0,0.9696969696969697,1.7272727272727273,2.3636363636363638,16.475678737979912,10.154544173868183,2.1446627568414853,-2.2659824824527215,2.3353566600678115,-2.322225575379765,5.823627336776421,0.394209821931083
O=P1(N(CCCl)CCCl)NCCCO1,0,1.3571428571428572,2.0,2.4285714285714284,35.496753390539794,10.47255486891283,2.3228825756467355,-2.3252888840554222,2.4748760484972037,-2.3541850330031253,7.539263117101805,0.23264802636229714
OCc1cc(C(O)CNCCCCCCOCCCCc2ccccc2)ccc1O,0,0.8666666666666667,1.6,2.3666666666666667,16.472941983233675,10.052399734044165,2.093776288857767,-2.13535200376906,2.2175264254953944,-2.222062693558554,5.3613306430556005,0.1259733181188212
CCC1OC(=O)CC(O)C(C)C(OC2OC(C)C(OC3CC(C)(O)C(O)C(C)O3)C(N(C)C)C2O)C(CC=O)CC(C)C(=O)C=CC(C)=CC1COC1OC(C)C(O)C(OC)C1OC,0,0.859375,1.515625,2.109375,16.73538876853416,9.79427689850285,2.5155729482864557,-2.496909753932593,2.37389412001493,-2.6511765108402674,5.914137644990718,-0.34149423178159155
Oc1c(Cl)cc(Cl)c(Cl)c1Cc1c(O)c(Cl)cc(Cl)c1Cl,1,0.6190476190476191,0.9523809523809523,1.2857142857142858,35.50223981172996,10.024990941148781,2.2048665944333856,-2.138208342674812,2.4404272052358724,-1.9490614038511327,6.4492139409824,0.4630705568014602
NC(=O)C(CCC(F)(F)F)N(Cc1ccc(-c2ncon2)cc1F)S(=O)(=O)c1ccc(Cl)cc1,1,1.1764705882352942,1.8529411764705883,2.3823529411764706,35.49569257127167,10.080518285004372,2.3828835699641484,-2.2923907609957723,2.293307873335896,-2.4757004523454764,7.887632524329483,-0.13979092124879744
COc1ccc(C(Cl)=C(c2ccc(OC)cc2)c2ccc(OC)cc2)cc1,0,0.5185185185185185,0.8148148148148148,1.1111111111111112,35.49570539891629,9.949214635452066,2.131565597512238,-2.138163425740941,2.3612714056112756,-1.9325278457186879,6.529471230094413,0.41436166943351393
CC1=C(CC(=O)O)c2cc(F)ccc2C1=Cc1ccc([S+](C)[O-])cc1,0,1.2,1.88,2.48,32.22773724507598,10.003987100124625,2.2512550073173565,-2.0603083676850553,2.4332117145055583,-1.9673024143546003,7.902971451746673,-0.13528900879055578
Nc1nc(NC2CC2)c2ncn(C3C=CC(CO)C3)c2n1,0,1.3333333333333333,2.1904761904761907,2.9047619047619047,16.251019687994113,10.10401050220746,2.2567356376180854,-2.1276903641210527,2.3225435841429527,-2.0998531664929465,5.841249213414534,0.24441428155493922
COc1ncc(-c2ccc3nccc(-c4ccnnc4)c3c2)cc1NS(=O)(=O)c1ccc(F)cc1F,1,0.8333333333333334,1.6944444444444444,2.4444444444444446,32.23327323452505,9.987386772867701,2.2210082136948435,-2.1362842520807206,2.337860678232307,-2.15468273054845,7.923499937475311,0.4000056477124411
CC(C)NCC(C(=O)N1CCN(c2ncnc3c2C(C)CC3O)CC1)c1ccc(Cl)cc1,1,1.1875,1.875,2.53125,35.49569198501045,9.963222625088653,2.3457807696588486,-2.3771207870721587,2.423809410717353,-2.5121642623917717,6.301079671120201,-0.13263107849517805
CC(=O)O[C@H]1C[C@@]2(C)[C@@H](C[C@@H](O)[C@H]3[C@@]4(C)CC[C@@H](O)[C@@H](C)[C@@H]4CC[C@@]32C)/C1=C(\CCC=C(C)C)C(=O)O,0,1.027027027027027,1.7027027027027026,2.2972972972972974,16.543093490641738,9.362198282761225,2.7039596027107184,-2.685230059007929,2.740444891510643,-2.652195773303507,5.879495477724018,-0.23370591283377554
COc1cc(NS(=O)(=O)c2ccc(N)cc2)nc(OC)n1,0,1.0952380952380953,1.7619047619047619,2.3333333333333335,32.23327134571251,10.319156980431103,2.160691079936772,-2.092404593885647,2.204269308299347,-2.1425602760217433,7.923192778864802,0.35274961297160057
S=c1[nH]cnc2[nH]cnc12,0,1.2,2.0,2.8,32.091993561393764,10.5664811745807,1.9459709360444606,-1.8355390078457372,2.022686723954043,-1.7954936998440996,7.712466015113678,1.1848651919752007
CCN(CC)C(=S)SSC(=S)N(CC)CC,1,0.75,1.0,1.1875,33.115853891273524,10.574974915465221,2.1067324860440153,-2.2299536354782075,2.275962227342934,-2.2798855135346545,8.891245892102615,0.48171761993998974
COc1ccc2cc(CCC(C)=O)ccc2c1,0,1.1176470588235294,1.8235294117647058,2.5294117647058822,16.465282913051965,10.027283269482874,2.001086733915016,-2.046977280384353,2.2181661842940312,-1.9340877682121196,5.843773268045951,-0.11648374224823009
CC(C)(C(=O)NCC(F)(F)C(F)(F)F)C(=O)NC1C(=O)Nc2ccccc2-c2ccccc21,1,0.9090909090909091,1.4848484848484849,2.121212121212121,19.42859167651259,9.889996213593701,2.5742900801075947,-2.272775314030049,2.376439240507161,-2.5356838393922496,6.082158118345309,-0.2783873880233678
COc1ccc(-c2oc3c(CC=C(C)C)c(OC4OC(CO)C(O)C(O)C4O)cc(O)c3c(=O)c2OC2OC(C)C(O)C(O)C2O)cc1,0,0.875,1.5,2.1041666666666665,16.71308714684626,9.986923187895902,2.4579719822124857,-2.393897621121431,2.4138678953077637,-2.5961695701317264,5.910264763637973,-0.2771501354099503
C=c1c(C(=O)N2CCN(C)CC2)c(C)[nH]c1=Cc1c(O)[nH]c2ccc(S(=O)(=O)N(C)c3cccc(Cl)c3)cc12,0,1.1282051282051282,1.8461538461538463,2.5384615384615383,35.49569275268437,10.1143656111884,2.248819947574749,-2.319873456394094,2.3154812713328687,-2.4787341916206187,7.924073963090819,0.06622066153708801
Nc1nc(Cl)nc2c1ncn2C1CC(O)C(CO)O1,1,1.5263157894736843,2.3157894736842106,3.0,35.49570153344627,10.170033108718654,2.349419178908287,-2.130992407937083,2.3109260216208063,-2.239304334001441,6.2830882173446305,-0.043175531741141124
CC(Cc1ccc(O)c(O)c1)(NN)C(=O)O,0,1.4375,2.0625,2.5,16.370064199206343,9.933286033826533,2.3155593028105,-2.2324600513777177,2.261455136664416,-2.5415107259828855,5.782088526832792,-0.14369578994697915
CCN(CC)CCOC(=O)c1ccc(N)cc1,0,1.2352941176470589,1.8235294117647058,2.3529411764705883,16.533377793210153,10.18805606638751,2.067495696595523,-2.1693002539530046,2.062721063302171,-2.2743294727795336,5.892304937581539,0.04662528586388502
C=CCc1cc(OC)c(O)c(C(=O)NCCO)c1,1,1.5555555555555556,2.2777777777777777,2.8333333333333335,16.47422265861873,10.053013391991925,2.1583647706790257,-2.1105579932937313,2.312254882271413,-2.261519003279008,5.9746978092448115,0.09410925547997899
CN(CC(=O)O)C(=N)NP(=O)(O)O,0,1.6153846153846154,2.076923076923077,2.3846153846153846,31.19689833156299,10.574245788099432,2.1739388665025015,-2.181247070036517,2.272317707117746,-2.3866929554237166,7.498860362952298,-0.13671338220012655
CCOC(=O)C(C)(C)Oc1ccc(Cl)cc1,0,1.3125,1.875,2.375,35.495691146984655,10.122239536617045,2.309289817195462,-2.234889944284977,2.2110047812167637,-2.392323801572008,6.301086744598014,-0.15824046615266985
Cc1cc(C)nc(NS(=O)(=O)c2ccc(N)cc2)n1,0,1.0526315789473684,1.5789473684210527,2.1052631578947367,32.23327120388008,10.31915504623714,2.1518565144207775,-2.0760068694502976,2.1488997107494394,-2.1529894216581105,7.923076151284605,0.6005316204203337
OCCOCCN1CCN(C2=Nc3ccccc3Sc3ccccc32)CC1,0,0.9259259259259259,1.6666666666666667,2.4814814814814814,32.16658073392475,10.136490142818898,2.2445073524136996,-2.362369747053702,2.399768578817411,-2.4926342549127374,7.992389000955716,0.06520559485885373
C[Se]CCC(N)C(=O)O,1,1.8888888888888888,2.4444444444444446,2.7777777777777777,,,,,,,,
O=C(OC1Cc2c(O)cc(O)cc2OC1c1cc(O)c(O)c(O)c1)c1cc(O)c(O)c(O)c1,0,0.7575757575757576,1.303030303030303,1.878787878787879,16.57570635591574,9.929766073926565,2.370722557499155,-2.3366530137592907,2.455861733319205,-2.344048660671312,5.908959727526184,-0.018899619920689475
CCCCN1CCCCC1C(=O)Nc1c(C)cccc1C,0,1.2857142857142858,2.0,2.6666666666666665,16.151220403484235,9.999267213554528,2.2803411780662626,-2.344092124979458,2.228077099288143,-2.470556617424073,5.957482551450279,-0.12202125960671543
N=c1cc(N2CCCCC2)nc(N)n1OS(=O)(=O)O,0,1.368421052631579,2.0,2.526315789473684,32.251834676082346,10.131741975243978,2.163251335151982,-2.2747523493268593,2.161436236720452,-2.362078917287066,7.806239473492435,0.2284193839388492
c1ccc2c(c1)sc1ccccc12,0,0.6153846153846154,1.0769230769230769,1.6153846153846154,32.13350339234886,10.151961491516449,2.007019699699646,-1.8763178398163358,2.3229438265321907,-1.6247455609021635,7.253646258891632,1.8404019631878843
CCCCCCCCCCCCCCCc1cccc(O)c1C(=O)O,1,0.8,1.28,1.76,16.367775258081043,9.990883512235238,2.1370231070291594,-2.0755560638236275,2.226806104608892,-2.0260897404230445,5.92014554398179,0.0692162045697953
CN1CCN(C2=Nc3ccccc3Oc3ccc(Cl)cc32)CC1,0,1.0,1.7826086956521738,2.608695652173913,35.495691511775135,10.12440053594552,2.2466365157050903,-2.3424950099473265,2.3837494129394483,-2.469384181992194,6.307348917902344,0.21549172263487112
CCc1oc2ccccc2c1C(=O)c1cc(Br)c(O)c(Br)c1,0,1.1818181818181819,1.8181818181818181,2.4545454545454546,79.9197637359109,9.991271215148295,2.218035727761317,-2.0567157430085072,2.352916838597116,-2.0341636748029455,9.108922616678193,0.10334042389568526
O=C(Cc1cccc(OC(F)(F)F)c1)Nc1ccc(CCCCc2nnc(NC(=O)Cc3ccccn3)s2)nn1,0,0.825,1.65,2.4,32.1335852074713,10.124468081501494,2.306785637315408,-2.0978908264015566,2.234479296145096,-2.17835976444853,7.149227163526315,-0.2742066309973179
O=C(O)c1ccccc1,0,1.2222222222222223,1.7777777777777777,2.111111111111111,16.36552806487446,10.215857796790889,1.9607739027535762,-1.8765596977532852,1.9553829899343627,-1.9306285909556469,5.868348678084366,0.06966674059501016
COC(=O)C(c1ccccc1Cl)N1CCc2sccc2C1,0,1.380952380952381,2.1904761904761907,2.9523809523809526,35.49569196527307,10.009821781167874,2.322011758442772,-2.329548091904755,2.3335742237460466,-2.3788598189166463,7.096507917197294,-0.14734062810115675
COC(=O)NC(C(=O)NC(Cc1ccccc1)C(O)CN(Cc1ccc(-c2ccccn2)cc1)NC(=O)C(NC(=O)OC)C(C)(C)C)C(C)(C)C,0,0.7254901960784313,1.2745098039215685,1.7843137254901962,16.542025967547694,9.854452031883545,2.3703957025559466,-2.354217090714032,2.2251686069751258,-2.604670162849697,5.868022150413399,-0.13219021897374947
CC(Cc1cc2c(c(C(N)=O)c1)N(CCCO)CC2)NCCOc1ccccc1OCC(F)(F)F,0,1.2285714285714286,1.9428571428571428,2.6,19.41333480236922,9.97813301002576,2.2879327696337817,-2.2191536601517035,2.3343350605078026,-2.317646278446377,5.998419236264851,-0.1532107523720673
C=c1c(O)c(O)cc2c1=CC=C1C2(C)CCC2(C)C3CC(C)(C(=O)O)CCC3(C)CCC12C,1,0.9696969696969697,1.6363636363636365,2.303030303030303,16.368124793067338,9.3451777249836,2.6640235948179587,-2.692148988431007,2.736666860073093,-2.627191631837171,5.7405952070979165,-0.17662684175913304
CC(C)CC(N)=O,0,1.7142857142857142,2.142857142857143,2.142857142857143,16.146061703046865,10.13309130800109,1.9564270866378621,-1.9497090142602231,1.9487303072380433,-2.1216276348801304,5.733287561447523,-0.11818193216885398
Clc1ccc(Cn2c(CN3CCCC3)nc3ccccc32)cc1,0,0.9130434782608695,1.6521739130434783,2.4347826086956523,35.495691492430936,10.187687110713156,2.168368561627,-2.1579922550993795,2.2099990939660263,-2.2108501203488236,6.300854620958564,0.317958087261721
Cc1c(C(=O)NN2CCCCC2)nn(-c2ccc(Cl)cc2Cl)c1-c1ccc(Cl)cc1,0,0.9666666666666667,1.6333333333333333,2.3,35.4979122511285,10.061989106760636,2.244214863916635,-2.259727562236057,2.3283578610428077,-2.4487536868933852,6.353995840774047,0.07434196406320125
NC(=O)CCC(N)C(=O)O,0,1.5,2.0,2.3,16.367581214084748,10.152845695696163,2.1081748075498075,-2.0143687725474746,1.9188110952607909,-2.308481860566726,5.76468243077236,-0.13825269896238418
Cc1ccc2c(c1)c1c(n2CCc2ccc(C)nc2)CCN(C)C1,0,1.125,2.0,2.7916666666666665,15.11530574881828,10.037030382719415,2.216649636231439,-2.2394041900109847,2.3113058121922,-2.270471189629111,5.861609590586383,0.3089935048048894
CC1(C)[C@@H](O)CC[C@]2(C)C3C(=O)C=C4C5C[C@@](C)(C(=O)O)CC[C@]5(C)CC[C@@]4(C)[C@]3(C)CC[C@@H]12,0,0.9117647058823529,1.5588235294117647,2.2058823529411766,16.36804612542369,9.331854518453923,2.6976542395412357,-2.700768595621281,2.7462277687644585,-2.6620357909943895,5.954079834618379,-0.20203051922523682
CC(c1ncncc1F)C(O)(Cn1cncn1)c1ccc(F)cc1F,0,1.16,1.96,2.6,19.146385322226436,9.794073647557163,2.413050109726937,-2.341066487720579,2.3900653539921985,-2.3855301633246766,5.295903905636158,-0.013344755015744643
O=c1c(CC[S+]([O-])c2ccccc2)c(O)n(-c2ccccc2)n1-c1ccccc1,1,0.7586206896551724,1.2413793103448276,1.793103448275862,32.227863849722944,10.235239680125623,2.232108534904671,-2.1203947006143253,2.240018298895392,-2.222349289989401,7.909967251764882,0.42074859191144914
COc1cc2ncnc(Nc3ccc(F)c(Cl)c3)c2cc1OCCCN1CCOCC1,0,1.1612903225806452,2.0,2.774193548387097,35.49569229483888,10.166031380125924,2.1353326050236996,-2.2594950029888894,2.3476415791463596,-2.3678879979899254,6.305763331636623,0.03573269284130731
C=C(c1ccc(C(=O)O)cc1)c1cc2c(cc1C)C(C)(C)CCC2(C)C,0,0.9230769230769231,1.3846153846153846,1.8846153846153846,16.365554568042374,9.62100973680221,2.370580798192891,-2.4217043090472514,2.4688120005848733,-2.3369925659086817,5.886313456046046,0.0696621589592448
NC1CCCCN(c2c(F)cc3c(=O)c(C(=O)O)cn(C4CC4)c3c2Cl)C1,0,1.2962962962962963,2.037037037037037,2.7037037037037037,35.49569222909462,10.08657483785478,2.3038732114526916,-2.2726907158385066,2.4194543179204797,-2.3622308409058292,6.376012480517053,0.06945458449481169
C#Cc1cccc(Nc2ncnc3cc4c(cc23)OCCOCCOCCO4)c1,0,0.8620689655172413,1.5862068965517242,2.3448275862068964,16.5679150078581,10.152743599319914,2.131901005416735,-2.1639382025391902,2.3472381135336184,-2.1543519024297244,5.9263566135335894,0.022372020897572217
CS(=O)(=O)Nc1ccc([N+](=O)[O-])cc1OC1CCCCC1,1,1.2857142857142858,1.9523809523809523,2.5238095238095237,32.233101229976995,9.975914924527439,2.196600017267966,-2.237797114460066,2.3272388907123576,-2.2059431718829248,7.915299688880933,-0.384488823976344
CCCCCCCCCCCC(CC1OC(=O)C1CCCCCC)OC(=O)C(CC(C)C)NC=O,0,0.9428571428571428,1.5142857142857142,2.057142857142857,16.576144087169972,9.862289799827664,2.4300102002422053,-2.3706407748565246,2.324493373390872,-2.4764857588000244,5.789443828430005,-0.1901047686606177
CCN1CCN(Cc2ccc(-c3cc4c(NC(C)c5ccccc5)ncnc4[nH]3)cc2)CC1,0,0.9393939393939394,1.6666666666666667,2.393939393939394,15.25146937938864,10.080115506819768,2.158818007997531,-2.335491907808983,2.288048857294684,-2.4507689734343847,5.911424925042948,0.1316947746301016
O=c1cc(-c2cccc3c2Sc2ccccc2S3)oc(N2CCOCC2)c1,1,0.8518518518518519,1.5925925925925926,2.4074074074074074,32.17180713049996,10.138281151013393,2.220637218244947,-2.272316346939188,2.5106544912287814,-2.3614050103670734,8.048011585625952,0.12037248560464832
NC(=O)OCC(COC(N)=O)c1ccccc1,0,1.0,1.4705882352941178,1.8823529411764706,16.557261049178265,10.011475129027058,2.1466259072878406,-2.1565820905001614,2.1591006749613153,-2.2327538849802284,5.6477551872646155,0.11561772696715968
NC(=O)c1ccc(-c2nc(-c3ccc4c(c3)OCO4)c(-c3ccccn3)[nH]2)cc1,0,0.9655172413793104,1.7586206896551724,2.5172413793103448,16.696722031698716,10.078226139928804,2.196455263838388,-2.0339599828363903,2.3845498404124705,-2.0979375201678345,5.928745785714644,0.10000245826609401
CC1(C)SC2C(NC(=O)C(N)c3ccc(O)cc3)C(=O)N2C1C(=O)O,0,1.32,1.92,2.48,32.16690631043884,9.95436060678069,2.63767902040184,-2.433848204110658,2.5030897645643893,-2.706287543726395,8.013148748605685,-0.16071019054569705
CN1CCN2c3ccccc3Cc3ccccc3C2C1,0,0.9,1.65,2.55,15.276961301209527,9.960272617577717,2.3118516474668294,-2.4139247742086796,2.3812749732253993,-2.4646248825995722,5.602512715597482,0.26905971694672204
CC12CCC3c4ccc(O)cc4CCC3C1CCC2=O,0,1.2,2.05,2.9,16.254715389595628,9.554594378469579,2.539261579747414,-2.4784042483954063,2.5905502574000887,-2.4196326436660303,5.867884424316867,-0.1288619265678505
CCCCCC(O)C=CC1C(O)CC(=O)C1CCCCCCC(=O)O,0,1.2,1.92,2.6,16.365285965829873,9.88091094786584,2.3886944880948553,-2.1768627170073973,2.3405230558697374,-2.1894128295344557,5.842108389661377,-0.136698980547611
CC#CC1(O)CCC2C3=C(C4=C(CC3)CC(=O)CC4)C(c3ccc(N(C)C)cc3)CC21C,0,1.09375,1.84375,2.53125,16.285986247041468,9.54190429777733,2.6023026783945467,-2.50314850327915,2.6476169403761887,-2.47925398039858,5.8349430614178575,-0.1183132571212762
Oc1c2c(c(O)n1CCCCN1CCN(c3nsc4ccccc34)CC1)CCCC2,0,0.8666666666666667,1.5333333333333334,2.2666666666666666,32.137095122769225,9.950738658427746,2.2420390076219103,-2.3466075001783495,2.383937916739502,-2.463728828509043,7.1331163866434615,0.24921712526939033
CC1OC(OC2C(O)C(OCCc3ccc(O)c(O)c3)OC(CO)C2OC(=O)C=Cc2ccc(O)c(O)c2)C(O)C(O)C1O,0,0.8181818181818182,1.5,2.159090909090909,16.741986330516944,9.966258469058648,2.5182352252250717,-2.46106248682423,2.318783170882529,-2.6456706132640853,5.869662044408019,-0.35704591628720356
CC12CCC3c4ccc(OC(=O)c5ccccc5)cc4CCC3C1CCC2O,0,1.0714285714285714,1.8928571428571428,2.7142857142857144,16.535907256544316,9.552092999293587,2.538413530596757,-2.496825022577265,2.604357902163031,-2.4343965126761944,5.905077835277313,-0.02257424205531081
c1cn2cc(-c3ccc4c[nH]nc4c3)nc(Nc3ccc(N4CCOCC4)cc3)c2n1,0,1.032258064516129,1.903225806451613,2.774193548387097,16.477491649803184,10.112810675799782,2.127826533700848,-2.2848225092945977,2.271930479257895,-2.35607845291162,5.83553687411305,0.12246556696961389
O=C1Nc2ccccc2C1=O,0,1.0909090909090908,1.8181818181818181,2.5454545454545454,16.183418900071057,10.145147645987793,2.26035518203972,-1.9108030878645417,2.206401543673708,-2.1180437467746107,6.511467561360581,-0.11164733845074408
CC(C)[N+]1(C)C2CCC1CC(OC(=O)C(CO)c1ccccc1)C2,0,1.2083333333333333,1.7916666666666667,2.2916666666666665,16.545114993530245,9.938015222229415,2.5340030010133074,-2.4931128304754706,2.4365138330205625,-2.61980214723292,5.780607936548718,-0.9676485515515065
CC1C(=O)O[C@@H]2OC3(C)CC[C@H]4[C@H](C)CC[C@@H]1[C@@]24OO3,0,1.1,1.9,2.7,17.25555339863509,9.58141444568434,2.694950758302626,-2.5732623739556395,2.5914221078273796,-2.6920382755692165,5.736473155048342,-0.5588470586756289
CCN(CC)CC(=O)Oc1ccc(NC(C)=O)cc1,0,1.1578947368421053,1.736842105263158,2.210526315789474,16.536665425528057,10.273341053136514,2.090577768084266,-2.1605971534306856,2.1536852580005394,-2.3140944656966784,5.882392757166628,-0.13514592081603466
CC(C)(C)c1ccc(S(=O)(=O)NCc2ccc(C(=O)Nc3cccnc3)cc2)cc1,0,0.9666666666666667,1.6333333333333333,2.2,32.23327163360194,9.872269828712417,2.172056329646485,-2.187513566281895,2.2306071403441914,-2.2322911814698236,7.890820558404237,0.10219856522960326
Cc1ccc(Cl)c(Nc2ccccc2C(=O)O)c1Cl,0,1.1578947368421053,1.8421052631578947,2.526315789473684,35.49683578525336,10.131410718552107,2.13003767484639,-2.1343428183465725,2.353362352777566,-2.0281357530062754,6.393631471700278,0.06977590579857482
CCCCCCOC(=O)N=C(N)c1ccc(NCc2nc3cc(C(=O)N(CCC(=O)OCC)c4ccccn4)ccc3n2C)cc1,0,0.9782608695652174,1.7608695652173914,2.4782608695652173,16.54645005499532,10.137591216097011,2.2130625257309116,-2.2112606630034395,2.2133074877057215,-2.335715672321691,6.070838033813652,-0.14234235746851273
OCCN1CC(O)C(O)C(O)C1CO,0,1.0714285714285714,1.7142857142857142,2.2142857142857144,16.365851375294806,9.942030057361169,2.399759566513942,-2.4228807292449015,2.176043203261967,-2.6237929703890117,4.93367117797437,-0.1459896239207916
CNS(=O)(=O)CCc1ccc2[nH]cc(C3CCN(C)CC3)c2c1,0,1.3043478260869565,2.0434782608695654,2.739130434782609,32.233226590913866,9.887952519812771,2.2077609727809273,-2.283735212708599,2.328663842386829,-2.2864417330203306,7.889546864899887,0.2557483568927456
O=C(c1ccc(F)c(F)c1Nc1ccc(I)cc1F)N1CC(O)(C2CCCCN2)C1,0,1.1666666666666667,1.9333333333333333,2.6,126.91270447440614,9.81056660918835,2.493683951186562,-2.51363225182347,2.336301656439894,-2.7158678302581123,14.11191842065109,-0.1083277325318572
CN(C)CCOC(c1ccccc1)c1ccccc1,0,0.8421052631578947,1.3157894736842106,1.736842105263158,16.48687910272367,10.014798875356716,2.1336405096373925,-2.1992264588305224,2.2493336817162155,-2.1952471274784124,5.293298735581401,0.06870241798706811
NC(=O)Cc1cccc(C(=O)c2ccccc2)c1N,0,0.9473684210526315,1.631578947368421,2.263157894736842,16.146511924271014,9.975416948405632,2.1442598224564056,-2.088229832146233,2.2082692160064235,-2.158551542967447,6.120664009300274,-0.11689265867447132
CC(=O)O[C@@H]1CC[C@]2(C)C3C(=O)C=C4C5[C@@H](C)[C@H](C)CC[C@]5(C)CC[C@@]4(C)[C@]3(C)CC[C@H]2[C@@]1(C)C(=O)O,0,0.9459459459459459,1.6216216216216217,2.2432432432432434,16.54530494774797,9.32863756371759,2.718049755883582,-2.7010437155495746,2.748246702388693,-2.6795179484139937,5.955865690844402,-0.22048337677236335
C=CCc1cccc(C=NNC(=O)CN2CCN(Cc3ccccc3)CC2)c1O,0,1.0689655172413792,1.793103448275862,2.5172413793103448,16.25614870450221,10.070997697595013,2.1837490100429036,-2.336633393305331,2.210566133970001,-2.482015262656974,5.856225197194007,-0.12219224237144823
CC1OC(OC2CC(O)C3(CO)C4C(O)CC5(C)C(C6=CC(=O)OC6)CCC5(O)C4CCC3(O)C2)C(O)C(O)C1O,1,1.024390243902439,1.7560975609756098,2.4146341463414633,16.706768914746778,9.398560390727365,2.7500573770743766,-2.681962412945505,2.7034788455141565,-2.7559104509917978,5.849953726436607,-0.3419295548619893
COC1CCN(C(=O)c2cc(Cc3n[nH]c(=O)c4ccccc34)ccc2F)CC1,0,1.206896551724138,1.9310344827586208,2.6551724137931036,19.142196242187385,10.007401197044398,2.2510357041682467,-2.3100747056502153,2.210351267161729,-2.405079598224724,5.944977091922089,0.03481697094485362
COc1ccccc1OCC(O)CO,0,1.2857142857142858,1.9285714285714286,2.5,16.52154551233458,10.293528943556142,2.057455149409401,-2.117567098522364,2.2509131079013702,-2.208991722265238,5.387327738620973,0.0527138954738859
Cc1cn(C2CC(N=[N+]=[N-])C(CO)O2)c(=O)[nH]c1=O,0,1.6842105263157894,2.4210526315789473,3.0526315789473686,16.528974578410416,10.135600219652757,2.352318860344147,-2.143695619269721,2.291623575053565,-2.330716339132777,5.019191038624533,-0.02711456484104217
CCN1CCN(C(=O)NC(C(=O)NC2C(=O)N3C2SC(C)(C)C3C(=O)O)c2ccccc2)C(=O)C1=O,0,1.1111111111111112,1.7777777777777777,2.388888888888889,32.16690711396475,9.953713695099962,2.6391885777888846,-2.4358677668599165,2.5036446711179807,-2.7085824743387117,8.013161621735703,-0.16076215665297683
CCN1CCC[C@@H]1CNC(=O)c1cc(S(N)(=O)=O)ccc1OC,1,1.4782608695652173,2.217391304347826,2.8260869565217392,32.23311632450715,10.140706954844488,2.2403627559828783,-2.226668155074837,2.2207964249416157,-2.396826440932337,7.887646504850715,0.0937835505290354
Cc1nc2c([nH]1)-c1ccccc1N(C(=O)c1ccc(NC(=O)c3ccccc3-c3ccccc3)cc1)CC2,1,0.8157894736842105,1.5,2.289473684210526,16.15406962930657,9.98986920875339,2.2640063800655126,-2.2282875584321165,2.3553399475195262,-2.321574254492539,6.101603326405591,0.09859181574082307
CC(C)(C)NC(=O)C1CC2CCCCC2CN1CC(O)C(Cc1ccccc1)NC(=O)C(CC(N)=O)NC(=O)c1ccc2ccccc2n1,0,0.9387755102040817,1.6326530612244898,2.3469387755102042,16.270781192841422,9.722862659927586,2.417110720227467,-2.4666097989135802,2.3857931898888785,-2.6076456940527177,5.986875554979607,-0.1330169477118373
O=C(O)c1cc(-c2ccc(F)cc2F)ccc1O,1,1.0555555555555556,1.7777777777777777,2.388888888888889,19.14545506517639,10.01684469662217,2.128380092897239,-2.0590777555557285,2.2770959395199295,-1.9724398358569961,5.921125526468705,0.06935210894850766
C#CCN(C)Cc1ccccc1,0,1.3333333333333333,2.0,2.5833333333333335,15.07574916308617,10.194042600661174,1.9529811395561227,-2.1185921820258913,2.006673486438313,-2.1700509537482624,5.140196607598379,0.3689774794121526
NC(=O)CN1CC(O)CC1=O,0,1.8181818181818181,2.4545454545454546,2.8181818181818183,16.272350938581905,10.315521324662624,2.2784832756327886,-2.11387427724986,2.086001365484926,-2.3463588469607943,5.84934497001884,-0.1315333781923852
C=C(C)C1CCC2(C(=O)O)CCC3(C)C(CCC4C5(C)CCC(O)C(C)(C)C5CCC43C)C12,0,0.8181818181818182,1.5151515151515151,2.1515151515151514,16.368328164573736,9.31973630691351,2.714856901252964,-2.7231846586718897,2.7705599382734767,-2.6662936061331117,5.758802759415216,-0.24767676006433306
C[C@H](CCC(=O)NCCS(=O)(=O)O)[C@H]1CC[C@H]2[C@@H]3[C@@H](O)C[C@@H]4C[C@H](O)CC[C@]4(C)[C@H]3CC[C@]12C,0,1.0294117647058822,1.7058823529411764,2.411764705882353,32.239740767141086,9.434246253974178,2.6233518407844665,-2.6210016164088255,2.6793067665856634,-2.5826939874026307,7.8532009040542015,-0.17387840964077528
CC1(C)SC2C(NC(=O)Cc3ccccc3)C(=O)N2C1C(=O)O,0,1.3043478260869565,1.9565217391304348,2.5652173913043477,32.16690614916111,9.956816977411952,2.6362075433410004,-2.4313369018698796,2.5022450893783805,-2.7029184926640664,8.013146257169781,-0.16058803827234672
CC1(C)C(C(=O)O)N2C(=O)CC2S1(=O)=O,0,1.5333333333333334,2.066666666666667,2.4,32.22823832384422,9.984289517742285,2.67342264804619,-2.3482529318292036,2.450173056419834,-2.5656769129886543,7.934339777705054,-0.15684650324317875
CCOC(=O)c1c(C)n(C)c2ccc(O)cc12,0,1.4705882352941178,2.176470588235294,2.823529411764706,16.532288497838906,10.120798265955825,2.190783611283933,-2.0166199200573094,2.280980009510964,-2.059627479935164,6.058144295900854,0.05273400698138501
Cc1cc2c(C(C)C)c(O)c(O)c(C=O)c2c(O)c1-c1c(C)cc2c(C(C)C)c(O)c(O)c(C=O)c2c1O,0,0.5526315789473685,0.868421052631579,1.131578947368421,16.30953579215602,9.829832603013823,2.292717915632867,-2.2281555519412928,2.5371474659162248,-2.006550593982424,6.137430832394675,0.11090383901618446
CCCCCCCCCCCCCCCCCC(=O)OC,1,0.6190476190476191,0.9523809523809523,1.2857142857142858,16.52295219671765,10.038247301248312,1.9867655876828183,-2.0298798548577897,2.131932735538404,-1.985259129466321,5.684601429382901,-0.14025106910510174
Clc1ccc(COC(Cn2ccnc2)c2ccc(Cl)cc2Cl)cc1,0,1.0,1.75,2.4166666666666665,35.49791128059653,10.095010331190368,2.1665141634793406,-2.201964395187501,2.3009651803853783,-2.122695192899984,6.346551066234336,0.028020924565741456
CCCCCCCCCCCCCCCC[N+](C)(C)C,0,0.45,0.75,1.05,15.27173122292005,10.043465747898642,2.0437771093069887,-2.230981439160287,2.126736706257133,-2.3464115807028256,4.487734516326377,-0.8701304603035274
Clc1ccc(C(Cn2ccnc2)OCc2c(Cl)cccc2Cl)c(Cl)c1,0,1.0,1.76,2.4,35.49902119359365,10.094597157103097,2.180209866308195,-2.2080347647723384,2.3212520513881723,-2.1259743861404257,6.357617145508105,0.028103443621136384
CO[C@H]1/C=C/O[C@@]2(C)Oc3c(C)c(O)c4c(O)c(c(C=NN5CCN(C6CCCC6)CC5)c(O)c4c3C2=O)NC(=O)C(C)=CC=CC(C)[C@H](O)[C@@H](C)[C@@H](O)[C@@H](C)[C@H](OC(C)=O)[C@@H]1C,0,0.9206349206349206,1.5873015873015872,2.2222222222222223,16.706179823551174,9.781261734051013,2.4971097627090413,-2.3756555693659056,2.547584080140422,-2.474389151271789,6.234707046936882,-0.1602251867084539
COC1C(=O)C(C)C[C@H](C)/C=C/C=C/C=C(\C)[C@@H](OC)C[C@@H]2CC[C@@H](C)[C@@](O)(O2)C(=O)C(=O)N2CCCCC2C(=O)O[C@H]([C@@H](C)C[C@@H]2CC[C@@H](OCCO)[C@H](OC)C2)CC(=O)C(C)=CC(C)[C@H]1O,1,0.8676470588235294,1.6029411764705883,2.2794117647058822,16.64054622571791,9.781501514899038,2.5289389831549647,-2.42457249330349,2.3787595850518204,-2.6051832216962953,6.387420183530485,-0.265344302623775
Cc1ccc(C(=O)c2cc(O)c(O)c([N+](=O)[O-])c2)cc1,0,1.1,1.7,2.25,16.629590030194507,10.009733733859921,2.2162666252503054,-2.045517553024383,2.360792651931041,-2.022053419503743,6.093587025863224,-0.38551394566547387
Cc1cc(-c2ccc(N=Nc3ccc4c(S(=O)(=O)O)cc(S(=O)(=O)O)c(N)c4c3O)c(C)c2)ccc1N=Nc1ccc2c(S(=O)(=O)O)cc(S(=O)(=O)O)c(N)c2c1O,1,0.43103448275862066,0.7241379310344828,1.0172413793103448,32.24417274752035,10.00010057557163,2.2807278054045144,-2.1292900299161754,2.453972249699625,-2.079381517521368,7.870516722532842,0.4758200792722191
CNCc1ccc(-c2cc(-c3nc(-c4ccc(S(=O)(=O)C(C)C)cc4)cnc3N)on2)cc1,0,1.0,1.6363636363636365,2.272727272727273,32.22799915833494,10.086096436384349,2.1951907690558916,-2.0885008440637733,2.298994615232381,-2.1324632513676054,7.915965661248672,0.4335226347382579
CCC(C(=O)O)c1ccc(N2Cc3ccccc3C2=O)cc1,0,1.1818181818181819,1.8636363636363635,2.4545454545454546,16.36653630221872,9.963123602089084,2.277198556196393,-2.1711212275850964,2.2940119864594757,-2.22578684071399,6.094913843557939,-0.13839572093717795
OC(CC1c2ccccc2-c2cncn21)C1CCCCC1,0,1.1904761904761905,2.0,2.857142857142857,16.26710646173035,9.821819020665025,2.317829717415199,-2.2859766831380703,2.4213459835253657,-2.257214738413835,5.684108788891245,0.06864927750115535
O=C(C(O)CO)C(O)C(O)CO[C@H]1O[C@H](CO)[C@H](O)[C@H](O)[C@H]1O,0,1.0434782608695652,1.6521739130434783,2.1739130434782608,16.706882560099825,9.991654889673418,2.440716469647417,-2.3942980940446494,2.217564188303763,-2.5923535906094446,5.870719207652915,-0.30521109958378406
O=S(=O)(O)NC1CCCCC1,0,1.1818181818181819,1.7272727272727273,2.1818181818181817,32.245124480838726,9.964845657202545,2.1680944410378764,-2.200291325781366,2.16999180754997,-2.350315633015106,7.83330903755532,0.38866161146576483
COc1ncnc(NS(=O)(=O)c2ccc(N)cc2)c1OC,1,1.0952380952380953,1.7619047619047619,2.3333333333333335,32.23327136348128,10.319148993966957,2.198970893334688,-2.120390344533671,2.314655492037798,-2.1490572457355754,7.9232930273107005,0.3423695356145548
Nc1nc(CC(=O)Nc2ccc(CCNCC(O)c3ccccc3)cc2)cs1,0,1.1428571428571428,1.8928571428571428,2.5714285714285716,32.13349034213371,10.09875529714283,2.0773148630431546,-2.119932057999053,2.1403101740766948,-2.233031973256004,7.130847605570148,-0.11516174043121923
COC(=O)C1=CCCN(C)C1,0,1.7272727272727273,2.4545454545454546,3.0,16.523549879889657,10.125122642937285,2.143630424531209,-2.205365865346698,2.0772575837947125,-2.2843434832267357,5.88430027038062,-0.1360256315207675
O=C(NC1CN2CCC1CC2)c1cc2cccc(Cl)c2s1,0,1.3333333333333333,2.142857142857143,2.8095238095238093,35.49569296233871,9.83823821911964,2.346283029194563,-2.4439761630635384,2.3230571134571676,-2.5667502783663045,7.210217944957293,0.062247746064413294
COC(=O)c1ccc2c(C(=Nc3ccc(N(C)C(=O)CN4CCN(C)CC4)cc3)c3ccccc3)c(O)[nH]c2c1,0,0.975,1.675,2.35,16.523359391558326,9.998129929092622,2.212243418358898,-2.3237339367557706,2.323115463006076,-2.479828053224309,6.217567862425919,-0.11937930978865116
CC(C)(C)[C@]1(O)C[C@@H]2OC(=O)C[C@@]23C(=O)O[C@@H]2OC(=O)C(O)[C@]213,0,1.1304347826086956,1.7826086956521738,2.391304347826087,16.73974709506777,9.524560821801275,2.9244472185121797,-2.4935100294905217,2.749631820194437,-2.6472538625440807,5.944461575945181,-0.2240314823681436
CN1CC(=O)N2C(Cc3c([nH]c4ccccc34)[C@H]2c2ccc3c(c2)OCO3)C1=O,0,1.0689655172413792,1.896551724137931,2.793103448275862,16.69674918850014,9.859265376930066,2.4711131561244195,-2.458616349698198,2.4421671734751498,-2.615832311438287,5.971149702987998,-0.15679363594182175
CC/C=C\C/C=C\C/C=C\C/C=C\C/C=C\CCCC(=O)O,0,0.7272727272727273,1.1363636363636365,1.5454545454545454,16.365132992219166,10.18583105581238,1.9208459046387387,-1.8948860478271072,1.9868981576514726,-1.9183484370045571,5.660604597804729,-0.1366025720959137
Fc1ccc(-c2c3cccc(C(F)(F)F)c3nn2Cc2ccc(F)cc2Cl)cc1,0,0.896551724137931,1.5862068965517242,2.2413793103448274,35.49569214210563,10.043982100226856,2.3422091091142136,-2.097859950035935,2.379798088315674,-2.067460512980675,6.309099129403179,-0.13597551246534553
COc1cc2nccc(Oc3ccc(NC(=O)C4(C(=O)Nc5ccc(F)cc5)CC4)cc3)c2cc1OC,0,0.8108108108108109,1.3783783783783783,1.945945945945946,19.14214864675121,10.04592822323461,2.5615155588648584,-2.158077595240218,2.4733936492520208,-2.351999977116157,6.164639514194378,-0.13067064070697007
COC(=O)Nc1nc2cc(Sc3ccccc3)ccc2[nH]1,0,1.1904761904761905,2.0,2.761904761904762,32.166579358381455,10.304195509957928,2.0720290759089006,-2.00186477178681,2.291811996807446,-2.11285497628552,7.990073421428952,0.18646093918267703
CC(C)CC(NC(=O)C1OC1C(=O)O)C(=O)NCCCCN=C(N)N,0,1.2,1.88,2.4,16.620539810253792,10.024735682846844,2.508135081579377,-2.1943142980087056,2.2221702060515374,-2.488161285028341,5.946015381915168,-0.13822148439402218
N#CC(c1ccc(Cl)cc1)c1c(Cl)cc(-n2ncc(=O)[nH]c2=O)cc1Cl,0,1.0769230769230769,1.6923076923076923,2.230769230769231,35.49791188233093,9.920796214513956,2.213269080686379,-2.1531759802725268,2.368038464920366,-2.2986313679492536,6.361852757191441,0.7489834828453911
C/C=C/C[C@@H](C)[C@@H](O)C1C(=O)NC(CC)C(=O)N(C)CC(=O)N(C)C(CC(C)C)C(=O)NC(C(C)C)C(=O)N(C)C(CC(C)C)C(=O)NC(C)C(=O)NC(C)C(=O)N(C)C(CC(C)C)C(=O)N(C)C(CC(C)C)C(=O)N(C)C(C(C)C)C(=O)N1C,0,0.4588235294117647,0.8705882352941177,1.3176470588235294,16.273889771185363,9.910534611559804,2.454596887577588,-2.413470152080403,2.2551308876365077,-2.632872478239995,5.9928910312952635,-0.1572231506252422
O=C(O)c1cccnc1Nc1cccc(C(F)(F)F)c1,0,1.2,1.95,2.6,19.413176254040952,10.156806322361582,2.299922324895072,-2.109049743077084,2.3103104743478124,-2.068991017850845,5.933861383282904,-0.1370978785696062
O=C(O)C(=O)CBr,0,1.5714285714285714,2.0,2.0,79.91872958454644,10.474513777218352,2.0589438035963106,-1.7896062315420465,1.7954161317122073,-2.1210353872024243,9.091769900677805,-0.1472814352247618
Cc1noc(-c2ccc(-c3ccc(CC(=O)O)cc3)cc2)c1NC(=O)OC(C)c1ccccc1,0,0.9411764705882353,1.5294117647058822,2.1470588235294117,16.557543806909962,10.005065843271813,2.1960681639753052,-2.1396289729396707,2.327007508874979,-2.1627086722231397,5.906407787257696,-0.13573415383033657
FC(F)(F)c1ccc(CNc2ccc(Cc3c[nH]c4ncc(Cl)cc34)cn2)cn1,0,0.9655172413793104,1.7586206896551724,2.4482758620689653,35.495691888798085,10.072400914550315,2.3145053123627464,-2.084461741635415,2.2702995498218845,-2.0849593770666597,6.306337209523111,-0.14071600996182007
CC(C)(ON=C(C(=O)NC1C(=O)N2C(C(=O)O)=C(C[n+]3ccccc3)CS[C@H]12)c1csc(N)n1)C(=O)[O-],0,1.3513513513513513,2.054054054054054,2.6486486486486487,32.16668119861509,10.019301009185122,2.544658973057304,-2.486774042643734,2.400322768674212,-2.708361924968693,7.998364949045512,-0.6886044770147131
CC1COC2(CCN(c3nc(=O)c4cc(C(F)(F)F)cc([N+](=O)[O-])c4s3)CC2)O1,0,1.3448275862068966,2.0344827586206895,2.586206896551724,32.133545516517145,10.04368066799781,2.4278938165230093,-2.3749267619207366,2.398420494287964,-2.453914071631882,7.217992587684083,-0.3826393812840337
NCC(=O)Nc1ccc(-n2nc(C(F)(F)F)cc2-c2ccc3c(ccc4ccccc43)c2)cc1,1,0.8823529411764706,1.588235294117647,2.323529411764706,19.413231502300903,9.989278525776383,2.349788588264731,-2.107317029176993,2.351070839315492,-2.212524384746116,6.078873678508138,-0.14091391649794216
C=c1[nH]cc(CO)c(=CNNC(=O)c2ccncc2)c1=O,1,1.4285714285714286,2.142857142857143,2.8095238095238093,16.25049059330753,10.203977614715955,2.028540772489298,-2.0426748540926996,1.935975934479291,-2.4429515960576205,5.9330636802736105,0.0942929217348706
CCCCC(F)(F)C1(O)CCC2C(CC(=O)C2CCCCCCC(=O)O)O1,0,1.2592592592592593,1.962962962962963,2.6296296296296298,19.2857794144767,9.811429887060218,2.5937831068264297,-2.4348035672217483,2.4912076071729565,-2.5546576599057924,5.839578684225325,-0.35596286611235056
O=c1[nH]c(=O)n(C2CC(O)C(CO)O2)cc1I,0,1.588235294117647,2.2941176470588234,2.8823529411764706,126.91270435690035,10.1700037367794,2.344959886366362,-2.13756027176989,2.2665509027857498,-2.332497675642048,14.111908353476826,-0.04594954067881616
CC(O)(COc1ccc(NC=O)cc1)C(=O)Nc1ccc([N+](=O)[O-])c(C(F)(F)F)c1,0,1.2,1.8,2.3333333333333335,19.41319543306173,10.068692125163697,2.388506119117656,-2.2258480267868697,2.372444715930706,-2.4472170563193085,5.967569122917082,-0.38759072895929286
CC(C)Cn1cnc2c(N)nc3ccccc3c21,0,1.2777777777777777,2.0555555555555554,2.8333333333333335,15.063940333938103,10.14356953769901,2.1174665119658904,-2.0907162337522958,2.267609989023483,-2.0330017410836083,6.057237817644993,0.5331794275907265
C[C@@H](Oc1cc(-c2cnn(C3CCNCC3)c2)cnc1N)c1c(Cl)ccc(F)c1Cl,1,1.2333333333333334,2.0,2.7666666666666666,35.49683703302633,10.074848274968897,2.2061006686822475,-2.2230710526329163,2.3664241543393274,-2.290770994035618,6.357040670428112,0.22717795339186692
O=C(NOCC1CC1)c1ccc(F)c(F)c1Nc1ccc(I)cc1Cl,0,1.28,2.04,2.72,126.91270443072472,10.117530741957555,2.2325595268684846,-2.1451102714800485,2.3146634208855685,-2.2559184130164347,14.11191802601285,0.027044753429253728
CN(C)CCOC(C)(c1ccccc1)c1ccccn1,0,1.05,1.75,2.35,16.50056758013056,9.914035455430884,2.3051523653766495,-2.302989078806918,2.3113152032621427,-2.31515825360436,5.310185449504251,-0.013063505345464715
C[C@H]1[C@@H](OC(=O)CCC(=O)O)O[C@@H]2O[C@]3(C)CC[C@H]4[C@H](C)CC[C@@H]1[C@@]24OO3,0,1.1111111111111112,1.8888888888888888,2.6296296296296298,17.255980222468356,9.579530947169863,2.6934658163083323,-2.594624713459215,2.601012185232691,-2.7018791168104137,5.760983970372217,-0.5759123680361501
C[N+](C)(C)CCOP(=O)(O)OP(=O)([O-])OC[C@H]1O[C@@H](n2ccc(N)nc2=O)[C@H](O)[C@@H]1O,0,1.2903225806451613,1.935483870967742,2.5161290322580645,31.270368999834055,10.128202794834705,2.4463562361844122,-2.270912003407919,2.5781721545488496,-2.3698410501406286,7.600422884158676,-0.8699627606991047
C=c1c(C=CC(=O)OC)c2[nH]c1=CC1=NC(=Cc3[nH]c(c(CC)c3C)C=c3[nH]/c(c(CCC(=O)O)c3C)=C\2)C2=CC=C(C(=O)OC)C(C(=O)OC)[C@]21C,0,0.8867924528301887,1.6226415094339623,2.2830188679245285,16.53325429940671,9.631748177849676,2.544033264581724,-2.3657037373580065,2.523555214767671,-2.441800213433071,6.207634944156129,-0.14907882125969688
Cc1cccc(Nc2nc(-c3ccncc3)cs2)c1,1,1.105263157894737,1.9473684210526316,2.736842105263158,32.133490251519994,10.199955751796432,2.0397745685970468,-2.0244696601787955,2.263532300423864,-1.894117960041649,7.136418902294295,1.309377312520201
CN1CCCC1Cc1c[nH]c2ccc(CCS(=O)(=O)c3ccccc3)cc12,0,1.1481481481481481,1.962962962962963,2.7037037037037037,32.22787280336511,10.01291533098458,2.219271836976401,-2.1840438554470274,2.2571068712486473,-2.261786777397492,7.91003864012534,0.3095849383291605
COc1cc(N)c(Cl)cc1C(=O)NC1CCN(CCCOc2ccc(F)cc2)CC1OC,0,1.28125,2.03125,2.71875,35.49569227288546,10.00257927996848,2.30784983668975,-2.3772773680106787,2.288620526568403,-2.54551086124764,6.331525570360883,0.005268845023825362
Oc1ccc(C2CNCCc3c2cc(O)c(O)c3Cl)cc1,0,1.0952380952380953,1.8095238095238095,2.5238095238095237,35.49569193768089,9.873983013121133,2.248335823536608,-2.1967611467903483,2.423186415706525,-2.203397660431445,6.3276967487456535,0.40232594307187386
CN1CCN(CCOc2cc(OC3CCOCC3)c3c(Nc4c(Cl)ccc5c4OCO5)ncnc3c2)CC1,0,1.0789473684210527,1.9210526315789473,2.763157894736842,35.49569259953376,10.12020583569682,2.2399343794132505,-2.3169111201212766,2.4572390532458037,-2.4522306084489167,6.335634955516632,0.026078330001909487
COc1ccc(-c2ccc3cc(C(=O)O)ccc3c2)cc1C12C[C@H]3C[C@@H](C1)C[C@@H](C2)C3,0,0.8387096774193549,1.4193548387096775,2.064516129032258,16.46596596869127,9.476218541556165,2.5204547958326877,-2.569026198127651,2.6167464024288987,-2.482104428618923,5.953447013773853,-0.006131772992396713
CNC(=O)c1ccccc1Nc1cc(Nc2ccc(N3CCOCC3)cc2OC)ncc1C(F)(F)F,1,1.0277777777777777,1.7777777777777777,2.4722222222222223,19.413197802052352,10.113610675014998,2.343925645449274,-2.2901718444595134,2.3844779353176286,-2.3566692627524555,5.998665958433663,-0.1366797417243917
O=C(Nc1cccc(Cl)c1)Nc1ncc(CCNc2ncnc3ccsc23)s1,0,1.1428571428571428,2.0714285714285716,2.9642857142857144,35.49569241313113,10.303254301237747,2.0831915213123913,-2.0535531961825773,2.2495114525015114,-2.186332844695875,7.173490443246509,0.2618609648323573
NS(=O)(=O)c1cc(C(=O)O)c(NCc2ccco2)cc1Cl,0,1.4285714285714286,2.142857142857143,2.6666666666666665,35.4956935829389,10.148355630254128,2.197848128096459,-2.111492537370037,2.2829026545333444,-2.1487499535486325,7.888858396608659,0.06973567431952926
O=C(O)c1cc(O)c(O)c(O)c1,0,1.0833333333333333,1.5,1.8333333333333333,16.36689894137599,10.163774584371515,2.111007256113014,-2.0085380481422024,2.3461097915518927,-1.9453887373812107,5.88860389021853,0.06955870882945812
O=c1[nH]oc2c1CCNC2,1,1.5,2.4,3.2,16.467286128168507,10.122966865415336,2.147026224066401,-2.0705280661142758,2.061168046184613,-2.250223843419384,5.156335164716532,0.3622846099209956
CC12CCC(=O)C=C1C1CC1C1C2CCC2(C)C1C1CC1C21CCC(=O)O1,0,1.0,1.8518518518518519,2.6296296296296298,16.563660473193913,9.449727915935307,2.8052187941837943,-2.5968250941189974,2.817709278889369,-2.5701991850778874,5.915660220416841,-0.17701561449317038
N#Cc1ccc(Oc2ccc3c(c2)COB3O)cc1,0,1.1578947368421053,1.894736842105263,2.6315789473684212,16.52268409296861,9.795067802480864,2.2669668979402937,-2.0681652469065934,2.23395044721131,-2.2715633715423076,6.610752531898988,0.27492365385619655
CC[C@]1(O)C[C@H]2CN(CCc3c([nH]c4ccccc34)[C@@](C(=O)OC)(c3cc4c(cc3OC)N(C=O)[C@H]3[C@@](O)(C(=O)OC)C(OC(C)=O)[C@]5(CC)C=CCN6CC[C@]43C65)C2)C1,0,0.9666666666666667,1.7333333333333334,2.4166666666666665,16.57711479705112,9.473289556166314,2.806532283906895,-2.6278733699982992,2.6807580090241094,-2.8116779096292017,5.963184393502436,-0.22799605641174434
CC1=NC(=N)C(C(=O)OC2CN(C(c3ccccc3)c3ccccc3)C2)C(c2cccc([N+](=O)[O-])c2)C1C(=O)OC(C)C,0,0.9302325581395349,1.5348837209302326,2.0930232558139537,16.62860007913962,9.718400388600106,2.4904392389195302,-2.444499394509621,2.4108709628215133,-2.552697820388011,6.143629965802235,-0.38449765979456607
O=c1[nH]c2cc(Cl)ccc2o1,1,1.4545454545454546,2.272727272727273,3.090909090909091,35.4956908908009,10.317574045416501,1.9856440513806748,-1.8552093014385345,2.148176697520029,-1.9224610686566688,6.306971146900901,0.5551497976365047
Cc1ccc(C(=O)Nc2ccc(Oc3cc4cnn(C)c4cc3-c3cn[nH]c3)c(F)c2)c(=O)n1-c1ccc(F)cc1,1,0.975609756097561,1.7804878048780488,2.5121951219512195,19.14359725441716,10.063015109249614,2.179280892796402,-2.1373241335565414,2.3731739042725386,-2.2900791863239274,6.037125812969292,0.10203173129277053
CCN(Cc1ccncc1)C(=O)C(CO)c1ccccc1,0,1.1904761904761905,1.8571428571428572,2.4285714285714284,16.253148603382627,9.980091138349861,2.239136711312745,-2.2540488263160885,2.1880010554936224,-2.3552025520809527,5.834660150468089,-0.13372849336227333
CC1=C2CC(=O)C=C[C@]2(C)[C@@H]2[C@@H](C1)[C@@H]1CC[C@](O)(C(=O)COC(=O)CCC(=O)O)[C@@]1(C)C[C@@H]2O,1,1.2058823529411764,1.911764705882353,2.588235294117647,16.53718184414782,9.45691359836552,2.6782430353811146,-2.592669696694759,2.6686227118861594,-2.614308413189914,5.93521446414232,-0.17953935181545627
CC(C)(C)NC(=O)NC(C(=O)N1CC2C(C1C(=O)NC(CC1CCC1)C(=O)C(N)=O)C2(C)C)C(C)(C)C,0,1.0,1.5945945945945945,2.054054054054054,16.184768978733548,9.796976360800535,2.6950605415525395,-2.381834953881927,2.645918278490227,-2.6187372925905867,6.3745752203647355,-0.1447958679345676
CS(=O)(=O)c1ccc(C(=O)Nc2ccc(Cl)c(-c3ccccn3)c2)c(Cl)c1,0,1.0,1.7777777777777777,2.4074074074074074,35.49678567467644,10.102690582103294,2.154662564110965,-2.1033620219111415,2.2957364963745457,-2.127401759212125,7.903109565807007,0.1022124610413129
CCOC(=O)/C=C(C)/C=C/C=C(C)/C=C/c1c(C)cc(OC)c(C)c1C,0,1.0769230769230769,1.7692307692307692,2.3846153846153846,16.53150786709637,9.963006399657509,2.077498377193835,-2.1312364218166735,2.280325442344493,-1.9916434001543721,5.827566584922469,-0.1367670172169773
COc1ccc(Cl)cc1NC(=O)Nc1cc(C)nc2ccccc12,0,1.0833333333333333,1.8333333333333333,2.625,35.49569156323717,10.143099649277335,2.106040428682172,-2.1288110803900016,2.2819373000502328,-2.1981915589494134,6.306233184009325,0.2617525503805532
CCC(=O)OCC(=O)C1(OC(=O)CC)C(C)CC2C3CC=C4CC(=O)C=CC4(C)C3(Cl)C(O)CC21C,1,1.1388888888888888,1.8055555555555556,2.4444444444444446,35.49582862177979,9.459166326383514,2.7573594048279086,-2.6298799657780325,2.7117866258658596,-2.690007504248604,6.258313606079934,-0.20238187122570964
CC1(C)CCC(c2ccc(Cl)cc2)=C(CN2CCN(c3ccc(C(=O)NS(=O)(=O)c4ccc(N[C@H](CCN5CCOCC5)CSc5ccccc5)c(S(=O)(=O)C(F)(F)F)c4)cc3)CC2)C1,1,0.8615384615384616,1.5384615384615385,2.2,35.49569489395759,9.72506037248877,2.483587346157288,-2.393854029181767,2.4295652402981522,-2.4692557966854767,7.989749917405089,-0.043547887501181076
CCC(C(=O)O)C1CCC(C)C(C(C)C(O)C(C)C(=O)C(CC)C2OC3(C=CC(O)C4(CCC(C)(C5CCC(O)(CC)C(C)O5)O4)O3)C(C)CC2C)O1,1,0.8867924528301887,1.5660377358490567,2.169811320754717,16.808221161234417,9.722917668512489,2.628054622393864,-2.5399423665050334,2.537501920517619,-2.6273092991577323,5.839405264321199,-0.40853374992520647
Cc1csc(-c2nnc(Nc3ccc(Oc4ncccc4-c4ccnc(N)n4)cc3)c3ccccc23)c1,0,0.8648648648648649,1.7027027027027026,2.4864864864864864,32.133475128454506,10.095111245696367,2.1345405476738724,-2.119953809524459,2.3476040656718213,-1.9899328702552135,7.133150201660411,0.4646117534845137
CCCCCCCCCCCCCCCCOP(=O)([O-])OCC[N+](C)(C)C,0,0.6666666666666666,1.037037037037037,1.4444444444444444,31.204694073236375,10.045228622705821,2.124139472639319,-2.267751893869086,2.3777695201904825,-2.372193251081085,7.453977074657684,-0.8700001729880769
O=c1ccn([C@H]2C[C@H](O)[C@@H](CO)O2)c(=O)[nH]1,1,1.5625,2.3125,2.875,16.542663044275553,10.17001694006731,2.3421165256448426,-2.1310193558954094,2.262726302708878,-2.31293457594003,4.8761151824995626,-0.04587645167154294
CC1(C(=O)Nc2ccc(F)nc2)CCCN1c1nc(Nc2cc(C3CC3)[nH]n2)c2cccn2n1,0,1.2941176470588236,2.176470588235294,2.9705882352941178,19.142929366330957,9.974988117871158,2.44730217920124,-2.3350721360196176,2.3973153907071185,-2.514632646812226,5.998858321917352,-0.11998686756959584
Nc1nc(=O)c2ncn(COC(CO)CO)c2[nH]1,0,1.5,2.2222222222222223,2.888888888888889,16.51707551273171,10.402659757002858,2.1065333181152277,-2.1254550574199307,2.066172212936262,-2.23068534852587,5.697981946823974,-0.048800607155709885
O=c1cc(-c2ccccc2)oc2ccccc12,0,0.8235294117647058,1.5294117647058822,2.3529411764705883,16.33796073014652,10.122440066294502,2.047038167192238,-2.017787474399288,2.207465158036761,-1.991696320301093,5.779187572617806,0.6187383587795885
Cc1nc(-c2ccc(OCC(C)C)c(C#N)c2)sc1C(=O)O,1,1.5,2.227272727272727,2.772727272727273,32.13356820836025,10.11416582232903,2.1593273410790608,-2.101375460446731,2.308917753412001,-2.050897198629202,7.165455352776743,0.0700896627470074
CN(C)CCC=C1c2ccccc2C=Cc2ccccc21,0,0.8095238095238095,1.3333333333333333,1.8571428571428572,15.044061186017299,9.925964384812573,2.132412459946642,-2.1295567298759943,2.332841011284541,-2.1166107876385776,5.931259135204496,0.4170881619129186
CC1c2cccc(O)c2C(=O)C2C(=O)C3(O)C(=O)C(C(N)=O)C(=O)C(N(C)C)C3C(O)C21,1,1.125,1.75,2.3125,16.32497021765551,9.492209394682025,2.723795446215227,-2.5549344708434125,2.5373512529322344,-2.773294106884596,6.321440688662228,-0.1964013780880229
Cc1cccc(-c2nn3c(c2-c2ccnc4ccc(C(N)=O)cc24)CCC3)n1,0,1.1785714285714286,2.0714285714285716,2.892857142857143,16.146290199216345,9.954086014153916,2.254180999131298,-2.0971531095995033,2.3935911153670144,-2.1015333266775076,6.029425547772523,0.10001751034395262
CCCNS(=O)(=O)Nc1ncnc(OCCOc2ncc(Br)cn2)c1-c1ccc(Br)cc1,0,0.9375,1.625,2.3125,79.91976193757617,10.08469911757769,2.194215597741348,-2.154586575039852,2.3445164930888973,-2.308910245509508,9.104475078470447,0.2016319350383503
Cn1c(=O)c2[nH]cnc2n(C)c1=O,0,1.3076923076923077,2.0,2.6923076923076925,16.161183645410418,10.505095712585252,2.083513979364681,-2.0033562181195164,1.9680098458412505,-2.364665591916405,5.680268983790737,0.7085278733202698
Cc1cc(Nc2cc(N3CCN(C)CC3)nc(C=Cc3ccccc3)n2)[nH]n1,0,1.0,1.7857142857142858,2.5,15.284892364211679,10.18568118936404,2.1670216890231533,-2.3292917177664885,2.2107554731079717,-2.444581274415958,5.685279327506198,0.3117425176464175
NC(=O)C(c1ccccc1)(c1ccccc1)C1CCN(CCc2ccc3c(c2)CCO3)C1,0,1.0,1.6875,2.34375,16.48176439096643,9.644833751411452,2.48941887616711,-2.373153888734599,2.432254481936615,-2.4888269918950074,5.910254679332981,-0.12336111837943002
CCCCOc1ccc(OCCCN2CCOCC2)cc1,0,0.9523809523809523,1.5238095238095237,2.0952380952380953,16.48440439535648,10.287238543089586,2.0869972485140864,-2.2585601500122507,2.1760912199134856,-2.3678248213177473,5.306725553596488,0.03576794813172541
COc1cc(-c2oc3cc(O)cc(O)c3c(=O)c2O)ccc1O,0,1.0,1.7391304347826086,2.4347826086956523,16.47431613156357,10.085830002618815,2.1913246265775186,-2.0913419331213365,2.373878239209324,-2.0262306664014913,5.877777797148267,0.37316134332922
COc1cc(C2Oc3cc(C4Oc5cc(O)cc(O)c5C(=O)C4O)ccc3OC2CO)ccc1O,1,0.8285714285714286,1.542857142857143,2.2857142857142856,16.58628204531476,9.922009471797757,2.4021848061612388,-2.3464125869629657,2.4542579342387745,-2.3715201740182588,6.052153508532476,-0.013019740871973984
CC(C)NCC(O)COc1ccc(CCOCC2CC2)cc1,0,1.2272727272727273,1.9545454545454546,2.590909090909091,16.489763903601894,10.145283778764666,2.20328080876392,-2.147692313331243,2.282760694372942,-2.346724176524917,5.269300961773094,0.10442204071135243
CCCN1CCN(c2ccc(C(=O)NC3(C(=O)NCC#N)CCCCC3)cc2)CC1,0,1.0666666666666667,1.7333333333333334,2.3333333333333335,16.159190212639704,9.80251442998922,2.403803631275236,-2.3652715826219777,2.289152714335966,-2.5933524505079606,5.99170242237453,-0.1279644834615972
C=CC(C)(O)CCC=C(C)C,0,1.5454545454545454,2.090909090909091,2.4545454545454546,16.281474094639208,9.998868584361594,2.12234454564495,-2.1610917132086533,2.130619004143484,-2.1874882813632164,4.9737883126378994,0.10330402273842701
CC1(C)Cc2c(-c3ccccc3)c(-c3ccc(Cl)cc3)c(CC(=O)O)n2C1,0,1.037037037037037,1.6666666666666667,2.2962962962962963,35.49569170476034,9.861965528845422,2.358841200829971,-2.1839527348303336,2.465237209460096,-2.1522312632476135,6.302007995678446,-0.13584299564475588
COC1=C2C(C)[C@@H](OC(=O)C(O)C(NC(=O)OC(C)(C)C)c3ccccc3)C[C@@](O)([C@@H](OC(=O)c3ccccc3)[C@@H]3[C@]4(OC(C)=O)CO[C@@H]4C[C@H](OC)[C@@]3(C)C1=O)C2(C)C,1,0.95,1.5666666666666667,2.1,16.638588877449163,9.445647379930334,2.7788217583782444,-2.670817616420586,2.6495910964089617,-2.8087926991184733,6.003670482136795,-0.346469833380961
CN(C)C(=O)Oc1ccc[n+](C)c1,1,1.5384615384615385,2.230769230769231,2.769230769230769,16.553539635926423,10.443219901731354,2.0752051900023147,-2.0850514879812203,2.0538295207533204,-2.2893075797634013,5.69140677336818,-0.6713031183115017
CC1(N)CCN(c2cnc(-c3cccc(Cl)c3Cl)c(N)n2)CC1,1,1.2173913043478262,1.9130434782608696,2.5652173913043477,35.49826211300097,9.909703005306584,2.266111947779483,-2.3681396958705583,2.3485685739911455,-2.4805209413546114,6.432991915444802,0.36277449502334747
NS(=O)(=O)OCC1CC(n2ccc3c(NC4CCc5ccccc54)ncnc32)CC1O,1,1.2258064516129032,2.064516129032258,2.903225806451613,32.245164730817585,10.085619829860207,2.3534873564790693,-2.1640487410210802,2.3872647029900302,-2.240294615453295,7.838958612879313,0.10034594737038728
COc1ccc(C(=O)N2CCCC2=O)cc1,0,1.3125,2.0,2.5,16.4652965093157,10.16673075830862,2.264879206733145,-2.1290119464064667,2.1649101608266372,-2.3122021921512332,6.050850210117464,-0.12499397283985196
CCCCCCCCCCC(=O)O,0,0.9230769230769231,1.3846153846153846,1.8461538461538463,16.365123727238124,10.076498763966011,1.954554088632886,-1.989780501003182,2.0864240784099763,-1.9290085064645248,5.660145407749643,-0.13665164760465434
CC12C=CC(=O)C=C1CCC1C2C(O)CC2(C)C1CCC2(O)C(=O)CO,1,1.3076923076923077,2.0384615384615383,2.730769230769231,16.315819434137406,9.459423513952318,2.674347466184647,-2.5913597157968513,2.6651162133456157,-2.6127850314118537,6.008041431475011,-0.17805995894918936
CC(C)OC(=O)C1=CN(C(=O)c2ccc(F)c(F)c2)CC(C)(C)c2c1[nH]c1ccccc21,0,1.09375,1.8125,2.5,19.159750878683663,9.814764233623489,2.37305904881428,-2.293680150888859,2.4022218046500106,-2.3657441711517837,6.18265419891206,-0.13969045085345483
CC(C)C(=O)c1c(C(C)C)nn2ccccc12,0,1.2352941176470589,1.9411764705882353,2.5294117647058822,16.138897331949703,9.953464434629902,2.2247014166933043,-2.066082041155701,2.247282761452206,-2.0985121710324166,6.0421826093817845,0.09394877572440757
CCN(CC)CCCC(C)Nc1ccnc2cc(Cl)ccc12,0,1.2272727272727273,2.0,2.727272727272727,35.49569144082068,10.111198732997597,2.0723278508327083,-2.2041918957043305,2.2482266412434933,-2.252809868520714,6.308865212154878,0.29482291113389825
CCCNC(C)C(=O)Nc1c(C)csc1C(=O)OC,0,1.4736842105263157,2.1578947368421053,2.736842105263158,32.13347451691718,10.206918867681598,2.202005253922478,-2.1377512758224695,2.2786789500648377,-2.3818450801963147,7.124203390709145,-0.11729820718984471
O=C(O)c1ccc(-n2nc(-c3ccccc3O)nc2-c2ccccc2O)cc1,0,0.7857142857142857,1.3571428571428572,1.9285714285714286,16.365669900051692,10.142112660505578,2.1875234360554034,-2.0725789494188946,2.328798746494244,-2.0156003196962873,5.873883273814436,0.0696611390733354
Cn1cc(C2=C(c3cccc(N)c3)C(=O)NC2=O)c2ccccc21,0,0.9583333333333334,1.7083333333333333,2.5,16.17255000267715,9.955395568879487,2.3317706493609274,-2.0450569543851356,2.354571148228655,-2.223301878898476,6.495991489643094,-0.12233633403949518
O=C1CCC(C(=O)N2CSCC2C(=O)O)N1,1,1.5,2.25,2.8125,32.16651990499954,10.155300903900654,2.3902098477824345,-2.230260206360292,2.230480390175749,-2.4897763574976697,7.990965023529004,-0.14804845362541005
CCCCCc1ccc(C=CC(=O)Nc2ccccc2C(=O)O)cc1,0,1.04,1.76,2.44,16.3657513400382,10.051974200760665,2.095262862834241,-2.0551901008365157,2.1503347187131907,-2.113078688116969,6.055233262645041,-0.11139540663768935
C=C(c1ccc[nH]1)c1c(O)[nH]c2ccc(NC(N)=O)cc12,0,1.3333333333333333,2.142857142857143,2.8095238095238093,16.26586924725898,10.027264515720478,2.1579099739268965,-2.04995900824332,2.358637134315593,-2.18567843745379,6.008102335812672,0.25908266758645593
Nc1nc(Nc2ccc(S(N)(=O)=O)cc2)nn1C(=O)c1c(F)cccc1F,1,1.0740740740740742,1.6666666666666667,2.2222222222222223,32.23311670465853,10.161665760170377,2.2253306092420546,-2.0424886920049024,2.1900318157228655,-2.189409896915702,7.8876085198629635,0.09392303284677714
CNCCCC12CCC(c3ccccc31)c1ccccc12,1,1.0,1.619047619047619,2.238095238095238,14.794734524611593,9.537137323408743,2.4667713976464647,-2.495011279378489,2.57360066071593,-2.400726488652625,5.584036788943882,0.3414579136353052
CNC(=O)c1cc(COc2nnc(Nc3ccc(Cl)cc3)c3ccoc23)ccn1,0,1.1724137931034482,2.0,2.793103448275862,35.495691833677384,10.204987748979,2.1444508220558425,-2.0914672064613247,2.3058406062101877,-2.189490374919282,6.301775851309146,0.09576900702333407
O=C(Nc1ccccc1Br)NC1CCN(c2ccc(C(F)(F)F)cn2)C1,0,1.2307692307692308,2.0,2.6538461538461537,79.91873122910415,10.245174074912,2.31270379605844,-2.1854019137573557,2.295666382982425,-2.394295943340477,9.103689616734144,-0.1373563544840406
CCNC(=O)c1noc(-c2cc(C(C)C)c(O)cc2O)c1-c1ccc(CN2CCOCC2)cc1,1,1.1176470588235294,1.8235294117647058,2.4705882352941178,16.478053043176306,9.935909583926025,2.2669376446484963,-2.26120861510665,2.4264643745620518,-2.351070391821314,6.0220734832394545,0.03417100174896467
COc1cc2c(cc1Cc1cccc(Cl)c1F)c(=O)c(C(=O)O)cn2C(CO)C(C)C,0,1.2580645161290323,1.967741935483871,2.5483870967741935,35.49569229086477,9.982594920232401,2.2266345583312783,-2.2507933061179104,2.3105935620054945,-2.251432764571648,6.303325519465573,0.0693584369071445
CC(O)C1C(=O)N2C(C(=O)O)=C(SC3CN(C4=NCCS4)C3)C(C)C12,0,1.44,2.16,2.72,32.16787587717613,9.790023764948304,2.5990440328482967,-2.4599383943060813,2.515498279457317,-2.631352394822173,8.136456183463167,-0.162647618221019
O=c1c(-c2ccc(O)cc2)coc2cc(OC3OC(CO)C(O)C(O)C3O)ccc12,0,0.9666666666666667,1.7,2.4,16.705490312282397,9.992342525545364,2.4426322425823668,-2.3904618625037766,2.274215098559064,-2.5956948599705023,5.822150877479871,-0.27704531688135164
OCC(O)c1oc(O)c(O)c1O,0,1.1666666666666667,1.75,2.0833333333333335,16.50431120333396,10.2491758438912,2.2334347348494044,-2.0098774192527813,2.424593112779893,-2.0005381095811607,5.468972093188007,0.071863096247937
CCC(=O)NS(=O)(=O)c1ccc(-c2c(-c3ccccc3)noc2C)cc1,0,1.0384615384615385,1.6923076923076923,2.3076923076923075,32.23327183900085,9.995644953418086,2.192883006335082,-2.0741099877316644,2.340000582293593,-2.292238845939537,7.896687395835127,-0.11853190797098813
NCC(=O)CCC(=O)O,0,1.3333333333333333,1.8888888888888888,2.2222222222222223,16.365230618235373,10.209007619210865,2.0100439014658322,-1.899780085898583,1.8740646301566752,-2.13786215696506,5.831588255111046,-0.13799857462519136
Cc1nc(NC(=O)N2CCCC2C(N)=O)sc1-c1ccnc(C(C)(C)C(F)(F)F)c1,0,1.3333333333333333,2.033333333333333,2.6666666666666665,32.13357805188145,9.869811311762053,2.4920615247765006,-2.2683804111561945,2.4113334512992304,-2.4508300042911353,7.188005151450307,-0.18075808396849272
OC[C@H]1O[C@H](O[C@H]2O[C@H](CO)[C@@H](O)[C@H](O)[C@H]2O)[C@H](O)[C@@H](O)[C@@H]1O,0,0.5652173913043478,0.9130434782608695,1.2173913043478262,16.785047883929284,9.979275402439393,2.489785338473047,-2.4406870330330483,2.2735836716398543,-2.6330228346088536,4.917383292304265,-0.3760184461279876
CCc1cnn2c(NCc3ccc[n+]([O-])c3)cc(N3CCCCC3CCO)nc12,1,1.3793103448275863,2.2758620689655173,3.0689655172413794,16.465280039549167,9.994712760166875,2.2446399457057487,-2.363677995756469,2.2848654301906,-2.404035519637093,5.611802688224421,-0.6053986856856491
C[C@@H]1O[C@@H](O[C@H]2[C@H](Oc3cc(O)c(C(=O)CCc4ccc(O)cc4)c(O)c3)O[C@H](CO)[C@@H](O)[C@@H]2O)[C@H](O)[C@H](O)[C@H]1O,0,0.8292682926829268,1.4634146341463414,2.073170731707317,16.75318721565051,9.972463548002986,2.505026938124327,-2.451788555927763,2.3631134780818606,-2.642016682301046,6.010117566933737,-0.3541997674136371
CC(C)c1c(CN(C)C(C)Cc2ccccc2)n(C)n(-c2ccccc2)c1=O,0,0.9285714285714286,1.5,2.0714285714285716,16.143478436462285,10.020646081596261,2.230063440646807,-2.2569905709552076,2.207344533396369,-2.314369620092472,5.343548484823505,0.2398994750583999
CCCCC(=O)OC1CCC2C3CCc4cc(O)ccc4C3CCC12C,0,1.2692307692307692,2.1153846153846154,2.923076923076923,16.544628375985102,9.551639097264658,2.5565371399245254,-2.5002671962982808,2.611867149443405,-2.4475419123791813,5.691884969136132,-0.15726523446935703
CCCS(=O)(=O)Nc1ccc(F)c(C(=O)c2c[nH]c3ncc(Cl)cc23)c1F,0,1.3333333333333333,2.074074074074074,2.7777777777777777,35.495692170533715,10.014585783392226,2.2536495454484684,-2.110445161665391,2.2785870634808436,-2.1831367701439297,7.9220580502187135,0.10279361526488363
Clc1ccccc1CN1CCc2sccc2C1,0,1.2352941176470589,2.1176470588235294,3.0,35.49569173434954,10.088822557326385,2.1709358235190894,-2.2661389863512036,2.258006836356676,-2.2867757166101814,7.0964929328016115,0.24731995595333475
COc1cc(C=CC(=O)CC(=O)C=Cc2ccc(O)c(OC)c2)ccc1O,0,0.8148148148148148,1.2222222222222223,1.5925925925925926,16.47705016960364,10.096400737248574,2.056185601576351,-2.032904904571098,2.2720259507284983,-2.014477536442096,6.104423630737164,-0.12139331701247892
COc1cc(N2CCC(N3CCN(C)CC3)CC2)ccc1Nc1ncnc(Nc2ccccc2S(=O)(=O)C(C)C)n1,1,0.9024390243902439,1.5609756097560976,2.2195121951219514,32.22800034150112,10.012205383884057,2.2711286656754113,-2.4227196571585674,2.333016301398278,-2.519175265490406,7.917550550506803,0.09818150087882549
CN1c2ccccc2C(NCCCCCCC(=O)O)c2ccc(Cl)cc2S1(=O)=O,0,1.103448275862069,1.8275862068965518,2.586206896551724,35.49569225924281,9.9639319424804,2.3423359875378673,-2.216936192011009,2.402428652803809,-2.259601183008276,7.924776367894119,-0.1366557456166375
COc1ccc2c(c1OC)C(=O)OC2C1c2c(cc3c(c2OC)OCO3)CCN1C,0,1.0666666666666667,1.8666666666666667,2.6,16.701709491614324,9.851434377045734,2.4569309327646702,-2.3807591957845524,2.5474081033803664,-2.359404722875455,5.978808726711332,0.008737555736832513
NCC1OC(OC2C(N)CC(N)C(OC3OC(CO)C(O)C(N)C3O)C2O)C(N)CC1O,1,0.71875,1.28125,1.84375,16.71891654688107,9.838839077937946,2.4971451399809177,-2.47424520507463,2.3028658923751757,-2.6780387398284287,5.0067722009838365,-0.3144702200339849
O=C(NC[C@@H](O)CN1CCc2ccccc2C1)c1cc(NC2COC2)ncn1,0,1.2857142857142858,2.107142857142857,2.892857142857143,16.500344662147896,9.995949278932184,2.204568635258373,-2.299236295263795,2.180283825774772,-2.4191316756859007,5.923464651730453,0.020922254946194097
COc1ccc(/C=C\c2cc(OC)c(OC)c(OC)c2)cc1O,0,0.6956521739130435,1.2608695652173914,1.7391304347826086,16.53026900952398,10.102775202450477,2.115334251717517,-2.1241637240312525,2.3831306154077168,-1.949920721143224,5.73198207022385,0.32405579330652745
C=C1c2cccc(O)c2C(=O)C2C(=O)C3(O)C(=O)C(C(N)=O)C(=O)C(N(C)C)C3C(O)C12,1,1.15625,1.78125,2.34375,16.324950034423335,9.501665543619383,2.7214689126685063,-2.5460306559350374,2.531736276023611,-2.7701936685373862,6.328099219316369,-0.19234621692979148
CCC(C)(C)c1ccc(CC(C)CN2CC(C)OC(C)C2)cc1,0,1.1304347826086956,1.6956521739130435,2.217391304347826,16.501323023268704,9.815307988211762,2.231122618517095,-2.362596662904018,2.2676984180627713,-2.465185871843537,5.27842311480452,-0.07084690648832483
NCC1OC(OC2C(N)CC(N)C(O)C2OC2OC(CO)C(O)C2O)C(N)C(O)C1O,0,0.7096774193548387,1.2903225806451613,1.8709677419354838,16.737789043081214,9.839628879517667,2.5154584093550607,-2.468396892384888,2.3148410030841036,-2.6781448842490527,5.010992343531988,-0.3061008049043518
CN1C(=O)CC[C@H]1c1cccnc1,0,1.6153846153846154,2.4615384615384617,3.0,16.153563502816418,10.081087421380056,2.28013334810711,-2.188468829493929,2.2969564646509153,-2.219027846454267,5.782092296903355,-0.1272223836197584
CCc1cc(C(C)=NOCc2ccc(C3CCCCC3)c(C(F)(F)F)c2)ccc1CN1CC(C(=O)O)C1,0,1.0810810810810811,1.8108108108108107,2.4594594594594597,19.413195181418207,9.813201717915577,2.356815328141544,-2.3660997291185573,2.4072709855531365,-2.4917297209767226,5.980885739368309,-0.14739809566559753
CNC(=O)c1cnn(-c2nc(N)c3ncn([C@@H]4O[C@H](CO)[C@@H](O)[C@H]4O)c3n2)c1,1,1.3571428571428572,2.142857142857143,2.8214285714285716,16.56259750430941,10.128441357168816,2.4362096701359217,-2.1628609677679584,2.3166658203648223,-2.326532765327879,5.930802720850808,-0.0510668293048269
CC(C)(C)NCC(O)c1cc(Cl)c(N)c(Cl)c1,1,1.2941176470588236,1.7647058823529411,2.176470588235294,35.4968353867417,10.058376022459871,2.1519211859189693,-2.229358681393366,2.3066969157053476,-2.3809758038050353,6.384397662591686,0.16310596575816222
Cc1ccc(-c2nn(C(C)(C)C)c3ncnc(N)c23)cc1,0,1.0476190476190477,1.7142857142857142,2.3333333333333335,15.344258640316557,10.077496894620957,2.231117527871411,-2.1911316651778727,2.3224993879775018,-2.2302156412294263,5.9783275148002595,0.3665139886835322
CCCc1nc(C(C)(C)O)c(C(=O)OCc2oc(=O)oc2C)n1Cc1ccc(-c2ccccc2-c2nn[nH]n2)cc1,0,1.0975609756097562,1.829268292682927,2.4390243902439024,16.57963479820586,9.97982068852723,2.325653734183672,-2.174933421142502,2.308118281670549,-2.23124711501428,5.8922528482793215,0.03947978303883106
COc1cc2c(Oc3ccc(NC(=O)C4(C(=O)Nc5ccc(F)cc5)CC4)cc3F)ccnc2cc1OCCCN1CCOCC1,1,0.8913043478260869,1.608695652173913,2.3043478260869565,19.143602914673973,10.045556049361007,2.562057652835845,-2.259453672123882,2.4747359461828538,-2.367887239067926,6.164773152284551,-0.1306739854467908
COc1cc(CC2C(=O)OCC2Cc2ccc(OC)c(OC)c2)ccc1O,0,0.9259259259259259,1.5555555555555556,2.259259259259259,16.540894534591366,9.846665143932254,2.36589154773682,-2.168198778190219,2.3403524544481034,-2.2034584456757256,5.749192664546314,-0.14076024574322532
CS(=O)(=O)c1ccc(C2=C(c3ccccc3)C(=O)OC2)cc1,0,0.9090909090909091,1.5454545454545454,2.1363636363636362,32.22774596331511,9.967226856736325,2.2661974137441647,-2.0539594126801424,2.3257895740559626,-1.98115773592605,7.903040071007626,-0.13339196740742307
CN(C)C(=O)C(O)C(Cc1ccccc1)NC(=O)c1cc2cc(Cl)ccc2[nH]1,0,1.1428571428571428,1.8571428571428572,2.5357142857142856,35.495691775027296,9.998592519545712,2.292662342387661,-2.2529932236925783,2.2009143601201138,-2.510074586450706,6.308843080987978,-0.13839395252461326
CCCCCCCCCCCCc1ccc(S(=O)(=O)Nc2nncs2)cc1,0,0.8888888888888888,1.4814814814814814,2.037037037037037,32.23339381743283,10.03597459969086,2.149799214048756,-2.064189426848471,2.1825416356318152,-2.123317418004936,7.925128873879425,0.5561080540556425
O=CN1CC/C(=C\c2ccc3c(c2)OCO3)C1=O,0,1.2222222222222223,2.0555555555555554,2.8333333333333335,16.696709082496795,10.096031591984998,2.2482749625360072,-2.02634666709586,2.331019356628258,-2.222322374249032,6.042527540678707,-0.13235283402302997
CNCCc1ccccn1,0,1.5,2.4,3.0,14.80469258527146,10.26016198077083,1.8795701642185167,-1.9633002968708961,1.9158613551021324,-2.102741920666566,5.029501111721785,0.7763501417201408
C=C1C(=CC=C2CCCC3(C)C2CCC3C(C)C=CC(O)C2CC2)CC(O)CC1O,0,1.1,1.8666666666666667,2.6,16.284643950739188,9.608464084821557,2.498546941639148,-2.436675769286469,2.5921528129230036,-2.352319258433193,5.383692808959317,0.08619559217559547
Cc1nc2cc(-n3ncc(C(=O)c4cc5ccccc5[nH]4)c3N)ccc2[nH]1,0,1.0740740740740742,1.9259259259259258,2.7777777777777777,16.13907555574927,10.129342766498027,2.194146830223222,-2.044998527670772,2.23708069984617,-2.071515153340769,6.121345006819588,0.10311026764965281
C[C@@]12N[C@@H](Cc3ccccc31)c1ccccc12,0,1.0,1.7058823529411764,2.588235294117647,15.052021820751,9.823190369951439,2.4454774809987625,-2.34034788154999,2.473696845746989,-2.4073691465857037,5.536766834665674,0.38860038720394113
NCCCNCCSP(=O)(O)O,0,1.4166666666666667,2.0833333333333335,2.5833333333333335,32.73582412547896,10.417779495383188,2.112841407047605,-2.0356089076927106,2.490701367491483,-2.201215105019393,8.540803054459777,0.3966303791727218
CCCCCOC(=O)Nc1nc(=O)n(C2OC(C)C(O)C2O)cc1F,0,1.44,2.16,2.76,19.14224313717363,10.138458623543348,2.416317057493874,-2.173215796294899,2.278829195240954,-2.3577962325127872,5.82762677379916,-0.035465104210746945
CC(=O)OCC=C(C)C=CC=C(C)C=CC1=C(C)CCCC1(C)C,0,1.1666666666666667,1.875,2.5,16.531217025495888,9.724054578532444,2.257706182977471,-2.324858085836991,2.402665555894574,-2.1851440418884773,5.655379695437535,-0.139208467091944
O=C(C(O)CO)C(O[C@H]1O[C@H](CO)[C@@H](O[C@H]2O[C@H](CO)[C@@H](O)[C@H](O)[C@H]2O)[C@H](O)[C@H]1O)[C@H](O)CO,1,0.7352941176470589,1.2941176470588236,1.8235294117647058,16.74449986330741,9.96474429589521,2.513590137555931,-2.459835724811016,2.299058874104895,-2.6499910394319572,5.874334207385212,-0.3629308852240256
CNC(=O)c1ccc(-c2cnc3ncc(Cc4ccc5ncccc5c4)n3n2)cc1F,0,1.064516129032258,1.935483870967742,2.774193548387097,19.1421972834805,10.071802217197689,2.137066165764116,-2.066958794141353,2.212288567904694,-2.1871281406507856,5.942751764208621,0.09588742713236033
C=CC(=O)Nc1ccc2ncnc(Nc3cccc(Br)c3)c2c1,1,1.1304347826086956,2.0,2.782608695652174,79.91873117016604,10.168722710901234,2.064944930587468,-2.0989163209903436,2.2639016360324504,-2.0687230633858142,9.103014163628727,-0.11142838319552723
NCCCC(=O)O,0,1.7142857142857142,2.2857142857142856,2.4285714285714284,16.365123186260238,10.313142012704677,1.9052111489948742,-1.8557822913892632,1.816435981226527,-2.0212537417711305,5.6604596599465795,-0.13657623480981543
NC(=O)c1cccc(-c2cccc(OC(=O)NC3CCCCC3)c2)c1,0,0.96,1.64,2.36,16.5502514467798,9.956924857129263,2.1645519741262764,-2.21812484988659,2.248244389650861,-2.3749206552270308,5.937065122390013,0.09999822181677641
O=S(=O)(O)CCSSCCS(=O)(=O)O,0,0.7857142857142857,1.0714285714285714,1.2857142857142858,33.11462487899348,10.96208260783461,2.0582146197581648,-1.978049434995732,2.204500912435324,-2.065486725776815,8.763656682978835,0.4825046085364927
CC(=O)C(O)C(O)C(O)CO,0,1.3636363636363635,1.8181818181818181,2.090909090909091,16.377253841701304,10.062870957522598,2.2638436448254664,-2.1826721436546106,1.9973008154964063,-2.4245439085267115,5.803191050175761,-0.13748196147636607
Cn1cc[nH]c1=S,0,1.8571428571428572,2.5714285714285716,2.7142857142857144,32.09199836597547,10.920314215023799,1.7608084217154936,-1.7936787424651481,1.8096636997564723,-1.8056678968669442,7.709868488070639,0.894304139506086
Cn1cnc([N+](=O)[O-])c1Sc1ncnc2[nH]cnc12,0,1.368421052631579,2.210526315789474,3.0,32.166599665488945,10.560691118301369,2.2245429301016495,-2.009023592171275,2.339892896905913,-1.945116772276036,7.991152695085071,-0.39193885938388706
CC(C)OC(=O)OCOP(=O)(COC(C)Cn1cnc2c(N)ncnc21)OCOC(=O)OC(C)C,0,0.9714285714285714,1.542857142857143,2.085714285714286,31.19139623900058,10.373701396832784,2.2857970469206403,-2.207872619222431,2.4802774956321394,-2.1996646092163212,7.53141192425472,-0.03686232952749166
CC(C)(OCc1nn(Cc2ccccc2)c2ccccc12)C(=O)O,0,1.125,1.7916666666666667,2.5,16.525130606201635,10.12375263161023,2.2822315162535243,-2.187568194899085,2.219560661825869,-2.3406955662582685,5.817402943737235,-0.1623311837394111
CN1C2CCC1CC(OC(=O)C(CO)c1ccccc1)C2,0,1.2857142857142858,1.9047619047619047,2.4761904761904763,16.545022572319986,9.981040867699797,2.3999166432231727,-2.3579857439368146,2.355689134300454,-2.434594131849145,5.780669009753564,-0.1548238022436493
Cc1cc(SCc2sc(-c3ccc(C(F)(F)F)cc3)nc2C)ccc1OCC(=O)O,0,1.1666666666666667,1.8666666666666667,2.466666666666667,32.166844463446346,10.131026648150666,2.2966333117523616,-2.084668910306811,2.3530801004186173,-2.094849884157351,7.982606634809001,-0.13920117342960941
CC(=O)OCC(=O)C1(O)C(C)CC2C3CC=C4CC(=O)C=CC4(C)C3(F)C(O)CC21C,1,1.2903225806451613,1.967741935483871,2.6129032258064515,19.147661023484947,9.44986206114436,2.7488394430677348,-2.6153926355705233,2.6968717219989804,-2.6877784303884007,5.935253187972538,-0.21512906827848247
COc1cc(C=CC(=O)N2CCN(CC(=O)N3CCCC3)CC2)cc(OC)c1OC,0,0.8666666666666667,1.4666666666666666,2.0,16.530026187747517,10.135400156766483,2.2420882805358184,-2.3408489434626096,2.380159296630051,-2.505969069152382,5.917338830679766,-0.13222575141513948
O=C(O)CCCCCCCC(=O)O,0,0.6923076923076923,1.0,1.3076923076923077,16.368052321032255,10.098154932235742,1.9781156412063545,-1.972721128510663,2.0631735471894026,-1.9472308884718061,5.66362239244159,-0.13758331298014898
CC(C)C(=O)Nc1ccc([N+](=O)[O-])c(C(F)(F)F)c1,0,1.368421052631579,1.9473684210526316,2.3684210526315788,19.413184188000717,10.113472013054976,2.3805405755591993,-2.1119342144023405,2.3707078647897823,-2.1823763827674103,5.918551941275812,-0.3875898443955631
CC(C)Nc1cc(-c2c[nH]c(C(=O)NC(CO)c3cccc(Cl)c3)c2)c(Cl)cn1,1,1.2413793103448276,2.0344827586206895,2.7241379310344827,35.49678490063238,10.075989849976828,2.175640307619053,-2.161326542110207,2.2987363665973106,-2.3051431845668535,6.329110982378468,0.09115051913722379
CN(C(=O)CN(CCO)CC(=O)N(C)C(C)(C)Cc1ccccc1)C(C)(C)Cc1ccccc1,0,0.7058823529411765,1.0588235294117647,1.3823529411764706,16.251705540510546,9.928318318694446,2.3137762880837753,-2.3856991586689533,2.209074281577132,-2.5325513212892634,5.815581291831803,-0.1389105497138576
Cc1ncc([N+](=O)[O-])n1CC(C)O,0,1.8461538461538463,2.4615384615384617,2.923076923076923,16.630274046483596,10.377835049414008,2.1766103215779053,-2.0354320902628134,2.1319720727444627,-2.1423289779648664,5.182132398434463,-0.391969310683192
N#Cc1cc(-c2n[nH]c(-c3ccncc3)n2)ccn1,0,1.0526315789473684,1.8421052631578947,2.6315789473684212,15.213464725986215,10.195097345268767,2.0781818811871138,-1.943826182288244,2.1877213281173566,-1.8555624561882846,5.606702402288975,1.0959509354976549
N=C(N)N=C(N)NCCc1ccccc1,0,1.2666666666666666,1.9333333333333333,2.533333333333333,15.131277996908254,10.149429372672255,1.9331119754631183,-2.041689294698247,1.9719753095351649,-2.342669660874359,5.911504098707311,0.859171489426263
CCC(C)C(=O)OC1CC(O)C=C2C=CC(C)C(CCC(O)CC(O)CC(=O)O)C21,0,1.2666666666666666,1.9666666666666666,2.6,16.54538677330666,9.659340848023135,2.4174625782810373,-2.4267115484469897,2.4361468343063906,-2.4271950774765103,5.7183228808941555,-0.15892891780134746
CC1C(=O)O[C@@H]2CCN3CC=C(COC(=O)[C@](C)(O)[C@]1(C)O)[C@H]23,0,1.3043478260869565,2.0,2.6956521739130435,16.561016920589974,9.76340709452344,2.560006386591886,-2.389000988823865,2.363708923929302,-2.6087202563804293,5.832408292102307,-0.20460475337390607
COC(=O)NC(C(=O)N1CCCC1c1nc(-c2ccc(-c3ccc(-c4c[nH]c(C5CCCN5C(=O)C(NC(=O)OC)C(C)C)n4)cc3)cc2)c[nH]1)C(C)C,0,0.6296296296296297,0.9814814814814815,1.3148148148148149,16.541966442387768,10.009289581858754,2.386436067917829,-2.2949479202316287,2.3485190446392954,-2.506401569986316,5.869918316865662,-0.13581983103086437
CC(=O)Oc1ccccc1C(=O)O,0,1.3076923076923077,1.9230769230769231,2.4615384615384617,16.536111221254338,10.182282381035359,2.104306980957854,-2.031132091947014,2.1698345568128015,-2.063000061964293,5.913065796110133,-0.1314143424403053
CNC(=O)c1ccc(N2C(=S)N(c3ccc(C#N)c(C(F)(F)F)c3)C(=O)C2(C)C)cc1F,0,1.15625,1.78125,2.3125,32.092048521557416,10.016199936783782,2.5048643911046256,-2.292137061927113,2.39422764674087,-2.44060387020381,7.8059719057591455,-0.13739914928706828
O=c1[nH]c2ccc(Cl)cc2c(NC2CN3CCC2CC3)c1-c1nc2ccccc2[nH]1,1,1.0666666666666667,1.9,2.6666666666666665,35.49569187727128,9.83470872821554,2.34680689204963,-2.451128039304383,2.3595277673626893,-2.5303860882365177,6.311308502012132,0.09758389685890582
CCN1CCN(C(=O)NC(C(=O)NC2C(=O)N3C(C(=O)O)=C(CSc4nnnn4C)CSC23)c2ccc(O)cc2)C(=O)C1=O,0,1.1363636363636365,1.8636363636363635,2.5,32.16794351956822,10.007094190598028,2.5429438740271557,-2.493001047647303,2.4130873202093497,-2.709034782013898,8.005504813786906,-0.1531873844316759
CC(NC(CCc1ccccc1)C(=O)O)C(=O)N1CCCC1C(=O)O,0,1.24,1.92,2.52,16.372010184814215,10.042889719287206,2.3625662837677077,-2.268418608224689,2.1843361284159037,-2.5261277764504864,5.875160152984953,-0.1491405687363598
Cn1c(=O)n(-c2ccc(C(C)(C)C#N)cc2)c2c3cc(-c4cnc5ccccc5c4)ccc3ncc21,0,0.8611111111111112,1.6111111111111112,2.388888888888889,16.14939602331927,9.862436541537262,2.2083591006680923,-2.1592601310241992,2.3100439289574606,-2.2085302113221554,6.0447033739569624,0.6862868288435789
CC(C)(C)NC(=O)C1CN(Cc2cccnc2)CCN1C[C@@H](O)CC(Cc1ccccc1)C(=O)N[C@H]1c2ccccc2C[C@H]1O,0,1.0,1.7333333333333334,2.466666666666667,16.271516080479543,9.912728521056883,2.369304302792347,-2.420380719985553,2.3174576788344465,-2.6148910420204143,5.825751756668039,-0.13210080230613577
NCC(O)c1ccc(O)cc1,0,1.2727272727272727,1.8181818181818181,2.272727272727273,16.26755180357249,10.109424541737166,2.024045204164731,-2.061047043899794,2.1462502264793475,-2.1049573205481527,5.267380344514788,0.18643430208635692
NCCC(=O)NC(Cc1c[nH]cn1)C(=O)O,0,1.625,2.375,2.875,16.368256053877147,10.139203262041766,2.2009982744146166,-2.12229428463274,1.9868387440722077,-2.4245197314026403,5.832480035303666,-0.14131837298214472
NS(=O)(=O)c1ccccc1,0,1.1,1.6,1.9,32.233115232875676,10.370953107481334,2.030534819273232,-1.929818318304922,2.024698614986388,-2.109444060058733,7.887576968483487,0.5975686536507263
Cc1nnc(SCC2=C(C(=O)O)N3C(=O)C(NC(=O)Cn4cnnn4)[C@H]3SC2)s1,0,1.4137931034482758,2.2413793103448274,2.896551724137931,32.1947123071185,10.030576682151862,2.536350125249202,-2.4902971737905983,2.4128188576721588,-2.7038417030905957,8.01450337730999,-0.1503728785919527
COc1ccccc1O,0,1.3333333333333333,2.0,2.4444444444444446,16.473959000435112,10.308952917667575,1.9357138577099888,-1.9872980717789173,2.2246735315871584,-1.80311026214299,5.370720836721779,0.3732712808331071
CS(=O)(=O)n1cc2c(n1)CN([C@H]1CO[C@H](c3cc(F)ccc3F)[C@@H](N)C1)C2,0,1.2962962962962963,2.074074074074074,2.740740740740741,32.233166379118785,9.930839333839621,2.369545815294045,-2.38228252930481,2.335843096782245,-2.4743719019235826,7.8858858510282825,-0.0532819095687413
Clc1ccccc1C(c1ccccc1)(c1ccccc1)n1ccnc1,1,0.72,1.28,1.8,35.49569183415235,9.764475614110422,2.3890468838456584,-2.3739979004122422,2.4272523634031593,-2.3678361100349234,6.311501660041601,0.5146156596467804
