SMILES,binaryLabel,MaxAbsEStateIndex,MaxEStateIndex,MinAbsEStateIndex,MinEStateIndex,EState_VSA1,EState_VSA10,EState_VSA11,EState_VSA2,EState_VSA3,EState_VSA4,EState_VSA5,EState_VSA6,EState_VSA7,EState_VSA8,EState_VSA9,VSA_EState1,VSA_EState10,VSA_EState2,VSA_EState3,VSA_EState4,VSA_EState5,VSA_EState6,VSA_EState7,VSA_EState8,VSA_EState9
COc1cc2c(cc1OC)C(=O)C(CC1CCN(Cc3ccccc3)CC1)C2,0,12.936933437749705,12.936933437749705,0.10878294861970894,0.10878294861970894,0.0,4.794537184071822,0.0,11.701150992526333,17.416929712729203,43.60281544698374,18.405094737549014,14.219595082555067,12.13273413692322,35.23174507315853,9.473725907600098,10.773646631006095,0.0,15.471438518707707,0.0,3.3088814785703318,2.382056313548328,14.515899250917201,4.189755871867163,3.2689293059503055,3.256059296099534
C#Cc1cccc(Nc2ncnc3cc(OC)c(OCCCCCCC(O)=NO)cc23)c1,0,9.132595930039919,9.132595930039919,0.23629663107048837,-0.23629663107048837,0.0,0.0,0.0,5.897745344357611,30.344590031841765,47.83704919016565,6.3273200747645415,7.109797541277533,36.39820241076966,26.36089269150693,26.210856222838355,11.46229339506257,0.0,8.738983289899874,24.426033164085986,2.3324882857438083,4.239210156579042,11.242110589261184,10.78359553356906,0.516473613167336,1.5921453059644728
Cn1c(=O)c2c(ncn2CC(O)CO)n(C)c1=O,1,11.997722505668936,11.997722505668936,0.042106953892668164,-0.9820923091458809,23.959858645516704,14.69560176298435,0.0,17.708634344296566,0.0,4.567099647791355,29.55686333570163,0.0,0.0,4.983978520947208,5.106527394840706,3.669041005291005,0.0,27.664151864449483,18.20327748383304,-0.44765161774586315,0.0,0.0,0.383370653817082,-0.3688524344923154,2.8966630448475685
COc1cc(C)c(C=CC(C)=CC=CC(C)=CC(=O)O)c(C)c1C,0,10.557327846910816,10.557327846910816,0.7018497010167841,-0.9318765396070032,5.9693052879518484,4.794537184071822,0.0,0.0,5.5731045300692665,16.886067855050168,22.766374581924868,20.109554847802038,19.075777413358384,38.98961888120124,9.843390348640755,5.39848221545493,0.0,10.557327846910816,8.66861544768055,6.529439086832979,-0.01702445679857112,2.0565603769449923,10.935101739138606,10.013621936466038,1.6912091407029974
OCC1NCC(O)C(O)C1O,0,9.17537037037037,9.17537037037037,0.19787037037037036,-1.1588888888888895,24.353739992392867,5.106527394840706,0.0,13.151638370425493,0.0,0.0,0.0,0.0,0.0,5.316788604006331,15.319582184522117,0.0,0.0,0.0,38.61819444444444,0.0,0.0,-0.5338888888888893,-3.203750000000001,-0.047222222222222054,0.0
OCCN(CCO)c1nc(N2CCCCC2)c2nc(N(CCO)CCO)nc(N3CCCCC3)c2n1,0,9.644321186577265,9.644321186577265,0.07723783524111627,-0.07723783524111649,0.0,20.426109579362823,0.0,26.427527858051672,49.10910562085581,63.4980376710244,12.841643245852019,9.799819461700954,0.0,9.799819461700954,19.93591408378883,0.0,0.0,27.779253855812296,38.57728474630906,1.305648148148149,2.349613672629546,0.0,6.609832638901903,4.3783669381990515,0.0
O=C(Nc1ccc(OC(F)(F)F)cc1)c1sccc1NCc1ccnc2ccccc12,0,12.671508102871288,12.671508102871288,0.35318915148242014,-4.761462913114808,6.362358859030383,17.96578232709628,0.0,11.65669156263541,22.796676148981,28.599110560701277,23.469520014857956,11.576906342078992,36.39820241076966,20.354418682759917,0.0,40.620693942231604,1.2663489556112209,17.48221683881346,8.788811451403028,2.963765524658539,-0.7128408663350272,16.522832761335106,-3.0186587678976586,0.503496826846394,0.0
I,1,0.0,0.0,0.0,0.0,0.0,0.0,0.0,23.97664012526206,0.0,0.0,0.0,0.0,0.0,0.0,0.0,0.0,0.0,0.0,0.0,0.0,0.0,0.0,0.0,0.0,0.0
OCCn1cc(-c2cnc3nnn(Cc4ccc5ncccc5c4)c3n2)cn1,0,9.043105522881163,9.043105522881163,0.03154969975455968,0.03154969975455968,0.0,0.0,0.0,6.606881964512918,30.077795248209068,22.02982791547505,0.0,27.954136585129596,30.462311845459514,36.429051343560175,5.106527394840706,3.4041537882414366,0.0,13.405217450363434,22.665486020997484,4.648068905421693,0.0,10.069895685939226,6.974811403588748,0.9990334121146458,0.0
C=C1C(CO)C(O)CC1n1cnc2c(=O)[nH]c(N)nc21,0,11.73091868228773,11.73091868228773,0.006588745065927881,-0.6719503495842789,11.66323328280031,15.007591973753232,0.0,30.031668838425027,17.641103373763002,0.0,6.3273200747645415,4.567099647791355,0.0,21.53087124644012,5.733667477162185,1.6687962962962963,0.0,22.23035375724364,19.229591784244562,6.372471524103469,-0.3713801230368696,-0.26310185185185264,1.20163241685563,3.7649695294784586,0.0
O=NN(CCCl)C(=O)NCCCl,0,10.926882716049382,10.926882716049382,0.09640337616528094,-0.5775000000000003,6.031114512338072,9.701602428060104,0.0,12.424759850882914,17.433672374837446,0.0,0.0,0.0,0.0,10.60267332496904,23.20187978046503,0.0,10.609027935248172,20.949930083144366,5.553049571680524,0.0,0.4576856575963719,-0.5775000000000003,0.0,0.3966956412194509,0.0
CN1c2c([nH]c(N)nc2=O)NCC1CNc1ccc(C(=O)NC(CCC(=O)O)C(=O)O)cc1,0,12.331834930904854,12.331834930904854,0.038808047809302026,-1.299634376421969,29.44689802945517,24.284676131127995,0.0,30.39527484768347,24.59476186434374,5.687386274683562,12.13273413692322,19.18040611960041,4.899909730850477,25.918322853913406,10.84019487200289,0.0,0.0,54.81396788907228,26.590166262723734,6.499918174373745,-2.4959943271496265,5.031327658159263,-0.5858847251569068,1.0256732700204854,1.787492464623684
O=C(O)CNC(=O)c1ccccc1,0,11.174675925925927,11.174675925925927,0.3534448223733939,-1.0515915532879812,5.9693052879518484,9.589074368143644,0.0,12.45193613526408,5.563451491696996,0.0,0.0,30.33183534230805,0.0,5.316788604006331,5.106527394840706,0.0,0.0,21.29502299067775,10.554453577727386,0.461805555555556,-1.4238137755102032,8.465976473922902,0.0,-0.3534448223733939,0.0
O=C(NCCS(=O)(=O)c1ccc(C(F)(F)F)cn1)c1ccc(Cl)cc1,0,12.44858391738725,12.44858391738725,0.21577841553287946,-4.595390167902499,38.26299646032551,26.383579311425223,0.0,6.544756405912575,22.849295445513008,6.06636706846161,24.26546827384644,0.0,0.0,10.300767124953538,11.600939890232516,61.432379847691365,5.699254508952594,15.190835233389345,2.3773912430496127,-0.7389405120659627,-0.9886344732686119,7.413876905710593,-4.137875125907909,-0.21577841553287946,-3.921398100907028
COc1cccc2c1c(=O)c(C(=O)N(C)c1ccc(C(F)(F)F)cc1)c(O)n2C,0,12.994437421178041,12.994437421178041,0.11061976443469979,-4.509704562080485,34.51915995852488,27.86684690600881,0.0,16.823122322432262,5.516700717616262,29.165378004696915,25.77224115442327,18.19910120538483,0.0,0.0,4.736862953800049,44.70665398931287,0.0,26.945999803075246,10.593504852864521,-1.6202119960383397,-1.1902660039375406,8.672657535894645,-4.509704562080485,0.0,4.151366380909095
CCOC(=O)C(CCc1ccccc1)NC1CSC(c2cccs2)CN(CC(=O)O)C1=O,0,13.224388498856843,13.224388498856843,0.004201760440938118,-1.0556019445098073,24.022292234199618,19.49013894705617,0.0,24.30875612975917,25.139253258511385,10.440598685398296,4.899909730850477,30.022408027016475,47.844632249697185,5.316788604006331,4.736862953800049,5.246322924626947,3.1988186210457688,39.744725667373224,14.497963453928843,1.092990301862506,-1.3086503876524964,12.44145787596278,1.131559459042774,1.9548120838096483,0.0
CCOc1ccc(Cc2cc([C@@H]3O[C@H](CO)[C@@H](O)[C@H](O)[C@H]3O)ccc2Cl)cc1,0,10.342070780504015,10.342070780504015,0.4642130551032644,-1.4156129173127459,37.126713903254426,20.426109579362823,0.0,0.0,23.61378839287725,16.876414816677897,0.0,12.13273413692322,37.255572541998674,0.0,21.074665797832616,11.084159948175355,6.352828295119359,0.0,40.26837230904193,2.485026814865831,0.7985334936227797,12.941069411171775,-5.386944279700368,2.0680651188144505,0.0
COc1cc2ncc(-c3ccccc3)nc2cc1OC,1,5.297124433106576,5.297124433106576,0.6523256277819773,0.6523256277819773,0.0,0.0,0.0,0.0,11.49902366656781,22.29078092177798,0.0,20.416438654168143,42.46456947923127,9.967957041894415,9.473725907600098,10.563544889604142,0.0,9.074928193499622,0.0,3.4382768277063915,1.3067340639959693,13.63318405660397,1.7674433106575964,0.0,3.2158886579323083
CCC(C)C(C(CC(=O)N1CCCC1C(OC)C(C)C(=O)NC(Cc1ccccc1)c1nccs1)OC)N(C)C(=O)C(NC(=O)C(C(C)C)N(C)C)C(C)C,1,14.290100430549533,14.290100430549533,0.007513706053253522,-0.7505468290095829,30.20952047995392,19.178148736287287,0.0,65.9287811662601,19.386399651764595,23.41271843440178,11.336785877934735,32.36402036769581,94.2257475382824,29.465030128341116,9.473725907600098,12.088773564006155,1.5064901484757478,65.81778342780379,9.023252032703947,1.093350100124712,-1.3516391871197668,7.830926423797229,3.4875127927615233,14.345176768824658,8.658373928622003
CCc1cccc2c3c([nH]c12)C(CC)(CC(=O)O)OCC3,0,11.28582703451751,11.28582703451751,0.0047422996976567156,-0.8203045214999578,11.570356098935537,9.901064578912528,0.0,6.4208216229260096,13.027703587438928,24.05227195831674,16.513127197858786,0.0,6.923737199690624,30.10681692602266,4.736862953800049,5.9430246126228266,0.0,14.780271478961954,10.487763447971782,3.883181689342404,-0.8203045214999578,6.321297713529857,2.4492822499370117,4.705483329134123,0.0
O=c1[nH]c(=O)c2c[nH]nc2[nH]1,0,10.925092592592593,10.925092592592593,0.2766203703703707,-0.5466666666666666,11.24901029325548,9.589074368143644,0.0,5.647177220767728,5.386224214464796,0.0,6.196843571613076,0.0,0.0,20.16532065849649,0.0,0.0,0.0,25.991944444444446,6.456898148148149,-0.7029166666666664,0.0,0.0,1.4207407407407406,0.0,0.0
NCCCCCC(=O)O,0,9.931203231292518,9.931203231292518,0.2777777777777777,-0.715720899470899,5.9693052879518484,4.794537184071822,0.0,6.4208216229260096,6.544756405912575,19.26246486877803,0.0,0.0,0.0,0.0,10.84019487200289,0.0,0.0,9.931203231292518,8.1815589569161,5.19796626984127,-0.715720899470899,0.0,2.9053703703703704,0.6662887377173091,0.0
CCCCCOc1ccc(-c2cc(-c3ccc(C(=O)NC4CC(O)C(O)NC(=O)C5C(O)C(C)CN5C(=O)C(C(O)CC(N)=O)NC(=O)C(C(O)C(O)c5ccc(O)c(OS(=O)(=O)O)c5)NC(=O)C5CC(O)CN5C(=O)C(C(C)O)NC4=O)cc3)no2)cc1,0,14.674097986811997,14.674097986811997,0.10666635027214788,-5.353708451997301,198.19550816135177,97.28559088416024,0.0,5.563451491696996,56.870025793537884,32.25256913693026,31.189205473537065,30.33183534230805,10.633577208012662,32.21385170148477,14.993625367935582,48.1076470597919,0.0,114.5551994396821,116.1726681256921,6.166182062969964,-12.883341477887457,3.5178625649988655,-17.27019670024291,3.7376873769926973,-5.353708451997301
O=C(O)CNC(=O)c1nc(Cl)c2ccccc2c1O,0,11.710277620307382,11.710277620307382,0.0637731481481485,-1.1946982342319645,18.42124142321593,14.69560176298435,0.0,16.596549645025156,10.772448428929591,0.0,0.0,24.26546827384644,0.0,10.300767124953538,16.70746728507322,0.0,5.922404922874499,25.87508746620098,21.52507363852166,-0.300972222222222,-2.3239187557739136,6.645182880608115,0.0,-0.5650801524313431,0.0
COc1cc2ncnc(Nc3ccc(O)cc3)c2cc1OC,0,9.336674550222945,9.336674550222945,0.21250109231530634,0.21250109231530634,0.0,5.106527394840706,0.0,5.749511833283905,17.316886444402837,16.59031120676462,6.3273200747645415,44.55143042486311,6.06636706846161,15.284745645900745,9.473725907600098,10.605919165760886,0.0,8.529359620391366,13.354167227849551,1.5569567008902327,2.0870218374565424,10.382413076341647,1.483130039052658,0.0,3.1676989989237807
COC(=O)C1=C(C)N=C(C)C(C(=O)OC2CCCN(Cc3ccccc3)C2)C1c1cccc([N+](=O)[O-])c1,0,13.677256900847269,13.677256900847269,0.12917979014937586,-0.9126815260590508,28.697733717044155,19.703392636909218,0.0,17.36445719250113,23.516932213436107,25.93115605767717,24.805983169897747,25.980208536304467,18.19910120538483,22.025048600409363,9.473725907600098,11.040295662099275,0.0,44.20027346241194,11.457904659232526,2.6239837125931604,-2.862365390657307,16.12205561228973,1.3201236051506604,5.6721608492207,1.2589011609926457
CCc1ccc(OCc2ccccc2C(=O)Nc2ccc3nc(C)cc(N)c3c2)cc1,1,12.991331865518372,12.991331865518372,0.19581184621588643,-0.19581184621588643,0.0,4.794537184071822,0.0,5.907179729351506,23.545106005577036,34.33063787483643,5.563451491696996,6.06636706846161,61.52104081584512,29.35723846156738,10.470530430962235,5.9123732044149815,0.0,17.47506177163317,3.7833340495416614,11.755280320905138,0.5821595151681735,22.84188184494235,0.9854920289806419,4.331083931080546,0.0
CC(=O)OC1=C2C(C)[C@@H](OC(=O)C(O)C(NC(=O)c3ccccc3)c3ccccc3)C[C@@](O)([C@@H](OC(=O)c3ccccc3)[C@@H]3[C@]4(OC(C)=O)CO[C@@H]4C[C@H](O)[C@@]3(C)C1=O)C2(C)C,0,15.460091315956683,15.460091315956683,0.0028853439807063896,-2.3909581468254917,118.17719974307924,39.292268104881224,4.794537184071822,29.727711100902187,5.563451491696996,13.847474399381248,19.056471336613846,99.63398348907282,0.0,5.316788604006331,23.684314769000245,30.226848164426727,0.0,83.42405008554127,40.23416023900356,-7.216054447389473,-8.506467090626503,22.953467932492533,-8.623872748139817,8.007867864691729,0.0
COc1cccc(-c2ccc(C(Oc3cc(-c4ccc(CC(N)C(=O)O)cc4)nc(N)n3)C(F)(F)F)cc2)c1,0,14.074898861013374,14.074898861013374,0.11086943649894954,-4.748102800968616,24.291411022291584,17.96578232709628,0.0,29.506528726893333,22.439866308374892,5.563451491696996,25.30889874666236,54.59730361615449,6.06636706846161,9.967957041894415,26.047588256765174,52.77215614243371,0.0,18.92734127186286,8.97918880292967,14.150541633466789,-1.1206009777100443,19.78465500099391,-6.943815063900114,0.0,1.5338665232565598
CCOc1cc2ncc(C#N)c(Nc3ccc(F)c(Cl)c3)c2cc1NC(=O)C=CCN(C)C,1,13.575593405749409,13.575593405749409,0.04818045428546003,-0.5453832938700158,5.817220841045894,14.446843786485129,0.0,16.493264534789827,46.86623395984114,0.0,30.471964883831784,18.208754243757102,25.918990895895483,21.68677704175214,16.337802844032566,19.276332722098843,5.905325496888886,18.737265335380943,16.107405227700504,2.2026507045812522,-0.4123097066527597,9.674225790984078,4.633578084894616,2.8450075897229437,3.8082965321784723
CCCCCCCCCCCCCCCCCC(=O)O,1,10.333207244414826,10.333207244414826,0.3454921184159938,-0.6530610164081214,5.9693052879518484,4.794537184071822,0.0,0.0,6.4208216229260096,12.841643245852019,83.47068109803816,0.0,0.0,6.923737199690624,5.106527394840706,0.0,0.0,10.333207244414826,8.51732177827958,0.0,-0.6530610164081214,0.0,20.199197231189736,2.2700014291906463,0.0
COc1cc(-c2ncn(C=CC(=O)OC(C)C)n2)cc(C(F)(F)F)c1,1,12.954775913073865,12.954775913073865,0.03910024799635181,-4.521465955540787,17.70905529709232,17.96578232709628,0.0,23.24133421072913,0.0,18.208754243757102,30.385242509469315,13.847474399381248,0.0,10.082660329248245,9.473725907600098,49.8777753417726,0.0,15.379513209553794,4.018253023431595,-0.7242266552958287,-0.461765544627198,3.2151853127231917,-1.077594235315022,3.417332478210073,1.2721937362134663
CC(C(=O)O)c1cccc(Oc2ccccc2)c1,0,10.928526269705923,10.928526269705923,0.5376635592508616,-0.840869341563786,11.887211334113243,4.794537184071822,0.0,0.0,5.749511833283905,11.3129633249809,0.0,25.122838405075452,36.39820241076966,0.0,9.843390348640755,5.655976946334089,0.0,10.928526269705923,8.975240233451814,0.7323436318972034,0.0005671558746950245,16.55063563424043,0.0,1.6567101284958428,0.0
Oc1cccc2cccnc12,0,9.308703703703703,9.308703703703703,0.2389814814814819,0.2389814814814819,0.0,5.106527394840706,0.0,5.749511833283905,5.516700717616262,5.386224214464796,0.0,18.3295777085363,18.19910120538483,4.983978520947208,0.0,0.0,0.0,4.0307407407407405,10.273981481481481,0.6620370370370372,0.2389814814814819,9.125555555555557,1.6687037037037036,0.0,0.0
CC(=O)Nc1ccc(C(=O)NC(C)(C)C)cc1,1,11.795347537163014,11.795347537163014,0.11863425925925863,-0.25655831391198447,0.0,9.589074368143644,0.0,17.353284711086356,11.250837766380558,0.0,6.923737199690624,24.26546827384644,20.771211599071872,10.633577208012662,0.0,0.0,0.0,22.62454690561563,5.517906706664148,1.0062525326488625,-0.24651105967078113,6.788333333333333,0.0,7.226138248075477,0.0
OCCOc1ccc(C(=C(CCCl)c2ccccc2)c2ccccc2)cc1,1,8.932014310231995,8.932014310231995,0.004759024900792497,0.004759024900792497,0.0,0.0,0.0,6.606881964512918,12.486885409483257,23.297236439603907,16.70966055183553,0.0,24.26546827384644,60.6636706846161,21.44433023887327,5.5010499286568,6.169753882793459,0.0,8.932014310231995,5.848712344620536,1.3027291281739037,28.781852436140937,0.7763495369068963,0.29864954358658524,0.0
CC(C)(C)NC(=O)C1CCC2C3CCC4NC(=O)C=CC4(C)C3CCC12C,0,13.038479994123708,13.038479994123708,0.06606900511764757,-0.16729358695226137,0.0,9.589074368143644,0.0,40.14301252518927,17.75371813848418,19.26246486877803,19.26246486877803,6.076020106833881,0.0,51.328283313299664,0.0,0.0,0.0,24.881916918308324,6.47531086120169,0.032346947502261525,2.407681157420411,0.27962527988952934,10.715082971173114,10.958035864504673,0.0
O=C(Nc1cccc2c(=O)cc(-c3nn[nH]n3)oc12)c1ccc(OCCCCc2ccccc2)cc1,1,12.890124773095241,12.890124773095241,0.14424451054066556,-0.3430330983204144,0.0,9.589074368143644,0.0,28.50364217976866,28.993455778642176,19.26246486877803,11.629818560158606,42.46456947923127,18.19910120538483,38.07365654884136,9.154013890853395,11.662047058114553,0.0,25.457090329977834,16.65254658023238,2.0779478585847047,0.6487962870377812,23.557443613345395,3.003528325575532,0.6072666137984847,0.0
Nc1nc(=S)c2[nH]cnc2[nH]1,0,5.3966666666666665,5.3966666666666665,0.28666666666666685,0.28666666666666685,0.0,0.0,0.0,5.948339280986494,15.804467205822682,0.0,6.3273200747645415,0.0,0.0,19.93591408378883,17.95154092020888,0.4386574074074079,4.912546296296296,13.400972222222222,0.0,6.754722222222223,0.28666666666666685,0.0,1.5397685185185186,0.0,0.0
CC(C)c1ccc(C(=O)N=C(N)N)cc1S(C)(=O)=O,0,11.75866969009826,11.75866969009826,0.024959477618207826,-3.4261741780045347,15.744432865769006,13.212334168400758,0.0,22.33639558212,5.563451491696996,6.255769183511404,12.13273413692322,6.06636706846161,13.847474399381248,4.992404732635668,11.46733495432437,23.51733938019652,0.0,15.181105442176873,0.0,11.03615958574788,-1.003699924414209,4.425334939531368,1.1002284895439658,3.7530395985554716,-3.4261741780045347
Cc1c(Cl)cccc1Nc1ccccc1C(=O)O,1,11.097768784468519,11.097768784468519,0.2332180650037794,-0.9603878495842777,5.9693052879518484,4.794537184071822,0.0,5.563451491696996,10.710019588424888,11.250837766380558,0.0,30.33183534230805,19.056471336613843,5.316788604006331,16.70746728507322,0.0,6.02606722936088,11.097768784468519,12.845299176254864,2.4748154446963975,-0.9603878495842777,12.244565049270737,0.0,1.882983276643991,0.0
O=C(O)c1cc(N=Nc2ccc(O)c(C(=O)O)c2)ccc1O,0,10.880002972416392,10.880002972416392,0.16680555555555565,-1.3126417797503656,23.437634242471507,19.802129157825057,0.0,22.501675532761116,0.0,24.26546827384644,12.13273413692322,0.0,0.0,10.228500251258795,10.213054789681411,0.0,0.0,21.760005944832784,44.03450150338678,-0.31753495842781354,-3.4229745264088693,7.279335369950449,0.0,0.0,0.0
CON=C(C(=O)NC1C(=O)N2C(C(=O)O)=C(CSC(=O)c3ccco3)CSC12)c1csc(N)n1,0,12.844827141536646,12.844827141536646,0.08093733094270705,-1.2879101824001717,29.199378388771557,24.284676131127995,0.0,44.61544235306807,5.5731045300692665,27.99858055817633,36.581275325235225,6.06636706846161,0.0,15.456479851704078,14.988406997952165,5.05477337246191,3.2872668458323693,59.631213814698455,16.800543871405228,5.885488440244828,-2.0828185665266465,2.125487560142575,1.3711289645706768,0.0,1.2602490305039407
NCCCC(O)(P(=O)(O)O)P(=O)(O)O,0,10.717127267573696,10.717127267573696,0.03937500000000016,-5.302083333333334,26.69557389656929,14.236623964703364,0.0,12.965578028838586,0.0,0.0,0.0,0.0,0.0,0.0,25.307313888172086,21.434254535147392,0.0,34.50798752834467,5.913557098765432,5.005227072310405,0.0,0.0,-0.8563734567901231,-0.03937500000000016,-10.604166666666668
CCOC(=O)C1=CCCCC1S(=O)(=O)Nc1ccc(F)cc1Cl,0,13.055726104975466,13.055726104975466,0.04995485848660408,-3.910254629629628,27.0597553123875,17.60274921607558,0.0,22.890006083007073,19.26246486877803,12.13273413692322,6.06636706846161,12.999757306524504,0.0,4.722094864452088,16.337802844032566,45.51082554565046,5.849972368283605,11.96083541891232,-1.0671588141429413,0.1997066064079962,-1.1986103330858917,3.361977198286722,3.166227145608609,1.820923938153202,-3.910254629629628
CC(CN1CC(=O)NC(=O)C1)N1CC(=O)NC(=O)C1,0,11.279214170235996,11.279214170235996,0.08916666666666662,-0.32355221718316907,0.0,19.178148736287287,0.0,55.84958537020428,6.544756405912575,0.0,0.0,9.799819461700954,6.923737199690624,10.633577208012662,0.0,0.0,0.0,48.48449651465524,4.455283026790964,0.0,-1.2935607205845285,-0.08916666666666662,0.0,2.942947845804988,0.0
CC(C)Nc1cc(-c2c[nH]c(C(=O)N[C@H](CO)c3cccc(Cl)c3)c2)c(Cl)cn1,1,12.670092347927847,12.670092347927847,0.22777229442255376,-0.5700854714313714,6.041840829147961,9.901064578912528,0.0,18.555902523012385,21.557057400166144,16.690354475090988,0.0,42.7255224855342,19.913841467842857,20.601534249907075,23.20187978046503,0.0,12.313822639355438,19.90118492821319,16.74723000489883,2.597001253217364,0.35544938040144247,10.227823715063375,3.2895852404315815,3.7901250606410035,0.0
COc1cc(OC)c2c(=O)[nH]c(-c3cc(C)c(OCCO)c(C)c3)nc2c1,0,12.661506920108112,12.661506920108112,0.05173909774673602,-0.28665164819881617,0.0,4.794537184071822,0.0,18.773030824077843,28.226353096648793,22.439866308374892,7.109797541277533,19.242531678200752,25.980208536304467,9.967957041894415,19.31711625624085,16.170144078963936,0.0,20.09026274651275,9.336880390633095,2.7520851830682287,2.134503665910142,7.136893296126077,0.0,3.9983700219564353,3.047527283496002
CSc1nc2cc(Cl)c(Oc3cccc(Cl)c3Cl)cc2[nH]1,0,6.235937263794407,6.235937263794407,0.3516145964558668,0.3516145964558668,0.0,0.0,0.0,0.0,26.56692360779179,16.189837917053232,11.761884949391115,30.33183534230805,6.255769183511404,9.967957041894415,39.5396826244976,5.768839994331065,19.85135955182161,7.570889961437249,2.0546484484987078,1.6303625318440138,0.9441281126648198,8.732873510451522,1.9468978889510096,0.0,0.0
N=C(CCSCc1csc(N=C(N)N)n1)NS(N)(=O)=O,0,10.664226143631911,10.664226143631911,0.04067662304359598,-3.8537629078012476,10.209329170397666,8.417796984328938,0.0,18.215995977427113,16.63726569333291,5.693927994848461,23.09867082732585,0.0,10.102157634918003,9.976383253582876,22.015592297723835,23.23280910528947,2.837329949107997,8.014027385620098,14.437853800694501,11.301824683220527,1.0100847712626218,0.0,0.2698332126060301,0.0,-3.8537629078012476
O=c1[nH]c(=O)n(C2CCCO2)cc1F,0,12.853593159486017,12.853593159486017,0.4501388888888891,-0.9960676492819347,23.294132305036246,13.979489415818463,0.0,0.0,13.027703587438928,17.18476484233044,0.0,0.0,4.983978520947208,0.0,4.736862953800049,19.115683106575965,0.0,23.843002173091456,0.0,-1.6319009826152682,-0.9721296296296293,0.0,1.9252539210128492,0.5534247448979591,0.0
CCCNC1CCc2nc(N)sc2C1,0,5.690909312799194,5.690909312799194,0.6410185185185182,0.6410185185185182,0.0,0.0,0.0,0.0,6.041840829147961,24.51795813160393,23.412718434401782,11.336785877934735,0.0,17.224504324644162,5.733667477162185,0.0,1.6540596655328796,5.725518628747795,4.287389167086587,6.928917154824894,0.0,0.6410185185185182,4.61009337994457,3.319670152011422,0.0
CN1CCC(c2c(O)cc(O)c3c(=O)cc(-c4ccccc4Cl)oc23)C(O)C1,1,12.769432004283193,12.769432004283193,0.01876700680272103,-0.7438293825760758,17.450662825810234,20.11411936859394,0.0,28.22851544154929,29.115114325973902,12.611123474374185,6.06636706846161,24.26546827384644,11.947581713527667,0.0,16.018090827285864,6.001549744897959,6.246199911255526,14.761653224854882,31.805403435176913,0.4917950575291852,-0.7667591017888629,9.348952683558714,-0.16929252050614496,1.1516720241305374,1.9066033186690654
CN(C)C(=O)COC(=O)Cc1ccc(OC(=O)c2ccc(N=C(N)N)cc2)cc1,0,12.196836582828265,12.196836582828265,0.0011793226676262147,-0.5457337418494321,11.938610575903697,14.383611552215466,0.0,24.894437885534266,22.56380109136146,0.0,4.899909730850477,62.626280513047256,0.0,4.992404732635668,20.94106086192447,10.211127278406058,0.0,40.59563183664268,0.0,12.108702265310171,-1.1202233717269166,12.683176788010565,0.0011793226676262147,-0.30207929758192176,3.1558185116050708
CCC(=O)OC1(C(=O)CCl)C(C)CC2C3CC(F)C4=CC(=O)C=CC4(C)C3(F)C(O)CC21C,0,17.19162090402004,17.19162090402004,0.04307176706244609,-2.252601686507936,75.54495011591776,19.490138947056174,8.78083009534964,24.835569398847294,6.4208216229260096,6.076020106833881,19.075777413358388,20.771211599071872,0.0,0.0,16.337802844032566,38.53142681308145,5.97200897459623,37.66090938685625,11.368232158604183,-6.472602656418567,-3.844829470556192,0.0,0.584475646945011,6.644823591336072,0.0
OCC(CO)NC1CC(O)(CO)C(O)C(O)C1O,0,9.929321617535903,9.929321617535903,0.22282407407407367,-1.9387155139833712,55.817277526063265,20.426109579362823,0.0,6.4208216229260096,0.0,0.0,0.0,0.0,0.0,5.316788604006331,15.319582184522117,0.0,0.0,0.0,68.42428335222978,-1.9387155139833712,0.0,-1.5973280423280434,-4.9069779856387,-1.5645951436130008,0.0
OC(c1cc(C(F)(F)F)nc2c(C(F)(F)F)cccc12)C1CCCCN1,1,13.23743121536953,13.23743121536953,0.13176067649281986,-4.929202963592844,41.27248445594493,31.449017680889625,0.0,10.949675706161791,25.098312165761808,18.90801031431363,6.06636706846161,0.0,0.0,10.300767124953538,0.0,79.2783187783837,0.0,3.224566326530612,13.467752621882088,-3.7173868312757214,0.0,3.15507629440665,-8.99629531004576,0.5879681201184176,0.0
COC(=O)C=CC(=O)OC,1,10.315374149659863,10.315374149659863,0.5783333333333329,-0.5783333333333334,11.938610575903697,9.589074368143644,0.0,0.0,0.0,12.152040213667762,14.219595082555067,0.0,0.0,9.473725907600098,0.0,8.423168934240362,0.0,20.630748299319727,0.0,0.0,-1.1566666666666663,0.0,1.983796296296296,0.0,2.452286470143613
CC(C)(C)c1cnc(CSc2cnc(NC(=O)C3CCNCC3)s2)o1,1,12.248810699310997,12.248810699310997,0.03522401753309712,-0.03522401753309712,0.0,4.794537184071822,0.0,17.24007624490968,16.77513600861203,35.90058265407369,11.336785877934735,24.155572092617266,0.0,41.37274584897895,4.417150937053347,6.835194934157429,3.111094721067439,20.890799618575628,6.873065605766906,-0.03522401753309712,2.4214880037172675,0.0,5.367467079436932,8.119447388144827,0.0
O=C(O)c1cc(-c2ccccc2)nc2ccccc12,0,11.370674918115395,11.370674918115395,0.2819009826152685,-0.9344619236583511,5.9693052879518484,9.901064578912528,0.0,5.563451491696996,16.596852926929518,5.563451491696996,0.0,12.13273413692322,48.53093654769288,4.983978520947208,0.0,0.0,0.0,15.89586010330058,9.98815208490804,2.567739984882843,-0.9344619236583511,18.482709750566894,0.0,0.0,0.0
CC12CCC3c4ccc(O)cc4CCC3C1CCC2OC(=O)CCC1CCCC1,0,12.60486120732163,12.60486120732163,0.05126246640631549,0.05126246640631549,0.0,9.901064578912528,0.0,17.48826214509693,29.924051594694095,31.60119253786543,56.07265434387607,0.0,12.13273413692322,12.990104268152233,4.736862953800049,6.13656389966455,0.0,12.60486120732163,9.858648564363326,2.9716269515654683,3.1883015812147435,6.001154960396725,13.917273275550825,2.404902893256068,0.0
CC(=O)OCC(=O)C1(O)CCC2C3CC=C4CC(=O)C=CC4(C)C3C(O)CC21C,0,12.856057653273787,12.856057653273787,0.04551238242210487,-1.608796716217351,35.47943986695847,24.596666341896878,0.0,28.951953554245897,25.683286491704038,11.993926152995275,6.923737199690624,6.076020106833881,12.999757306524504,12.999757306524504,4.736862953800049,4.874706490368329,0.0,35.89380472192825,22.7055144854978,-1.6838909790589531,-0.8010544398799713,0.0,7.468723716705527,4.792196004439021,0.0
O=C(Nc1cc(Cl)cc2c1[nH]c1cnccc12)c1cccnc1,1,12.363823696145126,12.363823696145126,0.23754834341143827,-0.23754834341143827,0.0,4.794537184071822,0.0,5.907179729351506,16.273471080121883,21.805849864162113,6.196843571613076,36.78963192022405,12.13273413692322,20.268724166847953,11.600939890232516,0.0,6.217433582486493,23.710915324726805,5.390242924330226,2.812259332745444,-0.23754834341143827,8.93444246203821,6.616699161528707,0.0,0.0
CCCC(NC(C)C(=O)N1C(C(=O)O)CC2CCCCC21)C(=O)OCC,1,13.083237040186443,13.083237040186443,0.008165259931132152,-0.9347676862679559,24.09482777539573,19.49013894705617,0.0,23.83623189261271,19.448525210364938,32.10410811463005,0.0,18.747384130231726,6.923737199690624,5.316788604006331,4.736862953800049,5.087464142299099,0.0,38.48605751564986,12.672684368334622,0.0,-1.2445395530929435,-1.9247189678340484,5.873802838196951,5.715916323113119,0.0
O=C(NS(=O)(=O)c1ccc(Br)s1)c1ccc(Cl)cc1Cl,0,11.995972362195907,11.995972362195907,0.03038053595923995,-3.916361292202065,15.930470882759089,13.212334168400758,0.0,14.795263982960403,8.809048531578044,11.336785877934735,24.26546827384644,6.06636706846161,4.722094864452088,15.929943897949348,23.20187978046503,26.62814851239785,15.733108508735686,11.947659556878307,0.43903210322492514,0.03728099804736762,-0.8090841521793901,7.162437987319541,0.0,0.0,-3.916361292202065
Oc1cn2c(n1)Nc1ccc(Cl)c(Cl)c1C2,0,9.2957950505305,9.2957950505305,0.016180083144368362,-0.016180083144368362,0.0,5.106527394840706,0.0,5.879988336435371,22.53836231438172,11.250837766380558,0.0,16.83031028786604,6.06636706846161,10.300767124953538,23.20187978046503,1.7776543209876543,12.06021480711626,3.9335166288737717,13.429940458693768,1.7699691358024698,0.584180209120686,3.576342907533384,1.5441537540942303,0.5462499999999999,0.0
O=C(O)c1cc(I)ccc1NC(=O)C(Cc1ccccc1)NCc1ccccc1,0,13.029583175862937,13.029583175862937,0.07571341203556203,-1.0734535984024267,12.011146117099809,14.69560176298435,0.0,11.470631221048501,18.652964303522147,14.697085254459388,0.0,18.19910120538483,83.25454131168418,10.633577208012662,0.0,0.7926269783597182,2.0490065580486414,24.58639564164463,15.55234693449652,2.4605468820167595,-1.3433680919776345,23.998123817911914,0.49234095490047847,0.5319803245989754,0.0
C[S+]([O-])CCCCN=C=S,0,10.520736305324599,10.520736305324599,0.6591017888636936,-0.6591017888636936,11.175854473385288,4.552749873690364,0.0,0.0,0.0,25.139253258511385,0.0,6.255769183511404,0.0,22.37154002780791,0.0,10.520736305324599,3.7174101368942636,3.734500818846057,2.288299319727891,0.0,0.7707823129251701,0.0,3.6342433285042413,0.7229166666666668,0.0
CC(=O)OCC(=O)C1(O)CCC2C3CC=C4CC(=O)CCC4(C)C3C(=O)CC21C,0,13.474536223439994,13.474536223439994,0.045121409674980795,-1.6516134679180312,29.37547347921017,24.28467613112799,0.0,47.57684174646285,32.10410811463005,5.5731045300692665,6.923737199690624,0.0,6.923737199690624,12.999757306524504,4.736862953800049,4.861411000684852,0.0,49.4065397725834,11.413394881483356,-1.695161056534387,-0.7758432475696626,0.0,5.623819514977175,4.7491724677086005,0.0
C=CCNc1c(O)cc2c(O)c1C=C(C)CC(OC)C(O)C(C)C=C(C)C(OC(N)=O)C(OC)C=CCC(C)C(=O)N2,1,13.057798785543195,13.057798785543195,0.03788201558809412,-0.9816381989920349,48.25209744360591,24.90865655266576,0.0,34.85806933055794,18.53868255890785,5.5731045300692665,20.285962151016676,51.15131213324128,6.923737199690624,17.21251289161116,19.944256338562333,16.609403400244798,0.0,24.796211191126417,39.00100041339014,7.245184619011921,-1.7733666494609719,1.2787133506142272,4.8182609637024205,11.077747229487631,2.9468454818834173
CCCC(NC(=O)C1C2CCCC2CN1C(=O)C(NC(=O)C(NC(=O)c1cnccn1)C1CCCCC1)C(C)(C)C)C(=O)C(=O)NC1CC1,0,14.592590643299967,14.592590643299967,0.013154619184529759,-0.9944200365331317,58.99431764975958,28.76722310443093,0.0,35.3966666918321,19.386399651764595,64.20821622926012,18.59053071483923,4.899909730850477,27.694948798762496,31.23511145791974,0.0,0.0,0.0,91.4083262854183,11.485699584795642,-0.6380149056929849,-3.203401701207784,-3.6766829092678748,13.857624864760103,7.849782114527935,0.0
CNS(=O)(=O)Cc1ccc2[nH]cc(CCN(C)C)c2c1,0,11.617422752311821,11.617422752311821,0.011647376543209909,-3.23126930324599,10.023291153407584,8.417796984328938,0.0,5.752853606746789,0.0,29.43195445261664,12.611123474374185,0.0,38.49128874235229,14.605983116249774,0.0,25.578971566702897,0.0,5.365425301293357,1.1070861678004538,3.068815192743765,0.011647376543209909,5.754139266817838,2.9441949326026706,0.9642808720710506,2.2887726567580913
COc1cc2c(c(OC)c1OC)-c1ccc(OC)c(=O)cc1C(NC(C)=O)CC2,0,12.642141291331857,12.642141291331857,0.16671081086755657,-0.3320351473922909,0.0,9.589074368143644,0.0,23.127322783683912,35.65363023740073,16.690354475090988,20.099901809429767,27.39575969229421,12.13273413692322,5.316788604006331,18.947451815200196,21.99559367922508,0.0,24.480584714257603,2.9640846245905768,3.0102698780129336,1.6049147560258685,6.569938350340136,1.2685517447719827,1.4642636159402032,6.141798636835613
O=C(C=Cc1ccc(O)c(O)c1)OC(Cc1ccc(O)c(O)c1)C(=O)O,0,11.820732447299907,11.820732447299907,0.2056043032711503,-1.4960060783572697,23.792088796935904,35.12171134234717,0.0,23.669357122777726,11.126902983393991,6.076020106833881,42.47422251760354,0.0,0.0,0.0,4.736862953800049,4.880374700806248,0.0,23.09427853615173,46.45663430640411,0.7504799823459638,-3.7350496782879308,7.654851420553357,0.5650973986931769,0.0,0.0
CC(N)(Cc1ccc(O)c(O)c1)C(=O)O,0,10.74038281053162,10.74038281053162,0.07953703703703718,-1.385503590325019,11.508230540335195,9.901064578912528,0.0,17.919845289493818,5.563451491696996,0.0,25.122838405075452,0.0,0.0,0.0,15.946722266843596,0.0,0.0,10.74038281053162,27.04052232930209,4.7039380196523055,-1.642080498866212,4.106233938019653,0.07953703703703718,1.3881330309901738,0.0
O=C(Nc1ncc([N+](=O)[O-])s1)c1ccccc1O,1,11.739726001511716,11.739726001511716,0.07903061224489827,-0.5899680335096997,10.830490778169176,20.015382847678097,0.0,21.445603781508098,0.0,17.53362944954781,12.13273413692322,12.13273413692322,0.0,10.300767124953538,0.0,0.0,0.7460683578987148,25.29303674673624,22.234223233676694,0.07903061224489827,-0.7375890757537578,5.991251478182845,1.0606453136810279,0.0,0.0
O=C(NN=Cc1ccc([N+](=O)[O-])o1)c1ccc(O)cc1,0,11.614286501637693,11.614286501637693,0.0490244053824227,-0.6742405190398171,16.714672980030183,14.908855452837393,0.0,11.509759252158346,5.563451491696996,6.2146005795353165,36.39820241076966,0.0,0.0,10.527198922850108,9.523678331894054,4.8155798671626595,0.0,21.32598220397071,23.077144415427764,2.5349333375325442,-0.6997505274302074,8.135285086052583,1.144158950617284,0.0,0.0
N#CCC(C1CCCC1)n1cc(-c2ncnc3[nH]ccc23)cn1,1,9.179872779971085,9.179872779971085,0.16648407974300827,0.16648407974300827,0.0,5.261891554738487,0.0,6.041840829147961,12.338727669087403,22.29078092177798,25.683286491704038,6.3273200747645415,29.338700718446024,26.119838683934933,0.0,1.9673970143613,0.0,11.743828163011965,14.712614260822685,2.6756334246661635,0.5556265747039556,4.470636705299404,12.70759719046786,0.0,0.0
Cc1ccnc(NS(=O)(=O)c2ccc(N)cc2)n1,1,11.992250566893425,11.992250566893425,0.047986111111111285,-3.6774074074074066,10.023291153407584,8.417796984328938,0.0,10.84382275650427,11.381314269532023,0.0,30.462311845459514,12.990104268152233,0.0,14.690051906346504,5.733667477162185,26.288518518518522,0.0,7.92986363063744,0.0,6.683724213463572,0.047986111111111285,7.568720507486741,1.4892541152263374,1.7526736442970208,-3.6774074074074066
CO[C@@H](C)Cn1c(=O)n(C)c2cnc3ccc(-c4cncc(C(C)(C)O)c4)cc3c21,0,12.89802586132402,12.89802586132402,0.0978729775248528,-0.9812675042499732,5.601050810983688,9.901064578912528,0.0,11.793709785951776,6.544756405912575,38.62668084240456,0.0,55.72967393375791,31.18920547353706,9.967957041894415,4.736862953800049,8.771968578037127,0.0,21.758244927154106,11.236295457255054,3.9135179234656507,0.0,7.896808652473334,5.079750606586375,5.8632907816274455,3.3967897400675735
CCn1c(C(=O)N(C2CC2)C2CC2)cc2c3c(ncn3C)c(Nc3cc(C)n(C)n3)nc21,0,13.659107535665523,13.659107535665523,0.13891517126185304,0.13891517126185304,0.0,4.794537184071822,0.0,5.907179729351506,24.446300842043524,64.95580812970103,0.0,6.3273200747645415,42.40071788490476,31.790195511587033,4.983978520947208,5.880021380214589,0.0,25.369407576850755,8.82785189102424,4.318774969768006,1.5163136705299411,4.821911711746841,6.283369869606966,4.752137449088345,3.8968781478369805
CCOC(=O)C(CCc1ccccc1)NC(C)C(=O)N1CCCC1C(=O)O,0,12.698340690844748,12.698340690844748,0.2617966144472277,-0.9869719369512284,30.06413306334758,19.490138947056174,0.0,12.514061693864424,32.22804289761662,5.563451491696996,4.899909730850477,13.847474399381248,30.33183534230805,5.316788604006331,4.736862953800049,5.137459346392879,0.0,37.72493286830557,12.325549757249274,1.0954279680957173,-1.6830856200788,7.690491483656686,2.2880621800340273,4.087828683011313,0.0
CC1(C)CCC2(C(=O)O)CCC3(C)C(C(=O)C=C4C5(C)C=C(C#N)C(=O)C(C)(C)C5CCC43C)C2C1,1,14.233082876669187,14.233082876669187,0.008802024336160175,-0.8280819610200476,22.214276696142186,24.752030501794657,0.0,51.138283969473655,19.26246486877803,31.256391021773304,0.0,0.0,25.999514613049012,40.6879073112454,0.0,0.0,0.0,40.171311824794884,20.315134907114267,-1.4887256593281122,-1.2724734674313039,2.1504181869283783,8.984513190318879,14.973154350936344,0.0
CCCSc1ccc2[nH]c(NC(=O)OC)nc2c1,0,11.068854593745467,11.068854593745467,0.397677337910473,-0.5327429844119058,6.093240070938415,4.794537184071822,0.0,0.0,5.948339280986494,23.207076664905323,12.005281016795308,11.761884949391115,18.19910120538483,26.94534579939142,0.0,4.512820287843737,1.7969976956832114,19.55018492989227,2.50902982489292,1.726627456538171,1.484182599156896,6.014054469009826,0.6045739822814136,2.15124992885635,1.3169454925118704
COc1c2ccoc2cc2oc(=O)ccc12,0,11.119316421012849,11.119316421012849,0.3884637188208615,-0.3884637188208615,0.0,4.794537184071822,0.0,5.625586319077987,16.915552116568392,10.772448428929591,6.06636706846161,25.50569467383981,6.06636706846161,0.0,13.571164827906742,15.669282879818594,0.0,11.119316421012849,1.6248601662887383,0.7138510959939535,0.6574074074074074,6.565982142857143,1.5735851284958426,0.0,1.5757147581254722
O=C(O)C(CC(=O)N1CC2CCCCC2C1)Cc1ccccc1,0,12.55636463844797,12.55636463844797,0.016417705971277563,-0.8760959414630036,11.887211334113243,14.69560176298435,0.0,12.328001352277514,18.256633715248796,18.652964303522147,25.683286491704038,0.0,35.23174507315853,0.0,0.0,0.0,0.0,26.00909501763668,9.461846182917611,0.974806836314773,-0.20437188095827996,9.563997927066664,5.5256258540343905,1.6690000629881578,0.0
CC(=O)O[C@@]12CO[C@@H]1C[C@H](O)[C@@]1(C)C(=O)C(=O)C3C(C)[C@@H](OC(=O)C(O)C(NC(=O)OC(C)(C)C)c4ccccc4)C[C@@](O)([C@@H](OC(=O)c4ccccc4)[C@H]21)C3(C)C,0,14.880111599587888,14.880111599587888,0.07467017047434998,-2.3564010771191963,123.93699172856815,44.086805288953045,0.0,18.591155079135923,5.563451491696996,6.923737199690624,19.056471336613843,90.07335974583663,0.0,5.316788604006331,23.684314769000245,29.484532558288457,0.0,83.61631398314351,39.34584126220521,-8.313847416768652,-8.933903450477564,14.593282041847768,-9.480942385415064,11.772056740509669,0.0
Nc1nc(=O)c2ncn(CCC(CO)CO)c2[nH]1,0,11.496403848576467,11.496403848576467,0.03714479927773606,-0.4714200155370796,5.559266895052007,4.794537184071822,0.0,30.596709973789984,18.612755249606312,0.0,6.3273200747645415,4.567099647791355,0.0,14.951935562841623,15.946722266843596,1.7153703703703704,0.0,21.7960013542454,17.96692874989502,5.734177427143697,-0.14956249475098704,0.0,2.0815608465608464,0.35552374653565166,0.0
Cc1nc(N(C)C(=O)Cc2ccc(-c3ccccn3)cc2)sc1S(N)(=O)=O,0,12.537583179506882,12.537583179506882,0.030681461678103483,-3.849771843681354,10.023291153407584,13.212334168400758,0.0,22.231108524648057,5.131558479839333,28.157616856177185,4.899909730850477,20.16825275398089,42.46456947923127,9.967957041894415,5.138973737607942,23.047380276230072,0.8859114520768836,22.32996829169164,5.464765146857291,2.956590501909923,-0.1987912047535063,13.266664586044755,1.898689599991076,1.5500009264794479,-2.2845129098609123
O=C(O)CNC(=O)c1ncc(-c2cccc(Cl)c2)cc1O,0,11.653822961283279,11.653822961283279,0.23423327664399052,-1.1820487236829227,18.42124142321593,14.69560176298435,0.0,11.443439828132366,10.586084805438322,5.563451491696996,12.263210640074686,24.26546827384644,0.0,10.300767124953538,16.70746728507322,0.0,5.884513747169724,25.89881009320771,21.003861016197636,1.09222849479298,-2.276578009677155,8.316747336383393,1.4038320420760897,-0.5456369423726031,0.0
CN1CCC(=C2c3ccccc3CCn3c(C=O)cnc32)CC1,0,11.367089037405595,11.367089037405595,0.6794755710926348,0.6794755710926348,0.0,4.794537184071822,0.0,0.0,5.693927994848461,51.00729910764523,22.273112043532524,6.196843571613076,0.0,45.76412815611266,0.0,2.0909259259259256,0.0,18.360434181018597,0.0,6.074084887041237,0.9690769085411944,8.621867756361803,5.721385030864197,2.98769423973293,2.1745310705141154
CCC1(O)CC2CN(CCc3c([nH]c4ccccc34)C(C(=O)OC)(c3cc4c(cc3OC)N(C)C3C(O)(C(=O)OC)C(OC(C)=O)C5(CC)C=CCN6CCC43C65)C2)C1,0,15.321994065804109,15.321994065804109,0.09862269637678267,-2.301098412712735,57.50079611090951,19.802129157825053,4.794537184071822,11.959746875309353,82.56167509209985,33.41114218500707,21.14333228224569,7.109797541277533,50.06052438675535,39.06857233323914,18.947451815200196,23.936517771858266,0.0,53.16144392035004,26.330912398105045,-1.6246730221447003,-1.5628213619726945,10.952784243529363,5.944736805409448,8.6246074393296,6.153158472202293
Cc1cc(Nc2ncc(Cl)c(Nc3ccccc3S(=O)(=O)C(C)C)n2)c(OC(C)C)cc1C1CCNCC1,1,12.899770309560315,12.899770309560315,0.012129359981438936,-3.519749952594569,15.087191166399677,8.417796984328938,0.0,16.022083177007403,23.37149437966648,37.36805416564464,17.323746555007066,38.11294267322769,13.847474399381248,44.974794190527255,16.337802844032566,31.98669132072661,6.41585197057639,9.121073030320675,9.513209518365276,3.6336836952213023,1.8322370290982932,10.936605753874463,3.662608220645703,11.445567191543635,-3.519749952594569
COc1cc(O)c(C(=O)Nc2nc(C(=O)NCCN(C(C)C)C(C)C)cs2)cc1OC,0,12.549520872757533,12.549520872757533,0.0012164866217418968,-0.5793797876639688,5.907179729351506,14.69560176298435,0.0,28.0456295290202,30.127461730776307,17.88154228384731,26.352329219478285,5.380062770465915,0.0,48.212414258572835,9.473725907600098,10.264169242917703,1.122013049046779,31.377387903878674,17.385739308878534,0.22110286413979363,-0.5354383285450124,3.4337060616768293,0.0,9.697365573421873,2.8672876579181668
COc1ccc2c(OCc3nnc4ccc(-c5ccccc5)nn34)ccnc2c1,0,6.046719340513983,6.046719340513983,0.23368276014109335,0.23368276014109335,0.0,0.0,0.0,6.606881964512918,17.22109355205156,27.90981625191042,0.0,17.82203900650623,66.73003775307771,20.28002394585032,9.473725907600098,13.029933989352287,0.0,4.38505393364,14.023076116504146,3.3561977099769873,2.0908465633672373,21.367902421523755,1.7130820630721424,0.23368276014109335,1.633557775755682
CCC1[C@@H](O)[C@@H](O)O[C@@H](O[C@H]2C(C(=O)O)OC(OC)[C@@H](O)[C@@H]2O)[C@@H]1NC(C)=O,0,11.579140881865449,11.579140881865449,0.3262365905065221,-1.731067176870748,73.22614401935986,35.12171134234717,0.0,0.0,6.4208216229260096,0.0,14.033534740968157,6.923737199690624,0.0,5.316788604006331,18.947451815200196,20.733643297973206,0.0,23.14224879632753,52.46309143624801,0.0,-2.6428824769373103,-0.9584848460989337,-12.179545553886284,2.9405902094538456,1.1680058035866114
Clc1ccc(COC(Cn2ccnc2)c2ccc(Cl)cc2Cl)c(Cl)c1,0,6.365387412166513,6.365387412166513,0.28637833837238635,-0.28637833837238635,0.0,0.0,0.0,6.103966387748303,33.242171625390796,11.126902983393991,0.0,36.78963192022405,22.89667735632765,4.983978520947208,51.14062251473012,8.054922419585118,24.53900865365617,4.065089053629818,2.2881851682235,1.7052189013465475,0.0,10.701039532212572,5.03454964233253,0.8897644067915234,0.0
CN(C)CCN1C(=O)c2cccc3cc(N)cc(c23)C1=O,1,12.609409486016627,12.609409486016627,0.23173941798941788,-0.2658796296296293,0.0,9.589074368143644,0.0,11.814359458703011,35.2900262843675,5.386224214464796,4.899909730850477,18.19910120538483,31.127987833128074,0.0,5.733667477162185,0.0,0.0,28.418450648778027,1.5409839275216264,7.4905205708826745,-0.4976190476190472,8.897361583522297,0.0,1.0003956443688589,3.816573339212228
CCN(C)C(=O)Oc1cccc(C(C)N(C)C)c1,0,11.651792013101538,11.651792013101538,0.28477479108927484,-0.3267072940287221,0.0,4.794537184071822,0.0,12.135080900086376,12.29426823919648,5.563451491696996,4.899909730850477,13.1140390511388,39.21818237042983,11.823646930541102,4.736862953800049,5.306085600907029,0.0,15.29182208994709,0.0,1.1291217876039306,0.5893518518518521,7.932370926765767,-0.3267072940287221,4.650324336524733,5.760964033761653
CC(C)(Oc1ccc(C2CC2(Cl)Cl)cc1)C(=O)O,0,10.935818487735876,10.935818487735876,0.1549697131939194,-1.2462053527686794,15.903710212420975,4.794537184071822,0.0,5.917906046161393,5.749511833283905,11.984273114623004,13.847474399381248,12.13273413692322,12.13273413692322,0.0,33.04527012910579,4.754769515831024,11.972086860005028,10.935818487735876,8.964113667684193,-0.20409320235295736,-0.3349861426051901,7.207622197026959,0.7469582362265893,3.0132659360040313,0.0
COCC(=O)Nc1c(I)c(C(=O)NCC(O)CO)c(I)c(C(=O)N(C)CC(O)CO)c1I,0,13.178971792531929,13.178971792531929,0.10086045708406788,-1.160924106047699,43.14323589257695,24.596666341896878,0.0,36.51068403441562,10.710546813196189,0.0,19.057379254805202,0.0,67.77261188120417,10.633577208012662,14.94991774348146,5.874050999923946,5.630630963564387,39.45199295649236,42.44413207675402,0.46272028638615903,-1.6384469891833875,0.0,-2.307465496046014,-1.6796790913065567,2.7887309600817467
CC(=O)C1CCC2C3CC=C4CC(=O)CCC4(C)C3CCC12C,0,12.143905662847988,12.143905662847988,0.23530710663895205,0.23530710663895205,0.0,9.589074368143644,0.0,10.829980938793557,29.823123607978676,37.51909858402682,24.835569398847294,6.923737199690624,0.0,19.92349450621513,0.0,0.0,0.0,24.03734386170421,0.0,1.9359059403082224,3.321021089342022,0.0,10.901755716175359,6.6373067258035245,0.0
O=C(C=Cc1ccc(O)c(O)c1)OC1CC(O)(C(=O)O)CC(O)C1O,0,11.826847757621568,11.826847757621568,0.32685340236937876,-2.309469967337256,48.6932037959843,35.12171134234717,0.0,11.49902366656781,5.563451491696996,6.076020106833881,24.27512131221871,0.0,0.0,0.0,9.843390348640755,4.924362087427563,0.0,22.915341534113388,57.02992436777399,-1.9358418887910225,-3.2426609835368074,3.830635200437689,-3.4384269840914596,0.0,0.0
CCCOc1ccc(C(=O)OCCN(CC)CC)cc1N,0,11.943275620433358,11.943275620433358,0.3510206968589904,-0.3510206968589904,0.0,4.794537184071822,0.0,5.9693052879518484,30.214113528690298,26.055090840663738,0.0,18.19910120538483,6.923737199690624,18.747384130231726,15.207393384762284,10.739854588453074,0.0,14.141021534965889,0.0,6.793267260620706,0.2568877399189451,4.997827538422777,0.9112998393801965,9.82650816490508,0.0
COc1cc2nc(N3CCN(C(=O)C4COc5ccccc5O4)CC3)nc(N)c2cc1OC,1,12.991396627675694,12.991396627675694,0.08339983186442268,-0.651427246076486,6.103966387748303,4.794537184071822,0.0,12.514061693864424,71.84619994768849,0.0,0.0,37.318606018790376,23.099010936235306,9.967957041894415,24.681119292362382,22.29180629950053,0.0,25.96591199217413,0.6943909803843622,6.888474894031282,3.183564411056672,10.919660076752763,-0.651427246076486,2.3979243978490907,3.1430275276609914
COc1cc2c(cc1OC)CC(=O)N(CCCN(C)CC1Cc3cc(OC)c(OC)cc31)CC2,0,12.908206504815244,12.908206504815244,0.18294958855745325,0.18294958855745325,0.0,4.794537184071822,0.0,5.907179729351506,18.08823950237131,68.25347748397704,16.690354475090988,28.439190165110134,17.032643867773697,24.080315850450887,18.947451815200196,21.742594092872523,0.0,17.282880800510462,0.0,4.91125735647953,3.6903313936313653,8.177259084991457,3.267520926286223,3.4715503652384476,8.789939313323323
C#C[C@]1(O)CC[C@H]2[C@@H]3CCC4=CCCC[C@@H]4[C@H]3CC[C@@]21C,0,10.929663564499874,10.929663564499874,0.028967191043083762,-0.8419464915595869,5.601050810983688,5.106527394840706,0.0,5.414990469396779,5.917906046161393,37.0161830072622,38.524929737556064,5.5731045300692665,0.0,18.92019162538015,6.423349895620259,0.0,0.0,0.0,10.929663564499874,0.9034489034811459,5.98177980914588,0.0,19.400411876942137,2.284695845930965,0.0
Clc1ccc2c(c1)C(N1CCNCC1)=Nc1ccccc1O2,0,6.204052395649618,6.204052395649618,0.6908708900226761,0.6908708900226761,0.0,0.0,0.0,0.0,5.022633313741326,54.764506842355935,0.0,0.0,42.46456947923127,10.216698334856808,21.330207576668233,6.0629675296044345,6.204052395649618,7.165216049382716,4.060823316466505,1.7999584278155711,2.5062866118669698,13.553123075361833,0.0,3.7586837049634667,0.0
COc1cc(N2CCC(N3CCN(C)CC3)CC2)ccc1Nc1ncc(Cl)c(Nc2ccccc2S(=O)(=O)C(C)C)n1,1,12.908611522813086,12.908611522813086,0.18890012195667083,-3.521924240116881,15.087191166399677,8.417796984328938,0.0,9.918116789259102,34.93232727062051,57.79756795601103,6.196843571613076,45.22274021450522,12.13273413692322,48.41530249359731,16.337802844032566,31.551805023301977,6.409723029952383,16.54146861671406,6.014052373788884,2.2335964285322443,1.263557874299288,13.474073699215337,3.7859014629781806,9.93323418140139,0.3203650875940407
NC1CN(c2c(F)cc3c(=O)c(C(=O)O)cn(C4CC4F)c3c2Cl)CC12CC2,0,15.032946192365834,15.032946192365834,0.006445578231292215,-1.445826870106271,34.99228423725353,19.086016810659167,4.39041504767482,39.49059744197669,13.08951281182515,25.104853885926705,4.567099647791355,4.899909730850477,0.0,0.0,17.3346073673947,30.212648094399988,6.564681437389769,25.834990319691798,9.157281048476937,5.148775456195642,-2.1530637370752808,0.30780744869241317,2.1097443712142034,1.0115800054589732,0.0
OC(c1ccccc1)(c1ccccc1)C12CC[N+](CCOCc3ccccc3)(CC1)CC2,0,12.446340064291384,12.446340064291384,0.11051349263177368,-0.9485820523845518,5.601050810983688,5.106527394840706,0.0,5.414990469396779,6.606881964512918,67.65830629802986,5.563451491696996,0.0,18.19910120538483,72.79640482153933,4.736862953800049,7.16777538177678,0.0,0.0,12.446340064291384,2.230886370503282,0.0,31.097423145980112,3.142779278952168,5.914795758496277,0.0
CC1=CC(=O)c2c(O)cccc2C1=O,1,11.582685185185184,11.582685185185184,0.1139814814814819,-0.30999999999999983,0.0,14.69560176298435,0.0,28.442904709407774,5.5731045300692665,0.0,12.142387175295491,19.056471336613843,0.0,0.0,0.0,0.0,0.0,23.05638888888889,9.428484504913076,0.8112962962962968,-0.6432407407407399,4.502222222222222,1.2543518518518517,1.5904969765684052,0.0
O=C(O)C1(Cc2cccc(Nc3nccs3)n2)CCC(Oc2cccc(Cl)c2F)CC1,0,14.1287906249832,14.1287906249832,0.0050983857760242834,-0.9310091271590943,17.201516598394523,14.291479626587348,0.0,16.876111534773536,43.615898887313534,5.131558479839333,23.469520014857956,12.263210640074686,23.579163975850747,15.284745645900745,16.337802844032566,19.91304335067518,7.2788338182287395,20.967064777368396,15.736393761292605,-0.23266641761328222,-0.7107883299347726,10.132913937525377,3.6096495469022005,0.0,0.0
O=C(O)c1nn(Cc2ccc(Cl)cc2Cl)c2ccccc12,1,11.272932479499639,11.272932479499639,0.03767220262590687,-1.0489323507180648,5.9693052879518484,9.901064578912528,0.0,5.693927994848461,21.976247247860023,11.080152209313258,0.0,28.947271208991623,18.19910120538483,5.098681808301038,23.20187978046503,1.6328420256991685,12.034144245138112,11.272932479499639,15.09625435595794,1.6137603230592656,-1.0489323507180648,12.409122378154063,0.0,0.37876543209876523,0.0
O=C(O)C(=O)c1cn(Cc2ccccc2)c2ccc(-c3ccc(OC(F)(F)F)cc3)cc12,1,12.378798862588482,12.378798862588482,0.04380187369815847,-4.783543378956842,18.114909093347173,27.86684690600881,0.0,11.3129633249809,28.574584321387622,5.563451491696996,30.462311845459514,22.766200853176183,30.33183534230805,4.736862953800049,0.0,42.81929234117152,0.0,23.666466179862365,9.684827430166917,2.8921336336802828,-2.950194973764389,19.97138259279452,-3.2714705462526963,0.4375633423414804,0.0
Cc1ccccc1C(OCCN(C)C)c1ccccc1,0,6.164212962962964,6.164212962962964,0.011435185185184826,0.011435185185184826,0.0,0.0,0.0,6.103966387748303,0.0,13.151638370425493,16.690354475090988,0.0,6.06636706846161,74.44992744358836,4.736862953800049,6.164212962962964,0.0,2.138793461829176,0.0,3.726128117913833,0.0,18.87610591458806,0.011435185185184826,3.7883819916855628,4.128275699168556
OC1(c2ccc(Cl)c(C(F)(F)F)c2)CCN(CCCC(c2ccc(F)cc2)c2ccc(F)cc2)CC1,1,13.446838681410668,13.446838681410668,0.025203801346669108,-4.587558244885903,17.34080082012416,27.058602633214804,0.0,28.138432533691507,25.93115605767717,36.5796697036202,36.39820241076966,24.26546827384644,0.0,4.899909730850477,11.600939890232516,66.6754520367802,5.728008530335068,2.1819851199224547,10.713827826478433,-0.16533089680488833,-0.6632566140887062,16.230355417571012,-2.4092455605631176,1.819315251480655,0.0
CCC(CO)NCCNC(CC)CO,0,8.903974867724868,8.903974867724868,0.18820074326026703,0.18820074326026703,0.0,0.0,0.0,25.297445587321757,0.0,25.93115605767717,0.0,0.0,13.847474399381248,10.633577208012662,10.213054789681411,0.0,0.0,0.0,24.264945200302343,0.0,0.0,0.40000566893423994,1.876401486520534,6.125314310909549,0.0
Oc1ccc(OCc2ccccc2)cc1,0,9.086368351365646,9.086368351365646,0.25190843621399206,0.25190843621399206,0.0,0.0,0.0,5.749511833283905,6.606881964512918,11.3129633249809,0.0,24.26546827384644,30.33183534230805,0.0,9.843390348640755,5.535925925925926,0.0,0.0,9.086368351365646,1.1301620370370373,1.0126983077181493,16.68760803857305,0.0,0.5472373393801964,0.0
C[C@@H]1C/C=C\C=C/C=C\C=C/[C@H](O[C@@H]2O[C@H](C)[C@@H](O)[C@H](N)[C@@H]2O)C[C@@H]2O[C@](O)(C[C@@H](O)C[C@H]3O[C@@H]3/C=C\C(=O)O1)C[C@H](O)C2C(=O)O,0,12.263757430167487,12.263757430167487,0.07893600965039904,-2.0995131300433987,97.3320144457796,40.22823873718787,0.0,25.36643125652633,6.4208216229260096,0.0,12.152040213667762,56.379615147218416,6.076020106833881,0.0,29.41798224616243,28.512675216008752,0.0,24.426185608185627,63.934269051441376,5.975063664154008,-5.446217270578118,-1.0767099069560049,5.254193639031836,3.3372066653791874,0.0
CC1(C)[C@@H](O[C@H]2OC(C(=O)O)[C@@H](O)[C@H](O)[C@H]2O[C@@H]2OC(C(=O)O)[C@@H](O)[C@H](O)[C@H]2O)CC[C@]2(C)C3C(=O)C=C4C5C[C@@](C)(C(=O)O)CC[C@]5(C)CC[C@@]4(C)[C@]3(C)CC[C@@H]12,0,14.838460269512794,14.838460269512794,0.021709416739016163,-2.0478622692645017,107.08362868984781,60.03036789501292,0.0,34.366944023642674,25.683286491704038,37.67721264469931,0.0,0.0,26.847231705905752,27.694948798762496,18.947451815200196,23.37708002654884,0.0,51.30284383572569,82.99751784395967,-1.8099034183231042,-4.4693249351861,0.0,-12.24382118464857,14.845607831923584,0.0
NC(=O)Nc1[nH]c(=O)[nH]c1O,0,10.429372637944066,10.429372637944066,0.13657407407407374,-0.8652314814814817,17.600846246976918,9.589074368143644,0.0,5.817862777835028,0.0,0.0,0.0,0.0,10.300767124953538,4.983978520947208,10.84019487200289,0.0,0.0,24.713261526832955,10.819074074074074,4.086321806500378,-0.5867592592592588,-0.8652314814814817,0.0,0.0,0.0
CN(C)CCC(c1ccc(Br)cc1)c1ccccn1,0,4.525590868291761,4.525590868291761,0.35805555555555535,0.35805555555555535,0.0,0.0,0.0,0.0,5.917906046161393,23.13222553951946,5.563451491696996,0.0,12.263210640074686,76.30737852587107,0.0,1.114472631645251,3.4891757605820106,6.742651053476947,0.0,2.467983749055178,0.35805555555555535,14.694796797577055,2.946920351473923,1.0528818263416477,4.216395607625766
COc1ccc(-c2cc(=O)c3c(O)cc(O)cc3o2)cc1O,0,12.124201467624086,12.124201467624086,0.014552206685142899,-0.45457606345007107,5.428790391900541,20.11411936859394,0.0,33.978027274833195,11.3129633249809,6.06636706846161,31.37526581512397,6.06636706846161,0.0,0.0,9.154013890853395,10.499710030413041,0.0,12.124201467624086,29.01162292503472,0.05509107037876948,-0.18066076096288808,8.063022544468252,0.0,0.0,1.427012723044018
O=S(=O)(O)c1cc(O)ccc1O,0,10.490370370370371,10.490370370370371,0.34682870370370344,-4.4659953703703685,20.763122167835235,8.417796984328938,0.0,5.749511833283905,0.0,18.19910120538483,0.0,0.0,0.0,0.0,14.765804663371776,29.476111111111113,0.0,-0.7060185185185179,17.734467592592594,0.0,-0.948402777777777,2.8265046296296292,0.0,0.0,-4.4659953703703685
O=C1C(Cc2ccc(O)cc2)N2C(=O)CCN(C(=O)NCc3ccccc3)C2CN1Cc1cccc2ccccc12,0,14.088516251430732,14.088516251430732,0.13378764517034236,-0.772692024085422,12.207616441282488,19.49013894705617,0.0,49.52614186200215,13.08951281182515,27.46280290402058,0.0,38.96519746639787,72.79640482153933,5.316788604006331,0.0,0.0,0.0,46.0483500240761,14.936063767002704,2.8132082654113755,-0.15213686764314982,29.447102054923086,-0.16022165715077086,1.2343010800473135,0.0
CC(O)Cn1cnc2c1c(=O)n(C)c(=O)n2C,0,11.971893424036281,11.971893424036281,0.2678013983371128,-0.5885737906273629,17.35297668100378,14.69560176298435,0.0,6.544756405912575,11.16387793838399,4.567099647791355,17.942091705233086,18.53850883015917,0.0,4.983978520947208,0.0,3.902382842025699,0.0,27.669485544217686,9.341738315696649,-0.15250283446711888,0.0,0.0,0.8680002834467111,1.891092372134039,2.979803476946334
NC(=O)c1ccccc1,0,10.423148148148147,10.423148148148147,0.3790740740740739,-0.3790740740740739,0.0,4.794537184071822,0.0,5.907179729351506,5.563451491696996,0.0,0.0,24.26546827384644,6.06636706846161,0.0,5.733667477162185,0.0,0.0,10.423148148148147,0.0,5.5280555555555555,-0.3790740740740739,8.761203703703703,0.0,0.0,0.0
O=C(O)C(Cc1ccccc1[N+](=O)[O-])=NNc1nc(-c2ccc(Cl)c(Cl)c2)cs1,0,11.517522020761557,11.517522020761557,0.1688870807387357,-1.294524372599769,10.89261633676952,20.0153828476781,0.0,23.38334439207727,20.870753102170447,5.563451491696996,29.535887083319565,29.645531044312357,0.0,15.511177443797315,23.20187978046503,0.0,13.136131781543341,26.398979194078123,27.302326137716246,3.742328817726489,-1.294524372599769,10.988060693986904,-0.2177466968957773,0.0,0.0
CC(C)C(N)C(=O)OCCOCn1cnc2c(=O)[nH]c(N)nc21,0,11.621369122650236,11.621369122650236,0.0007898803149735123,-0.6467659406891009,17.570413012151818,9.589074368143644,0.0,37.32752672128947,5.647177220767728,0.0,10.894419722555895,0.0,13.847474399381248,14.951935562841623,20.94106086192447,11.904539057907114,0.0,33.48268696545389,0.0,11.24724902174966,-0.4501259398282502,-0.6467659406891009,1.4236444423448391,4.038772393061854,0.0
Cc1c[nH]c(-c2cnc(NCCNc3ccc(C#N)cn3)nc2-c2ccc(Cl)cc2Cl)n1,0,8.842475442381433,8.842475442381433,0.4515114333918444,0.4515114333918444,0.0,0.0,0.0,0.0,51.9827654826747,16.82083097824245,6.196843571613076,30.462311845459514,25.256169152557582,30.56949129180149,33.44774985615073,0.0,12.536078950324917,20.960762102497217,16.25043342448996,3.47096139383024,1.7918023849105618,10.789858863382367,5.0527371908008565,3.0362545786527706,0.0
Nc1nc(=O)n(C2CSC(CO)O2)cc1F,0,13.13269565696649,13.13269565696649,0.1519838120433359,-0.7632884542705967,28.988726559388347,9.184952231746642,0.0,6.606881964512918,5.752853606746789,10.763943219404432,11.761884949391115,0.0,0.0,4.983978520947208,15.577057825802939,19.469528612370873,1.3506412981859408,14.754662698412698,8.855795907869322,4.10122441106072,-0.7341160924246233,0.0,0.35424697656840487,-0.1519838120433359,0.0
CNC(=O)c1ccc2cc(C3(O)CCn4cncc43)ccc2c1,0,11.73113142349073,11.73113142349073,0.10250031353093214,-0.9958780155580751,5.601050810983688,9.901064578912528,0.0,5.907179729351506,11.984273114623004,28.574584321387626,0.0,25.638202697516416,34.898934990099406,10.300767124953538,0.0,1.9850004390083755,0.0,15.857137531903598,15.724815712569592,1.3246576124008942,-0.10250031353093214,11.450552878558831,4.12753173245372,0.7633725660195718,1.6194318406163504
CCCCCCCCCCCCCCCC(=O)OCC=C(C)C=CC=C(C)C=CC1=C(C)CCCC1(C)C,0,12.010108288757117,12.010108288757117,0.07202304801967285,-0.07202304801967285,0.0,4.794537184071822,0.0,11.384295757348628,13.027703587438928,18.414747775921285,106.61081631117199,0.0,6.076020106833881,71.92252373231314,4.736862953800049,5.401547540941915,0.0,12.010108288757117,0.0,5.650379823419333,-0.07202304801967285,0.0,34.27602188919833,13.817298839036312,0.0
Nc1ccn(C2CSC(CO)O2)c(=O)n1,0,11.442129157218442,11.442129157218442,0.057224033131771046,-0.4313057445200299,5.689743398203474,4.794537184071822,0.0,24.088644284651902,5.752853606746789,0.0,16.32898459718247,12.263210640074686,0.0,4.983978520947208,15.577057825802939,6.786462585034014,1.467232379062736,15.044570105820105,8.87527893256068,4.6734825365331325,0.816764954438566,1.543352229780801,1.1834136432350713,-0.057224033131771046,0.0
Cc1c[nH]c(=Cc2c(O)[nH]c3ccccc23)c1=CCC(=O)O,0,10.766365128645072,10.766365128645072,0.04226182602670714,-0.873619018467503,5.9693052879518484,9.901064578912528,0.0,12.30080995936138,5.563451491696996,27.03415287813926,0.0,6.076020106833881,43.46206915198402,9.967957041894415,5.106527394840706,0.0,0.0,16.819498054654982,21.47601111589162,2.4998608224153864,-0.778584165019951,7.6199613060967675,5.283286170949861,1.913300028344671,0.0
CN1[C@@H]2C[C@@H](O)C[C@H]1[C@@H]1O[C@@H]12,0,9.463888888888889,9.463888888888889,0.07166666666666699,-0.07166666666666699,0.0,5.106527394840706,0.0,6.103966387748303,24.291614433792525,12.841643245852019,0.0,0.0,0.0,11.947581713527667,4.736862953800049,5.485787037037038,0.0,2.3805092592592594,9.463888888888889,0.0,0.0,1.0162037037037033,2.67074074074074,0.0,2.149537037037037
CC(=CC(C)C=CC(O)=NO)C(=O)c1ccc(N(C)C)cc1,1,12.336504472159234,12.336504472159234,0.03647838456370156,-0.4689779469388744,5.897745344357611,4.794537184071822,0.0,11.701150992526333,11.136556021766262,5.687386274683562,6.076020106833881,31.208511550281603,38.0517250328187,5.15571272675054,10.313780419617995,0.0,0.0,14.307743608254903,20.000554142942377,2.2904884570162354,-0.5805504463089923,7.41538471015383,4.717380532459898,3.6245988179222306,3.891066844226185
CN[C@@H]1[C@H](O)[C@H](NC)[C@H]2O[C@@]3(O)C(=O)C[C@@H](C)O[C@H]3O[C@@H]2[C@H]1O,0,12.220999622071052,12.220999622071052,0.002197026958931536,-2.2274835837112623,60.46389642530817,20.11411936859394,0.0,6.4208216229260096,0.0,0.0,0.0,21.019081165045,0.0,10.633577208012662,14.210588861400147,16.822069869614516,0.0,12.220999622071052,37.23964548164945,0.0,-2.7605644657554382,-1.2933486866969022,-5.579795235995634,1.6952252876459226,3.2391014608003696
COC(=O)C1C=C2CC(=O)CCC2(C)C23OC2CC2(C)C(CC[C@]24CCC(=O)O4)C13,0,13.007962306836315,13.007962306836315,0.005250850340136282,-0.42960678329973967,17.12000766812877,14.383611552215466,0.0,46.49161494113328,19.26246486877803,37.67721264469931,7.109797541277533,0.0,0.0,19.92349450621513,14.210588861400147,17.904286120108182,0.0,37.39391700245169,0.0,-0.19066322593852325,-0.29189563794857754,0.0,7.740503591301075,4.5038826950533295,1.439969454972837
C[C@H]1CCC/C=C/[C@@H]2C[C@H](O)C[C@H]2[C@H](O)/C=C/C(=O)O1,1,11.612284974174855,11.612284974174855,0.024558767951625482,-0.7172137188208623,12.073271675700152,15.007591973753232,0.0,24.04374486781939,12.841643245852019,19.26246486877803,12.152040213667762,0.0,6.923737199690624,12.152040213667762,4.736862953800049,5.234376968379944,0.0,11.612284974174855,19.979701605963783,0.0,-0.24891203703703724,0.0,9.870349663013352,1.885532158838436,0.0
CCOC(=O)C1=C(C)N=C(C)C(C(=O)OC)C1c1cccc(Cl)c1Cl,0,12.574097694633409,12.574097694633409,0.20555419956048282,-0.7878955656336613,23.774422668226485,9.589074368143644,0.0,17.20261980832351,21.994809121264858,0.0,7.109797541277533,38.970312804456704,0.0,4.992404732635668,32.67560568806513,10.111017809901737,12.528435190434198,29.37445349899219,0.6214610365751247,1.8646502582514495,-2.511982709750566,5.099127377802973,0.0,5.341937690714145,1.2931220693009715
C=CC(=O)Nc1cccc(Oc2nc(Nc3ccc(N4CCN(C)CC4)cc3)nc3ccsc23)c1,1,11.631341526183643,11.631341526183643,0.2824435125364184,-0.2824435125364184,0.0,4.794537184071822,0.0,5.907179729351506,23.265225725389335,42.083032532419224,23.10019225945218,12.13273413692322,35.711898112773966,56.16069551480693,4.736862953800049,6.971477704287845,1.5148193596313877,25.657367138217328,8.000776350310954,3.5260983238458565,1.1813134831835108,17.42234886519017,1.2249600133555887,7.677339972110778,2.1568321231999144
CC(C(=O)O)c1ccc2c(c1)[nH]c1ccc(Cl)cc12,0,11.024956621460952,11.024956621460952,0.5144442519806285,-0.8208281893004117,11.887211334113243,4.794537184071822,0.0,0.0,5.022633313741326,27.369301355859108,0.0,6.923737199690624,36.39820241076966,4.983978520947208,16.70746728507322,0.0,6.007657685272523,14.312771562252083,11.854422800290406,2.722266471403377,-1.3352724412810402,11.36571103132611,0.0,1.6835540018476527,0.0
C=C1C(=CC=C2CCCC3(C)C2CCC3C(C)C=CC(C)C(C)C)CC(O)CC1O,1,10.138713283211805,10.138713283211805,0.38493752362055933,-0.6048609708843748,12.207932775496605,10.213054789681411,0.0,0.0,41.928257899894376,17.064115106299926,32.10410811463005,5.5731045300692665,0.0,65.50170210938713,0.0,0.0,0.0,0.0,20.185111751608794,3.774224935294266,3.3820661711791753,0.0,15.767417552484549,15.974512922766543,0.0
CCCCCCCCCCCCCCCC(=O)OC,1,10.890929194231935,10.890929194231935,0.06659907312953894,-0.06659907312953894,0.0,4.794537184071822,0.0,5.9693052879518484,6.4208216229260096,6.4208216229260096,84.15965701638967,0.0,0.0,11.660600153490673,0.0,4.618327822753104,0.0,10.890929194231935,0.0,0.0,-0.06659907312953894,0.0,17.992092995226106,2.269030875574858,1.4628848520102034
Cn1cc(-c2ccc3nnc(Sc4ccc5ncccc5c4)n3n2)cn1,0,4.682395282186949,4.682395282186949,0.7107371714117745,0.7107371714117745,0.0,0.0,0.0,0.0,10.803613702588436,27.055787894144288,11.761884949391115,21.59088797198696,49.64271796505992,31.445072822612968,0.0,3.52042355077608,1.5259327496430668,5.417081995175083,19.198026149709158,3.4660438981069053,0.0,13.964677069306745,5.522235393774896,0.0,1.8855791935080701
CC(C)(C)c1nc(-c2cccc(NS(=O)(=O)c3c(F)cccc3F)c2F)c(-c2ccnc(N)n2)s1,0,15.679012188208617,15.679012188208617,0.02134790026155642,-4.77700240623874,38.0578234267466,17.198627079678577,4.39041504767482,22.62070923692873,15.578698885402527,24.26546827384644,29.666363586471036,6.06636706846161,25.49330646352396,14.951935562841623,5.733667477162185,71.22642016692589,1.2901277743203696,12.014842203728092,0.6791621769167315,5.455886083795605,-3.5472644771556965,8.204879660459271,1.460109724153389,5.82617242642842,-4.77700240623874
c1ccc2[nH]c(-c3cscn3)nc2c1,0,4.443796296296297,4.443796296296297,0.8402314814814816,0.8402314814814816,0.0,0.0,0.0,0.0,0.0,22.551733928080914,0.0,11.336785877934735,35.15607031792974,14.951935562841623,0.0,0.0,1.5732204270597125,11.88132558578987,1.9838425925925927,4.749907407407408,0.8402314814814816,7.971472505668935,0.0,0.0,0.0
Cc1ccc(C2OC(CO)C(O)C(O)C2O)cc1Cc1ccc(-c2ccc(F)cc2)s1,0,13.182914265086787,13.182914265086787,0.2628122522665475,-1.4062811250772607,37.126713903254426,24.816524627037644,0.0,5.817220841045894,11.984273114623004,26.444648862493587,12.13273413692322,23.469520014857956,37.255572541998674,0.0,4.736862953800049,18.878144125890206,1.6328598925158266,2.186221213717607,39.9871193769573,3.7539763660962264,-0.2628122522665475,16.16149182449781,-5.214392889428308,1.5440590086865433,0.0
COC(=O)C1C2CC3c4[nH]c5cc(OC)ccc5c4CCN3CC2CC(OC(=O)c2cc(OC)c(OC)c(OC)c2)C1OC,0,13.54334775275874,13.54334775275874,0.016967685426380275,-0.670115147081688,24.095144109609848,9.589074368143644,0.0,29.41040970111959,23.669357122777722,37.197368608577335,45.08279386612038,26.352329219478285,12.13273413692322,15.950255320259295,33.15804067660034,39.112578735097635,0.0,33.14176853777018,1.212289738171662,3.827352803880472,0.44062789467495644,9.395643196157987,0.9197531501823386,1.6825184015427106,9.100800875855384
O=C(Nc1c(Cl)cncc1Cl)c1ccc(OC(F)F)c(OCC2CC2)c1,0,12.554885176066703,12.554885176066703,0.08034465020576165,-2.99316341344976,12.518684815797606,13.575367279421462,0.0,32.79512806043102,12.52478801067431,12.841643245852019,30.59278834861098,0.0,0.0,15.037630078753587,27.93874273426508,35.108508583860306,11.953297053253161,16.26314022084196,2.921570730322535,0.3917110208280854,-0.1711743873866587,3.9558775825144874,4.744159731960196,-2.611534980638517,0.0
CC(=O)Oc1cc2c(s1)CCN(C(C(=O)C1CC1)c1ccccc1F)C2,0,14.447970692026427,14.447970692026427,0.05563425149418966,-0.5472912467456126,6.041840829147961,13.979489415818463,0.0,23.487677121524076,23.716171838810357,24.825916360475023,29.204037339788268,18.19910120538483,6.06636706846161,4.899909730850477,4.736862953800049,19.644253283192675,1.4746936675904927,27.356224572834492,0.5836213991769548,1.5191900510204086,-0.49454719908318356,7.886217652882446,2.5694618110865406,2.62755142796584,0.0
CCc1nc(-c2cccc(C)c2)c(-c2ccnc(NC(=O)c3ccccc3)c2)s1,0,12.477368205304263,12.477368205304263,0.1734171752570015,-0.1734171752570015,0.0,4.794537184071822,0.0,5.907179729351506,11.381314269532023,33.12642349172253,5.563451491696996,29.66636358647103,30.33183534230805,48.41370979818123,4.983978520947208,0.0,1.685666187835199,22.75691938149099,3.97796132058578,4.87318495948224,0.3525029767544203,21.387400682957935,2.6046315229000947,4.195066301326673,0.0
CCC1C(O)C2C3CCC(C(C)CCC(=O)O)C3(C)CCC2C2(C)CCC(O)CC12,0,11.70694694119613,11.70694694119613,0.19381740745628617,-0.683147073360783,5.9693052879518484,15.007591973753234,0.0,29.45873533721617,41.42534232312975,32.10410811463005,25.683286491704038,0.0,0.0,27.694948798762496,5.106527394840706,0.0,0.0,11.122706045693821,31.271695389167224,0.4800386560539427,2.5769484244087755,0.0,9.27253852317875,9.442739628164151,0.0
O=C(O)c1cc(N=Nc2ccc(S(=O)(=O)Nc3ccccn3)cc2)ccc1O,0,12.341010118608633,12.341010118608633,0.02305549916119931,-3.794932348136936,15.992596441359431,18.318861563241462,0.0,27.713695853017267,5.687386274683562,0.0,54.727780119305955,12.13273413692322,0.0,19.93457363665809,5.106527394840706,27.043745149378164,0.0,14.946439995769998,26.30341300822854,0.2953147727715013,-1.4594817065817247,14.27618463847453,1.4726498234292698,0.0,-3.794932348136936
Cc1cc(SCc2sc(-c3ccc(C(F)(F)F)c(F)c3)nc2C)ccc1OCC(=O)O,0,13.887979761839986,13.887979761839986,0.29687649358284274,-4.740522580261408,30.13315810265113,22.3561973747711,0.0,0.0,22.073440628580453,33.16274429268775,29.16503789578746,12.990104268152233,19.056471336613843,4.983978520947208,9.843390348640755,57.36071421843176,2.830906585698252,16.861898385732573,9.153642976979183,0.5242773674760215,-1.314317929921153,8.210717690890625,-4.740522580261408,3.196016618307482,0.0
Cc1cn(C2C=CC(CO)O2)c(=O)[nH]c1=O,0,11.50527730536659,11.50527730536659,0.13483528596623828,-0.5692592592592598,23.58087785173865,9.589074368143644,0.0,6.606881964512918,5.563451491696996,0.0,10.763943219404432,19.075777413358384,0.0,4.983978520947208,9.843390348640755,6.632784391534392,0.0,24.85722970206601,8.87726581527673,-0.4909046411774578,0.0,0.0,3.817026643990929,1.4732647549760645,0.0
CNC(=O)c1c(F)cccc1Nc1nc(Nc2cc3c(cc2OC)CCN3C(=O)CN(C)C)nc2[nH]ccc12,1,14.56510098383771,14.56510098383771,0.006872185446736623,-0.6589698999916924,11.7244005703974,13.979489415818463,0.0,23.106356776718556,41.37767513286017,17.67165938930657,19.18040611960041,30.339284980664306,31.127987833128078,30.902301374860617,4.736862953800049,20.19491157229722,0.0,41.09812581145829,9.41796109716419,3.0522028387002664,-0.04827847069321001,9.89209773371698,2.43969505825941,0.891774438754238,6.728176587009281
Nc1nc(F)nc2c1ncn2C1OC(CO)C(O)C1O,1,13.222597946586044,13.222597946586044,0.03225907029478492,-1.3159249811035527,37.22485614584152,14.603469837356231,0.0,16.981740716219015,0.0,0.0,10.894419722555895,0.0,0.0,14.951935562841623,15.57705782580294,19.7753445452255,0.0,10.822376700680271,28.677828273284625,5.713695042831949,-0.14074685584110092,0.0,-4.383061670655919,-0.46543603552532087,0.0
CCOc1cc(CC(=O)NC(CC(C)C)c2ccccc2N2CCCCC2)ccc1C(=O)O,0,13.071382826278658,13.071382826278658,0.08307264109347434,-1.0409549267237754,5.9693052879518484,14.69560176298435,0.0,23.93329367312247,18.274299843958218,30.63723741814515,31.0162182119232,19.056471336613843,6.06636706846161,42.263273939622884,4.736862953800049,5.488422460551755,0.0,26.947369678788753,12.622867212527368,3.2157292671330726,-0.4083492799016156,13.177833153680986,4.683040420483646,8.606420420069368,0.0
NC1(C(=O)NC(CCO)c2ccc(Cl)cc2)CCN(c2ncnc3[nH]ccc23)CC1,1,13.066632373113855,13.066632373113855,0.0423632477423479,-0.9713061556927292,5.538925252383345,9.901064578912528,0.0,18.555902523012385,37.37461099434451,22.414715704764546,6.3273200747645415,12.13273413692322,24.395944776997908,25.16863389769843,17.3346073673947,0.0,5.963950774097545,26.953749263937603,14.045284817763342,7.226314574898712,0.6463503384177852,8.880945045869082,4.784449150989867,1.1934004784705128,0.0
C[N+]1(C)[C@@H]2C[C@@H](OC(=O)C(O)(c3cccs3)c3cccs3)C[C@H]1[C@@H]1O[C@@H]12,0,13.122623063114137,13.122623063114137,0.1606486205593356,-1.7196202995086924,11.570356098935537,9.901064578912528,0.0,6.103966387748303,34.04590882119512,17.32467410354664,22.67357175586947,12.13273413692322,22.89285967785505,14.09534396535438,9.473725907600098,12.645578407307982,2.743697509868144,14.32822129314689,15.095340960062732,-1.7196202995086924,-0.5614833711262281,8.008679463674053,2.0498013248509266,0.0,4.493118045057529
CNc1ncc2cc(-c3cc(NC(=O)NCCC(C)(C)C)c(F)cc3C)c(C)nc2n1,1,14.569820468654516,14.569820468654516,0.10499841824532274,-0.48553877769223175,11.848335353383966,9.184952231746642,0.0,11.102376744080342,18.140272907666798,34.19132830733025,6.06636706846161,19.310882622751876,19.913841467842857,51.673512973932475,0.0,14.569820468654516,0.0,25.466717701382617,9.084850331262285,3.9261121816777402,0.008972233044445721,4.5703329380328945,2.5199727662915254,10.52180046039735,1.7480875859232925
COC(=O)C(Cc1ccccc1)NC(=O)C(N)CC(=O)O,0,11.792295288485764,11.792295288485764,0.23516345427059715,-1.2171949273536578,36.350293586477136,14.383611552215466,0.0,6.4208216229260096,0.0,5.563451491696996,7.109797541277533,12.13273413692322,18.19910120538483,10.05365155780638,10.84019487200289,4.635494142101285,0.0,34.02424702059938,11.025345173588772,6.289783215755438,-2.505753136003406,6.925955023027983,-0.2737026801461324,0.0,1.2119645744100107
C[N+](C)(C)CCOC(N)=O,0,10.078205782312924,10.078205782312924,0.3877314814814814,-0.700509259259259,6.093240070938415,4.794537184071822,0.0,0.0,6.606881964512918,11.027787263607198,0.0,0.0,21.143015948031568,4.736862953800049,5.733667477162185,5.312222222222222,0.0,10.078205782312924,0.0,4.753698979591837,0.0,0.0,-0.700509259259259,1.1684259259259258,6.054623015873016
COc1cc2ncnc(Nc3ccc(O)c(Br)c3)c2cc1OC,0,9.576836587259983,9.576836587259983,0.17546405527826914,0.17546405527826914,0.0,5.106527394840706,0.0,5.749511833283905,21.78960596023525,16.59031120676462,6.3273200747645415,38.485063356401504,6.06636706846161,31.214689543850092,9.473725907600098,11.224391509014072,3.291548340786932,8.552015673553372,13.592313013941768,1.5161610423490384,2.018341281900987,8.74796798889309,1.4782140101410934,0.0,3.1623804727529823
c1cnc2cc3c(cc2n1)C1CNC[C@@H]3C1,0,4.389982993197279,4.389982993197279,0.6945890022675734,0.6945890022675734,0.0,0.0,0.0,0.0,11.835812092322787,24.122914247057675,17.547724606320003,12.393687143226153,0.0,27.417479782823964,0.0,0.0,0.0,8.779965986394558,3.507439058956916,5.077407407407408,1.389178004535147,4.4907407407407405,4.847989417989418,2.240612717309146,0.0
COc1ccc(C=Cc2cc(OC)c(OC)c(OC)c2)cc1OP(=O)(O)O,0,11.119933497533882,11.119933497533882,0.057522814553838675,-4.706144653573192,7.822697123132171,4.565048284931329,0.0,11.49902366656781,22.81198699154871,5.563451491696996,34.50555723357174,36.417508487514205,0.0,4.5237471617118175,28.734275020705148,36.75918204075394,0.0,18.06048954377681,0.0,1.4220150043041913,1.6607127478835648,8.28669504633129,3.5279924099269335,0.0,1.2551354292454917
COc1ccc(C2Sc3ccccc3N(CCN(C)C)C(=O)C2OC(C)=O)cc1,0,13.555265810027715,13.555265810027715,0.20803883744855955,-0.9162433862433865,12.073271675700152,9.589074368143644,0.0,11.15711775933368,13.08951281182515,21.89583307518224,6.923737199690624,23.771592221519125,67.52619024389773,0.0,9.473725907600098,10.828902890675838,1.54208734882842,30.158230889080457,-0.3585071806500377,1.7473855190224241,0.052814670748924986,15.356779998066974,-0.9162433862433865,2.548077373881396,5.540471876588988
Cc1cc(NS(=O)(=O)c2ccc(N)cc2)no1,0,11.888543083900228,11.888543083900228,0.11791950113378746,-3.6448148148148136,10.023291153407584,8.417796984328938,0.0,10.713346253352803,11.447633693558004,0.0,30.33183534230805,6.923737199690624,0.0,9.878758121577533,10.256762414135533,30.846883083480307,0.0,0.11791950113378746,3.55404935122197,5.984419557181102,0.679936224489796,7.370322341899723,0.0,1.6746180887414654,-3.6448148148148136
NC(=O)N1CCC(CC(=O)N2CCC(C3c4ncc(Br)cc4CCc4cc(Cl)cc(Br)c43)CC2)CC1,0,13.126497208999911,13.126497208999911,0.17372309496095406,-0.3617922951138477,0.0,9.589074368143644,0.0,17.85620028785097,31.346146527073945,71.27644288963583,16.690354475090988,4.899909730850477,17.163120370925164,43.99262193282192,22.318585888341907,2.054176254716233,13.87113348528965,33.150826936787695,0.7514343025067225,10.430012173730594,1.13858501908001,5.953786610677762,7.919102883786735,2.8420534445357077,0.0
CC(=O)N(O)CCCCCNC(=O)CCC(=O)N(O)CCCCCNC(=O)CCC(=O)N(O)CCCCCN,0,11.982260898260375,11.982260898260375,0.019079622431686927,-0.5484284749786721,17.721539188054518,39.594444994690974,0.0,57.13191516814478,73.34885213018984,19.26246486877803,6.923737199690624,0.0,0.0,10.633577208012662,5.733667477162185,0.0,0.0,58.38062418884438,36.05658571792469,5.3931314540781,-2.051920810684872,0.0,5.835989972429801,3.2189228107412475,0.0
N=C(N)NC(=O)Cc1c(Cl)cccc1Cl,0,11.27809019904258,11.27809019904258,0.0018981481481483709,-0.4189814814814816,11.866734298095341,4.794537184071822,0.0,6.4208216229260096,15.608718119179649,0.0,0.0,18.19910120538483,0.0,5.316788604006331,34.34483086341874,0.0,11.721547933988408,11.27809019904258,9.86388573948098,5.535886243386243,-0.8188184996220707,4.9768620874275635,-0.0018981481481483709,0.0,0.0
NC(=O)c1cc[n+](CC2=C(C(=O)O)N3C(=O)C(NC(=O)C(c4ccccc4)S(=O)(=O)[O-])[C@H]3SC2)cc1,1,12.887367321431174,12.887367321431174,0.04378540760424454,-5.098688304352874,50.474623007138796,37.25522298914729,0.0,29.121552309109187,5.5731045300692665,4.899909730850477,48.16008736016077,23.027153859479117,0.0,5.316788604006331,5.733667477162185,37.05868174909173,1.1925309166876625,49.99936622977752,9.288177054523311,5.642052563935901,-3.643429033140517,8.921996151458302,3.1058724603796204,0.11677354497267145,-5.098688304352874
CNC(C)C(=O)NC1CN(C(=O)CC(C)C)CC[C@H]2CCC(C(=O)NC(c3ccccc3)c3ccccc3)N2C1=O,1,14.129968891137722,14.129968891137722,0.02498335146572317,-0.9401334602813678,18.12552248744388,19.178148736287287,0.0,48.17506302777591,32.22804289761662,11.126902983393991,0.0,23.77122864406877,74.51114508399735,15.950365812018994,0.0,0.0,0.0,57.37927953709124,8.991245657447164,1.9001660609912778,-0.7104107627229996,16.874111122922866,2.1451531084794695,6.244435743393314,1.6760195323976683
Cc1cc(C(C#N)c2ccc(Cl)cc2)c(Cl)cc1NC(=O)c1cc(I)cc(I)c1O,0,12.745535497884884,12.745535497884884,0.06836196299558472,-0.569867586918454,11.8250857755129,15.162956133651013,0.0,11.3129633249809,24.866286664928605,14.697085254459388,0.0,48.53093654769288,29.51460782675868,33.97688054386666,23.20187978046503,1.4300532661852827,16.503149117270446,12.745535497884884,23.719293646969376,2.856986507617976,-1.0776896374675784,16.12804680100211,0.0,1.8235136894263877,0.0
CC(C)(C)NCC(O)COc1cccc2c1CCC(=O)N2,0,11.382141918289763,11.382141918289763,0.03058247279883286,-0.5710529520450156,6.103966387748303,9.901064578912528,0.0,18.052986946247767,19.386399651764595,17.000349599664464,0.0,0.0,18.19910120538483,31.404788807084532,4.736862953800049,5.72536186696901,0.0,11.382141918289763,16.04092370550659,1.7880627962655835,0.7744172181167135,5.593857512912573,0.5769459981089669,6.868288983830803,0.0
O=S(=O)(c1ccccc1)N(CC(F)(F)F)c1ccc(C(O)(C(F)(F)F)C(F)(F)F)cc1,0,12.97486536281179,12.97486536281179,0.055754913076341506,-6.21375155637579,56.84431516453261,53.03805980824303,0.0,16.437950128219452,12.13273413692322,12.13273413692322,18.19910120538483,0.0,0.0,0.0,0.0,141.68197323668073,0.0,-0.5922087191358021,9.347621683729864,-7.927737449631163,0.0,6.423377084086045,-17.52552115098539,-2.104777966742252,-4.886060051335346
Oc1cccc(-c2nc(N3CCOCC3)c3oc4ncccc4c3n2)c1,0,9.826417945864193,9.826417945864193,0.17855350319140073,0.17855350319140073,0.0,5.106527394840706,0.0,5.749511833283905,30.33468521346171,35.373752013438235,0.0,24.395944776997908,18.19910120538483,9.883888251797686,19.12197093274781,11.445135637971136,0.0,15.91874367493911,10.674392482901231,2.644866517594693,1.452708831989587,10.747392636640923,1.6971175707809907,2.7529759805156626,0.0
Oc1c(Br)cc(Br)c2cccnc12,0,9.652476851851851,9.652476851851851,0.17944444444444474,0.17944444444444474,0.0,5.106527394840706,0.0,5.749511833283905,9.989420233448676,9.85894373029721,0.0,12.263210640074686,12.13273413692322,36.843866316845904,0.0,1.5609722222222224,6.647852418745275,4.092407407407407,10.558217592592593,0.6006944444444446,0.17944444444444474,5.5400410997732425,1.6537037037037037,0.0,0.0
CN(C)C1CCN(C(=O)c2ccc(NC(=O)Nc3ccc(-c4nc(N5CCOCC5)nc(N5CCOCC5)n4)cc3)cc2)CC1,1,12.964753144200731,12.964753144200731,0.023709142863090893,-0.37782152167884475,0.0,9.589074368143644,0.0,11.938294241689578,67.12867578823666,57.673633173024456,0.0,24.26546827384644,29.165378004696915,39.428650365918465,24.42566147044172,11.030918406164838,0.0,48.45707781494787,5.714327601965381,2.6609277854908955,1.8585802660766653,14.578903260631119,1.9445665403733183,6.920059499559443,4.1679721581238
[Mn+2],0,0.0,0.0,0.0,0.0,0.0,0.0,0.0,17.068678152405656,0.0,0.0,0.0,0.0,0.0,0.0,0.0,0.0,0.0,0.0,0.0,0.0,0.0,0.0,0.0,0.0,0.0
OCC(O)C(O)C(O)C(O)CO,0,8.95662037037037,8.95662037037037,0.7258182161753588,-1.669305555555556,37.62962948001904,0.0,0.0,0.0,0.0,0.0,0.0,0.0,0.0,0.0,30.63916436904423,0.0,0.0,0.0,52.1769142101285,0.0,0.0,0.0,-6.391944444444446,-1.4516364323507176,0.0
Nc1cc(C(F)(F)F)c(-c2cc(N3CCOCC3)nc(N3CCOCC3)n2)cn1,0,13.643755480230048,13.643755480230048,0.12674178004535186,-4.58769998740237,11.73975000914047,13.171245143024459,0.0,17.075242264380485,64.37275554052349,12.263210640074686,0.0,6.06636706846161,9.799819461700954,14.951935562841623,15.207393384762284,51.66901990902983,0.0,16.824057933358528,0.0,4.665627642292505,0.7351104344655937,2.400761605568153,-3.4699623645754616,4.4253848398608495,0.0
CCC1=CC(C)C[C@H](C)C[C@H](OC)[C@H]2O[C@@](O)(C(=O)C(=O)N3CCCCC3C(=O)O[C@H](/C(C)=C/[C@@H]3CC[C@H](Cl)[C@H](OC)C3)[C@H](C)[C@@H](O)CC1=O)[C@H](C)C[C@@H]2OC,0,14.291559037134956,14.291559037134956,0.0018624310461807791,-2.4896293383721586,71.84432597645115,29.3912035259687,0.0,60.825238615493745,49.67113879769458,12.841643245852019,19.119504813405545,20.95727194065878,32.923251812739636,6.923737199690624,35.28525465923276,29.89516807435826,6.524386776179266,57.68177046165423,23.568995017750716,1.3248071490878344,-6.9298633241084175,-1.116807789639681,5.144257880116749,11.386091966134027,4.715638232911468
C[S+]([O-])c1ccc(-c2nc(-c3ccc(F)cc3)c(-c3ccncc3)[nH]2)cc1,0,13.337706887074775,13.337706887074775,0.28877297142101765,-1.0275441312988953,11.175854473385288,8.943164921365184,0.0,5.817220841045894,5.824404497999927,32.97369394030569,12.13273413692322,30.782190463660775,36.39820241076966,9.967957041894415,4.983978520947208,24.93776050342401,-1.0275441312988953,12.950405005896217,0.0,4.208996476162483,0.4006461202897408,17.500598236539794,5.084693344542211,0.0,0.0
COc1cc(Cc2cnc(N)nc2N)cc(OC)c1OC,0,5.848108465608465,5.848108465608465,0.15383521013751933,0.15383521013751933,0.0,0.0,0.0,5.948339280986494,29.48721990061275,11.126902983393991,0.0,27.526236195445676,12.13273413692322,9.967957041894415,25.67792381572452,15.924874707790472,0.0,7.900371315192744,0.0,13.050571864369664,2.228001325657803,3.7165684051398338,2.1425385015117158,0.0,4.703740547004436
COc1ccc(-c2cc(=O)c3c(O)cc(OC4OC(COC5OC(C)C(O)C(O)C5O)C(O)C(O)C4O)cc3o2)cc1O,0,12.816213782823556,12.816213782823556,0.05165385032207448,-1.7803506891390886,79.1969687503542,45.64675634279746,0.0,33.978027274833195,5.563451491696996,12.13273413692322,32.232635946352985,6.06636706846161,0.0,0.0,28.10146570605359,32.93694444220192,0.0,12.816213782823556,81.98623468058578,-0.3806952495702587,-0.6052975165938665,7.782125351056653,-15.034882569280418,0.9533147053936908,1.379375706716281
CC(=O)C(C#N)C(=O)Nc1cc(Br)ccc1Br,0,11.658081065759637,11.658081065759637,0.4758154998110349,-1.276961451247166,17.608330721877838,9.589074368143644,0.0,0.0,10.160105790515976,4.472719515832414,6.923737199690624,24.268322518177104,0.0,37.17667639990503,5.261891554738487,1.4598374905517768,6.5288032643613,22.712277533698668,11.24035545005039,0.5054398148148149,-2.3788880621693114,6.8871136857520785,0.0,1.2117274896069539,0.0
CNC(=O)C(NC(=O)C(CC(C)C)C(O)C(O)=NO)C(C)(C)C,0,12.5191619425548,12.5191619425548,0.041649318678087965,-1.645642479213908,35.28362880616355,19.802129157825057,0.0,18.24590739843891,0.0,0.0,7.04767198267719,20.771211599071872,13.847474399381248,15.789289934763202,5.20725302477729,0.0,0.0,24.516566987906273,35.64027925986485,-0.5454376102292766,-2.882362895775594,-0.8101199924414215,-1.3984332482993196,9.092678965104561,1.4701618672032635
NC(=O)c1cnccn1,1,10.320648148148148,10.320648148148148,0.19212962962962998,-0.5526851851851851,5.907179729351506,4.794537184071822,0.0,5.693927994848461,0.0,0.0,18.59053071483923,0.0,0.0,9.967957041894415,5.733667477162185,0.0,0.0,17.604444444444443,0.0,5.064444444444445,-0.5526851851851851,0.0,4.21712962962963,0.0,0.0
NC(C(=O)NC1C(=O)N2C(C(=O)O)=C(Cl)CSC12)c1ccccc1,0,12.275955040452395,12.275955040452395,0.11376247746828572,-1.2598023373465292,35.24121921791952,19.490138947056174,0.0,16.48217927191622,5.563451491696996,4.899909730850477,11.761884949391115,24.26546827384644,6.06636706846161,5.316788604006331,17.3346073673947,0.0,7.197689555718724,36.906313249345125,11.429902166695511,6.317975526757995,-1.9791947623350927,7.0717587082621804,0.0,0.0,0.0
CCC1OC(=O)C(C)C(OC2CC(C)(OC)C(O)C(C)O2)C(C)C(OC2OC(C)CC(N(C)C)C2O)C(C)(O)CC(C)CN(C)C(C)C(O)C1(C)O,0,14.197646170593277,14.197646170593277,0.13307170776687305,-1.7988146896397503,95.9579288152822,30.327174158275348,0.0,37.32617813183568,12.965578028838586,0.0,14.033534740968157,41.54242319814374,51.71404700880439,0.0,28.421177722800294,37.527841638639316,0.0,18.044394001566985,58.13685659486302,-4.374301807109053,-2.584215013114724,-0.8077540456952021,-8.189621261650455,18.044648104051845,7.118818455114937
S=P(N1CC1)(N1CC1)N1CC1,0,5.75,5.75,1.2542438271604939,-1.268518518518518,6.489981155977373,0.0,0.0,0.0,0.0,0.0,39.26853843547545,0.0,0.0,14.011248569763898,11.806856088638648,7.465277777777779,5.75,0.0,0.0,0.0,0.0,0.0,0.0,6.256944444444445,0.0
CC=Cc1ccc(OC)cc1,0,5.023216411564626,5.023216411564626,0.9011602418745279,0.9011602418745279,0.0,0.0,0.0,0.0,0.0,5.749511833283905,5.563451491696996,7.109797541277533,37.265225580370945,6.076020106833881,4.736862953800049,5.023216411564626,0.0,0.0,0.0,1.2021296296296298,0.9011602418745279,7.960648148148148,4.070684051398337,2.0041985544217686,1.6712962962962963
COc1c(O)cc2c(O)c1C=C(C)CC(OC)C(O)C(C)C=C(C)C(OC(N)=O)C(OC)C=CC=C(C)C(=O)N2,1,12.884656057760314,12.884656057760314,0.017110697135464203,-0.9984591835132945,42.33419139744452,24.90865655266576,0.0,40.49329941922755,11.146209060138533,0.0,33.47177979912809,51.99902922609802,0.0,5.316788604006331,24.681119292362382,21.788872180668236,0.0,24.575096450487013,35.3095798482545,6.983645874421386,-1.5671242846472127,1.1893992916573115,3.944787979946572,6.855103600928851,4.253972391616674
Cc1ccc(-n2[nH]c(C)c(N=Nc3cccc(-c4cccc(C(=O)O)c4)c3O)c2=O)cc1C,0,12.94220825866895,12.94220825866895,0.10534280635351467,-1.060032698854778,5.9693052879518484,19.802129157825057,0.0,28.247002769400034,22.508217252926013,11.126902983393991,16.814537072068404,37.255572541998674,32.046575604766076,15.327182059559831,0.0,1.4065525897519597,0.0,24.21085197944965,31.188461269971036,4.381994572170419,-1.2207156293068278,16.835254546585922,0.0,5.697600671377839,0.0
NS(=O)(=O)NCCNc1nonc1C(=NO)Nc1ccc(F)c(Br)c1,0,13.25309230062692,13.25309230062692,0.01877777986003082,-3.805229119852291,16.02655001144356,18.015465056781046,0.0,34.909642886098325,5.687386274683562,0.0,18.19910120538483,0.0,0.0,51.38369414830888,5.138973737607942,41.649659071573424,3.036745007655191,0.0,29.690744346934594,0.434694316342495,-0.48591458449461444,4.0551737052860926,0.0,0.0907939232217736,-3.805229119852291
CC(=O)Oc1c(C)c(C)c2c(c1C)CC[C@@](C)(CCC[C@H](C)CCC[C@H](C)CCCC(C)C)O2,0,11.582785016691817,11.582785016691817,0.10690655004993443,-0.2622035686313966,0.0,4.794537184071822,0.0,11.570356098935537,0.0,65.205561148921,63.853761674795706,0.0,6.923737199690624,48.46616039783436,9.473725907600098,12.226876714160442,0.0,11.582785016691817,0.0,4.292655365513015,3.988718528277812,0.0,13.873009449761842,19.452621592261735,0.0
CCCCS(=O)(=O)NC(Cc1ccc(OCCCCC2CCNCC2)cc1)C(=O)O,0,12.023544214209608,12.023544214209608,0.05784386285378318,-3.601087932491708,22.034437270507393,18.318861563241462,0.0,12.1736752296728,13.027703587438928,43.162025428819454,25.683286491704038,12.13273413692322,19.056471336613843,10.038883468458419,4.736862953800049,32.13812825544011,0.0,11.484365438214823,12.771716969227516,0.7489347031276632,0.35167077723921225,6.036296337249585,7.32543299695828,4.827875788367857,-3.601087932491708
CC(C)(O)CNc1nc(Nc2ccnc(C(F)(F)F)c2)nc(-c2cccc(C(F)(F)F)n2)n1,0,13.049847801755478,13.049847801755478,0.04227028799990529,-4.711163534221084,29.341503835567558,31.449017680889625,0.0,35.64715373541751,0.0,24.395944776997904,25.980208536304467,0.0,0.0,35.5534698127487,0.0,77.96093456719186,0.0,18.792473176345172,15.163469916472089,-3.8468138136414636,-0.6873456002771468,5.070216802740859,-8.476650546666486,2.940382164501795,0.0
O=c1n(CCCN2CCN(c3cccc(Cl)c3)CC2)nc2ccccn12,0,12.27032772666493,12.27032772666493,0.06354110942779179,-0.06354110942779179,0.0,4.794537184071822,0.0,5.689743398203474,12.191933626680303,44.16723696623021,5.687386274683562,15.279341113020052,36.39820241076966,20.964868338463603,11.600939890232516,3.154081665229337,6.088980593563845,17.086666907398953,5.163146344913571,1.8263096898520166,0.0,13.626880596348002,2.6777583039388597,5.653953676533191,0.0
OCCN1CCN(CCCN2c3ccccc3Sc3ccc(C(F)(F)F)cc32)CC1,0,13.310634033813772,13.310634033813772,0.18621395855411826,-4.350619198027572,11.73975000914047,13.171245143024459,0.0,6.606881964512918,18.776899086508713,54.62295687820799,23.894619086314336,6.06636706846161,29.165378004696915,9.799819461700954,5.106527394840706,39.93190210144132,1.5265755705177044,8.62007862324459,9.067184077831556,1.0089037522927942,0.0,11.949812391565741,-3.4808905982543297,6.293100748027296,0.0
CC(=O)Nc1ccc(C(=O)Nc2ccccc2N)cc1,0,12.045791131267322,12.045791131267322,0.1534623699112332,-0.2525231481481478,0.0,9.589074368143644,0.0,11.814359458703011,22.625610315747682,0.0,6.923737199690624,48.53093654769288,0.0,10.633577208012662,5.733667477162185,0.0,0.0,22.95211991653467,5.374535723048529,7.9810508552594595,-0.405985518059381,13.668914382426218,0.0,1.4293646407905065,0.0
O=C1c2ccccc2C(=O)C1c1ccccc1,0,12.186763038548754,12.186763038548754,0.08629629629629587,-0.6448148148148154,5.917906046161393,9.589074368143644,0.0,11.566489892729878,11.126902983393991,5.563451491696996,0.0,24.26546827384644,30.33183534230805,0.0,0.0,0.0,0.0,24.37352607709751,0.0,1.871672335600907,-0.8174074074074071,16.238875661375662,0.0,0.0,0.0
CCN1CCN(c2cc3c(cc2F)c(=O)c(C(=O)O)cn3C2CC2)CC1,1,14.793525840891911,14.793525840891911,0.14374459351641877,-1.2717849781635302,17.215316520898284,19.086016810659167,0.0,16.991516535309753,11.204086992299825,45.56542527541489,12.263210640074686,6.06636706846161,9.467009378641832,11.823646930541102,0.0,16.63223647329302,0.0,28.22671889545932,9.451501946246507,0.1951033099062507,-1.7399014747621688,3.1192042081729126,3.3047619047619046,6.310374736922252,0.0
CCC1=C[C@H]2CN3CCc4c([nH]c5ccccc45)[C@@](C(=O)OC)(C2)[C@@H]13,0,13.246863189720333,13.246863189720333,0.08244803476946294,-0.5946296296296296,5.414990469396779,4.794537184071822,0.0,12.011146117099809,5.917906046161393,43.56260639306791,23.63257777750859,0.0,0.0,47.14911383216863,4.736862953800049,5.407230253212396,0.0,19.423456160241876,1.2568792517006804,4.359455782312926,0.34478552532123974,8.560695861678003,5.254408856135047,4.2757730221718315,1.5339819538926682
C=CCC1(O)CCC2C3=C(C=CC21C)C1=C(CC3)CC(=O)CC1,0,11.757947926985139,11.757947926985139,0.17800307854623343,-0.6610758639875702,5.601050810983688,9.901064578912528,0.0,5.414990469396779,30.96361586130436,32.10410811463005,16.7193135902078,5.5731045300692665,6.076020106833881,25.654713096956883,0.0,0.0,0.0,11.757947926985139,11.201371071959546,4.941548865688252,0.8451666092094935,0.0,13.350543887346287,6.070088305477951,0.0
CCN(CC)CCOc1ccc(C(=C(Cl)c2ccccc2)c2ccccc2)cc1,1,6.874315464636519,6.874315464636519,0.68767845415723,0.68767845415723,0.0,0.0,0.0,0.0,6.606881964512918,52.67952640829547,0.0,0.0,60.6636706846161,43.01285240407817,16.337802844032566,5.935004403965443,6.874315464636519,2.3514367368975955,0.7425942273782283,4.192988396952524,0.8788438523557573,28.580972187638643,0.0,8.054955841286398,0.0
CC(NC(=O)C(O)C(C)C)C(=O)NC1C(=O)N(C)CCc2ccccc21,1,12.66972554688644,12.66972554688644,0.1907021604938266,-1.1836835101860357,30.002007504747237,19.49013894705617,0.0,11.8250857755129,6.544756405912575,17.54772460632,6.923737199690624,25.795056112908917,24.26546827384644,10.633577208012662,0.0,0.0,0.0,38.74400546990554,15.018792312902612,1.790148426909791,-1.5246440913116572,5.864430887674933,-0.4637885366497382,5.531801202561934,1.7059209946732494
O=C(O)c1ccccc1O,0,10.26175925925926,10.26175925925926,0.0671296296296291,-1.1128703703703706,5.9693052879518484,4.794537184071822,0.0,11.3129633249809,0.0,0.0,12.13273413692322,12.13273413692322,0.0,0.0,10.213054789681411,0.0,0.0,10.26175925925926,17.30574074074074,-0.0671296296296291,-1.3119444444444444,5.811574074074074,0.0,0.0,0.0
NC(C=O)C(O)C(O)C(O)CO,1,10.021426209372638,10.021426209372638,0.24799697656840514,-1.615555555555556,30.960621956905786,4.794537184071822,0.0,6.2861605231295545,0.0,0.0,0.0,0.0,0.0,0.0,26.15977705652501,0.0,0.0,10.021426209372638,35.16729544595616,5.039091080876795,0.0,-1.2627777777777782,-4.427141912320484,-0.7045597127739986,0.0
COC(=O)C1=COC(OC2OC(CO)C(O)C(O)C2O)C2C1CC(O)C2C,0,11.98623149874683,11.98623149874683,0.2794055230116741,-1.5758782013340993,61.59397869603809,30.327174158275348,0.0,11.835812092322787,11.993926152995275,0.0,13.371877989698323,6.923737199690624,0.0,0.0,18.947451815200196,21.353940183460388,0.0,11.98623149874683,49.44557966686388,0.29125246703619734,-1.6311226726049073,0.0,-7.247447994208908,1.2147315652487911,1.253501952124406
COc1ccc2cc1Oc1ccc(cc1)CC1c3c(cc4c(c3Oc3cc5c(cc3OC)CCN(C)C5C2)OCO4)CCN1C,1,7.004641072478374,7.004641072478374,0.07239026525822978,0.07239026525822978,0.0,0.0,0.0,18.876623964395748,28.747559166419524,67.1482377867749,22.253805966787983,14.219595082555067,18.19910120538483,66.3597329062866,28.421177722800294,37.14279082632972,0.0,4.82937976727524,0.0,7.251754765455581,5.705579139803805,21.30381539557863,3.4332076866158405,2.0601559935799045,7.773316425361273
Cc1cc(=O)n(-c2ccccc2)n1C,0,11.603429705215419,11.603429705215419,0.010370370370370585,0.010370370370370585,0.0,4.794537184071822,0.0,5.559266895052007,0.0,11.381314269532023,0.0,10.748170003606795,48.98504745982105,0.0,0.0,3.4930555555555554,0.0,11.603429705215419,0.0,1.8640306122448984,0.0,11.243280423280424,0.0,1.9175,1.8787037037037038
Oc1c2ccccc2c2c3c(cccc13)N=N2,0,10.30351851851852,10.30351851851852,0.31342592592592644,0.31342592592592644,0.0,5.106527394840706,0.0,0.0,5.749511833283905,32.91966940722631,0.0,0.0,42.46456947923127,10.228500251258795,0.0,0.0,0.0,0.0,22.225408163265307,1.696808390022676,0.31342592592592644,13.431024187452758,0.0,0.0,0.0
COc1c(O)cc2oc3cc(O)c(CC=C(C)C)c(O)c3c(=O)c2c1C=CC(C)C,1,13.46728804484757,13.46728804484757,0.023707482993197138,-0.46860544217687017,5.428790391900541,20.11411936859394,0.0,62.8387152061341,5.563451491696996,5.5731045300692665,19.242531678200752,6.076020106833881,39.84698901243026,0.0,9.154013890853395,11.141727846301258,0.0,13.46728804484757,31.722223321813352,1.3306197587131245,-0.3186312000296969,2.6129739334005206,5.695163363172021,7.775918133655605,1.4060501314595832
CCCCCCCC=CCCc1c(O)c(O)cc(O)c1O,0,9.6808002475357,9.6808002475357,0.18064425455163202,-0.4164780177629479,11.49902366656781,20.426109579362823,0.0,17.062475158264807,12.841643245852019,12.487188691387619,32.10410811463005,0.0,6.076020106833881,12.999757306524504,0.0,0.0,0.0,0.0,38.18110395688505,0.18064425455163202,-1.558390077375952,0.9308609674972479,12.400794407844892,2.198319823930463,0.0
O=c1cc[nH]c(=O)[nH]1,1,10.214722222222223,10.214722222222223,0.38078703703703654,-0.474537037037037,5.689743398203474,9.589074368143644,0.0,5.559266895052007,0.0,0.0,12.263210640074686,0.0,4.983978520947208,4.983978520947208,0.0,0.0,0.0,24.65833333333333,0.0,-0.8553240740740735,0.0,1.2375,1.292824074074074,0.0,0.0
CCCN(CCC)CCc1cccc2[nH]c(O)cc12,0,9.560452437173216,9.560452437173216,0.25131713487864316,0.25131713487864316,0.0,5.106527394840706,0.0,5.879988336435371,0.0,23.868502960919642,31.494607549374166,0.0,12.13273413692322,35.86409678810215,0.0,0.0,0.0,5.497929264298312,10.706699602706097,2.3322121966070384,0.25131713487864316,8.047945168808264,3.4433729633828842,7.887190335985429,0.0
CCn1cc(C(=O)O)c(=O)c2cc(F)c(N3CCNCC3)cc21,0,14.494908824640966,14.494908824640966,0.10012448034769461,-1.3002874155733097,17.215316520898284,13.979489415818463,0.0,10.949675706161791,30.838356210037553,19.15587988028676,6.196843571613076,10.633466716252965,11.823646930541102,5.316788604006331,5.106527394840706,16.166856339758123,0.0,25.435370699626652,12.458817109501183,0.011797209624591076,-1.7987209000782234,2.805705782312925,1.3258372700932224,5.261003155828191,0.0
CO[C@@]1(NC(=O)C(C(=O)O)c2ccc(O)cc2)C(=O)N2C(C(=O)O)=C(CSc3nnnn3C)CO[C@@H]21,1,13.190521800930348,13.190521800930348,0.04253734782487362,-2.1442569759385237,41.62376284547322,34.4977309208094,0.0,34.94284273936571,5.156436481820707,23.77159222151913,28.947271208991623,7.04767198267719,0.0,20.842240603617103,9.473725907600098,12.373365332802356,1.135618507667084,50.950435058264006,42.61711794126229,-2.1732418207812243,-6.727209168023389,4.929993685256687,-1.356891271940875,-0.21263717363284407,2.7134489091259217
CCC(C)C(N)C1=NC(C(=O)NC(CC(C)C)C(=O)NC(CCC(=O)O)C(=O)NC(C(=O)NC2CCCCNC(=O)C(CC(N)=O)NC(=O)C(CC(=O)O)NC(=O)C(Cc3c[nH]cn3)NC(=O)C(Cc3ccccc3)NC(=O)C(C(C)CC)NC(=O)C(CCCN)NC2=O)C(C)C)CS1,0,14.824031723111634,14.824031723111634,0.0007373633268101809,-1.9446469954404388,192.8459558619241,77.33657536668693,0.0,94.15950111207727,10.607168478288479,6.4208216229260096,24.286048595768733,71.87425854045178,13.847474399381248,73.44503641859973,17.201002431486554,0.0,1.3455325534286418,206.08420028055113,48.832728603845155,18.598706387279716,-15.519574667750325,-8.381973715477253,0.1579737167965174,13.882406841326393,0.0
Nc1cc(F)ccc1NC(=O)c1ccc(CNC(=O)/C=C/c2cccnc2)cc1,1,13.086903294313984,13.086903294313984,0.15001966890363438,-0.47020456550056244,5.817220841045894,13.979489415818463,0.0,17.501745733386574,17.795594172293132,17.193270051855603,18.208754243757102,48.80154259236808,6.06636706846161,15.61755572895987,5.733667477162185,13.086903294313984,0.0,28.18143927216365,5.412845360220208,8.277421475891828,-1.066727425028195,14.182601869741713,6.436406690947106,0.32244279508303686,0.0
CCC(Nc1c(Nc2cccc(C(=O)N(C)C)c2O)c(=O)c1=O)c1ccc(C)o1,0,12.19304895348338,12.19304895348338,0.043037131519274796,-0.692853993449231,10.857580783801081,19.49013894705617,0.0,40.32414270753105,12.181069041800452,5.7602474188744415,17.032643867773697,20.16171103381599,25.980208536304467,10.633577208012662,4.417150937053347,5.621341880224318,0.0,37.79736504810074,16.30681873665189,-0.9189578160235612,0.7304969803840737,7.940669052269361,0.6282494749251603,3.7515782533707664,3.1424383900972592
COc1ccc(C(CN(C)C)C2(O)CCCCC2)cc1,1,11.101926886495338,11.101926886495338,0.17009826152683227,-0.5584241543839756,5.601050810983688,5.106527394840706,0.0,5.917906046161393,0.0,37.97755473090052,11.984273114623004,7.109797541277533,12.13273413692322,31.127987833128078,4.736862953800049,5.227714632149156,0.0,2.1681294879062736,11.101926886495338,0.6535202900604691,1.038604759805156,8.174118008314437,5.349052659835489,0.8778063586545729,5.825793583445774
COc1nc2ccc(Br)cc2cc1[C@@H](c1ccccc1)[C@@](O)(CCN(C)C)c1cccc2ccccc12,0,13.023523085159988,13.023523085159988,0.4256594860166296,-1.2488731812169305,11.518956857145081,5.106527394840706,0.0,0.0,18.845566365273957,42.83844735193405,0.0,7.109797541277533,62.626280513047256,69.3607901764927,9.720841474747257,6.863774304340909,3.6047513879575224,6.997541391071785,16.152462063299453,2.3575403573198503,0.09488704123624703,32.80998595239873,0.5210755228017134,0.7062780034853446,5.725037309421779
Nc1nnc(-c2cccc(Cl)c2Cl)c(N)n1,0,6.025202979339883,6.025202979339883,0.013333805744520477,0.013333805744520477,0.0,0.0,0.0,11.766202058821523,21.30264611402811,0.0,0.0,18.19910120538483,0.0,15.181342137549283,34.6692147347894,0.0,11.906493151787462,3.800942302847065,8.238624181153943,11.965103125612385,0.17691405265810123,5.134145408163265,0.0,0.0,0.0
Cn1c(=O)c2c(ncn2CC2OCCO2)n(C)c1=O,0,12.164176587301586,12.164176587301586,0.3667564247921393,-0.39248483035189374,5.689743398203474,9.589074368143644,0.0,11.849293624387219,30.922398273322404,4.567099647791355,17.942091705233086,11.614771630468544,0.0,4.983978520947208,9.473725907600098,14.779033289241625,0.0,28.073116654069032,0.0,-0.014342351137984988,0.0,0.0,1.1487410241874523,1.47770654866885,3.0357448349710254
CO[C@H]1/C=C/O[C@@]2(C)Oc3c(C)c(O)c4c(O)c(c5c(c4c3C2=O)=NC2(CCN(CC(C)C)CC2)N=5)NC(=O)C(C)=CC=CC(C)[C@H](O)[C@@H](C)[C@@H](O)[C@@H](C)[C@H](OC(C)=O)[C@@H]1C,0,14.718111690190028,14.718111690190028,0.036446220435182974,-1.9572653023492634,82.94670272053149,34.809721131578286,0.0,55.37332678025683,31.849062103838563,6.544756405912575,27.21935238907957,65.84650362547926,0.0,24.064172734238056,28.932261280471536,23.983981104119824,0.0,53.66776639079731,50.17280133035806,-0.5720931528187374,-6.443119764390458,0.0,5.035438108775993,19.521193673170888,1.4673656433204414
C=CC1C2=CCOC(=O)C2=COC1OC1OC(CO)C(O)C(O)C1O,0,11.75990591295696,11.75990591295696,0.11370355122203946,-1.5586586671705727,55.49001230828979,25.220646763434644,0.0,12.179986494582185,5.5731045300692665,0.0,12.338100555254671,6.076020106833881,0.0,6.578935683598497,18.947451815200196,21.21594934823741,0.0,11.75990591295696,38.89968737224509,0.8721234095490056,-1.059389290980651,0.0,-3.60948135281559,3.2545379341411085,0.0
CON=C(C(=O)NC1C(=O)N2C(C(=O)O)=C(Cn3ccc(=N)n3CCO)CSC12)c1csc(N)n1,1,12.959591911999468,12.959591911999468,0.12195584946122562,-1.268545680426542,29.199378388771557,24.596666341896878,0.0,53.171166125056956,5.5731045300692665,16.23669560878521,34.999915264741354,10.87864650675826,0.0,15.456479851704078,15.98053966669034,3.1253508019329352,2.4254613133907994,47.82633465911145,34.51948379549649,6.142239142181259,-2.2601731088676424,0.5670656681528106,1.6151460007768283,0.10816554022583591,1.2642595209325638
C[N+](C)(C)CCCCCC[N+](C)(C)C,0,2.2698838655832705,2.2698838655832705,1.1064814814814814,1.1064814814814814,0.0,0.0,0.0,0.0,0.0,8.966061715389248,38.77279930352919,0.0,0.0,42.286031896063136,0.0,2.212962962962963,0.0,0.0,0.0,0.0,0.0,0.0,5.547942176870748,2.6197916666666665,13.619303193499624
O=c1cc[nH]c(=S)[nH]1,0,10.348055555555556,10.348055555555556,0.17245370370370328,-0.17245370370370328,0.0,4.794537184071822,0.0,5.559266895052007,4.771065770590158,0.0,12.263210640074686,0.0,0.0,22.18583048494111,0.0,0.3587962962962965,4.588425925925926,15.353240740740741,0.0,-0.17245370370370328,0.0,1.3708333333333333,1.5011574074074074,0.0,0.0
Cc1cc(C)c(Nc2ccnc(Nc3ccc(C#N)cc3)n2)c(C)c1,0,8.853271191290672,8.853271191290672,0.4973383828840179,0.4973383828840179,0.0,0.0,0.0,0.0,11.51179077268349,17.19263532720215,16.690354475090988,18.329577708536295,18.19910120538483,59.57470129869444,5.261891554738487,0.0,0.0,8.762839401192576,15.379326937459153,6.112512851639837,1.2206699315528684,15.392593230839639,1.708503086419753,6.256887894229511,0.0
Cc1c(-c2ccc(O)cc2)n(Cc2ccc(OCCN3CCCCCC3)cc2)c2ccc(O)cc12,0,10.090773314486015,10.090773314486015,0.24827749003226174,0.24827749003226174,0.0,10.213054789681411,0.0,11.49902366656781,6.544756405912575,46.6249061140329,44.336250795226185,18.19910120538483,24.26546827384644,40.6562148521789,4.736862953800049,8.330039645264733,0.0,2.517364643133041,20.89323372328831,5.471214166322531,1.4126116628131256,21.214592795450265,5.302860237096464,6.858083126631531,0.0
CC(C)OC(=O)C(C)(C)Oc1ccc(C(=O)c2ccc(Cl)cc2)cc1,0,12.425620864233103,12.425620864233103,0.1095422487431863,-1.1190726991362796,11.570356098935537,9.589074368143644,0.0,11.887211334113243,21.899048130419224,0.0,0.0,76.22588534645539,0.0,0.0,21.074665797832616,10.905199669433943,5.835982981423941,24.480738160813797,0.5794565267030307,-0.03930888401554622,-0.06585760171674093,13.358976852247492,-0.21319601540845623,6.852452754962988,0.0
COc1ccc2cccc(CCNC(C)=O)c2c1,0,10.866877449684086,10.866877449684086,0.007238179222306407,0.007238179222306407,0.0,4.794537184071822,0.0,5.907179729351506,6.544756405912575,12.170333456209914,23.259637120317212,7.109797541277533,18.19910120538483,23.51588980939116,4.736862953800049,5.2502428718400935,0.0,10.866877449684086,5.190568861803982,1.2223611111111112,0.8632354917275555,12.256557198496683,0.8234996220710507,2.1922470762996555,1.6677436502991156
Cn1c(CNc2ccc(C(=N)N)cc2)nc2cc(C(=O)N(CCC(=O)O)c3ccccn3)ccc21,0,13.301448420079478,13.301448420079478,0.0029996632024813508,-0.9935328652428213,5.9693052879518484,9.589074368143644,0.0,24.70837754394736,29.006222884757857,17.02849149029975,4.899909730850477,48.66141305084435,29.813872835853374,15.284745645900745,16.249478477794412,1.945907979289563,0.0,34.70168090917616,19.899187345321423,8.92433641724853,-0.16222372775654903,17.637603347193554,1.3637097166666396,0.45394190011152924,1.9025227794158168
CCC1(c2c[nH]cn2)Cc2ccccc2C1,0,4.468732993197278,4.468732993197278,0.2258796296296297,0.2258796296296297,0.0,0.0,0.0,5.414990469396779,0.0,19.26246486877803,16.82083097824245,6.3273200747645415,0.0,47.35400608704455,0.0,0.0,0.0,7.550113378684807,0.0,4.425787037037038,0.0,8.766900510204081,7.242754629629628,2.2644444444444445,0.0
O=[N+]([O-])c1ccc(O)c2ncccc12,0,10.622356386999243,10.622356386999243,0.049814814814814534,-0.49657407407407383,4.923311048817671,15.220845663606278,0.0,16.95359882558373,5.386224214464796,0.0,18.3295777085363,12.13273413692322,0.0,4.983978520947208,0.0,0.0,0.0,13.99513416477702,20.359595616024187,0.20148148148148248,-0.049814814814814534,5.682314814814815,1.4779554043839758,0.0,0.0
C[C@@H]1CCN(C(=O)C(CCCN=C(N)N)NS(=O)(=O)c2cccc3c2NC[C@H](C)C3)C(C(=O)O)C1,0,13.52346887174674,13.52346887174674,0.07497632695053391,-4.096719891660366,33.98345782900686,23.113398747313283,0.0,36.28327852517417,37.41251359553556,11.984273114623004,10.966276799312087,6.06636706846161,12.990104268152233,21.95502540078471,11.46733495432437,29.535934429327288,0.0,30.67348682582,12.917123963330933,12.186107898633672,-1.2210778278254195,2.9406024009870846,2.1737527859479524,5.140789415438863,-4.096719891660366
CC12CCC(CC1=O)C2(C)C,0,11.573125000000001,11.573125000000001,0.025462962962963243,0.025462962962963243,0.0,4.794537184071822,0.0,10.829980938793557,11.701150992526333,12.841643245852019,6.4208216229260096,0.0,0.0,20.771211599071872,0.0,0.0,0.0,11.573125000000001,0.0,0.30729166666666696,1.1932870370370372,0.0,3.2522222222222226,6.674074074074074,0.0
C=CC(=O)N1CCCC(n2nc(-c3ccc(Oc4ccccc4)cc3)c3c(N)ncnc32)C1,0,12.171746863948995,12.171746863948995,0.005660023580367879,-0.06987986321071604,0.0,4.794537184071822,0.0,11.949020558499466,35.63470501974116,29.904118404116822,12.403340181598423,4.899909730850477,59.27910655129967,16.546892725492913,15.569212239263273,7.793632778010275,0.0,22.652446521864317,5.616525798335863,8.52059370897009,1.8032790912538084,17.321361934766436,4.581419830522776,4.877407002943098,0.0
Cc1cc(O)cc(O)c1,0,8.83388888888889,8.83388888888889,0.10416666666666696,0.10416666666666696,0.0,0.0,0.0,11.49902366656781,0.0,5.563451491696996,6.06636706846161,19.056471336613843,0.0,0.0,10.213054789681411,0.0,0.0,0.0,17.66777777777778,0.854166666666667,0.20833333333333393,4.464722222222223,0.0,1.805,0.0
Cc1cccc(C(C)c2c[nH]cn2)c1C,0,4.307760770975056,4.307760770975056,0.3575462962962961,0.3575462962962961,0.0,0.0,0.0,0.0,5.917906046161393,5.693927994848461,16.690354475090988,6.3273200747645415,6.196843571613076,48.938269846351105,0.0,0.0,0.0,7.3111248110355245,0.0,5.174708994708995,0.3575462962962961,6.443056736583522,3.697821239606954,6.515741921768708,0.0
CC(C)CC(NC(=O)CNC(=O)c1cc(Cl)ccc1Cl)B1OC(=O)CC(CC(=O)O)(C(=O)O)O1,1,12.528406119649507,12.528406119649507,0.060327235088134534,-2.3439156551437845,67.76931071739699,29.079213315199816,0.0,27.947445788267054,0.0,0.0,18.19910120538483,13.847474399381248,0.0,10.633577208012662,37.61712344335643,10.556361726763964,11.84037899421552,59.989603763160346,24.008001644639293,-2.2835884200556498,-6.535523894175752,4.260865189878382,-1.5861254470750534,3.1100950294653815,-1.5545130312608675
C=CCC1=CC(C)C[C@H](C)C[C@H](OC)[C@H]2O[C@@](O)(C(=O)C(=O)N3CCCCC3C(=O)O[C@H](/C(C)=C/[C@@H]3CC[C@@H](O)[C@H](OC)C3)[C@H](C)[C@@H](O)CC1=O)[C@H](C)C[C@@H]2OC,0,14.303726162938446,14.303726162938446,0.01202070815377665,-2.508379429686353,77.94829236419945,34.4977309208094,0.0,55.448150747288025,62.51278204354661,0.0,19.119504813405545,27.03329204749266,25.99951461304901,13.502672883289122,23.684314769000245,29.753734928012136,0.0,57.79236070314274,34.138976184968996,1.1784148722559973,-7.3190334512532464,-1.1439925156880435,4.885955242949463,13.182231871294594,4.614685497650697
CC1OC(OCC2OC(Oc3c(-c4ccc(O)c(O)c4)oc4cc(O)cc(O)c4c3=O)C(O)C(O)C2O)C(O)C(O)C1O,0,13.569988967881597,13.569988967881597,0.03129785570036292,-1.9681994060633137,113.34148771682905,55.85981113247887,0.0,11.146471633339239,0.0,24.26546827384644,12.990104268152233,0.0,0.0,0.0,23.364602752253543,27.802149291955836,0.0,13.569988967881597,101.40386373867312,-1.3483158860052096,-3.331574146119575,5.235839141203812,-16.150329656186813,0.8183785485972241,0.0
CC12C=CC(=O)NC1CCC1C2CCC2(C)C(C(=O)Nc3cc(C(F)(F)F)ccc3C(F)(F)F)CCC12,0,13.565687752951149,13.565687752951149,0.05352164717063701,-4.912768118104726,46.40696253787418,35.93156465419257,0.0,23.281917074057638,42.87655654355963,25.683286491704038,0.0,6.076020106833881,12.999757306524504,17.557314407703284,0.0,80.36752755900368,0.0,25.292355398640247,5.327847303119375,-4.058242597350381,-0.5549746632496357,1.1808530205146435,-1.7293612150330797,4.1739951943551645,0.0
COc1ccc(N2CCOCC2)c2sc(NC(=O)N3CCC(C)(O)CC3)nc12,1,12.638062445861417,12.638062445861417,0.1792171621735108,-0.6874336104560739,5.601050810983688,9.901064578912528,0.0,6.031114512338072,50.02599029982624,28.993519720594072,11.336785877934735,12.009707272128011,19.056471336613846,15.200676855804016,9.473725907600098,11.934558949557111,1.457615885088603,21.273963139759267,13.551014906326504,1.1593144671036921,0.6923870661799054,3.7872066799375608,1.1572750320076604,5.944594662779879,1.6254025445931455
CN1C2CC(OC(=O)C(CO)c3ccccc3)CC1C1OC12,1,12.42388109410431,12.42388109410431,0.062164588057445735,-0.593246645880575,5.917906046161393,9.901064578912528,0.0,18.68015364021307,24.291614433792525,18.405094737549014,0.0,0.0,30.33183534230805,11.947581713527667,9.473725907600098,11.375006813305877,0.0,14.788852355757118,9.557785546317293,0.8028518413538258,-0.9152421107331821,10.061539681325034,2.2596835066288516,-0.2255082357016882,2.128363935080205
COC(=O)N=NC=C1C=[N+]([O-])c2ccccc2N1O,0,11.713268455530361,11.713268455530361,0.07069727891156519,-0.8782139182833621,6.093240070938415,15.209043233626403,0.0,5.697039313055833,16.11360640296181,24.587570735598646,0.0,24.26546827384644,0.0,14.965363205058843,0.0,4.8416301808193944,0.0,10.7273741113117,28.977662903124212,0.6740072278911577,0.0,6.485323991651553,1.2987626501217777,0.0,1.1619056017468714
Clc1cccc(Cl)c1NC1=NCCN1,0,5.978227198286722,5.978227198286722,0.5915740740740743,0.5915740740740743,0.0,0.0,0.0,0.0,15.732652902166215,19.049067380568985,0.0,18.19910120538483,0.0,15.62598194064833,23.20187978046503,0.0,11.956454396573443,4.190346434870245,7.3166701310153694,0.6981327160493831,0.7222222222222223,5.371322908793147,0.0,1.6337400793650794,0.0
COc1cc(C(=O)NC2CCN(C)CC2)c(F)cc1Nc1ncc2c(n1)N(C1CCCC1)CC(F)(F)C(=O)N2C,0,15.1678627354421,15.1678627354421,0.008369646702945488,-3.595304664480298,30.098865873756058,18.369904463493285,4.39041504767482,46.53761959146547,12.841643245852019,49.739076102841274,31.320589894879888,0.0,7.04767198267719,25.501443980757553,4.736862953800049,50.286730016102524,0.0,38.62301084671319,5.800781294704143,0.17059117362151288,-5.8208148995841675,2.194656176308693,6.076447667476332,0.906390429516418,4.678873961808021
COc1cc2c(cc1OC)CN(CCc1ccc(NC(=O)c3cc(OC)c(OC)cc3NC(=O)c3cnc4ccccc4c3)cc1)CC2,0,13.604788007846842,13.604788007846842,0.22079173416084052,-0.40770352543015576,11.814359458703011,9.589074368143644,0.0,11.250837766380558,22.749861432948368,60.4413125539356,31.543341637562136,32.418696287939895,48.53093654769288,32.650199596733565,18.947451815200196,21.890220326446272,0.0,33.73510775403336,6.658364836313584,5.98870850259208,1.4401795298902458,24.41180300883313,3.336502781413923,2.7267016897444334,6.3124115707329755
COC1C(N(C)C(=O)c2ccccc2)CC2OC1(C)n1c3ccccc3c3c4c(c5c6ccccc6n2c5c31)C(=O)NC4,0,13.882904976550357,13.882904976550357,0.04461214919645329,-0.9799140211640212,18.056853152453424,9.589074368143644,0.0,17.85620028785097,18.52902952053558,54.738602711718215,0.0,7.109797541277533,66.54488532968216,45.6401933731261,9.473725907600098,18.14656837889477,0.0,29.24936954800627,7.239329486623963,5.456171774655203,-0.10657427891110816,25.68552174661324,-0.38578113189720487,2.559425156800594,3.5726359858809356
CC1(C)S[C@@H]2CC(=O)N2C1C(=O)OCOC(=O)C1N2C(=O)C(NC(=O)C(N)c3ccccc3)[C@H]2S(=O)(=O)C1(C)C,0,13.390398921124827,13.390398921124827,0.1137619366903615,-4.16561274192745,79.41844651311972,32.39048290468804,0.0,11.281052542320246,11.984273114623004,4.899909730850477,30.50926907962284,30.33183534230805,13.847474399381248,5.316788604006331,15.207393384762284,34.666521099683955,1.4783127038897441,65.93316332721767,0.8058960380622404,6.4632108757125515,-3.5333162376165443,3.3996226758907215,0.33608060139325313,5.36612165769387,-4.16561274192745
COc1ccc(-c2nc3cc(C4=NNC(=O)CC4C)ccc3[nH]2)cc1,0,11.424183096333984,11.424183096333984,0.04269491104267398,-0.04269491104267398,0.0,4.794537184071822,0.0,11.8250857755129,6.4208216229260096,39.44590575268104,0.0,7.109797541277533,49.38830667892189,15.511177443797315,9.720841474747257,5.19079564640691,0.0,19.4556255776475,4.217839063817252,7.24991821699784,1.6669623682240235,13.775645541930576,0.4529109230888355,2.0090298778489406,1.647939450704793
CCc1ccc(CCOc2ccc(Cc3sc(=O)[nH]c3O)cc2)nc1,0,11.20426403733645,11.20426403733645,0.044520261858669974,-0.24256261610359586,0.0,9.901064578912528,0.0,10.752950933491682,17.904850781140226,41.18532044361611,5.563451491696996,0.0,36.52867891392113,22.95806131004665,4.736862953800049,5.756595621273201,1.0281162796019725,18.399364163376454,9.62879443106602,3.2639940289614233,0.7475225753379373,11.812807744419464,4.183076094816699,2.67972906114683,0.0
CC(C)CCC[C@@H](C)[C@H]1CC[C@H]2C3=CC=C4C[C@@H](O)CC[C@]4(C)[C@H]3CC[C@]12C,0,10.189139739132766,10.189139739132766,0.10585086646776709,-0.10585086646776709,0.0,5.106527394840706,0.0,6.103966387748303,10.829980938793557,42.431173476658984,51.36657298340809,11.146209060138533,0.0,46.77072621212088,0.0,0.0,0.0,0.0,10.189139739132766,4.189468156779371,4.189733005649726,0.0,17.813211061489522,12.45178137028195,0.0
Cc1cc(-c2nc(-c3ccc(OC(F)(F)F)cc3)no2)nn1Cc1ccnc(N2CCN(C3CC3)CC2)c1,0,12.394266080472395,12.394266080472395,0.22353618018754995,-4.749605519195447,6.362358859030383,13.171245143024459,0.0,17.46464025330974,17.802135892458033,49.29610871717874,37.107111519698464,0.0,29.9351178433721,40.82635159128351,4.523094936973348,48.34750378095608,0.0,13.895551206220151,8.607652143884419,3.019703230344776,1.1278118989378942,12.032624592212024,-0.24717697480056167,6.632996788911876,0.0
CCC(C)C(=O)OC1CC(C)C=C2C=CC(C)C(CCC3CC(O)CC(=O)O3)C21,1,12.54410608112493,12.54410608112493,0.0853637117151731,-0.5970862680910276,6.103966387748303,14.69560176298435,0.0,42.4031770666491,24.17453976141019,25.683286491704038,5.5731045300692665,0.0,13.847474399381248,32.07553471988289,9.473725907600098,11.505992733717301,0.0,24.21316292324496,9.893439565731441,1.2726621945074328,0.7548182808576572,0.0,9.701063477760322,8.325527490847552,0.0
CCCC[N@+]1(C)[C@@H]2C[C@@H](OC(=O)C(CO)c3ccccc3)C[C@H]1[C@@H]1O[C@@H]12,0,12.68424622435445,12.68424622435445,0.05602891156462664,-0.594880652623258,5.917906046161393,9.901064578912528,0.0,18.68015364021307,24.291614433792525,22.88812559524364,19.386399651764595,0.0,30.33183534230805,13.971409182367815,9.473725907600098,12.854882833349645,0.0,12.68424622435445,9.701067107521348,0.8134512168427216,-0.8982574215407009,10.28509364778568,4.832639910960235,3.2000403234241963,2.3601694906357604
CCOC(=O)C(C#N)C1c2cc(Br)ccc2OC(=N)C1C(=O)OCC,0,12.39820527053414,12.39820527053414,0.10426004661123733,-1.2716147014361308,29.692328714387877,14.850965922882128,0.0,19.111509273383447,15.785682840813315,0.0,0.0,32.046575604766076,6.069221312792274,15.929943897949348,19.61987246719167,16.131557198496683,3.335058972663139,24.67931209057697,17.64464561287478,0.47502881708238887,-4.899974017384732,6.9042289462081134,0.0,3.4801423794826576,0.0
CCCc1cc(C(N)=S)ccn1,0,5.48245559334845,5.48245559334845,0.439586167800454,0.439586167800454,0.0,0.0,0.0,0.0,4.988502101738191,24.099022732397476,0.0,6.196843571613076,12.13273413692322,11.907715720637832,17.95154092020888,0.0,4.855814909297052,4.635928760393047,0.0,7.446575963718821,0.0,3.7850462962962963,3.8231415343915343,2.120159202569917,0.0
CC(C)c1nc(CN(C)C(=O)NC(CCN2CCOCC2)C(=O)NC(CCC(Cc2ccccc2)NC(=O)OCc2cncs2)Cc2ccccc2)cs1,0,14.230326018329196,14.230326018329196,0.14955785478843886,-0.7614008335742513,12.135080900086376,14.383611552215466,0.0,30.628857864498418,64.32529090164243,39.795114680621666,11.336785877934735,34.991750436692854,66.04373345508202,44.66570698414513,9.473725907600098,11.05810111869604,3.023573203574398,54.210881315141854,12.428089939523707,4.6954514093393325,0.07463344360501778,18.438272544134584,3.9951048323745315,8.185930870840174,1.7232946561036953
Fc1ccc(C2CCNCC2COc2ccc3c(c2)OCO3)cc1,1,13.170417006584485,13.170417006584485,0.19366267224284184,-0.19366267224284184,0.0,4.39041504767482,0.0,12.610163147145721,18.442694056835705,36.75886993460288,17.696185628620217,0.0,30.33183534230805,5.316788604006331,14.210588861400147,29.86350895460806,0.0,0.0,3.42512831212732,1.1779506277819773,2.786337192064174,12.48058742010221,1.028569433946418,2.7379180593698367,0.0
CN(C)CCCN1c2ccccc2CCc2ccc(Cl)cc21,1,6.27193117318944,6.27193117318944,0.8155006508776352,0.8155006508776352,0.0,0.0,0.0,0.0,0.0,37.37461099434451,22.501675532761116,0.0,6.06636706846161,60.29336583782499,11.600939890232516,0.0,6.27193117318944,4.6901349346322885,0.8155006508776352,5.4338958175862935,0.0,15.07083378824781,3.3015575396825394,2.108235622952885,4.252354917275552
O=S(=O)(O)Oc1ccc(C(c2ccc(OS(=O)(=O)O)cc2)c2ccccn2)cc1,0,10.844257325364067,10.844257325364067,0.06211000092313124,-4.6301360568076815,20.798001163299215,16.835593968657875,0.0,17.416929712729203,5.693927994848461,11.126902983393991,24.26546827384644,48.66141305084435,0.0,13.350149386246622,9.105499747380728,69.78660056033432,0.0,4.361255616444108,0.0,2.142655423280424,-0.5031391250511013,17.35388793061863,1.6190117079889808,0.0,-9.260272113615361
CNC(=O)c1cc(Oc2ccc(NC(=O)Nc3ccc(Cl)c(C(F)(F)F)c3)c(F)c2)ccn1,0,14.422200602794938,14.422200602794938,0.06947689939663282,-4.705249398770227,34.51789840561727,27.150734558842927,0.0,28.567724210783393,6.06636706846161,12.13273413692322,43.57635089659831,0.0,0.0,20.9343443329662,16.337802844032566,58.74783819265731,5.539208371175665,27.627607740594726,6.269809394751138,-1.4523363471383282,-0.9997734672493706,8.214509174389667,-3.3605203731111417,0.0,1.4414350917081196
CCN1CC(CCN2CCOCC2)C(c2ccccc2)(c2ccccc2)C1=O,0,13.81324436255984,13.81324436255984,0.24942360586209822,-0.5924436649659865,5.414990469396779,4.794537184071822,0.0,11.8250857755129,0.0,63.4852705649087,0.0,0.0,17.032643867773697,60.35458347823398,4.736862953800049,5.498610494568963,0.0,18.334385235575713,0.0,1.6466813245359875,0.5064559187872681,20.808380483353424,1.0059807256235827,8.282839150888393,0.0
CN1CC(C(=O)N[C@]2(C)O[C@@]3(O)[C@@H]4CCCN4C(=O)C(Cc4ccccc4)N3C2=O)C[C@@H]2c3cccc4[nH]cc(c34)C[C@H]21,0,14.188116512215537,14.188116512215537,0.17124074476265672,-2.0266660006710064,29.626892917174846,19.49013894705617,0.0,36.11283400309976,32.351977680603184,17.500973832239268,28.336774128399888,4.899909730850477,30.33183534230805,46.644293615479114,4.736862953800049,6.2488795055186666,0.0,50.40223124481357,16.2309312110949,2.741397823285056,-3.3111710858470342,14.444941696214599,5.126163414796022,2.5558356321272218,2.0607905579969974
CCCCCCCC(=O)O,0,10.031994126354245,10.031994126354245,0.33701814058956914,-0.6699088246409672,5.9693052879518484,4.794537184071822,0.0,0.0,6.4208216229260096,12.841643245852019,19.26246486877803,0.0,0.0,6.923737199690624,5.106527394840706,0.0,0.0,10.031994126354245,8.270004172965482,0.0,-0.6699088246409672,0.0,5.884581443688586,2.14999574829932,0.0
NCCCNCCCCNCCCN,1,5.37723449546054,5.37723449546054,0.7853614215793703,0.7853614215793703,0.0,0.0,0.0,0.0,0.0,52.11018168132747,12.841643245852019,0.0,0.0,10.633577208012662,11.46733495432437,0.0,0.0,0.0,6.721202128999748,10.75446899092108,0.0,0.0,4.628861961451247,5.895466918627925,0.0
CC(c1nc(-c2ccc(C#N)cc2)cs1)C(O)(Cn1cncn1)c1cc(F)ccc1F,0,14.695895044620139,14.695895044620139,0.13857168755166605,-1.8336583095002101,23.15339853923687,13.887357490190345,0.0,12.10820789760957,16.26500318339822,23.762552697081826,28.673228962609002,31.18920547353706,5.380062770465915,21.135860162987726,5.261891554738487,30.02786939115822,1.3090386957252034,8.489963135824114,27.007390837073135,0.005779511484814703,-2.066764320638641,12.030965544320557,2.706684215919182,1.572406322466748,0.0
CCCCCCCCCC(=O)NC(Cc1c[nH]c2ccccc12)C(=O)NC(CC(N)=O)C(=O)NC(CC(=O)O)C(=O)NC1C(=O)NCC(=O)NC(CCCN)C(=O)NC(CC(=O)O)C(=O)NC(C)C(=O)NC(CC(=O)O)C(=O)NCC(=O)NC(CO)C(=O)NC(C(C)CC(=O)O)C(=O)NC(CC(=O)c2ccccc2N)C(=O)OC1C,1,14.837316182806164,14.837316182806164,0.018598818870656952,-2.4484380209522847,261.4545552884026,121.42338065564003,0.0,37.05805904107116,29.30801966963007,52.87531971370191,24.26546827384644,30.462311845459514,15.950365812018994,65.07560176070115,21.937865385286603,5.6809043968935615,0.0,276.08194645695204,78.6506564183417,18.078748646861463,-29.734865909292154,-10.539571705875826,-2.3322645975077885,1.1144462936270134,0.0
O=C(O)COCCN1CCN(C(c2ccccc2)c2ccc(Cl)cc2)CC1,0,10.505302308533555,10.505302308533555,0.202663953794455,-0.9226974849586258,5.9693052879518484,4.794537184071822,0.0,12.648722793660879,6.606881964512918,37.7464153433042,11.126902983393991,0.0,18.19910120538483,46.19802187247061,21.44433023887327,5.154639821243669,6.078396640303419,15.320225646695981,9.373299591002842,2.5156532396909386,-0.9226974849586258,18.842362377003557,0.0,4.749231280129328,0.0
CN1CCN(C(=O)C2C3CCC(O3)C2C(=O)O)CC1,0,12.575837112622827,12.575837112622827,0.02064814814814797,-0.8891875052490124,17.805117380274634,14.69560176298435,0.0,18.115112504848113,13.08951281182515,25.93115605767717,0.0,0.0,11.947581713527667,4.899909730850477,4.736862953800049,5.6531257086167805,0.0,27.944536249685058,9.336088592844545,0.0,-2.029685426639791,0.0,1.1475920939363395,3.0847411186696903,2.030268329554044
CCC(CC)CC1(C(=O)Nc2ccccc2SC(=O)C(C)C)CCCCC1,0,13.423399628369866,13.423399628369866,0.029341706398660072,-0.25518683862433833,0.0,9.589074368143644,0.0,22.355353175095395,5.917906046161393,55.52862111068342,18.182706572317123,0.0,38.11294267322769,19.16426300338758,0.0,0.0,1.2351496756109852,26.45719737649549,3.332953945722254,0.5188829837490558,0.7207818512506016,7.691083973712942,8.692260497505808,8.26835636261953,0.0
CCOC(=O)Nc1ccc(NCc2ccc(F)cc2)nc1N,0,12.812351441343804,12.812351441343804,0.17792517006802733,-0.5805357712435011,6.093240070938415,9.184952231746642,0.0,18.241965583393842,18.050005458431166,5.563451491696996,12.13273413692322,31.18920547353706,0.0,15.61755572895987,10.470530430962235,17.578737318566137,0.0,15.466159146962823,5.569665145060166,7.076518688525814,0.4526899494084051,9.467020562633492,-0.5805357712435011,2.469744960086667,0.0
CC1(C)CNc2cc(NC(=O)c3cccnc3NCc3ccncc3)ccc21,0,12.85226493606702,12.85226493606702,0.10245050574197134,-0.19209677080708776,0.0,4.794537184071822,0.0,11.322170198748285,17.9260706754446,23.482980446976693,5.563451491696996,30.72326485176245,24.26546827384644,45.83216432175626,0.0,0.0,0.0,21.199642490541677,9.6340751521971,4.782226851577069,0.36089451058201116,13.402596307864096,5.1582462829635105,5.878985070941205,0.0
CON=C(C(=O)N=C1C(=O)C2C(C(=O)[O-])C(C[N+]3(C)CCCC3)CS[C@H]12)c1csc(N)n1,0,12.932786674855128,12.932786674855128,0.07247454228605066,-1.1996237489996495,34.745480085973256,19.490138947056174,0.0,28.166762526390592,12.297610012659364,41.75097279330653,18.871682490668647,5.380062770465915,0.0,22.179767963010605,10.571256060898818,0.8270141136924007,2.6278625294268676,50.47687425474871,17.094195062325092,5.747396878733131,-3.5506835640209555,0.0,2.262400599004915,2.7532798673699097,3.4283269253866018
CCOC(=O)N1CCC(=C2c3ccc(Cl)cc3CCc3cccnc32)CC1,0,12.030945661347896,12.030945661347896,0.21470047699214345,-0.21470047699214345,0.0,4.794537184071822,0.0,6.093240070938415,19.696394776338067,36.39984780029383,27.83656353522952,4.899909730850477,25.25331490822692,18.19910120538483,21.321781364979774,5.151673566299287,6.26865352259176,18.573609269618466,0.7723571118425572,7.4627827754022755,0.0,10.346003663666602,5.2526315353539985,3.6167329996694964,0.0
CN(CCOc1ccc(NS(C)(=O)=O)cc1)CCc1ccc(NS(C)(=O)=O)cc1,0,11.218276132263385,11.218276132263385,0.49511360018514927,-3.2858462203502747,20.046582306815168,16.835593968657875,0.0,0.0,23.731166347163946,37.58532429347096,0.0,36.39820241076966,19.18040611960041,14.344099459754652,4.736862953800049,55.36150448974939,0.0,2.141116683524241,0.0,2.1632097550420326,0.672607643904958,14.070907729553944,3.063943578049577,2.072476275328007,-4.54576615515215
Cc1ccc(O)c(C(CCN(C(C)C)C(C)C)c2ccccc2)c1,0,10.436688082640464,10.436688082640464,0.21398148148148133,0.21398148148148133,0.0,5.106527394840706,0.0,5.917906046161393,17.833193491579827,18.52902952053558,11.126902983393991,0.0,18.19910120538483,69.85043107161165,0.0,0.0,0.0,2.5166515495086923,10.436688082640464,3.493361940455195,0.6122193877551021,17.504730043251865,0.9974074074074073,12.105608255647939,0.0
CCN(CC)CCN(Cc1ccc(-c2ccc(C(F)(F)F)cc2)cc1)C(=O)Cn1c(SCc2ccc(F)cc2)nc(=O)c2c1CCC2,1,14.094120862143532,14.094120862143532,0.031004126492631068,-4.391851248012803,11.73975000914047,27.15073455884292,0.0,23.828423871361984,54.51210553555123,54.02735104161383,36.027353223237554,12.13273413692322,33.73247765248827,23.731362651178934,0.0,54.39010644340617,1.3590442753945124,35.443119081347064,0.47028927769789375,3.7870419014536436,0.04121269583838982,18.751105008096346,-2.2449834268177624,7.419731410250404,0.0
COc1cc2c(cc1OC)CN(CCc1ccc(NC(=O)c3cccc4c(=O)c5cccc(OC)c5[nH]c34)cc1)CC2,1,13.345921593193543,13.345921593193543,0.14563866547726678,-0.2941772045355089,0.0,9.589074368143644,0.0,11.335970121252046,38.80619946382657,43.97493613015756,16.690354475090988,57.72759503460226,24.26546827384644,27.333410992727234,14.210588861400147,16.396650848658464,0.0,32.26765861555091,3.958143274920844,5.762147039855952,1.7928933867349637,22.597952439860585,1.8739900491489239,2.7949396643017352,4.888958014300962
CCN(CCCOc1ccc2c(Nc3cc(CC(=O)Nc4cccc(F)c4)[nH]n3)ncnc2c1)CCOP(=O)(O)O,0,13.341786550044189,13.341786550044189,0.021435094799496568,-4.4601832372439105,13.639917964178064,13.750000516677972,0.0,18.934883316790433,66.94522518127889,5.386224214464796,24.52642128014937,18.19910120538483,23.95638106746432,35.32264502822097,14.523686159305,34.540705476084966,0.0,40.57624452491189,13.539821088189386,1.5964507303480562,0.8802584827822633,12.817711690126936,2.1537734760195004,4.160773324336478,-4.4601832372439105
Oc1cc(O)c2c(c1)O[C@H](c1cc(O)c(O)c(O)c1)[C@H](O)C2,0,10.189602229780801,10.189602229780801,0.06400155895691606,-1.04973544973545,29.45646827534832,30.63916436904423,0.0,29.23280861447472,5.563451491696996,18.19910120538483,6.06636706846161,0.0,0.0,0.0,4.736862953800049,5.56791477702192,0.0,0.0,57.927123343177186,0.5995878474846734,-1.9426019358360618,4.772506155227115,-1.924530187074831,0.0,0.0
COC1C(OC(=O)C=CC=CC=CC=CC(=O)O)CCC2(CO2)C1C1(C)OC1CC=C(C)C,0,12.410459872769124,12.410459872769124,0.009275948600513395,-1.0042489783452824,11.938610575903697,9.589074368143644,0.0,35.431906831373674,13.027703587438928,18.9176633526859,17.72514474373703,37.48989807544694,0.0,26.847231705905752,24.0539792100409,23.756243737093172,0.0,22.78926360568547,8.513294414789321,0.6423452914036141,-1.447943991543882,0.0,15.967947360277732,6.958949562873222,1.653233352754682
O=C(Nc1ccc([N+](=O)[O-])cc1Cl)c1cc(Cl)ccc1O,0,12.035888290501386,12.035888290501386,0.013025793650794038,-0.6335619803476946,10.830490778169176,20.015382847678097,0.0,32.733002501830676,0.0,6.06636706846161,30.33183534230805,0.0,0.0,5.316788604006331,23.20187978046503,0.0,11.62697358080565,22.041058244872282,22.976472632773138,-0.03503390862517808,-0.8743637146216507,7.653782053684652,0.0,0.0,0.0
Cn1cc(CNCC2CCN(c3ncc(C(O)=NO)cn3)CC2)c2ccccc21,1,9.387867940762227,9.387867940762227,0.29515913648237935,-0.4791414747623455,5.897745344357611,5.106527394840706,0.0,0.0,17.42969681884488,39.020668869502316,28.860063567004204,0.0,0.0,67.41745157942981,5.20725302477729,2.182798430837026,0.0,10.69981455180201,25.679668473616697,2.897847138631012,0.7918961950216823,8.505002887242018,7.304548134268206,3.680358936759827,2.0913985851548533
CN1C(C(=O)Nc2ccccn2)C(=O)c2ccccc2S1(=O)=O,0,12.559244457042077,12.559244457042077,0.020158205257412076,-3.9088915396405475,27.75555665827199,18.00687135247258,0.0,16.276797745049798,0.0,4.305215991296233,31.443616759675095,24.26546827384644,0.0,10.300767124953538,0.0,25.77756361803981,0.0,28.81165065717645,2.4640539965986394,0.020158205257412076,-1.0596381855211208,9.284086133681866,1.4802215739690938,0.0,-2.694762665868817
CN(C)CCc1c[nH]c2ccc(CC3COC(=O)N3)cc12,0,11.074862611131689,11.074862611131689,0.08251572079449021,-0.3107458136300125,0.0,4.794537184071822,0.0,12.135080900086376,6.606881964512918,19.386399651764595,22.02982791547505,0.0,0.0,53.6919655981563,4.736862953800049,4.937067423617748,0.0,16.590295929967333,4.100692577574342,3.731920561434451,0.0,6.528740683001594,3.617936657815356,1.4872988803724734,4.172713952883367
Nc1ncn(C2OC(CO)C(O)C2O)c(=O)n1,0,11.470870653817082,11.470870653817082,0.19630241139665672,-1.3499310279667431,36.83642569669617,15.007591973753232,0.0,5.948339280986494,0.0,10.894419722555895,0.0,0.0,0.0,9.967957041894415,15.57705782580294,6.036694066515495,0.0,18.42747023809524,28.089890925506005,4.456252204585538,-0.19630241139665672,0.0,-3.6744283824640984,-0.4729099741748548,0.0
C#C[C@]1(O)CC[C@H]2[C@@H]3CC=C4CC(=O)CCC4[C@H]3C(=C)C[C@@]21CC,0,11.844958785052128,11.844958785052128,0.19858178224993694,-0.9793166047283108,5.601050810983688,9.901064578912528,0.0,5.414990469396779,35.87569075393652,44.94575136048208,11.146209060138533,0.0,0.0,25.499127308978647,6.423349895620259,0.0,0.0,11.844958785052128,11.183617859563476,1.4623617803602933,5.165752605354202,0.0,15.028486237738132,6.648156065265102,0.0
Cc1c(-c2ccnn2C)cc(C(=O)NCc2ccc(S(C)(=O)=O)cn2)c(=O)n1-c1cccc(C(F)(F)F)c1,0,13.481878530720522,13.481878530720522,0.010095830208772583,-4.631912175317533,33.043449769961484,31.178116495497044,0.0,22.691077647810907,22.64523547624238,29.152446539839055,41.21048184906631,20.037776250829424,0.0,15.399448933254575,0.0,66.01067484391692,0.0,30.65383048909564,6.677626698111595,-0.517224423607501,-0.7841352513227513,10.065469169755492,-0.9215669947758078,1.4441759241506718,-1.7955171219909198
CN1CCC(=C2c3ccccc3CCc3sccc32)CC1,0,2.4456309051398337,2.4456309051398337,1.1809220679012344,1.1809220679012344,0.0,0.0,0.0,0.0,0.0,0.0,55.463153778620175,16.023356253839832,11.336785877934735,47.65947982630163,0.0,0.0,1.9330205708826738,4.0221383692365835,2.271935941043084,7.773689058956917,0.0,11.396615173847316,4.811482268833459,2.3898228458049884,2.234629104728311
COc1cc(C(=O)OCCCCN=C(N)N)cc(OC)c1O,0,11.95068016712858,11.95068016712858,0.04192413231637926,-0.5292222012261687,5.9693052879518484,9.901064578912528,0.0,35.37842352480546,19.386399651764595,0.0,26.352329219478285,0.0,0.0,4.992404732635668,25.67792381572452,15.095550671124055,0.0,15.776031674888095,9.778052905337809,10.625161202354356,-0.3790561585611314,2.776985362020535,1.335588755563954,0.7272577508837432,2.7644278363885837
CC1(c2nc3c(C(N)=O)cccc3[nH]2)CCCN1,0,11.377987370874276,11.377987370874276,0.1310156840513983,-0.4414961262282693,5.907179729351506,4.794537184071822,0.0,5.538925252383345,11.080152209313258,30.727504867380784,0.0,6.06636706846161,12.13273413692322,22.20848284559137,5.733667477162185,0.0,0.0,19.23868181531872,3.448989040060469,7.224702695893172,0.4369297996976568,5.435593348450491,2.175544138951877,3.122892494960947,0.0
N#Cc1ccc(C(c2ccc(C#N)cc2)n2cncn2)cc1,0,8.91760169334033,8.91760169334033,0.150013227513228,-0.150013227513228,0.0,0.0,0.0,6.041840829147961,11.126902983393991,11.126902983393991,6.3273200747645415,35.274591283756166,24.26546827384644,22.221102954832794,10.523783109476973,1.752739984882842,0.0,4.0087005542957925,22.065250155388142,3.213197029041186,0.0,18.81986331569665,3.140248960695389,0.0,0.0
CC(Cn1cnc2c(N)ncnc21)OCP(=O)(O)O,0,10.70832055393834,10.70832055393834,0.2847582217043203,-4.158239765299124,20.047699083591016,4.565048284931329,0.0,5.817862777835028,17.708634344296563,0.0,12.654640149529083,11.49083684748198,0.0,14.951935562841623,20.257353636467187,17.473001518916924,0.0,29.43437274292433,0.0,6.700124675233577,0.2847582217043203,0.0,1.8503141446907971,2.0545573507180652,-4.158239765299124
NCCS,0,4.951388888888889,4.951388888888889,0.683641975308642,0.683641975308642,0.0,0.0,0.0,0.0,6.544756405912575,5.752853606746789,0.0,0.0,0.0,12.628789148012991,5.733667477162185,0.0,3.795524691358025,0.0,0.0,4.951388888888889,0.7916666666666666,0.0,0.0,0.683641975308642,0.0
N=C(N)c1ccc(OCCCCCOc2ccc(C(=N)N)cc2)cc1,0,7.339727087592539,7.339727087592539,0.057855033925110044,0.057855033925110044,0.0,0.0,0.0,11.671239571514539,24.340666912419827,30.761488535345837,0.0,24.26546827384644,24.26546827384644,0.0,31.759628073507514,11.314237849299662,0.0,0.0,14.679454175185079,12.210875503081388,1.6838787092737324,14.418398468545613,2.902030989826805,1.2911243047877243,0.0
COc1ccc(C=CC(=O)CC(=O)/C=C/c2ccc(OC)c(OC)c2)cc1OC,1,12.065645835328827,12.065645835328827,0.21470316830435854,-0.2900496632562828,0.0,9.589074368143644,0.0,17.987311515655886,22.99804733313562,11.126902983393991,12.152040213667762,76.98943278954755,0.0,0.0,18.947451815200196,20.813028014990227,0.0,24.131291670657653,0.0,1.5357758253050462,1.7578309124085443,10.593895361600573,5.81113665732082,0.0,6.190374891050474
CCCC(CCC)C(=O)O,0,10.479351851851852,10.479351851851852,0.10185185185185208,-0.6354629629629625,5.9693052879518484,4.794537184071822,0.0,5.917906046161393,0.0,25.683286491704038,0.0,0.0,13.847474399381248,0.0,5.106527394840706,0.0,0.0,10.479351851851852,8.635462962962963,0.0,-0.7373148148148145,0.0,3.583611111111111,4.038888888888889,0.0
Cc1ccn(-c2cc(Cl)ccc2C(Oc2cc(-c3ccc(CC(N)C(=O)O)cc3)nc(N)n2)C(F)(F)F)n1,0,14.308051612242423,14.308051612242423,0.08827235719329751,-4.838089667915935,30.171399358726955,17.96578232709628,0.0,34.336559978882846,16.82083097824245,0.0,35.1441147806047,37.255572541998674,0.0,15.066638850195453,32.91166519319764,49.609472944014676,6.079991028914233,18.938692265736353,13.410913163478481,13.183520646866324,-1.829653811417207,12.244771050573412,-5.648331718873019,1.7050688751512002,0.0
Nc1nc(OCc2cc(Br)cs2)c2[nH]cnc2n1,0,5.645046296296297,5.645046296296297,0.14996309943730624,0.14996309943730624,0.0,0.0,0.0,5.948339280986494,23.650748239332277,9.349866709533714,6.3273200747645415,11.336785877934735,11.446429838927525,35.86585798173817,10.470530430962235,6.686702438691526,5.00471327265474,16.10798609798858,1.9988289714033762,6.753056303539935,0.5661875892332249,1.9993735827664398,1.5350961881666247,0.4313888888888888,0.0
O=C(NCC1CCCCN1)c1cc(OCC(F)(F)F)ccc1OCC(F)(F)F,0,12.412735771073162,12.412735771073162,0.015653309099376678,-4.633711059046106,37.223052526548194,31.137027470120742,0.0,23.899560560041436,0.0,44.00632248007543,0.0,0.0,0.0,20.10730311561276,0.0,83.32700890975106,0.0,12.408126771541948,5.75477945002228,-0.3335796957671955,-1.467204900478709,2.935512581320662,-6.411797775878989,-2.2128453405110604,0.0
OC(CCN1CCCCC1)(c1ccccc1)c1ccccc1,0,11.45792115457294,11.45792115457294,0.7371296296296297,-0.9028103741496598,5.601050810983688,5.106527394840706,0.0,0.0,0.0,24.092481012232575,32.35197768060318,0.0,60.6636706846161,4.899909730850477,0.0,0.0,0.0,2.486458333333333,11.45792115457294,1.0660959939531376,0.0,20.13934848901299,4.656121166441783,3.277388196019148,0.0
N=C(N)NN=Cc1c(Cl)cccc1Cl,1,6.8544340513983375,6.8544340513983375,0.2459018329554039,-0.2459018329554039,0.0,0.0,0.0,5.959554568743835,15.608718119179649,0.0,6.2146005795353165,18.19910120538483,0.0,10.527198922850108,34.34483086341874,0.0,11.712875094482236,0.0,11.508234126984128,7.874408226253465,-0.2459018329554039,5.1304769778281685,1.4087962962962963,0.0,0.0
CN1CCC(=C2c3ccccc3C=Cc3ccccc32)CC1,0,2.427401738473167,2.427401738473167,1.1632893990929705,1.1632893990929705,0.0,0.0,0.0,0.0,0.0,13.08951281182515,40.668553742709264,5.5731045300692665,0.0,72.63055847488832,0.0,0.0,0.0,2.427401738473167,0.0,8.539594671201815,0.0,17.61481009070295,6.871388888888888,2.326578798185941,2.220225812547241
CC(C)n1c(=O)cc(N[C@@H](C)c2ccccc2)[nH]c1=O,0,11.92327632905014,11.92327632905014,0.0010648148148144632,-0.3932762240698746,5.689743398203474,9.589074368143644,0.0,17.642948553347928,5.817862777835028,5.563451491696996,10.633466716252965,13.847474399381248,37.255572541998674,10.300767124953538,0.0,1.1928212396069537,0.0,26.506023321365582,3.137074829931973,0.39181526622994967,0.4381972789115649,11.089725555345595,0.0,5.577675841941715,0.0
CC(C)(C(=O)O)c1ccc(C(O)CCCN2CCC(C(O)(c3ccccc3)c3ccccc3)CC2)cc1,0,12.05582860793869,12.05582860793869,0.13213695223019206,-1.00776675170213,23.08931295608062,20.11411936859394,0.0,5.917906046161393,6.4208216229260096,61.150540053303736,0.0,25.980208536304467,72.79640482153933,4.899909730850477,0.0,0.0,0.0,13.912285407597548,32.16374040119014,1.4721093322471974,-0.7330986835525353,27.305144240514,2.7673345118272756,6.112484790176369,0.0
CC12C=CC(=O)C=C1CCC1C3CC(O)C(O)(C(=O)CO)C3(C)CC(O)C12F,0,16.777430634290752,16.777430634290752,0.013461435500125907,-2.2320258828840176,58.53366334722016,30.015183947506465,4.39041504767482,18.624888192216957,18.414747775921285,0.0,18.228060320501644,13.847474399381248,0.0,0.0,0.0,16.777430634290752,0.0,24.187318685434548,42.10226029642348,-6.118803907365414,-2.379245483527817,0.0,1.9297615388492908,2.334611569228498,0.0
Nc1nc(=O)c2c([nH]1)NCC(CNc1ccc(C(=O)NC(CCC(=O)O)C(=O)O)cc1)N2C=O,1,12.331834930904854,12.331834930904854,0.06032564825631215,-1.3283377638903715,41.90956048152914,29.079213315199816,0.0,30.164755076205637,24.460100764547285,0.0,17.032643867773697,12.13273413692322,0.0,25.918322853913406,10.84019487200289,0.0,0.0,65.68304899968223,26.301011610666837,5.744199636958779,-2.910292550571227,4.3639236293770285,-0.10089792946746345,0.5856732700204847,0.0
Nc1ccccc1NC(=O)c1ccc(CNc2nccc(-c3cccnc3)n2)cc1,0,12.421764583034111,12.421764583034111,0.20841271423494723,-0.20841271423494723,0.0,4.794537184071822,0.0,5.907179729351506,29.431319727963192,16.82083097824245,0.0,42.85599898868567,42.46456947923127,25.585512770854283,5.733667477162185,0.0,0.0,25.32218013143365,6.0282953097785485,10.280143065057567,0.31725900324274203,20.157352571059285,5.196331945281813,0.5317713074797309,0.0
NC(=O)/C(=C/n1cnc(-c2cc(C(F)(F)F)cc(C(F)(F)F)c2)n1)c1cncnc1,1,13.01947459670237,13.01947459670237,0.0009862088902492516,-5.0090019701858735,40.77453573732937,31.137027470120742,0.0,17.202923090227873,12.13273413692322,17.209077899730175,18.721007217990696,0.0,0.0,20.05061737114266,5.733667477162185,79.0433857510381,0.0,22.865388299853556,3.820417139077853,1.9044194435247823,-1.3090198773622297,0.9983262189683544,-4.15625030843375,0.0,0.0
CCC1C(=O)N(C)c2cnc(Nc3ccc(C(=O)NC4CCN(C)CC4)cc3OC)nc2N1C1CCCC1,1,13.134548027166531,13.134548027166531,0.08980640446650345,-0.22662444095240186,0.0,9.589074368143644,0.0,23.898041116998932,28.990529709798917,56.6988699789738,12.841643245852019,37.38695696334149,6.06636706846161,39.388784373028635,9.720841474747257,5.62502339845233,0.0,41.64958544332834,6.436681303705113,1.948195065582592,1.7391548513942117,5.620406711040493,8.80446158769195,4.0248514282844035,5.484973543853895
CCCSc1nc(NC2CC2c2ccc(F)c(F)c2)c2nnn(C3CC(OCCO)C(O)C3O)c2n1,0,13.707520864318063,13.707520864318063,0.0029058074789771737,-1.1547247436955306,35.98818167448465,18.99388488503105,0.0,31.5943324272612,27.70162868973672,24.660863921060418,22.510054952997912,6.06636706846161,0.0,32.52054974954727,9.843390348640755,34.02188438025793,1.4785731104246613,9.270014241093335,42.54107544125836,1.5289923827480376,-0.47193496923030187,3.264159871301766,-1.042454499229913,1.9096900413761186,0.0
C[C@]12CCC(=O)C=C1CC[C@@H]1C2C(=O)C[C@@]2(C)[C@H]1CC[C@]2(O)C(=O)CO,0,13.319630102040817,13.319630102040817,0.0987991307634164,-1.6045648568069204,23.406168191258324,24.596666341896878,0.0,41.15602012353685,25.683286491704038,18.414747775921285,0.0,6.076020106833881,6.923737199690624,6.923737199690624,0.0,0.0,0.0,37.52450191095922,20.4856603526313,-1.552716062505249,-0.17243963927653416,0.0,5.825186448201871,3.3064736566560606,0.0
CNC(=O)c1cc(Oc2ccc(NC(=O)Nc3ccc(Cl)c(C(F)(F)F)c3)cc2)ccn1,0,12.93887738071883,12.93887738071883,0.06593892325417716,-4.641864625107676,22.793497835219867,22.760319511168106,0.0,17.288493998883528,17.186409941251373,12.13273413692322,25.377249691213486,30.33183534230805,0.0,20.9343443329662,16.337802844032566,44.47480425652903,5.5680146154364545,27.704457020430112,6.826069682816981,-0.5468369560238577,0.460043132229927,11.597059144995194,-3.210188320537026,0.0,1.4876885352342903
CCCc1cc(=O)[nH]c(=S)[nH]1,1,10.843707482993198,10.843707482993198,0.12759259259259226,-0.12759259259259226,0.0,4.794537184071822,0.0,5.559266895052007,4.771065770590158,18.53557124070048,0.0,6.06636706846161,0.0,16.89169424158504,12.217873443046695,0.40365740740740774,4.790124716553287,16.224652305366593,0.0,0.7763425925925931,0.0,1.5409722222222222,1.8772685185185183,2.053648904006047,0.0
Cc1[nH]c(=O)c(C#N)cc1-c1ccc2nccn2c1,0,11.532394389854707,11.532394389854707,0.11697042705971294,-0.35420472201226105,0.0,4.794537184071822,0.0,11.122718386749003,0.0,22.46800819901018,0.0,12.263210640074686,41.92007439889406,9.967957041894415,5.261891554738487,1.8947699357520786,0.0,18.40468445557235,8.934167506508775,3.121376474972707,0.0,7.3347538737717315,5.49477675946922,1.8154709939531368,0.0
O=C1C(O)c2c(O)cc(O)cc2OC1c1cc(O)c(O)c(O)c1,0,12.258781179138321,12.258781179138321,0.018210506424791717,-1.719964096749811,40.98922505499716,35.43370155311605,0.0,22.6259266499618,0.0,24.26546827384644,0.0,0.0,0.0,0.0,4.736862953800049,5.378794406651549,0.0,12.258781179138321,57.69764086963221,-0.20221770807088202,-3.900540805828502,4.06056171078267,-3.1263529856387002,0.0,0.0
Cc1[nH]c(=O)c(C#N)cc1-c1ccncc1,0,11.364205089443185,11.364205089443185,0.12260393046107332,-0.34925359032501846,0.0,4.794537184071822,0.0,11.122718386749003,0.0,16.82083097824245,0.0,25.383791411378386,18.201955449715495,9.967957041894415,5.261891554738487,0.0,0.0,17.94627243953137,8.7983238851096,2.295572562358278,0.0,7.144183909674981,3.3450954270597126,1.8038851095993953,0.0
CC1(O)CC(c2nc(-c3ccc4ccc(-c5ccccc5)nc4c3)c3c(N)nccn23)C1,1,10.251419095166806,10.251419095166806,0.1910321008002489,-0.629021150758095,5.601050810983688,5.106527394840706,0.0,5.917906046161393,18.659506023687047,44.75878912078816,0.0,6.196843571613076,41.78674365141193,41.382180931716874,15.701624519056601,2.023403302679096,0.0,14.213970152954518,11.319295290640405,11.132610189829723,1.5522760340688944,20.49853856094064,4.972754948662027,1.8704848535580305,0.0
COCc1c(-c2ccc(NC(=O)Nc3cc(C(F)(F)F)ccc3F)c(F)c2)c2c(N)ncnn2c1CN1CCOCC1,1,15.344225200538332,15.344225200538332,0.15712965867901207,-4.7460672971532345,35.092692478253895,22.3561973747711,4.39041504767482,18.11213101703151,73.25418954485563,5.693927994848461,31.6362188214269,4.5153978936156225,5.316788604006331,20.299358664105053,15.207393384762284,80.99478043185269,0.0,18.750491991119823,8.582051331573458,6.970601669557046,-1.788303330667581,4.40543652107105,-3.4217026845465117,3.229747176002217,1.5268968940378138
Cc1c(O)cccc1C(=O)NC(CSc1ccccc1)C(O)CN1CC2CCCCC2CC1C(=O)NC(C)(C)C,0,13.460933996662956,13.460933996662956,0.012365883591984428,-0.886245512093726,12.145807216896262,19.802129157825057,0.0,29.144637373518222,35.26032508837614,30.70270475020838,12.841643245852019,36.884723354466566,51.103046941379915,15.533486938863138,0.0,0.0,1.5746738881375424,29.999754220217127,27.995726885944254,0.5433338262603096,1.2722780430953866,13.93078789274311,4.671330342755238,8.762114900847036,0.0
C[C@]12CC[C@@H](O)C[C@@H]1CC[C@@H]1[C@@H]2CC[C@]2(C)C(=O)CC[C@@H]12,0,12.3772814538656,12.3772814538656,0.012444452317964538,-0.05412988420676923,0.0,9.901064578912528,0.0,11.518956857145081,17.116141461923114,49.857826253114226,25.683286491704038,0.0,0.0,13.847474399381248,0.0,0.0,0.0,12.3772814538656,10.039894472060327,0.4520419579868986,3.5361541530192317,0.0,10.148127480158731,4.779833816242546,0.0
NCCc1c[nH]cn1,0,5.265833333333333,5.265833333333333,0.6714814814814815,0.6714814814814815,0.0,0.0,0.0,0.0,6.544756405912575,12.114749617774471,0.0,6.3273200747645415,6.196843571613076,9.967957041894415,5.733667477162185,0.0,0.0,6.818287037037037,0.0,6.3005555555555555,0.0,0.0,4.376342592592593,0.6714814814814815,0.0
CC(N)C(=O)NC(Cc1ccc2ccccc2c1)C(=O)NC(Cc1c[nH]c2ccccc12)C(=O)NC(Cc1ccccc1)C(=O)NC(CCCCN)C(N)=O,0,14.405551938473634,14.405551938473634,0.04979665747609663,-1.1939105731696824,59.74510279249733,23.97268592035911,0.0,25.683286491704038,19.386399651764595,38.365727836101634,6.923737199690624,6.196843571613076,97.06187309538579,26.25113293697253,17.201002431486554,0.0,0.0,70.93664852101966,14.065511263024494,20.308477577636,-3.09701978641176,24.974747574848408,3.533636854241971,1.9446646623078878,0.0
O=c1[nH]c(=O)n(C2CC(O)C(CO)O2)cc1C(F)(F)F,0,12.601317712270093,12.601317712270093,0.1721485260770974,-4.920006298815823,48.031476213140344,27.86684690600881,0.0,6.4208216229260096,10.763943219404432,0.0,0.0,4.983978520947208,0.0,0.0,9.843390348640755,43.419537509448226,0.0,24.189571601788863,18.388988187095826,-4.169044758335433,0.0,0.0,-8.039269337364576,-0.5397832026329046,0.0
COCC1=C(C(=O)OC(C)OC(=O)OC(C)C)N2C(=O)C(=NC(=O)C(NOC)c3csc(N)n3)[C@H]2SC1,0,13.058316481831994,13.058316481831994,0.04844345003841699,-1.2911184803031148,47.74873713539383,19.178148736287287,0.0,28.841092755027248,11.325958136816055,11.336785877934735,37.805126962487286,19.227537169847164,0.0,15.456479851704078,29.518707876099015,20.20298997747689,2.418555439050566,64.82157875378002,1.1062614251782268,8.823101333403116,-1.9904590888465004,-1.08878325541579,-2.7209784211988883,4.662221083828289,2.7655127527440686
Cc1ccccc1N1C(=O)c2cc(S(N)(=O)=O)c(Cl)cc2NC1C,1,12.9775,12.9775,0.02028549382715994,-4.02466793430335,10.023291153407584,13.212334168400758,0.0,27.554523622442133,5.687386274683562,11.250837766380558,12.13273413692322,4.899909730850477,38.112942673227685,5.316788604006331,16.73991362784046,23.328306108740815,5.995814633687709,14.29299345972957,8.326087588591196,2.3781030022605756,-0.3128549382716046,10.113848871851141,-0.31712931468883876,3.747276300180566,-4.02466793430335
CC1CC2C3CC=C4CC(=O)C=CC4(C)C3(F)C(O)CC2(C)C1(O)C(=O)COP(=O)(O)O,0,17.00319424337687,17.00319424337687,0.09581892311404117,-4.929281277529661,66.17030012876542,24.367177442756386,4.39041504767482,25.045709815142967,11.993926152995275,0.0,12.152040213667762,20.771211599071872,6.076020106833881,4.5237471617118175,9.78682320550495,32.45045070662049,0.0,42.871721385925355,22.818971135647576,-5.897230699017015,-2.837322563221006,0.0,3.6731181052574997,3.988462095205647,-4.929281277529661
CCC(C)C(=O)OC1CCC=C2C=CC(C)C(CCC3CC(O)CC(=O)O3)C21,0,12.437435635168772,12.437435635168772,0.07638789916793187,-0.593243292884416,6.103966387748303,14.69560176298435,0.0,42.4031770666491,18.256633715248796,32.10410811463005,5.5731045300692665,0.0,13.847474399381248,25.151797520192268,9.473725907600098,11.418518453881909,0.0,24.07039284459826,9.864284377485344,1.2749770093222477,0.42572362804908037,0.0,10.64094937093761,6.1384876490588836,0.0
CNC(=O)C(Cc1c[nH]c2ccccc12)NC(=O)C(CC(O)=NO)CC(C)C,1,12.806338734567902,12.806338734567902,0.08922343300905711,-0.7642809901738479,17.857492219666966,14.69560176298435,0.0,24.153087127790414,12.841643245852019,16.466376423778055,7.04767198267719,0.0,44.309786244840765,20.773268455710408,5.20725302477729,0.0,0.0,28.355542810864783,27.385769361393912,1.8804857831562383,-1.589282269241233,6.984077155725334,2.5550907727900873,3.907918155043877,1.5203982302670074
O=c1ccn([C@@H]2O[C@H](COP(=O)(O)OP(=O)(O)OP(=O)(O)O)[C@@H](O)[C@H]2O)c(=O)[nH]1,0,11.736264686938167,11.736264686938167,0.7084501051508927,-5.728542767589792,65.86378396114469,38.39068561537152,0.0,0.0,4.567099647791355,12.263210640074686,0.0,0.0,4.983978520947208,13.14500990095899,19.417097762057477,50.57746283769682,0.0,59.93114522302977,19.91295607074114,-1.744647952803564,0.0,0.919890934112326,-5.700223157179477,-1.0451199924414207,-16.76813062982226
N=C(N)NCCCC(N)C(=O)NC(CCCN=C(N)N)C(=O)N1CCCC1C(=O)N1C[C@H](O)CC1C(=O)NCC(=O)NC(Cc1cccs1)C(=O)NC(CO)C(=O)N1Cc2ccccc2CC1C(=O)N1C(C(=O)NC(CCCN=C(N)N)C(=O)O)C[C@@H]2CCCC[C@@H]21,0,15.344544445622619,15.344544445622619,0.000366791287197632,-1.66564176532318,138.80793590176881,58.47041684116851,4.794537184071822,127.27332441712846,29.70306355417632,29.7258260913255,26.036515070486168,35.711898112773966,6.06636706846161,41.88554108930932,39.81128846876464,0.0,1.2712522044794885,155.21554002671323,56.710066299220834,34.834122647260344,-8.469154075647914,-1.0815122649856048,3.4231147165148834,-1.4034295535552495,0.0
CCOC(=O)C(CCc1ccccc1)NC(C)C(=O)N1C(=O)N(C)CC1C(=O)O,0,12.80681291306697,12.80681291306697,0.08140993207083369,-1.2553052702845615,42.00242730503715,24.284676131127995,0.0,13.151638370425493,12.841643245852019,10.463361222547473,18.871318913218293,6.923737199690624,30.33183534230805,5.316788604006331,4.736862953800049,5.100472463676828,0.0,50.763474192667225,12.246864949993038,1.0322822006570205,-2.446516558812318,5.923868295927452,0.9702777515327115,3.3071667789165917,1.4354432587747883
CCOc1cc(N)c(Cl)cc1C(=O)NCC1CN(Cc2ccc(F)cc2)CCO1,0,13.069172748906569,13.069172748906569,0.14542083963214947,-0.2966592130679435,0.0,9.184952231746642,0.0,17.828366958145704,54.87101606016934,12.10820789760957,18.19910120538483,18.19910120538483,6.923737199690624,10.216698334856808,26.8083332749948,24.35931159550782,6.06939927037381,14.877212694055572,3.190095411360674,7.541646019608321,-0.14396587199846378,9.549416844557364,-0.14542083963214947,5.313415987278165,0.0
O=c1c(OC2OC(CO)C(O)C(O)C2O)c(-c2ccc(O)c(O)c2)oc2cc(O)cc(O)c12,0,13.246916808390022,13.246916808390022,0.020114139791719277,-1.8542756886705287,71.4891238031614,45.64675634279746,0.0,22.292943266678478,0.0,24.26546827384644,6.06636706846161,0.0,0.0,0.0,13.890876844653445,16.45776441903922,0.0,13.246916808390022,78.65309161605924,-1.1933187673217431,-3.0492593687944503,5.358577588353473,-8.400251265706263,-0.7401876966861631,0.0
O=C(NCCO[N+](=O)[O-])c1cccnc1,0,11.312827853363569,11.312827853363569,0.07808295540438381,-0.9065189594356267,5.086619042932543,14.908855452837393,0.0,19.058818099777,5.563451491696996,0.0,6.196843571613076,18.3295777085363,0.0,15.138355708690172,0.0,0.0,0.0,28.869301890139283,11.314001830300532,0.4014843159486019,-0.3379185563114129,3.2213549540186444,2.954682548141693,-0.08957364890400576,0.0
CN1CCCC1CCOC(C)(c1ccccc1)c1ccc(Cl)cc1,0,6.482111678004536,6.482111678004536,0.4553327349458298,-0.4553327349458298,5.601050810983688,0.0,0.0,0.0,6.041840829147961,23.61378839287725,24.94985114346159,0.0,18.19910120538483,55.269521323987945,16.337802844032566,6.482111678004536,6.067916594872312,2.44990824291149,0.7516130479969769,1.8548297745023945,0.0,19.100274143739902,3.656422263575192,4.115838619653555,2.215530079188088
O[C@@H]1CO[C@H]2[C@@H]1OC[C@@H]2O,0,9.156018518518518,9.156018518518518,0.2841203703703705,-0.5535648148148151,12.207932775496605,0.0,0.0,25.421696704522443,0.0,0.0,0.0,0.0,0.0,0.0,19.68678069728151,10.152777777777779,0.0,0.0,18.312037037037037,0.0,0.0,0.0,-1.6997222222222237,0.568240740740741,0.0
CCC1(c2ccc(N)cc2)CCC(=O)NC1=O,0,12.079885204081632,12.079885204081632,0.18562961913160292,-0.5817361111111112,5.414990469396779,9.589074368143644,0.0,11.814359458703011,24.94985114346159,5.563451491696996,0.0,12.13273413692322,19.056471336613843,5.316788604006331,5.733667477162185,0.0,0.0,23.290554978164103,2.4250970804988663,6.664343348450491,-0.3791282963802798,7.314801587301588,1.6369768046107327,1.964021164021164,0.0
Cc1ncc([N+](=O)[O-])n1CCOC(=O)c1ccccc1,0,11.695904667422525,11.695904667422525,0.047388510959939456,-0.5148639455782309,10.89261633676952,14.908855452837393,0.0,18.969501148260523,11.387855989696924,0.0,10.763943219404432,37.255572541998674,0.0,4.983978520947208,4.736862953800049,6.4820502645502645,0.0,25.846170544255862,10.79056496907507,0.4484747942386835,-0.05857258335432913,8.567844276918501,1.1888397581254724,1.9012946428571431,0.0
CCc1ccc(C(=O)COc2ccc(Cc3sc(=O)[nH]c3O)cc2)nc1,0,12.118574069128723,12.118574069128723,0.08528479236812592,-0.28097706360895236,0.0,14.69560176298435,0.0,23.14307784436954,22.741408644759673,28.884510484254733,0.0,24.395944776997908,25.122838405075452,9.967957041894415,4.736862953800049,5.519327102754682,0.9837498884173995,30.121829502103516,9.620472576153256,2.3881852610097978,0.29631567993055485,10.766920556210849,3.024441177261777,1.9454249228248348,0.0
CCCCOc1nc(N)c2c(n1)N(Cc1cccc(CN3CCCC3)c1)CC(=O)N2,1,12.269724763221788,12.269724763221788,0.11974752246577602,-0.11974752246577602,0.0,4.794537184071822,0.0,24.280263752685944,24.656887422944084,24.94985114346159,31.494607549374166,0.0,4.899909730850477,51.37386085028829,10.470530430962235,5.665068361948737,0.0,25.44724638980425,2.8052233385702,8.992578804964303,0.7190274966736012,8.803353516284439,4.507229178174782,6.726939580246355,0.0
C=C[C@]1(C)C[C@@H](OC(=O)CSC(C)(C)CNC(=O)C(N)C(C)C)[C@]2(C)[C@H](C)CC[C@]3(CCC(=O)[C@H]32)[C@@H](C)[C@@H]1O,1,13.531391842875081,13.531391842875081,0.038243754730323376,-0.6836220494947536,33.82677699665568,19.490138947056174,0.0,52.49919822445742,19.386399651764595,19.26246486877803,11.761884949391115,0.0,40.694706105287,32.6669358866767,10.470530430962235,5.922017804717795,1.4286074499244141,39.249346099017856,14.56836118449873,4.486025897059099,-0.24260992174668972,-0.5731787532293977,4.173701109983628,20.654395796441236,0.0
COc1ccc(-c2ccc3cc(C(=O)O)ccc3c2)cc1C12CC3CC(CC(C3)C1)C2,1,11.281954462980172,11.281954462980172,0.2810918574270844,-0.8876429847722453,5.9693052879518484,9.901064578912528,0.0,5.414990469396779,5.563451491696996,34.27567840069767,55.21528421264705,19.242531678200752,12.13273413692322,30.33183534230805,4.736862953800049,5.875932622667207,0.0,11.281954462980172,11.282878308871362,4.4076520071454315,2.828769748828785,18.35916440861494,8.24631153658366,0.0,1.8006702376417731
O=C(CCc1ccc(O)cc1)c1c(O)cc(O)cc1OC1OC(CO)C(O)C(O)C1O,0,12.794278103216595,12.794278103216595,0.04746832220542552,-1.7340368962357047,54.59504285777408,40.540228947956756,0.0,23.483296781190813,6.4208216229260096,17.696185628620217,12.13273413692322,12.13273413692322,0.0,0.0,9.473725907600098,10.730750004290284,0.0,12.794278103216595,68.61162043981474,0.4947765278185555,-1.7438480778293384,8.23132794691146,-7.613462462048115,-0.6721091488408542,0.0
CN(C)CCCN1c2ccccc2Sc2ccc(Cl)cc21,0,6.20938393207077,6.20938393207077,0.7975376879146723,0.7975376879146723,0.0,0.0,0.0,0.0,0.0,24.53296774849249,21.165739500402672,0.0,17.828252017852726,60.29336583782499,11.600939890232516,0.0,8.033371581142744,7.222372037806893,0.7975376879146723,2.5147952884857654,0.0,14.766852306766328,1.12297052154195,2.088099568531116,4.231778785588309
O=C1NCC2(CCN(CCc3ccccc3)CC2)O1,0,11.161790533365728,11.161790533365728,0.22189460506424785,-0.25209670725498623,0.0,4.794537184071822,0.0,11.694290881922104,6.544756405912575,38.89673408651575,5.563451491696996,0.0,0.0,40.548533677164855,4.736862953800049,5.424173668893637,0.0,13.624495087409567,2.773057914141067,1.163982767489712,0.0,10.575562726349544,2.727007522399839,3.7950536466499667,0.0
CCOc1ccc(NC(C)=O)cc1,1,10.681432271982867,10.681432271982867,0.06559269232384302,-0.06559269232384302,0.0,4.794537184071822,0.0,5.907179729351506,6.606881964512918,11.436898107967467,6.923737199690624,0.0,31.18920547353706,5.316788604006331,4.736862953800049,5.253109410430839,0.0,10.681432271982867,2.679609552154195,0.7879195011337872,0.7507054936172004,7.2800925925925934,0.0,4.06713117808852,0.0
CN(C)CCC[C@]1(c2ccc(F)cc2)OCc2cc(C#N)ccc21,1,13.367320213056146,13.367320213056146,0.2497774355507938,-0.5624711829176114,5.601050810983688,4.39041504767482,0.0,5.817220841045894,12.170333456209914,36.07675412685558,12.13273413692322,12.13273413692322,32.29444517073921,10.96913104364275,9.998754508538536,19.635224597031957,0.0,2.1458368115637234,9.111023379928954,3.17526378915764,-0.2497774355507938,14.458154620051266,1.7773119803476947,1.4326499905517762,4.09764560025112
CCCCC(=O)N(Cc1ccc(-c2ccccc2-c2nn[nH]n2)cc1)C(C(=O)O)C(C)C,0,12.86110954179247,12.86110954179247,0.12548268884127478,-0.9763814585486659,12.011146117099809,14.69560176298435,0.0,18.369842181425476,12.245226120925937,35.09544921264,4.899909730850477,0.0,69.30214814676475,20.62413380791181,0.0,0.0,0.0,26.29258727052985,24.040926987958784,3.6641060502838663,-0.7844634965719091,14.717128777584573,1.9744160739465781,5.928631669601594,0.0
C=c1c(N)c(O)c2c(c1O)N1C[C@@H]3N[C@@H]3[C@]1(OC)C=2COC(N)=O,1,11.087746651129589,11.087746651129589,0.03189106198034719,-0.9884490740740741,11.818225664908669,15.007591973753232,0.0,41.09562353966508,23.023897186270272,0.0,7.109797541277533,0.0,4.899909730850477,11.895724287604828,20.94106086192447,10.772347174981103,0.0,12.932019137902076,24.834848723439993,10.791007469345764,-0.3509301776266047,0.11454223356009008,-0.9467424624170653,4.080996525153271,1.5219113756613756
Cc1c(C(=O)Nc2ccc(N3CC(C)OC(C)C3)nc2)cccc1-c1ccc(OC(F)(F)F)cc1,1,12.991000132656875,12.991000132656875,0.11439710423724403,-4.748471614462915,6.362358859030383,17.96578232709628,0.0,23.864624338132018,22.37774074977455,24.470827081357175,24.26546827384644,25.25331490822692,32.04657560476608,19.937539809604065,4.736862953800049,46.94931694257609,0.0,19.649647784618928,2.8706394304482328,3.131339676714945,0.21797215710925755,14.482001886784987,-2.898061529288259,7.34714365103582,0.0
CC(C)CC1C(=O)OC(Cc2ccc(N3CCOCC3)cc2)C(=O)N(C)C(CC(C)C)C(=O)OC(C)C(=O)N(C)C(CC(C)C)C(=O)OC(Cc2ccc(N3CCOCC3)cc2)C(=O)N(C)C(CC(C)C)C(=O)OC(C)C(=O)N1C,1,14.997083706005323,14.997083706005323,0.09393871340367377,-1.5145380732559348,96.08916893679849,38.356297472574575,0.0,62.19655392220163,63.733456465095955,21.17459201106808,51.83798179179095,0.0,103.92083414521788,9.799819461700954,28.421177722800294,35.31679070281194,0.0,126.32693442742263,0.0,3.1718117336879788,-7.282019299045563,9.921962194498956,-5.817580800116673,22.74920313034737,5.612897910393354
Cc1cc2c(cc1CC(=O)c1sccc1S(=O)(=O)Nc1onc(C)c1Cl)OCO2,0,12.902866074927912,12.902866074927912,0.02150647553259999,-4.0900892201016195,10.023291153407584,13.212334168400758,0.0,39.676455060212184,17.19295166141627,22.463688861328727,6.06636706846161,24.43653410707976,6.923737199690624,9.878758121577533,25.597760734805963,43.396386069566354,7.031288720958575,12.873183351529912,5.218784926657541,1.9377172872298587,0.6652869236044232,4.906100094582012,0.02150647553259999,3.5676131482181157,-4.0900892201016195
C[C@H]1CO[C@@H]2Cn3cc(C(=O)NCc4ccc(F)cc4F)c(=O)c(O)c3C(=O)N12,0,13.717844189828108,13.717844189828108,0.02888592146122848,-1.0065773809523806,46.41845602841111,28.27096904240581,0.0,30.388733127518567,12.673249032974528,6.06636706846161,21.73022001871652,6.923737199690624,0.0,5.316788604006331,4.736862953800049,33.55290307712451,0.0,39.07405264903791,12.668905075804426,-1.5834375017352091,-3.8330019856989406,2.6976340083436456,0.6167738201114195,1.972837523678904,0.0
NC(Cc1c[nH]c2ccc(O)cc12)C(=O)O,0,10.643947940287227,10.643947940287227,0.15022817460317506,-1.03286753590325,12.011146117099809,9.901064578912528,0.0,12.170333456209914,0.0,16.466376423778055,0.0,24.395944776997904,0.0,4.983978520947208,10.84019487200289,0.0,0.0,13.644015967498111,18.880299508692367,7.1054620181405905,-0.8826393613000749,3.9694359410430833,1.9500925925925925,0.0,0.0
CC1CCOC2Cn3cc(C(=O)NCc4ccc(F)cc4F)c(=O)c(O)c3C(=O)N12,0,13.751007455134232,13.751007455134232,0.03004332886863592,-1.003973214285714,46.41845602841111,28.27096904240581,0.0,30.388733127518567,19.094070655900538,6.06636706846161,21.73022001871652,0.0,6.923737199690624,5.316788604006331,4.736862953800049,33.70849400446768,0.0,39.380981661383586,12.749217575804426,-1.5724421313648396,-3.8191494112847053,2.792500184597184,1.2491690740732755,2.1778957089900657,0.0
CCOc1nc2cccc(C(=O)OCc3oc(=O)oc3C)c2n1Cc1ccc(-c2ccccc2-c2nc(=O)o[nH]2)cc1,0,13.185355151205865,13.185355151205865,0.13945459224583834,-0.8586433107058384,17.547750356436737,14.383611552215466,0.0,23.6908282939588,36.019909143244774,22.253805966787983,0.0,25.122838405075456,60.021773395174854,15.12462029901986,22.831122718680138,27.646175191712253,0.0,44.503880032365885,2.5602449704526484,4.80246817187375,-1.4454624670013132,20.889022020610387,0.0,3.8770054133197265,0.0
CC(C)(C)C(=O)Oc1ccc(S(=O)(=O)Nc2ccccc2C(=O)NCC(=O)O)cc1,0,12.690574898169144,12.690574898169144,0.01053180030046863,-4.061062479003946,39.82882833397214,22.8014085365444,0.0,21.895833075182235,0.0,0.0,48.53093654769288,20.771211599071872,0.0,10.038883468458419,9.843390348640755,32.90005894057072,0.0,34.60241611940162,10.85792893433539,-0.7511989941572765,-2.2280929556433904,11.026098719445926,0.0,4.487185048384292,-4.061062479003946
COc1cc2c(cc1OC)C13CCN4CC5=CCOC6CC(=O)N2C1C6C5CC43,0,13.457239543965734,13.457239543965734,0.02419501133786839,-0.02419501133786839,0.0,4.794537184071822,0.0,23.467977415644548,36.65486834219357,30.94723254271863,11.984273114623004,19.792699612624332,6.06636706846161,21.942206636996445,14.210588861400147,17.583475004199208,0.0,18.263479859536403,0.0,3.8523969093810373,2.5738779971865293,4.870884353741497,5.107364864155539,2.80489993103404,3.3602877474324084
C[C@]1(COc2ccc(N3CCC(Oc4ccc(OC(F)(F)F)cc4)CC3)cc2)Cn2cc([N+](=O)[O-])nc2O1,0,12.307526508893282,12.307526508893282,0.035635627429178474,-4.72197259299399,16.886720718831743,23.285563411790033,0.0,30.28868780296699,18.043780072480384,31.618542332360732,30.462311845459517,4.567099647791355,31.18920547353706,14.620751205597735,14.210588861400147,60.064384096913166,0.0,16.416279970238158,10.86307168100189,0.35109283606117425,0.6429049676251788,13.33486776202672,-1.8723821175223156,4.033114136989369,0.0
Cc1ncc([N+](=O)[O-])n1CCO,1,10.373000755857898,10.373000755857898,0.08189814814814778,-0.5181944444444442,4.923311048817671,10.114318268765572,0.0,18.969501148260523,5.824404497999927,0.0,10.763943219404432,6.923737199690624,0.0,4.983978520947208,5.106527394840706,1.3611111111111112,0.0,13.621426681783824,18.97051776266062,0.0,0.45583333333333376,0.0,1.1855092592592593,1.7389351851851849,0.0
CCCCc1c(O)n(-c2ccccc2)n(-c2ccccc2)c1=O,1,12.872353080120938,12.872353080120938,0.026391723356009145,-0.16110827664399063,0.0,9.901064578912528,0.0,11.439255231487378,11.984273114623004,24.21641579521914,4.681802935145184,4.681802935145184,60.6636706846161,6.923737199690624,0.0,3.123333333333333,0.0,12.872353080120938,10.673984315948601,1.8043168934240372,0.026391723356009145,18.84096560846561,2.421587773998488,2.070400604686319,0.0
COC(=O)C1=C(C)N=C(C)C(C(=O)OCC(C)C)C1c1ccccc1[N+](=O)[O-],0,12.89338813303099,12.89338813303099,0.11727088057445179,-0.9605092592592597,28.697733717044155,19.703392636909218,0.0,29.348730307124136,11.408724315826536,0.0,19.242531678200752,25.980208536304467,13.847474399381248,4.992404732635668,9.473725907600098,10.283731917149575,0.0,40.804290561163754,11.59197711109237,0.9744697446879997,-3.0267782606869904,6.0491525468211975,0.0,7.271224296753698,1.2185987496850592
CC1(C)CC(O)CC(C)(C)N1[O],0,11.719722222222222,11.719722222222222,0.33314814814814864,-0.42939814814814814,11.07785050476669,10.313780419617995,0.0,6.103966387748303,12.841643245852019,5.063217724965349,0.0,0.0,27.694948798762496,0.0,0.0,0.0,0.0,0.0,22.37013888888889,-0.8587962962962963,0.0,0.0,0.8056018518518513,7.516388888888889,0.0
CCCOc1ccc(S(=O)(=O)NCCC2CCCN2C)cc1-c1nc(=O)c2c([nH]1)c(CCC)nn2C,0,13.147088362191624,13.147088362191624,0.10077709015705105,-3.762834787049703,15.58255804845959,13.212334168400758,0.0,10.719887973517702,47.96066558271289,44.34279251539108,16.814537072068404,13.1140390511388,13.847474399381248,31.736315428175207,4.736862953800049,36.466290753897695,0.0,22.810577204977474,4.48043299065232,1.7724779595260856,0.7225914640547579,5.07630701690711,5.331100657396482,5.892414904361367,0.031140381560041508
CC1CN(c2c(F)c(N)c3c(=O)c(C(=O)O)cn(C4CC4)c3c2F)CC(C)N1,0,15.645306594860166,15.645306594860166,0.013410022283578904,-1.4487524618305636,39.66959934278953,14.69560176298435,8.78083009534964,29.329609479743706,13.08951281182515,19.038486817465095,4.567099647791355,4.899909730850477,13.847474399381248,5.316788604006331,5.733667477162185,32.2494177532124,0.0,25.71883796912296,12.240055044362403,3.535259222516167,-3.340211267575083,-0.10347536989492334,2.604616664567061,4.595499983689017,0.0
CC1(C)C2CCC1(C)C(O)C2,0,9.81423611111111,9.81423611111111,0.03125000000000022,-0.03125000000000022,0.0,5.106527394840706,0.0,11.518956857145081,5.414990469396779,12.338727669087403,12.841643245852019,0.0,0.0,20.771211599071872,0.0,0.0,0.0,0.0,9.81423611111111,0.6012731481481481,0.7800925925925923,0.0,3.575787037037037,6.895277777777778,0.0
NC(=O)c1cccc(N)c1,0,10.519814814814815,10.519814814814815,0.44444444444444464,-0.4515740740740741,5.907179729351506,4.794537184071822,0.0,0.0,11.250837766380558,0.0,0.0,24.26546827384644,0.0,0.0,11.46733495432437,0.0,0.0,10.519814814814815,0.0,11.373333333333333,-0.4515740740740741,6.558425925925926,0.0,0.0,0.0
COc1ccc(C(=O)CC(=O)c2ccc(C(C)(C)C)cc2)cc1,0,12.266976410934745,12.266976410934745,0.04215448961152912,-0.1828231686192996,0.0,9.589074368143644,0.0,23.402301985052667,16.876414816677897,5.563451491696996,0.0,43.50799995204719,12.13273413692322,20.771211599071872,4.736862953800049,5.059681045726215,0.0,24.45956223230033,0.0,2.292945498505407,0.3421053663767726,14.2823247931455,-0.12381613756613774,6.366163207256385,1.5710339942555298
COC(=O)N(C)c1c(N)nc(-c2nn(Cc3ccccc3F)c3ncccc23)nc1N,0,14.163798762249272,14.163798762249272,0.017505440320194854,-0.6679949611157283,6.093240070938415,9.184952231746642,0.0,35.509493575312014,22.29078092177798,4.899909730850477,20.223836592416333,41.21048184906631,0.0,24.78748032494271,11.46733495432437,20.410857873966467,0.0,25.897008180884164,5.195248540774335,13.624823099972327,-0.2240203272310739,9.973292009866755,0.9467287646667997,0.16102476462730775,2.681703759139587
COc1cc2c(cc1O)CC1c3cc(O)c(OC)cc3CC[N+]1(C)C2,1,10.259945349096686,10.259945349096686,0.18607787726609892,0.18607787726609892,0.0,10.213054789681411,0.0,17.54086449571577,11.49902366656781,35.97763840706879,16.690354475090988,14.219595082555067,24.26546827384644,7.04767198267719,9.473725907600098,11.443782565073912,0.0,0.0,20.407752328956786,4.8204471634332755,1.4454379839503397,7.888455005458972,1.7973031620055429,1.9276777840765935,5.435810673711245
C[C@H](O)[C@H](O)[C@H]1CNc2[nH]c(N)nc(=O)c2N1,1,11.564943310657597,11.564943310657597,0.02553214495674827,-0.9790712396069547,23.80904049969657,15.007591973753232,0.0,11.635725555670057,12.362619183747604,0.0,6.923737199690624,0.0,0.0,20.601534249907075,5.733667477162185,0.0,0.0,17.81671060090703,24.767848928151505,5.111164126144286,0.4667755312001347,-0.4638662131519278,-1.8710411417653487,1.839074835180986,0.0
CCOC(=O)C(CCc1ccccc1)NC1CCc2ccccc2N(CC(=O)O)C1=O,0,13.281909284949059,13.281909284949059,0.24756339376379066,-1.0881265098915154,30.567048640112194,19.49013894705617,0.0,12.514061693864424,31.3706727663876,11.126902983393991,4.899909730850477,19.056471336613843,42.46456947923127,5.316788604006331,4.736862953800049,5.233256382800033,0.0,38.60826462693495,12.529088117037633,2.6113340859377123,-1.8389261445601972,15.772864767583345,2.18744071413128,1.5633441168019089,0.0
CC(=O)c1ccc2c(c1)c1cc(C(C)=O)ccc1n2CCNC(C)C,1,11.783181765908587,11.783181765908587,0.048145324742998596,0.048145324742998596,0.0,9.589074368143644,0.0,11.566489892729878,17.16874381254195,34.895362675987265,0.0,13.847474399381248,36.39820241076966,23.731362651178934,0.0,2.2578165154950867,0.0,23.566363531817174,5.490252530024356,3.567299330225919,0.09629064948599719,12.084883340898854,0.0,9.103760768719281,0.0
CCCNC(=O)Nc1ccc(Oc2ncnc3cc(OC)c(OC)cc23)cc1Cl,0,11.807488186253762,11.807488186253762,0.3145785765194129,-0.3145785765194129,0.0,4.794537184071822,0.0,6.031114512338072,51.2862247627056,6.4208216229260096,6.3273200747645415,44.55143042486311,6.923737199690624,20.601534249907075,25.811528751632665,16.560219110687246,6.287437121955369,20.271377029539885,6.418227166836023,1.1214813791245695,1.9004744143630559,8.138396441800376,2.246687423887587,2.55712313739985,3.1096878855171495
CCOC(=O)c1ccc(C#Cc2ccc3c(c2)C(C)(C)CCS3)nc1,0,11.632422053616033,11.632422053616033,0.19227271487854658,-0.3574742025979678,0.0,4.794537184071822,0.0,11.384295757348628,17.864261451058375,5.563451491696996,28.829453768500645,19.056471336613843,11.761884949391115,48.87142276342456,4.736862953800049,4.952464153097964,1.9180755033496388,17.226947354682657,0.0,3.6423856146040565,7.068898048254222,9.870996240687123,2.687542290722201,6.716024127935471,0.0
CCOC(=O)C(N)CCC(=O)NC(CSCc1ccccc1)C(=O)NC(C(=O)OCC)c1ccccc1,0,13.299322700741351,13.299322700741351,0.06239771777244729,-1.023692869779249,41.878492522050585,19.178148736287287,0.0,31.808260781624647,11.316305098443785,5.563451491696996,11.761884949391115,44.179309741689295,30.33183534230805,10.633577208012662,15.207393384762284,10.034016206151225,1.4716689050888183,50.343164490837374,5.457027821548475,7.431966439144469,-1.2358114629190757,15.603207191317708,0.012632234788619856,3.715461507375723,0.0
CCCC(=O)OC1(C(=O)COC(C)=O)CCC2C3CC(F)C4=CC(=O)C=CC4(C)C3(F)C(O)CC21C,0,17.24785822627949,17.24785822627949,0.014788350461601318,-2.3003576021457963,76.3232278772508,24.284676131127995,8.78083009534964,37.67721264469931,6.4208216229260096,12.999757306524504,19.075777413358388,13.847474399381248,0.0,0.0,9.473725907600098,43.60654445717044,0.0,49.62342736610611,11.421189268917445,-6.801875758395645,-3.9618779225085428,0.0,0.7832955815630256,5.4959636738138276,0.0
Nc1ccn([C@H]2C[C@H](O)[C@@H](CO)O2)c(=O)n1,0,11.476426209372638,11.476426209372638,0.13750333312337304,-0.7782842025699173,24.12557734443495,9.901064578912528,0.0,18.845566365273957,0.0,0.0,16.83031028786604,0.0,0.0,4.983978520947208,15.577057825802939,6.5570181405895696,0.0,15.031531557067272,18.427210936843874,4.820628621819099,0.13750333312337304,1.4756084656084656,-0.33324924414210266,-0.2829184775762157,0.0
Cc1cc(C(C)(C)C)cc(C)c1CC1=NCCN1,1,4.489925004724112,4.489925004724112,0.21942098135550525,0.21942098135550525,0.0,0.0,0.0,5.414990469396779,0.0,25.345954220508432,22.253805966787983,0.0,0.0,57.06061347201834,0.0,0.0,0.0,4.489925004724112,3.3543621267951624,5.836430146132527,1.1432487717309148,4.662390400604686,0.9465173847316704,13.150459498614259,0.0
c1ccc2c(CCNc3ccc(Nc4ccncc4)cc3)c[nH]c2c1,1,4.022592793815438,4.022592793815438,0.9017634374303745,0.9017634374303745,0.0,0.0,0.0,0.0,0.0,30.02773685288927,16.46637642377805,12.393687143226153,12.13273413692322,75.32931436921304,0.0,0.0,0.0,7.349561698350734,8.151505412406143,5.770052280927275,0.0,20.673293983508824,6.6538231873766485,0.9017634374303745,0.0
CCCNC(C)C(=O)Nc1ccccc1C,0,11.796905706727136,11.796905706727136,0.016435185185185164,-0.1531887755102046,0.0,4.794537184071822,0.0,11.949020558499466,0.0,24.21641579521914,0.0,0.0,38.112942673227685,17.557314407703284,0.0,0.0,0.0,11.796905706727136,6.077147345049131,1.9686944391954317,0.016435185185185164,7.634537509448222,1.0297467876039303,6.809866360124296,0.0
CC1=C2N=C(C=C3N=C(C(C)=C4NC(C(CC(N)=O)C4(C)CCC(=O)NCC(C)OP(=O)(O)OC4C(CO)OC(n5cnc6cc(C)c(C)cc65)C4O)C4(C)N=C1C(CCC(N)=O)C4(C)CC(N)=O)C(CCC(N)=O)C3(C)C)C(CCC(N)=O)C2(C)CC(N)=O,0,14.377157748404294,14.377157748404294,0.01484754047041048,-5.065066322202875,143.3359560585977,53.23327496586796,0.0,77.17379425809871,56.405783442850655,11.126902983393991,13.251057274455166,11.49083684748198,80.5223890409727,15.61755572895987,63.1635763381038,32.27478720755282,0.0,125.48644222972992,28.409339559447147,37.291825395269086,-7.167992067984627,2.812077148372695,-4.27887051568576,19.293012921057148,-5.065066322202875
COc1cc(F)c(F)c(Nc2ccc(I)cc2F)c1NS(=O)(=O)C1(CC(O)CO)CC1,0,14.702332838234263,14.702332838234263,0.20439356261890462,-4.225921631708238,56.30759703139117,26.695569522194106,0.0,30.699362976745498,9.636549339527006,13.176164609739143,12.13273413692322,0.0,22.590870627068057,10.038883468458419,9.843390348640755,75.65763942710561,1.877387339477122,0.0,21.185663790639037,-1.2986962574622736,-3.8433207455706997,4.660076381921067,-1.0801122018575404,-0.6203802923272344,-3.084924108591758
O=C(NCCCCCCC(O)=NO)c1cnc(N(c2ccccc2)c2ccccc2)nc1,1,12.401551267545585,12.401551267545585,0.21520323550040343,-0.250144536771687,0.0,4.794537184071822,0.0,11.804925073709118,24.477368801522076,37.05805904107116,12.393687143226153,0.0,65.56358041546657,20.440458372651285,10.313780419617995,0.0,0.0,23.22278519512702,23.063877604351834,2.2526523659578186,0.014857139875913417,19.647204578587846,6.756151007663806,0.5424721084357628,0.0
CC(C(=O)O)c1ccc2c(c1)CC(=O)c1ccccc1S2,0,12.353620716805242,12.353620716805242,0.08053524187452776,-0.8557058872931889,11.887211334113243,9.589074368143644,0.0,5.783244946364939,6.4208216229260096,26.481321426126534,0.0,18.685622149081738,42.46456947923127,0.0,5.106527394840706,0.0,1.5676388888888886,25.441457065111017,9.116906072639749,2.387906641051483,-1.3436610292265059,13.186893801444668,0.31897392290249416,1.657217970521542,0.0
C=C1CCC(O)CC1=CC=C1CCCC2(C)C1CCC2C(C)CCCC(C)(C)O,0,10.035497809624005,10.035497809624005,0.1922402540129089,-0.5349381988082178,5.601050810983688,10.213054789681411,0.0,6.103966387748303,5.414990469396779,49.857826253114226,49.671138797694596,5.5731045300692665,13.847474399381248,32.5784502966475,0.0,0.0,0.0,0.0,20.059652665914747,4.019347231422691,2.2565391630392075,0.0,16.89849084352677,13.099303429429916,0.0
CN(C)C/C=C/C(=O)Nc1ccc(C(=O)N2CCC[C@@H](Nc3ncc(Cl)c(-c4c[nH]c5ccccc45)n3)C2)cc1,1,13.257868747809503,13.257868747809503,0.0020450200714721145,-0.2054233215941963,0.0,9.589074368143644,0.0,17.85620028785097,47.55000757369456,29.30801966963007,6.076020106833881,36.5383319522934,54.35747527251485,20.601534249907075,16.58491841117972,0.0,6.488127874464587,41.55536409364681,7.7359053327558795,3.78993172230044,0.22093527357366627,14.985908757940175,8.573974407793159,1.8874750304085108,3.8734886182278916
CC(CCC(=O)O)C1CCC2C3CCC4CC(O)CCC4(C)C3CC(O)C12C,0,11.465255889392793,11.465255889392793,0.059063484189972204,-0.7069075883054616,5.9693052879518484,15.007591973753234,0.0,29.45873533721617,35.507436276968356,38.524929737556064,19.26246486877803,0.0,0.0,20.771211599071872,5.106527394840706,0.0,0.0,11.058567108166917,30.759321005151456,0.21620125998440398,2.548581112174219,0.0,9.259602406315416,6.991060441540916,0.0
CNC(=O)OC1COc2ccc(N3CCN(C4COC4)CC3)cc2C1NC(=O)c1ccc(F)cc1,0,13.336837578928915,13.336837578928915,0.093516751393528,-0.7383682206174995,29.96344785823208,13.979489415818463,0.0,6.606881964512918,17.35480415412886,50.64362731905669,31.313140256523628,0.0,18.19910120538483,20.433396669713616,14.210588861400147,30.072616007985896,0.0,29.756816504404366,5.4116736219697845,2.0525983632946474,-0.19109356471763106,11.086671437329546,-1.3538019235444039,5.359412796517735,1.4717734234267268
CC(=O)O[C@H]1Cc2ccccc2N(C(N)=O)c2ccccc21,0,12.001868228772992,12.001868228772992,0.3566581632653054,-0.5663194444444442,12.135080900086376,9.589074368143644,0.0,5.9693052879518484,12.10820789760957,16.814289258077554,11.823646930541102,6.06636706846161,42.46456947923127,0.0,10.470530430962235,5.464859221466364,0.0,24.90224316578483,0.0,8.633682760141093,-0.3566581632653054,14.257596529352483,0.05138888888888804,1.3802209309649784,0.0
C[C@H]1COc2c(N3CCN(C)CC3)c(F)cc3c(=O)c(C(=O)O)cn1c23,1,14.983653155706726,14.983653155706726,0.04335879104728346,-1.3153294094140058,17.215316520898284,19.086016810659167,0.0,23.598398499822668,30.043111637408877,19.15587988028676,6.196843571613076,4.567099647791355,18.871318913218293,4.899909730850477,4.736862953800049,22.556683437263793,0.0,28.085371659380563,9.363410540086191,-0.22381680128433334,-1.5426565069196736,0.9940744415049967,1.342611961451247,5.075710339627637,2.0152775955562405
CCn1cc(C(=O)O)c(=O)c2ccc(C)nc21,1,11.915192743764171,11.915192743764171,0.2175897581254722,-1.2086342592592592,11.39809567985239,9.589074368143644,0.0,5.563451491696996,17.5781578411451,5.693927994848461,6.196843571613076,16.699833784714574,13.847474399381248,4.983978520947208,5.106527394840706,1.6737962962962962,0.0,27.15973198538675,9.310701215671454,0.6244241307634169,-1.2086342592592592,3.3273450491307637,1.3466666666666667,4.265968915343915,0.0
C[C@@H]1CC[C@@]2(NC1)O[C@H]1C[C@H]3[C@@H]4CC=C5C[C@@H](O[C@@H]6O[C@H](CO)[C@@H](O[C@@H]7O[C@@H](C)[C@H](O)[C@@H](O)[C@H]7O)[C@H](O)[C@H]6O[C@@H]6O[C@@H](C)[C@H](O)[C@@H](O)[C@H]6O)CC[C@]5(C)[C@H]4CC[C@]3(C)[C@H]1[C@@H]2C,1,12.000413477547216,12.000413477547216,0.004718413540667488,-1.7036446595488484,98.72455880549818,40.85221915872564,0.0,22.658932920512115,54.453045910568676,32.22804289761662,38.68304379822854,0.0,0.0,39.08775750960271,33.15804067660034,43.736185431980445,0.0,0.0,89.77713848073746,1.4088405566108118,3.4255060539236823,0.0,-9.929403683520903,13.165066493601845,0.0
COc1c(N2CCNC(C)C2)c(F)cc2c(=O)c(C(=O)O)cn(C3CC3)c12,0,15.10226379440665,15.10226379440665,0.04452121126228281,-1.3095544247185658,17.215316520898284,14.69560176298435,4.39041504767482,23.033357364457714,30.043111637408877,25.452766720226204,13.30664111289061,4.567099647791355,11.823646930541102,5.316788604006331,4.736862953800049,22.466325821995465,0.0,26.10034350041159,12.745230843140746,-0.23700241979507775,-1.591522489722344,1.450927212801761,3.1432336283278746,3.9679403295217686,1.454523573318216
N=C(N)NC(=O)c1nc(Cl)c(N)nc1N,1,11.32554547745024,11.32554547745024,0.07542438271604901,-0.7690740740740745,11.866734298095341,4.794537184071822,0.0,22.48276336741131,0.0,0.0,0.0,0.0,5.316788604006331,9.967957041894415,34.2112259275106,0.0,5.547332608969513,18.52989197530864,8.685539493575208,15.410625629881583,-1.5622785966238344,0.0,0.0,0.0,0.0
Cc1c(OCC(F)(F)F)ccnc1C[S+]([O-])c1nc2ccccc2[nH]1,0,12.520911359914336,12.520911359914336,0.022691562736205872,-4.423642518722942,23.95903495534168,17.723995016714824,0.0,11.502365440030694,21.930516685982425,5.516700717616262,12.263210640074686,12.990104268152233,18.19910120538483,14.951935562841623,4.736862953800049,54.224850193478126,-1.5135515216889226,11.348480677471477,0.2953823643654996,2.282647949292972,0.09577583039388671,8.622884192931332,-3.0864628135075227,0.20221534948537112,0.0
CCCC1CC(C(=O)NC(C(C)Cl)C2OC(SC)C(O)C(O)C2O)N(C)C1,0,12.900963325144874,12.900963325144874,0.1474848828420252,-1.3619375064202812,41.27079261991597,20.11411936859394,0.0,11.949020558499466,5.917906046161393,25.807221274690605,11.761884949391115,13.179506383202028,11.947581713527667,12.240525803696954,16.337802844032566,5.794234216260732,7.548110585943435,14.949648342361638,33.024404647343616,-0.7024930619758367,0.3497252764104317,-0.9336548878810795,-0.09796415605098963,4.739755500358751,1.9393446483404095
Cn1c(Nc2ccc(C(F)(F)F)cc2)nc2cc(Oc3ccnc(-c4nc(C(F)(F)F)c[nH]4)c3)ccc21,0,12.841761153577117,12.841761153577117,0.058392917216895324,-4.582158929718932,23.609976521432404,26.34249028604892,0.0,11.518332492848387,28.651449939854125,23.84627842615256,30.462311845459517,29.813872835853374,0.0,25.25270268779516,4.736862953800049,84.50914127407464,0.0,14.519385295162731,2.992560388325769,0.05520167048944069,1.0564149245384096,12.653776120387231,-6.865832629332925,0.0,1.7460196230213714
N#Cc1c(Oc2ccc(F)c(NC(=O)Cc3cccc(C(F)(F)F)c3)c2)ccc2nc(NC(=O)C3CC3)sc12,0,14.437320547430783,14.437320547430783,0.009666588816445776,-4.554720967490002,29.884972202463878,32.41262611358141,0.0,40.13839870015826,15.348179113924694,42.377530329171584,30.33183534230805,6.06636706846161,0.0,21.68677704175214,4.736862953800049,59.60001837596122,1.1310822649770937,28.876491085346824,15.25221053026312,-0.3636094213362753,-1.373470111514375,13.083062619208885,-3.2891186762398266,0.0,0.0
COC(=O)Nc1nc2cc(C(=O)c3ccccc3)ccc2[nH]1,1,12.393158707557607,12.393158707557607,0.07594713193919489,-0.6114430213979276,6.093240070938415,9.589074368143644,0.0,11.731584227351433,16.643603701010253,5.516700717616262,7.109797541277533,30.33183534230805,18.19910120538483,20.021608599700794,0.0,4.505768103467348,0.0,30.713908807774768,2.44864675017543,2.462325856396023,0.19364554463760908,14.181374413175009,-0.6114430213979276,0.0,1.2724402124384087
CC1COc2c(N3CCN(C)CC3)c(F)cc3c(=O)c(C(=O)O)cn1c23,0,14.983653155706726,14.983653155706726,0.04335879104728346,-1.3153294094140058,17.215316520898284,19.086016810659167,0.0,23.598398499822668,30.043111637408877,19.15587988028676,6.196843571613076,4.567099647791355,18.871318913218293,4.899909730850477,4.736862953800049,22.556683437263793,0.0,28.085371659380563,9.363410540086191,-0.22381680128433334,-1.5426565069196736,0.9940744415049967,1.342611961451247,5.075710339627637,2.0152775955562405
O=C1O[C@H]2[C@@H]3OC(=O)c4cc(O)c(O)c(O)c4-c4c(O)c(O)c5oc(=O)c6c(c(O)c(O)c7oc(=O)c4c5c76)-c4c(cc(O)c(O)c4O)C(=O)OC[C@H]3OC(O)[C@@H]2OC(=O)c2cc(O)c(O)c(O)c2-c2c1cc(O)c(O)c2O,0,14.974396792544091,14.974396792544091,0.29309108049253485,-2.6976759976768996,252.77880942546096,115.57818881672297,0.0,0.0,24.26546827384644,0.0,0.0,0.0,0.0,0.0,32.51861664310694,38.53099985087133,0.0,86.5987998581331,184.73903955634484,-17.818452113954873,-31.115407399118077,1.4157104738419797,-12.893178952886466,-1.457511273231873,0.0
C=C[C@H]1C[C@]1(NC(=O)C1C[C@@H]2CN1C(=O)C(C(C)(C)C)NC(=O)O[C@@H]1C[C@H]1CCCCCc1nc3ccc(OC)cc3nc1O2)C(=O)NS(=O)(=O)C1CC1,0,14.59496753742161,14.59496753742161,0.024536026601998717,-3.9001749142694995,74.14747825636842,27.595945720616225,0.0,31.40827208567429,47.61929446857829,32.10410811463005,10.975929837684358,13.176164609739143,32.903945735995094,21.934607756063247,24.178545903294562,45.34769225979416,0.0,66.81451322247611,4.962103462497676,-0.45078085022895453,-1.3933569960568817,3.1979609886254203,5.928644432275036,9.177247374956458,-2.334023894339018
CN(C)C(=O)NC1CCC(CCN2CCN(c3cccc(Cl)c3Cl)CC2)CC1,0,11.782063192019343,11.782063192019343,0.02882214215525014,0.02882214215525014,0.0,4.794537184071822,0.0,6.031114512338072,16.087107456630612,57.17071759625985,19.26246486877803,18.995253696204855,12.13273413692322,21.182975134168895,23.20187978046503,0.0,12.526395035418552,18.29646135142773,4.410851202536136,1.0480650901060355,0.7851038432667219,6.229474675700141,5.898584947845665,5.275205279838609,3.5854141294159665
Nc1nc(OCc2ccccc2)c2[nH]cnc2n1,0,5.64212962962963,5.64212962962963,0.15061266481901425,0.15061266481901425,0.0,0.0,0.0,5.948339280986494,23.650748239332277,5.563451491696996,6.3273200747645415,0.0,30.33183534230805,19.93591408378883,10.470530430962235,5.64212962962963,0.0,15.02092403628118,0.0,7.812503411858572,0.5662173511379864,9.833645072226421,1.5358767951625094,0.422037037037037,0.0
CNC(=O)CN1CCC(Oc2cc3c(Nc4cccc(Cl)c4F)ncnc3cc2OC)CC1,0,14.416357774150569,14.416357774150569,0.0016078921018600756,-0.5560847054091826,5.817220841045894,9.184952231746642,0.0,22.721165705524697,34.76456778239647,25.93115605767717,12.393687143226153,38.42293779780116,0.0,25.501443980757553,21.074665797832616,26.22843178441226,5.907948198490852,22.320539388069555,6.327309735182737,0.8368593329559795,0.9752553920486464,8.298840273193301,2.9338623263204227,1.9075723928759087,3.2078256208947784
CNNCc1ccc(C(=O)NC(C)C)cc1,0,11.64135369425548,11.64135369425548,0.02488360313261051,-0.02488360313261051,0.0,4.794537184071822,0.0,11.949020558499466,5.563451491696996,12.10820789760957,0.0,0.0,45.16061465590488,16.1683713982271,0.0,0.0,0.0,11.64135369425548,2.854760015117158,7.676153204726438,-0.02488360313261051,7.728365363375734,0.0,4.633723679669297,1.8238609793218379
COc1ccc2c(c1)c(CC(=O)OCC(=O)O)c(C)n2C(=O)c1ccc(Cl)cc1,0,13.155764935221104,13.155764935221104,0.17690596917779455,-1.238809677809497,18.545492540416614,14.383611552215466,0.0,12.328001352277514,38.49590105734874,0.0,11.676897189068889,49.38830667892189,0.0,0.0,26.18119319267332,11.534484677479806,5.910267182583014,35.92530803523287,9.8590750310164,2.1588766047520265,-1.6512690743065908,11.69578806538997,-0.17690596917779455,1.0036230948070615,1.51853013000102
Nc1ccn(C2CCC(CO)O2)c(=O)n1,0,11.451388416477702,11.451388416477702,0.020186996094733844,-0.4179724111866967,5.689743398203474,4.794537184071822,0.0,24.75661230083112,6.4208216229260096,6.4208216229260096,4.567099647791355,12.263210640074686,0.0,4.983978520947208,15.577057825802939,6.844332955404384,0.0,15.063088624338624,8.896112265894011,4.956419516880826,0.20181030591248872,1.5526114890400604,2.505811838624338,-0.020186996094733844,0.0
NCC(CC(=O)O)c1ccc(Cl)cc1,0,10.527246927577615,10.527246927577615,0.05370275888133014,-0.837592592592592,5.9693052879518484,4.794537184071822,0.0,12.338727669087403,11.567389719653901,5.563451491696996,0.0,12.13273413692322,12.13273413692322,0.0,22.441134762235407,0.0,5.717706793622798,10.527246927577615,9.288039948489685,6.410836640211641,-0.9720679012345679,7.091665406903502,0.05370275888133014,0.3273138699924414,0.0
CC(=Cc1csc(C)n1)C1CC2OC2CCCC(C)C(O)C(C)C(=O)C(C)(C)C(O)CC(=O)O1,1,13.16190718967411,13.16190718967411,0.007704908352229589,-1.2209156005530464,35.614100966754926,19.802129157825057,0.0,30.329905390948948,6.4208216229260096,35.537121090548524,0.0,32.107997477006606,32.22729447637167,4.983978520947208,9.473725907600098,11.689637345679014,1.558652897080719,30.478746102292625,24.507115195318242,0.49382332102254667,-1.5164245559630032,0.0,2.281976151280059,10.7564735432898,0.0
N#CN=C(N=c1cc[nH]cc1)NCCCCCCOc1ccc(Cl)cc1,0,8.758744142480813,8.758744142480813,0.3377515962639521,0.3377515962639521,0.0,0.0,0.0,0.0,17.58906984699808,43.33478517920682,0.0,18.586843239004992,36.39820241076966,20.285576590224874,21.59969439877105,5.657119260812304,5.835437484209272,10.939629319721334,13.306886698239316,0.0,1.1789988863328722,11.014937522203615,9.4305093445202,1.4142592617388652,0.0
COc1cc(CNC(=O)CCCCC=CC(C)C)ccc1O,0,11.768937258545392,11.768937258545392,0.05544537876879141,0.05544537876879141,0.0,9.901064578912528,0.0,11.65669156263541,24.63299590828388,24.825916360475023,7.109797541277533,18.19910120538483,0.0,31.316303217055342,4.736862953800049,5.042442725859413,0.0,11.768937258545392,12.40041090213796,0.9054321588471121,1.167775680218307,5.071972220265489,7.880722193301697,4.757198155496766,1.5051087053278611
NNc1nncc2ccccc12,0,5.263408919123205,5.263408919123205,0.6047222222222224,0.6047222222222224,0.0,0.0,0.0,0.0,5.817862777835028,10.772448428929591,0.0,6.196843571613076,24.26546827384644,15.62315501371246,5.842670270266239,0.0,0.0,0.0,9.640092592592593,2.4963425925925926,5.868131141345428,7.79089663643235,1.704537037037037,0.0,0.0
CC(=O)Oc1ccc(/C=C/c2cc(OC(C)=O)cc(OC(C)=O)c2)cc1,0,11.16177279216705,11.16177279216705,0.2788019652305369,-0.47132899764844205,11.938610575903697,14.383611552215466,0.0,17.46832895451966,11.3129633249809,5.563451491696996,26.83757866753348,42.47422251760354,6.076020106833881,0.0,14.210588861400147,15.115986995473447,0.0,33.241055571517954,0.0,1.5526760781473086,-0.3042863966574272,11.709254278587723,3.600004409171076,3.918642397093251,0.0
COc1ccc2c(O[C@@H]3CC4C(=O)N[C@]5(C(=O)NS(=O)(=O)C6CC6)C[C@@H]5/C=C\CCCCN(C)C(=O)C4C3)cc(-c3nc(C(C)C)cs3)nc2c1C,1,14.276593984331386,14.276593984331386,0.14734461389185105,-3.827316387681654,50.5662923745472,22.8014085365444,0.0,30.584635067526307,48.51687365372313,40.91369226664104,11.336785877934735,19.057379254805202,42.65494138920913,23.886357867839667,19.441682949494513,40.2111774386713,1.5144252992067035,53.47601401910977,5.946730294222969,1.79318798784813,-1.6298137930690342,5.660375419456321,7.613204682207153,6.692877153263259,-0.444845167583239
CN1C2CCC1CC(OC(c1ccccc1)c1ccccc1)C2,0,6.666018518518518,6.666018518518518,0.04648715041572138,0.04648715041572138,0.0,0.0,0.0,6.103966387748303,18.187648046044224,0.0,36.81018947509803,0.0,0.0,72.61125239814378,4.736862953800049,6.666018518518518,0.0,2.5693461829176116,0.0,2.5092129629629634,0.0,22.71290217939027,5.427016565885613,0.0,2.2821702569916855
Nc1ncnc2nc(-c3ccc(N4CCOCC4)nc3)cc(-c3cccc(Br)c3)c12,0,6.192723638835496,6.192723638835496,0.41186653975302856,0.41186653975302856,0.0,0.0,0.0,0.0,11.465039998602755,64.36436571892267,6.3273200747645415,0.0,48.661413050844345,35.78178919164145,15.454508951909443,6.407996534260304,3.549500153809126,20.162975340700896,0.7474500632310878,10.410548752409392,1.357812871759967,14.155103327785854,3.298722203470649,3.159890752572723,0.0
Cn1cc(-c2ccc3nnc(C(F)(F)c4ccc5ncccc5c4)n3n2)cn1,0,15.317502204585537,15.317502204585537,0.19825848240530708,-3.3849114229024932,11.746933666094503,0.0,8.78083009534964,11.210628712464723,22.160304418626517,4.5153978936156225,12.13273413692322,60.651840974969645,0.0,25.37870575415136,0.0,33.33120920994715,0.0,4.165888474556959,16.60955837602561,1.8982403476743874,-3.929836781934995,11.07337652130977,4.995449679489181,0.0,1.772780839598605
OCC1OC(c2ccc(Cl)c(Cc3ccc(OC4CCOC4)cc3)c2)C(O)C(O)C1O,0,10.399678288990643,10.399678288990643,0.09306726461800552,-1.4232964141171218,37.126713903254426,20.426109579362823,0.0,6.103966387748303,23.61378839287725,29.904118404116826,0.0,12.13273413692322,30.33183534230805,0.0,25.811528751632665,16.883844156525818,6.402583167071201,0.0,40.46033319309491,2.466990407146432,0.792052012141298,13.023604281848225,-4.457417605481858,0.8724548320984217,0.0
CC1(C)S[C@@H]2C(NC(=O)C(N)c3ccccc3)C(=O)N2C1C(=O)OCOC(=O)C1N2C(=O)C[C@H]2S(=O)(=O)C1(C)C,0,13.042813342952527,13.042813342952527,0.19084453009918545,-3.7980356972186757,90.69949905543999,32.39048290468804,0.0,6.4208216229260096,5.563451491696996,4.899909730850477,30.50926907962284,44.179309741689295,0.0,5.316788604006331,15.207393384762284,33.307493256696084,1.3135291959223236,65.91177443832879,1.0681100671650061,6.6357039078518785,-3.3164171446460244,4.452564848305949,-0.19084453009918545,5.3661216576938715,-3.7980356972186757
O=C(NCCCNc1nc(Nc2cccc(NC(=O)N3CCCC3)c2)ncc1I)c1cccs1,0,12.348392268978383,12.348392268978383,0.04448805738949746,-0.07108389300059303,0.0,9.589074368143644,0.0,11.938294241689578,23.914999286512945,53.11479527887073,11.336785877934735,6.196843571613076,46.67817491208605,53.8259820849878,0.0,0.9003688525356442,3.617621490760831,35.811720313888266,14.26451101019289,1.4981715233304271,1.134315373244056,11.09877325929089,4.618199963180856,2.8429848802428013,0.0
CN(Cc1cc(Br)cc(Br)c1N)C1CCCCC1,0,6.134942050894432,6.134942050894432,0.7184325396825397,0.7184325396825397,0.0,0.0,0.0,0.0,0.0,27.219422541408925,37.667559606327046,0.0,6.06636706846161,49.87383657788798,5.733667477162185,2.055128075921727,7.038311917359536,2.448148148148148,0.0,8.19529659549005,0.0,4.842303398211136,6.783137072730328,0.9251388888888888,2.212535903250189
Cc1cc(C#N)cc(C)c1Oc1nc(Nc2ccc(C#N)cc2)nc(N)c1Br,0,9.095596393701145,9.095596393701145,0.2130519862265896,0.2130519862265896,0.0,0.0,0.0,17.646190395256895,27.03652060719387,11.126902983393991,0.0,36.39820241076966,13.847474399381248,43.35313216943464,20.994313540439208,6.426980520131224,3.36225322990001,8.595464994244306,21.025237705242372,9.428386951911259,1.3158617508833967,14.54514979740624,0.0,3.7173317169478644,0.0
CC(C)(F)CC(NC(c1ccc(-c2ccc(S(C)(=O)=O)cc2)cc1)C(F)(F)F)C(=O)NC1(C#N)CC1,0,14.418018795505162,14.418018795505162,0.11915432806595505,-4.801455819337989,51.63291973556344,36.03588591383853,0.0,10.45893496721477,23.968546229246012,6.255769183511404,50.245676810150904,12.13273413692322,6.069221312792274,10.633577208012662,0.0,79.86787077444507,0.0,12.88399809856955,13.94035769741405,-2.0811572134813767,-0.8642487372813299,9.465295193349128,-3.4882251254344165,2.3305310578470753,-3.3877550787610784
CC(C)(C)NCC(O)COc1nsnc1N1CCOCC1,0,9.946664304610733,9.946664304610733,0.025666754164680006,-0.5801257663559254,6.103966387748303,5.106527394840706,0.0,12.145807216896262,25.638508671373785,30.635562934858793,0.0,0.0,0.0,39.734989896761576,9.473725907600098,19.394052351413933,1.1244011925757955,2.0993237433862433,13.186005032025054,-0.025666754164680006,1.2462863362937773,0.0,-0.5801257663559254,9.805723864825806,0.0
CNC(=O)C(Cc1ccccc1)NC(=O)C(CC(C)C)C(CSc1cccs1)C(O)=NO,0,13.377376464474679,13.377376464474679,0.15190338197823738,-0.7607690329218106,23.775398265828358,19.90285478776164,0.0,17.732265504864404,18.59449685259881,9.772630669219076,18.809556932068304,11.336785877934735,61.692106649078426,15.789289934763202,0.0,1.0386664742774605,3.0538261666106736,25.873372578166048,30.028397444232098,0.9225726218326331,-1.9708785373143232,12.58261415716693,0.8077548168155131,3.966452034517511,1.5305555770287913
Oc1cc2cc(CCN3CCN(c4nsc5ccccc45)CC3)c(Cl)cc2[nH]1,0,9.62501509835164,9.62501509835164,0.1749095479512115,0.1749095479512115,0.0,5.106527394840706,0.0,5.879988336435371,0.0,66.45147616784328,10.086144130933896,17.598853680028284,6.06636706846161,49.48917330637266,11.600939890232516,5.939077024551342,8.020710352800437,7.798922745950686,12.634133723958396,1.9967086174992856,1.3008461318766122,14.171400075987584,0.9031219573075633,5.0128571478458746,0.0
COCCOc1cnc2ccn([C@H](C)c3nnc4c(F)cc(-c5cnn(C)c5)cn34)c(=O)c2c1,0,14.827653579768928,14.827653579768928,0.08224487170513406,-0.5337831102112314,11.859061670193855,9.184952231746642,0.0,11.206444115819735,41.25405668408772,5.563451491696996,10.633466716252965,66.35691906035031,6.923737199690624,20.28002394585032,9.473725907600098,30.151851073268002,0.0,17.66445870821873,12.764304282629121,1.738437869916306,0.37955889291890177,4.268933242244305,8.411888611850266,2.577405578497302,3.376495073790397
CC(O)C1C(=O)N2C(C(=O)O)=C(SC3CNC(C(=O)N(C)C)C3)C(C)C12,0,12.340839457326652,12.340839457326652,0.0075690757121138486,-1.1193362097925588,17.991177721861543,24.596666341896878,0.0,40.76292450619833,17.87071454272863,0.0,16.66179468024159,25.918990895895483,6.923737199690624,5.316788604006331,0.0,0.0,1.4455489417989413,39.794536411710375,22.78349412655908,0.038690843621399074,-2.1355823198833654,-0.5679388699924419,-0.1904531603223889,4.078991593423412,3.419379099751644
CC(C)n1c(C=CC(O)CC(O)CC(=O)O)c(-c2ccc(F)cc2)c2ccccc21,0,13.498317422929825,13.498317422929825,0.0728288281183298,-1.1299299595105887,24.598059686374462,19.39800702142805,0.0,18.279883293119866,0.0,27.72375591032351,12.13273413692322,24.284774350590983,24.26546827384644,18.414574047172604,5.106527394840706,15.642088497717765,0.0,10.725386893344423,29.871908880417735,3.6503198282297316,-1.4273244322216179,14.35580408235066,0.7269275140577443,4.1215554027702295,0.0
NS(=O)(=O)c1cc2c(cc1Cl)N=CNS2(=O)=O,0,11.582403628117913,11.582403628117913,0.05662037037037071,-4.093196806500378,24.942065782332943,16.835593968657875,0.0,15.605503063942663,0.0,18.471269499445103,0.0,0.0,4.722094864452088,4.992404732635668,16.73991362784046,47.559719387755095,5.690668146888385,2.9954391849332334,4.733339947089948,0.05662037037037071,0.0,2.0112654320987655,0.9768002015621065,0.0,-7.912741559586799
Cn1cc(-c2[nH]c3cc(NC(=O)C(N)C4CCCCC4)cc4c3c2C=NNC4=O)cn1,1,12.824619808986242,12.824619808986242,0.1990809638639932,-0.5579191343535685,6.041840829147961,9.589074368143644,0.0,17.732265504864404,11.250837766380558,53.40704240202755,6.4208216229260096,23.159614154755186,19.310882622751876,25.926647856104683,5.733667477162185,1.712322536843745,0.0,28.866112691671404,11.973520491357135,12.99490229964707,-0.3496160905112713,2.958283781998157,10.666196348801844,0.0,1.8449446068585869
CCNC(=O)C1OC(n2cnc3c(N)nc(NCCc4ccc(CCC(=O)O)cc4)nc32)C(O)C1O,0,12.190320147804304,12.190320147804304,0.090478557335395,-1.42472638455814,36.41628535128313,19.802129157825057,0.0,23.83420090251526,31.44785677529343,11.126902983393991,10.894419722555895,6.923737199690624,24.26546827384644,25.585512770854283,15.57705782580294,7.0864407227475965,0.0,35.80975017647789,35.36122079056691,8.651359897396725,-0.9854448344540461,7.710976297865086,-2.5551094985266527,2.5874731145931564,0.0
CC1C(=NC(=O)C(NOC(C)(C)C(=O)O)c2csc(N)n2)C(=O)N1S(=O)(=O)O,1,12.554040060468632,12.554040060468632,0.05935196995464875,-4.78248675166424,51.4842470947288,22.801408536544404,0.0,15.130702465984026,0.0,11.336785877934735,26.151274369537788,0.0,0.0,15.456479851704078,20.23053332942989,31.35344136140142,0.9998322656146426,48.113991311141035,10.610738407069368,5.730214109199951,-3.48125555343426,-2.580147247942387,0.0,3.7023387652811355,-4.78248675166424
Cn1c(=O)cc(N2CCCC(N)C2)n(Cc2ccccc2C#N)c1=O,0,12.723659060846561,12.723659060846561,0.02106938145628634,-0.39408541194255453,5.689743398203474,14.850965922882128,0.0,18.145864130112543,17.9260706754446,29.516950791252942,13.1140390511388,16.699833784714574,17.032643867773697,6.069221312792274,5.733667477162185,2.636880905139834,0.0,26.86763951877047,9.297660229814811,6.58558807319224,0.5657341269841267,10.814610239731543,1.8493957247091264,1.587764865205341,1.4613929831191736
C=C[C@H]1C[N@@]2CC[C@H]1C[C@@H]2[C@@H](O)c1ccnc2ccccc12,0,11.029075491307633,11.029075491307633,0.22292233560090668,-0.4430876795162513,6.103966387748303,5.106527394840706,0.0,6.041840829147961,11.835812092322787,35.97671085852921,6.4208216229260096,0.0,30.462311845459514,28.605211110691673,0.0,0.0,0.0,6.855308746955572,12.098906630553456,1.9697129577139503,1.2654033341731752,10.26990767679891,5.761885524271436,6.112208462866833,0.0
CNC(=O)c1cc(Oc2ccc3nc(N[C@@H]4CCCC[C@H]4O)sc3c2)ccn1,0,11.721741979913226,11.721741979913226,0.06017084347528168,-0.3186449969911651,0.0,9.901064578912528,0.0,18.05298694624777,17.19295166141627,41.03146560562873,11.336785877934735,25.377249691213486,18.19910120538483,20.601534249907075,4.736862953800049,6.888103157164304,1.5395639475563714,20.375269649890768,16.88948611817786,1.182705185167792,0.9440507238354536,9.055373245763827,5.22941366628265,0.0,1.5627009728276406
O=c1c(-c2ccc(O)cc2)coc2c(C3OC(CO)C(O)C(O)C3O)c(O)ccc12,0,13.041717477114304,13.041717477114304,0.040512141406178204,-1.6541226388660901,42.55550429515497,35.43370155311605,0.0,33.59517100606884,5.563451491696996,0.0,30.528631269485494,12.13273413692322,0.0,0.0,9.154013890853395,11.146154444100873,0.0,13.041717477114304,59.81934998733558,0.15023343619664087,-0.3137813613739766,8.53529411910784,-6.241987670825258,-0.6369804316559993,0.0
N#Cc1ccc2[nH]cc(CCCCN3CCN(c4ccc5oc(C(N)=O)cc5c4)CC3)c2c1,0,11.35134480346224,11.35134480346224,0.19917570263445072,-0.54354070586379,5.907179729351506,4.794537184071822,0.0,5.7602474188744415,11.146471633339239,68.57655810510552,10.949675706161791,6.06636706846161,30.33183534230805,33.11622993551512,15.412709968954019,5.488231219668587,0.0,19.574703620754462,11.224956749327065,10.258322572505119,-0.3443650032293393,15.790379898192825,5.380423145751428,5.12734779702985,0.0
O=C(O)Cc1cccc(OCCCN(Cc2cccc(C(F)(F)F)c2Cl)CC(c2ccccc2)c2ccccc2)c1,0,13.579738339080478,13.579738339080478,0.017969557495570276,-4.544095759962698,17.70905529709232,17.96578232709628,0.0,23.906117388741308,42.993631215941974,17.193270051855603,6.06636706846161,30.33183534230805,36.39820241076966,29.165378004696915,21.44433023887327,46.63543784629586,6.287073352764756,13.147555377757786,8.768996300216655,2.4097821999421467,-0.3650974472919202,31.01839714947358,-4.044963622873258,1.6705966214921855,0.0
CCN(CC)CCOC(=O)C1(C2CCCCC2)CCCCC1,1,12.93673469387755,12.93673469387755,0.13079270597127768,-0.13697491496598602,0.0,4.794537184071822,0.0,11.384295757348628,12.52478801067431,32.475912463589744,51.36657298340809,0.0,0.0,18.747384130231726,4.736862953800049,5.791649659863946,0.0,15.25760015117158,0.0,-0.13697491496598602,0.7164439510372053,0.0,12.297809754679344,7.823471398213912,0.0
CN(CC=CC#CC(C)(C)C)Cc1cccc2ccccc12,0,3.2141573444626297,3.2141573444626297,0.06864675442104984,0.06864675442104984,0.0,0.0,0.0,5.414990469396779,0.0,13.08951281182515,16.335899920626588,0.0,6.076020106833881,93.100251536376,0.0,0.0,0.0,2.3026209372637942,2.6466109154226944,1.4388094475847353,6.331124567889088,15.072607698130302,4.0919850718065005,8.224078545387393,2.142162816515495
COc1ccc(C=CC(=O)Nc2ccccc2C(=O)O)cc1OC,0,11.991385030864198,11.991385030864198,0.03274695609291611,-1.102064482910026,11.876485017303354,9.589074368143644,0.0,11.250837766380558,11.49902366656781,5.563451491696996,25.318551785034636,43.517652990419464,0.0,5.316788604006331,14.580253302440804,10.344134874444425,0.0,23.109849979695515,11.64918357254351,1.0200443628374734,-0.38979321538352707,11.445003167009009,2.917216080876795,0.0,3.071027844643465
CCCC(C(=O)OCCN(CC)CC)(c1ccccc1)c1ccccc1,1,13.373432539682542,13.373432539682542,0.1491609977324262,-0.7494749149659861,5.414990469396779,4.794537184071822,0.0,5.9693052879518484,6.606881964512918,43.60281544698373,0.0,0.0,60.6636706846161,25.67112132992235,4.736862953800049,5.822474489795919,0.0,15.637137896825399,0.0,1.2521717004703126,-0.1491609977324262,20.07788553307763,1.6250629094230284,9.48442846814014,0.0
CCCN(CCC)S(=O)(=O)c1ccc(C(=O)O)cc1,0,12.371875944822374,12.371875944822374,0.08007689804316831,-3.5274281934996217,15.992596441359431,13.212334168400758,0.0,10.45893496721477,13.08951281182515,12.841643245852019,28.57068426514267,0.0,13.847474399381248,0.0,5.106527394840706,26.177059240362816,0.0,10.879240275617441,8.796292384263163,0.08007689804316831,-1.0667403103216595,5.310307067271353,1.4849990026874946,4.782860302242518,-3.5274281934996217
O=C(NCCN1CCOCC1)c1ccc(Cl)cc1,0,11.800244551524312,11.800244551524312,0.05562397644242867,-0.05562397644242867,0.0,4.794537184071822,0.0,5.907179729351506,17.130841211350898,32.84803314676356,0.0,24.26546827384644,0.0,10.216698334856808,16.337802844032566,5.266136692745049,5.7720348258028515,14.08361903712102,3.539968251061776,0.640164346602839,-0.05562397644242867,6.89850057730469,0.0,4.966311356915313,0.0
CC(C(=O)O)c1ccc(CC2CCCC2=O)cc1,0,11.565406795051455,11.565406795051455,0.17384002057613146,-0.8113697299907614,11.887211334113243,9.589074368143644,0.0,5.917906046161393,5.783244946364939,36.81018947509803,0.0,6.923737199690624,24.26546827384644,0.0,5.106527394840706,0.0,0.0,22.427074289630657,8.924606374982908,1.9310993008314443,-0.7438787320483753,7.5990495086923655,3.5169737771013923,1.6784088141429412,0.0
CC12CCC(=O)C=C1C=CC1C2CCC2(C)C1CCC2(O)CCC(=O)O,0,11.874601409466234,11.874601409466234,0.037160017620199826,-0.8666481901402534,11.570356098935537,14.69560176298435,0.0,23.03404750808451,37.01618300726221,25.683286491704038,5.5731045300692665,0.0,6.076020106833881,25.99951461304901,5.106527394840706,0.0,0.0,22.93535686957425,20.457070115897675,0.17932108244022027,0.7481692932076405,0.0,11.920817312021994,4.50926532685822,0.0
O=P(O)(O)C(Cl)(Cl)P(=O)(O)O,0,10.23798611111111,10.23798611111111,3.3472222222222214,-5.222415123456791,19.007055576145035,9.130096569862658,0.0,0.0,0.0,0.0,0.0,0.0,0.0,0.0,42.775526191474924,17.12875,9.455246913580245,32.94416666666667,0.0,0.0,0.0,0.0,0.0,0.0,-10.444830246913583
CC(C)C(C(=O)Nc1ccc(C(O)=NO)cc1)c1ccccc1,0,12.60529793398841,12.60529793398841,0.08426183127571996,-0.4655379340543482,5.897745344357611,9.901064578912528,0.0,17.74299182167429,11.250837766380558,5.563451491696996,0.0,24.26546827384644,44.179309741689295,10.47250133075687,5.20725302477729,0.0,0.0,12.60529793398841,23.46377026149122,1.9599234155962155,-0.6419076128563868,16.092885732760372,0.0,4.020030269020168,0.0
O=C(O)c1cccc(-c2noc(-c3ccccc3F)n2)c1,0,13.651493648780807,13.651493648780807,0.045211167800453644,-1.0465998280752975,11.786526128997743,9.184952231746642,0.0,22.842031403419828,5.563451491696996,0.0,24.26546827384644,24.26546827384644,0.0,10.140641778072652,9.629622331814055,18.689243081887383,0.0,15.043282412916703,12.72059629332041,0.8024260414042168,-1.2621851980257461,12.173304035163703,0.0,0.0,0.0
O=C(CCCN1CCN(c2ccccn2)CC1)c1ccc(F)cc1,0,12.872853376616252,12.872853376616252,0.08529770884478682,-0.30803073325417274,0.0,9.184952231746642,0.0,11.600465787410833,11.984273114623004,44.962466430323914,12.13273413692322,12.13273413692322,24.395944776997908,14.783797982648162,0.0,12.872853376616252,0.0,21.14398850161757,0.0,0.5938622997763165,0.8084128987211154,11.769259907786148,3.161362416944127,4.816927265205133,0.0
O=c1oc2cc(O)ccc2s1,1,10.670408163265305,10.670408163265305,0.11023148148148199,-0.3420370370370367,0.0,4.794537184071822,0.0,10.688793854366196,5.583020141642242,16.036705794403836,12.13273413692322,6.06636706846161,0.0,0.0,9.523678331894054,5.508888888888889,1.0274999999999999,10.32837112622827,8.982091836734693,0.44444444444444464,0.11023148148148199,4.598472222222222,0.0,0.0,0.0
O=C(O)P(=O)(O)O,0,9.425925925925926,9.425925925925926,2.0902777777777777,-4.820987654320987,13.306156019281646,9.35958546900315,0.0,0.0,0.0,0.0,0.0,0.0,0.0,0.0,14.893350600345656,9.425925925925926,0.0,24.470679012345677,7.486882716049383,-2.0902777777777777,0.0,0.0,0.0,0.0,-4.820987654320987
COc1ccc2[nH]cc(CCNC(C)=O)c2c1,0,10.797336554622358,10.797336554622358,0.0022424309229867045,0.0022424309229867045,0.0,4.794537184071822,0.0,5.907179729351506,6.544756405912575,23.073258388290974,12.487188691387619,7.109797541277533,24.395944776997908,10.300767124953538,4.736862953800049,5.205741738053246,0.0,14.006677068605729,3.9408971875787353,2.274328703703704,0.8474990026874951,5.931978904216007,2.790347694633409,2.178323465188545,1.6575395686664627
Cc1nc2n(c(=O)c1CCN1CCC(c3noc4cc(F)ccc34)CC1)CCCC2,1,13.391455125428823,13.391455125428823,0.16054179316354622,-0.30288331320204875,0.0,9.184952231746642,0.0,11.3764877360979,11.500926187803636,92.86589155506502,12.13273413692322,6.06636706846161,11.49083684748198,10.056572987975922,9.507073457920555,20.61639405905525,0.0,20.05844080987514,5.145664014026554,3.380492052384917,0.9737534052999743,4.627242259171112,5.810256603119455,5.554423463734266,0.0
O=C(C=Cc1cccnc1)NCCCCC1CCN(C(=O)c2ccccc2)CC1,0,12.490024703865975,12.490024703865975,0.06797627775268178,-0.06797627775268178,0.0,9.589074368143644,0.0,11.814359458703011,12.462662452073968,56.320523909849186,0.0,24.545727356893916,47.36447921008175,10.300767124953538,0.0,0.0,0.0,30.323708485530034,2.931763112201528,1.6935247203118857,0.7534148668987115,13.279555959797024,12.138978089837941,2.3790547654228766,0.0
Nc1nc(N)c2nc(-c3cccc(O)c3)c(-c3cccc(O)c3)nc2n1,0,9.830112846842644,9.830112846842644,0.0034588372385986332,-0.0034588372385986332,0.0,10.213054789681411,0.0,28.91240294615706,28.031459690707173,0.0,0.0,48.53093654769288,0.0,19.93591408378883,11.46733495432437,0.0,0.0,17.14207787435962,19.657760554073683,14.348210138993872,0.2924828357268845,13.226135263512607,0.0,0.0,0.0
O=C(O)CCNC(=O)c1ccc(N=Nc2ccc(O)c(C(=O)O)c2)cc1,0,11.812664502584443,11.812664502584443,0.030148401925062185,-1.2798024840597721,17.845790305255203,19.49013894705617,0.0,29.965927628503046,11.250837766380558,0.0,42.46456947923127,0.0,0.0,15.545288855265127,10.213054789681411,0.0,0.0,33.17909617862238,37.216111121933146,0.7311960600133898,-3.0479206511859274,9.888394823280631,-0.163692601255351,0.030148401925062185,0.0
Cn1c2ccccc2c2c3c(c4c5ccccc5n(CCC#N)c4c21)CNC3=O,0,12.92081902630198,12.92081902630198,0.002676813009154122,-0.002676813009154122,0.0,10.056428738810308,0.0,5.907179729351506,19.51033443475116,54.738602711718215,0.0,0.0,24.26546827384644,51.83334946890494,0.0,4.457153250188965,0.0,12.92081902630198,16.687602777630286,6.260028869572522,-0.002676813009154122,18.847194771401572,0.4379718600403124,1.1601048752834466,2.0651347159234064
NC(=O)c1ccc(I)c([N+](=O)[O-])c1,0,10.684221466364324,10.684221466364324,0.1000925925925924,-0.6671296296296287,10.830490778169176,14.908855452837393,0.0,11.250837766380558,3.5701822710653963,0.0,18.19910120538483,0.0,22.590870627068057,0.0,5.733667477162185,0.4792592592592595,1.8219037792894937,20.58203484504913,10.445220786092214,5.014266515495088,-0.6671296296296287,4.111111111111111,0.0,0.0,0.0
O=C(C1CCCCC1)N1CC(=O)N2CCc3ccccc3C2C1,0,12.840378480095742,12.840378480095742,0.04975977891156402,0.04975977891156402,0.0,9.589074368143644,0.0,30.318862739924942,6.544756405912575,38.64886452054262,17.54772460632,0.0,15.866186530162565,18.19910120538483,0.0,0.0,0.0,29.222436775636176,0.0,2.557184744268078,0.46074205299403737,8.416703507798385,6.455969342205814,1.7202969104308394,0.0
C#CC1(OC(C)=O)CCC2C3CCC4=CC(OC(C)=O)CCC4C3CCC21C,0,11.797173578833622,11.797173578833622,0.042876461936933064,-0.7385175897468463,5.601050810983688,9.589074368143644,0.0,23.45756743304878,23.671624184645573,44.94575136048208,25.841400552376523,0.0,0.0,18.92019162538015,15.897075803220357,11.277426196646559,0.0,23.119839957269683,0.0,0.6444782414738681,4.937460705801046,0.0,16.453628549726602,5.233833015748912,0.0
C[C@]12CC[C@H](O)C[C@H]1CC[C@@H]1[C@@H]2CC[C@]2(C)[C@@](O)(c3ccoc3)CC[C@]12O,0,12.116627456538172,12.116627456538172,0.144230380685332,-1.0136584834551101,16.617092091364157,15.319582184522117,0.0,17.436862903306476,24.677455338174806,50.50920285217907,0.0,12.526325991278114,6.06636706846161,13.847474399381248,4.417150937053347,5.2878379708538095,0.0,0.0,34.0397979178059,-1.3430164703622491,1.3118613263206507,1.8648972263823906,11.30500703361863,4.533614995380868,0.0
C=CC1=C(C)C(Cc2[nH]c(Cc3[nH]c(CC4=NC(=O)C(=C)C4=CC)c(C)c3CCC(=O)O)c(CCC(=O)O)c2C)=NC1=O,1,12.299212278035078,12.299212278035078,0.060662211221929274,-0.915998696593969,11.938610575903697,29.3912035259687,0.0,24.65600270455503,60.246791710379256,50.60262247625109,6.076020106833881,0.0,33.770968905596376,33.110637874362745,0.0,0.0,0.0,62.88961665093918,18.868997863477983,10.317955042736694,-2.522161292311239,0.0,4.8802053480217324,15.065386387135648,0.0
NC(N)=O,0,9.0,9.0,0.8333333333333333,-0.8333333333333333,6.031114512338072,0.0,0.0,0.0,0.0,0.0,0.0,0.0,0.0,11.46733495432437,4.794537184071822,0.0,0.0,9.0,0.0,8.5,0.0,-0.8333333333333333,0.0,0.0,0.0
O=c1[nH]c(O)cn1/N=C/c1ccc(-c2ccc([N+](=O)[O-])cc2)o1,0,11.32290917681076,11.32290917681076,0.005802991534412438,-0.5825013964238626,10.613054447021145,14.908855452837393,0.0,11.567374611118932,17.08394632944588,10.872946012508486,18.347334716458537,24.26546827384644,0.0,10.08538604668693,9.523678331894054,6.4512516534391535,0.0,23.616069282345194,23.5881845403659,0.08457138889567672,0.5923306605034258,9.234475048577233,2.43311742587342,0.0,0.0
NCCCCNCCCN,0,5.321641550138574,5.321641550138574,0.7816358024691358,0.7816358024691358,0.0,0.0,0.0,0.0,0.0,39.02066886950232,6.4208216229260096,0.0,0.0,5.316788604006331,11.46733495432437,0.0,0.0,0.0,3.285555555555556,10.631060878054926,0.0,0.0,3.374326814058957,3.7090567523305618,0.0
COc1nccc(-c2c(-c3ccc(F)cc3)ncn2C2CCC(O)CC2)n1,0,13.370864801196902,13.370864801196902,0.22783200008398397,-0.2873091458805743,0.0,9.496942442515525,0.0,23.973492897528992,5.693927994848461,42.634593973097964,19.242531678200752,18.329577708536295,12.393687143226153,19.51903521063298,4.736862953800049,20.66736557084973,0.0,13.197428326243262,9.840161465906208,3.1055029079533063,-0.2873091458805743,8.615965741209246,6.49995375228961,0.0,1.5275980480958835
O=S(=O)(F)Cc1ccccc1,0,12.04689342403628,12.04689342403628,0.4675925925925932,-4.377175925925924,15.976061364034326,12.303555786910774,0.0,0.0,5.563451491696996,0.0,0.0,30.33183534230805,0.0,0.0,0.0,32.31486394557823,0.0,0.0,0.0,0.4675925925925932,-0.5338888888888889,8.211941609977325,0.0,0.0,-4.377175925925924
CCCS(=O)(=O)Nc1ccc(F)c(C(=O)c2c[nH]c3ncc(-c4ccc(Cl)cc4)cc23)c1F,1,15.10238933711031,15.10238933711031,0.00029734784860413477,-3.8396560426272726,38.69181554824487,17.60274921607558,4.39041504767482,11.316305098443785,28.040307863596855,17.696185628620217,6.196843571613076,43.45241611361175,0.0,14.690051906346504,11.600939890232516,55.81082308313539,5.932253151051562,20.29041965569077,0.9249147491069565,0.473889852332268,-3.569349560249398,10.462962389496273,3.2235148964674254,1.6513389367071376,-3.8396560426272726
Cc1cccc(Oc2cnc(=O)[nH]c2)c1,1,10.705998887209205,10.705998887209205,0.3827849689258416,-0.3827849689258416,0.0,4.794537184071822,0.0,5.689743398203474,5.749511833283905,11.3129633249809,12.393687143226153,0.0,31.18920547353706,9.967957041894415,4.736862953800049,5.481527777777778,0.0,16.71066678214496,0.0,0.7328481670445963,1.239860166288738,7.6438175285546315,2.8738425925925926,1.9841036522633744,0.0
CC[N+](C)(C)c1cccc(O)c1,0,9.261910430839002,9.261910430839002,0.3399537037037039,0.3399537037037039,0.0,5.106527394840706,0.0,0.0,5.749511833283905,16.71517353829076,0.0,6.06636706846161,18.19910120538483,21.019081165045005,0.0,0.7999999999999999,0.0,0.0,9.261910430839002,1.1365740740740744,0.3399537037037039,7.408935185185185,0.0,3.146330309901739,4.239629629629629
N=C(N)N,1,6.055555555555555,6.055555555555555,0.33333333333333304,-0.33333333333333304,0.0,0.0,0.0,5.959554568743835,0.0,0.0,0.0,0.0,0.0,11.46733495432437,5.409283605791522,0.0,0.0,0.0,6.055555555555555,8.944444444444445,-0.33333333333333304,0.0,0.0,0.0,0.0
c1ccc(CC2=NCCN2)cc1,0,4.336519274376418,4.336519274376418,0.9327052626606199,0.9327052626606199,0.0,0.0,0.0,0.0,0.0,25.345954220508432,5.563451491696996,0.0,6.06636706846161,34.57466161048844,0.0,0.0,0.0,4.336519274376418,3.255065192743764,1.3246759259259262,1.1261111111111113,10.410829081632652,0.9452777777777778,1.9348549697656843,0.0
Cc1c(C(=O)N2CCOc3ccc(-c4ccc(N)nc4)cc3C2)ccc(S(C)(=O)=O)c1F,0,14.684480572675259,14.684480572675259,0.0046418313456833005,-3.7358481886600683,26.457137182332676,17.60274921607558,0.0,24.278541353819485,18.11213101703151,29.012490727064,12.990104268152233,17.163120370925164,24.26546827384644,4.983978520947208,10.470530430962235,44.04557045445415,0.0,18.48347515537305,0.0,8.363173820958561,-0.19786650190810096,11.75652098025565,2.607747429672719,2.2605601831873825,-3.7358481886600683
O=C(O)Cc1cc(I)c(Oc2ccc(O)c(I)c2)c(I)c1,1,10.775986052193769,10.775986052193769,0.010524673641520765,-0.8580030862462318,5.9693052879518484,9.901064578912528,0.0,12.170333456209914,15.069205937633207,12.703816033827788,0.0,30.33183534230805,22.590870627068057,45.181741254136114,9.843390348640755,8.255790897464996,6.2826334255424445,10.775986052193769,18.36672284811975,0.7397561833375326,0.6651405729458407,8.617828027370523,-0.010524673641520765,0.0,0.0
CCCC=c1ncc(=CC(Cc2cccs2)C(=O)O)n1Cc1ccc(C(=O)O)cc1,1,11.860148650875216,11.860148650875216,0.23224547526849415,-0.964769980495366,17.85651662206509,14.69560176298435,0.0,5.563451491696996,12.965578028838586,34.11097139191445,0.0,47.87511783022813,28.155916662014373,11.907715720637832,5.106527394840706,1.981940192743764,1.5461014616234394,28.46836336213844,21.5004656104149,1.9355822991955964,-2.4985103214434994,10.556353496957371,7.778009231495884,2.565028000207439,0.0
CN1CCN(Cc2ccc(Nc3ncc(Cl)c(Nc4ccccc4S(=O)(=O)N(C)C)n3)cc2)CC1,1,12.706441122163433,12.706441122163433,0.12974750756996478,-3.653943330490271,10.023291153407584,8.417796984328938,0.0,9.918116789259102,17.453588333505085,42.71638429554267,31.92200609712606,18.19910120538483,12.13273413692322,49.58175983120844,11.600939890232516,26.575055555647275,6.317854806569049,13.66315299433087,6.510519198726739,2.4677655057696377,0.6471527603845983,14.80175842850153,1.4762143557300482,5.257496803837906,1.4774740349467907
Cc1c(-c2ccccc2)oc2c(C(=O)OCCN3CCCCC3)cccc2c1=O,0,12.898982963812404,12.898982963812404,0.13141685853761942,-0.45960724258839325,5.9693052879518484,9.589074368143644,0.0,16.57526202523978,23.316805089549153,25.197720709434723,19.26246486877803,25.122838405075452,30.33183534230805,4.899909730850477,9.154013890853395,11.608769729348735,0.0,27.95691445894132,0.3959829996175599,1.7685234927587377,0.023417508851311553,14.490155457555652,3.669215848018478,4.920353838241541,0.0
NC1(Cc2ccc(Cl)cc2)CCN(c2ncnc3[nH]ccc23)CC1,1,6.663516628873772,6.663516628873772,0.17200219671201822,-0.17200219671201822,0.0,0.0,0.0,5.538925252383345,0.0,54.22587520741206,5.563451491696996,6.3273200747645415,24.395944776997908,31.98457943061532,17.3346073673947,0.0,5.961862875890144,14.192570469787281,1.8320781859557673,8.612959403997134,0.9951786382341938,10.0224732067088,6.26902190672547,1.8082997571456565,0.0
ON=C(O)CCCCCCC(O)=NO,1,8.748563843747375,8.748563843747375,0.25947415385907413,-0.25947415385907413,0.0,0.0,0.0,11.795490688715223,12.841643245852019,25.683286491704038,0.0,0.0,0.0,10.31142545350108,20.62756083923599,0.0,0.0,0.0,38.95985486478542,0.0,-0.5189483077181483,0.0,3.892426776266062,0.0,0.0
O=C(O)c1cn(-c2ccc(F)cc2)c2cc(N3CCNCC3)c(F)cc2c1=O,0,14.79673894557823,14.79673894557823,0.04110237150415674,-1.4080080840876288,28.595988853641174,23.47643185833399,0.0,5.386224214464796,43.07049889063369,6.06636706846161,35.02941149325087,6.06636706846161,4.899909730850477,5.316788604006331,0.0,29.60595595594773,0.0,25.993865912526626,12.537540731447763,-0.07554028092718412,-2.435967601355407,8.04784680577159,1.1941290312421264,2.6321694453467543,0.0
O=Cc1ccc(CO)o1,0,9.96036186696901,9.96036186696901,0.15888888888888886,-0.15888888888888886,0.0,4.794537184071822,0.0,12.36712938338736,12.046407942003995,0.0,6.06636706846161,6.06636706846161,0.0,0.0,9.523678331894054,4.763888888888889,0.0,9.96036186696901,8.436767762660619,0.0,0.6631018518518523,3.071712962962963,0.5963888888888886,-0.15888888888888886,0.0
Cc1noc(NS(=O)(=O)c2ccc(N)cc2)c1C,1,12.034654195011338,12.034654195011338,0.1158824640967504,-3.678564814814814,10.023291153407584,8.417796984328938,0.0,10.779665677378784,16.944765761229018,0.0,24.26546827384644,13.847474399381248,0.0,9.878758121577533,10.256762414135533,31.32584270282187,0.0,0.1158824640967504,3.6861661207692955,7.3114692180948495,0.12900462962962966,5.895401549508692,0.0,3.4647981298937287,-3.678564814814814
Cc1ccc(NC(=O)c2ccc(CN3CCN(C)CC3)cc2)cc1Nc1nc(-c2cccnc2)cs1,0,12.90258823224871,12.90258823224871,0.12123812490789221,-0.12123812490789221,0.0,4.794537184071822,0.0,5.907179729351506,5.563451491696996,66.05094403701179,16.900237369631732,12.393687143226153,54.768369449387805,49.581759831208444,0.0,0.0,1.5351164144789708,26.562083437347585,9.216918601916753,6.447768856616877,-0.12123812490789221,17.67050651342042,3.5558849629021534,7.303021449500322,2.163271222058148
NC(=O)c1ncn(C2OC(CO)C(O)C2O)c1O,0,10.910030076845553,10.910030076845553,0.3678349395313678,-1.3722439531368107,42.93385036427958,20.11411936859394,0.0,5.693927994848461,0.0,10.894419722555895,0.0,0.0,0.0,4.983978520947208,15.57705782580294,6.117858087679516,0.0,14.483376165280927,37.88783436213992,4.606713750314941,-1.504321118879652,0.0,-3.7649357520786113,-0.49319216112370845,0.0
C#C[C@]1(O)CC[C@H]2[C@@H]3CC=C4CC(=O)CCC4[C@H]3CC[C@@]21CC,0,11.785860145596345,11.785860145596345,0.07068826373141834,-0.8988999380616445,5.601050810983688,9.901064578912528,0.0,5.414990469396779,35.87569075393652,44.94575136048208,11.993926152995275,0.0,0.0,18.92019162538015,6.423349895620259,0.0,0.0,11.785860145596345,11.106951192896808,0.4579182807382216,5.767454230448684,0.0,16.83585632466179,2.212626492324815,0.0
O=C1CCCC(=O)C1C(=O)c1ccc(C(F)(F)F)cc1[N+](=O)[O-],0,12.627086932594688,12.627086932594688,0.017282769589316738,-4.816651785714286,51.181539709594915,37.6691749640055,0.0,25.328831937239638,12.13273413692322,0.0,0.0,0.0,0.0,0.0,0.0,37.881260797784066,0.0,45.57877369929454,10.967349930713025,-3.0327354707315024,-4.124812059082892,1.3764682539682536,-4.56297181861215,0.0,0.0
O=C(O)C=Cc1ccc(O)c(O)c1,0,10.125799477198287,10.125799477198287,0.2291898148148146,-1.0624400037792892,5.9693052879518484,4.794537184071822,0.0,11.49902366656781,5.563451491696996,6.076020106833881,24.27512131221871,0.0,0.0,0.0,15.319582184522117,0.0,0.0,10.125799477198287,26.26471167170572,0.5117592592592597,-1.562427248677248,4.055678382464096,2.2711451247165533,0.0,0.0
Oc1cccc(O)c1O,0,8.706296296296296,8.706296296296296,0.3101851851851847,-0.47453703703703654,5.749511833283905,0.0,0.0,11.49902366656781,0.0,0.0,18.19910120538483,0.0,0.0,0.0,15.319582184522117,0.0,0.0,0.0,26.086481481481478,0.0,-1.094907407407406,4.008425925925926,0.0,0.0,0.0
Cc1ccc(C(=O)N(CCCN)C(c2nc3cc(Cl)ccc3c(=O)n2Cc2ccccc2)C(C)C)cc1,1,13.902330806952921,13.902330806952921,0.029879272696733183,-0.4581972789115656,6.041840829147961,9.589074368143644,0.0,17.38435267056491,53.368505076183034,11.126902983393991,0.0,22.766200853176187,80.26842494607685,0.0,22.318585888341907,1.7024854077433442,6.282072904076676,34.573115052252405,0.9934560144430833,8.876894788167938,0.39600401374541594,22.01474607864704,0.6281231908256621,7.310880327876213,0.0
CC(C)Cc1ccc(C(C)C(=O)O)cc1,0,10.762425070336777,10.762425070336777,0.4184259259259264,-0.7716577958343829,11.887211334113243,4.794537184071822,0.0,0.0,5.917906046161393,11.984273114623004,5.563451491696996,6.923737199690624,24.26546827384644,13.847474399381248,5.106527394840706,0.0,0.0,10.762425070336777,8.850157339170236,2.1401341647770225,-0.5579103678508444,7.871574074074074,1.0433852985638699,6.056901087595532,0.0
CC(C)c1c(C(=O)Nc2ccccc2)c(-c2ccccc2)c(-c2ccc(F)cc2)n1CCC(O)CC(O)CC(=O)O,1,14.048314571487927,14.048314571487927,0.09389397875807282,-1.1801932788072345,24.598059686374462,24.192544205499875,0.0,37.02870626832339,28.07166874462301,11.257379486545457,12.13273413692322,12.13273413692322,79.0782447317887,5.316788604006331,5.106527394840706,15.998983327452047,0.0,25.023454499271384,32.78224420143489,4.773502105591753,-1.9345567444934908,24.778049581653697,-2.507398410465587,4.25238810622198,0.0
N=c1n[n+]([O-])c2ccccc2n1O,0,11.11287037037037,11.11287037037037,0.22314814814814876,-0.4919444444444443,5.618183454609236,10.41450604955458,0.0,11.033401435232523,9.575518571166281,0.0,12.13273413692322,12.13273413692322,0.0,5.098681808301038,5.409283605791522,0.5592592592592591,0.0,0.3099074074074073,30.775483749055176,-0.007222222222221131,0.0,6.362571806500378,0.0,0.0,0.0
CC1(C)CCC(CN2CCN(c3ccc(C(=O)NS(=O)(=O)c4ccc(NCC5CCOCC5)c([N+](=O)[O-])c4)c(Oc4cnc5[nH]ccc5c4)c3)CC2)=C(c2ccc(Cl)cc2)C1,1,13.906068499863752,13.906068499863752,0.03586729183555981,-4.551966160527181,31.436651681778095,23.32665243716633,0.0,28.333246115222636,31.15520938899004,86.99050101554423,35.039238260371825,30.462311845459517,18.19910120538483,55.78686850835825,21.074665797832616,41.163265941171446,6.238459066896006,37.09911170299354,16.693683327269152,5.553397832658171,-0.1950024178408707,20.43011666507801,8.130102533447669,10.383275953298511,-4.551966160527181
COCCOc1ccc2c(c1)ncn2-c1ccc2cccc(N3CCC(N)CC3)c2n1,1,6.105639897437808,6.105639897437808,0.30132303061593557,0.30132303061593557,0.0,0.0,0.0,0.0,19.255604758173796,59.43485703610968,5.687386274683562,7.109797541277533,35.15988799640234,34.14935652564412,20.19137190570949,12.781768642253175,0.0,12.020280132086867,1.133677904794913,10.150849601971558,1.6352551118424488,16.77743761032265,3.8416048690300353,2.9960154040247247,1.6631107236736296
CC(NC(=O)c1ncnc(N)c1Cl)c1ncc(C(=O)Nc2cc(C(F)(F)F)c(Cl)cn2)s1,0,12.964694856692383,12.964694856692383,0.058180473273314215,-4.706317836826348,34.61858361073276,22.760319511168106,0.0,27.229434057961146,11.073990765314376,23.860949524312353,6.196843571613076,6.923737199690624,0.0,30.56949129180149,28.935547257627213,38.89408457007715,12.36524003874701,40.03249930266938,4.514817641534449,4.289408916780516,-1.7630822437606084,-0.01931443557213708,-1.612491375249489,1.6043931403292875,0.0
CC(=O)Nc1nc(C)c(S(=O)(=O)Nc2ccc(C(O)(C(F)(F)F)C(F)(F)F)cc2)s1,0,12.899157330824796,12.899157330824796,0.010544559523636421,-6.063358347752218,39.447570220326725,44.66135184929039,0.0,20.722051926893435,35.602254151781175,0.0,13.847474399381248,0.0,4.722094864452088,10.300767124953538,0.0,103.97528290060762,0.5971253751092316,14.881861904854365,11.610696062141717,-7.012104807912211,-0.5017943478253308,1.891923535586053,-12.126716695504436,2.500049257309324,-4.316323184366336
COC1C=CC=C(C)C(=O)Nc2cc(O)c(NCCN(C)C)c(c2O)C=C(C)CC(OC)C(O)C(C)C=C(C)C1OC(N)=O,1,13.072220655760518,13.072220655760518,0.014647311212517167,-0.99369489451429,42.33419139744452,24.90865655266576,0.0,34.74378758594364,24.35000361657798,5.5731045300692665,26.361982257850556,38.151554826716776,32.842728095586104,10.633577208012662,19.944256338562333,16.61968146492905,0.0,26.80232045855304,39.410018075006036,7.555183496207876,-1.3632772697757711,1.2857881805462004,4.154734407502015,8.092987884468666,6.775896635896215
C=C[C@]1(C)CC[C@@H](C(=C)C)C[C@H]1C(=C)C,0,4.138533163265306,4.138533163265306,0.24780092592592573,0.24780092592592573,0.0,0.0,0.0,5.414990469396779,11.835812092322787,0.0,30.40867392891656,0.0,0.0,46.58403875670125,0.0,0.0,0.0,0.0,0.0,2.8688307823129255,1.2547916666666663,0.0,5.79301776266062,18.833359788359786,0.0
O=C1C(CCC(O)c2ccc(F)cc2)C(c2ccc(O)cc2)N1c1ccc(F)cc1,0,13.323693681736057,13.323693681736057,0.10556547619047585,-0.8067231928992402,6.103966387748303,23.78842206910287,0.0,35.250880120036555,24.092481012232575,5.563451491696996,36.39820241076966,41.29811214162014,0.0,0.0,0.0,26.426309220028244,0.0,14.554938663328816,20.051051355985898,2.034770007763335,-1.1008996237623163,17.734904109153817,-0.03440706583112796,0.0,0.0
NC1(c2ccc(-c3nc4ccn5c(=O)[nH]nc5c4cc3-c3ccccc3)cc2)CCC1,1,12.02243652495595,12.02243652495595,0.18410484647162928,-0.2596902551107376,0.0,4.794537184071822,0.0,11.228668650586819,5.647177220767728,46.128850647872525,16.3849677208848,6.196843571613076,24.26546827384644,52.66193309583334,10.717645998109393,1.5065152036330856,0.0,17.029102246800242,7.56211547337425,12.598648783685467,0.0,22.583912809809775,4.9697054826971785,0.0,0.0
OCCc1ccc(O)cc1,0,8.862392290249433,8.862392290249433,0.15751511715797428,0.15751511715797428,0.0,0.0,0.0,12.356393797796823,6.4208216229260096,5.563451491696996,0.0,24.26546827384644,0.0,0.0,10.213054789681411,0.0,0.0,0.0,17.38888321995465,1.0419444444444448,0.2654535147392294,6.826481481481482,0.6530555555555554,0.15751511715797428,0.0
C[N+]1(C)[C@@H]2C[C@@H](OC(=O)C(CO)c3ccccc3)C[C@H]1[C@@H]1O[C@@H]12,0,12.512210175736964,12.512210175736964,0.057581254724112574,-0.5934592309145885,5.917906046161393,9.901064578912528,0.0,18.68015364021307,24.291614433792525,22.88812559524364,0.0,0.0,30.33183534230805,14.09534396535438,9.473725907600098,12.505599717325458,0.0,12.512210175736964,9.603958385823466,0.8065491150163774,-0.908368527966742,10.189869443594189,2.3406557288510736,-0.22386857520786108,4.50672787016041
COC(=O)OCOc1c2n(ccc1=O)N([C@@H]1c3ccccc3SCc3c1ccc(F)c3F)[C@@H]1COCCN1C2=O,0,15.253623304568228,15.253623304568228,0.0994161522633743,-1.0235873573281313,48.12633618026491,18.774026599890284,4.39041504767482,42.51826526151456,5.563451491696996,23.635099576953913,28.701198030361212,10.966276799312087,29.27438079780097,4.736862953800049,14.210588861400147,51.69134142178723,1.3861837828567278,40.619068352740825,1.8236594545225497,0.8150526056992178,-2.506284511465962,10.680264211272092,-0.23842536171925643,-0.05952719014858343,1.1220005677884952
CC(=O)Nc1ccccc1,0,10.50204081632653,10.50204081632653,0.035925925925925695,-0.035925925925925695,0.0,4.794537184071822,0.0,5.907179729351506,0.0,5.687386274683562,6.923737199690624,0.0,30.33183534230805,5.316788604006331,0.0,0.0,0.0,10.50204081632653,2.6658333333333335,0.8425925925925928,-0.035925925925925695,9.365736961451248,0.0,1.4930555555555556,0.0
CCCCCN(C)CCC(O)(P(=O)(O)O)P(=O)(O)O,0,11.10646065179209,11.10646065179209,0.017426303854875203,-5.331358763927382,26.69557389656929,14.236623964703364,0.0,6.544756405912575,6.544756405912575,19.26246486877803,0.0,11.947581713527667,6.923737199690624,0.0,19.5736464110099,22.21292130358418,0.0,37.471317289312424,6.34535545005039,0.0,0.0,0.0,2.190244022248817,2.6418559050877777,-9.000582859172475
CN(C)C(=O)CCS[C@H](SCCC(=O)O)c1cccc(/C=C/c2ccc3ccc(Cl)cc3n2)c1,0,11.944290915570084,11.944290915570084,0.044998166315806776,-0.8056554374851521,5.9693052879518484,9.589074368143644,0.0,16.90997136608047,22.949162150160916,27.72375591032351,0.0,42.51902359498709,60.68297676136064,11.050345589408817,16.70746728507322,0.044998166315806776,9.36650185315644,29.17810564934129,10.711796681318974,3.8087769419601947,0.46430191505342155,17.82964598406521,4.538542971814839,0.0,3.5017742814182684
Nc1nc2ccc(OC(F)(F)F)cc2s1,0,11.887494016124968,11.887494016124968,0.2651388888888886,-4.67667717781557,6.362358859030383,13.171245143024459,0.0,5.749511833283905,15.348179113924694,11.336785877934735,18.19910120538483,0.0,0.0,9.720841474747257,5.733667477162185,39.98371315192744,1.1116156462585032,3.9102281746031746,0.314035808767952,5.974306618480726,-0.2651388888888886,3.8979166666666667,-4.67667717781557,0.0,0.0
CC(C)OC(=O)C(C(=O)OC(C)C)=C1SC=CS1,1,11.92824829931973,11.92824829931973,0.016296296296296475,-0.6302314814814809,11.938610575903697,9.589074368143644,0.0,17.781037305565874,4.237168497710827,0.0,23.52376989878223,27.694948798762496,10.816104181309324,0.0,9.473725907600098,10.753837868480725,2.643344671201814,23.85649659863946,3.621643990929705,-0.016296296296296475,-1.2604629629629618,0.0,-0.5475699168556318,6.94900604686319,0.0
COC(=O)C1=C(C)N=C(C)C(C(=O)OC(C)C)C1c1cccc2nonc12,0,12.902942413076342,12.902942413076342,0.295653817082389,-0.784722222222223,23.774422668226485,9.589074368143644,0.0,6.103966387748303,33.57868177282532,0.0,7.109797541277533,45.894050004147324,0.0,15.305731246886559,14.102764844493446,15.274305896741414,0.0,29.895913564499875,7.82126160031914,2.9932292978919985,-2.4653108465608478,5.314119530528261,-0.3018158173763339,7.005464485176787,1.2961656221130426
OC1C(O)C(O)C(O)C(O)C1O,0,8.973703703703704,8.973703703703704,1.6403703703703705,-1.640370370370371,36.62379832648981,0.0,0.0,0.0,0.0,0.0,0.0,0.0,0.0,0.0,30.63916436904423,0.0,0.0,0.0,53.842222222222226,0.0,0.0,0.0,-9.842222222222222,0.0,0.0
Cc1cccc(-c2[nH]c(CNc3ccccc3F)nc2-c2ccc3ncnn3c2)n1,0,13.950188334213198,13.950188334213198,0.30417810257456734,-0.30417810257456734,0.0,4.39041504767482,0.0,5.817220841045894,18.056547178596063,33.986340691858565,12.393687143226153,22.714499099000456,43.45241611361175,25.36740597514899,4.983978520947208,15.653297424280712,0.0,16.96106215870479,7.30469608247667,5.290596354228627,0.3673463683249035,16.24712007219285,3.39118513165213,2.2846964081393195,0.0
O=C(Nc1ccccc1)OCC(CN1CCCCC1)OC(=O)Nc1ccccc1,0,12.29228446705945,12.29228446705945,0.016491480851599905,-0.5769336128237634,18.290446529625132,9.589074368143644,0.0,6.606881964512918,17.9195289552797,25.93115605767717,6.4208216229260096,24.26546827384644,36.39820241076966,15.533486938863138,9.473725907600098,10.880123771730915,0.0,26.613676234446434,5.364523330171779,1.2960935836629595,0.0,18.161216849401473,1.7627834589842724,2.4215827716021616,0.0
CCCCCC/C=C\CCCCCCCC(=O)O,0,10.291519185049198,10.291519185049198,0.3310146604938271,-0.6657348755986747,5.9693052879518484,4.794537184071822,0.0,0.0,6.4208216229260096,12.841643245852019,57.787394606334104,0.0,0.0,19.075777413358384,5.106527394840706,0.0,0.0,10.291519185049198,8.481490221769532,0.0,-0.6657348755986747,0.0,18.317028360535545,2.242363774911063,0.0
O=C(Nc1ccc(-c2ccnc(Nc3ccc(N4CCOCC4)cc3)n2)cc1)C1CCCN1,1,12.288115511567957,12.288115511567957,0.0216768649586514,-0.09434373632507431,0.0,4.794537184071822,0.0,11.949020558499466,5.948339280986494,68.32182842852816,5.687386274683562,6.196843571613076,42.46456947923127,42.95096672168711,4.736862953800049,5.424343332011837,0.0,23.62635443714647,9.477644142986128,4.676153097610416,0.5599264875936458,17.794906575725665,3.670547621468865,4.270124305456971,0.0
NC(CO)(CO)CO,0,8.340277777777779,8.340277777777779,0.4027777777777777,-1.208333333333333,25.3595711459221,0.0,0.0,0.0,0.0,0.0,0.0,0.0,0.0,0.0,21.0532496616843,0.0,0.0,0.0,25.020833333333336,3.937500000000001,0.0,0.0,0.0,-1.208333333333333,0.0
CC(C(=O)O)c1ccc(-c2ccccc2)c(F)c1,0,13.966636432350718,13.966636432350718,0.3964814814814812,-0.9566100823045269,17.704432175159138,9.184952231746642,0.0,0.0,11.126902983393991,5.563451491696996,6.06636706846161,19.056471336613843,30.33183534230805,0.0,5.106527394840706,13.966636432350718,0.0,10.843492256100483,8.890206219846371,1.7371740362811798,-2.057421789703536,13.745610124036348,0.0,1.540969387755102,0.0
CC(C)Cc1ccc(C(C)C(=O)NS(C)(=O)=O)cc1,0,11.731522292559,11.731522292559,0.4834953703703706,-3.4999796044387046,21.848376928920484,13.212334168400758,0.0,0.0,5.917906046161393,18.24004229813441,5.563451491696996,6.923737199690624,28.987563138298526,13.847474399381248,0.0,24.03925321855607,0.0,11.731522292559,0.0,2.030673461514236,-0.40394348947108694,7.7297581254724115,1.9658252387910575,5.9902240903503525,-3.4999796044387046
CCn1c(-c2nonc2N)nc2c(C#CC(C)(C)O)ncc(OCC3CCCNC3)c21,0,10.021872453262176,10.021872453262176,0.1507772061992847,-1.1589577541290232,5.601050810983688,5.106527394840706,0.0,5.817862777835028,47.5480174551839,31.44785677529343,0.0,20.044317970994324,11.49083684748198,32.45496227691572,20.08354788880279,12.933603523171506,0.0,9.198587096875787,21.013868437036557,6.857799462986499,7.4442104158901605,0.0,3.926370661989002,8.375560402050493,0.0
COc1cc2nccc(Oc3ccc(NC(=O)NC4CC4)c(Cl)c3)c2cc1C(N)=O,0,11.909660008631626,11.909660008631626,0.22417170561579414,-0.6189823602580289,5.907179729351506,9.589074368143644,0.0,17.636406833183027,38.86148002035766,12.841643245852019,7.109797541277533,42.595045982382736,0.0,15.617555728959868,26.8083332749948,11.192113026272441,6.303911449668123,27.961409838279383,6.476791037963026,6.734644400295792,0.638513461678665,9.770412749291,3.5784894540132925,0.0,1.4548256936493824
Cc1ccccc1C(=O)Nc1ccc(C(=O)N2CCCC(O)c3cc(Cl)ccc32)c(C)c1,0,13.451269369292458,13.451269369292458,0.14171037229298378,-0.6512698223057314,6.103966387748303,14.69560176298435,0.0,11.814359458703011,52.47415998996403,11.126902983393991,0.0,47.36447921008175,32.046575604766076,5.316788604006331,11.600939890232516,0.0,6.128644006112996,27.78079238703899,13.928771324737253,4.80836494194065,-0.32792489345845643,17.93410090304916,0.6015054656111511,4.2568569760793675,0.0
NC12CC3CC(CC(C3)C1)C2,0,6.320833333333334,6.320833333333334,0.3003472222222221,0.3003472222222221,0.0,0.0,0.0,0.0,5.538925252383345,17.75371813848418,38.524929737556064,0.0,0.0,0.0,5.733667477162185,0.0,0.0,0.0,0.0,6.621180555555556,3.059027777777777,0.0,8.569791666666667,0.0,0.0
CC(C)C(N)C(=O)OCC(CO)OCn1cnc2c(=O)[nH]c(N)nc21,1,11.725856199509698,11.725856199509698,0.04670253486097331,-0.7637908635676498,23.67437939990012,14.69560176298435,0.0,42.974703942057204,0.0,0.0,10.894419722555895,13.847474399381248,0.0,14.951935562841623,20.94106086192447,11.975002020870075,0.0,33.6997285691324,9.353784276056103,11.10080858755129,-0.6725937896224892,-0.7399669988901587,0.5987764812715202,3.0177941869646,0.0
COc1ccc(S(=O)(=O)Nc2cccnc2Nc2ccc(O)cc2)cc1,0,12.609983252177518,12.609983252177518,0.1090152651714702,-3.7853658824640957,10.023291153407584,13.524324379169643,0.0,10.644995308801679,22.94214716048606,0.0,31.37526581512397,42.595045982382736,0.0,15.022861989405627,4.736862953800049,32.79024065656222,0.0,4.29007802940072,12.372487530024438,0.9609152680432447,1.0484194655185826,15.67779615686157,1.5495296411340784,0.0,-2.2728000808781825
COC(=O)C1=COC(O)C2C(CO)=CCC12,1,11.473370653817081,11.473370653817081,0.12892928004535142,-1.0006424792139075,12.259332017287061,9.901064578912528,0.0,18.442694056835705,17.567030683064544,0.0,13.371877989698323,0.0,6.076020106833881,4.736862953800049,9.843390348640755,9.647631566515496,0.0,11.473370653817081,18.81646345112119,1.129169501133787,-0.9472779667422531,0.0,2.7054563492063495,-0.12892928004535142,1.304115724993701
COc1ccc(Cn2ccc3ccc(C(O)=NO)cc32)cc1,0,9.541381191552063,9.541381191552063,0.38972456041900494,-0.38972456041900494,0.0,5.106527394840706,0.0,5.897745344357611,12.10820789760957,22.215888257061955,0.0,19.242531678200752,42.595045982382736,9.722812374541896,9.94411597857734,7.232321216567664,0.0,0.0,22.115513793638897,2.580508569295998,0.4366459066026167,15.296747429458469,1.9918799603174604,0.7023585128495842,1.644024611269311
CN(C)c1ccc(C(=C2C=CC(=[N+](C)C)C=C2)c2ccc(N(C)C)cc2)cc1,1,2.2126795162509447,2.2126795162509447,1.2027883504182206,1.2027883504182206,0.0,0.0,0.0,0.0,0.0,0.0,39.35956959567035,0.0,0.0,129.49639419227233,0.0,2.1261980347694633,0.0,4.252396069538927,0.0,8.528121287082328,0.0,17.563866213151925,8.781933106575963,0.0,12.41415195554806
COc1c(C)c2c(c(O)c1CC=C(C)CCC(=O)O)C(=O)OC2,0,11.802291893111699,11.802291893111699,0.0565396143025112,-0.852501445430738,11.938610575903697,14.69560176298435,0.0,24.34066691241983,29.718058062529916,11.136556021766262,7.109797541277533,0.0,19.92349450621513,0.0,14.580253302440804,10.392532126346609,0.0,22.404939598607527,19.149895163108095,3.0408915871853286,-0.9727320447743417,0.0,2.6804143308557986,3.793845126434412,1.5102141122365689
CN(C)C(N)=NC(=N)N,1,6.701666666666666,6.701666666666666,0.23842592592592626,-0.2766666666666664,0.0,0.0,0.0,11.91910913748767,0.0,0.0,0.0,18.995253696204855,0.0,4.992404732635668,16.876618560115894,0.0,0.0,5.029166666666667,6.701666666666666,10.192777777777778,-0.03824074074074013,0.0,0.0,0.0,3.447962962962963
CC(C)N(CC1OC(n2cnc3c(N)ncnc32)C(O)C1O)C1CC(CCc2nc3cc(C(C)(C)C)ccc3[nH]2)C1,0,10.937007345744476,10.937007345744476,0.10362397828699943,-1.1110852838342387,24.539800333979777,10.213054789681411,0.0,17.274694076379767,29.66838121960592,42.54109242493648,18.218091641226078,4.567099647791355,0.0,77.65361101847726,15.454508951909443,7.863004315441689,0.0,23.310690239211524,21.828559146866368,10.378972867195497,1.9494895434117994,7.232553424151214,3.6320816505442224,11.554648813177693,0.0
O=C(Cc1ccc(-c2ccc(OCCN3CCOCC3)cc2)cn1)NCc1ccccc1,0,12.191300979016335,12.191300979016335,0.03455191762701926,-0.03455191762701926,0.0,4.794537184071822,0.0,12.328001352277514,13.151638370425493,60.9818274499869,0.0,0.0,72.9268813246908,15.200676855804016,9.473725907600098,11.240658200860913,0.0,19.01151178236269,2.9354908782746474,3.913403124844154,0.8281109762788853,21.827932597877,2.080489861306302,5.662402578195408,0.0
CCC1OC(=O)C(C)C(OC2CC(C)(OC)C(O)C(C)O2)C(C)C(OC2OC(C)CC(N(C)C)C2O)C(C)(O)CC(C)C2NC(COCCOC)OC(C2C)C1(C)O,1,14.506321325735923,14.506321325735923,0.13722922294889472,-1.6377890455858317,96.14398915686911,25.220646763434644,0.0,55.89280697165795,19.634585551951847,0.0,7.109797541277533,41.72848353973065,53.61393969465797,5.316788604006331,42.63176658420044,55.73093396561912,0.0,16.443904021440158,51.54043722129019,-4.273812868665385,-2.9534109616051287,-0.5931182968627877,-8.2931950552039,19.08013983873954,6.901455468581511
Cc1cc(Nc2cc(CN3CCOCC3)c3nc(C)c(Cc4ccc(Cl)cc4F)n3n2)[nH]n1,0,14.55511405150516,14.55511405150516,0.3401806150732918,-0.3401806150732918,0.0,4.39041504767482,0.0,5.817220841045894,36.038533135225194,53.744544692582856,6.06636706846161,12.13273413692322,30.495606429920088,20.414061951458883,26.420463173280808,21.87520529930925,5.938252120922528,7.159099994294047,15.612581673620125,4.882086980168391,1.065785072127515,8.667681042534557,0.35378524712354076,7.723300347677823,0.0
CCC(C)n1ncn(-c2ccc(N3CCN(c4ccc(OCC5COC(Cn6cncn6)(c6ccc(Cl)cc6Cl)O5)cc4)CC3)cc2)c1=O,1,12.801515820728525,12.801515820728525,0.06447939702238248,-1.1585013349296522,5.7871111525705965,4.794537184071822,0.0,24.380307021012314,28.822482048205487,55.4115179039109,11.009123009909725,34.03627686938884,44.179309741689295,49.24662987309668,37.41246864186518,23.656891928744855,12.73959322120534,21.589064250528764,9.50482828370203,3.6420225064515117,-0.4101879101813043,21.58128923511254,5.18787381189661,8.480846894761878,0.0
O=C(Nc1nc2cccc(-c3ccc(CN4CCS(=O)(=O)CC4)cc3)n2n1)C1CC1,0,12.005389547480672,12.005389547480672,0.011739121227271498,-2.8621224603726425,9.837253136417502,13.212334168400758,0.0,23.330792989006476,24.685029313579374,36.20723063000705,0.0,4.5153978936156225,30.33183534230805,32.432092801028276,0.0,24.92521298409207,0.0,18.59486047834195,7.279357851689027,3.7050710844228796,0.8887362107547727,13.950861230089085,1.869135387309404,1.8988872336734546,-2.8621224603726425
CCC(CO)Nc1nc(NCc2ccccc2)c2ncn(C(C)C)c2n1,0,9.47354680793891,9.47354680793891,0.0358302136409101,-0.07884743686781981,0.0,5.106527394840706,0.0,18.69056362280884,18.3109584647341,17.58469956131,5.563451491696996,6.3273200747645415,29.689938052866808,51.56572130715874,0.0,2.0235997732426303,0.0,13.750000629881583,16.0616615723632,2.691610344755187,1.185099626270261,10.319276288126881,2.582295475671648,6.8864562896886135,0.0
CC/C=C\C/C=C\C/C=C\C/C=C\C/C=C\C/C=C\CCC(=O)O,0,10.315720348316244,10.315720348316244,0.2104826690369883,-0.7411769193175382,5.9693052879518484,4.794537184071822,0.0,6.4208216229260096,6.4208216229260096,38.524929737556064,0.0,0.0,12.152040213667762,67.68393826802944,5.106527394840706,0.0,0.0,10.315720348316244,8.491110833614133,0.0,-0.7411769193175382,0.0,32.45372728886642,2.147285115187405,0.0
CC(=O)C1CCC2C3CC=C4CC(O)CCC4(C)C3CCC12C,0,12.153604928229072,12.153604928229072,0.11730995936916777,-0.11730995936916777,0.0,9.901064578912528,0.0,11.518956857145081,17.116141461923114,43.43700463018821,25.683286491704038,5.5731045300692665,6.923737199690624,19.92349450621513,0.0,0.0,0.0,12.153604928229072,10.067304940379886,2.113830323024272,3.0044469702609136,0.0,11.458580509472691,6.702232328633167,0.0
Cc1cccc(Nc2ccccc2C(=O)O)c1C,1,11.123831884605693,11.123831884605693,0.27630196523053674,-0.9274017384731665,5.9693052879518484,4.794537184071822,0.0,5.563451491696996,5.687386274683562,11.250837766380558,5.563451491696996,18.19910120538483,38.112942673227685,5.316788604006331,5.106527394840706,0.0,0.0,11.123831884605693,12.30968994079113,4.116948223733939,-0.9274017384731665,12.830641061980346,0.0,4.0462906273620565,0.0
COc1cc2ncnc(Nc3cccc(Cl)c3)c2cc1OC,0,6.007271996748908,6.007271996748908,0.6240223013073545,0.6240223013073545,0.0,0.0,0.0,0.0,22.339519758144164,16.59031120676462,6.3273200747645415,14.219595082555067,36.39820241076966,15.284745645900745,21.074665797832616,10.634140223135983,6.007271996748908,8.573391107471796,4.733244512438686,1.610613845846981,1.9255271933876437,11.104411625820957,1.5011210317460317,0.0,3.1880562411807905
CCC1OC(=O)C(C)C(OC2CC(C)(OC)C(O)C(C)O2)C(C)C(OC2OC(C)CC(N(C)C)C2O)C(C)(O)CC(C)C(=O)C(C)C(O)C1(C)O,0,14.07322487429698,14.07322487429698,0.09355494927284203,-1.9944057547695055,107.53514502482197,35.12171134234717,0.0,31.40827208567429,6.4208216229260096,0.0,27.881009140349406,41.54242319814374,25.918990895895483,0.0,28.421177722800294,37.053620667495466,0.0,29.75921155686774,57.610189695505454,-4.839054123328079,-4.976776577237158,-0.32375479730260404,-9.707663812251559,16.331179639911554,5.176381083672508
COC(=O)CCC(=O)CN,0,10.499401927437642,10.499401927437642,0.0029818594104309426,-0.3733333333333333,0.0,9.589074368143644,0.0,31.13894988608138,0.0,0.0,7.109797541277533,0.0,0.0,4.736862953800049,5.733667477162185,4.31312925170068,0.0,20.916320861678003,0.0,4.998053665910809,-0.4933333333333332,0.0,0.315185185185185,-0.0029818594104309426,1.2869595616024188
Nc1ccc(O)c(C(=O)O)c1,1,10.358425925925927,10.358425925925927,0.1759259259259256,-1.18537037037037,5.9693052879518484,4.794537184071822,0.0,11.3129633249809,5.687386274683562,0.0,18.19910120538483,0.0,0.0,0.0,15.946722266843596,0.0,0.0,10.358425925925927,17.443518518518516,5.434537037037038,-1.4569444444444437,3.8871296296296296,0.0,0.0,0.0
CCCC(C(=O)N=C1C(=O)N2C(C(=O)OCOC(=O)C(C)(C)C)=C(COC(N)=O)CS[C@H]12)c1csc(N)n1,0,13.100884196704904,13.100884196704904,0.024412448238655626,-1.0658567265479448,53.34592174017186,23.97268592035911,0.0,29.34156441715551,23.667129720539812,4.899909730850477,23.09867082732585,26.151274369537788,6.923737199690624,9.976383253582876,25.67792381572452,14.894487524273087,2.416451607306046,71.61226637660938,1.264349032363302,10.494439668381398,-3.285986915152559,0.0,0.0795287993459528,5.774463906873388,0.0
O=C(O)CCCN1CCC(OC(c2ccc(Cl)cc2)c2ccccn2)CC1,0,10.652101618074013,10.652101618074013,0.15593327454438533,-0.7274197071808473,5.9693052879518484,4.794537184071822,0.0,18.628754398422615,11.443454936667337,43.7332919501352,0.0,6.196843571613076,42.46456947923127,9.883888251797686,21.44433023887327,6.468061749391115,6.032778150193796,17.46373662582166,9.467080927922153,1.935831496178719,-0.7274197071808473,13.589204621553984,4.521165283745619,2.694005296818248,0.0
C[N+](C)(C)CCOP(=O)([O-])OCC(O)CO,0,11.120419501133787,11.120419501133787,0.013390888762912612,-4.376759259259259,27.140427439906308,9.458459887683805,0.0,6.606881964512918,11.027787263607198,0.0,0.0,0.0,21.143015948031568,9.047494323423635,10.213054789681411,20.616664068405143,0.0,11.120419501133787,17.331592456465295,0.0,0.0,0.0,-1.2182663296800207,-0.5295889235323755,1.3180681160970664
CC12C=CC(=O)C=C1CCC1C2C(=O)CC2(C)C1CCC2(O)C(=O)CO,0,13.285741213151928,13.285741213151928,0.02055021425083603,-1.6225814384395734,28.821158660655104,24.596666341896878,0.0,35.74102965414007,12.841643245852019,18.414747775921285,0.0,12.152040213667762,19.92349450621513,0.0,0.0,0.0,0.0,37.392634627008604,20.462542781720167,-1.8621867257705544,-0.5901749787827069,0.0,7.823372282529478,3.190478679961679,0.0
O=C1C2CCN(CC2)C1(CO)CO,0,11.809351851851853,11.809351851851853,0.03703703703703787,-0.957175925925926,5.538925252383345,15.007591973753234,0.0,24.91491492155217,0.0,25.93115605767717,0.0,0.0,4.899909730850477,0.0,0.0,0.0,0.0,13.735277777777778,18.423055555555557,-0.957175925925926,0.11046296296296365,0.0,1.7789351851851851,1.1594444444444445,0.0
CCNC(=O)C1CCCN1C(=O)C(CCCN=C(N)N)NC(=O)C(CC(C)C)NC(=O)C(CC(C)C)NC(=O)C(Cc1ccc(O)cc1)NC(=O)C(CO)NC(=O)C(Cc1c[nH]c2ccccc12)NC(=O)C(Cc1c[nH]cn1)NC(=O)C1CCC(=O)N1,0,14.687112488872206,14.687112488872206,0.039469968947772216,-1.752161121402126,108.24088726165662,58.158426630399624,0.0,106.2361453712128,41.593454844471836,5.516700717616262,41.689541651074535,45.16715637606978,19.913841467842857,67.79543773153426,11.46733495432437,0.0,0.0,155.25111607750145,45.86341923934221,13.22652705178411,-7.566771502408432,1.5606991485557573,5.843342465535737,8.821667519689171,0.0
NS(=O)(=O)c1cc2c(cc1Cl)NCNS2(=O)=O,1,11.633653628117914,11.633653628117914,0.014269731040564393,-4.0691038359788365,24.942065782332943,16.835593968657875,0.0,22.274194252841806,0.0,6.06636706846161,6.06636706846161,0.0,0.0,10.038883468458419,16.73991362784046,47.87880810657597,5.7245570357772735,-0.6211419753086411,7.529964332955405,0.23717592592592607,0.0,2.1493209876543213,0.0,0.014269731040564393,-7.8018430335097
CCCCNC(=O)NS(=O)(=O)c1ccc(C)cc1,0,11.814636794532628,11.814636794532628,0.08216807865121378,-3.7754522156084644,16.054405665745655,13.212334168400758,0.0,4.895483475517775,6.544756405912575,18.405094737549014,12.13273413692322,12.13273413692322,18.569569263833337,5.316788604006331,0.0,25.602366937515747,0.0,11.454532811581423,2.4916157249937014,0.9595808569703774,0.0,5.615910651297557,1.7529676981367999,4.315144201779528,-3.7754522156084644
c1ccc2c(Cc3c[nH]c4ccccc34)c[nH]c2c1,0,3.338453168304359,3.338453168304359,0.9524074074074074,0.9524074074074074,0.0,0.0,0.0,0.0,0.0,6.4208216229260096,32.9327528475561,0.0,0.0,70.89258073281346,0.0,0.0,0.0,6.676906336608718,2.6255205971277404,5.106841353825482,0.0,16.903324305030655,5.187407407407408,0.0,0.0
CC(=O)O[C@@]12CO[C@@H]1C[C@@H](O)[C@@]1(C)C(=O)C(=O)C3C(C)[C@@H](O)C[C@@](O)([C@@H](OC(=O)c4ccccc4)[C@H]21)C3(C)C,0,14.21998838232875,14.21998838232875,0.10781908577633681,-2.068780352418746,87.7067667188719,34.4977309208094,0.0,25.011976702061933,0.0,0.0,25.980208536304467,38.9703128044567,0.0,0.0,14.210588861400147,17.676336314816204,0.0,54.18373804624007,35.17433019815416,-6.753519122155034,-6.471086287399869,8.061090932668087,-5.479529844153764,7.2753064284968145,0.0
Oc1c(Cl)cc(Cl)cc1Sc1cc(Cl)cc(Cl)c1O,1,9.853784328546233,9.853784328546233,0.11892164273116612,-0.11892164273116634,0.0,10.213054789681411,0.0,21.544290294050462,19.836233578518204,11.761884949391115,24.26546827384644,0.0,0.0,0.0,46.40375956093006,0.0,24.444529548444887,0.7891358024691362,20.70854938271605,0.0,-0.23784328546233247,5.906739662943366,0.0,0.0,0.0
CCN=C1Nc2ccc(Cl)cc2C(C)(c2ccccc2)O1,1,6.175371980067746,6.175371980067746,0.5404402872260017,-0.6103703703703705,5.601050810983688,0.0,0.0,0.0,17.58906984699808,16.814289258077554,0.0,0.0,50.245676810150904,22.44192747356522,16.337802844032566,6.1620987654320984,6.175371980067746,4.376221655328798,3.9110244499034184,2.444514676240867,0.0,16.43581071883486,0.0,4.689402198636657,0.0
CCC(c1ccc(O)cc1)C(CC)c1ccc(O)cc1,0,9.426741668774948,9.426741668774948,0.3067453294193918,0.3067453294193918,0.0,10.213054789681411,0.0,0.0,23.3348357588906,12.841643245852019,11.126902983393991,24.26546827384644,24.26546827384644,13.847474399381248,0.0,0.0,0.0,0.0,18.853483337549896,2.5096759259259267,1.4563478016959264,15.032170781893003,2.0915839947089947,4.390071491559587,0.0
C/C=C1\[C@H]2C=C(C)C[C@]1(N)c1ccc(=O)[nH]c1C2,0,11.454454050138573,11.454454050138573,0.04161753590324979,-0.43449074074074057,5.538925252383345,4.794537184071822,0.0,5.559266895052007,5.917906046161393,24.099022732397476,11.146209060138533,6.06636706846161,6.06636706846161,30.983493133996216,5.733667477162185,0.0,0.0,14.403450176366842,0.0,10.908731103552533,0.3326851851851851,3.4734027777777774,6.111058673469387,4.187338750314941,0.0
CCC(C(=O)N1CCCCC1C(=O)O[C@@H](CCc1ccc(OC)c(OC)c1)c1cccc(OCC(=O)NCCNC(=O)COc2cccc([C@@H](CCc3ccc(OC)c(OC)c3)OC(=O)C3CCCCN3C(=O)C(CC)c3cc(OC)c(OC)c(OC)c3)c2)c1)c1cc(OC)c(OC)c(OC)c1,0,14.659015961999753,14.659015961999753,0.07045378077401643,-0.8597436939594452,59.88039656072201,28.76722310443093,0.0,38.117636199554,181.38732025313223,11.126902983393991,42.65878524766519,98.90268031142722,62.37841094707413,10.633577208012662,66.31608135320069,80.67576149804259,0.0,88.34379028598889,5.54727028655086,4.344237726878668,1.68493601228759,30.542644563408658,4.541631576876777,3.970315353497101,15.349412696468905
CC(=O)C(C#N)C(=O)Nc1ccc(C(F)(F)F)cc1,0,12.295696565306052,12.295696565306052,0.08287037037037082,-4.461197588603342,29.348080731018307,22.760319511168106,0.0,5.687386274683562,0.0,31.18920547353706,6.069221312792274,0.0,0.0,5.316788604006331,5.261891554738487,36.88708969591816,0.0,22.450439523407823,10.818543629624077,-0.7699999212648021,-2.968552781452088,5.210128102166792,-4.461197588603342,1.0835493402033805,0.0
CN(C)c1nc(N(C)C)nc(N(C)C)n1,0,4.317777777777778,4.317777777777778,0.6642592592592593,0.6642592592592593,0.0,0.0,0.0,0.0,17.845017842959482,0.0,0.0,0.0,56.98576108861456,14.951935562841623,0.0,0.0,0.0,18.541666666666664,0.0,0.0,1.9927777777777784,0.0,0.0,0.0,11.465555555555557
CC(C)(C)C[C@@H]1NC(C(=O)N[C@H]2CC[C@H](O)CC2)[C@H](c2cccc(Cl)c2F)[C@]12C(=O)Nc1cc(Cl)ccc12,0,15.788445197287412,15.788445197287412,0.06288670033236188,-1.2743154499454104,29.233799014899986,14.69560176298435,4.39041504767482,39.96124195043437,48.37757919475193,0.0,6.06636706846161,24.26546827384644,6.06636706846161,36.72157741109086,23.20187978046503,15.788445197287412,12.526526992210208,28.082593220305164,19.933431193714554,-0.00277635074750493,-2.0884696201287696,8.501543232329471,2.7496225406806136,6.231305816571072,0.0
CNCCCN1c2ccccc2CCc2ccccc21,0,3.2441748551272362,3.2441748551272362,1.0563827475434617,1.0563827475434617,0.0,0.0,0.0,0.0,0.0,32.351977680603184,22.501675532761116,0.0,7.04767198267719,58.74763488254968,0.0,0.0,0.0,2.4950462962962963,3.2441748551272362,5.697612433862435,0.0,17.669697499370116,3.4212276392038294,2.1207345993953135,2.018173343411439
CO[C@H]1CC[C@H](N2C(=O)CNc3ncc(-c4ccc(C(C)(C)O)nc4)nc32)CC1,1,12.734448649945133,12.734448649945133,0.01418505556492633,-1.0057103044998827,5.601050810983688,9.901064578912528,0.0,24.597743352160343,23.02358154536698,31.246737983401033,0.0,39.41732615234655,10.966276799312087,15.284745645900745,9.720841474747257,5.465013024068725,0.0,28.174913369607054,13.172232394053317,1.0086694289297595,1.2173954963770537,3.7518843319645985,7.26479907076824,3.6204562917570042,1.7413032591409077
CN1CCN(c2c(F)cc3c(=O)c(C(=O)O)cn4c3c2OCN4C)CC1,0,14.970047713529853,14.970047713529853,0.0016921243806164998,-1.3419960760806713,22.77876801259528,19.086016810659167,0.0,17.866552795248186,24.293599804124977,19.15587988028676,6.196843571613076,16.732686947527128,11.947581713527667,4.899909730850477,4.736862953800049,22.302337254346178,0.0,28.021585651150115,10.935050279315217,-0.39289087535840683,-1.629508358771524,1.1252777777777776,1.2685378873771729,2.9886070075540667,3.7143367099427356
CC(=O)C1CC[C@H]2[C@@H]3CC[C@H]4C[C@H](O)CC[C@]4(C)[C@H]3CC[C@]12C,0,12.16553265456652,12.16553265456652,0.04902292233213057,-0.04902292233213057,0.0,9.901064578912528,0.0,11.518956857145081,17.116141461923114,42.9340890534236,38.524929737556064,0.0,6.923737199690624,13.847474399381248,0.0,0.0,0.0,12.16553265456652,10.10813827371322,0.7382581805870497,3.967646558738279,0.0,10.883952297076622,6.803138701984977,0.0
C=c1c(CCC(=O)O)c(C)[nH]c1=Cc1c(O)[nH]c2ccccc12,0,10.773808452498999,10.773808452498999,0.06844120228950668,-0.8288864370357871,5.9693052879518484,9.901064578912528,0.0,12.30080995936138,11.984273114623004,32.72808087298772,0.0,0.0,37.265225580370945,16.546892725492913,5.106527394840706,0.0,0.0,16.945250069243645,21.462328930815097,3.368136747595172,-0.7270910383207454,7.643843952322904,2.344208949203087,5.963322389140841,0.0
CC(C)C1CCC(C(=O)NC(Cc2ccccc2)C(=O)O)CC1,0,12.405252582514485,12.405252582514485,0.03923763332493557,-0.9740097736625508,12.011146117099809,14.69560176298435,0.0,11.8250857755129,18.256633715248796,31.246737983401033,0.0,0.0,30.33183534230805,19.16426300338758,0.0,0.0,0.0,23.854020079514306,12.122181252156,0.9201073796266799,0.23493463300229456,8.566093251534339,4.180870893493097,4.455125844006616,0.0
Clc1ccc(C(Cn2ccnc2)OCc2csc3c(Cl)cccc23)c(Cl)c1,0,6.4361816621863515,6.4361816621863515,0.23786958301839278,-0.23786958301839278,0.0,0.0,0.0,6.103966387748303,23.196904997908145,26.235680428069216,0.0,29.927316592773963,35.02941149325087,16.430408359874733,39.5396826244976,9.349714371766291,20.404041004683506,4.106409071995292,5.165616556029617,2.0051401136586327,0.0,11.403731555748681,5.173641388084329,1.0583726047003166,0.0
CCCC(=O)O,1,9.599305555555556,9.599305555555556,0.2916666666666665,-0.7106481481481481,5.9693052879518484,4.794537184071822,0.0,0.0,6.4208216229260096,6.4208216229260096,0.0,0.0,6.923737199690624,0.0,5.106527394840706,0.0,0.0,9.599305555555556,7.913472222222222,0.0,-0.7106481481481481,0.0,1.023148148148148,1.841388888888889,0.0
Nc1c(Br)cc(Br)cc1CNC1CCC(O)CC1,0,9.46892480818978,9.46892480818978,0.10357998446292127,-0.10357998446292127,0.0,5.106527394840706,0.0,6.103966387748303,6.041840829147961,52.42431969566201,0.0,0.0,12.13273413692322,37.17667639990503,5.733667477162185,1.9510951541110273,6.92953621975267,0.0,12.989850734115706,7.9339590157050495,0.0,4.491818849440603,3.7685860208280837,0.7684873393801965,0.0
CN(C)C(=O)c1cc2cnc(Nc3ccc(N4CCNCC4)cn3)nc2n1C1CCCC1,0,12.853349404985364,12.853349404985364,0.005020978659562747,-0.005020978659562747,0.0,4.794537184071822,0.0,5.907179729351506,23.501970882817947,55.74145657941841,12.841643245852019,25.192097267817932,18.3295777085363,36.13491069701052,4.983978520947208,2.1234573904448473,0.0,30.648067316938725,7.482140406643763,2.605792617434448,1.1828677370118914,6.251694992332688,8.177035839835158,3.958734201390538,3.570209497967942
O=C(c1ccc(OCCN2CCCCC2)cc1)c1c(-c2ccc(O)cc2)sc2cc(O)ccc12,0,13.646561069128605,13.646561069128605,0.08344303011736254,-0.08344303011736254,0.0,15.007591973753234,0.0,17.28226861293275,17.73378494790691,45.910523867353824,30.599250746712762,42.46456947923127,24.26546827384644,4.899909730850477,4.736862953800049,6.756609636955957,1.4559404030900933,16.895255192122907,20.439537824901226,2.027913427306292,1.0089033553793176,19.219441906935813,3.848741393113941,3.847656860194453,0.0
Cc1onc(-c2ccccc2)c1-c1ccc(S(N)(=O)=O)cc1,0,11.332949070863933,11.332949070863933,0.07557245737801321,-3.6998676248761924,10.023291153407584,8.417796984328938,0.0,4.895483475517775,5.7602474188744415,22.384282469939446,12.13273413692322,12.13273413692322,37.255572541998674,5.156663257125445,9.66206867458129,27.9749380840937,0.0,0.07557245737801321,9.233335957080772,3.3226860906399605,0.6687117346938775,16.019504607679213,0.0,1.8217853599773242,-3.6998676248761924
CC(NC(C)(C)C)C(=O)c1cccc(Cl)c1,0,12.053441358024692,12.053441358024692,0.06706018518518553,-0.20975308641975343,0.0,4.794537184071822,0.0,17.364011027896243,10.586084805438322,0.0,0.0,24.26546827384644,27.694948798762496,5.316788604006331,11.600939890232516,0.0,5.85407392972621,12.053441358024692,3.835665627362056,0.5740261243386244,0.06706018518518553,6.83126523526077,0.0,7.9789119845469045,0.0
O=C(O)C=Cc1ccccc1,1,10.085817743764173,10.085817743764173,0.8980555555555558,-0.9223582766439902,5.9693052879518484,4.794537184071822,0.0,0.0,0.0,11.639471598530877,0.0,6.076020106833881,30.33183534230805,0.0,5.106527394840706,0.0,0.0,10.085817743764173,8.287987528344672,0.8980555555555558,-0.9223582766439902,9.305590041572184,2.6782407407407405,0.0,0.0
CCOC(=O)OC1(C(=O)OCCl)CCC2C3CC=C4CC(=O)C=CC4(C)C3C(O)CC21C,0,13.179344217899637,13.179344217899637,0.008199168556310754,-1.5753707902914251,34.65966905501615,19.490138947056174,0.0,49.051552081771305,19.26246486877803,5.5731045300692665,0.0,12.999757306524504,12.999757306524504,12.999757306524504,25.811528751632665,15.880436288326436,5.693783094461709,37.544946927187,11.472122053553932,-1.780548645511668,-0.6393410837385685,-0.3560369653563962,6.279563476131935,5.766185966056732,0.0
C#CC1(O)C=CC2C3CC=C4CC(=O)CCC4C3CCC21CC,0,11.774687306090172,11.774687306090172,0.18179937484252973,-1.0794554936171998,5.601050810983688,9.901064578912528,0.0,5.414990469396779,35.87569075393652,38.524929737556064,5.5731045300692665,0.0,6.076020106833881,24.99621173221403,6.423349895620259,0.0,0.0,11.774687306090172,11.020145637341255,0.14215864355001284,5.314163335386956,0.0,18.742885251973455,2.172626492324815,0.0
CCOC(=O)N1c2ccc(C(F)(F)F)cc2C(N(Cc2cc(C(F)(F)F)cc(C(F)(F)F)c2)C(=O)OC)CC1CC,0,13.665770324135671,13.665770324135671,0.05899354900617504,-5.168055369484982,71.59761972520374,49.10280979721703,0.0,36.76573004520711,24.26546827384644,22.9759840714401,6.923737199690624,6.923737199690624,0.0,0.0,9.473725907600098,131.54166915483086,0.0,27.583074909359453,0.0,-5.277223573925257,0.0,1.0634600343788707,-17.289510637924295,2.2250481033837612,0.9034820098966021
COc1ccc(C2(C#N)CCC(C(=O)O)CC2)cc1OC1CCCC1,0,11.201714362464514,11.201714362464514,0.21290034310326456,-0.7578458574787936,11.384295757348628,15.162956133651013,0.0,12.021872433909696,37.18231015827185,18.405094737549014,12.841643245852019,7.109797541277533,18.19910120538483,6.069221312792274,9.473725907600098,11.576558505327444,0.0,11.201714362464514,19.05598536083027,0.2769186980347702,0.28268874692260404,8.178606938145627,6.891176337179395,0.0,1.6196843844287026
COC(C(=O)N1Cc2[nH]nc(NC(=O)c3ccc(N4CCN(C)CC4)cc3)c2C1)c1ccccc1,0,13.151492693142131,13.151492693142131,0.12493354322242456,-0.6759034678171767,6.103966387748303,9.589074368143644,0.0,11.814359458703011,24.470827081357175,48.68724287657631,7.109797541277533,4.899909730850477,54.59730361615449,32.36164366498655,4.736862953800049,5.504670928080003,0.0,32.417808151955455,10.156503345107623,4.136614179008436,0.10208481079809406,17.096779626130132,-0.6759034678171767,4.763410483767981,3.664698609636119
CCOC(N)=O,1,9.599305555555556,9.599305555555556,0.3564814814814814,-0.7106481481481481,6.093240070938415,4.794537184071822,0.0,0.0,6.606881964512918,0.0,0.0,6.923737199690624,0.0,10.470530430962235,0.0,4.180555555555555,0.0,9.599305555555556,0.0,4.541805555555555,0.0,0.0,-0.7106481481481481,2.055648148148148,0.0
C[N+](C)(C)CCOC(=O)CCC(=O)OCC[N+](C)(C)C,0,11.426372748173343,11.426372748173343,0.08368173658352229,-0.3453679295792387,0.0,9.589074368143644,0.0,24.780253821755714,13.213763929025836,22.055574527214397,0.0,0.0,42.286031896063136,0.0,9.473725907600098,11.596481482413258,0.0,22.852745496346685,0.0,0.0,-0.6907358591584769,0.0,0.1673634731670448,2.2471657007614794,12.160313039803341
COc1ccc2cc(C(C)C(=O)O)ccc2c1,0,10.916244733634706,10.916244733634706,0.48472067376333317,-0.8075354833291335,11.887211334113243,4.794537184071822,0.0,0.0,0.0,22.085411753910492,0.0,14.033534740968157,36.39820241076966,0.0,9.843390348640755,5.144088062694214,0.0,10.916244733634706,11.041057872235722,0.814969293272865,-0.4899107405307801,11.425672713529858,0.0,1.687523148148148,1.627021583681937
NC(=O)C1CCCc2c1[nH]c1ccc(Cl)cc21,0,11.436992297947985,11.436992297947985,0.1759948979591841,-0.24666383219954602,0.0,4.794537184071822,0.0,11.8250857755129,0.0,40.88195110944887,5.563451491696996,0.0,18.19910120538483,4.983978520947208,17.3346073673947,0.0,6.011497814660843,14.752192915231936,1.8462485827664403,8.676642083788249,-0.4226587301587301,5.758680240614765,2.8218415375409425,0.0,0.0
CC(C)NCC(O)c1ccc(NS(C)(=O)=O)cc1,0,11.02640851802919,11.02640851802919,0.31094838085729126,-3.2565820625515784,16.127257541155885,13.524324379169643,0.0,0.0,18.2739835097441,11.819220675208399,0.0,24.26546827384644,13.847474399381248,10.038883468458419,0.0,24.42527399415026,0.0,0.0,13.026777066536491,1.2430275783152773,0.0,6.995798154099922,0.5020040359271951,4.480367900189103,-3.2565820625515784
O=C(CCCCCCC(O)=NO)Nc1ccccc1,0,11.596414631828143,11.596414631828143,0.01941473502981461,-0.2344253181225926,0.0,4.794537184071822,0.0,11.804925073709118,12.841643245852019,31.3706727663876,0.0,0.0,30.33183534230805,10.47250133075687,10.313780419617995,0.0,0.0,11.596414631828143,22.656633042447957,0.8162774807530402,-0.21501058309277798,9.375162568654597,4.270522859409043,0.0,0.0
CC(C)(C)c1cc(NC(=O)Nc2ccc(-c3cn4c(n3)sc3cc(OCCN5CCOCC5)ccc34)cc2)no1,1,12.423820596120105,12.423820596120105,0.18682460191448258,-0.3889552934364324,0.0,4.794537184071822,0.0,11.446104981734852,23.87237843590595,65.0324180234503,0.0,17.403152946396347,57.299890512992995,37.2235789391736,18.980799365520653,19.98275619751595,1.6344559815352302,20.547637226866264,9.453132023709477,3.398186531078668,1.944433560202267,15.11744559252134,2.041316019696285,11.130636866874518,0.0
CC(=O)OCC(=O)C1CCC2C3CC=C4CC(=O)CCC4(C)C3CCC12C,0,12.770433440625766,12.770433440625766,0.022144694297471235,-0.3782631971904149,0.0,14.383611552215466,0.0,35.107319183784654,29.957784707775126,44.94575136048208,12.49684172975989,0.0,0.0,19.92349450621513,4.736862953800049,5.014291527895736,0.0,35.83851211900335,0.0,1.6035655066217391,1.9799850204659468,0.0,10.07185924475798,5.991786581255254,0.0
CC(C)(C)Cn1c(N)nc2ccc(-c3[nH]c(C(C)(C)C)nc3-c3ccc(F)cc3)nc21,0,13.514758914799604,13.514758914799604,0.01993898220976642,-0.2796459540753957,0.0,4.39041504767482,0.0,16.647201779839452,12.49309568689907,39.6335179126263,12.13273413692322,12.13273413692322,16.699833784714574,51.51038024003816,15.701624519056601,15.470551129814627,0.0,17.724034487513247,0.0,10.630346201352815,1.0117978657364797,10.214893086277465,0.0,13.448377229305365,0.0
CC1CC2C3CC=C4CC(=O)C=CC4(C)C3(F)C(O)CC2(C)C1(O)C(=O)CO,0,16.85906328735198,16.85906328735198,0.06755645313681047,-1.980464025888133,52.42969695947186,24.90865655266576,4.39041504767482,24.542794238378352,18.414747775921285,0.0,6.076020106833881,26.847231705905752,6.076020106833881,0.0,0.0,16.85906328735198,0.0,24.413119592229773,31.95737020555395,-5.184988006004872,-2.0884078722487365,0.0,4.410609912340612,4.466566214110632,0.0
CNCCC=C1c2ccccc2CCc2ccccc21,1,3.2262581884605694,3.2262581884605694,1.0216605253212394,1.0216605253212394,0.0,0.0,0.0,0.0,0.0,25.807221274690605,27.82691049685725,0.0,7.04767198267719,59.92374525853309,0.0,0.0,0.0,0.0,3.2262581884605694,7.17117724867725,0.0,17.683493795666415,5.7233109725371625,1.0216605253212394,2.007432602670698
COc1cc2ncnc(Oc3cccc(NC(=O)Nc4cc(C(C)(C)C(F)(F)F)on4)c3)c2cc1OC,0,13.211680403127165,13.211680403127165,0.17216629985205145,-4.556845187320398,23.382650918052764,17.96578232709628,0.0,11.6978511142704,33.83884670661634,19.913841467842857,26.61328222578122,30.33183534230805,0.0,25.75819750703252,18.733683798373495,60.99473953045423,0.0,20.81701772178303,8.974497235695724,-1.3689785154956988,0.9571438464960107,10.080211306584522,-3.218180930745233,1.9093304377164206,3.020886034177656
Nc1ncnc2c1ncn2C1OC(CO)CC1O,1,9.931665249433106,9.931665249433106,0.12766597379692612,-0.7122779667422525,12.331867558483172,5.106527394840706,0.0,18.528711130096248,17.58469956131,0.0,12.654640149529083,4.567099647791355,0.0,14.951935562841623,15.57705782580294,7.141805555555556,0.0,12.039999291383221,18.9815352313765,6.663754645376669,0.2823564132443106,0.0,1.5182148368606694,-0.12766597379692612,0.0
Nc1cccc2c1C(=O)N(C1CCC(=O)NC1=O)C2=O,0,12.314491685563112,12.314491685563112,0.0965218726379442,-0.958796296296297,29.67055974655398,19.178148736287287,0.0,29.655932503929574,0.0,4.899909730850477,12.13273413692322,6.06636706846161,0.0,5.316788604006331,5.733667477162185,0.0,0.0,48.41501107541781,2.1335187547241117,6.244130291005293,-2.1656495653817074,3.6415072541362212,0.23148219009826176,0.0,0.0
CCOC(=O)c1cncn1C(C)c1ccccc1,0,11.779328546233309,11.779328546233309,0.049172335600906614,-0.3353878495842777,0.0,4.794537184071822,0.0,12.011146117099809,12.300809959361379,5.563451491696996,6.196843571613076,13.251057274455166,41.822672189790026,4.983978520947208,4.736862953800049,6.8399050453514745,0.0,15.813492850844042,0.0,1.6057884542705974,-0.3353878495842777,10.030510519022425,3.195787037037037,4.183237276392038,0.0
CC(C)CC(NC(=O)C(Cc1ccc2ccccc2c1)NC(=O)C(Cc1ccc(O)cc1)NC(=O)C(CO)NC(=O)C(Cc1c[nH]c2ccccc12)NC(=O)C(Cc1c[nH]cn1)NC(=O)C1CCC(=O)N1)C(=O)NC(CCCN=C(N)N)C(=O)N1CCCC1C(=O)NCC(N)=O,0,15.118618555253517,15.118618555253517,0.007734088768852843,-1.8008392760237804,126.60000312627221,53.3638894463278,9.589074368143644,100.83188121862591,39.70802902494651,10.772448428929591,41.689541651074535,50.376153313302375,36.39820241076966,67.79543773153428,17.201002431486554,0.0,0.0,169.05085495690852,47.53454879938076,19.04540684470938,-9.027921331170278,13.469562273938303,4.926240075920134,2.33464171364655,0.0
CN=C(C[N+](=O)[O-])NCCSCc1ccc(CN(C)C)o1,0,10.384825964006055,10.384825964006055,0.25670033877565945,-0.3912679440335465,4.923311048817671,10.114318268765572,0.0,6.544756405912575,12.380376191669844,29.570958457155037,0.0,18.809556932068304,26.2280781022776,15.209103067492478,4.417150937053347,5.699983621126749,1.7152125850340134,15.896056342053019,13.353380172343812,0.0,3.946424533158841,3.9841287772506204,0.0,1.1876254341028107,5.550521868263466
Cc1ccc2c(=O)c3cccc(CC(=O)O)c3oc2c1C,0,12.582064909297051,12.582064909297051,0.12352891156462564,-0.9525832493491222,5.9693052879518484,9.589074368143644,0.0,11.849612014826551,27.501940203911076,11.126902983393991,0.0,24.26546827384644,19.913841467842857,0.0,9.523678331894054,5.907314814814814,0.0,23.544241360124296,9.934704795498448,3.217849479297893,-0.9525832493491222,8.676826630343495,-0.16999007936507926,3.8416362486352567,0.0
CON=C(C(=O)NC1C(=O)N2C(C(=O)O)=CCS[C@H]12)c1csc(N)n1,0,12.472505826404635,12.472505826404635,0.07193901236650135,-1.1777690626806787,29.199378388771557,14.383611552215466,0.0,22.234210790514332,5.752853606746789,16.23669560878521,24.947702597502527,5.380062770465915,0.0,20.29406843544071,10.84019487200289,0.0,2.4940463067943224,45.71954194566781,16.67832739200049,5.601551627419615,-1.890439200767032,-0.8485289115646257,1.467565610929608,0.0,1.2779352295198256
Cc1cn(-c2cc(NC(=O)c3ccc(C)c(Nc4nccc(-c5cnccn5)n4)c3)cc(C(F)(F)F)c2)cn1,0,13.605258789738006,13.605258789738006,0.00808580569375339,-4.605226698129854,17.646929738491977,17.96578232709628,0.0,22.886563322050616,22.769170259228947,17.696185628620217,16.960786791017505,62.17342333160244,6.923737199690624,35.5534698127487,0.0,42.27736032329507,0.0,34.1247313230662,5.675898579558045,2.6621389870561183,-0.30896098576758124,9.921374853620195,4.665717479282027,3.5650727732232506,0.0
Nc1ccc(S(N)(=O)=O)cc1,0,10.681131897203326,10.681131897203326,0.07564814814814835,-3.575138888888888,10.023291153407584,8.417796984328938,0.0,4.895483475517775,5.687386274683562,0.0,24.26546827384644,0.0,0.0,0.0,10.872641214770127,21.36226379440665,0.0,0.07564814814814835,4.838240740740741,5.845791761148904,0.0,5.703194444444444,0.0,0.0,-3.575138888888888
Cc1cccc(CN2CCN(C(c3ccccc3)c3ccc(Cl)cc3)CC2)c1,0,6.135091818196514,6.135091818196514,0.2773948097757617,0.2773948097757617,0.0,0.0,0.0,6.041840829147961,0.0,37.7464153433042,22.253805966787983,0.0,12.13273413692322,83.45359441446931,11.600939890232516,0.0,6.135091818196514,5.1671655853699505,0.7903106716972715,5.39672907045153,0.0,28.286281370441056,0.0,7.502199261621459,0.0
O=c1c(O)cc2c(O)oc3c(=O)c(O)cc4c(O)oc1c2c43,0,11.956224174855127,11.956224174855127,0.00597222222222249,-0.9193296485260769,45.41526025457608,30.015183947506465,0.0,21.544896857859182,0.0,12.13273413692322,0.0,0.0,0.0,0.0,8.834301874106695,9.97871693121693,0.0,23.912448349710253,38.817245002939444,-2.725344860166288,-2.912194297472073,1.9291288737717305,0.0,0.0,0.0
COc1cc2nccc(Oc3ccc(NC(=O)Nc4cc(C)on4)c(Cl)c3)c2cc1OC,0,12.155593817395108,12.155593817395108,0.29777299358423126,-0.5045940086181784,6.031114512338072,4.794537184071822,0.0,0.0,50.802877835886235,5.386224214464796,0.0,69.80474533309003,0.0,20.774218986085312,30.33462368860601,21.65653137837252,6.346763454854784,16.51546502344107,9.962238885832727,1.0898362952198704,3.0559300566915275,11.329608107157366,1.6359805875511004,1.7264488072935844,3.125641848029896
N=C(N=C(N)NCCCCCCN=C(N)N=C(N)Nc1ccc(Cl)cc1)Nc1ccc(Cl)cc1,0,7.843484120403925,7.843484120403925,0.060708990946874763,-0.060708990946874763,0.0,0.0,0.0,23.83821827497534,28.822165713991364,31.3706727663876,0.0,48.53093654769288,0.0,30.927580009925997,45.812165817743114,0.0,11.685869400517177,12.210935202400199,17.844773226948416,18.90378594545639,0.40791828888446036,14.034919991869716,3.7448595782781045,1.2224939212010992,0.0
C(=C/c1ccccc1)\CN1CCN(C(c2ccccc2)c2ccccc2)CC1,1,2.627060185185185,2.627060185185185,0.33741745514653165,0.33741745514653165,0.0,0.0,0.0,0.0,6.041840829147961,32.72378202956288,16.690354475090988,0.0,0.0,112.94736570229291,0.0,0.0,0.0,5.171689814814815,0.0,4.033890805698929,0.0,32.701247820739304,4.513872931888805,5.412631960191484,0.0
CC(NCCCc1cccc(C(F)(F)F)c1)c1cccc2ccccc12,0,12.765103908210074,12.765103908210074,0.18297172881498258,-4.280615407054922,11.73975000914047,13.171245143024459,0.0,6.041840829147961,6.4208216229260096,24.59539658899719,28.46863405754981,6.06636706846161,12.13273413692322,42.572361146005,0.0,38.295311724630224,0.0,0.0,5.9241976294907905,1.3830466317582681,0.0,20.314690856986374,-2.868319803628367,2.8677396274293825,0.0
CN(C)CCc1c[nH]c2ccc(CS(=O)(=O)N3CCCC3)cc12,0,12.487978307867376,12.487978307867376,0.09845293209876504,-3.1884452291719154,10.023291153407584,8.417796984328938,0.0,5.752853606746789,13.08951281182515,42.273597698468656,5.563451491696996,4.305215991296233,24.395944776997904,23.979232217152063,0.0,26.60221637889928,0.0,5.431965227066237,1.1397888321995469,3.1854630679432274,0.09845293209876504,5.940433201058201,4.942225870907571,2.314376512561713,0.9284113105987939
CCCCc1nc(Cl)c(CO)n1Cc1ccc(-c2ccccc2-c2nn[nH]n2)cc1,0,9.765056141163331,9.765056141163331,0.13083573430573647,-0.13083573430573647,0.0,5.106527394840706,0.0,6.606881964512918,23.216198715653753,47.34067533356593,0.0,0.0,28.832567921637793,56.79731780239608,11.600939890232516,2.0280351420998968,6.255478366241654,4.465947601375367,24.5359023170475,4.7950229605596935,1.4799223634281982,16.308395681642782,2.948229455780793,2.6275105562685606,0.0
CCN1CCCC1CNC(=O)c1cc(S(N)(=O)=O)ccc1OC,0,12.410019368858656,12.410019368858656,0.11157305051650246,-3.870932951469794,10.023291153407584,13.212334168400758,0.0,16.366114696566278,18.33610906834444,25.931156057677168,25.308898746662365,0.0,0.0,17.140435534547432,9.87583669140799,28.050876024511936,0.0,14.616181395397666,7.982422052371096,0.16673185941043123,-0.05187717834047123,4.315134282879818,2.1677325781348147,4.611310987243076,-2.4418453349417013
CCC(C)CCCCC(=O)NC(CCN)C(=O)NC(C(=O)NC(CCN)C(=O)NC1CCNC(=O)C(C(C)O)NC(=O)C(CCN)NC(=O)C(CCN)NC(=O)C(CC(C)C)NC(=O)C(Cc2ccccc2)NC(=O)C(CCN)NC1=O)C(C)O,0,14.537562002485801,14.537562002485801,0.017281897035849036,-1.7002487566505706,150.57089611868133,62.952963814471445,0.0,90.00826105913234,17.9021791607844,19.26246486877803,13.847474399381248,44.179309741689295,0.0,72.3321490434509,28.668337385810926,0.0,0.0,153.7956095504391,49.67277806898639,29.932999729855794,-9.453399605895518,-6.233606929808834,-1.0517909580234701,9.00407681111319,0.0
O=C(O)[C@@]1(CCCCCCOc2ccc(Cl)cc2)CO1,1,10.876188311228583,10.876188311228583,0.3631063607770235,-0.8613027435721237,11.570356098935537,4.794537184071822,0.0,0.0,24.657218865693174,31.432798324987942,0.0,12.13273413692322,12.13273413692322,0.0,26.18119319267332,10.599338224056128,5.786752438714354,10.876188311228583,9.636594387667827,-0.8613027435721237,-0.005386798914034596,7.308045972370397,4.48892000476431,1.031961314795668,0.0
Nc1ncnc2c1ncn2[C@@H]1O[C@H](COP(=O)(O)O)[C@@H](O)[C@H]1O,0,10.72513510873179,10.72513510873179,0.1418222697583278,-4.718945679090431,38.969379421624865,14.77810307461274,0.0,11.465039998602755,5.516700717616262,0.0,17.22173979732044,0.0,0.0,19.47568272455344,20.257353636467187,21.802568315039004,0.0,29.188479866983354,20.061067176870747,6.248276526466537,0.1418222697583278,0.0,-2.4898926256874057,-0.5944869614512469,-4.718945679090431
COc1cc(Nc2ncc(F)c(Nc3ccc4c(n3)N(COP(=O)(O)O)C(=O)C(C)(C)O4)n2)cc(OC)c1OC,1,14.666202419213782,14.666202419213782,0.007466977200023095,-4.9099785522110535,31.87896525201274,13.750000516677972,0.0,29.151439447775484,22.935921774535277,11.096753302463554,47.30960116013706,12.13273413692322,0.0,30.1092599325661,28.734275020705148,52.11159033969528,0.0,44.40700553299101,5.6383949339664285,-0.9106022393466164,-0.5500240987645653,6.121114640989054,0.9339241522800323,2.1582139390113078,-0.5207283119330555
Oc1ccc(Cc2nc3c(Cc4ccccc4)nc(-c4ccc(O)cc4)cn3c2O)cc1,0,10.994706212732005,10.994706212732005,0.06001390988494171,0.06001390988494171,0.0,15.319582184522117,0.0,17.379012003003183,29.87667645631667,22.384282469939446,0.0,46.99574058864453,42.46456947923127,0.0,9.967957041894415,1.6698505605946081,0.0,9.582985859071716,30.16406498762129,5.399094911355014,0.4367357553633431,23.666571744386495,2.747362848274194,0.0,0.0
CC(=O)Nc1ccc(O)cc1,0,10.524468537414966,10.524468537414966,0.11510204081632636,-0.11510204081632636,0.0,4.794537184071822,0.0,11.65669156263541,5.687386274683562,0.0,19.056471336613843,12.13273413692322,0.0,5.316788604006331,5.106527394840706,0.0,0.0,10.524468537414966,11.460032596371882,0.6900925925925929,0.07851095993953194,6.309537037037037,0.0,1.437358276643991,0.0
N#CC1CCCN1C(=O)CNC12CC3CC(CC(O)(C3)C1)C2,0,12.437354733560092,12.437354733560092,0.04528025793650814,-0.49705892542202057,5.601050810983688,9.901064578912528,0.0,17.487945810882813,24.925324904147935,44.94575136048208,6.4208216229260096,4.899909730850477,0.0,11.386009916798605,5.261891554738487,0.0,0.0,14.161781462585035,23.379406985252267,-0.5423391833585287,1.2840523431594857,1.9911581029016547,7.870159039460086,1.0224479166666662,0.0
NCCCC(N)(C(=O)O)C(F)F,0,12.11093820861678,12.11093820861678,0.15173611111111107,-3.0680092592592603,17.933675285194386,13.575367279421462,0.0,19.386399651764595,0.0,0.0,0.0,0.0,0.0,0.0,16.573862349165076,24.22187641723356,0.0,10.322752267573696,8.383732993197277,7.562124433106575,-1.688935185185185,0.0,-3.203287037037038,0.15173611111111107,0.0
COc1cc(O)c(CC=C(C)C)c(O)c1C(=O)C=Cc1ccc(O)cc1,1,12.613907155454774,12.613907155454774,0.0023291971109429266,-0.45289351851851767,5.783244946364939,20.11411936859394,0.0,34.12495031652961,6.4208216229260096,11.136556021766262,31.38491885349624,18.208754243757102,19.92349450621513,0.0,4.736862953800049,5.15330355385956,0.0,12.613907155454774,29.96930715114108,2.017350090352436,-0.6407033846851646,7.6772063220502975,5.030465755509081,3.813640153337123,1.3655232029808149
OC(Cn1cncn1)(Cn1cncn1)c1ccc(F)cc1F,1,14.112474962207104,14.112474962207104,0.05564814814814789,-1.6952546296296296,17.235492493075476,13.887357490190345,0.0,18.652964303522147,0.0,12.13273413692322,40.739253237810146,0.0,0.0,20.16532065849649,0.0,29.947713687326782,0.0,7.57163055345595,18.772242378432857,-1.7509027777777775,-1.5621830645838575,3.0213936130007557,5.398096917779457,-0.14799130763416501,0.0
Cc1cc(N2CCN(C3CNC(C(=O)N4CCSC4)C3)CC2)n(-c2ccccc2)n1,0,12.701163771840388,12.701163771840388,0.005655787062783135,-0.005655787062783135,0.0,4.794537184071822,0.0,6.041840829147961,11.949020558499466,68.70031632441362,5.817862777835028,0.0,22.7281617487032,57.05398354285114,5.098681808301038,2.060391995953032,1.8517639175019909,19.712359984638333,8.214798199516503,2.1408874329555045,3.392086410249032,12.987013784833755,0.9316032095676757,7.875761731450844,0.0
CN(C)CCC(c1ccccc1)c1ccccn1,0,4.514881897203326,4.514881897203326,0.3840740740740739,0.3840740740740739,0.0,0.0,0.0,0.0,5.917906046161393,18.659506023687047,5.563451491696996,0.0,12.263210640074686,66.44380169638333,0.0,0.0,0.0,6.735993008314437,0.0,2.503333333333334,0.3840740740740739,16.787268518518516,2.9672222222222224,1.0656103552532123,4.223165154950869
COCCOC(=O)C1=C(C)N=C(C)C(C(=O)OCC=Cc2ccccc2)C1c1cccc([N+](=O)[O-])c1,0,13.292046599133993,13.292046599133993,0.00940487382586963,-0.9668476788863696,28.697733717044155,19.703392636909218,0.0,31.081136698291584,16.97217580752353,5.563451491696996,25.30889874666236,25.989861574676738,36.407855449141934,4.992404732635668,14.210588861400147,15.82104565591537,0.0,41.70500093008399,11.426249334843709,2.180175960688158,-3.103619242350786,15.413172966925558,3.5433510804525206,3.5316870084553535,1.4829363049861302
CS(=O)(=O)N1CCN(Cc2cc3nc(-c4cccc5[nH]ncc45)nc(N4CCOCC4)c3s2)CC1,0,11.844693216767087,11.844693216767087,0.5291825569253003,-3.134761120382375,10.023291153407584,8.417796984328938,0.0,0.0,32.12768123885091,65.22464186526132,11.132916377212704,15.642001869230969,24.395944776997908,26.06355014676464,14.704819995694464,31.913406807424714,1.7272050185815064,15.845360826926935,8.228428694024755,2.8494731425699076,1.6426409190857245,8.191174980470944,3.1011214697799554,6.219282594851261,-3.134761120382375
COc1ccccc1Oc1c(NS(=O)(=O)c2ccc(C(C)(C)C)cc2)nc(-c2ncccn2)nc1OCCO,0,13.499650022045856,13.499650022045856,0.016947249196076486,-4.139544726841353,10.023291153407584,13.524324379169643,0.0,58.36992165077845,5.749511833283905,5.563451491696996,31.636218821426905,42.46456947923127,20.771211599071872,24.65800894824092,14.210588861400147,46.60035749158642,0.0,17.10271684940353,9.395256492261813,0.8274611654028595,0.27088967388357243,14.982425241738916,2.999626385186832,5.652701663790072,-2.664768296587345
CN(C)Cc1ccc(-c2nc3cccc4c3n2CCNC4=O)cc1,0,12.2282227669224,12.2282227669224,0.021175077928324404,-0.021175077928324404,0.0,4.794537184071822,0.0,5.907179729351506,12.10820789760957,35.51077023675459,5.563451491696996,0.0,18.19910120538483,53.14461022184898,4.983978520947208,2.1562688964474677,0.0,19.17117904672031,2.9538330901435157,4.853731587025689,0.9004481269091663,14.241583312337278,0.0,2.261893052918035,4.127729554165202
CN(CCOc1ccc(Cc2sc(=O)[nH]c2O)cc1)c1ccccn1,0,11.205716891487675,11.205716891487675,0.048254482732470017,-0.24585261080912946,0.0,9.901064578912528,0.0,10.752950933491682,17.904850781140226,35.01236838666324,0.0,6.196843571613076,54.412151192758934,9.967957041894415,4.736862953800049,5.7587963487864275,1.0245813571975602,20.293310924960245,9.629769462632433,1.003244084926084,1.6428560700886297,13.450549100617382,2.2800623509899127,1.274384548215266,1.975779084919389
C#Cc1cccc(Nc2ncnc3cc(OCCOC)c(OCCOC)cc23)c1,0,5.857396779890918,5.857396779890918,0.392174356427603,0.392174356427603,0.0,0.0,0.0,0.0,43.74441430245451,22.153762698461616,6.3273200747645415,14.219595082555067,36.39820241076966,21.20517996475639,25.370801710820455,21.801771191071715,0.0,8.754103465077492,4.096557301741735,2.3431613389549906,4.443107152704465,11.258046272519541,6.994191360636236,1.7256948446942135,3.2500337392662777
CC(=O)OC1CC2CCC3C(CCC4(C)C3CC([N+]3(C)CCCCC3)C4OC(C)=O)C2(C)CC1[N+]1(C)CCCCC1,1,12.527690879296667,12.527690879296667,0.04615510890357566,-0.0998384015375362,0.0,9.589074368143644,0.0,29.56153382079708,35.25239026617688,21.30478938447665,103.22888509876245,13.847474399381248,0.0,27.94281836473563,9.473725907600098,14.746293128718081,0.0,24.82838914648949,0.0,0.37702997429458496,2.5188518240644746,0.8464773514624696,16.432124208996765,13.309669955258457,4.941164410715675
CC(=O)N=c1sc(S(N)(=O)=O)nn1C,0,10.869977796674226,10.869977796674226,0.1958564814814816,-3.8250085034013606,15.930470882759089,13.212334168400758,0.0,9.14105833413562,0.0,11.336785877934735,18.653212117512997,0.0,0.0,10.091086540936706,5.138973737607942,22.662386148904005,0.7461574074074071,14.391603363567649,8.461207010582012,0.0,-0.42572278911564587,0.0,0.0,1.260256991685563,-2.34588813303099
CC(=O)NC1C(N=C(N)N)C=C(C(=O)O)OC1C(O)C(O)CO,0,11.358097206475183,11.358097206475183,0.37112289514571173,-1.6975935374149664,54.63811267501327,19.802129157825057,0.0,5.959554568743835,0.0,6.076020106833881,6.923737199690624,0.0,0.0,10.309193336642,26.41725269780583,5.132786281179138,0.0,26.298953451751068,40.08040671978668,10.58207357016881,-2.893526523263624,-2.108154761904763,-3.6498960695389275,0.3906906651549509,0.0
CS(=O)(=O)Nc1ccc([N+](=O)[O-])cc1Oc1ccccc1,0,11.323574420508944,11.323574420508944,0.05631944444444459,-3.5249093495422854,14.946602202225254,18.53211525309451,0.0,17.12428438265103,5.749511833283905,6.255769183511404,18.19910120538483,30.33183534230805,0.0,4.722094864452088,4.736862953800049,30.422714553413954,0.0,10.232193050831443,10.813463836923658,-0.06302295918367329,0.49571664777021973,12.220362234399934,0.9868153187200805,0.0,-3.5249093495422854
CNC1C(OC2OC(CO)C(N)C(O)C2O)OC2CC(N)C(OC3C(N)CC(N)C(O)C3O)OC2C1O,0,11.125611398115007,11.125611398115007,0.1563986782984801,-1.536097986248704,110.62186378799306,30.63916436904423,0.0,12.841643245852019,0.0,0.0,0.0,7.04767198267719,0.0,5.316788604006331,46.61898467764899,29.19227087551513,0.0,0.0,64.71089251514033,23.968040066865875,0.0,-4.0487381681355386,-13.700897031210177,-0.5084268899010196,1.5535252983920635
C#C[C@]1(O)CC[C@H]2[C@@H]3CCC4=Cc5oncc5C[C@]4(C)[C@H]3CC[C@@]21C,0,11.075594510391138,11.075594510391138,0.11357418430335087,-0.9088588382884017,5.601050810983688,5.106527394840706,0.0,10.829980938793557,17.75371813848418,44.28517715643051,11.984273114623004,5.5731045300692665,6.196843571613076,31.000592082196217,10.946444832593606,5.43159951074859,0.0,0.0,15.091949997987156,1.9898099857226852,5.63748482178429,0.0,17.386856012345504,4.712299671411775,0.0
O=C(O)CCCc1ccc(N(CCCl)CCCl)cc1,1,10.445114971741956,10.445114971741956,0.21465505589288036,-0.743499798194964,5.9693052879518484,4.794537184071822,0.0,6.4208216229260096,18.180828512866686,30.761172201131718,0.0,0.0,24.26546827384644,4.899909730850477,28.30840717530574,0.0,11.54197397540101,12.585024557489836,8.594839721052537,2.2546125178466454,0.3899364869404556,8.142549445704208,1.6723402060846442,1.5409453117028875,0.0
O=C1c2cccc3c2C(CCC3)CN1C1CN2CCC1CC2,0,13.137521730914589,13.137521730914589,0.313657407407407,0.313657407407407,0.0,4.794537184071822,0.0,0.0,17.86692660466086,30.99169197260955,49.89970228692318,0.0,0.0,27.998920667085788,0.0,0.0,0.0,17.959787021289998,0.0,3.8581822142437234,1.6427095143612989,6.87285722159234,6.266934523809524,4.566196171369782,0.0
COc1c(O)c(C)c(C=CCCCCCCCCO)c(O)c1OC,0,10.34142949923638,10.34142949923638,0.017885803099304987,-0.023237511830134228,0.0,10.213054789681411,0.0,29.604929297648535,11.126902983393991,38.524929737556064,20.640416705481076,6.923737199690624,12.152040213667762,0.0,14.580253302440804,10.25521735307322,0.0,0.0,29.24954425478142,1.1097215575363126,0.24745315143430968,0.0,11.272235791031683,2.015472829265053,2.850355062878002
CC1=C(C(=O)O)N2C(=O)C(NC(=O)C(N)c3ccccc3)C2SC1,0,12.310561854371379,12.310561854371379,0.015376687839711023,-1.1278578929020855,35.24121921791952,19.49013894705617,0.0,5.697039313055833,16.88940962851305,0.0,16.66179468024159,31.18920547353706,6.06636706846161,5.316788604006331,5.733667477162185,0.0,1.431943447131939,37.20740721367983,11.528112478342873,7.236305905460849,-1.4952518611005252,7.233170951615631,0.0,1.6916451982027378,0.0
CN(C)CCC=C1c2ccccc2COc2ccc(CC(=O)O)cc21,0,11.080222392229517,11.080222392229517,0.013794249181153795,-0.8259001684542808,5.9693052879518484,4.794537184071822,0.0,6.4208216229260096,6.606881964512918,46.542000358979735,0.0,0.0,30.33183534230805,37.204007939961954,9.843390348640755,5.993891014739228,0.0,13.23094458269738,9.101341646251909,5.1893095972957095,-0.01900957888511956,13.917862318123861,3.1627621094734186,1.4753423931300915,4.1142225838401885
COc1ccccc1N1CCN(CCCNc2cc(=O)n(C)c(=O)n2C)CC1,0,11.947772768880828,11.947772768880828,0.29346109305393053,-0.3171647967576341,0.0,9.589074368143644,0.0,11.24901029325548,12.362619183747604,55.1486014082477,17.681138698930155,14.157469523954724,18.19910120538483,21.182975134168895,4.736862953800049,8.038398891402217,0.0,28.52724295258362,3.207111336818678,0.5401998994212691,1.480423798043644,9.59907264766905,0.9425181878306877,5.636522668015273,4.861842951548897
Cc1cc(=O)n(-c2ccccc2)[nH]1,0,11.37217970521542,11.37217970521542,0.024351851851851736,-0.024351851851851736,0.0,4.794537184071822,0.0,5.559266895052007,0.0,11.381314269532023,4.681802935145184,6.06636706846161,37.255572541998674,5.098681808301038,0.0,1.5231481481481481,0.0,11.37217970521542,2.9647685185185186,1.706623204837491,0.0,11.071335978835979,0.0,1.8619444444444444,0.0
CC1(C)CCC(C)(C)c2cc(Cn3cccn3)c(C=Cc3ccc(C(=O)O)cc3)cc21,0,11.111167889205962,11.111167889205962,0.13969139446412138,-0.905952039693368,5.9693052879518484,4.794537184071822,0.0,10.829980938793557,12.10820789760957,5.563451491696996,35.09544921264,12.13273413692322,35.274591283756166,57.07840495765451,5.106527394840706,1.9600098757363367,0.0,11.111167889205962,13.531143775437936,6.85898470290835,-0.905952039693368,13.667414998020417,10.356883118466882,10.087014346584152,0.0
O=C(O)CCc1nc(-c2ccccc2)c(-c2ccccc2)o1,0,10.734884172064907,10.734884172064907,0.0029491055681536427,-0.8604423868312756,5.9693052879518484,4.794537184071822,0.0,12.841643245852019,11.65097134090035,16.82083097824245,0.0,0.0,60.6636706846161,4.983978520947208,9.523678331894054,5.831214096749811,0.0,15.233671964959843,8.81551731497619,2.6197174981103557,0.2574232594272283,19.45974438303533,0.28271148274124513,0.0,0.0
Cc1cc(C)cc(OCC2CNC(=O)O2)c1,0,10.784141891324431,10.784141891324431,0.18674225245653853,-0.3666455656336607,0.0,4.794537184071822,0.0,12.197206458686718,13.151638370425493,16.876414816677897,0.0,0.0,25.980208536304467,11.383155672467941,9.473725907600098,10.551160950491308,0.0,10.784141891324431,2.5874683484504915,2.326929064835811,0.8198601662887379,6.026203441253044,-0.5533878180901992,4.957623955446376,0.0
CNCC(=O)O,1,9.536805555555556,9.536805555555556,0.04166666666666652,-0.8217592592592589,5.9693052879518484,4.794537184071822,0.0,6.544756405912575,0.0,0.0,0.0,7.04767198267719,0.0,5.316788604006331,5.106527394840706,0.0,0.0,9.536805555555556,10.318564814814813,0.0,-0.8217592592592589,0.0,0.0,0.04166666666666652,1.591388888888889
COc1cc(CCc2cc(NC(=O)c3ccc(N4CC(C)NC(C)C4)cc3)[nH]n2)cc(OC)c1,0,12.725185398763728,12.725185398763728,0.16543607413376527,-0.16543607413376527,0.0,4.794537184071822,0.0,5.907179729351506,23.464995927827946,54.374945485473994,0.0,14.219595082555067,48.53093654769288,39.578324954846465,9.473725907600098,10.67127631966256,0.0,15.078954455217026,13.69750206273281,3.710081748381045,1.9361426954618077,16.341370701826293,1.4954788696829988,6.289738919801388,3.2794542272340728
O=C(Nc1ccccc1-c1cn2c(CN3CCNCC3)csc2n1)c1cnc2ccccc2n1,1,12.991156914227595,12.991156914227595,0.2755872956418939,-0.2998878119894952,0.0,4.794537184071822,0.0,11.601107724199966,11.204086992299825,54.45873515649662,11.890771566461538,11.336785877934735,48.53093654769288,41.479044929098336,4.983978520947208,2.1621466702689647,1.6396872498716486,30.065525286037094,8.583406317318127,5.342197976729093,-0.2998878119894952,15.228125361982823,3.5689001984665,5.043232084648581,0.0
C#CCNC1CCc2ccccc21,0,5.214100844041321,5.214100844041321,0.4789351851851851,0.4789351851851851,0.0,0.0,0.0,0.0,12.586597235060536,0.0,23.96854622924601,0.0,0.0,35.50269119670841,6.423349895620259,0.0,0.0,0.0,3.3513425925925926,2.8979365079365085,2.614285478080121,9.062772030108338,7.574654509952129,0.6656755479969766,0.0
CN(C)CCC=C1c2ccccc2Sc2ccc(Cl)cc21,0,6.208828376515214,6.208828376515214,0.7983710212480057,0.7983710212480057,0.0,0.0,0.0,0.0,0.0,17.988211342579913,26.49097446449881,0.0,17.828252017852726,61.46947621380839,11.600939890232516,0.0,8.033649358920522,4.816677593362448,0.7983710212480057,3.8793323255228023,0.0,14.77981526972929,3.3759952128999746,1.050306358654573,4.2102973041068275
Cc1ccc(=O)n(-c2ccccc2)c1,0,11.534818594104308,11.534818594104308,0.0016666666666669272,0.0016666666666669272,0.0,4.794537184071822,0.0,5.559266895052007,0.0,11.250837766380558,0.0,10.633466716252965,49.51878318207336,0.0,0.0,1.6481481481481481,0.0,11.534818594104308,0.0,1.982826908541195,0.0,13.018187830687829,1.8449074074074074,1.971111111111111,0.0
CC1(C(=O)O)CCC2(C)CCC3(C)C(=C2C1)CC(=O)C1C2(C)CCC(OC(=O)CCC(=O)O)C(C)(C)C2CCC13C,0,14.492888670028474,14.492888670028474,0.028819493823838194,-1.007889504262536,23.322906333252323,24.28467613112799,0.0,57.856374072907,31.466531438068976,38.524929737556064,11.146209060138533,0.0,6.923737199690624,41.54242319814374,9.843390348640755,5.911213297366224,0.0,50.300642605211166,19.098312237387955,0.7435300716716309,-1.8098089091028318,0.0,7.214557110854366,15.541553586611498,0.0
O=C(O)CCCCC1CCSS1,0,10.186083501301756,10.186083501301756,0.337826908541194,-0.6634722222222222,5.9693052879518484,4.794537184071822,0.0,0.0,6.4208216229260096,18.091581275834194,18.59449685259881,0.0,21.587795952773444,0.0,5.106527394840706,0.0,0.0,10.186083501301756,9.191303329973964,0.0,0.6086149691358025,0.0,4.763360733182162,0.0,3.9173041330729816
CC(=O)CCCCn1c(=O)c2c(ncn2C)n(C)c1=O,1,12.33337144116906,12.33337144116906,0.11790380658436228,-0.3712731481481477,0.0,14.383611552215466,0.0,17.03225523962042,36.971099213074595,0.0,22.38525657003788,18.662443613145733,0.0,4.983978520947208,0.0,4.203404641177459,0.0,39.43395721911099,0.0,0.10750359557403377,0.11790380658436228,0.0,3.2927119987496063,1.8539680474781486,3.323884024658736
Cc1cc(C(C)Nc2ccccc2)c2nc(N3CCOCC3)cc(=O)n2c1,0,12.77218580296367,12.77218580296367,0.008462196607037509,-0.05708060384647662,0.0,4.794537184071822,0.0,11.601107724199966,18.860941149793565,35.721664847737735,0.0,10.467061674723404,43.45241611361175,23.20680260300904,9.720841474747257,7.070796297793814,0.0,19.743914040555,3.5070127865961203,3.7162125196599414,0.722513122532964,13.801917783549072,1.8536692176870748,6.917297564959348,0.0
O=C(O)C(O)Cc1ccc(O)c(O)c1,0,10.293623551272361,10.293623551272361,0.10796296296296304,-1.500978835978836,12.073271675700152,4.794537184071822,0.0,17.919845289493818,5.563451491696996,0.0,18.19910120538483,0.0,0.0,0.0,20.426109579362823,0.0,0.0,10.293623551272361,35.432446932476694,0.4400000000000004,-1.9340570672713513,3.8769283824640968,-1.6089417989417991,0.0,0.0
Cc1cccc(C)c1OCC(C)N,0,5.615394935752079,5.615394935752079,0.08241307634164752,0.08241307634164752,0.0,0.0,0.0,6.041840829147961,6.606881964512918,5.749511833283905,11.126902983393991,0.0,38.9703128044567,0.0,10.470530430962235,5.6039814814814815,0.0,0.0,0.0,7.949931972789116,0.9720370370370373,6.203876606198035,0.0,6.603506235827664,0.0
O=C(O)c1ccc(Nc2ncc3c(n2)-c2ccc(Cl)cc2C(c2c(F)cccc2F)=NC3)cc1,0,14.6472231894541,14.6472231894541,0.10945293092749808,-1.022970079171604,17.603746970043638,13.575367279421462,0.0,29.33168367306376,33.094302058364335,0.0,30.33183534230805,36.52867891392113,0.0,20.277150378536412,16.70746728507322,29.2944463789082,6.233582920162659,24.519417762133905,12.494600302151701,2.9283793565046015,-2.211853591943103,14.813700551551783,1.5960511673805324,0.10945293092749808,0.0
COc1cc(Nc2c(C#N)cnc3cc(OCCCN4CCN(C)CC4)c(OC)cc23)c(Cl)cc1Cl,1,9.745119971858806,9.745119971858806,0.3568345924001035,0.3568345924001035,0.0,5.261891554738487,0.0,0.0,61.741833064992456,39.14460365248888,13.30664111289061,19.242531678200752,12.13273413692322,33.21747988212395,37.41246864186518,17.024996523096558,12.604128889322919,9.284178413838147,14.484444297843096,2.108896784754429,1.629469308269827,9.124990226931061,2.435278274070362,5.9199500405630605,5.272556130199435
Cc1nc(Nc2ncc(C(=O)Nc3c(C)cccc3Cl)s2)cc(N2CCN(CCO)CC2)n1,1,12.693081800261481,12.693081800261481,0.17311797422773734,-0.2666136091002893,0.0,4.794537184071822,0.0,12.514061693864424,38.90574894371304,37.560339893182324,17.53362944954781,6.06636706846161,32.046575604766076,35.38533223255524,16.70746728507322,0.0,7.457830513857925,30.975300560948945,16.24512659009515,1.4880803972808272,1.851363352595038,7.367072949316626,1.5315981931343652,8.028071887215573,0.0
O=C(O)CO,1,9.118055555555555,9.118055555555555,0.7777777777777777,-1.1898148148148147,12.576187252464766,0.0,0.0,0.0,0.0,0.0,0.0,0.0,0.0,0.0,15.007591973753234,0.0,0.0,9.118055555555555,15.016203703703702,0.0,-1.1898148148148147,0.0,0.0,-0.7777777777777777,0.0
CCCCCCCCOc1ccccc1C(=O)Nc1ccc(C(=O)OCC[N+](C)(CC)CC)cc1,0,12.868586159846462,12.868586159846462,0.24068725424612558,-0.3517848314238734,0.0,9.589074368143644,0.0,11.876485017303354,35.77756502038729,36.95894332128437,25.683286491704038,30.33183534230805,18.19910120538483,33.135672185755396,9.473725907600098,12.219823560088287,0.0,25.24108273884779,2.8942295637879223,1.5706904702589157,-0.006067450371722405,14.058829993176323,7.123253651866967,10.242254798604522,2.1559026737409956
CC(C)(O)c1ccccc1CCC(SCC1(CC(=O)O)CC1)c1cccc(C=Cc2ccc3ccc(Cl)cc3n2)c1,0,11.48207767600822,11.48207767600822,0.0814393841056762,-0.911076326389519,11.570356098935537,15.007591973753234,0.0,17.08575012230496,5.022633313741326,64.72334750047133,5.563451491696996,0.0,74.14994893483752,42.47422251760354,16.58491841117972,0.0,8.037300888787264,16.22501153403629,22.09644898668887,5.152952996781439,0.12153345071527166,26.469054513376367,8.017500329231256,3.657975078161023,0.0
COc1cc2nc(N3CCN(C(=O)c4ccco4)CC3)nc(N)c2cc1OC,0,12.400532587615228,12.400532587615228,0.11071748114635738,-0.11071748114635738,0.0,4.794537184071822,0.0,5.907179729351506,66.10742369999514,0.0,6.263162995639057,43.38497308725198,4.899909730850477,9.967957041894415,19.62454432181563,15.868040783909914,0.0,25.26121031915831,0.7018824961113925,6.842660018552875,2.2865702110542356,6.932137414550973,1.4984604445188305,2.3005034363250454,3.1418682091517587
CCC1(c2cccc(O)c2)CCCCN(C)C1,0,9.676282596371882,9.676282596371882,0.2261805555555556,0.2261805555555556,0.0,5.106527394840706,0.0,5.414990469396779,5.749511833283905,12.965578028838586,31.3706727663876,6.06636706846161,12.13273413692322,24.937685981679902,0.0,0.0,0.0,2.431098828420257,9.676282596371882,1.5259490740740744,0.39094907407407375,7.838575207860922,4.947409297052154,4.5661970899470905,2.20687216553288
CCCc1nc2c(C)cc(-c3nc4ccccc4n3C)cc2n1Cc1ccc(-c2ccccc2C(=O)O)cc1,0,11.71013875880624,11.71013875880624,0.3065147689126837,-0.9207855830474492,5.9693052879518484,9.901064578912528,0.0,0.0,12.10820789760957,74.3745125708019,0.0,12.13273413692322,42.46456947923127,60.36118101994919,9.967957041894415,4.467738960064933,0.0,21.711529056757023,9.603517847023781,9.464001142099434,1.084298689777105,27.901803336385818,1.893558261364483,4.976660380513263,2.0635589926808255
CCOc1ccc2ccccc2c1C(=O)NC1C(=O)N2C1SC(C)(C)C2C(=O)O,1,13.180948286722096,13.180948286722096,0.3684985460233474,-1.0316555708601156,34.08106194178558,19.490138947056174,0.0,5.907179729351506,17.919845289493818,10.772448428929591,16.66179468024159,19.913841467842857,37.255572541998674,5.316788604006331,4.736862953800049,5.018110932427762,1.3994326079197108,38.89159199222705,13.59228695275879,0.38263122532963845,-1.3486938807828495,9.460593523682412,0.0,5.854046646437485,0.0
O[C@@H](COc1cccc2ncccc12)CN1CCN([C@H]2c3ccccc3[C@@H]3[C@H](c4ccccc42)C3(F)F)CC1,0,14.972254784285681,14.972254784285681,0.04502044050415832,-2.6977848079889633,23.862307648165668,13.887357490190345,0.0,12.648722793660879,6.544756405912575,65.08526835580325,0.0,6.196843571613076,78.86277189000094,14.783797982648164,4.736862953800049,35.918053314450724,0.0,9.042270500301024,11.693860045420255,4.4353156964787335,-3.460382666882223,25.103714005410172,1.1271774187343002,3.889991686087014,0.0
OCc1c[nH]c2ccccc12,0,8.904503023431594,8.904503023431594,0.10120370370370346,0.10120370370370346,0.0,0.0,0.0,6.606881964512918,0.0,16.466376423778055,0.0,0.0,30.462311845459514,4.983978520947208,5.106527394840706,0.0,0.0,3.0790740740740743,10.010984504913075,2.039027777777778,0.0,7.931746976568405,1.837962962962963,0.10120370370370346,0.0
O=C(OC1CN2CCC1CC2)N1CCc2ccccc2C1c1ccccc1,0,13.221356764928192,13.221356764928192,0.049623750734860916,-0.1554572940287231,0.0,4.794537184071822,0.0,18.23904728783468,12.462662452073968,44.460185578212744,11.126902983393991,0.0,23.099010936235306,41.29811214162014,4.736862953800049,6.076823979591836,0.0,17.589816993155285,0.0,3.7033029677920557,0.5335204606533971,18.759060510797525,3.0892210008939798,3.914920753782587,0.0
COc1cc2c(cc1OC)C(Cc1ccc(Oc3cc(CC4c5cc(OC)c(OC)cc5CCN4C)ccc3O)cc1)N(C)CC2,1,10.72055744857575,10.72055744857575,0.1124480358449862,0.1124480358449862,0.0,5.106527394840706,0.0,17.833193491579827,11.49902366656781,67.33429812836181,27.817257458484978,34.50555723357174,24.26546827384644,60.293365837824986,23.684314769000245,28.57950541360924,0.0,4.769834063586954,10.72055744857575,7.3751438291735045,4.254180813888774,22.620452544773094,3.549856398986079,1.9294059525971288,11.034396868142807
CNC(=O)c1ccccc1Nc1nc(Nc2ccc(N3CCOCC3)cc2OC)ncc1Cl,0,12.17641331680382,12.17641331680382,0.21599894185519442,-0.21599894185519442,0.0,4.794537184071822,0.0,5.907179729351506,52.6903351759367,18.776899086508713,6.196843571613076,32.35657072933955,24.26546827384644,30.818232584763887,21.074665797832616,11.020998507867446,6.323993384876864,23.20553127050018,9.263280606603175,2.833179806136676,1.1480599927200645,13.031426032920411,1.496333797025085,3.088363832043733,3.199943880417476
CNC(Cc1ccc2ccccc2c1)C(=O)NC1CSSCC(C(=O)NC(CCCN=C(N)N)C(N)=O)NC(=O)C(CCCNC(N)=O)NC(=O)C(CCCNC(=N)N)NC(=O)C(Cc2ccc(O)cc2)NC(=O)C2CCCN2C(=O)C(CCCCN)NC(=O)C(CCCCN)NC(=O)C(CCCNC(N)=O)NC(=O)C(Cc2ccc(O)cc2)NC1=O,1,15.454451739978971,15.454451739978971,0.0004909554918626213,-1.6893763983023333,167.16288390216036,34.18574071004052,43.150834656646396,178.17869427318868,23.96854622924601,37.923695873400035,60.47851826122054,0.0,42.46456947923127,79.42744518872432,51.278623423089,0.0,0.0,208.86551459868275,68.15008280552463,46.825915894022856,-12.896566421090595,4.6943123044697845,0.03551283123610127,0.02895384290961789,3.296274144244901
O=NO,0,8.11111111111111,8.11111111111111,1.25,1.25,0.0,0.0,0.0,0.0,0.0,0.0,5.340189921973525,0.0,0.0,0.0,10.114318268765572,0.0,0.0,8.11111111111111,7.888888888888889,0.0,0.0,0.0,0.0,0.0,0.0
CC1Cc2ccccc2N1NC(=O)c1ccc(Cl)c(S(N)(=O)=O)c1,0,12.514980631141345,12.514980631141345,0.01950352967939506,-4.001737165902479,15.930470882759089,13.212334168400758,0.0,21.52340911010406,0.0,17.671659389306566,18.19910120538483,5.008912523954531,31.18920547353706,5.425791397110385,16.73991362784046,23.079965812005852,5.8446626371019095,12.243394720542538,6.882308888201745,5.05623319878363,-0.43044469639707716,11.869849357406551,0.8189488326194675,1.9979295267489712,-4.001737165902479
COc1cc(C2c3cc4c(cc3C(OC3OC5COC(C)OC5C(O)C3O)C3COC(=O)C23)OCO4)cc(OC)c1O,1,13.385114087700737,13.385114087700737,0.030064203260243172,-1.4362704986978982,66.82290882384797,20.11411936859394,0.0,37.25524173497738,28.189378141658796,0.0,14.219595082555067,31.189205473537065,0.0,0.0,42.63176658420044,51.526191497067586,0.0,13.385114087700737,32.515426995072225,2.0136756704618017,-1.0248544372798765,6.926914060847731,-6.797222420589437,1.928629031845175,2.8594588482073915
N=C(N)NCCCC1NC(=O)C(CCCCN)NC(=O)C(Cc2ccc(O)cc2)NC(=O)C(CC(=O)O)NC(=O)CNC1=O,0,13.568254685945952,13.568254685945952,0.027807499020911397,-1.591936905516208,72.63814528013981,38.98027789411234,0.0,37.51628767671834,31.3706727663876,0.0,24.26546827384644,0.0,0.0,31.900731624037984,16.876618560115894,0.0,0.0,77.31553210094438,41.21901986027631,11.42122062162938,-5.753230006601503,0.615931457074111,0.5921770902704553,-0.07731779025980545,0.0
N#CCNC(=O)c1ccc(-c2ccnc(Nc3ccc(N4CCOCC4)cc3)n2)cc1,1,11.92660219224032,11.92660219224032,0.01889831182277324,-0.27900989977418655,0.0,4.794537184071822,0.0,12.45193613526408,11.51179077268349,43.248042502080004,5.687386274683562,18.329577708536295,36.40105665510033,37.634178117680776,9.998754508538536,5.403346734075544,0.0,23.11682474177885,14.329295953526113,4.170571915227785,0.21401071774228253,18.945541856179496,1.6947466808884557,3.292328067248141,0.0
C=CC(=O)Nc1cccc(Nc2nc(Nc3ccc(N4CCN(C(C)=O)CC4)cc3OC)ncc2C(F)(F)F)c1,0,13.760316243195795,13.760316243195795,0.036431522225209845,-4.720953572832796,23.464792516327,22.760319511168106,0.0,17.54290528502156,49.5001535779144,11.763406381517443,19.242531678200752,36.08911520438755,6.06636706846161,37.39716826836238,4.736862953800049,46.80089704091508,0.0,35.070651054127296,8.162012181516975,0.899071177440969,-0.5478568483763109,11.541756068434161,-2.9472005515404613,7.454493559265081,1.482842984883878
COc1cc(NC(=O)c2ccc(-c3ccc(Cl)cc3)o2)cc(OC)c1,0,12.404499139161837,12.404499139161837,0.20068216175359055,-0.3652595811987338,0.0,4.794537184071822,0.0,11.667427148225947,27.96929067386714,5.563451491696996,0.0,56.68416456178634,12.13273413692322,5.316788604006331,25.491816734885962,16.02046751639142,5.87928616503072,12.404499139161837,3.406871994121759,1.3862430704349897,1.5825853784290271,15.6706475757865,0.0,0.0,3.0938436050881934
O=C(O)C1=C(CSc2nnnn2CS(=O)(=O)O)CS[C@@H]2C(NC(=O)C(O)c3ccccc3)C(=O)N12,0,12.775740964582955,12.775740964582955,0.028501882772438147,-4.399626533055869,51.298260025286766,33.014463326225815,0.0,22.359183008370117,11.136556021766262,21.343597615386777,11.761884949391115,30.33183534230805,0.0,20.842240603617103,4.552749873690364,32.045543680412884,2.174505381976036,38.292006421735756,32.3606408560517,0.4800548829993352,-3.3863699642153557,7.1677050521629315,-1.4844597780674202,0.0,-4.399626533055869
CC(C)(Oc1ccc(C(=O)c2ccc(Cl)cc2)cc1)C(=O)O,0,12.284344463865793,12.284344463865793,0.13823013773410553,-1.3316421435807264,11.570356098935537,9.589074368143644,0.0,5.783244946364939,21.899048130419224,0.0,13.847474399381248,48.53093654769288,0.0,0.0,21.44433023887327,5.391144222840651,5.794389144815223,23.30751731600204,9.59248585260164,-0.31151457943778427,-0.8105696781604201,12.976809587462846,0.0,2.920849244986913,0.0
CCOc1nc2cccc(C(=O)OC(C)OC(=O)OC3CCCCC3)c2n1Cc1ccc(-c2ccccc2-c2nn[nH]n2)cc1,0,13.390098087942848,13.390098087942848,0.1634178926544474,-1.1440263481413748,18.41469764682582,9.589074368143644,0.0,11.6674178794453,36.019909143244774,54.35791408141803,6.923737199690624,12.13273413692322,66.08814046363646,25.60811232885902,18.947451815200196,23.89418801975054,0.0,30.33506179968994,14.463001586136278,5.1728705385255465,-0.14134162174392473,21.493200477356464,2.65079543039911,4.132223769886043,0.0
Cc1cc(OCCN2CCOCC2)nn1-c1ccc2ccccc2c1,0,5.864786470143613,5.864786470143613,0.6469976711733565,0.6469976711733565,0.0,0.0,0.0,0.0,12.48687030094829,44.22934741629558,10.772448428929591,0.0,10.748170003606795,59.386898218073405,9.473725907600098,13.170491852738435,0.0,2.3578214309139636,7.067700906445566,2.1211878755430345,0.679553755144033,16.73848849776411,0.0,7.198089014784195,0.0
COc1ccc(Cl)cc1C(=O)NCCc1ccc(S(=O)(=O)NC(=O)NC2CCCCC2)cc1,0,12.492102206975353,12.492102206975353,0.0020893271858277718,-3.9669749258931923,16.054405665745655,18.00687135247258,0.0,16.84450403401724,29.30117466756081,37.667559606327046,25.30889874666236,24.26546827384644,0.0,15.355672072464749,16.337802844032566,32.247890438446774,5.964797870782417,24.517860572036895,5.960432930946736,1.1694307992493345,0.10482349454083417,10.289125801906621,5.428139305761584,0.3359543400055667,-2.490677775898988
COC1C(=O)C(C)C[C@H](C)/C=C/C=C/C=C(\C)[C@@H](OC)C[C@@H]2CC[C@@H](C)[C@@](O)(O2)C(=O)C(=O)N2CCCCC2C(=O)O[C@H]([C@H](C)C[C@@H]2CC[C@@H](O)[C@H](OC)C2)CC(=O)C(C)=CC(C)[C@H]1O,1,14.358722795379732,14.358722795379732,0.02199808185168539,-2.428846333875239,83.86619841036084,39.292268104881224,0.0,54.81057407072695,63.36049913640337,11.993926152995275,12.009707272128011,41.066826788460816,58.0750493329319,0.0,23.684314769000245,29.36587608775758,0.0,71.7480748070838,33.86063561868689,1.191583413102876,-7.9339251715282195,-1.1423179991387136,11.226993966192701,12.740315446864107,4.526097164312304
CC(=O)[C@@]1(O)CC[C@H]2[C@@H]3CC=C4CC(=O)CC[C@]4(C)[C@H]3CC[C@@]21C,0,12.215664922107248,12.215664922107248,0.0486431728211123,-1.128905134584698,5.601050810983688,14.69560176298435,0.0,16.6132258851585,36.37860633070114,38.524929737556064,5.5731045300692665,6.923737199690624,0.0,19.92349450621513,0.0,0.0,0.0,24.118200917106716,11.134994465761512,0.13942474752246636,1.936641312740024,0.0,9.325712632275131,6.095025924594152,0.0
C[C@]12CC[C@H]3[C@@H](CC[C@@]45OC4C(=O)C(C#N)C[C@]35C)[C@@H]1CC[C@@H]2O,1,12.44598200816139,12.44598200816139,0.03274201887545192,-0.4890244971445372,5.917906046161393,15.162956133651013,0.0,34.42220947163879,24.174539761410188,38.524929737556064,0.0,0.0,0.0,19.91669571217352,4.736862953800049,6.0733010519022415,0.0,12.44598200816139,19.994589150085858,-0.25170646730914537,1.2874987008692362,2.2524955777063913,6.525404252750482,4.589102392500211,0.0
CC(C)OC(=O)C(C)N[P@](=O)(CO[C@H](C)Cn1cnc2c(N)ncnc21)Oc1ccccc1,0,13.624757628768272,13.624757628768272,0.2717140652557315,-3.638041982482294,19.53069975175909,9.35958546900315,0.0,18.555903144551436,29.276008955415495,0.0,6.3273200747645415,55.93109959547421,12.990104268152233,20.039230625918776,19.7311405464741,32.22481324464268,0.0,24.623714694608278,2.7758031059582287,6.908287738030826,0.15133344589085684,7.8316061318849854,2.0099429176087815,7.25142959274654,-3.638041982482294
C=CC(=O)Nc1cccc(C)c1Nc1ncc2cc(-c3c(Cl)c(OC)cc(OC)c3Cl)ccc2n1,1,11.826648227580545,11.826648227580545,0.30823725014697256,-0.30823725014697256,0.0,4.794537184071822,0.0,5.907179729351506,49.947554333717335,16.513127197858786,20.295615189388947,18.329577708536295,37.255572541998674,27.180469933505574,32.67560568806513,10.759285360763409,13.156219113900992,20.915683563937307,7.547732334786878,4.282568986804371,0.9839391166491733,12.839313232763573,2.91696082563623,5.424120647585724,3.063065706061231
O=C(c1ccccc1)c1ccc2n1CCC2C(=O)O,0,12.375394463340891,12.375394463340891,0.05751039304610672,-0.8235554715713442,11.887211334113243,9.589074368143644,0.0,5.783244946364939,24.222957515384042,5.693927994848461,0.0,24.26546827384644,22.766200853176187,0.0,5.106527394840706,1.8275,0.0,23.49054488270668,9.126647546376983,1.9295427059712782,-1.369655349794238,12.515476510405712,0.5561273305618544,0.5904830404383976,0.0
CNCC(O)C(O)C(O)C(O)CO,0,9.207731481481481,9.207731481481481,0.09362622826908562,-1.5478240740740745,31.02274751550613,5.106527394840706,0.0,6.544756405912575,0.0,0.0,0.0,7.04767198267719,0.0,5.316788604006331,20.426109579362823,0.0,0.0,0.0,47.475251007810535,0.0,0.0,0.0,-5.647540627362057,-0.568575916477702,1.57419886936256
CCC(Nc1ncnc2[nH]cnc12)c1nc2cccc(F)c2c(=O)n1-c1ccccc1,0,14.545679407106174,14.545679407106174,0.04010749979003947,-0.5960459096912916,17.41832856524586,9.184952231746642,0.0,5.386224214464796,40.43105382944478,0.0,16.960786791017508,30.59278834861098,25.122838405075452,25.25270268779516,4.983978520947208,15.99956239085523,0.0,33.82424341201127,3.301087936717897,1.6323446010125315,0.3811742654157886,13.153901314300846,3.5709161911754803,1.9701032218442933,0.0
NCC1(CC(=O)O)CCCCC1,0,10.576064342403628,10.576064342403628,0.07928240740740722,-0.7061574074074068,5.9693052879518484,4.794537184071822,0.0,11.835812092322788,6.544756405912575,25.683286491704038,6.4208216229260096,0.0,0.0,0.0,10.84019487200289,0.0,0.0,10.576064342403628,8.706489512471656,5.543912037037037,-0.7061574074074068,0.0,5.76927484882842,0.5270833333333333,0.0
NS(=O)(=O)Cc1noc2ccccc12,0,10.838410336356766,10.838410336356766,0.30157407407407444,-3.5610440287226006,10.023291153407584,8.417796984328938,0.0,5.752853606746789,16.6631723509555,0.0,0.0,24.26546827384644,0.0,5.156663257125445,9.66206867458129,26.60172808012094,0.0,0.0,9.236725245653815,0.9113425925925935,-0.30157407407407444,7.029488851095994,0.0,0.0,-3.5610440287226006
COC(=O)C1=C(C)N=C(C)C(C(=O)OCCN2CCN(C(c3ccccc3)c3ccccc3)CC2)C1c1cccc([N+](=O)[O-])c1,0,13.632626842915723,13.632626842915723,0.13651706960303933,-0.9313384427303142,28.697733717044155,19.703392636909218,0.0,23.909213598413707,23.516932213436107,26.1790256236503,30.36943466159474,25.980208536304467,12.13273413692322,63.3231607420295,9.473725907600098,10.842838927393856,0.0,46.79066398153938,11.524089161986009,3.88659207804137,-2.9382343244058564,27.1676727632969,0.0,7.469154192924208,1.257223219224135
CC12CC3CC(C)(C1)CC(N)(C3)C2,0,6.49125,6.49125,0.2251157407407407,0.2251157407407407,0.0,0.0,0.0,5.538925252383345,10.829980938793557,5.917906046161393,38.524929737556064,0.0,0.0,13.847474399381248,5.733667477162185,0.0,0.0,0.0,0.0,7.916597222222222,0.9548611111111109,0.0,8.272708333333332,4.939166666666667,0.0
Cc1cnc(Nc2ccc(N3CCN(C)CC3)cc2)nc1Nc1cccc(S(=O)(=O)NC(C)(C)C)c1,1,12.736440262073774,12.736440262073774,0.18789152005966603,-3.6472353496638914,15.56221640579093,8.417796984328938,0.0,4.895483475517775,17.453588333505085,37.42986339003086,5.687386274683562,24.395944776997904,45.89405000414732,54.30385469566053,0.0,28.153927965977307,0.0,13.94423574485284,6.496449975968201,2.9843958084992392,1.049544345487674,14.96018906701448,1.7341470450094638,11.506937522138772,-1.496494141614639
COC(=O)C(CCSC)NC(=O)c1ccc(NC[C@@H](N)CS)cc1-c1ccccc1,0,13.080287530747938,13.080287530747938,0.07524660529024252,-0.6900363220867376,12.011146117099809,9.589074368143644,0.0,11.949020558499466,24.28188312728237,22.56714286482434,7.109797541277533,17.828252017852726,48.72033866274267,23.26236635602565,10.470530430962235,4.854114478863236,5.815163430985358,25.17714724328517,6.1156966679004015,8.956578748154024,0.5470091321917631,14.404457241915406,2.4548861140130462,0.5717975507488424,1.3253716141649736
CCN(CCCCOC(=O)c1ccc(OC)c(OC)c1)C(C)Cc1ccc(OC)cc1,0,12.284861531288211,12.284861531288211,0.3461347206084755,-0.3461347206084755,0.0,4.794537184071822,0.0,5.9693052879518484,29.711197951925683,38.10148951388708,5.563451491696996,39.52849382921744,12.13273413692322,30.880118267154945,18.947451815200196,21.093998684145447,0.0,14.743582044631289,0.0,1.7606928535665773,1.6355633561255336,13.72212330445269,2.788605526718351,6.800106988113288,4.788660575580156
COC(=O)C1=C(C#N)N=C(C)C(C(=O)OC(C)C)C1c1cccc([N+](=O)[O-])c1,0,12.778408919123205,12.778408919123205,0.1372184429327281,-1.0318480725623582,34.80170010479246,24.9652841916477,0.0,22.669215120579363,5.563451491696996,7.109797541277533,18.19910120538483,26.83757866753348,6.069221312792274,4.992404732635668,9.473725907600098,10.10132031053162,0.0,39.92711098717366,20.641726759408485,0.02897051104392534,-3.528559145880574,7.386466941714957,-0.4222412236499542,4.8915409697191805,1.140330556605358
C[N+](C)(C)CC(O)CC(=O)[O-],0,10.01751133786848,10.01751133786848,0.2822222222222224,-1.2028240740740739,12.073271675700152,9.901064578912528,0.0,6.4208216229260096,11.027787263607198,0.0,0.0,0.0,21.143015948031568,0.0,5.106527394840706,0.5500462962962963,0.0,10.01751133786848,19.136261337868483,0.0,-1.2028240740740739,0.0,-1.0877777777777784,0.4245833333333333,5.662199546485261
CC(OC1OCCN(Cc2n[nH]c(=O)[nH]2)C1c1ccc(F)cc1)c1cc(C(F)(F)F)cc(C(F)(F)F)c1,0,13.583774380381524,13.583774380381524,0.04269295448321264,-5.00893862714556,53.42229820376179,35.52744251779556,0.0,30.605861428584024,24.24094203453279,0.0,31.18920547353706,4.899909730850477,0.0,15.181342137549283,9.473725907600098,105.18903895610438,0.0,15.73365695176565,6.0980058271557045,-3.296605795850857,-0.23921409791799753,5.793900710989037,-12.429688819966772,1.81757293438751,0.0
O=c1[nH]cnc2[nH]ncc12,0,10.88425925925926,10.88425925925926,0.16782407407407351,-0.16782407407407351,0.0,4.794537184071822,0.0,5.559266895052007,11.033401435232523,0.0,12.524163646377618,0.0,0.0,20.16532065849649,0.0,0.0,0.0,17.14638888888889,6.7223148148148155,0.34953703703703787,0.0,0.0,2.7817592592592595,0.0,0.0
CCOC(=O)C1=C(C)N=C(C)C(C(=O)OC)C1c1cccc([N+](=O)[O-])c1,0,12.538867630385488,12.538867630385488,0.1322749485596706,-0.8702683295540441,28.697733717044155,19.703392636909218,0.0,17.867372769265746,16.97217580752353,0.0,25.30889874666236,26.83757866753348,0.0,4.992404732635668,9.473725907600098,10.010575318090199,0.0,39.865502286964684,11.140626924782769,1.4057943069203003,-2.8261815003779276,5.853621582892416,0.0,5.138025854600079,1.2453685594608213
O=C(C=CC=Cc1ccc2c(c1)OCO2)N1CCCCC1,0,11.93149016360957,11.93149016360957,0.10188581296716293,0.10188581296716293,0.0,4.794537184071822,0.0,12.700122035451333,0.0,42.993631215941974,6.4208216229260096,12.152040213667762,35.25105114990307,0.0,9.473725907600098,10.595284015299068,0.0,13.842615870447759,0.0,1.0225198937599733,1.6514145804430531,5.785759367796706,10.716654848903259,2.052418090016845,0.0
COc1ccc(CN2CCN(C(c3ccc(F)cc3)c3ccc(F)cc3)CC2)c(OC)c1OC,0,13.572641006823801,13.572641006823801,0.0704013122185927,-0.26824774312621513,0.0,8.78083009534964,0.0,17.676282511239748,17.248535499851716,49.41413650465386,24.26546827384644,21.3293926238326,36.39820241076966,9.799819461700954,14.210588861400147,43.69960180496059,0.0,4.731612733056185,0.0,3.0076439781805258,1.369020172908959,16.980327024258713,0.0,4.03368710944739,4.844773843854301
O=C1Cc2c([nH]c3ccc(Br)cc23)-c2ccccc2N1,1,12.098382345993954,12.098382345993954,0.02506991685563098,0.02506991685563098,0.0,4.794537184071822,0.0,5.907179729351506,6.4208216229260096,37.88386170083949,0.0,0.0,36.39820241076966,32.2970780913645,0.0,1.0182780087343581,3.496891298185941,15.545326790438398,4.062439413265306,5.056525297619049,0.02506991685563098,13.9894507563828,0.38935185185185195,0.0,0.0
O=c1sn(-c2cccc3ccccc23)c(=O)n1Cc1ccccc1,0,12.7746022297808,12.7746022297808,0.2529747732426304,-0.30073507180650005,0.0,9.589074368143644,0.0,17.10746240117236,0.0,33.555772806876824,8.523760756051951,0.0,72.79640482153933,0.0,0.0,2.7593055555555552,0.9397380479969764,24.856890432098766,1.9931198746205965,1.3720254892080295,0.0,23.127757130502438,0.0,0.28449680335096983,0.0
CCC1=CC2CN(C1)Cc1c([nH]c3ccccc13)C(C(=O)OC)(c1cc3c(cc1OC)N(C)C1C(O)(C(=O)OC)C(OC(C)=O)C4(CC)C=CCN5CCC31C54)C2,0,15.171731877595493,15.171731877595493,0.02841434066025439,-2.2744897120699434,45.93044001197398,14.69560176298435,4.794537184071822,17.929052163261204,50.20969741149666,52.92147661975823,26.716436812314956,7.109797541277533,37.070420118603124,58.134696708225256,18.947451815200196,23.885237508424268,0.0,53.11960515592329,14.351386813894859,1.0481408140075348,-1.3108556147384665,11.15248664118315,7.67191080620672,9.19119204355776,6.224229164874214
N#CC1(c2ccc(NC(=O)c3cccnc3NCc3ccncc3)cc2)CCCC1,0,12.853132676681785,12.853132676681785,0.2324618659192066,-0.3790309757395103,0.0,10.056428738810308,0.0,11.322170198748285,23.613456950128164,36.81018947509803,0.0,30.72326485176245,36.39820241076966,26.670755562699348,0.0,0.0,0.0,21.18119505386921,15.812186831011934,2.86746192296106,0.29329872997306317,17.459893740113497,9.089582050045422,0.5463816720258192,0.0
Cn1nccc1Nc1nccc(-c2cc3c(s2)C(C)(C)N(CCN2CCOCC2)C3=O)n1,0,13.280321782294186,13.280321782294186,0.10004514845423973,-0.3428169110147372,0.0,4.794537184071822,0.0,11.446104981734852,5.948339280986494,66.22232620445921,0.0,28.412275956306075,30.146682918912497,39.1308115844335,4.736862953800049,7.15527089617136,1.6390869341563783,28.70100002661585,7.338363814236556,1.2444688318585782,1.4059977027650419,5.722722734498631,3.4464105118539523,9.241012135788287,1.8556664120553654
OC(CCCN1CCCCC1)(c1ccccc1)c1ccccc1,0,11.464900321239607,11.464900321239607,0.7614351851851852,-0.8905686649659863,5.601050810983688,5.106527394840706,0.0,0.0,0.0,30.513302635158585,32.35197768060318,0.0,60.6636706846161,4.899909730850477,0.0,0.0,0.0,2.541574074074074,11.464900321239607,1.0906242257705558,0.0,20.178950550912127,5.787262115481586,3.5200220458553795,0.0
CC(O)C1C(=O)N2C(C(=O)[O-])=C(SC3Cn4cnc[n+]4C3)C(C)C12,0,12.279961825792455,12.279961825792455,0.014716553287982048,-1.3229896279499445,17.991177721861543,19.802129157825057,0.0,28.813903947698865,4.905136513890047,13.08951281182515,16.66179468024159,19.578377349219707,16.28734306998099,4.983978520947208,0.0,3.9626630343495424,1.497675736961451,29.984278639830592,21.675494639239226,-0.014716553287982048,-2.3094983518098595,-0.28931479381876235,2.6964369859003687,4.963647329302091,0.0
CCC(CC)C(NC(C)=O)C1C(N=C(N)N)CC(C(=O)O)C1O,0,11.603859284454522,11.603859284454522,0.09980914588057388,-1.1129166666666668,29.950924597170896,19.802129157825057,0.0,30.247302796330704,0.0,12.841643245852019,6.923737199690624,0.0,13.847474399381248,10.309193336642,11.46733495432437,0.0,0.0,27.10581931846813,22.72846308893928,10.910664210128497,-2.8369307445200302,-0.913425925925927,0.6124726001511718,5.392937452758881,0.0
C/C(=C\CO)CCC[C@H](C)CCC[C@H](C)CCCC(C)C,0,8.82873281002325,8.82873281002325,0.19056002101253688,0.19056002101253688,0.0,0.0,0.0,6.606881964512918,0.0,24.174539761410188,56.93967751347735,0.0,6.076020106833881,34.61868599845312,5.106527394840706,0.0,0.0,0.0,8.82873281002325,1.3365506715416877,2.6259577362061677,0.0,14.091709285094753,11.783716163800806,0.0
CCCCc1oc2ccccc2c1C(=O)c1cc(I)c(OCCN(CC)CC)c(I)c1,0,13.588031555635721,13.588031555635721,0.015348308282093104,0.015348308282093104,0.0,4.794537184071822,0.0,5.783244946364939,17.73378494790691,68.51610223691192,0.0,0.0,36.39820241076966,70.85286258405846,9.154013890853395,14.066643576924024,4.537657986065562,15.920837509397039,0.8918227299408966,2.1506936465053705,1.659588804839891,11.675470526325077,2.8209082632689797,10.016376956733163,0.0
Nc1nc(N)c(N=O)c(OCC2CCCCC2)n1,0,10.679733402620307,10.679733402620307,0.015236887965062174,-0.06943570483749051,0.0,4.907065243988282,0.0,23.333576669940456,12.52478801067431,12.841643245852019,19.26246486877803,0.0,0.0,15.14483896975307,16.20419790812442,5.524305555555555,0.0,18.210145108969513,2.794349489795918,10.932982725497606,0.5193778869572523,0.0,6.006524418409339,0.5123148148148149,0.0
CCN(CC)Cc1cc(Nc2ccnc3cc(Cl)ccc23)ccc1O,0,10.164167159032779,10.164167159032779,0.3229798266107793,0.3229798266107793,0.0,5.106527394840706,0.0,0.0,10.772145147025231,47.4754181908829,0.0,12.263210640074686,36.39820241076966,29.048151255185264,11.600939890232516,0.0,6.052452932178252,6.632934746697373,15.26931220566946,3.651204449627521,0.3229798266107793,13.224150221566196,1.7621229371378182,6.862620458290379,0.0
O=c1c(-n2ccnn2)c[nH]n1-c1cc(N2CCOCC2)ncn1,0,12.50445279037541,12.50445279037541,0.2619189867304941,-0.2619189867304941,0.0,4.794537184071822,0.0,5.559266895052007,24.719012981544427,18.90737558966018,21.887769516667987,18.460054211687762,0.0,30.278615485001836,4.736862953800049,8.089825758386121,0.0,23.057400872385994,10.418360896230388,0.10755763416477793,1.2360768350550102,1.7721612811791383,6.127111697774645,2.8581716914905946,0.0
CC(=O)c1cc2c(o1)C(=O)c1ccccc1C2=O,1,12.165929705215419,12.165929705215419,0.03657974300831457,-0.35398148148148123,0.0,14.383611552215466,0.0,34.433681168540694,11.126902983393991,0.0,12.990104268152233,24.26546827384644,0.0,0.0,4.417150937053347,5.187140022675736,0.0,35.53119771982867,0.0,0.8419019274376425,-0.9475812547241109,7.894901108591584,0.0,1.3257738095238096,0.0
Cc1cccc(-c2[nH]c(C(C)(C)C)nc2-c2ccc3c(c2)OCO3)n1,0,5.5235373493533215,5.5235373493533215,0.09011518959435638,-0.09011518959435638,0.0,0.0,0.0,12.207932775496605,0.0,45.66259163565858,0.0,0.0,43.321939610460284,30.739168640966287,14.457704428547306,10.940131884167553,0.0,13.04735725308642,0.0,4.548619640757539,2.4490686807130264,11.919780529106601,0.0,8.678375345502195,0.0
CC1(C)SC2C(NC(=O)C(NC(=O)N3CCNC3=O)c3ccccc3)C(=O)N2C1C(=O)O,0,13.148421831695643,13.148421831695643,0.17484110528243502,-1.144783373225834,58.09231152496118,29.079213315199816,0.0,6.544756405912575,12.10820789760957,4.899909730850477,16.66179468024159,44.179309741689295,0.0,15.950365812018994,0.0,-0.7204366779871829,1.3110376177687684,64.15983228160117,16.771802418474444,0.47629725424120317,-2.2021649141487627,4.135591126165031,0.0,3.984707560551994,0.0
CC(C)(C)C(=O)C(Oc1ccc(Cl)cc1)n1ccnc1,0,12.534793223873912,12.534793223873912,0.022731481481481186,-0.7373374905517769,11.642891640131648,4.794537184071822,0.0,5.783244946364939,10.772145147025231,0.0,0.0,47.55357513962849,20.771211599071872,4.983978520947208,16.337802844032566,7.471887597631645,5.845208718260967,16.507693093698386,0.623776625619384,-0.5125376135536519,0.5658796296296302,6.927828483245149,4.1680311651409525,5.596676744771983,0.0
O=C(OC1CC2CCC(C1)[N+]21CCCC1)C(O)(c1ccccc1)c1ccccc1,0,13.403308610481231,13.403308610481231,0.09416713907785423,-1.7788516471403373,11.570356098935537,9.901064578912528,0.0,6.103966387748303,23.210584641689913,12.841643245852019,43.255830161223805,24.26546827384644,36.39820241076966,0.0,4.736862953800049,7.323441335250048,0.0,13.403308610481231,11.627108134920636,-0.6713964212228092,-0.547063019652305,19.57892191887613,6.936536670053777,2.5991427712932946,0.0
CC(=O)OC1(C(C)=O)CCC2C3=CC(Cl)=C4CC(=O)C5CC5C4(C)C3CCC21C,0,12.804271711530834,12.804271711530834,0.04942661428411754,-1.0443162504199215,11.016041280380467,14.383611552215466,0.0,29.003352796036353,30.46070028453974,36.2886773738869,12.49684172975989,6.923737199690624,0.0,19.92349450621513,16.337802844032566,5.809150511852533,6.801315061518434,37.16914572390086,0.7310289640547579,0.9522675605736133,1.0594403710005402,0.0,6.7642799295261415,7.407816322017566,0.0
CCN(CC)CCCCNc1ncc2cc(-c3cc(OC)cc(OC)c3)c(NC(=O)NC(C)(C)C)nc2n1,0,12.79498438963526,12.79498438963526,0.3601221712567655,-0.4118745889349693,5.538925252383345,4.794537184071822,0.0,6.031114512338072,34.47585443785405,49.97034457566411,0.0,26.482805722629752,38.9703128044567,44.66570698414513,14.457704428547306,10.907454614784902,0.0,29.051366161421594,9.871121923797201,1.5389071914973347,2.1340969634298252,7.082330197377905,3.861133041693037,14.110884673038315,3.1927052329598915
CN(C)CC/C=C1/c2ccccc2COc2ccccc21,0,5.981337159863946,5.981337159863946,0.6371103395061729,0.6371103395061729,0.0,0.0,0.0,0.0,6.606881964512918,18.71508986212249,22.263459005160254,0.0,6.06636706846161,67.53584328227001,4.736862953800049,5.981337159863946,0.0,2.2103878495842784,0.0,5.034967876039305,0.976669501133787,16.85471986016629,3.3723696145124715,1.6873989827412448,4.215482489292013
CCN(CCO)CCCOc1ccc2c(Nc3cc(CC(=O)Nc4cccc(F)c4)[nH]n3)ncnc2c1,0,13.318538711451158,13.318538711451158,0.048045376595604594,-0.4174591326755446,5.817220841045894,9.184952231746642,0.0,18.934883316790433,41.918190028911475,30.413259366832214,24.52642128014937,12.13273413692322,18.19910120538483,42.62254479705025,9.843390348640755,19.20724160474723,0.0,23.149902217212613,22.747786699530934,1.6991397047256527,1.072336796165809,13.059988581659049,2.3602202518313606,5.203384144127357,0.0
NCCS(=O)(=O)O,1,9.706805555555556,9.706805555555556,0.02893518518518512,-3.7991898148148144,10.118126859033554,8.417796984328938,0.0,12.297610012659364,0.0,0.0,0.0,0.0,0.0,0.0,10.286417350852549,27.32347222222222,0.0,0.0,0.0,4.775486111111111,-0.35416666666666674,0.0,0.0,-0.02893518518518512,-3.7991898148148144
CCNC1CC(C)S(=O)(=O)c2sc(S(N)(=O)=O)cc21,0,12.24113142479214,12.24113142479214,0.09900179516250907,-3.876635133219954,25.11048231980726,16.835593968657875,0.0,14.46019918419212,18.52902952053558,11.336785877934735,6.06636706846161,6.923737199690624,6.923737199690624,5.316788604006331,5.138973737607942,47.270895849080375,0.7416449357520782,0.0,7.727590781683043,0.5221990740740743,0.0,1.2331481481481479,0.43448979591836734,4.232918910619803,-7.329554161942554
CC(C)(Cc1ccc2ccccc2c1)NCC(O)COc1cccc(Cl)c1C#N,1,10.310757037408372,10.310757037408372,0.07745711903269603,-0.7116638998727749,6.103966387748303,10.368418949579192,0.0,17.709258708593257,17.316901552937807,6.4208216229260096,16.335899920626588,18.19910120538483,18.201955449715495,49.49609834569563,16.337802844032566,5.605397635708263,6.001871545840766,0.0,25.709492923022353,1.3264844273948366,0.3837721084577357,21.868731946337636,0.11996821679135827,4.678725640891495,0.0
CC(=O)Oc1cccc2c1C(=O)c1c(OC(C)=O)cc(C(=O)O)cc1C2=O,0,13.057068688586543,13.057068688586543,0.03929280045351469,-1.3556373330119718,29.474405756585423,29.079213315199816,0.0,39.31628112505279,0.0,25.980208536304467,18.19910120538483,0.0,0.0,0.0,9.473725907600098,9.990630563953975,0.0,59.97778606948339,9.241438512018417,-0.966751464474678,-4.657680547833865,6.19326155307802,0.0,2.2213153137747295,0.0
CCOC1OC(=O)CC1NC(=O)C1CCCN1C(=O)C(NC(=O)c1ccc(N)c(Cl)c1)C(C)(C)C,0,13.632634996015376,13.632634996015376,0.001881056237949652,-0.8960245963118438,41.70702470347923,19.178148736287287,0.0,28.82126588706734,31.680667890961075,0.0,23.099010936235306,6.923737199690624,20.771211599071872,10.633577208012662,26.8083332749948,10.520560631895357,6.049789186234694,52.88203336151317,5.864973394863037,5.7083081681514365,-1.6608933818420315,2.259092214627321,0.2554814939431711,7.981766041724947,0.0
C1N2CN3CN1CN(C2)C3,0,2.46875,2.46875,1.1875,1.1875,0.0,0.0,0.0,0.0,0.0,0.0,40.01214713339486,0.0,0.0,19.59963892340191,0.0,0.0,0.0,9.875,0.0,0.0,0.0,0.0,0.0,7.125,0.0
C1=C\COCc2cc(ccc2OCCN2CCCC2)Nc2nccc(n2)-c2cccc(c2)COC/1,1,6.164566571163273,6.164566571163273,0.44963110108853255,0.44963110108853255,0.0,0.0,0.0,0.0,38.98274910355108,40.365936983819495,25.93115605767717,6.196843571613076,36.417508487514205,39.46614512965046,19.194567382347355,17.893200025252558,0.0,11.614003697332347,3.3436533587264106,4.87840627457077,1.3941859305450577,16.2213829847071,8.332919780332514,5.988914615199914,0.0
Cc1cc(F)c(C(=O)Nc2cccc(-c3nncn3C(C)C)n2)cc1-n1cnc(C2CC2)c1,0,14.759382462274777,14.759382462274777,0.06034979423868281,-0.5907526711837667,11.7244005703974,9.184952231746642,0.0,11.605292320844956,28.94148759152837,24.099022732397476,6.06636706846161,36.920108423375524,36.10225446626766,25.48210926250282,0.0,18.49319771002935,0.0,21.924773727094358,10.81346255947469,2.9671627764676742,0.2364068534459286,8.285139778468793,7.598283755524683,5.8482395061611925,0.0
NC(CSCCCO)C(=O)O,0,10.175296595490048,10.175296595490048,0.14812452758881345,-0.9708347505668933,12.011146117099809,4.794537184071822,0.0,6.606881964512918,12.1736752296728,5.752853606746789,11.761884949391115,0.0,0.0,0.0,15.946722266843596,0.0,1.4484259259259258,10.175296595490048,16.730574058327036,5.215835222978081,0.2025911753590326,-0.7789880952380954,0.6914739229024943,0.14812452758881345,0.0
CC(C)(C)CC(C)(C)c1ccc(OCCOCC[N+](C)(C)Cc2ccccc2)cc1,1,5.872315526142862,5.872315526142862,0.15743462729036128,0.15743462729036128,0.0,0.0,0.0,5.414990469396779,18.628754398422615,36.34975909024261,11.126902983393991,0.0,0.0,103.31133357996202,9.473725907600098,12.60684051852354,0.0,0.0,0.0,3.189007027439944,0.9112012828264286,19.194586025450597,1.1460052984973945,15.461155487897631,4.491204359364463
Cc1ccc(S(=O)(=O)NC(=O)NN2CC3CCCC3C2)cc1,0,12.13321271101033,12.13321271101033,0.08939016964810587,-3.8252616895523617,16.054405665745655,13.212334168400758,0.0,4.895483475517775,11.835812092322787,18.652964303522147,31.395199005701247,12.13273413692322,11.932649723645156,10.147886261562473,0.0,26.331543052406147,0.0,12.020928419207188,1.8278652263374486,3.613660685675269,1.2666772020000732,5.693609788446549,3.662137347704281,3.4921733011087404,-3.8252616895523617
C=C(C)c1cc(O)c(C)cc1O,0,9.414259259259259,9.414259259259259,0.1646296296296299,0.1646296296296299,0.0,10.213054789681411,0.0,11.49902366656781,11.126902983393991,5.5731045300692665,12.13273413692322,13.847474399381248,0.0,6.578935683598497,0.0,0.0,0.0,0.0,18.735462962962963,1.998518518518519,0.3505555555555562,3.0479629629629628,0.0,7.200833333333334,0.0
OCC1OC(Oc2cc(O)cc(C=Cc3ccc(O)cc3)c2)C(O)C(O)C1O,0,10.056991673950549,10.056991673950549,0.09032709225665503,-1.5536370889956197,37.312774244841336,30.63916436904423,0.0,17.248535499851716,5.563451491696996,5.563451491696996,12.13273413692322,42.483875555975814,0.0,0.0,9.473725907600098,10.825413883730949,0.0,0.0,58.18123064072094,1.421491144220672,0.22856783297943006,10.93060595599286,-3.5232857049995143,-0.5640237526453387,0.0
O=P(O)(NCCCl)NCCCl,0,10.947716049382716,10.947716049382716,0.2962490551776267,-3.39445987654321,7.670279738874966,4.565048284931329,0.0,0.0,24.84951970176583,0.0,0.0,0.0,0.0,10.174590126154305,28.095291383217507,10.947716049382716,10.586105284706473,8.992716049382716,4.705771604938271,0.0,0.5974305555555557,0.0,0.0,0.5924981103552533,-3.39445987654321
Cc1cc(=O)[nH]c(=S)[nH]1,1,10.568888888888889,10.568888888888889,0.15624999999999978,-0.15624999999999978,0.0,4.794537184071822,0.0,5.559266895052007,4.771065770590158,5.693927994848461,6.06636706846161,6.923737199690624,0.0,22.18583048494111,0.0,0.3750000000000002,4.675925925925926,15.753796296296297,0.0,0.6250000000000004,0.0,1.4541666666666666,0.0,1.7827777777777778,0.0
Cc1cn(C2CC(O)C(CO)O2)c(=O)[nH]c1=O,0,11.564203987150416,11.564203987150416,0.2049773242630386,-0.8156164965986392,29.684844239486956,14.69560176298435,0.0,13.027703587438928,5.563451491696996,0.0,10.763943219404432,6.923737199690624,0.0,4.983978520947208,9.843390348640755,6.5433862433862435,0.0,24.91621275825145,18.50208425191064,-0.6434892027798764,0.0,0.0,-0.5805272108843542,1.262333160115898,0.0
O=C1CC(c2ccccc2)Oc2cc(O)cc(O)c21,0,12.079744425547997,12.079744425547997,0.1270725203661709,-0.3866666666666667,0.0,15.007591973753234,0.0,41.12001994858796,0.0,11.629818560158606,6.06636706846161,0.0,30.33183534230805,0.0,4.736862953800049,5.7092129629629635,0.0,12.079744425547997,19.164441295036532,1.03640164399093,-0.33381529772402674,11.888073927101706,-0.21072562358276659,0.0,0.0
Nc1nc(=O)c2nc(CNc3ccc(C(=O)NC(CCC(=O)O)C(=O)O)cc3)cnc2[nH]1,0,12.26726515911286,12.26726515911286,0.052441952190697805,-1.3137920573191602,29.44689802945517,19.178148736287287,0.0,42.06206836283208,11.381314269532023,0.0,18.3295777085363,12.13273413692322,0.0,30.56949129180149,15.946722266843596,0.0,0.0,60.53546708395859,23.197130080225293,6.471627766600626,-3.1553423526172226,4.862682869247102,0.8577042195709683,0.23073033301464596,0.0
O=P1(NCCCl)OCCCN1CCCl,0,12.18854938271605,12.18854938271605,0.41871527777777784,-2.842183641975309,7.670279738874966,4.565048284931329,0.0,0.0,31.456401666278747,12.965578028838586,0.0,4.6704161899212995,0.0,5.0872950630771525,27.725626942176852,19.24817901234568,11.14777092781557,0.0,2.851219135802469,0.0,0.8729861111111112,0.0,0.892295524691358,2.357510707986899,-2.842183641975309
CCCc1nc(C)c2c(=O)[nH]c(-c3cc(S(=O)(=O)N4CCN(CC)CC4)ccc3OCC)nn12,0,13.41591174339596,13.41591174339596,0.14744517405727775,-3.7089979946166802,10.023291153407584,13.212334168400758,0.0,16.27915486856971,67.55472574653477,12.965578028838586,4.305215991296233,29.638236298691076,13.847474399381248,26.890285780736555,4.736862953800049,35.671713852475484,0.0,22.629020332876284,4.64881345536378,1.0886414712767023,1.3843217629888083,4.722977030318301,1.5207923344118486,11.292717754905471,-3.7089979946166802
CO[C@@]1(NC(=O)Cc2cccs2)C(=O)N2C(C(=O)O)=C(COC(N)=O)CS[C@@H]21,1,12.831008991559585,12.831008991559585,0.07616258701215406,-1.6569607819979852,34.975763224532265,24.284676131127995,0.0,30.050701037310816,0.0,9.777056924551776,30.208468368603384,6.06636706846161,11.446429838927525,10.05365155780638,10.470530430962235,10.018199773646966,2.601179230742514,49.61306388015959,13.22576714808098,3.203017009974999,-2.3114996753854067,3.6076103705528446,-0.9734883661444427,-0.3420775915202323,1.2748948865588474
Clc1ccc(C(c2ccccc2Cl)C(Cl)Cl)cc1,0,6.200874590576971,6.200874590576971,0.16731481481481514,-0.5777078609221469,4.836269690250055,0.0,0.0,5.917906046161393,10.045266627482652,11.126902983393991,0.0,0.0,48.53093654769288,0.0,46.40375956093006,0.0,24.278858847036755,-0.5777078609221469,1.3343551062400278,1.9018417737465363,-0.16731481481481514,15.00774472649142,0.0,0.0,0.0
COc1cc(C2c3cc4c(cc3C(OC3OC5COC(c6cccs6)OC5C(O)C3O)C3COC(=O)C23)OCO4)cc(OC)c1O,1,13.483401667032272,13.483401667032272,0.02415492982864853,-1.471654096581496,66.82290882384797,20.11411936859394,0.0,37.25524173497738,28.189378141658796,4.877147193701299,25.5563809604898,18.19910120538483,23.579163975850747,0.0,42.63176658420044,52.56951362771084,1.4641830106325573,14.32268078917269,35.000003964840836,2.000043371516066,-1.0847244519152293,10.691895729485463,-7.164134010332464,0.17107684235585818,2.8627944598667243
Cn1cnc2c(F)c(Nc3ccc(Br)cc3F)c(C(=O)NOCCO)cc21,0,15.057456144494832,15.057456144494832,0.01601140610565177,-0.8030306096203914,17.541621411443295,9.184952231746642,4.39041504767482,35.668688687706215,9.989420233448676,0.0,24.52642128014937,17.681138698930155,0.0,31.710807621024088,9.94411597857734,31.301551843969317,3.148752923333794,21.23136868799657,11.363563539101058,2.1594921973419003,-2.1935386553164786,5.615006860373473,1.404449001325354,-0.43363384296263896,1.6529874448376431
Nc1ccn([C@@H]2O[C@H](CO)[C@@H](O)C2(F)F)c(=O)n1,0,13.700872071050643,13.700872071050643,0.1140556237927266,-3.7132752267573705,36.654988477042444,18.681894674262168,0.0,5.817862777835028,4.567099647791355,12.263210640074686,0.0,0.0,0.0,4.983978520947208,15.57705782580294,32.70181783824641,0.0,14.718198223733939,18.10387760351054,4.209688995968757,-3.827330850550097,1.1522751322751323,-4.687900132275133,-0.7872934775762155,0.0
CCOC(=O)c1c(CSc2ccccc2)n(C)c2cc(Br)c(O)c(CN(C)C)c12,1,12.986619464915595,12.986619464915595,0.15704713379587143,-0.35787939867304863,0.0,9.901064578912528,0.0,11.718817121235753,34.504114476398684,21.492336402447293,0.0,18.685622149081738,54.87549360051984,28.06267803487257,4.736862953800049,8.04356765481292,5.132845563577435,16.08982068058705,11.502232325054296,3.0180270534139586,0.413380225674599,11.955676642481295,0.0,2.602865177317739,5.824918010414042
COc1ccc2[nH]c([S+]([O-])Cc3ncc(C)c(OC)c3C)nc2c1,0,12.680257542831948,12.680257542831948,0.2772124590576974,-1.3282853048626857,11.175854473385288,4.552749873690364,0.0,5.752853606746789,10.905948315104613,33.60374424675888,0.0,20.416438654168143,32.04657560476608,14.951935562841623,9.473725907600098,23.267698295475412,-1.3282853048626857,11.911460062037264,0.4296249055177628,4.159259620358974,1.7757835154263732,5.508893809513398,1.737963283109387,3.8621827815596546,3.230974587420017
CN(C)CC(c1ccc(O)cc1)C1(O)CCCCC1,0,11.013481670445955,11.013481670445955,0.11425925925925862,-0.5977258125472409,5.601050810983688,10.213054789681411,0.0,11.6674178794453,0.0,37.79149438931361,6.4208216229260096,12.13273413692322,26.2280781022776,4.899909730850477,0.0,0.0,0.0,2.1290669879062736,20.435443909045098,0.5234778911564633,0.39480279457461975,7.30606245275888,5.210677175191064,0.8345984504913077,4.0825370055429575
CNCc1cc(-c2ccccc2F)n(S(=O)(=O)c2cccnc2)c1,0,14.20492402053414,14.20492402053414,0.05018235071806543,-3.872296390778532,15.840511994453479,12.808212032003757,0.0,16.15286296206323,6.544756405912575,9.535857399934107,30.72326485176245,37.37950732498524,0.0,10.300767124953538,0.0,41.185064799067774,0.0,3.9108263259007314,2.9675851127488033,1.247907218442933,-0.4775515453094814,10.784055886243387,4.275498052616108,0.4692582357016879,-2.112644085411941
CCC(C)Nc1cc(C(=O)NC2CC3CCC(C2)N3c2ccc(C(=O)C3CC3)cn2)c(C)cc1C(N)=O,1,13.356120162886626,13.356120162886626,0.06773995104622776,-0.5107816931813696,5.907179729351506,14.383611552215466,0.0,29.692012380173757,34.46142240807047,56.327065630014104,0.0,18.329577708536295,25.980208536304467,27.44120265950097,5.733667477162185,0.0,0.0,44.746071787703926,6.581437199436517,8.603480953390761,0.6917553924059643,8.190951045222096,8.429404251574258,5.923566036933144,0.0
Cc1c(-c2cnccn2)ssc1=S,0,5.154818121693122,5.154818121693122,0.9142129629629633,0.9142129629629633,0.0,0.0,0.0,0.0,0.0,19.95833514653829,0.0,39.271389789569355,6.923737199690624,9.967957041894415,12.217873443046695,0.9496787603930463,5.154818121693122,9.399403817082387,0.0,2.058194444444445,0.0,0.0,5.131954365079365,2.0271296296296297,3.278820861678004
CCOC(=O)C1OC1C(=O)NC(CC(C)C)C(=O)NCCC(C)C,0,12.298327542066719,12.298327542066719,0.20274562757201586,-0.8590960411942563,30.126258621947922,14.383611552215466,0.0,18.431967740025815,18.883484074999977,6.4208216229260096,0.0,6.923737199690624,13.847474399381248,24.481051607393912,9.473725907600098,9.888511650272424,0.0,35.99352425288767,5.543734303715365,0.0,-0.45467054332202905,-0.628048338162426,-0.30862581253076193,10.63224115380643,0.0
CCCCC[C@H](O)/C=C/[C@@H]1[C@@H](C/C=C\CCCC(=O)O)[C@@H](O)C[C@H]1O,0,10.460090784121137,10.460090784121137,0.064985591458806,-0.7866360514942559,24.281204451196757,20.11411936859394,0.0,18.256633715248796,25.683286491704038,25.683286491704038,0.0,6.076020106833881,18.228060320501644,6.923737199690624,5.106527394840706,0.0,0.0,10.460090784121137,38.95205781546734,0.0,-1.004867265276065,0.0,12.302756323944003,2.1232956750769216,0.0
CN(C)CCN(Cc1ccccc1)c1ccccn1,0,4.460590986394558,4.460590986394558,0.8945370370370369,0.8945370370370369,0.0,0.0,0.0,0.0,0.0,25.452131995572753,5.563451491696996,0.0,18.3295777085363,65.2773443587722,0.0,0.0,0.0,8.970776171579743,0.0,1.3119529478458052,1.0353732048374908,16.589404053287982,1.8501851851851852,2.8829452475434616,4.192696523053666
CCc1cc2c(cc1N1CCC(N3CCOCC3)CC1)C(C)(C)c1[nH]c3cc(C#N)ccc3c1C2=O,0,13.884751254741577,13.884751254741577,0.08570209866795242,-0.34965495438303895,0.0,10.056428738810308,0.0,11.198235415761719,11.605292320844956,91.94246182347466,11.250837766380558,6.06636706846161,12.13273413692322,53.75696503143552,4.736862953800049,5.551616391486334,0.0,22.546341653059276,10.258136253506342,7.253612847211976,0.08570209866795242,12.873596097507487,3.2201331067026135,12.46086155185802,0.0
COC1C(=O)C(C)C[C@H](C)/C=C/C=C/C=C(\C)[C@@H](OC)C[C@@H]2CC[C@@H](C)[C@@](O)(O2)C(=O)C(=O)N2CCCCC2C(=O)O[C@H]([C@H](C)C[C@@H]2CC[C@@H](OC(=O)C(C)(CO)CO)[C@H](OC)C2)CC(=O)C(C)=CC(C)[C@H]1O,0,14.540966200030729,14.540966200030729,0.004280131468296311,-2.469432834867463,120.48613053064501,49.19333268379375,0.0,48.361806166886524,64.20821622926012,10.473014260919744,21.14333228224569,40.880766446873906,51.15131213324128,0.0,28.421177722800294,35.4388976942882,0.0,85.37053524926294,43.0956181151689,-0.3625745940642209,-9.326683707991743,-1.20359265457171,9.806467844106466,12.746325149224576,4.4350069045766
CNC(=O)CN(CCN(CCN(CC(=O)O)CC(=O)NC)CC(=O)O)CC(=O)O,0,11.521476953692307,11.521476953692307,0.11247685185185152,-1.127871306340858,30.997428675680695,23.97268592035911,0.0,57.62765430009103,0.0,0.0,28.79507315790581,0.0,0.0,10.633577208012662,15.319582184522117,0.0,0.0,60.298967009929804,31.797656638254097,0.0,-4.130128250474709,0.0,0.0,-0.9694722451270072,2.8363101807511564
O=C(O)CCCCC1SCC2NC(=O)NC21,1,11.112311058299966,11.112311058299966,0.06404076908541168,-0.7289005941882929,5.9693052879518484,9.589074368143644,0.0,24.535617793560004,5.249938029982174,25.01531847552482,0.0,0.0,11.761884949391115,10.633577208012662,5.106527394840706,0.0,1.8706235827664397,21.461060454663446,14.778325358303713,0.0,0.23638104161417628,0.43994239208028896,2.8803338372385983,0.0,0.0
CC(=O)OCC[N+](C)(C)C,0,10.300428004535148,10.300428004535148,0.200509259259259,-0.200509259259259,0.0,4.794537184071822,0.0,5.9693052879518484,6.606881964512918,11.027787263607198,6.923737199690624,0.0,0.0,21.143015948031568,4.736862953800049,5.59,0.0,10.300428004535148,0.0,0.0,-0.200509259259259,0.0,0.0,2.799675925925926,6.177071995464853
CCOCc1cc(OC)c(-c2ccc(CC(NC(=O)c3c(F)cccc3F)C(=O)O)cc2)c(OC)c1,0,13.918983693445144,13.918983693445144,0.09822493411491218,-1.3988171604935407,35.1162190202401,23.47643185833399,0.0,6.4208216229260096,35.839690578987636,29.32600418877882,0.0,38.485063356401504,19.056471336613843,5.316788604006331,14.210588861400147,44.45657335213008,0.0,24.131119752326548,11.778527214308829,2.1243888995097278,-3.458570241043271,12.250083863393595,-0.09822493411491218,2.880303347097291,3.102465413058778
CN1[C@H](CC(=O)c2ccccc2)CCC[C@H]1C[C@H](O)c1ccccc1,1,12.53275427998462,12.53275427998462,0.20991466969912143,-0.447014009052249,6.103966387748303,9.901064578912528,0.0,11.8250857755129,12.462662452073971,36.81018947509803,0.0,0.0,60.6636706846161,11.947581713527667,0.0,0.0,0.0,14.84872650220684,10.543094213019357,1.764564039088751,0.20991466969912143,19.96350637768116,4.068527531638101,0.0,2.1016666666666666
CC(C)c1cc(CNc2nc(Nc3cc(C4CC4)[nH]n3)cc(N3CCN(C)CC3)n2)on1,1,5.449244370774368,5.449244370774368,0.32823531099865844,0.32823531099865844,0.0,0.0,0.0,0.0,30.146770557056882,49.268926593043254,18.53557124070048,0.0,12.13273413692322,67.73291551490838,9.507073457920555,5.449244370774368,0.0,14.08176077799111,18.318030333030716,2.1312335400467064,4.64922520688366,6.043592733398032,2.466116598193445,8.546189238521732,2.1479405344935647
N[C@@H]1C[C@H]1c1ccccc1,0,5.698501511715798,5.698501511715798,0.4327777777777777,0.4327777777777777,0.0,0.0,0.0,0.0,11.959746875309353,0.0,11.984273114623004,0.0,6.06636706846161,24.26546827384644,5.733667477162185,0.0,0.0,0.0,0.0,7.096649659863946,0.6538888888888889,10.91214663643235,1.170648148148148,0.0,0.0
CCC(C)CC(C)CCCCCCCCC(=O)CC1C[C@@H](O)[C@H](NCCN)NC(=O)C2[C@@H](O)CCN2C(=O)C([C@H](O)CCN)NC(=O)C([C@H](O)[C@@H](O)c2ccc(O)cc2)NC(=O)C2C[C@@H](O)CN2C(=O)C([C@@H](C)O)NC1=O,0,14.589844030945688,14.589844030945688,0.014570584432216593,-2.2715555317610425,146.27095016907347,74.4139794472284,0.0,62.537698763774166,18.256633715248796,54.745570822183026,37.61002709646307,0.0,0.0,47.35515461910353,11.46733495432437,0.0,0.0,102.21217006991937,102.06484270950331,11.503029936663209,-7.38072767780039,-4.639714276164076,-6.764140350441132,6.837872921653015,0.0
CCOC(=O)C1=CC(OC(CC)CC)C(NC(C)=O)C(N)C1,0,11.953987622826908,11.953987622826908,0.06134603069622879,-0.4194850718065004,6.103966387748303,9.589074368143644,0.0,30.06413306334758,18.600808117508194,12.841643245852019,6.923737199690624,12.999757306524504,13.847474399381248,5.316788604006331,15.207393384762284,11.099639707734946,0.0,23.365285843905973,2.840979623330814,6.67760582010582,-0.524117037246997,-0.7185695389266824,3.4772332189048454,7.6152756955246135,0.0
CCCC1O[C@@H]2C[C@H]3[C@@H]4CC=C5CC(=O)C=C[C@]5(C)[C@H]4[C@@H](O)C[C@]3(C)[C@]2(C(=O)CO)O1,0,13.22406644012186,13.22406644012186,0.01252884332745463,-1.2068754199210545,36.1208827497252,19.802129157825057,0.0,34.735198500610835,25.683286491704038,18.414747775921285,0.0,6.076020106833881,6.076020106833881,26.847231705905752,9.473725907600098,12.655748218632418,0.0,25.241645742883794,21.406990685307683,-1.0628494860218338,0.06424084858294732,0.0,8.280465206807005,5.663758783807988,0.0
CCC(COC(=O)c1cc(OC)c(OC)c(OC)c1)(c1ccccc1)N(C)C,0,12.804456569664902,12.804456569664902,0.21826073948097724,-0.44920445956160093,11.508230540335195,4.794537184071822,0.0,6.606881964512918,22.81198699154871,11.984273114623004,21.3293926238326,12.13273413692322,32.29444517073921,23.95638106746432,18.947451815200196,21.69065552818522,0.0,14.892553277483831,0.0,1.017501658970139,0.8003136637843091,13.244600061016076,0.7842739057412577,2.3018656619621622,8.518236242857004
C=CCc1ccc(O)c(OC)c1,0,9.252350245653817,9.252350245653817,0.17158541194255506,0.17158541194255506,0.0,5.106527394840706,0.0,5.749511833283905,5.749511833283905,11.984273114623004,7.109797541277533,12.13273413692322,12.142387175295491,6.578935683598497,4.736862953800049,4.947657785336357,0.0,0.0,9.252350245653817,1.0830092592592595,0.6802428193499628,5.272037037037037,2.599663643235072,3.630571617535903,1.5344675925925926
CCCCCCCCCCCC(=O)O,1,10.206401754575976,10.206401754575976,0.3430899908172633,-0.6593094491520717,5.9693052879518484,4.794537184071822,0.0,0.0,6.4208216229260096,12.841643245852019,44.94575136048208,0.0,0.0,6.923737199690624,5.106527394840706,0.0,0.0,10.206401754575976,8.413285734169538,0.0,-0.6593094491520717,0.0,11.478212153140003,2.2280764739332213,0.0
Cc1sc2c(c1C)C(c1ccc(Cl)cc1)=NC(CC(=O)Nc1ccc(O)cc1)c1nnc(C)n1-2,0,12.999353798541659,12.999353798541659,0.08637918696285096,-0.5386118459729576,6.041840829147961,9.901064578912528,0.0,18.07751318556142,16.534424086424814,33.227525952549485,17.00988133062452,23.469520014857956,35.75630512132842,29.361626619989654,16.593344622868184,2.0187697326745546,7.820195197901582,19.28588752751466,22.770648693821304,4.492240114966938,1.3041044707982412,13.407406605988925,0.08637918696285096,6.0921462471487215,0.0
CCCNC(=O)c1cn2ncnc(Nc3cc(C(=O)NC4CC4)ccc3C)c2c1C,0,12.49304209795746,12.49304209795746,0.06746980557336824,-0.12432873489643081,0.0,9.589074368143644,0.0,11.814359458703011,29.531362996289555,41.59345484447184,6.3273200747645415,10.712241465228699,38.9703128044567,26.033026141267236,0.0,1.6572542902223637,0.0,29.318657690755035,13.503911856842052,4.47495847809562,0.39143535030873444,5.87495160700542,6.122664337161877,6.489499722942231,0.0
CCN(CC)CCOCCOC(=O)C1(c2ccccc2)CCCC1,0,12.715290681891062,12.715290681891062,0.08468248719240745,-0.441983688734906,5.414990469396779,4.794537184071822,0.0,5.9693052879518484,19.820645893538753,50.88100720113876,0.0,0.0,30.33183534230805,18.747384130231726,9.473725907600098,11.166498960695389,0.0,15.029709875111664,0.0,0.6505642423470259,-0.08468248719240745,10.082892909055184,3.9504529939295168,8.787896839386963,0.0
CN(CC1COCCO1)S(=O)(=O)Nc1ccc2ccc3ncc(-c4cnn(C)c4)cc3c(=O)c2c1,0,13.51220830564029,13.51220830564029,0.15089993190857642,-3.869935543010713,10.209329170397666,13.212334168400758,0.0,23.76489946024498,41.4960192545494,11.126902983393991,11.352887973973424,53.473692489141,13.244515554290267,14.804755193700334,9.473725907600098,42.1077997587674,0.0,17.986096686886277,5.685759025217652,2.2260878881419375,0.0,10.285876831200223,4.936860605793204,1.433118971376782,-0.5782664340501411
CN1CCN(CCCN2c3ccccc3Sc3ccc(Cl)cc32)CC1,0,6.28969506896116,6.28969506896116,0.8081470645088976,0.8081470645088976,0.0,0.0,0.0,0.0,0.0,24.53296774849249,47.34476512405297,0.0,17.828252017852726,58.14560358599828,11.600939890232516,0.0,8.13016024583642,10.068546172648054,0.8081470645088976,2.5511311623414805,0.0,14.92635962744789,1.161377551020408,6.923382623302356,2.2086733306722692
NCCC(O)C(=O)NC1CC(N)C(OC2OC(CN)C(O)C(O)C2O)C(O)C1OC1OC(CO)C(O)C(N)C1O,0,12.578430739026395,12.578430739026395,0.010081053986384259,-1.7558306551468605,110.36326790521005,45.64675634279746,0.0,25.93115605767717,0.0,0.0,0.0,0.0,0.0,5.316788604006331,41.88212172384894,22.508987749652608,0.0,12.578430739026395,84.8515698880727,23.07815814323158,-0.8451654705857445,-3.4543834318598456,-19.819150484244457,-0.8984471332932249,0.0
NC(=O)N1c2ccccc2C=Cc2ccccc21,0,11.75297052154195,11.75297052154195,0.4735185185185171,-0.4735185185185171,6.031114512338072,4.794537184071822,0.0,0.0,0.0,22.501675532761116,0.0,4.899909730850477,60.68297676136064,0.0,5.733667477162185,0.0,0.0,13.299266817838246,0.0,9.106447467876041,0.0,14.93335978835979,3.994259259259259,0.0,0.0
CC[C@@]1([C@H]2O[C@H]([C@H]3O[C@@](O)(CO)[C@H](C)C[C@@H]3C)C[C@H]2C)CC[C@H]([C@@]2(C)CC[C@]3(C[C@H](O)[C@@H](C)[C@@H]([C@H](C)[C@H](OC)C(C)C(=O)O)O3)O2)O1,0,11.827280958403858,11.827280958403858,0.15290077450854178,-1.5635280664949907,59.58231638897963,25.220646763434644,0.0,54.00539578180017,19.26246486877803,32.10410811463005,7.109797541277533,6.923737199690624,20.771211599071872,27.694948798762496,28.421177722800294,39.424156647014314,0.0,11.827280958403858,41.84381448031301,-1.1462248719684336,-4.522871621843083,0.0,2.992973699952855,15.556930572278599,1.5239401358488724
CCNC1CC(N)C(OC2OC(CN)=CCC2N)C(O)C1OC1OCC(C)(O)C(NC)C1O,1,11.270989977009325,11.270989977009325,0.048281742999490396,-1.2807990313722777,60.7224923080912,15.319582184522117,0.0,19.193479199573453,25.14556452342077,0.0,0.0,13.971409182367815,12.999757306524504,10.633577208012662,36.148454246686754,23.55063754796123,0.0,0.0,38.75552609539141,16.93162772083313,0.5720228894628459,-1.9507907570072154,-3.053029865970192,4.3031516587738485,1.640854710554941
O=C(c1ccc2nccnc2c1)N1CCCCC1,0,12.321150321239607,12.321150321239607,0.11319727891156539,0.11319727891156539,0.0,4.794537184071822,0.0,5.907179729351506,5.563451491696996,36.96455749290969,6.4208216229260096,12.393687143226153,23.09901093623531,9.967957041894415,0.0,0.0,0.0,22.69564956538171,0.0,2.31754962941967,0.11319727891156539,5.534462159863946,6.7610883303938865,1.7447197026958932,0.0
COc1c(O)cc(O)c2c(=O)cc(-c3ccccc3)oc12,0,12.215951908541193,12.215951908541193,0.011741780045351424,-0.4112008692365834,5.428790391900541,15.007591973753232,0.0,28.217779855958753,11.323698910571437,6.06636706846161,13.176164609739143,12.13273413692322,18.19910120538483,0.0,9.154013890853395,10.732729119425548,0.0,12.215951908541193,19.60964868354749,0.313557256235828,-0.3040699273536567,11.41757222642143,0.0,0.0,1.347944066515495
CC(C)=CCC/C(C)=C/CC/C(C)=C/CC=C(C)C=Cc1c(C)c(O)c2ccccc2c1O,1,10.711078933402167,10.711078933402167,0.21286040104109216,0.21286040104109216,0.0,10.213054789681411,0.0,11.49902366656781,21.899351412323583,37.67721264469932,16.7193135902078,0.0,43.341245687204825,58.92276642578864,0.0,0.0,0.0,0.0,22.582410391006214,6.749077848025727,0.43922094512412735,7.38681466320822,18.382183303149745,12.626959516152635,0.0
COc1ccccc1OCCNCC(O)COc1cccc2[nH]c3ccccc3c12,0,10.288871250686277,10.288871250686277,0.2073268910155639,-0.628033772150836,6.103966387748303,5.106527394840706,0.0,6.606881964512918,31.19541844290588,27.555361697446024,0.0,7.109797541277533,60.6636706846161,16.367134193415147,14.210588861400147,16.923660609313117,0.0,3.398281053806934,15.633087683505185,2.0931623701130935,2.1790765398261898,21.57988292641224,-0.628033772150836,1.7022495404545304,1.6186330487195506
CC(C)CC(NC(=O)CNC(=O)c1cc(Cl)ccc1Cl)B(O)O,1,11.986642914882003,11.986642914882003,0.16008332808432035,-1.667198216446052,24.873944390793174,19.63711951827565,0.0,23.04874725751229,11.443454936667337,0.0,12.13273413692322,6.06636706846161,13.847474399381248,10.633577208012662,23.20187978046503,0.0,11.705622105248414,23.80657203570729,23.9518218694307,0.16008332808432035,-1.7046526538547946,4.4328936536480725,0.4002722654463273,3.470141168291282,-1.667198216446052
O=c1c(O)c(-c2ccc(O)c(O)c2)oc2cc(O)cc(O)c12,0,12.14287430713026,12.14287430713026,0.1339191232048378,-0.887671485260771,22.677325891752254,30.327174158275348,0.0,33.791966933246286,0.0,24.26546827384644,6.06636706846161,0.0,0.0,0.0,4.417150937053347,5.353238851095994,0.0,12.14287430713026,47.63361219952218,-0.8899886621315185,-2.713941746451665,5.640871717501407,0.0,0.0,0.0
Nc1ccc(S(=O)(=O)Nc2ccnn2-c2ccccc2)cc1,1,12.401340073066264,12.401340073066264,0.14121451667086626,-3.696885511148903,10.023291153407584,8.417796984328938,0.0,4.895483475517775,11.50524905251859,5.687386274683562,23.011380643681477,18.19910120538483,30.33183534230805,9.820776672753126,5.733667477162185,28.85832136558327,0.0,0.14121451667086626,4.14811056521374,6.85064045490293,0.36391203703703723,16.882469493551763,1.5355504115226337,0.0,-3.696885511148903
CC(CN(C)C)CN1c2ccccc2CCc2ccccc21,0,2.533564814814815,2.533564814814815,0.6196409674981104,0.6196409674981104,0.0,0.0,0.0,0.0,5.917906046161393,25.931156057677168,22.501675532761116,0.0,0.0,79.34983717443886,0.0,0.0,0.0,4.811637849584278,0.0,5.710757747543463,0.6196409674981104,17.772355914588058,2.2614051083396323,4.517022392290249,4.307180020156211
Nc1ncnc2c1ncn2[C@@H]1O[C@H](CO)[C@@H](O)[C@@H]1O,0,9.950183767951625,9.950183767951625,0.21804944045519536,-1.1891298185941046,31.146682298492692,10.213054789681411,0.0,5.817862777835028,11.16387793838399,0.0,17.22173979732044,0.0,0.0,14.951935562841623,15.57705782580294,6.854490740740741,0.0,11.892376700680273,28.737643350550098,6.444158005794912,0.21804944045519536,0.0,-1.422987449609475,-0.3903974552784075,0.0
COCCc1ccc(OCC(O)CNC(C)C)cc1,1,9.72607924092502,9.72607924092502,0.3027160493827161,-0.4902148835378455,6.103966387748303,5.106527394840706,0.0,0.0,19.193479199573453,18.777215420722833,5.563451491696996,7.109797541277533,38.11294267322769,5.316788604006331,9.473725907600098,10.568141544202149,0.0,0.0,12.895984623836634,1.2187249207789435,0.782188681027967,8.260365096363474,0.4102944713749186,5.665825091731929,1.6984755706839871
Cc1ccc(-n2nc(C(C)(C)C)cc2NC(=O)Nc2ccc(OCCN3CCOCC3)c3ccccc23)cc1,0,13.24385986732241,13.24385986732241,0.16997731816187445,-0.33809285912998166,0.0,4.794537184071822,0.0,11.446104981734852,18.11213101703151,66.31475917020606,0.0,4.681802935145184,73.65377495276834,36.30469853793501,14.572407715901136,13.37032289878332,0.0,15.589436999789578,12.737129678067953,3.4767953935534694,1.4080869010982995,21.445704845766706,0.0,13.222523282940676,0.0
CC1CCc2cc(F)cc3c(=O)c(C(=O)O)cn1c23,0,13.55430602796674,13.55430602796674,0.0964455782312923,-1.2784863945578235,17.215316520898284,13.979489415818463,0.0,16.991516535309753,11.937522340542271,18.050640183084614,12.263210640074686,4.567099647791355,6.923737199690624,0.0,5.106527394840706,15.33055602796674,0.0,23.23349229969766,9.235004487906274,0.5034155328798194,-1.7754846938775506,2.644799225245653,2.868054610733182,1.9601625094482238,0.0
C=CC(C)(O)CCC1C(C)(O)CCC2C(C)(C)CCCC21C,1,11.070635865457294,11.070635865457294,0.18129960317460325,-0.8297932020030241,11.202101621967376,10.213054789681411,0.0,11.332896515558172,17.75371813848418,19.26246486877803,19.26246486877803,6.076020106833881,13.847474399381248,27.35014728267037,0.0,0.0,0.0,0.0,21.377671918304358,-0.8998579617032001,0.9281528722600144,0.0,8.960144715293524,14.80055512251197,0.0
O=C(NOCC(O)CO)c1ccc(F)c(F)c1Nc1ccc(I)cc1F,0,14.16882046106117,14.16882046106117,0.15223417108451343,-1.369451005710926,48.36395884394689,17.96578232709628,0.0,11.250837766380558,3.5701822710653963,12.13273413692322,12.13273413692322,6.06636706846161,28.070967225189257,10.154377187742964,10.213054789681411,42.29665510134873,1.8851901147041397,16.812506677204603,20.160683488320167,0.8524361677917778,-4.269184273852381,5.771409171981536,-1.2233919182563937,-0.9996378625755142,0.0
Cc1cccc(C)c1N=C1NCCCS1,0,4.6856481481481485,4.6856481481481485,1.05234339569161,1.05234339569161,0.0,0.0,0.0,0.0,0.0,17.399794450174188,23.300578213066792,0.0,11.761884949391115,42.35576894140808,0.0,0.0,1.8143301209372635,4.6856481481481485,4.403167044595616,3.6114323507180655,1.17734339569161,6.301158667170572,1.2325799949609473,5.274340277777777,0.0
CC(=O)Nc1nc2c(Oc3cc(-c4ccc(C(F)(F)F)cc4)ncn3)cccc2s1,0,12.753866789470909,12.753866789470909,0.20969908719660735,-4.40199459198598,11.73975000914047,17.96578232709628,0.0,11.787168065786876,27.655150517284955,16.83265405339232,42.78694435777473,12.13273413692322,6.06636706846161,20.268724166847953,4.736862953800049,44.92524589270652,1.305919203790499,23.813303606113127,3.0842267619484156,0.7324819589088658,0.4096339870960397,11.548448216858034,-3.1319001055190645,1.3959738114308944,0.0
Nc1c(CC(=O)O)cccc1C(=O)c1ccccc1,0,12.277709278155708,12.277709278155708,0.19271526203073797,-0.9759165826824552,5.9693052879518484,9.589074368143644,0.0,17.89145284397451,16.690354475090988,0.0,0.0,42.46456947923127,6.06636706846161,0.0,10.84019487200289,0.0,0.0,23.009298661996173,8.797400569808579,7.440946712018141,-1.1793066053581918,13.62437592356604,-0.19271526203073797,0.0,0.0
CN(C)c1ccc(-c2nc3c(N4CCN(CC(=O)Nc5nccs5)CC4)c(Cl)cnc3[nH]2)cc1,1,12.308952533990452,12.308952533990452,0.05096080541148207,-0.05096080541148207,0.0,4.794537184071822,0.0,5.907179729351506,22.34612542026096,54.458354880330596,11.336785877934735,12.393687143226153,31.608140872743515,47.1011874963226,16.58491841117972,0.0,8.013963982695213,35.48760508361002,5.878376812379951,4.456587002215315,0.7072024905098199,8.217419676714762,3.348919317133915,3.3035804743930637,4.030789604792387
Cc1ncsc1CCCl,0,5.5438271604938265,5.5438271604938265,0.6974537037037039,0.6974537037037039,0.0,0.0,0.0,0.0,5.880003444970339,12.114749617774471,4.877147193701299,11.336785877934735,12.434276473308003,4.983978520947208,11.600939890232516,0.0,7.222391975308641,5.405293209876543,0.0,2.9839506172839507,0.6974537037037039,0.0,0.9564043209876543,2.012283950617284,0.0
CCNC(=O)CC1N=C(c2ccc(Cl)cc2)c2cc(OC)ccc2-n2c(C)nnc21,0,12.42603396406517,12.42603396406517,0.08569827622406945,-0.4844231859410433,6.041840829147961,4.794537184071822,0.0,12.328001352277514,23.141306050937736,28.35037875884818,0.0,7.109797541277533,60.879143526403865,15.514152220608405,21.330207576668233,7.4300868204856005,6.104154118459443,17.428989368449145,12.119089376248919,3.407921312043337,1.987332461404282,12.823357461297276,0.17478826355645172,4.338889856804199,1.6298354056957953
CCOC(=O)C1=C[C@]2(CC)CCCN3CCc4c(n1c1ccccc41)[C@@H]32,0,12.921032690854117,12.921032690854117,0.041558484504913284,-0.18979166666666702,0.0,4.794537184071822,0.0,11.384295757348628,12.648722793660879,43.56571771127527,23.064425323936263,0.0,6.923737199690624,46.73223495901278,4.736862953800049,7.689764503023431,0.0,15.576932870370367,1.300763888888889,4.709249338624339,-0.18979166666666702,8.923476710128497,6.726872323003274,6.846065365961199,0.0
O=C(O)CN(CCN(CC(=O)O)CC(=O)O)CC(=O)O,0,10.554992703871672,10.554992703871672,0.07027777777777766,-1.2275285546317296,50.056246775457694,19.178148736287287,0.0,13.08951281182515,0.0,9.799819461700954,0.0,0.0,0.0,0.0,20.426109579362823,0.0,0.0,44.36157323423197,34.465751868648695,0.0,-4.910114218526917,0.0,0.0,-2.250544217687075,0.0
Cc1oncc1C(=O)Nc1ccc(C(F)(F)F)cc1,0,12.350300347233068,12.350300347233068,0.236016589506173,-4.395233082430503,17.646929738491977,17.96578232709628,0.0,11.250837766380558,5.7602474188744415,12.13273413692322,18.329577708536295,6.923737199690624,0.0,10.473451861131776,4.523094936973348,41.77844365804683,0.0,11.7445206207483,5.903751521780022,-0.27300441704459555,-0.1500737486352559,4.165985922146636,-3.150441415763836,1.5641511920552325,0.0
CC(C)OC(=O)CCCC=CCC1C(O)CC(O)C1CCC(O)CCc1ccccc1,0,11.543842089060048,11.543842089060048,0.0065230274208445405,-0.5134008494719657,18.31189916324491,20.11411936859394,0.0,23.90908376802294,38.524929737556064,19.26246486877803,5.563451491696996,0.0,38.122595711599956,18.208754243757102,4.736862953800049,5.12222353722379,0.0,11.543842089060048,31.181980862169286,1.2206994230533783,-0.14430747000062727,10.14068295884416,8.578049224244452,3.6901627087388498,0.0
CC(C)c1ccc(NC(=O)Cn2cnc3c2c(=O)n(C)c(=O)n3C)cc1,0,12.381412627807066,12.381412627807066,0.07353591899722867,-0.4771422984049243,11.24901029325548,14.383611552215466,0.0,23.615814073648068,11.605292320844956,4.567099647791355,35.12031482739862,0.0,24.26546827384644,24.148241524334786,0.0,3.743810483814993,0.0,40.78806632225984,2.806190239984883,1.4179277230318217,0.1365073239900152,7.639690620560028,1.395781893004115,4.131952729929232,2.9400726634250747
CCn1c(N)c(C(=O)NC)c(=O)c2ccc(C#C[C@@](C)(O)COC)nc21,0,12.644658880731662,12.644658880731662,0.04938768189782827,-1.3215173735612495,16.937020932235733,14.69560176298435,0.0,23.37442044850974,17.885861621528765,0.0,21.081206723645348,16.699833784714574,6.923737199690624,22.141635762664826,10.470530430962235,6.4898451397044115,0.0,29.04896291927646,12.753240807915994,4.823569813957621,4.959837413836073,3.112293792517007,0.0,3.8244302305106257,2.904486548948476
CCc1cccc(CC)c1NC(=O)N1Cc2[nH]nc(NC(=O)c3ccc(N4CCN(C)CC4)cc3)c2C1,1,13.139416918387782,13.139416918387782,0.15558169137057254,-0.21612056692639303,0.0,9.589074368143644,0.0,11.938294241689578,24.470827081357175,72.77972388880887,0.0,4.899909730850477,30.33183534230805,63.65864080529734,0.0,0.0,0.0,32.48772135133405,13.357411616566209,6.539655209152511,0.25762924176659774,13.691411461357339,1.6923627493283369,9.005671238323895,2.1348037988377224
Cc1cc2c(C(=O)NCC(C)c3ccccc3)c(O)c(O)cc2c(O)c1-c1c(C)cc2c(C(=O)NCC(C)c3ccccc3)c(O)c(O)cc2c1O,1,13.521351026613171,13.521351026613171,0.03908410474537094,-0.6558192779692715,34.81240679183863,40.22823873718787,0.0,80.2230513953629,11.126902983393991,23.259637120317212,0.0,25.980208536304467,74.51114508399735,10.633577208012662,0.0,0.0,0.0,27.042702053226343,72.71922686651271,2.7072807041236273,-4.734377573829464,24.59361290835596,0.0,7.671555041610818,0.0
CC(C)n1nc(-c2ccc3oc(N)nc3c2)c2c(N)ncnc21,1,6.066019673301419,6.066019673301419,0.13663428025531243,0.13663428025531243,0.0,0.0,0.0,12.056499534160436,22.56476085786126,16.643603701010253,6.3273200747645415,0.0,36.72837853991126,20.05061737114266,15.884485891377718,7.142429243302258,0.0,12.58058085579911,5.411397392290249,15.249625068410692,0.39968854980263746,5.859510634500714,1.4479489550386013,4.075485967522403,0.0
Nc1ccccc1C(=O)CC(N)C(=O)O,0,11.557037037037038,11.557037037037038,0.24648148148148152,-1.1964328231292514,12.011146117099809,9.589074368143644,0.0,12.204066569290948,11.250837766380558,0.0,0.0,24.26546827384644,0.0,0.0,16.573862349165076,0.0,0.0,21.99958034139582,8.538617409926934,11.45532927059713,-1.5547661564625845,5.307720616024187,-0.24648148148148152,0.0,0.0
NC(CO)C(=O)O,0,9.645324074074074,9.645324074074074,0.5046296296296298,-1.1782407407407407,18.618028081612728,4.794537184071822,0.0,0.0,0.0,0.0,0.0,0.0,0.0,0.0,15.946722266843596,0.0,0.0,9.645324074074074,15.896342592592593,4.766203703703704,-1.1782407407407407,-1.1250000000000007,0.0,-0.5046296296296298,0.0
Cc1cc(Nc2nc(NC(C)c3ncc(F)cn3)ncc2Cl)[nH]n1,0,12.88194845029448,12.88194845029448,0.3110885141093478,-0.4907130287182182,5.817220841045894,4.39041504767482,0.0,6.041840829147961,28.431102648397808,18.087615138074614,6.196843571613076,0.0,19.913841467842857,40.766854908403566,11.600939890232516,12.88194845029448,6.107953377946763,16.287800951664888,13.273430697676522,0.8362109653447136,1.3483811152397431,1.5088713852934699,3.688752103075696,3.6777620645748352,0.0
Cc1cc(C(C)(C)C)c(O)c(C(C)(C)C)c1,0,10.384490740740741,10.384490740740741,0.017754629629629592,-0.017754629629629592,0.0,5.106527394840706,0.0,10.829980938793557,5.749511833283905,11.126902983393991,5.563451491696996,0.0,0.0,60.598894534757584,0.0,0.0,0.0,0.0,10.384490740740741,3.258472222222223,0.4635185185185189,4.175740740740741,0.0,14.884444444444444,0.0
CCC(=O)OCC(=O)C1(OC(=O)CC)C(C)CC2C3CC=C4CC(=O)C=CC4(C)C3(F)C(O)CC21C,0,17.359482290046415,17.359482290046415,0.040939799886738015,-2.0548121220927404,70.28621358153696,24.284676131127995,4.39041504767482,31.466531438068976,18.414747775921285,0.0,6.076020106833881,33.770968905596376,12.999757306524504,0.0,9.473725907600098,28.501381082285754,0.0,50.349042703970774,11.535523260242776,-5.276233545903042,-3.2806746518015815,0.0,4.299363173541929,8.038264644330054,0.0
CN(N=O)C(=O)NC1C(O)OC(CO)C(O)C1O,0,11.303411674855127,11.303411674855127,0.4066988693625595,-1.6346740362811791,43.28176319857907,25.021184612582218,0.0,0.0,5.008912523954531,7.04767198267719,0.0,0.0,0.0,10.60267332496904,9.843390348640755,4.798582530234317,0.0,21.39354864438378,42.352026936157074,0.0,0.0,-2.3279180839002267,-5.844696187116823,-0.6054075333837239,1.0671970269589317
COc1ccc(C2=NC(c3ccc(Cl)cc3)C(c3ccc(Cl)cc3)N2C(=O)N2CCNC(=O)C2)c(OC(C)C)c1,0,14.346270348674448,14.346270348674448,0.042136401724244266,-0.5278411071218612,12.083681658295921,9.589074368143644,0.0,24.587017035350456,46.032874383329876,11.126902983393991,0.0,35.10871820836332,62.37841094707413,5.316788604006331,37.668010420700796,11.653364316748327,12.461193259779463,35.030626116351144,3.9737243608820645,2.3665420988354198,1.3870548318424418,18.98505892682465,-0.13710614051252623,4.579532249344833,1.5888988687930719
CN(C)CCCOc1nn(Cc2ccccc2)c2ccccc12,0,5.92944208238851,5.92944208238851,0.6850442491811539,0.6850442491811539,0.0,0.0,0.0,0.0,6.606881964512918,36.29324770326759,5.563451491696996,0.0,22.880904140530014,60.49213791527555,4.736862953800049,7.949229497354496,0.0,2.1621738788107834,5.75922760770975,2.346179149383966,0.7317474489795919,18.62442987322722,0.9929287411322042,2.4539604888991615,4.146789981169491
C=C1C(=CC)c2cc3[nH]c(cc4[nH]c(cc5nc(cc1n2)C(CC)=C5C)c(C)c4CCC(=O)O)c(C=CC(=O)O)c3C,0,11.52784154542306,11.52784154542306,0.019120440675933992,-1.0501185594151303,11.938610575903697,19.802129157825057,0.0,6.4208216229260096,11.937522340542271,96.36887994906756,0.0,6.076020106833881,51.11269997975219,30.39436712487416,9.967957041894415,0.0,0.0,39.90132019496361,18.82967800219056,13.62359404683723,-1.9258899624592951,7.886014554429057,5.807746855462231,14.377536308576605,0.0
CC12CCC3c4ccc(O)cc4CCC3C1CCC2O,0,10.372486615016376,10.372486615016376,0.08827338960275477,-0.08827338960275477,0.0,10.213054789681411,0.0,11.518956857145081,17.585323925606694,25.18037091493942,30.38936785217202,0.0,12.13273413692322,12.990104268152233,0.0,0.0,0.0,0.0,20.0496733276644,2.991817090262031,2.488895646993365,5.955254314688839,6.780339821113632,2.3173531326110695,0.0
C[C@@H]1CCO[C@H]2Cn3cc(C(=O)NCc4ccc(F)cc4F)c(=O)c(O)c3C(=O)N12,0,13.751007455134232,13.751007455134232,0.03004332886863592,-1.003973214285714,46.41845602841111,28.27096904240581,0.0,30.388733127518567,19.094070655900538,6.06636706846161,21.73022001871652,0.0,6.923737199690624,5.316788604006331,4.736862953800049,33.70849400446768,0.0,39.380981661383586,12.749217575804426,-1.5724421313648396,-3.8191494112847053,2.792500184597184,1.2491690740732755,2.1778957089900657,0.0
CCC1C(=O)OC[C@@H]1Cc1cncn1C,0,11.384498299319727,11.384498299319727,0.03734410430838975,-0.03734410430838975,0.0,4.794537184071822,0.0,11.887211334113243,12.52478801067431,18.53557124070048,0.0,6.3273200747645415,24.735352401772246,4.983978520947208,4.736862953800049,7.0845729402872255,0.0,15.455381235827662,0.0,1.1636574074074075,0.3495077475434616,0.0,5.380486111111111,2.593263888888889,1.9731306689342403
NCC(O)c1ccc(O)c(O)c1,0,9.226851851851851,9.226851851851851,0.08751511715797444,-0.7949074074074078,6.103966387748303,5.106527394840706,0.0,18.043780072480384,5.563451491696996,0.0,18.19910120538483,0.0,0.0,0.0,15.946722266843596,0.0,0.0,0.0,27.204736394557823,5.69138605442177,-0.4555820105820101,4.100185185185186,-0.7949074074074078,0.08751511715797444,0.0
Cc1ccc(C(=O)C(C)CN2CCCCC2)cc1,0,12.302977371504157,12.302977371504157,0.1025982615268326,0.1025982615268326,0.0,4.794537184071822,0.0,11.701150992526333,0.0,25.197720709434723,24.825916360475023,0.0,31.18920547353706,11.823646930541102,0.0,0.0,0.0,14.733787556689343,0.0,2.0558731640166528,0.380907029478458,7.927020030234315,3.910390723093645,7.325354829820919,0.0
O=C(O)CSc1nnc(Br)n1-c1ccc(C2CC2)c2ccccc12,0,10.876166770497353,10.876166770497353,0.05235762051734261,-0.8753594185863303,5.9693052879518484,4.794537184071822,0.0,5.752853606746789,15.808015050117445,22.835495438539475,23.79131895201381,0.0,10.633466716252965,56.45914285685947,5.106527394840706,2.4368561035525325,4.59705099941211,10.876166770497353,20.030138023343966,2.345416430461074,-0.2664589416332288,12.565394560187356,2.4987693875121724,0.0,0.0
CC12CCC(O)CC1=CCC1C2CCC2(C)C(c3cccnc3)=CCC12,0,10.155522110877277,10.155522110877277,0.10642418804244858,-0.10642418804244858,0.0,5.106527394840706,0.0,6.103966387748303,10.829980938793557,30.595361384336194,37.667559606327046,11.146209060138533,12.393687143226153,43.11622727091944,0.0,0.0,0.0,4.377504950837972,10.155522110877277,5.086332867494258,2.357239596455865,4.309279940203721,17.01916389097982,5.028289976484421,0.0
COc1ccc2c(c1)[nH]c1c(C)nccc12,1,5.212899896069539,5.212899896069539,0.8654336734693878,0.8654336734693878,0.0,0.0,0.0,0.0,0.0,22.476841263364893,10.772448428929591,7.109797541277533,31.319681976688532,16.034324110356025,4.736862953800049,5.212899896069539,0.0,7.6611337081128745,2.4226417233560094,3.21191657218443,0.8654336734693878,8.097451814058957,1.8424392951625095,2.0088744803476946,1.6772088372385991
O=C(O)c1ccc(CN2CCC(CN[C@@H]3C[C@H]3c3ccccc3)CC2)cc1,0,10.936702388339102,10.936702388339102,0.3587180168729025,-0.861082937094215,5.9693052879518484,4.794537184071822,0.0,0.0,17.52319836700635,32.096931669811696,30.38936785217202,12.13273413692322,12.13273413692322,40.548533677164855,5.106527394840706,0.0,0.0,13.419015129793708,12.767082776934325,3.02445339966014,0.6182900738791396,18.787642950729623,3.7510543902974733,4.299127945372257,0.0
N=C(N)NCCCC(N)C(=O)O,0,10.215000314940792,10.215000314940792,0.11213293650793599,-1.0020138888888888,12.011146117099809,4.794537184071822,0.0,5.959554568743835,19.386399651764595,0.0,0.0,0.0,0.0,5.316788604006331,21.983145954956598,0.0,0.0,10.215000314940792,17.71424319727891,10.214849458301838,-1.1141468253968247,-0.8205942932728651,0.974861111111111,0.4824537037037038,0.0
Cc1cc(C)cc(NC(=O)Cc2ccc(OC(C)(C)C(=O)O)cc2)c1,0,12.187424122043982,12.187424122043982,0.10691277977240232,-1.3036499216591517,11.570356098935537,9.589074368143644,0.0,12.328001352277514,5.749511833283905,22.37774074977455,13.847474399381248,24.26546827384644,32.046575604766076,5.316788604006331,9.843390348640755,5.445131833737984,0.0,23.268755253065006,11.969258331039466,2.49145286947164,-0.694626279913301,12.759473019942343,0.23173902431342874,6.945482615010101,0.0
CC(C)=CCCC(C)=CC=CC(C)=CC=CC(C)=CC=CC=C(C)C=CC=C(C)C=CC=C(C)CCC=C(C)C,0,2.296509833713924,2.296509833713924,1.1155881916935193,1.1155881916935193,0.0,0.0,0.0,0.0,0.0,25.683286491704038,44.58483624055413,0.0,0.0,178.6057339199161,0.0,0.0,0.0,0.0,0.0,10.49724704229169,0.0,0.0,43.32741433657385,21.508671954467797,0.0
CC(C)c1cc(C(=O)N2Cc3ccc(CN4CCN(C)CC4)cc3C2)c(O)cc1O,1,13.126405304817622,13.126405304817622,0.025283625371367746,-0.2025761970179356,0.0,15.007591973753234,0.0,28.887560933777703,18.652964303522147,38.28723352125987,17.193270051855603,10.966276799312087,13.847474399381248,35.04659264976298,0.0,0.0,0.0,19.7178324017327,20.33738552969799,4.5385407654414704,-0.2896352503443844,9.417475917130153,0.0,10.284012584732558,2.1610547182761795
CC(=O)Oc1cc(C(F)(F)F)ccc1C(=O)O,0,12.350216364323508,12.350216364323508,0.4770370370370369,-4.633003590325019,34.991323910025066,22.760319511168102,0.0,0.0,12.13273413692322,12.990104268152233,0.0,0.0,0.0,4.736862953800049,5.106527394840706,41.47338057445201,0.0,21.344229969765685,8.6996910430839,-1.5907870370370367,-2.9984963151927433,1.8241397392290246,-4.633003590325019,0.9641789493575208,0.0
COc1cc(C(=O)O)ccc1NC(=O)C1NC(CC(C)(C)C)C(C#N)(c2ccc(Cl)cc2F)C1c1cccc(Cl)c1F,1,15.789697556242555,15.789697556242555,0.04239150289745486,-1.7849877464823805,52.34249534264601,19.957493317722836,8.78083009534964,38.172519210541104,6.4208216229260096,6.06636706846161,55.64073408897041,0.0,20.771211599071872,16.702798520804937,27.938742734265084,36.828654561651575,12.225977443681872,25.481930778791735,26.116084657880833,-2.1830487991785894,-4.649415832177696,12.300340741594919,0.3072627539307735,5.810342487171596,1.317426762208543
C=C1C(=CC=C2CCCC3(C)C2CCC3C(C)CCCC(C)(C)O)CC(O)CC1O,1,10.126886337772223,10.126886337772223,0.37434594671201804,-0.6151569206795755,17.808983586480295,15.319582184522117,0.0,0.0,30.092445807571586,29.905758352151945,38.524929737556064,5.5731045300692665,13.847474399381248,32.5784502966475,0.0,0.0,0.0,0.0,30.19769641109438,3.167113277656,2.105513976972535,0.0,13.86013232565457,12.836210675289184,0.0
CCOC(=O)C1=C(COCCN)N=C(C)C(C(=O)OC)[C@@H]1c1ccccc1Cl,0,12.874597741874528,12.874597741874528,0.06699688208616794,-0.8031809282354925,23.774422668226485,9.589074368143644,0.0,18.786868459095103,35.146447491690346,0.0,7.109797541277533,38.112942673227685,0.0,4.992404732635668,31.54519622879485,15.77193636269935,6.425572188709514,29.95172058986588,0.43067415700848266,7.254650733482354,-2.5735582010581997,7.060105149880583,0.0,4.324829303754118,1.2985141601023635
CC(C)c1ccc2oc3nc(N)c(C(=O)O)cc3c(=O)c2c1,1,12.61515873015873,12.61515873015873,0.039163832199546667,-1.233955498866213,5.9693052879518484,9.589074368143644,0.0,33.827731566852464,10.969244356107037,5.563451491696996,6.06636706846161,12.13273413692322,19.913841467842857,4.983978520947208,15.257345809056238,5.593266250944822,0.0,27.64190157779263,9.608915578602627,6.511110834778765,-1.1506954417569493,6.583953189300412,0.0,4.044881343671026,0.0
C=c1c(C(=O)N2CCCC2CN2CCCC2)c(C)[nH]c1=Cc1c(O)[nH]c2ccc(S(=O)(=O)Cc3c(Cl)cccc3Cl)cc12,1,13.813284411777705,13.813284411777705,0.0325382026216261,-3.8278387437090085,9.837253136417502,18.318861563241466,0.0,38.52261260468205,43.85498385638171,39.020668869502316,24.974377382775238,30.34148838068032,11.823646930541102,21.446802456343388,23.20187978046503,26.805715809397157,12.491098815888911,24.502460809995185,13.004207053801062,2.5219275148900495,-0.5233526962740458,9.66903658112223,6.1023863372541225,9.893247406523223,-3.8278387437090085
CN(C)CCC(c1ccc(Cl)cc1)c1ccccn1,0,5.966028255437977,5.966028255437977,0.3202469135802468,0.3202469135802468,0.0,0.0,0.0,0.0,5.917906046161393,23.682139337428374,5.563451491696996,0.0,30.462311845459517,42.178333422536895,11.600939890232516,0.0,5.966028255437977,6.704579851487921,0.7741948538674731,2.385761526832956,0.3202469135802468,14.17050645978556,2.90233873281823,1.0316144652305366,4.189173385403544
CC1C(=O)O[C@@H]2C[C@@]34[C@H]5C[C@H](C(C)(C)C)[C@]36C(O)C(=O)O[C@@H]6O[C@@]4(C(=O)O5)[C@]12O,0,13.320047713529856,13.320047713529856,0.062268518518518556,-1.966112528344671,70.459830363358,24.596666341896878,0.0,17.75371813848418,6.4208216229260096,0.0,6.923737199690624,0.0,20.771211599071872,0.0,18.947451815200196,22.892494567271356,0.0,38.1427686707399,23.033878810783573,-6.81430327223482,-3.5237153433904433,0.0,-3.955738614890402,7.474615181720836,0.0
CN(C)CCC(CSc1ccccc1)Nc1ccc(S(=O)(=O)NC(=O)c2ccc(N3CCN(Cc4ccccc4-c4ccc(Cl)cc4)CC3)cc2)cc1[N+](=O)[O-],1,13.350173424520452,13.350173424520452,0.14022089500093782,-4.4264753017336025,26.54116820626032,23.32665243716633,0.0,22.188162071046293,17.196308543414126,61.481226745835386,23.259637120317212,36.027353223237554,79.65892438082096,38.03780413554421,11.600939890232516,28.78843137939308,7.7471015010764255,32.1047204942583,16.150232351821344,4.447439989755548,-0.18676194714938643,36.45286597584519,0.7043110809325581,4.828433655185808,-0.50899670334109
O=S1(=O)CCN(CN2CCS(=O)(=O)NC2)CN1,0,11.130428162005543,11.130428162005543,0.08984839537666889,-3.096760912698414,20.046582306815168,16.835593968657875,0.0,24.84308959129186,19.758204000724295,0.0,0.0,0.0,9.799819461700954,9.444189728904176,0.0,49.41589703010834,0.0,3.8624385865457294,0.0,0.0,0.179696790753338,0.0,0.0,2.0688227513227515,-6.193521825396827
O=C(O)CCNC(=O)c1ccccc1,0,11.322121126228268,11.322121126228268,0.056970663265305976,-0.9181836314772818,5.9693052879518484,9.589074368143644,0.0,18.87275775819009,5.563451491696996,0.0,0.0,24.26546827384644,6.06636706846161,5.316788604006331,5.106527394840706,0.0,0.0,21.488125157470392,10.856144494834972,0.5397118291761154,-1.161841038884689,8.67901578378265,-0.056970663265305976,0.15581443688586538,0.0
C=CC1(C)CC(=O)C2(O)C(C)(O1)C(OC(C)=O)C(O)C1C(C)(C)CCC(O)C12C,1,13.573680083144367,13.573680083144367,0.1379610733182164,-2.1769444444444437,63.6154888154677,24.90865655266576,0.0,6.4208216229260096,12.841643245852019,0.0,19.92349450621513,13.847474399381248,13.847474399381248,6.578935683598497,9.473725907600098,11.773151927437642,0.0,25.505273526077097,34.694870559334845,-7.0043273258377425,-1.8739954176114877,0.0,-1.2941750125976328,13.615868409863946,0.0
NC(=O)NC(CCC(=O)O)C(=O)O,0,10.384297052154196,10.384297052154196,0.1868981481481482,-1.3055092592592585,24.011565917389728,14.383611552215466,0.0,12.841643245852019,0.0,0.0,0.0,0.0,5.316788604006331,5.733667477162185,10.213054789681411,0.0,0.0,30.71873488284203,18.6238458994709,4.676716269841269,-2.4328051776266046,-2.2301955782312928,-0.5229629629629631,0.0,0.0
CC12CCC(CC1)C(C)(C)O2,0,6.060185185185185,6.060185185185185,0.15798611111111116,0.15798611111111116,0.0,0.0,0.0,11.202101621967376,0.0,5.917906046161393,25.683286491704038,0.0,0.0,20.771211599071872,4.736862953800049,6.060185185185185,0.0,0.0,0.0,0.3784722222222223,0.8234490740740739,0.0,5.314675925925927,6.756550925925926,0.0
CCCC(=O)Nc1ccc(OCC(O)CNC(C)C)c(C(C)=O)c1,1,11.822072695622477,11.822072695622477,0.08486161150257487,-0.6702391882041054,6.103966387748303,14.69560176298435,0.0,24.339147469377323,29.965927628503046,6.4208216229260096,6.923737199690624,18.19910120538483,20.771211599071872,10.633577208012662,4.736862953800049,5.5764673878810775,0.0,23.47522497492163,15.766018602858498,0.9456853222234725,0.15446815558641358,5.205845560646315,0.5218187289576663,7.854471266924925,0.0
Nc1ncnc2c1ncn2[C@@H]1O[C@@H]2COP(=O)(O)O[C@H]2[C@H]1O,0,11.460450183567968,11.460450183567968,0.1569869614512469,-4.163756740607765,32.36249745711194,14.56498728252451,0.0,12.424744742347947,11.16387793838399,0.0,17.22173979732044,0.0,0.0,19.47568272455344,14.994277592674052,28.166368052258655,0.0,21.34068508189675,10.355878212396071,6.46183742129517,0.20194047269113535,0.0,-1.0670766495898785,-0.1569869614512469,-4.163756740607765
COc1ccc(-c2ccc3c(N4CCOCC4C)nc(N4CCOCC4C)nc3n2)cc1CO,1,9.751088126673444,9.751088126673444,0.10625022737167544,-0.10625022737167544,0.0,5.106527394840706,0.0,18.69056362280884,43.772556193089805,41.11443078236743,0.0,7.109797541277533,30.33183534230805,23.647293861082204,29.16252442424177,16.650978176078873,0.0,19.388056130777994,10.665954644268137,3.046244567271354,2.216006183319565,10.125345831503248,0.0,8.308527015660541,1.5988874511202877
O=C(O)/C=C/C(=O)O,0,9.553611111111111,9.553611111111111,0.5578703703703702,-1.2570370370370372,11.938610575903697,9.589074368143644,0.0,0.0,12.152040213667762,0.0,0.0,0.0,0.0,0.0,10.213054789681411,0.0,0.0,19.107222222222223,15.624444444444444,0.0,-2.514074074074074,0.0,1.1157407407407405,0.0,0.0
O=C1CCc2ccc(OCCCCN3CCN(c4cccc(Cl)c4Cl)CC3)cc2N1,0,11.54706748439649,11.54706748439649,0.08090768122471603,0.08090768122471603,0.0,4.794537184071822,0.0,5.907179729351506,23.072970214921583,69.11053128099192,5.563451491696996,0.0,30.33183534230805,21.182975134168895,27.938742734265084,5.890788191640256,12.502648897781196,16.344757653303947,4.175626149159894,3.0972571578001964,0.9030974070858401,11.796141392195612,3.467462302252992,5.711109737668954,0.0
CC1=CC(=O)c2ccccc2C1=O,0,11.541574074074074,11.541574074074074,0.04611111111111099,-0.07620370370370355,0.0,9.589074368143644,0.0,11.566489892729878,16.70000751346326,0.0,6.076020106833881,31.18920547353706,0.0,0.0,0.0,0.0,0.0,22.954444444444444,0.0,1.550277777777778,-0.12231481481481454,6.894537037037037,1.3935185185185184,1.6628703703703702,0.0
Cc1cc(C(=O)NOCCO)c(Nc2ccc(I)cc2F)n(C)c1=O,0,14.121197683623496,14.121197683623496,0.07837455500514623,-0.6244723691945915,11.7244005703974,13.979489415818463,0.0,35.84173136829343,9.133633762762392,0.0,29.813872835853378,12.990104268152233,22.590870627068057,10.796885202127534,9.94411597857734,16.06755095872542,1.9814759101598403,29.31692592606474,11.494859037200307,2.442734964726632,-1.0100100718151757,5.944406425755181,0.0,1.2356003267592723,1.4797898557571176
COc1cccc2cc(-c3nc(C4CCC(C(=O)O)CC4)n4ncnc(N)c34)[nH]c12,1,11.3088681123121,11.3088681123121,0.12043005165028942,-0.7215668559044623,5.9693052879518484,9.901064578912528,0.0,11.835812092322787,29.87013473615177,41.01241250406537,6.3273200747645415,11.625195434893156,24.26546827384644,15.066638850195453,15.454508951909443,7.219523366403292,0.0,23.798305575135203,14.712927556142258,9.243463001311126,1.0087421765215496,7.85452614365722,4.191578350067708,0.0,1.6376004974283083
CC1(C)CCC2=C(O1)c1ccccc1C(=O)C2=O,1,12.04589096749811,12.04589096749811,0.28510676492819353,-0.40957766439909293,11.566489892729878,9.589074368143644,0.0,5.601050810983688,23.316542516348445,11.984273114623004,0.0,12.13273413692322,25.980208536304467,0.0,4.736862953800049,5.92949074074074,0.0,24.039395313681027,0.0,1.4666061980347702,-0.2099017384731665,7.154514125094481,1.3693067365835223,4.000588624338624,0.0
CCCCC(=O)OC1(C(=O)CO)C(C)CC2C3CC=C4CC(=O)C=CC4(C)C3(F)C(O)CC21C,0,17.2620202963723,17.2620202963723,0.07692373708742761,-2.0250577496647573,58.39900224742371,24.596666341896878,4.39041504767482,30.96361586130436,24.835569398847294,6.4208216229260096,6.076020106833881,12.999757306524504,26.847231705905752,0.0,4.736862953800049,23.251241486187375,0.0,38.15716125931381,21.37227512857305,-5.121537984112875,-2.5970266250999763,0.0,5.896830647417855,6.54105608772076,0.0
c1cc(CN2CCCNCCNCCCNCC2)ccc1CN1CCCNCCNCCCNCC1,0,3.625948321871625,3.625948321871625,1.039361513506535,1.039361513506535,0.0,0.0,0.0,0.0,0.0,117.80561530642638,36.81018947509803,0.0,0.0,65.96601935958537,0.0,0.0,0.0,5.228255174905816,21.421048746561404,2.85649699926784,0.0,9.42458133176748,4.795600825357859,19.607350255472937,0.0
CC(=O)Nc1cccc2c1c(Sc1ccc(Cl)cc1)c(C)n2CC(=O)O,0,11.59994319591677,11.59994319591677,0.1457976925338038,-0.9185434370156591,5.9693052879518484,14.69560176298435,0.0,12.45193613526408,10.710019588424888,26.387819877965068,18.685622149081738,4.567099647791355,49.38830667892189,5.316788604006331,11.600939890232516,1.7512247872399989,7.476641727057791,24.806781233103383,13.611706938527375,2.269877662999357,-1.095783649037617,12.93181379216823,0.0,3.1921819523859263,0.0
Cn1cc(-c2ccc(F)c(C(F)(F)F)c2)nc1C1CCN(c2ncnc3[nH]ncc23)CC1,0,13.644846207134137,13.644846207134137,0.14741915207440925,-4.7580046718453115,17.556970850186364,17.56166019069928,0.0,11.48135753785839,11.341105215616189,55.09238168490015,12.393687143226153,12.393687143226153,11.614771630468544,30.049208910294176,0.0,54.74729587875911,0.0,15.360607623789859,7.731912903067998,0.029625900104242486,0.48411265179453455,2.975402989158817,1.764613069675818,1.4978639370756976,1.8252317132405969
CC(C)NC(=O)COc1cccc(-c2nc(Nc3ccc4[nH]ncc4c3)c3ccccc3n2)c1,0,11.935925557035413,11.935925557035413,0.05207774646995156,-0.16348542982159375,0.0,4.794537184071822,0.0,18.555902523012385,17.39177910911886,33.056687630542676,0.0,6.196843571613076,80.57751215245897,20.830940824614736,14.704819995694464,5.68534595917345,0.0,21.529467603496382,15.222143349546661,3.4838024293586307,1.6715441221226408,21.348788755371515,1.7886453158682665,3.770262465062453,0.0
CC(=O)NCC1CN(c2ccc(N3CCOCC3)c(F)c2)C(=O)O1,0,14.447913991622055,14.447913991622055,0.18943753219047332,-0.5380791236247584,12.197206458686718,13.979489415818463,0.0,24.81391338222255,37.67804929021811,0.0,17.89001399900271,12.13273413692322,4.899909730850477,5.316788604006331,9.473725907600098,24.90424579306083,0.0,26.201736333055116,2.6081289826197693,0.9483750651571727,-0.5713718197944033,4.715445142563198,-0.9793930140926896,4.33950018409767,0.0
CCc1cc2c(cc1CC)CC(NCC(O)c1ccc(O)c3[nH]c(=O)ccc13)C2,0,11.57420342096853,11.57420342096853,0.005841104082931814,-0.7313705173427401,6.103966387748303,15.007591973753232,0.0,11.308778728335913,29.05297365883859,25.683286491704038,34.386540103711205,12.13273413692322,0.0,36.280975661258005,0.0,0.0,0.0,14.221028472516462,24.975688880039982,6.490435174361425,0.005841104082931814,11.311043210980046,3.336038561095934,4.82659126358989,0.0
Nc1nc(=O)c2ncn(COCCO)c2[nH]1,1,11.375082120811287,11.375082120811287,0.029081658898127527,-0.4794831559166879,5.559266895052007,4.794537184071822,0.0,31.409620675128078,5.647177220767728,0.0,6.3273200747645415,4.567099647791355,0.0,14.951935562841623,15.57705782580294,6.678571428571429,0.0,21.5240234473419,8.558695856428992,5.603646017048796,0.029081658898127527,0.0,1.4454969765684051,0.3271512818090201,0.0
CCCCOC(=O)c1ccc(N)cc1,0,11.367756046863189,11.367756046863189,0.2792129629629627,-0.2792129629629627,0.0,4.794537184071822,0.0,5.9693052879518484,17.857719730893475,12.841643245852019,0.0,24.26546827384644,0.0,6.923737199690624,10.470530430962235,5.028592214663643,0.0,11.367756046863189,0.0,6.695816004648978,-0.2792129629629627,6.722274659863945,1.9263197331401696,2.5384543037830376,0.0
O=C(C[S+]([O-])Cc1ccco1)NCC=CCOc1cc(CN2CCCCC2)ccn1,0,11.908477052163105,11.908477052163105,0.0428869460347705,-1.2849602471310753,11.175854473385288,9.347287057762186,0.0,17.412886942845084,24.791874125735305,19.634269217737724,31.08907935611408,18.3295777085363,24.284774350590983,15.200676855804016,9.154013890853395,22.722077086071664,-1.2849602471310753,18.54416540643797,2.7203275885565126,1.2089739161926698,1.1694561450282168,7.497950562791143,10.826874859093893,3.9840235718479,0.0
CNC(=O)c1cc(Oc2ccc(NC(=O)Nc3cc(C(C)(C)C)nn3-c3ccc4ncccc4c3)c(F)c2)ccn1,1,14.944609168943376,14.944609168943376,0.04674275729447963,-0.7044923666744898,11.848335353383966,13.979489415818463,0.0,28.452996301564212,11.567374611118932,28.350606270074692,31.443616759675095,23.01138064368148,51.10304694137992,25.91832285391341,9.835544762101087,22.260761350738882,0.0,33.12196439937987,13.48776228027145,2.1719804752747525,-0.17073714892390002,17.662073585604613,3.145043919764216,6.077853088108727,1.4932980497813886
CN1CCN(C2=Nc3cc(Cl)ccc3Nc3ccccc32)CC1,0,6.176539767362579,6.176539767362579,0.7064663118333755,0.7064663118333755,0.0,0.0,0.0,0.0,5.022633313741326,54.64025572515524,0.0,0.0,24.26546827384644,40.363381253769305,16.593344622868184,0.0,6.176539767362579,9.68859817229361,4.204200076635593,4.115029237003444,1.0298302469135803,14.156845675513003,0.0,4.076557819629909,2.163510115759394
O=C(N[C@H]1C[N@]2CC[C@@H]1CC2)c1ccc(Cl)cc1,0,12.127798563869991,12.127798563869991,0.018904320987654266,0.018904320987654266,0.0,4.794537184071822,0.0,5.907179729351506,22.545831680747675,6.544756405912575,25.93115605767717,24.26546827384644,0.0,10.216698334856808,11.600939890232516,0.0,5.821273293327465,14.565108234651884,3.8238187358276647,0.6905990173847321,0.6774693282662857,7.38295209750567,2.427707336020828,3.388849734793248,0.0
CNC(=O)C1O[C@@H](n2cnc3c(NCc4cccc(I)c4)nc(Cl)nc32)[C@H](O)[C@@H]1O,0,11.911468828062906,11.911468828062906,0.022890106659947174,-1.4001314816518715,30.44698006333128,15.007591973753234,0.0,5.283586320044258,23.52649712213159,9.133633762762392,17.942091705233086,0.0,24.26546827384644,48.176383397922336,16.337802844032566,8.136320728585545,8.351479834041031,24.654843549544196,26.20039304769317,1.7666367886786014,-0.12548535864902322,7.980075640355137,-3.6454481067310764,0.49221902923448724,1.420075958359047
CN1CCC(OC(c2ccccc2)c2ccccc2)CC1,1,6.485185185185186,6.485185185185186,0.04241307634164748,0.04241307634164748,0.0,0.0,0.0,6.103966387748303,6.103966387748303,25.93115605767717,11.126902983393991,0.0,0.0,72.61125239814378,4.736862953800049,6.485185185185186,0.0,2.374901738473167,0.0,2.477089002267574,0.0,21.097065696649032,2.6312084278155705,2.2519167296548246,2.1826332199546483
CC[C@@]1(O)C(=O)OCc2c1cc1n(c2=O)Cc2cc3c(CN(C)C)c(O)ccc3nc2-1,1,13.230322622136292,13.230322622136292,0.10407248276240422,-1.8406696762599535,11.570356098935537,19.802129157825057,0.0,24.336482315774838,41.120972502532325,16.513127197858786,0.0,29.689938052866808,25.06162076466647,0.0,9.720841474747257,6.71434572605915,0.0,32.276591198126745,22.179838863482907,2.0297591136750617,-0.5323085655346438,7.047719155735704,0.10407248276240422,2.4076915158264707,3.8556238431995316
O=C(O)C(O)C(O)C(O)C(O)C(O)CO,0,10.192555193373645,10.192555193373645,0.8808399470899468,-2.291164021164022,43.096019191206274,4.794537184071822,0.0,0.0,0.0,0.0,0.0,0.0,0.0,0.0,35.745691763884935,0.0,0.0,10.192555193373645,61.549973623708745,0.0,-1.7849645691609972,0.0,-10.243390967498112,-0.8808399470899468,0.0
CN(C)CCN(Cc1ccc(Cl)cc1)c1ccccn1,0,5.935323903372694,5.935323903372694,0.7698404037540946,0.7698404037540946,0.0,0.0,0.0,0.0,0.0,30.47476530931408,5.563451491696996,0.0,36.52867891392113,41.01187608492576,11.600939890232516,0.0,5.935323903372694,8.911446558047087,0.7698404037540946,1.2350085034013607,1.0039814814814818,13.995127949106724,1.8331893004115227,2.7627242203465747,4.16446879118957
NC(=O)C1CC[C@@H]2CN1C(=O)N2OS(=O)(=O)O,0,11.723055555555554,11.723055555555554,0.15472222222222198,-4.75460010393046,34.42097648163511,18.00687135247258,0.0,6.544756405912575,17.904860970817367,4.899909730850477,0.0,0.0,0.0,4.283811062586292,10.286417350852549,33.839611835474926,0.0,23.94461337081129,0.5677314814814816,5.126791658793147,-0.6476799886621312,-2.0391695011337867,0.7246456916099773,0.15472222222222198,-4.75460010393046
Cc1c(N(C)C)c(=O)n(-c2ccccc2)n1C,0,12.352966742252457,12.352966742252457,0.015000000000000346,0.015000000000000346,0.0,4.794537184071822,0.0,5.559266895052007,0.0,17.068700544215584,0.0,4.681802935145184,67.9803011560259,0.0,0.0,3.5671296296296298,0.0,14.211207482993197,0.0,2.5950056689342413,0.0,9.663323885109598,0.0,1.954537037037037,5.675462962962962
Cc1sc2c(c1C)C(c1ccc(Cl)cc1)=N[C@@H](CC(N)=O)c1nnc(C)n1-2,1,11.697107483348915,11.697107483348915,0.07162082528484626,-0.49195908919123243,11.949020558499466,4.794537184071822,0.0,6.4208216229260096,10.847037811741252,33.227525952549485,4.877147193701299,11.336785877934735,35.75630512132842,24.044838015983323,22.32701210003037,2.000024862825789,7.744902422218589,17.84180653992628,10.216991467794138,9.445677977509236,0.9693114169536137,7.073255385487528,0.07162082528484626,6.080853546444425,0.0
CCC1OC(=O)CC(O)C(C)C(OC2OC(C)C(O)C(N(C)C)C2O)C(CCN2CC(C)CC(C)C2)CC(C)C(=O)C=CC(C)=CC1COC1OC(C)C(O)C(OC)C1OC,1,13.974971684369198,13.974971684369198,0.04265216538909877,-1.228363700031877,103.38458159173742,30.015183947506465,0.0,24.72885457996526,31.09827696110081,25.20737374780699,20.640416705481076,44.99476830925387,33.770968905596376,18.747384130231726,33.15804067660034,42.62190175668084,0.0,32.05644466651091,45.25195023737657,0.7612028069307601,-1.4590320207276783,-0.6840534090026591,-2.9592761102934286,18.207796838612015,6.536398567245988
CC(=O)CC(c1ccccc1)c1c(O)c2ccccc2oc1=O,0,12.41230678382464,12.41230678382464,0.06406326110691185,-0.6145342025699165,11.54349236523938,14.69560176298435,0.0,23.517029894271847,10.969244356107037,5.563451491696996,6.923737199690624,24.26546827384644,30.33183534230805,0.0,4.417150937053347,5.330790107709751,0.0,24.085016219450743,11.068085317460316,0.6346026497018569,-0.71544364659444,16.00337060132695,0.12566822562358304,1.4679105253212394,0.0
NCCc1ccc(O)cc1,1,8.893642290249433,8.893642290249433,0.30626984126984147,0.30626984126984147,0.0,0.0,0.0,0.0,12.29426823919648,6.4208216229260096,5.563451491696996,12.13273413692322,12.13273413692322,0.0,10.84019487200289,0.0,0.0,0.0,8.893642290249433,6.503035714285715,0.30626984126984147,7.0975925925925925,0.8752777777777778,0.6575151171579743,0.0
COc1ccc(COc2cc3oc(=O)c4cc(C(C)O)ccc4c3cc2OC)cc1,1,12.540801514767201,12.540801514767201,0.32085594725340383,-0.673367015075278,11.72955270682629,9.901064578912528,0.0,0.0,34.63860147888476,22.085411753910492,0.0,45.40880055609213,30.33183534230805,0.0,18.627739798453494,22.161541097950586,0.0,12.540801514767201,11.68324459391269,1.5539129804020657,1.7815928832450512,16.296429548279193,-0.673367015075278,1.9729332977423413,3.1829110987761506
CNC(C)C(=O)NC(C(=O)N1CCCC1C(=O)Nc1snnc1-c1ccccc1)C1CCCCC1,1,13.785610871695376,13.785610871695376,0.0869875786704093,-0.613934401954334,18.12552248744388,14.383611552215466,0.0,23.639445234215913,23.660588000374915,55.62086784081974,0.0,18.871318913218293,30.33183534230805,25.53729088909031,0.0,4.021913179349008,1.1238000807708874,41.49290938391692,13.67001767066049,1.4887546345842224,-0.50267039376045,7.972845759670394,6.397259176832182,2.2791053330436517,1.722731841599363
O=C(Nc1ccc([N+](=O)[O-])cc1O)Nc1ccccc1Br,0,11.817064909297052,11.817064909297052,0.07421626984127005,-0.6342734552371097,10.954425561155743,20.015382847678097,0.0,17.12428438265103,10.160105790515976,6.06636706846161,12.13273413692322,24.26546827384644,0.0,26.56352110596201,0.0,0.701918008939113,3.283287900521396,21.737645844013606,25.19838967906931,0.3664972471745569,-0.38289132705551343,9.845152647337528,0.0,0.0,0.0
CC1(C)OCCn2c1nc1c(N3CCOCC3)nc(-c3cnc(N)nc3)nc12,0,5.935716912606793,5.935716912606793,0.22116778049858898,-0.4804548174488654,5.601050810983688,0.0,0.0,5.948339280986494,37.75325828914825,35.895658026044096,0.0,12.393687143226153,13.847474399381248,19.43496642053625,30.159328947603907,13.577890111431778,0.0,24.941001013059545,0.0,7.456418309824695,2.445316259334568,0.0,3.2919186980347694,8.20412227498131,0.0
COc1cc2nc(N(C)CCCNC(=O)C3CCCO3)nc(N)c2cc1OC,0,11.950731899627796,11.950731899627796,0.03481947585843659,-0.2978510842422628,0.0,4.794537184071822,0.0,12.011146117099809,53.864545433808466,19.26246486877803,0.0,26.352329219478285,11.947581713527667,15.284745645900745,19.944256338562333,16.02309824726069,0.0,22.844879937720187,3.620691260218088,6.808614790808222,2.0152696018936394,3.5548366121012225,2.1928185571710213,1.902150194584811,5.037640798242119
CC1(C)CC(=O)c2c(C(F)(F)F)nn(-c3ccc(C(N)=O)c(NC4CCC(OC(=O)CN)CC4)c3)c2C1,1,13.822701325438924,13.822701325438924,0.008474384740068563,-4.798894598037319,40.508398437054005,27.554856695239923,0.0,48.47697262988987,31.3706727663876,4.681802935145184,18.19910120538483,0.0,13.847474399381248,10.415470412307368,16.20419790812442,47.906148008436375,0.0,36.30177543014585,7.100203821693686,9.70882641247322,-1.7629739790467085,4.34615287153641,-2.386285992392589,3.4528200938204154,0.0
Clc1ccc(C(Cn2ccnc2)OCc2ccc(Sc3ccccc3)cc2)c(Cl)c1,0,6.4518872268167184,6.4518872268167184,0.22005837314774923,-0.22005837314774923,0.0,0.0,0.0,6.103966387748303,23.196904997908145,11.126902983393991,9.79096695103555,30.352415664230342,41.09577856171248,41.38218093171687,27.938742734265084,8.264814344789544,14.262157957956031,6.535400472660765,1.207277813853097,2.013100699486097,0.0,24.29135677560147,5.2196441628578825,1.0951366616840033,0.0
Cc1c(O)c(=O)ccn1C,0,10.728703703703703,10.728703703703703,0.16203703703703654,-0.3235185185185181,0.0,4.794537184071822,0.0,11.178302225184446,5.693927994848461,0.0,6.06636706846161,24.735352401772246,0.0,0.0,5.106527394840706,1.6912037037037035,0.0,10.728703703703703,9.053796296296296,0.2667592592592598,-0.16203703703703654,1.3356481481481481,1.6224074074074073,1.6912037037037035,1.772314814814815
Cc1nc(Nc2[nH]nc3c2CN(C(=O)NC(CN(C)C)c2ccccc2)C3(C)C)c2sccc2n1,1,13.565986013679016,13.565986013679016,0.11742514907197465,-0.574362520471152,5.538925252383345,4.794537184071822,0.0,12.072955341486033,18.913917309825077,38.67317716799787,0.0,11.336785877934735,81.5447304765123,35.69880759735963,0.0,0.9862913620596218,1.5921844671149705,26.59917913152323,16.40366534891999,3.234875427926127,2.1922212769102165,11.817884489207696,0.0,7.072801423881421,4.0175637391233945
Nc1nc(Nc2ccc3c(c2)CCC(N2CCCC2)CC3)nn1-c1cc2c(nn1)-c1ccccc1CCC2,1,6.293988479986474,6.293988479986474,0.29072875654724384,0.29072875654724384,0.0,0.0,0.0,0.0,23.756382168955977,43.48542238416208,66.59005676201416,4.681802935145184,0.0,79.02765882840002,5.733667477162185,1.5798617144370348,0.0,7.190709418154123,17.11806216451146,14.804822593031036,1.3501435072350272,17.891084161877426,10.52671035147382,2.538606089280071,0.0
Cc1c(Cn2c(C)nc3c(C(=O)O)cc(N4CCOCC4)cc32)cccc1C(F)(F)F,0,13.34019927236197,13.34019927236197,0.07093148987990294,-4.438369420793109,17.70905529709232,23.07230972193699,0.0,17.671659389306566,48.724534165780426,11.753753343145172,12.990104268152233,23.623570984405198,10.966276799312087,4.983978520947208,4.736862953800049,47.170231182653,0.0,18.393989865695538,9.748109170104119,1.6910040758153595,-0.5616222203221659,7.565801288682176,-4.438369420793109,5.680856058165086,0.0
CCc1c(Cl)c(O)c(Cl)c(O)c1C(=O)OC1C(C)OC(OCC2=CC=CCC(O)C(C)=CC(CC)C(OC3OC(C)(C)C(OC(=O)C(C)C)C(O)C3O)C(C)=CC(C)=CCC(C(C)O)OC2=O)C(OC)C1O,1,13.949135010576203,13.949135010576203,0.03715349614004437,-1.606156646673537,143.7604529275828,50.1293033161004,0.0,35.421654204285616,23.140135213133807,0.0,33.109312154326545,53.6944634118115,32.923251812739636,0.0,61.09678341086543,47.50965444354299,12.272721427692568,39.99730661909332,76.45322966846183,0.31827637467011116,-4.783133310724056,0.0,-5.450853214050968,18.059121827855147,1.262565052347906
CCNC(=O)CCCC=CCC1C(O)CC(O)C1C=CC(O)CCc1ccccc1,0,11.436932079877312,11.436932079877312,0.05813579084322229,-0.589154576449469,18.31189916324491,20.11411936859394,0.0,17.742991821674295,32.22804289761662,19.26246486877803,5.563451491696996,6.076020106833881,55.483632862500315,5.316788604006331,0.0,0.0,0.0,11.436932079877312,33.75477500510689,1.191168889480109,-0.1390451243216151,10.055973018577982,10.63202702292278,2.568169108356533,0.0
Clc1ccc(Nc2nnc(Cc3ccncc3)c3ccccc23)cc1,0,5.947311192792933,5.947311192792933,0.7029546872259027,0.7029546872259027,0.0,0.0,0.0,0.0,5.022633313741326,39.955898590919645,0.0,12.393687143226153,48.53093654769288,32.63086487847883,11.600939890232516,0.0,5.947311192792933,4.061021015299723,15.020881029573541,3.029681879434766,0.7327785126396238,19.680468617827277,4.305635530209914,0.0,0.0
CC1CCC(C(=O)N(c2cc(C#CC(C)(C)C)sc2C(=O)O)C2CCC(O)CC2)CC1,1,13.726486756739732,13.726486756739732,0.045296634857647344,-1.0187785021415967,5.9693052879518484,19.802129157825057,0.0,34.263030655507244,42.165726006250296,37.020072369638775,0.0,10.966276799312087,20.771211599071872,18.764605837401913,0.0,0.0,1.1492003390862517,28.45730801311316,19.882632364781205,0.29366914558341195,5.888503660419714,1.715472214348702,6.097192367700574,8.266021894966977,0.0
CCC(NC(=O)C(C)NC)C(=O)N1CC(O)CC1Cc1c(-c2[nH]c3cc(F)ccc3c2CC2CC(O)CN2C(=O)C(CC)NC(=O)C(C)NC)[nH]c2cc(F)ccc12,0,14.788279482258062,14.788279482258062,0.07106168156095571,-0.8170393496461836,60.09341943247615,38.172033621318334,0.0,62.40151822093521,46.03534909971106,11.126902983393991,24.26546827384644,49.875371963359804,13.847474399381248,31.23511145791974,0.0,29.576558964516124,0.0,63.706806155966916,34.68983495426177,3.5752003058649198,-2.2137750066382247,5.132033242970053,0.07377931028573537,7.148678922405222,3.310883150367496
O=S(=O)(O)CCS,0,9.737916666666667,9.737916666666667,0.1655092592592593,-3.7505787037037037,10.118126859033554,8.417796984328938,0.0,11.505707213493578,0.0,0.0,0.0,0.0,0.0,12.628789148012991,4.552749873690364,27.416805555555555,3.574899691358025,0.0,0.0,0.0,-0.10223765432098753,0.0,0.0,0.0,-3.7505787037037037
Cc1ccc(Nc2nccc(N(C)c3ccc4c(C)n(C)nc4c3)n2)cc1S(N)(=O)=O,0,11.779825719936824,11.779825719936824,0.05993496598696968,-3.8219773298611472,10.023291153407584,8.417796984328938,0.0,4.895483475517775,23.01703982520208,22.284239201613083,6.06636706846161,31.31968197668853,48.79989503642549,20.383427454201783,5.138973737607942,25.419306893387812,0.0,10.79515830455717,13.994250458882703,4.047340546796058,1.0061256115100365,12.77812542477374,1.6382820111069119,3.725197471821334,0.01287994383090263
O=C(O)C=C(CC(=O)O)C(=O)O,0,10.17550925925926,10.17550925925926,0.35759259259259246,-1.5418518518518518,29.90184201685082,14.383611552215466,0.0,0.0,6.076020106833881,0.0,0.0,0.0,0.0,0.0,15.319582184522117,0.0,0.0,30.137066326530608,24.537655895691614,-0.6574074074074072,-4.404305555555555,0.0,-0.446342592592593,0.0,0.0
O=C(NCC(O)CO)c1ccncc1Nc1ccc(I)cc1F,0,13.919517362581702,13.919517362581702,0.08830423905099205,-1.0362597970011393,24.435248922658623,14.291479626587348,0.0,17.795594172293132,5.687386274683562,3.5701822710653963,24.52642128014937,12.13273413692322,22.590870627068057,15.617555728959868,5.106527394840706,14.67673430098641,2.0027362076036264,16.075262165112957,23.35714629964212,0.814393646594441,-0.9063575984801626,6.157942503741115,1.812595212657045,-0.5371194045242216,0.0
CC(C(=O)O)c1ccc(C(=O)c2cccs2)cc1,0,12.016533604182413,12.016533604182413,0.028214758125471917,-0.86820987654321,11.887211334113243,9.589074368143644,0.0,5.783244946364939,16.00405017709529,0.0,11.336785877934735,37.255572541998674,11.446429838927525,0.0,5.106527394840706,0.0,1.3976027494331063,23.54547006691668,10.754136960722459,1.281498488284203,-1.4557859084992026,10.353633975552265,0.0,1.623443667590493,0.0
CCC(=C(c1ccc(O)cc1)c1ccc(OCCN(C)C)cc1)c1ccccc1,1,9.743624367159061,9.743624367159061,0.27361079569544744,0.27361079569544744,0.0,5.106527394840706,0.0,5.749511833283905,6.606881964512918,29.84199284551648,16.70966055183553,12.13273413692322,44.42717930766243,48.22184934131076,4.736862953800049,5.85366037657028,0.0,2.1045803908904004,9.743624367159061,5.890392247042682,1.1471438539804901,26.21644965473727,0.9040766215806799,3.72927324292532,4.077465911780486
CN1[C@@H]2C[C@@H](OC(=O)C(CO)c3ccccc3)C[C@H]1[C@@H]1O[C@@H]12,0,12.42388109410431,12.42388109410431,0.062164588057445735,-0.593246645880575,5.917906046161393,9.901064578912528,0.0,18.68015364021307,24.291614433792525,18.405094737549014,0.0,0.0,30.33183534230805,11.947581713527667,9.473725907600098,11.375006813305877,0.0,14.788852355757118,9.557785546317293,0.8028518413538258,-0.9152421107331821,10.061539681325034,2.2596835066288516,-0.2255082357016882,2.128363935080205
NC1CCC(N[C@@H]2C[C@H]2c2ccccc2)CC1,0,5.933959815420404,5.933959815420404,0.4557160551956725,0.4557160551956725,0.0,0.0,0.0,0.0,12.083681658295921,11.959746875309353,37.667559606327046,0.0,0.0,35.64862394631438,5.733667477162185,0.0,0.0,0.0,3.8063614890400608,7.431655026220774,0.756296296296296,12.777809968110292,6.227877220332577,0.0,0.0
CN(C)CCC=C1c2ccccc2C(C)(C)c2ccccc21,0,2.4096296296296296,2.4096296296296296,0.06158198696145134,0.06158198696145134,0.0,0.0,0.0,5.414990469396779,0.0,12.965578028838586,27.82691049685725,0.0,0.0,87.44968475011288,0.0,0.0,0.0,2.2377315995842784,0.0,7.1142610308012095,0.0,17.738423563869993,3.4844614512471654,5.749763321995465,4.258692365835223
CC(NC(=O)C(C#N)=Cc1cccc(Br)n1)c1ccccc1,1,12.205909273431594,12.205909273431594,0.021649187452759122,-0.41608465608465495,5.907179729351506,10.056428738810308,0.0,11.614945359217227,10.297124013832342,5.563451491696996,6.076020106833881,18.19910120538483,43.32479385479095,26.230711022902888,0.0,0.6496310841702257,3.258068725140074,16.3957259219306,12.004735056059461,1.5514265243134298,-0.41608465608465495,16.628531494550646,1.4700462962962964,1.8745862202905854,0.0
C=c1c(C(=O)NCCN(CC)CC)c(C)[nH]c1=Cc1c(O)[nH]c2ccc(F)cc12,1,13.658525685089987,13.658525685089987,0.06715072055041071,-0.39172928786884254,5.817220841045894,14.291479626587348,0.0,11.787168065786876,44.836288770597285,19.634269217737724,12.13273413692322,19.066124374986114,0.0,40.611065459730966,0.0,13.658525685089987,0.0,20.88442430283679,14.875398356662751,2.24162986049714,-0.6489270658224611,4.256584639741587,1.6762110260770975,13.222819861583773,0.0
CN(CC=Cc1ccccc1)Cc1cccc2ccccc12,1,2.334537037037037,2.334537037037037,0.9425748771730913,0.9425748771730913,0.0,0.0,0.0,0.0,0.0,13.08951281182515,21.899351412323583,0.0,6.06636706846161,90.82965968027317,0.0,0.0,0.0,2.334537037037037,2.6639968645605374,2.634048162602456,0.0,25.56605935996223,4.402841553287982,1.9013873929201308,2.1637962962962964
CCCCCCCCCCCCCCCCO,0,8.643400230952269,8.643400230952269,0.373046875,0.373046875,0.0,0.0,0.0,0.0,6.606881964512918,6.4208216229260096,83.47068109803816,0.0,0.0,6.923737199690624,5.106527394840706,0.0,0.0,0.0,8.643400230952269,0.0,0.0,0.0,19.205220457775063,2.6513793112726667,0.0
CNC1CCC(c2ccc(Cl)c(Cl)c2)c2ccccc21,1,6.171802913552252,6.171802913552252,0.407932098765432,0.407932098765432,0.0,0.0,0.0,0.0,22.005013502792007,12.841643245852019,16.690354475090988,0.0,19.18040611960041,35.64862394631438,23.20187978046503,0.0,12.195268080189766,0.0,4.6600656214131755,4.051124653565131,0.407932098765432,15.116325227107303,2.2628043115394307,0.0,2.0287022296419845
CN=C(N)NCCCC(N)C(=O)O,0,10.289691672965482,10.289691672965482,0.3508300264550268,-0.9748791152263372,12.011146117099809,4.794537184071822,0.0,0.0,25.34595422050843,0.0,0.0,7.04767198267719,0.0,10.309193336642,16.573862349165076,0.0,0.0,13.965688303099018,11.248711104812296,10.618013038548753,-0.6240490887713104,-0.7901946334089194,1.0863236961451248,0.5874537037037036,1.5747205425380029
Nc1ccn(CC(CO)OCP(=O)(O)O)c(=O)n1,0,11.373715947026959,11.373715947026959,0.0629021181517877,-4.313547549935613,32.34432444630741,9.35958546900315,0.0,12.362619183747604,0.0,4.567099647791355,12.263210640074686,0.0,0.0,4.983978520947208,25.36388103130789,16.541021736250364,0.0,32.0903508564047,8.991230631141345,4.667238360985656,0.0629021181517877,1.3877130180776014,-0.38467679201310223,-0.570010156840514,-4.313547549935613
O=C(NOCCO)c1cc(CN2OCCCC2=O)c(F)c(F)c1Nc1ccc(I)cc1F,0,15.052819271227008,15.052819271227008,0.18394982666109994,-1.447021657428403,53.668498118646745,18.369904463493285,4.39041504767482,30.885423318332403,9.991003893991406,11.12958479342696,18.19910120538483,0.0,28.070967225189257,5.316788604006331,14.781704562313973,44.776714540267676,1.8862766264275146,34.51680447798553,12.10918079453877,0.4704016640586459,-4.892748046060807,5.049334422214667,0.6990374247284473,-0.8283352374937867,0.0
C#CC1(O)CCC2C3CC=C4CC(=O)CCC4C3CCC21C,0,11.739537831546759,11.739537831546759,0.11235493039808508,-0.9075804936172003,5.601050810983688,9.901064578912528,0.0,5.414990469396779,35.87569075393652,44.94575136048208,5.5731045300692665,0.0,0.0,18.92019162538015,6.423349895620259,0.0,0.0,11.739537831546759,10.915701192896808,0.40257531021667936,5.693127573860123,0.0,15.689162914272945,2.226561843873352,0.0
COc1ccc2c(c[n+](C)c3c4cc5c(cc4ccc23)OCO5)c1OC,1,5.626541733212007,5.626541733212007,0.2734492742124346,0.2734492742124346,0.0,0.0,0.0,6.792942306099827,0.0,55.44586912307586,0.0,14.219595082555067,19.18040611960041,35.02941149325087,18.947451815200196,24.30491983972812,0.0,0.0,5.539527877509029,1.1393702758881332,3.056386523796337,12.397490263080538,2.086352513227513,0.2734492742124346,5.369170099224558
O=C(NC1CCNCC1)c1[nH]ncc1NC(=O)c1c(Cl)cccc1Cl,1,12.456889471659494,12.456889471659494,0.09593866584487065,-0.5065589044259677,5.907179729351506,9.589074368143644,0.0,38.93905294721113,0.0,25.93115605767717,6.196843571613076,18.19910120538483,0.0,26.147729428621066,23.20187978046503,0.0,12.08357911320562,24.897403420037197,15.744484765051062,0.6103943525042925,-0.8214148715041565,4.889687256853563,3.090863459198596,1.7272247268760474,0.0
CO[C@]12C[C@@H](COC(=O)c3cncc(Br)c3)CN(C)[C@@H]1Cc1cn(C)c3cccc2c13,0,12.542697547045039,12.542697547045039,0.17201896730914568,-0.4213608854035438,5.601050810983688,4.794537184071822,0.0,17.929052163261204,12.170333456209914,23.859119167597008,28.226671487088126,12.263210640074686,7.109797541277533,68.87222053989068,9.473725907600098,15.007292254697834,3.354390431265171,18.976149052953115,1.3142174992382425,3.896268341698468,-0.1741526200254102,8.474495401234408,7.2031456456485765,1.2113829837490555,6.070144342873871
COc1ccc2[nH]cc(CCN)c2c1,0,5.5361707136558325,5.5361707136558325,0.6707967214663644,0.6707967214663644,0.0,0.0,0.0,0.0,6.544756405912575,17.687034173826177,10.949675706161791,7.109797541277533,24.395944776997908,4.983978520947208,10.470530430962235,5.179670493197278,0.0,3.213167044595616,1.2035185185185187,7.921031824766944,0.8846031746031748,6.0099896069538925,2.90687925170068,0.6707967214663644,1.6770100308641975
NC(=O)c1nc(F)c[nH]c1=O,1,12.218472222222221,12.218472222222221,0.62037037037037,-1.0502314814814817,23.108071963449333,13.979489415818463,0.0,0.0,0.0,6.196843571613076,0.0,0.0,4.983978520947208,4.983978520947208,5.733667477162185,12.218472222222221,0.0,25.91722222222222,0.0,3.282314814814815,-1.9961574074074075,0.0,0.7448148148148148,0.0,0.0
CCC1(c2ccccc2)C(=O)NCNC1=O,1,11.986207482993198,11.986207482993198,0.21453396636432354,-1.0699305555555556,5.414990469396779,9.589074368143644,0.0,18.483050647602152,6.4208216229260096,5.563451491696996,0.0,0.0,37.255572541998674,10.633577208012662,0.0,0.0,0.0,23.972414965986395,5.36374149659864,-0.3271527777777776,-0.435277777777777,9.16396234882842,0.45305555555555554,2.059256188586546,0.0
CCN(CC)CCOCCOC(=O)C(CC)(CC)c1ccccc1,0,12.675290681891061,12.675290681891061,0.14718248719240745,-0.5530947998460172,5.414990469396779,4.794537184071822,0.0,5.9693052879518484,19.820645893538753,38.03936395528674,0.0,0.0,44.179309741689295,18.747384130231726,9.473725907600098,11.11087396069539,0.0,14.981445412301744,0.0,0.476953131235915,-0.14718248719240745,9.926929190234322,1.4626266061980349,12.77168751986034,0.0
OCCc1ccc(O)c(O)c1,0,8.995092592592592,8.995092592592592,0.0458484504913077,-0.14263888888888854,0.0,0.0,0.0,18.105905631080727,6.4208216229260096,5.563451491696996,12.13273413692322,6.06636706846161,0.0,0.0,15.319582184522117,0.0,0.0,0.0,26.430272108843536,0.8081481481481485,-0.2753335222978073,4.497175925925926,0.4938888888888888,0.0458484504913077,0.0
OC1OC[C@H](O)[C@H](O)[C@H]1O,0,8.87662037037037,8.87662037037037,0.15337962962962925,-1.4131944444444449,24.60192589258012,0.0,0.0,6.606881964512918,0.0,0.0,0.0,0.0,0.0,4.736862953800049,20.426109579362823,4.468287037037038,0.0,0.0,35.25055555555555,0.0,0.0,0.0,-5.232129629629631,-0.15337962962962925,0.0
CC1OC(OC2C(CO)OC(OC3C(CO)OC(O)C(O)C3O)C(O)C2O)C(O)C(O)C1NC1C=C(CO)C(O)C(O)C1O,0,10.90133309830491,10.90133309830491,0.022477208759192457,-1.9324940210585126,136.22993716831652,66.38485613292916,0.0,5.5731045300692665,0.0,0.0,12.999757306524504,0.0,0.0,5.316788604006331,23.684314769000245,27.385218675731934,0.0,0.0,135.59295958346112,0.022477208759192457,0.0,-2.168167928638444,-26.579535443827016,-0.7529520954868156,0.0
O=C1C(c2[nH]c3ccccc3c2O)=Nc2ccccc21,0,12.364313114134543,12.364313114134543,0.069913076341648,-0.16439247921390754,0.0,9.901064578912528,0.0,17.244441782419546,22.330989975693814,5.516700717616262,0.0,24.26546827384644,24.26546827384644,9.976383253582876,0.0,0.0,0.0,19.768593159486016,10.971233938019651,2.6433966364323513,-0.09447940287225953,14.544589002267573,0.0,0.0,0.0
COc1cc2c(Nc3ccc(NC(=O)c4ccccc4)cc3)ncnc2cc1OCCCN1CCOCC1,0,12.407452791852872,12.407452791852872,0.15341032683897615,-0.15341032683897615,0.0,4.794537184071822,0.0,5.907179729351506,35.17460617529631,55.85916597645418,6.3273200747645415,19.242531678200752,54.59730361615449,25.501443980757553,14.210588861400147,17.08929651160988,0.0,23.677146437025407,7.062863011262303,2.8832622123368976,1.7762853987226375,20.3542431183171,2.437867418195932,5.092927016980097,1.626108875549747
CC(C)CC(C(=O)NC(C(=O)OC1CCCC1)c1ccccc1)C(O)C(O)=NO,1,12.9393181531872,12.9393181531872,0.0069523103726745195,-1.6901149533887632,35.83794362471862,19.802129157825057,0.0,18.442694056835705,5.563451491696996,25.683286491704038,0.0,30.33183534230805,13.847474399381248,10.47250133075687,9.94411597857734,5.589438696775007,0.0,25.766611237087425,33.80907167126507,0.5571119404551947,-3.2431448937599736,7.678582181673813,1.974924075602701,3.7007384242340953,0.0
Cc1ccc(C(=O)Nc2ccc(CN3CCN(C)CC3)c(C(F)(F)F)c2)cc1C#Cc1cnc2cccnn12,0,13.935889121092327,13.935889121092327,0.08283871943049625,-4.539718346948898,17.646929738491977,17.96578232709628,0.0,23.35904566399013,29.994069519138336,24.719331371983756,12.13273413692322,41.17455331068822,24.937685981679902,32.14022730181634,0.0,43.423258923608586,0.0,21.428742803602482,6.85384704259401,2.5583154876366425,5.569691177107119,12.58399336073539,-1.283701687629375,5.117217598223451,1.9986352941217025
CCOc1cc(C(CS(C)(=O)=O)N2C(=O)c3cccc(NC(C)=O)c3C2=O)ccc1OC,0,13.34687570861678,13.34687570861678,0.03217070315780646,-3.6009585091752743,39.35348676036676,22.8014085365444,0.0,16.814289258077554,23.669357122777722,11.155678914361882,26.16626887789138,31.18920547353706,0.0,5.316788604006331,9.473725907600098,35.33705377517789,0.0,39.05232271980967,2.5511077386201393,0.7194340887053738,-1.4078617182568065,8.180200877782497,1.035594494340436,3.4116536861418543,-2.129505662321058
CCCc1nc(C(C)(C)O)c(C(=O)O)n1Cc1ccc(-c2ccccc2-c2nn[nH]n2)cc1,0,12.094735024909086,12.094735024909086,0.02544323708465135,-1.3569569361011604,11.570356098935537,15.007591973753234,0.0,11.387855989696922,24.614387024838436,28.67462758971399,0.0,18.414574047172604,55.4546737473835,25.60811232885902,0.0,1.6958360680258227,0.0,16.59788941640791,34.698561704888085,2.590495973693471,0.06364657854997513,15.71337350347885,1.4302513222289623,5.459945432726922,0.0
CC#CC(=O)N1CCC[C@H]1c1nc(-c2ccc(C(=O)Nc3ccccn3)cc2)c2c(N)nccn12,0,12.610318901097013,12.610318901097013,0.20963032512387603,-0.26022094061131384,0.0,9.589074368143644,0.0,17.85620028785097,40.77896666374427,18.405094737549014,0.0,60.746012987688374,16.533428743185013,27.125614283612034,10.717645998109393,1.897817201337223,0.0,40.25029491909611,2.774838036154983,8.840061422148295,6.386873753834852,12.211813557010055,6.692141140996759,2.2794933027550544,0.0
C[N+]1(C)CCC(OC(=O)C(O)(c2ccccc2)C2CCCC2)C1,0,12.940289115646259,12.940289115646259,0.04046012849584324,-1.5024872448979587,11.570356098935537,9.901064578912528,0.0,12.021872433909696,5.563451491696996,49.67665178414982,0.0,0.0,30.33183534230805,14.09534396535438,4.736862953800049,6.640573349710255,0.0,12.940289115646259,11.361682728647015,-0.8324437830687824,-0.4964786470143612,9.332871787603931,4.683648746535652,1.8258106575963717,4.294046044343664
NCC1OC(OC2C(CO)OC(OC3C(O)C(N)CC(N)C3OC3OC(CO)C(O)C(O)C3N)C2O)C(N)C(O)C1O,0,11.099794119387374,11.099794119387374,0.064217773518368,-1.6209064284447583,129.49880408660295,40.85221915872564,0.0,12.965578028838586,0.0,0.0,0.0,0.0,0.0,0.0,57.089515108611224,34.40590263631701,0.0,0.0,82.3115289591144,29.904341902855187,0.0,-4.300107466031718,-20.50290756146353,-1.4854251374580267,0.0
NCc1ccc(S(N)(=O)=O)cc1,0,10.779027305366592,10.779027305366592,0.11083333333333356,-3.5686196145124716,10.023291153407584,8.417796984328938,0.0,4.895483475517775,6.544756405912575,5.563451491696996,12.13273413692322,12.13273413692322,0.0,0.0,10.872641214770127,21.558054610733183,0.0,0.11083333333333356,4.889261148904006,6.205471466364324,0.0,6.16125,0.0,0.3937490551776264,-3.5686196145124716
Cc1cccc(C)c1NC(=O)CN1CCCC1=O,0,11.913429705215417,11.913429705215417,0.07560699588477404,-0.12254629629629621,0.0,9.589074368143644,0.0,18.359115864615585,12.965578028838586,23.235110881003564,0.0,4.899909730850477,32.046575604766076,5.316788604006331,0.0,0.0,0.0,24.969464600655076,2.893101851851852,2.9317989417989416,-0.04693930041152217,5.886468306458386,1.4227960443436631,4.776642888636937,0.0
CC12CC=C3C4=C(CCC3C1CCC2(O)CC#N)CC(=O)CC4,0,11.751339446561412,11.751339446561412,0.1672160415091961,-0.8277425306542372,5.601050810983688,9.901064578912528,0.0,11.835812092322788,30.460700284539744,38.524929737556064,16.7193135902078,0.0,0.0,19.068978619316777,5.261891554738487,0.0,0.0,11.751339446561412,20.238154157060528,3.351052755207022,1.3969050316216167,2.2130584483691447,9.68482646545507,2.197997029058537,0.0
O=C(NOCCO)c1ccc2cncn2c1Nc1ccc(I)cc1F,0,14.198165276216088,14.198165276216088,0.034154899550371765,-0.5301205173427384,11.7244005703974,9.184952231746642,0.0,24.464601695406394,5.817862777835028,9.086882988681658,12.393687143226153,34.86300645172131,22.590870627068057,15.780863723074742,9.94411597857734,16.596411555433235,2.0183508412893167,21.25664482904528,11.669637291119976,3.4423556678844385,-0.6207560090789694,8.034717800366755,3.1458755786755064,-0.25657088806886863,0.0
COc1cc(C(=O)O)ccc1O,0,10.443189720332578,10.443189720332578,0.06712962962962932,-1.0478703703703702,5.9693052879518484,4.794537184071822,0.0,17.062475158264807,0.0,0.0,25.30889874666236,0.0,0.0,0.0,14.94991774348146,4.722453703703703,0.0,10.443189720332578,17.657289304610735,0.08763888888888927,-0.9530555555555551,3.847361111111111,0.0,0.0,1.3617894935752077
C[C@@H]1COCCN1c1cc(C2([S@](C)(=N)=O)CC2)nc(-c2ccnc3[nH]ccc23)n1,0,12.799915412152515,12.799915412152515,0.1816706034265556,-2.7879298679348294,14.476034639549486,4.208898492164469,0.0,6.041840829147961,24.732096421874225,41.801115356529145,6.255769183511404,6.196843571613076,24.395944776997908,21.791603972435517,19.48439815993249,25.994292252018397,0.0,19.439160215586078,0.9431282543881753,2.3625402730536664,1.383647959183674,5.989131826341648,6.546442880195135,4.129586207168052,-2.7879298679348294
Cc1cc2c(cc1S(N)(=O)=O)S(=O)(=O)CCC2,0,11.82784863945578,11.82784863945578,0.06261904761904757,-3.881603835978836,19.860544289825086,16.835593968657875,0.0,15.54382055778234,23.968546229246012,0.0,6.06636706846161,12.990104268152233,0.0,0.0,5.138973737607942,46.32266298185941,0.0,9.259259259297714e-05,5.05670989229025,1.170833333333334,0.06261904761904757,2.7919444444444443,1.2259894652305365,1.6123493008314436,-7.243201058201058
O=P(O)(O)O,0,8.881944444444445,8.881944444444445,4.638888888888889,-4.638888888888889,7.822697123132171,0.0,0.0,0.0,0.0,0.0,0.0,0.0,0.0,0.0,19.245283093188757,8.881944444444445,0.0,21.5625,0.0,0.0,0.0,0.0,0.0,0.0,-4.638888888888889
O=c1ccc2ccccc2o1,0,10.716763038548752,10.716763038548752,0.3021296296296294,-0.3021296296296294,0.0,4.794537184071822,0.0,5.625586319077987,5.583020141642242,5.386224214464796,6.06636706846161,12.13273413692322,18.19910120538483,0.0,4.417150937053347,4.9060648148148145,0.0,10.716763038548752,0.9510185185185187,0.33675925925925965,0.0,10.589394368858654,0.0,0.0,0.0
CC(=O)SCC(Cc1ccccc1)C(=O)NCC(=O)OCc1ccccc1,0,12.495299228889596,12.495299228889596,0.03876620174697076,-0.4954767153775077,11.887211334113243,14.383611552215466,0.0,24.17409502996272,12.1736752296728,22.888787932785107,6.923737199690624,0.0,60.6636706846161,5.316788604006331,4.736862953800049,5.1617209625024385,1.1128293330441876,35.63324561791567,2.58590744085822,1.8939305796362285,-0.7850478827129244,18.939097333746748,0.5059685513834141,1.4523480636260215,0.0
Nc1ncnc2c1ncn2C(C=O)OC(C=O)CO,1,11.053584183673468,11.053584183673468,0.16897641618375836,-1.1373611111111106,18.93874952299609,9.589074368143644,0.0,5.817862777835028,23.736198984643096,0.0,17.22173979732044,0.0,0.0,14.951935562841623,15.57705782580294,6.424212962962963,0.0,33.34021909381036,8.882656263122533,6.234506802721089,0.16897641618375836,0.0,1.1462611016628876,-0.530165973796926,0.0
On1ccccc1=S,1,8.73175925925926,8.73175925925926,0.4236111111111114,0.4236111111111114,0.0,0.0,0.0,0.0,4.640589267438692,4.7304076419062255,6.196843571613076,18.19910120538483,0.0,12.217873443046695,5.20725302477729,1.3217592592592595,4.666203703703704,0.0,8.73175925925926,0.0,0.0,5.125185185185185,1.488425925925926,0.0,0.0
CC(C)(Oc1ccc(CCNC(=O)c2ccc(Cl)cc2)cc1)C(=O)O,0,11.991023694776054,11.991023694776054,0.15293710051105402,-1.2836592533144415,11.570356098935537,9.589074368143644,0.0,5.907179729351506,29.30117466756081,5.563451491696996,13.847474399381248,36.39820241076966,12.13273413692322,5.316788604006331,21.44433023887327,5.448357931476133,5.796350904958853,23.051613986126718,12.493511833713757,0.2866529945396401,-0.6919757812918808,13.842379837774859,0.6546955922286611,3.4795238115843725,0.0
CC(=O)O[C@H]1CC[C@@]2(C)C(=CC[C@@H]3[C@@H]2CC[C@]2(C)C(=O)CC[C@@H]32)C1,0,12.44915303177801,12.44915303177801,0.04383628434155984,-0.1566758956031138,0.0,9.589074368143644,0.0,22.90325261449371,23.53696308484912,44.94575136048208,18.9176633526859,0.0,0.0,19.92349450621513,4.736862953800049,5.496227992536163,0.0,23.746470983203555,0.0,1.7350308736327409,2.332206090833436,0.0,10.82932446902978,6.1940729240976555,0.0
C#C[C@]1(O)CC[C@H]2[C@@H]3CCc4cc(OC5CCCC5)ccc4[C@H]3CC[C@@]21C,0,11.059450206887561,11.059450206887561,0.10521322630291752,-0.9008994529582623,5.601050810983688,5.106527394840706,0.0,5.414990469396779,23.857684526232482,37.853619947913955,37.667559606327046,5.563451491696996,0.0,31.043272723931096,11.160212849420308,6.249423584822665,0.0,0.0,11.059450206887561,2.0390520610176477,5.7012585636210105,6.8802566767447715,17.645158602288312,2.2587336379513645,0.0
Nc1ncnc2c1ncn2[C@@H]1O[C@H](COP(=O)(O)OP(=O)(O)OP(=O)(O)O)[C@@H](O)[C@H]1O,0,11.782949892052525,11.782949892052525,0.04258722959067884,-5.700390478984414,54.61477366788921,28.801611247227875,0.0,16.981740716219015,0.0,6.3273200747645415,10.894419722555895,0.0,0.0,28.096945463800612,25.150765239219663,51.880931531626146,0.0,47.23967477770954,20.409625571874926,6.001930231046035,0.04258722959067884,0.0,-3.690795049955521,-0.9561826814058958,-16.677771610485898
Cc1[nH]nc(C(F)(F)F)c1Cc1sc2c(c1C(=O)N1C[C@](C)(O)CO1)c(=O)n(C)c(=O)n2C(C)C,0,13.598207612526696,13.598207612526696,0.08736158352229784,-4.742183885338648,40.669308175030565,32.66138409008063,0.0,51.487058799380605,0.0,20.96710325069144,25.462246029849794,13.847474399381248,0.0,10.197363616602075,4.8375885837366335,42.9855244736975,0.9042351662887372,45.26472278920241,16.766489229523817,-4.006457869381299,-0.7872345049130753,-0.4060930020156215,-5.106003802194279,5.946613144734989,1.2715377083901616
O=C(C(O)CO)C(O)C(O)CO,0,10.743287037037037,10.743287037037037,0.7866515495086923,-1.8637500000000007,37.30890803863568,4.794537184071822,0.0,0.0,0.0,0.0,0.0,0.0,0.0,0.0,25.532636974203527,0.0,0.0,10.743287037037037,42.858441987906275,0.0,-1.1119907407407406,0.0,-5.211064814814816,-1.6120068027210883,0.0
CCS(=O)(=O)c1cccc(-c2cc(C(=O)NC3CCN(C)CC3)c(C)c3[nH]c4ncc(C)cc4c23)c1,1,13.534187907817957,13.534187907817957,0.0279711455671956,-3.3795469620350116,9.837253136417502,13.212334168400758,0.0,22.59735764076403,5.563451491696996,70.12128839177872,0.0,25.122838405075452,32.17705210791755,33.29869442789003,0.0,25.290253131816563,0.0,24.098022729633357,5.1344528521923,5.62339405808468,-0.07820178579670789,11.132384207962083,3.653442791619545,7.511007537685097,-1.2814221898635916
COc1cc(NC(=O)Nc2cccc(CNC(=O)OC3CCOC3)c2)ccc1-c1cnco1,0,12.47265990622235,12.47265990622235,0.20357834471886616,-0.49599155757859914,12.124354583276487,9.589074368143644,0.0,12.648722793660877,42.51911735347732,11.126902983393991,13.503437040068057,42.59504598238274,6.06636706846161,20.9343443329662,18.627739798453494,21.169947712686337,0.0,28.28118215487774,8.251428527344972,2.6567817440821955,1.0994513203137375,11.942205123484763,2.9298907208338694,1.2981673882145277,1.5376119748285206
CC(C)(C)NCC(O)c1cc(O)cc(O)c1,0,9.84800925925926,9.84800925925926,0.051103080120936895,-0.7525694444444448,6.103966387748303,15.319582184522117,0.0,17.037948918951155,12.10820789760957,0.0,18.19910120538483,0.0,20.771211599071872,5.316788604006331,0.0,0.0,0.0,0.0,31.552484174225246,0.41119342876039333,-0.10220616024187379,4.107996149848828,-0.7525694444444448,6.366435185185185,0.0
CC(OC1OCCN(Cc2nc(=O)n(P(=O)(O)O)[nH]2)C1c1ccc(F)cc1)c1cc(C(F)(F)F)cc(C(F)(F)F)c1,0,13.667453830356138,13.667453830356138,0.006032139104518386,-5.071490251345535,66.73223812646235,49.87931400823185,0.0,36.039475737015614,17.696185628620217,12.13273413692322,19.056471336613843,4.899909730850477,0.0,10.082660329248245,9.473725907600098,117.04777757813912,0.0,35.70130315446482,2.205539226841709,-4.380379427223817,-0.7749446993872355,5.0129442867452525,-12.834042969006287,1.0419577531872377,-5.047932681538561
CC(=O)NCC1CN(c2ccc(-c3ccc(CNCc4c[nH]nn4)cc3)c(F)c2)C(=O)O1,1,14.863708911931731,14.863708911931731,0.202161812126332,-0.5602081305642412,18.01442729973261,13.979489415818463,0.0,18.996692541176657,24.340350578205708,16.82083097824245,17.89001399900271,18.3295777085363,24.26546827384644,26.044325920269607,4.736862953800049,20.10095854452375,0.0,24.560199930400376,16.123081337269454,3.473797433567701,-0.6350153973671828,12.24895119966285,0.6968935882448983,3.097800030364825,0.0
CCCCCCCCCCCCCCCC(=O)NCCO,1,11.281068083120823,11.281068083120823,0.03208718067097571,0.03208718067097571,0.0,4.794537184071822,0.0,12.514061693864424,12.965578028838586,12.841643245852019,70.62903785218613,0.0,0.0,12.240525803696954,5.106527394840706,0.0,0.0,11.281068083120823,11.271311234859821,0.0,0.07603981575935004,0.0,17.854552746035655,2.6836947868910186,0.0
Nc1ccc(C(=O)O)c(O)c1,0,10.332243008314437,10.332243008314437,0.13962962962962933,-1.1643518518518519,5.9693052879518484,4.794537184071822,0.0,11.3129633249809,5.687386274683562,0.0,18.19910120538483,0.0,0.0,0.0,15.946722266843596,0.0,0.0,10.332243008314437,17.456649659863945,5.475366591080878,-1.4722222222222219,3.8746296296296294,0.0,0.0,0.0
CCOC(=O)NC1CCC2C(C1)CC1C(=O)OC(C)C1C2C=Cc1ccc(-c2cccc(F)c2)cn1,0,13.589010710799972,13.589010710799972,0.06792669385278138,-0.3678309776593285,0.0,13.979489415818463,0.0,47.7792915553166,18.442694056835705,42.50411746994649,12.13273413692322,19.18694783976531,31.198858511909332,16.376787231787418,9.473725907600098,24.345847887963803,0.0,29.224449754360055,2.9985739224976204,2.4761911197587785,0.6287325912752358,10.441490112042725,9.0678906041897,4.150157341245413,0.0
O=C1CCC(N2C(=O)c3ccccc3C2=O)C(=O)N1,0,12.173658352229781,12.173658352229781,0.12878165154950816,-0.8980555555555558,23.763380017202476,19.178148736287287,0.0,18.748822975203524,11.126902983393991,4.899909730850477,0.0,24.26546827384644,0.0,5.316788604006331,0.0,0.0,0.0,48.1488847946586,2.1501535336356765,0.6059259259259264,-1.9223952296968156,5.545261190896111,0.30550311791383167,0.0,0.0
O=S(=O)(c1ccccc1)c1cnc2c(N3CCNCC3)cccc2c1,0,12.805404683299702,12.805404683299702,0.22561187746703637,-3.554257553329973,9.837253136417502,8.417796984328938,0.0,9.79096695103555,0.0,42.76933683041492,6.196843571613076,36.39820241076966,18.19910120538483,15.200676855804016,0.0,25.610809366599405,0.0,7.307847137630688,4.179104450149828,1.9019173595364078,0.0,16.110337392685878,1.4686141817838245,3.7256276649439393,-3.554257553329973
CC(C)CN(CC(OP(=O)(O)O)C(Cc1ccccc1)NC(=O)OC1CCOC1)S(=O)(=O)c1ccc(N)cc1,0,13.623075131338119,13.623075131338119,0.023457164495223948,-5.124318525570703,48.73375835803531,27.56420565883704,0.0,30.38584951503067,18.71508986212249,9.868667482993228,24.26546827384644,30.33183534230805,13.847474399381248,5.316788604006331,19.7311405464741,56.19053744513138,0.0,32.277488237266006,2.6493792569063133,6.824811652211215,-0.14154745810680192,13.450736556519487,-2.1430097565253345,3.8708416326470814,-9.257015343827135
COc1cc(C=O)ccc1O,0,10.248745275888133,10.248745275888133,0.0399074074074075,0.0399074074074075,0.0,4.794537184071822,0.0,5.749511833283905,17.599123848110455,0.0,25.30889874666236,0.0,0.0,0.0,9.843390348640755,4.778564814814815,0.0,10.248745275888133,9.089545540438397,0.4857870370370372,0.35435185185185203,4.412453703703704,0.696388888888889,0.0,1.434162887377173
CCOc1ccccc1OC(c1ccccc1)C1CNCCO1,0,6.333703703703704,6.333703703703704,0.027006802721088574,-0.1753647014361306,0.0,0.0,0.0,12.207932775496605,13.213763929025836,30.15198797008996,0.0,0.0,49.38830667892189,17.449522740929552,14.210588861400147,17.95158974237843,0.0,0.0,3.3743667328042326,1.1041680839002268,1.5111817365835227,17.991364244771983,-0.20237150415721916,4.936367630385488,0.0
COc1cc(C=Cc2ccc(O)cc2)cc(OC)c1,0,9.221375472671468,9.221375472671468,0.26407369146005544,0.26407369146005544,0.0,5.106527394840706,0.0,5.749511833283905,0.0,22.6259266499618,0.0,26.352329219478285,42.483875555975814,0.0,9.473725907600098,10.436331691997276,0.0,0.0,9.221375472671468,2.003575680272109,1.77278873303224,12.709227359140778,3.9355895691609977,0.0,3.254444827058463
O=C(NCc1ccc(Oc2ccccc2)cc1)c1nc(-c2cc(Br)c(O)c(Br)c2)no1,0,12.368181758065482,12.368181758065482,0.06055412765073864,-0.48585943611196103,5.907179729351506,9.901064578912528,0.0,17.46464025330974,26.8031587625583,11.3129633249809,0.0,12.13273413692322,54.59730361615449,47.31731817797768,9.259957890773396,11.763028038084075,6.499377925271573,16.500616070165407,16.395922141776545,1.465973196434732,1.107835690045517,20.14376546211982,0.0,0.29014814276899403,0.0
C[C@@H]1CC[C@@]2(NC1)O[C@H]1C[C@H]3[C@@H]4CC=C5C[C@@H](O[C@@H]6O[C@H](CO)[C@H](O)[C@H](O[C@@H]7O[C@H](CO)[C@@H](O)[C@H](O)[C@H]7O)[C@H]6O[C@@H]6O[C@@H](C)[C@H](O)[C@@H](O)[C@H]6O)CC[C@]5(C)[C@H]4CC[C@]3(C)[C@H]1[C@@H]2C,0,11.587608801736229,11.587608801736229,0.03608048086031879,-1.8389686607440645,111.43540715775939,45.95874655356634,0.0,22.658932920512115,48.349079522820375,38.64886452054263,25.33848497561191,0.0,0.0,39.08775750960271,33.15804067660034,43.864545682663966,0.0,0.0,99.67003158812167,1.3181192722186674,3.3190856906864505,0.0,-11.922867263506005,10.834418363148579,0.0
CN(c1ncccc1CNc1nc(Nc2ccc3[nH]c(O)cc3c2)ncc1C(F)(F)F)S(C)(=O)=O,1,13.60592746443687,13.60592746443687,0.022495063474309074,-4.732399401252441,27.58090394038308,26.695569522194102,0.0,24.19094680116947,28.350606270074692,10.560985174807637,19.310882622751876,30.33183534230805,0.0,30.56949129180149,0.0,65.59308461575738,0.0,14.575005718893749,15.730942027304794,0.42774643312253313,-0.5382621528456066,9.593517383317703,-1.6949677060742112,-0.18338016797883316,-2.3370194848308437
Nc1ncnc2c1ncn2C1OC(CO)C(O)C1O,0,9.950183767951625,9.950183767951625,0.21804944045519536,-1.1891298185941046,31.146682298492692,10.213054789681411,0.0,5.817862777835028,11.16387793838399,0.0,17.22173979732044,0.0,0.0,14.951935562841623,15.57705782580294,6.854490740740741,0.0,11.892376700680273,28.737643350550098,6.444158005794912,0.21804944045519536,0.0,-1.422987449609475,-0.3903974552784075,0.0
Cc1cccn2c(=O)c(-c3nn[nH]n3)cnc12,0,12.18037037037037,12.18037037037037,0.20824074074074028,-0.20824074074074028,0.0,4.794537184071822,0.0,11.383671393051934,11.210628712464723,5.563451491696996,10.59753817787487,12.263210640074686,12.990104268152233,25.60811232885902,0.0,1.4732407407407406,0.0,16.41916666666667,13.285646730914586,1.6768119331065765,0.24852418745275928,3.695650746409675,3.1356840513983366,1.898608276643991,0.0
CC(O)(COc1ccc(C#N)cc1)C(=O)Nc1ccc(C#N)c(C(F)(F)F)c1,0,12.995978884633407,12.995978884633407,0.22687676427575365,-4.770814676504767,35.41831400568557,23.07230972193699,0.0,5.687386274683562,17.379330393442512,19.056471336613843,30.334689586638714,0.0,6.069221312792274,5.316788604006331,15.260646063277022,44.2882614715122,0.0,12.240904112805719,29.96612970868774,-3.656477079844838,-0.6909417441091323,11.962780264646334,-4.770814676504767,0.6601579428067528,0.0
C[S+](CCC(N)C(=O)O)C[C@H]1O[C@@H](n2cnc3c(N)ncnc32)[C@H](O)[C@@H]1O,0,10.809221038976215,10.809221038976215,0.21593347590287038,-1.1649385865457298,36.55094645107959,15.007591973753234,0.0,16.712843528604267,29.09040677480358,0.0,17.22173979732044,0.0,6.255769183511404,14.951935562841623,21.310725302965125,7.407550605475841,0.0,22.95127639615249,29.681416581309435,12.094707764549659,0.25437781476203836,-0.9072553644180632,1.3085605279153614,0.0,-0.23507877019120405
C[C@H]1CN(CC(Cc2ccccc2)C(=O)NCC(=O)O)CC[C@@]1(C)c1cccc(O)c1,0,12.764695412019769,12.764695412019769,0.04589970743041638,-1.0414016952207226,5.9693052879518484,14.69560176298435,0.0,29.534344484106157,18.883484074999977,30.63723741814515,0.0,6.06636706846161,42.46456947923127,30.130539802699666,5.106527394840706,0.0,0.0,25.97829769951379,21.40061203214916,2.1553214133449528,-0.9643773929791379,17.33323533601034,1.4934730269263097,6.353437885034587,0.0
CCN(CC)CC(=O)Nc1c(C)cccc1C,0,11.89231859410431,11.89231859410431,0.06120370370370365,0.06120370370370365,0.0,4.794537184071822,0.0,5.907179729351506,6.544756405912575,29.903802069902703,0.0,0.0,32.046575604766076,24.064172734238056,0.0,0.0,0.0,13.9924574829932,2.9969907407407406,3.167083333333334,0.06120370370370365,6.032499685059208,0.0,10.416431720836485,0.0
O=c1c(O)c(-c2ccc(O)c(O)c2)oc2cc(O)ccc12,1,12.082040973796927,12.082040973796927,0.08718227723187999,-0.6538751889644747,16.92781405846835,25.220646763434644,0.0,33.791966933246286,0.0,6.06636706846161,30.33183534230805,0.0,0.0,0.0,4.417150937053347,5.4324055177626605,0.0,12.082040973796927,38.295032792450726,-0.3432199546485253,-1.604538979171914,7.638279649810132,0.0,0.0,0.0
CC#CC(=O)Nc1ccc2ncnc(Nc3cccc(Br)c3)c2c1,0,11.625160855141464,11.625160855141464,0.35166793901011073,-0.35166793901011073,0.0,4.794537184071822,0.0,5.907179729351506,11.50524905251859,21.063030722597034,6.3273200747645415,12.990104268152233,36.39820241076966,48.372346785567714,0.0,0.9694019139486869,3.445575847902601,20.191973969276006,6.8087532806332405,2.319515757819555,5.332397487887797,13.226734921020132,1.5034369882212144,1.6188764999574328,0.0
CCCCCCCCCCCCCCCCCCCC(=O)O,0,10.359680154446798,10.359680154446798,0.34583718067097546,-0.651889459347829,5.9693052879518484,4.794537184071822,0.0,0.0,6.4208216229260096,12.841643245852019,96.31232434389018,0.0,0.0,6.923737199690624,5.106527394840706,0.0,0.0,10.359680154446798,8.539027114615408,0.0,-0.651889459347829,0.0,23.142592064927747,2.277256792024539,0.0
O=C1C(c2[nH]c3ccc(S(=O)(=O)O)cc3c2O)=Nc2ccc(S(=O)(=O)O)cc21,0,12.657347306206432,12.657347306206432,0.03722789115646341,-4.518271956274855,41.5599774487515,26.7366585475704,0.0,33.55937569608078,0.0,24.26546827384644,12.13273413692322,0.0,0.0,9.976383253582876,9.105499747380728,63.36621843208714,0.0,18.57126337977799,10.481299813135132,0.0255139833711282,-1.1594734977324257,6.7302133142564236,0.0,0.0,-9.015035424895391
CN1CCN(c2nc(C3=C(c4c[nH]c5ccccc45)C(=O)NC3=O)c3ccccc3n2)CC1,0,13.120394183538123,13.120394183538123,0.29049125514403284,-0.4366095574032076,11.814359458703011,9.589074368143644,0.0,0.0,28.351927827670483,47.98487548781241,0.0,6.196843571613076,48.53093654769288,27.14825856933168,9.967957041894415,0.0,0.0,43.39144358952422,4.116488637057721,3.446143348903957,-0.27149902077706756,15.356312482250535,1.7806964915595866,3.4197184792489486,2.0940293255654283
NC(=O)c1cnc(N[C@@H]2CCCC[C@H]2N)nc1Nc1cccc(-n2nccn2)c1,1,11.85672330221753,11.85672330221753,0.05354476862579838,-0.6126710390946501,5.907179729351506,4.794537184071822,0.0,17.647133149992918,17.453588333505085,31.3706727663876,10.99334979411209,12.393687143226153,24.26546827384644,30.79889786650915,11.46733495432437,0.0,0.0,22.08299790019605,14.691870110885228,13.39055012654375,0.11853531536071316,7.577285047818645,8.80542816586228,0.0,0.0
COc1ccc2c3c1O[C@H]1C[C@@H](O)C=C[C@@]31CCN(C)C2,0,9.97286643361048,9.97286643361048,0.008379629629629015,-0.411699263038549,6.103966387748303,5.106527394840706,0.0,11.518956857145081,6.4208216229260096,31.009358101318973,11.126902983393991,7.109797541277533,12.142387175295491,24.089968888823158,9.473725907600098,11.755412414965987,0.0,2.352275604686319,9.97286643361048,2.483439625850341,1.684275793650794,4.157095143613001,5.379761432350717,1.9556368102796673,3.8425700743260265
CN(C)CCCOc1ccc(-c2ccc3ncc4c(c3c2)n(C2CCOCC2)c(=O)n4C)cn1,1,13.199608927740487,13.199608927740487,0.0008905937565120148,-0.0008905937565120148,0.0,4.794537184071822,0.0,11.731584227351433,25.700634229974128,58.87045062539818,0.0,10.763943219404432,36.010716407466454,41.0959448750225,9.473725907600098,14.971847134773537,0.0,24.472883942626265,0.975188710401033,4.689835642944827,0.6284885919766319,10.25425682603914,6.269865727487854,2.9781794253721605,5.926120665045219
CC(=O)c1cc([N+](=O)[O-])c(Sc2cccc(Cl)c2Cl)s1,0,11.33840029324487,11.33840029324487,0.09607205845301103,-0.5101932161753595,4.923311048817671,14.908855452837393,0.0,11.470631221048501,24.027076474223808,23.09867082732585,12.990104268152233,18.19910120538483,0.0,0.0,23.20187978046503,0.40682098765432095,14.172803742896331,22.81166873127852,11.744885396545452,-0.09607205845301103,-0.20635090353013608,6.35040144452843,0.0,1.3713982146356485,0.0
CC(O)C1C(=O)N2C(C(=O)O)=C(SC3CNC(CNS(N)(=O)=O)C3)C(C)C12,0,12.328926297804227,12.328926297804227,0.005102749433106624,-3.7586868665184965,28.20050689225921,28.219926142153994,0.0,41.4005011827594,17.87071454272863,0.0,16.66179468024159,6.923737199690624,6.923737199690624,10.038883468458419,5.138973737607942,24.269103628282295,1.4120429421768703,26.05136400817687,27.669575468207253,0.005102749433106624,-2.265626306180058,-0.43463543369342483,-0.19742237619457648,4.165848852976829,-3.7586868665184965
OCCN1CCN(CCCN2c3ccccc3Sc3ccc(Cl)cc32)CC1,0,9.077905528448838,9.077905528448838,0.2582831195518509,0.2582831195518509,0.0,0.0,0.0,6.606881964512918,0.0,57.25674977805535,21.165739500402672,0.0,17.828252017852726,51.097931603321086,16.70746728507322,0.0,8.122231864863167,9.888770178640458,9.868402164936429,2.503700798092934,0.0,14.827762818135549,1.1160260770975057,7.4508838760117335,0.0
CO[C@H]1/C=C/O[C@@]2(C)Oc3c(C)c(O)c4c(O)c(c5c(nc6cc(C)ccn65)c4c3C2=O)NC(=O)C(C)=CC=CC(C)[C@H](O)[C@@H](C)[C@H](O)[C@@H](C)[C@H](OC(C)=O)[C@@H]1C,0,14.56218300448036,14.56218300448036,0.018515029185088405,-1.957695434068245,77.28384268516157,34.809721131578286,0.0,55.692267318876745,5.647177220767728,5.563451491696996,40.219109695604075,63.444284496829624,19.056471336613843,5.316788604006331,23.931430336147404,25.494550934786375,0.0,45.56609406586051,49.38826801970568,2.1805783865611703,-6.9582071521778985,3.6376410252820444,5.622139669751876,14.693303784468775,1.4589645990947988
CC(C)=CCC/C(C)=C/CC/C(C)=C/CC/C=C(\C)CC/C=C(\C)CCC=C(C)C,0,2.433949766854744,2.433949766854744,1.1706467685322164,1.1706467685322164,0.0,0.0,0.0,0.0,0.0,0.0,97.64684340967571,0.0,0.0,91.84601823852826,0.0,0.0,0.0,0.0,0.0,8.966642323391664,0.0,0.0,26.221342155880222,17.812015520728117,0.0
NCCc1ccc(O)c(O)c1,0,9.035908919123205,9.035908919123205,0.08708333333333318,-0.09187830687830667,0.0,0.0,0.0,11.49902366656781,12.965578028838586,5.563451491696996,12.13273413692322,6.06636706846161,0.0,0.0,15.946722266843596,0.0,0.0,0.0,17.966588246409675,6.237682350718065,-0.17896164021163985,4.712731481481482,0.7161111111111111,0.5458484504913076,0.0
CC(=O)Oc1ccc(C(c2ccc(OC(C)=O)cc2)c2ccccn2)cc1,0,11.115153016974045,11.115153016974045,0.10744803476946374,-0.35640173031767586,0.0,9.589074368143644,0.0,17.85651662206509,11.49902366656781,16.82083097824245,13.847474399381248,30.462311845459517,42.46456947923127,4.983978520947208,9.473725907600098,10.220111595262694,0.0,26.73304313187368,0.0,2.895971487360377,0.17276143816367484,20.484716672583737,1.752772038567493,2.740623636188349,0.0
O=C(C=Cc1ccc(O)cc1)c1ccc(O)cc1O,0,11.83924288233812,11.83924288233812,0.10040354413370256,-0.3698379629629629,0.0,9.901064578912528,0.0,28.59523193791365,0.0,11.629818560158606,30.34148838068032,18.208754243757102,0.0,0.0,10.213054789681411,0.0,0.0,11.83924288233812,27.81446270797371,0.8724504493155292,-0.5813418052406139,10.159796498795416,2.895389266817838,0.0,0.0
CCn1c(=O)c2c(nc(C=Cc3ccc(OC)c(OC)c3)n2C)n(CC)c1=O,0,12.745219569006615,12.745219569006615,0.3150815027681566,-0.3370181866137296,0.0,9.589074368143644,0.0,11.24901029325548,41.57681891477687,5.563451491696996,9.13419929558271,38.83412401954811,31.198858511909336,4.983978520947208,9.473725907600098,15.04153094428881,0.0,29.816140662332767,0.0,1.0411733719579706,1.8537984954182305,5.56811572486356,3.6779452475434615,4.391946886923299,4.942682000005233
O=[N+]([O-])c1cn2c(n1)OC[C@@H](OCc1ccc(-c3ccc(OC(F)(F)F)cc3)nc1)C2,0,12.236869700026212,12.236869700026212,0.18446460651905539,-4.737165201660827,11.285669907848053,23.28556341179003,0.0,36.89556976747991,17.802135892458033,5.563451491696996,35.02941149325087,18.3295777085363,0.0,14.704819995694464,9.473725907600098,53.28340547498477,0.0,18.29678329664278,10.79734468016635,1.9988551953759668,-0.5872287386842248,9.121895598506482,-2.1529671261746945,0.8252449525159109,0.0
CC(C)(Oc1ccc(Cl)cc1)C(=O)O,0,10.741274705355393,10.741274705355393,0.4877777777777781,-1.2283437263794408,11.570356098935537,4.794537184071822,0.0,0.0,10.772145147025231,0.0,13.847474399381248,24.26546827384644,0.0,0.0,21.44433023887327,5.260061728395062,5.67357177850564,10.741274705355393,9.394507257635563,-1.2283437263794408,-0.519212962962962,6.559211703199798,0.0,2.980040627362056,0.0
CO[C@H]1O[C@@H]2OC3(C)CC[C@H]4[C@H](C)CC[C@@H]([C@H]1C)[C@@]24OO3,0,6.208194444444445,6.208194444444445,0.230341553287982,-0.6980196523053666,17.6781886928895,0.0,0.0,12.207932775496605,17.75371813848418,19.26246486877803,6.4208216229260096,7.109797541277533,6.923737199690624,13.847474399381248,23.985730767912372,17.915247307256237,0.0,11.800068263416478,0.0,-0.4701157407407408,0.9529823318216168,0.0,3.635936318972033,6.4613943216175365,1.7044871976568405
NC(=O)CN1CC(c2ccccc2)CC1=O,0,11.611651077097505,11.611651077097505,0.007086167800453902,-0.45642437221802257,5.907179729351506,9.589074368143644,0.0,18.369842181425472,12.965578028838586,5.563451491696996,4.899909730850477,0.0,30.33183534230805,0.0,5.733667477162185,0.0,0.0,23.911775478710002,0.0,6.227298437893676,-0.2613289451583094,9.867049765894013,0.46953703703703686,0.6190015589569164,0.0
Cn1cc(C2=C(c3cn(C4CCN(Cc5ccccn5)CC4)c4ccccc34)C(=O)NC2=O)c2ccccc21,1,13.339103131724467,13.339103131724467,0.31055905721129373,-0.3416538766319539,0.0,9.589074368143644,0.0,11.814359458703011,17.188049889286493,71.1025933059943,0.0,0.0,72.53939532138759,44.16372128059328,0.0,4.333290891436009,0.0,33.514393122462494,4.538575588414378,5.704754351144491,-0.6786745715342111,22.565841701974353,7.911061861283602,2.812307236230847,1.9651164852546976
Cc1cccc(/C=N/Nc2cc(N3CCOCC3)nc(OCCc3ccccn3)n2)c1,0,5.850416734990599,5.850416734990599,0.31312825438817526,0.31312825438817526,0.0,0.0,0.0,0.0,38.06979513388663,30.164755076205637,5.563451491696996,12.411444151148393,36.39820241076966,49.435515553156044,9.473725907600098,11.30709147919396,0.0,15.540996634934885,4.334151411342519,6.174329453074199,1.3681691442008905,16.15667381908885,4.226701938900712,5.391886119263984,0.0
COc1ccc(O)cc1,1,8.796632653061224,8.796632653061224,0.26000000000000023,0.26000000000000023,0.0,0.0,0.0,5.749511833283905,0.0,5.749511833283905,0.0,31.37526581512397,0.0,0.0,9.843390348640755,4.858055555555556,0.0,0.0,8.796632653061224,0.0,1.0172222222222227,6.5717592592592595,0.0,0.0,1.5896636432350717
CN(C)C1C(=O)C(C(N)=O)C(=O)C2(O)C(=O)C3C(=O)c4c(O)cccc4C(C)(O)C3CC12,1,13.622087585034013,13.622087585034013,0.11747023809523882,-2.8220706963340882,75.70523798385607,39.292268104881224,0.0,17.547724606320003,0.0,0.0,44.11809210128031,0.0,0.0,0.0,5.733667477162185,0.0,0.0,66.37009148379278,33.10806135419681,0.511011661615469,-12.037063985188762,2.910254795016925,-0.22961167800453497,1.3853009784160575,2.9819553901552456
c1ccc2c(c1)CCCC2C1=NCCN1,0,4.563787792894936,4.563787792894936,0.5393055555555554,0.5393055555555554,0.0,0.0,0.0,0.0,5.917906046161393,13.08951281182515,36.22498763792929,0.0,0.0,34.57466161048844,0.0,0.0,0.0,4.563787792894936,3.4171948223733937,3.015787037037037,1.7635185185185187,8.815921674225246,3.782916666666667,1.974206821617536,0.0
CN[C@@]1(C)[C@@H]2CC[C@@H](C2)C1(C)C,0,3.5619907407407405,3.5619907407407405,0.39872685185185186,0.39872685185185186,0.0,0.0,0.0,0.0,10.953915721780124,11.835812092322787,19.26246486877803,0.0,0.0,33.135672185755396,0.0,0.0,0.0,0.0,3.5619907407407405,0.9033564814814815,1.905046296296296,0.0,4.379675925925926,7.289166666666667,2.1274305555555557
CS(=O)(=O)c1ccc(C(O)C(CO)NC(=O)C(Cl)Cl)cc1,1,11.35694201254627,11.35694201254627,0.1014948664651052,-3.3369810749649305,39.333391737428244,23.42538895808217,0.0,4.895483475517775,5.563451491696996,6.255769183511404,24.26546827384644,0.0,0.0,5.316788604006331,23.20187978046503,22.671376181938953,10.748742477571241,10.137937214601177,21.597966204228605,0.3355971277399852,-0.7461208742756351,4.441516684863245,-0.17070086819545716,-0.5404441846182921,-3.3369810749649305
O=c1cc(-c2ccc(O)c(O)c2)oc2cc(O)cc(O)c12,0,12.043337270093222,12.043337270093222,0.016263699924414787,-0.48952333711262264,5.428790391900541,25.220646763434644,0.0,39.7275391081171,5.563451491696996,12.13273413692322,24.26546827384644,0.0,0.0,0.0,4.417150937053347,5.472451814058957,0.0,12.043337270093222,37.85225637941637,-0.10554421768707423,-1.1327002498530265,7.3701990039715515,0.0,0.0,0.0
c1ccc(CN(CC2=NCCN2)c2ccccc2)cc1,0,4.5065014802217185,4.5065014802217185,0.8322496220710507,0.8322496220710507,0.0,0.0,0.0,0.0,0.0,32.01464540940757,11.250837766380558,0.0,0.0,75.87277375210859,0.0,0.0,0.0,6.860158887629126,3.350935925296044,2.544169501133787,1.0877631330309903,21.076554941421012,0.0,3.58041761148904,0.0
Cc1ccc(Sc2ccccc2N2CCNCC2)c(C)c1,1,3.420509711281717,3.420509711281717,1.0719845486403927,1.0719845486403927,0.0,0.0,0.0,0.0,0.0,26.1790256236503,26.6052562091131,0.0,11.761884949391115,66.52874221346933,0.0,0.0,1.8811167800453512,5.191724537037038,3.420509711281717,4.047526790355976,0.0,15.460200591038884,0.0,8.665588256907702,0.0
Fc1ccc(C(c2ccc(F)cc2)N2CCN(CC=Cc3ccccc3)CC2)cc1,1,13.46365731178842,13.46365731178842,0.006286248557172636,-0.24386232335118474,0.0,8.78083009534964,0.0,17.676282511239748,0.0,43.850685012956866,29.828919765543436,0.0,42.46456947923127,34.084593812291935,0.0,26.92731462357684,0.0,4.8335408268245565,0.0,3.268224845692309,-0.48772464670236926,23.622970890681394,4.3696729528986165,4.632667173695312,0.0
CCOc1nc2cccc(C(=O)O)c2n1Cc1ccc(-c2ccccc2-c2nn[nH]n2)cc1,0,11.81877824266467,11.81877824266467,0.19130797833719937,-1.0016490628871992,5.9693052879518484,9.901064578912528,0.0,5.563451491696996,36.019909143244774,22.253805966787983,0.0,18.19910120538483,60.021773395174854,25.60811232885902,4.736862953800049,7.525290503349146,0.0,16.32026596749683,24.028035046841694,5.174786042964707,-0.4719100908621452,21.36977262493122,0.0,2.720426571945227,0.0
C=C[C@@H]1C[N@@]2CC[C@H]1C[C@H]2[C@H](O)c1ccnc2ccccc12,0,11.029075491307633,11.029075491307633,0.22292233560090668,-0.4430876795162513,6.103966387748303,5.106527394840706,0.0,6.041840829147961,11.835812092322787,35.97671085852921,6.4208216229260096,0.0,30.462311845459514,28.605211110691673,0.0,0.0,0.0,6.855308746955572,12.098906630553456,1.9697129577139503,1.2654033341731752,10.26990767679891,5.761885524271436,6.112208462866833,0.0
CCCC1CC(C(=O)NC(C(C)O)C2OC(SC)C(O)C(O)C2O)N(C)C1,0,12.848494189342404,12.848494189342404,0.2230404383975806,-1.4190300762816095,41.997671139458554,25.220646763434644,0.0,11.949020558499466,5.917906046161393,25.807221274690605,18.685622149081738,6.255769183511404,11.947581713527667,12.240525803696954,4.736862953800049,5.7186786607051765,1.1969403753541836,14.8586304537247,43.5333949857757,-0.7549621977783059,0.2446558319659875,-1.1960005668934253,-1.4959227185912323,4.484754416285698,1.9098307594515207
Cc1cc(C2CCCCC2)n(O)c(=O)c1,0,11.416260629251699,11.416260629251699,0.3096541950113376,-0.3096541950113376,0.0,10.001790208849112,0.0,5.559266895052007,5.917906046161393,28.8294303743037,25.328831937239638,0.0,12.990104268152233,0.0,0.0,0.8224074074074073,0.0,11.416260629251699,9.678410808767952,1.4177286470143617,0.35773148148148115,3.392572515117158,5.851667847694633,1.8965539965986395,0.0
CCn1cc(C(=O)O)c(=O)c2cc(F)c(N3CCN(C)CC3)cc21,0,14.598862906273618,14.598862906273618,0.10382175401024596,-1.298469998983166,17.215316520898284,19.086016810659167,0.0,10.949675706161791,30.838356210037553,13.08951281182515,12.263210640074686,10.633466716252965,18.871318913218293,4.899909730850477,0.0,16.278622921390777,0.0,27.723143033362255,9.281541917637211,0.03261838390085181,-1.7898173156876256,2.829798752834467,1.3320101095993953,5.454675995334364,2.0240728682949656
NC(=O)N1c2ccccc2CC(=O)c2ccccc21,0,12.257617157974302,12.257617157974302,0.007592592592592373,-0.5883333333333323,6.031114512338072,9.589074368143644,0.0,12.204066569290948,16.93822404106412,5.563451491696996,4.899909730850477,30.33183534230805,18.19910120538483,0.0,5.733667477162185,0.0,0.0,25.43211545729403,0.0,8.041380385487528,-0.007592592592592373,13.75932823129252,0.27476851851851825,0.0,0.0
O=C1CC2(CCCC2)CC(=O)N1CCCCN1CCN(c2ncccn2)CC1,0,12.509903293340273,12.509903293340273,0.006755312335006369,0.006755312335006369,0.0,9.589074368143644,0.0,17.22934992809979,19.386399651764595,64.3554078022534,17.741552976702497,12.393687143226153,6.06636706846161,19.76777650359537,0.0,0.0,0.0,39.87376836243116,0.0,0.006755312335006369,0.9384800741558224,1.8384520206973096,11.1021699083927,5.4903743219880035,0.0
Clc1ccc(CCCOCCCN2CCCCC2)cc1,0,5.86555528994881,5.86555528994881,0.8080673214115126,0.8080673214115126,0.0,0.0,0.0,0.0,0.0,31.078040488619184,50.881007201138765,0.0,12.13273413692322,17.032643867773697,16.337802844032566,5.717430616794042,5.86555528994881,2.570010396617921,0.8080673214115126,1.3391821588471122,0.0,8.101297600676972,7.497204490978867,5.545696569169208,0.0
CC(NCCc1ccc(O)cc1)C(O)c1ccc(O)cc1,0,10.236321176618796,10.236321176618796,0.09105751868648726,-0.619983518098598,6.103966387748303,15.319582184522117,0.0,17.54086449571577,0.0,24.092481012232575,0.0,36.39820241076966,19.056471336613843,5.316788604006331,0.0,0.0,0.0,0.0,31.99104962761695,1.9065339317034848,0.45992792692783757,13.607364295854694,0.20632385361551953,2.6621336976148484,0.0
COC(=O)C1=C(C)N=C(C)C(C(=O)OC)C1c1ccccc1[N+](=O)[O-],0,12.357693688586545,12.357693688586545,0.1090740740740741,-0.9547222222222225,28.697733717044155,19.703392636909218,0.0,16.823942296449825,11.408724315826536,0.0,32.418696287939895,19.913841467842857,0.0,4.992404732635668,9.473725907600098,9.665929705215419,0.0,39.85014518770471,11.446492976820359,0.9239021164021177,-3.187955404383975,5.983606386999245,0.0,3.2281198034769463,2.423092561098513
CNCCC(Oc1ccc(C(F)(F)F)cc1)c1ccccc1,1,12.56453067748883,12.56453067748883,0.2033456160241882,-4.329868979425258,11.73975000914047,13.171245143024459,0.0,6.103966387748303,5.749511833283905,30.6617636574588,12.13273413692322,0.0,37.37950732498524,5.316788604006331,4.736862953800049,43.556507754310786,0.0,0.0,3.053965293047634,0.32313322782816845,0.4286630763416479,14.432939648451464,-3.809468965252923,0.7501940822625349,1.8473992163440216
COc1ccccc1OCC(O)CN1CCN(CC(=O)Nc2c(C)cccc2C)CC1,0,12.483462172502751,12.483462172502751,0.010271401003238534,-0.5937112072718826,6.103966387748303,9.901064578912528,0.0,12.514061693864424,24.58853647839296,42.99331488172785,0.0,7.109797541277533,56.31204387861251,15.116608065707286,9.473725907600098,10.982191459182097,0.0,16.83792929788979,13.41839832540996,3.0502794851109627,1.2938384329862322,13.415977970764443,-0.5937112072718826,8.330664200898061,1.597765368363673
CNC(=O)c1cccc(-c2ccc3c(N4CCOCC4C)nc(N4CCOCC4C)nc3n2)c1,1,12.126679573204367,12.126679573204367,0.1276419181514088,-0.1276419181514088,0.0,4.794537184071822,0.0,17.990861387647428,43.586495851502896,35.55097929067043,0.0,13.1140390511388,30.33183534230805,28.964082465088534,24.42566147044172,11.294340394858315,0.0,31.47803431509347,3.5810720814099035,2.859790485638701,1.421808652455367,11.851776061423879,0.0,8.385679446888965,1.6274985622313989
OCc1ccc(OC2OC(CO)C(O)C(O)C2O)cc1,0,9.801621787603931,9.801621787603931,0.0968983006298123,-1.4698009049298737,37.312774244841336,15.319582184522117,0.0,6.606881964512918,11.3129633249809,0.0,0.0,24.26546827384644,0.0,0.0,19.68678069728151,10.59122480473671,0.0,0.0,47.042422164075305,0.7001413559250864,0.3671570294784583,6.42925248803225,-6.527602015872671,-0.6025958263751374,0.0
CCc1c(C(=O)C(N)=O)c2c(OCC(=O)O)cccc2n1Cc1ccccc1,0,12.634533572688335,12.634533572688335,0.16844434996220747,-1.1396166272600248,24.26661192818121,14.383611552215466,0.0,11.3129633249809,29.562430955768104,5.563451491696996,0.0,12.13273413692322,47.889039258251636,0.0,15.57705782580294,7.336067649281936,0.0,35.25354505116101,9.346228082609272,7.79161731900188,-2.799295230182673,14.791008989583089,0.4803943058704965,1.8004338326749945,0.0
N=C(N)NN,0,6.284722222222222,6.284722222222222,0.21759259259259234,-0.21759259259259234,0.0,0.0,0.0,5.959554568743835,0.0,0.0,0.0,0.0,5.425791397110385,11.576337747428424,5.409283605791522,0.0,0.0,0.0,6.284722222222222,6.527777777777779,4.354166666666667,0.0,0.0,0.0,0.0
COC(=O)N1CCN(Cc2cccc(NC(=O)Nc3ccc(C)nc3)c2F)CC1,0,14.87304722046966,14.87304722046966,0.10487740170550386,-0.5431524172420079,11.848335353383966,13.979489415818463,0.0,11.780626345621977,43.974619795943426,5.693927994848461,19.37300818135222,29.165378004696915,6.923737199690624,20.517465459810346,4.736862953800049,19.594845412332926,0.0,31.50682773583242,5.167497788229765,1.9396771207242947,-0.47214941840933844,7.861187998445576,1.1871925249570712,4.526354565662079,1.3552329388918716
CC1(C)SC2C(NC(=O)C(N)c3ccccc3)C(=O)N2C1C(=O)O,0,12.334172965482487,12.334172965482487,0.3745154111027129,-1.033228263272455,34.749029957964794,19.490138947056174,0.0,11.281052542320246,5.563451491696996,0.0,16.66179468024159,38.112942673227685,6.06636706846161,5.316788604006331,5.733667477162185,-0.6178732809698717,1.384119373057865,37.458717839782125,11.668857470784294,6.59329714138742,-1.8568691887784594,6.376417836304613,0.0,3.5766661417653483,0.0
CNCCC(Oc1ccccc1C)c1ccccc1,0,6.1933796296296295,6.1933796296296295,0.09236111111111067,0.09236111111111067,0.0,0.0,0.0,6.103966387748303,0.0,18.71508986212249,11.126902983393991,0.0,31.313140256523628,42.572361146005,4.736862953800049,6.1933796296296295,0.0,0.0,3.188328924162257,2.397122071050643,0.9652371504157221,18.560825459813557,1.0455829554043836,3.0147812736205593,1.9680758692365836
O=C1NC(=O)C(c2ccccc2)(c2ccccc2)N1,0,12.31310941043084,12.31310941043084,0.3519444444444446,-1.1392824074074075,11.570039764721418,9.589074368143644,0.0,5.907179729351506,0.0,11.126902983393991,0.0,0.0,60.6636706846161,10.633577208012662,0.0,0.0,0.0,23.885786564625853,5.065824829931973,0.34136574074074133,-0.3519444444444446,17.97563397581255,0.0,0.0,0.0
CC#CCn1c(N2CCCC(N)C2)nc2c1c(=O)n(Cc1nc(C)c3ccccc3n1)c(=O)n2C,1,13.740660981985386,13.740660981985386,0.030593369284573235,-0.4675620958259852,11.24901029325548,9.589074368143644,0.0,19.13135364097311,29.481378123282987,35.98325257869411,9.13419929558271,18.53850883015917,31.18920547353706,26.708735410456182,10.717645998109393,4.3865934954228605,0.0,42.988618860129506,0.9375455566831553,7.541822655016232,6.955630946102107,7.706752381045648,1.882544197211136,5.307174112135054,1.6266511295876374
CS(=O)(=O)CCNCc1ccc(-c2ccc3ncnc(Nc4ccc(OCc5cccc(F)c5)c(Cl)c4)c3c2)o1,0,13.43080267349532,13.43080267349532,0.06636168724030922,-3.0189964704993364,9.837253136417502,12.808212032003757,0.0,18.1769564123056,52.450853340814845,16.466376423778055,24.715823395199166,24.26546827384644,36.39820241076966,20.601534249907075,20.754953781085913,47.77016383386254,6.467436423952425,8.79698874038175,7.555419093540143,2.9915328563347954,2.1726441865322363,20.978044529702686,2.6916802072288206,0.9561977100750518,-3.0189964704993364
CCN(CCO)CCCC(C)Nc1ccnc2cc(Cl)ccc12,0,9.021901772623966,9.021901772623966,0.22937285200518454,0.22937285200518454,0.0,0.0,0.0,6.606881964512918,11.064474142889287,49.06622367035436,0.0,0.0,30.462311845459514,29.048151255185264,16.70746728507322,0.0,6.031460883001679,6.6464611659125135,14.402662239656287,2.010811506765241,0.0,8.191121800543316,4.003935507139121,7.324658008092952,0.0
CO[C@H]1/C=C/O[C@@]2(C)Oc3c(C)c(O)c4c(O)c(c(C=NN5CCN(C)CC5)c(O)c4c3C2=O)NC(=O)C(C)=CC=CC(C)[C@H](O)[C@@H](C)[C@@H](O)[C@@H](C)[C@H](OC(C)=O)[C@@H]1C,0,14.425629624280763,14.425629624280763,0.05593958167176605,-2.042566017680001,88.78286635172938,39.91624852641899,0.0,44.47280554205731,13.08951281182515,13.08951281182515,59.43346758166389,44.85590153638479,7.04767198267719,15.318105860596528,18.947451815200196,23.596420517505617,0.0,42.62670316058528,66.84818411685347,-0.35005530822548714,-8.342717254488937,0.0,4.8603847953800585,15.090435620913437,3.4206443514765565
N#C[C@@H]1C[C@@H]2C[C@@H]2N1C(=O)C(N)[C@@]12C[C@@H]3C[C@@H](C[C@@](O)(C3)C1)C2,0,13.13985119047619,13.13985119047619,0.02120370370370339,-0.593513243260267,11.642891640131648,15.162956133651013,0.0,23.405851857044205,24.17453976141019,38.524929737556064,6.4208216229260096,4.899909730850477,0.0,6.069221312792274,5.733667477162185,0.0,0.0,14.94339096749811,20.245140857268836,5.714240913958177,1.5571088041698156,1.7222203719450737,7.484564751826657,0.0,0.0
Cc1nnc(NS(=O)(=O)c2ccc(N)cc2)s1,1,11.909098639455783,11.909098639455783,0.13847505668934312,-3.614398148148148,10.023291153407584,8.417796984328938,0.0,10.027041955357108,10.695009971536328,0.0,35.602254151781175,6.923737199690624,0.0,14.919458481054164,5.733667477162185,26.169344293272864,1.175233029940371,0.13847505668934312,8.371540585369951,6.000254176522665,0.0,5.927525510204082,0.0,1.7486921628155394,-3.614398148148148
CCOC(=O)CCC(=O)OC1C(OC2C(C)C(OC3CC(C)(OC)C(O)C(C)O3)C(C)C(=O)OC(CC)C(C)(O)C(O)C(C)C(=O)C(C)CC2(C)O)OC(C)CC1N(C)C,0,14.294592685397456,14.294592685397456,0.043069317084462266,-2.0433919152336415,131.61956281762193,39.60425831565011,0.0,38.710990079142974,6.4208216229260096,0.0,27.881009140349406,48.46616039783436,25.918990895895483,0.0,37.89490363040039,48.77026406003245,0.0,55.631583239826114,46.80025627526352,-5.055684559388473,-6.644539832517889,-0.4426961500782829,-11.127012570511047,17.890226735378096,5.094269468662148
COc1cccc(C=NCCN=Cc2cccc(OC)c2O)c1O,1,9.934584675886082,9.934584675886082,0.06347608779739167,0.06347608779739167,0.0,10.213054789681411,0.0,11.49902366656781,35.71543946178695,0.0,14.219595082555067,48.82740356984029,0.0,9.984809465271336,9.473725907600098,10.080930899245917,0.0,8.447381582262533,19.869169351772165,1.1736477292682204,0.9426390826164672,10.416877211120815,3.1595056479381878,0.9124606324011084,2.997387863374585
CC(C)NCC(O)c1ccccc1Cl,0,9.803287037037038,9.803287037037038,0.36772014361300076,-0.5360185185185191,6.103966387748303,5.106527394840706,0.0,0.0,17.60923054880186,5.563451491696996,0.0,6.06636706846161,32.046575604766076,5.316788604006331,11.600939890232516,0.0,5.946643046107331,0.0,13.581845553036029,0.779922839506173,0.0,7.727566452506929,-0.5360185185185191,4.6111517384731675,0.0
COCC(NC(=O)c1cnc(C)s1)C(=O)NC(COC)C(=O)NC(Cc1ccccc1)C(=O)C1(C)CO1,1,13.223935633954122,13.223935633954122,0.1235197134897783,-1.1264741066179564,41.44811248648208,19.178148736287287,0.0,32.0247124628297,9.884770890554066,5.563451491696996,31.75322453210288,13.847474399381248,30.33183534230805,20.934344332966198,14.210588861400147,15.55715411808932,1.1897506786499301,56.29830200962188,8.668680951051899,-0.0887416160118285,-1.981778312881288,6.2009178350214675,1.6814238637639884,3.444921958385743,2.779368514308887
O=c1[nH]c2ccccc2n1CCCN1CCC(n2c(=O)[nH]c3cc(Cl)ccc32)CC1,0,12.488561503473987,12.488561503473987,0.04747898624348523,-0.06534465874705475,0.0,9.589074368143644,0.0,17.42132762555491,11.567389719653901,60.963536956980796,0.0,6.06636706846161,45.53240170635237,14.867866772744893,11.600939890232516,3.701603250603105,6.051349556332131,32.94836449110783,0.625024764242198,3.4375997909202223,0.0,13.535859961658153,2.780748338361975,3.5305609578854957,0.0
Nc1nccs1,0,5.185185185185185,5.185185185185185,0.6342592592592597,0.6342592592592597,0.0,0.0,0.0,0.0,5.131558479839333,0.0,11.336785877934735,6.196843571613076,5.380062770465915,4.983978520947208,5.733667477162185,0.0,1.4444444444444442,3.712962962962963,2.476851851851852,5.185185185185185,0.0,0.0,1.6805555555555556,0.0,0.0
CCN1CCC[C@H]1CNC(=O)c1c(O)c(Cl)cc(Cl)c1OC,0,12.414473891408413,12.414473891408413,0.02037139392794196,-0.4428675359032497,5.907179729351506,9.901064578912528,0.0,27.107741785747457,12.586597235060536,25.931156057677168,13.176164609739143,0.0,0.0,17.140435534547432,27.93874273426508,5.12535580435878,11.901738761790469,14.736219337014639,13.096895234945832,-0.026809807256235274,-0.6382170676912728,1.6674669312169308,2.18004030367291,4.622860073628472,1.3900059838750316
CC(C)CN(CC(O)C(Cc1ccccc1)NC(=O)OC1CCOC1)S(=O)(=O)c1ccc(N)cc1,0,13.395963453333582,13.395963453333582,0.012612122392063885,-3.9041505849482934,28.26233844124226,18.318861563241466,0.0,30.00686872125262,31.742793449561418,5.563451491696996,28.57068426514267,0.0,44.179309741689295,5.316788604006331,15.207393384762284,38.70962706778026,0.0,12.664772039088954,13.94139115117019,7.060044099337602,0.012612122392063885,14.550395659358156,-1.2853248381649833,4.667299950652718,-3.9041505849482934
NC1=NCC2c3ccccc3Cc3ccccc3N12,0,6.1067082388510965,6.1067082388510965,0.2498611111111111,0.2498611111111111,0.0,0.0,0.0,6.041840829147961,5.959554568743835,12.965578028838586,22.37774074977455,0.0,0.0,58.42325101117902,5.733667477162185,0.0,0.0,6.622158919123205,0.0,11.352263794406651,0.6334750566893426,17.346658163265307,0.9649074074074073,0.7472033257747545,0.0
CN1C[C@@H]2c3ccccc3Oc3ccc(Cl)cc3[C@H]2C1,0,6.198865460793369,6.198865460793369,0.45587962962962947,0.45587962962962947,0.0,0.0,0.0,0.0,11.835812092322787,29.611169792134287,11.126902983393991,0.0,18.19910120538483,36.213049987374106,16.337802844032566,6.151877676996724,6.198865460793369,2.3909901738473165,0.7838973922902499,2.552983749055178,2.8720269589317216,14.359881232328323,0.0,2.117754472159234,2.1828339947089948
CCNC(=O)Nc1ccc(-c2nc3c(c(N4CCOCC4C)n2)CCN(C2COC2)C3)cc1,0,11.817405025707142,11.817405025707142,0.20931725279752245,-0.20931725279752245,0.0,4.794537184071822,0.0,12.072955341486033,25.80036116408637,67.85588780675353,5.563451491696996,0.0,31.18920547353706,27.35713386940424,19.441682949494513,11.103449747075038,0.0,26.768421332977788,5.581077133312363,4.042813847133348,1.762542166494187,8.268695567336682,0.945358910603319,10.36097462840061,0.0
CS(=O)(=O)c1cccc(CNc2nc(Nc3ccc4c(c3)CCC(=O)N4)ncc2C(F)(F)F)c1,0,13.519138667648978,13.519138667648978,0.055387324682959704,-4.694944445326424,27.394865923393,26.383579311425223,0.0,23.29575889176835,35.976710858529216,11.819220675208399,18.19910120538483,24.26546827384644,0.0,25.918322853913406,0.0,64.05793715814413,0.0,19.373423871550013,8.291241609130985,1.5576604847926416,-0.5720048438221521,11.060359284026093,-2.0627400964735783,-0.0819082473198498,-3.4573025533616053
C[C@]12CC[C@@H]3c4ccc(O)cc4CC[C@H]3[C@@H]1CC[C@H]2O,1,10.372486615016376,10.372486615016376,0.08827338960275477,-0.08827338960275477,0.0,10.213054789681411,0.0,11.518956857145081,17.585323925606694,25.18037091493942,30.38936785217202,0.0,12.13273413692322,12.990104268152233,0.0,0.0,0.0,0.0,20.0496733276644,2.991817090262031,2.488895646993365,5.955254314688839,6.780339821113632,2.3173531326110695,0.0
O=S(=O)(O)CCCS(=O)(=O)O,0,9.996195200302344,9.996195200302344,0.30787037037037024,-4.122106481481481,31.741960931560683,16.835593968657875,0.0,6.4208216229260096,0.0,0.0,0.0,0.0,0.0,0.0,9.105499747380728,56.20527777777778,0.0,0.0,0.0,0.0,-1.319861111111111,0.0,-0.30787037037037024,0.0,-8.244212962962962
COCCOC(=O)C1=C(C)N=C(C)C(C(=O)OC(C)C)C1c1cccc([N+](=O)[O-])c1,0,12.925024049373347,12.925024049373347,0.025371420173007975,-0.9138155339296212,28.697733717044155,19.703392636909218,0.0,30.578221121526965,16.97217580752353,0.0,25.30889874666236,33.761315867224106,0.0,4.992404732635668,14.210588861400147,15.602355830213423,0.0,40.96504134722306,11.287961805325692,1.307053668817289,-2.954745527840765,5.861843694841982,-0.37484534780395196,6.98938896497789,1.4826122309120562
COc1ccc(CCNCC(O)COc2cccc(C)c2)cc1OC,0,10.003436401394556,10.003436401394556,0.2706468445709067,-0.550078015519033,6.103966387748303,5.106527394840706,0.0,6.606881964512918,6.544756405912575,41.341016512084295,0.0,14.219595082555067,49.38830667892189,5.316788604006331,14.210588861400147,16.13259309777706,0.0,0.0,13.248741815226754,2.2876713684183128,2.2350889005410877,13.690135921852358,0.2890206011621055,3.529675217688723,3.2537397440002644
COc1ccc(-c2cc3c(C)nc(N)nc3n(C3CCC(OCCO)CC3)c2=O)cn1,0,13.651656847541586,13.651656847541586,0.011349164511948118,-0.12806167065591634,0.0,4.794537184071822,0.0,30.26029535744768,29.260950505110007,36.76343870101729,0.0,23.940107829143574,19.056471336613846,14.951935562841623,20.313920779602988,12.588934753388779,0.0,26.63558646923868,9.786004422367512,8.320541599036819,0.634567537728405,5.358347324775757,4.911964548891372,2.21173912359939,1.552314220973281
Nc1nc(=O)c2c(CCc3ccc(C(=O)NC(CCC(=O)O)C(=O)O)cc3)c[nH]c2[nH]1,0,12.290193957984464,12.290193957984464,0.035058040691530845,-1.2952012775259487,29.44689802945517,19.178148736287287,0.0,24.35343401853551,23.875044681084542,11.126902983393991,0.0,30.462311845459517,0.0,20.268724166847953,15.946722266843596,0.0,0.0,55.69796975254548,20.627057381494488,7.586253122328626,-2.9986090094022773,5.301699125560299,2.2856296274733774,0.0,0.0
C=CC(=O)Nc1cc2c(Nc3ccc(F)c(Cl)c3)ncnc2cc1OCCCN1CCOCC1,1,13.520356855803808,13.520356855803808,0.004571763668690387,-0.5096327660617559,5.817220841045894,9.184952231746642,0.0,10.929813043092832,40.45195405708003,39.26885476968957,24.536074318521642,18.19910120538483,0.0,32.08037966435605,21.074665797832616,24.918329853710688,5.897164405946523,23.0337471283251,6.550379422056513,1.6488586165116697,0.09591373450326857,7.791759546150287,3.432896512403013,8.24206189150405,0.0
O=C(O)CCC1CCC(c2cc(F)ccc2F)(S(=O)(=O)c2ccc(Cl)cc2)CC1,0,14.730304668559086,14.730304668559086,0.004040418572795579,-4.069060754703114,32.1880225596787,21.993164263750398,0.0,35.63930588215419,24.285098182519356,18.19910120538483,24.26546827384644,0.0,0.0,0.0,16.70746728507322,54.33159882685856,5.872292386212794,10.841724848839176,9.262017090238261,-0.17672724027882736,-2.3647528619026605,8.4920844515322,1.4219343643147162,0.0,-4.069060754703114
CCCCc1nc2cc(C=CC(O)=NO)ccc2n1CCN(CC)CC,0,9.23534603216782,9.23534603216782,0.41807061943793156,-0.41807061943793156,5.897745344357611,5.106527394840706,0.0,0.0,0.0,67.86274791735777,6.076020106833881,6.076020106833881,12.13273413692322,41.46030077292585,10.191231545724499,2.3367669753086417,0.0,7.276325174702734,20.489384131219172,3.0016832273032676,0.7160994065971742,6.064823082010582,6.3129143220591,10.635337014132663,0.0
CN(C)C/C=C/C(=O)Nc1ccc(C(=O)Nc2cccc(Nc3ncc(Cl)c(-c4c[nH]c5ccccc45)n3)c2)cc1,1,12.865990013797209,12.865990013797209,0.2299958849283743,-0.28215701264229076,0.0,9.589074368143644,0.0,11.814359458703011,45.83526731123653,16.466376423778055,6.076020106833881,48.671066089216616,61.590299678587584,30.902301374860617,11.600939890232516,0.0,6.4573303965933135,39.088515205189395,10.317196188416167,4.807193112557388,-0.14423347923597452,21.860976088415214,6.7046198716009044,0.6686703233587262,3.850843404215975
CNC1C(O)C(OC2C(N)CC(N)C(OC3OC(C(C)O)C(O)C(O)C3N)C2O)OCC1(C)O,1,11.052273596938775,11.052273596938775,0.13547199829247636,-1.4567896936468296,91.18019868823237,30.63916436904423,0.0,13.027703587438928,0.0,0.0,13.847474399381248,7.04767198267719,0.0,5.316788604006331,36.148454246686754,22.767972559764132,0.0,0.0,65.24004175777564,16.975126210535922,0.0,-3.467332067948189,-12.430847354715851,2.7542339185886267,1.5774716426663784
CC(C)(Sc1cc(C(C)(C)C)c(O)c(C(C)(C)C)c1)Sc1cc(C(C)(C)C)c(O)c(C(C)(C)C)c1,0,11.119363248421031,11.119363248421031,0.15464687556611212,-0.16412509448223744,0.0,10.213054789681411,0.0,25.739016314625452,11.49902366656781,22.253805966787983,9.79096695103555,0.0,23.52376989878223,121.19778906951517,0.0,-0.16412509448223744,3.660463435374149,2.3352186213991777,22.238726496842062,3.3365831435880153,0.8388551494467802,8.648960905349794,0.0,30.35531734248227,0.0
Fc1ccccc1-c1nc2ccn(Cc3ccc(-c4ccc(C(F)(F)F)cc4C(F)(F)F)nn3)cc-2n1,1,14.075258328982216,14.075258328982216,0.06196622689941855,-5.023509420823588,34.86017235102383,30.732905333723743,0.0,29.69290745891957,23.148151053006995,6.06636706846161,18.19910120538483,41.22625506486395,0.0,20.16532065849649,0.0,94.98666662219861,0.0,8.694004313792355,7.755847398317515,-1.9307103287747729,-0.2270570538146417,11.83405182148443,-6.617019989927712,0.17088388339087235,0.0
COC1C(OC(N)=O)C(O)C(Oc2ccc3c(=O)c(NC(=O)c4ccc(O)c(CC=C(C)C)c4)c(O)oc3c2C)OC1(C)C,0,13.357981142018767,13.357981142018767,0.018290292581308654,-1.5175884286813457,59.26588093089918,29.703193736737582,0.0,33.59517100606884,11.984273114623004,5.5731045300692665,37.441632883585584,20.771211599071872,19.92349450621513,5.316788604006331,29.09827022941573,27.93948806401222,0.0,37.88743847274376,34.16434745548574,4.8463644014704546,-1.3972896799697476,7.06205161465308,-3.80781623343763,8.686779259174543,1.3686366458675683
Clc1ccc2nsnc2c1NC1=NCCN1,0,6.130140778533635,6.130140778533635,0.6218518518518519,0.6218518518518519,0.0,0.0,0.0,0.0,5.022633313741326,35.76985509048507,11.728187345198613,0.0,12.13273413692322,24.373061903481226,11.600939890232516,8.389059744268078,7.304870874275635,4.254279415469892,6.895843096497858,2.393947782816831,0.7383333333333335,3.666038202317964,0.0,1.635405328798186,0.0
Cc1cc(OCCCS(C)(=O)=O)cc(C)c1-c1cccc(COc2ccc3c(c2)OCC3CC(=O)O)c1,0,11.307474329436182,11.307474329436182,0.05071238973832903,-2.9893792984784024,15.80655842436935,13.212334168400758,0.0,18.09158127583419,37.740491183032574,39.13022078346588,6.255769183511404,0.0,56.31204387861251,12.13273413692322,19.31711625624085,40.12030181072816,0.0,11.058593405331486,9.080112614003498,6.271381820446376,1.2342924447782624,17.71986446762485,1.7396964139742894,5.1818029882581484,-2.9893792984784024
CCC1C(=O)N(C)c2cnc(Nc3ccc(C(=O)NC4CCC(N5CCN(CC6CC6)CC5)CC4)cc3OC)nc2N1C(C)C,1,13.274600548338267,13.274600548338267,0.04540796279452941,-0.27781382390970033,0.0,9.589074368143644,0.0,29.939881946146894,41.09873760740849,37.41905531570046,45.56542527541489,31.320589894879884,19.056471336613843,44.16475932089254,9.720841474747257,5.678924952940232,0.0,44.63838839449414,6.551224757556572,1.9102784127983445,2.5861048800379414,6.0517713789310585,9.513471374590074,12.204860651318551,3.364975197333087
CCOC(=O)C(CCc1ccccc1)NC(C)C(=O)N1C(C(=O)O)C[C@H]2CCCC[C@@H]21,0,13.353224477692821,13.353224477692821,0.016701760440938518,-0.9435460110253013,24.09482777539573,19.490138947056174,0.0,30.443113857125628,19.26246486877803,31.246737983401033,0.0,18.747384130231726,30.33183534230805,5.316788604006331,4.736862953800049,5.223341409872796,0.0,39.349453640559474,12.868071960575048,1.1047311429418212,-1.3133845529801649,7.747315373469322,5.6182626856163385,3.7355416732786932,0.0
CC12CCC3C(CC(=O)C4CC(=NOCCN)CCC43C)C1CCC2=O,0,13.137840529730411,13.137840529730411,0.055411745716805294,-0.16469014902992396,0.0,9.589074368143644,0.0,16.747886984954953,55.31348964749157,44.23661474032676,0.0,0.0,0.0,19.003187126131788,10.571256060898818,0.0,0.0,30.904227451133913,4.2474669188535525,6.365911740125113,2.290364367645454,0.0,7.132766220097083,5.392596635478215,0.0
Cc1nc2n(c(=O)c1CCN1CCC(c3noc4cc(F)ccc34)CC1)CCCC2O,0,13.398204666203737,13.398204666203737,0.0023748735031206003,-0.6413589845578542,6.103966387748303,14.291479626587348,0.0,11.3764877360979,36.711730337568156,61.234265782374464,12.13273413692322,10.633466716252965,6.923737199690624,15.04055150892313,4.523094936973348,20.381401347373625,0.0,19.877125223455387,15.267085009843083,2.898062477991057,0.48856540222542555,4.58054630301087,3.3796144632623992,5.1275997728381535,0.0
CC(=O)NCCCS(=O)(=O)O,1,10.245191326530612,10.245191326530612,0.20802059712773935,-3.873364984882842,10.118126859033554,13.212334168400758,0.0,24.62561136493688,0.0,0.0,6.923737199690624,0.0,0.0,5.316788604006331,4.552749873690364,28.479941893424037,0.0,10.245191326530612,2.403611111111111,0.0,-0.5202428193499615,0.0,0.234537037037037,1.6136597694633408,-3.873364984882842
CC1=C[C@]23C(=O)C(=CC(CO)[C@@H](O)[C@]2(O)[C@H]1O)[C@H]1[C@@H](C[C@H]3C)C1(C)C,0,13.712931311413456,13.712931311413456,0.0007504251700680697,-2.013737244897959,29.141880102038463,25.220646763434644,0.0,29.64092947259742,17.064115106299926,6.4208216229260096,0.0,19.075777413358384,6.923737199690624,13.847474399381248,0.0,0.0,0.0,13.712931311413456,43.10440779320988,-2.225141014739229,-0.7664800642479235,0.0,1.3911094576719565,7.533172516691862,0.0
OCc1ccc(-c2ccc(-c3ccc(CO)s3)o2)s1,1,9.06874837887915,9.06874837887915,0.05854862160913732,0.05854862160913732,0.0,0.0,0.0,13.213763929025836,0.0,31.029083612554082,22.67357175586947,0.0,36.39820241076966,0.0,14.630205726734758,5.828977702191987,3.0477240278827575,3.8627373204663975,18.1374967577583,0.0,1.6086082766439913,11.564025338504957,0.0,0.11709724321827486,0.0
NC(CCC(=O)NC(CS)C(=O)NCC(=O)O)C(=O)O,0,11.50371351935836,11.50371351935836,0.025618543713781916,-1.2196791890624559,42.38140809881521,19.178148736287287,0.0,18.59449685259881,0.0,0.0,0.0,0.0,0.0,23.26236635602565,15.946722266843596,0.0,3.873779569440945,43.742118217393504,21.366246758162585,5.2297081730143,-3.7040656850520355,-2.150671899065208,-0.23496223335013044,-0.566597344988399,0.0
CC1CC(OC(=O)C(O)c2ccccc2)CC(C)(C)C1,0,12.057167422524566,12.057167422524566,0.08369236583522399,-1.183754724111867,12.073271675700152,9.901064578912528,0.0,11.518956857145081,11.48135753785839,19.26246486877803,0.0,24.26546827384644,6.06636706846161,20.771211599071872,4.736862953800049,5.524616874527589,0.0,12.057167422524566,10.041146778155706,0.7786602418745279,0.010664944990342873,8.931410959254123,1.638861123344347,6.600804988662131,0.0
CC1C=CC=CCCC=CC=CC=CC=CC(OC2OC(C)C(O)C(N)C2O)CC2OC(O)(CC(O)C(O)CCC(O)CC(O)CC(O)CC(=O)OC(C)C(C)C1O)CC(O)C2C(=O)O,0,12.620933135992377,12.620933135992377,0.13754126656941246,-2.353446113215572,140.5074292887862,65.76087571139139,0.0,38.02201416079144,0.0,12.841643245852019,12.999757306524504,38.151554826716776,49.45587794752779,0.0,24.681119292362382,23.156705093052754,0.0,25.090695509083776,118.21607494331396,6.020648605644112,-6.8208254235811685,-1.1446190226934105,2.284844665813689,6.779808962699634,0.0
COc1cc(C(=O)OC2C3C=COC(OC4OC(CO)C(O)C(O)C4O)C3C3(CO)OC23)ccc1O,1,12.89651916096652,12.89651916096652,0.0972969025393513,-1.6562447280863937,85.8237839054444,35.43370155311605,0.0,17.062475158264807,0.0,0.0,31.57097919508315,6.076020106833881,0.0,0.0,28.421177722800294,33.40366219003323,0.0,12.89651916096652,59.81893510170718,-1.0280217758615566,-1.951356719039436,4.017607737680148,-7.1866585182988425,-1.0696639311864011,1.3489767539991577
O=c1c(O)c(-c2ccc(O)cc2O)oc2cc(O)cc(O)c12,1,12.150114008566389,12.150114008566389,0.030432728647014295,-0.9155324074074078,22.677325891752254,30.327174158275348,0.0,33.791966933246286,0.0,18.19910120538483,12.13273413692322,0.0,0.0,0.0,4.417150937053347,5.330183295540438,0.0,12.150114008566389,47.9231668207534,-1.110062358276644,-2.6564210128495827,5.529685912932666,0.0,0.0,0.0
COc1nc(C)cnc1NS(=O)(=O)c1cccnc1-c1ccc(-c2nnco2)cc1,0,13.094796254564471,13.094796254564471,0.0095882214226366,-4.02677003285882,10.023291153407584,8.417796984328938,0.0,22.287262584636636,22.71155490026836,0.0,31.96349125175582,37.255572541998674,0.0,29.871394043895787,9.154013890853395,38.92166684440001,0.0,12.471869654093506,7.4991935196076716,2.175826961597581,0.43027150832257255,9.957903851482946,4.202283330756802,1.727171442290299,-2.636187112551388
O=C(O)COCCN1CCN([C@H](c2ccccc2)c2ccc(Cl)cc2)CC1,0,10.505302308533555,10.505302308533555,0.202663953794455,-0.9226974849586258,5.9693052879518484,4.794537184071822,0.0,12.648722793660879,6.606881964512918,37.7464153433042,11.126902983393991,0.0,18.19910120538483,46.19802187247061,21.44433023887327,5.154639821243669,6.078396640303419,15.320225646695981,9.373299591002842,2.5156532396909386,-0.9226974849586258,18.842362377003557,0.0,4.749231280129328,0.0
Cc1ccc(F)c(NC(=O)Nc2ccc(-c3cccc4[nH]nc(N)c34)cc2)c1,0,13.782611006348521,13.782611006348521,0.13539899614574957,-0.5153420781893006,11.848335353383966,9.184952231746642,0.0,5.687386274683562,11.50524905251859,27.593279407172048,6.06636706846161,24.26546827384644,37.255572541998674,20.830940824614736,5.733667477162185,13.782611006348521,0.0,12.16723119326294,13.021722855553435,10.286843039905083,-0.04698720167657422,17.127301917978635,0.0,1.8279438552946297,0.0
COc1c(C)cnc(Cn2cnc3c(Cl)nc(N)nc32)c1C,1,6.035789250298629,6.035789250298629,0.11612759301251407,0.11612759301251407,0.0,0.0,0.0,11.101449097879286,17.708634344296563,22.570342811526356,0.0,19.633961187655153,18.414574047172604,19.93591408378883,22.071470321194752,7.266361830225917,6.035789250298629,16.81879418975018,0.24297944486436607,9.609303625784056,0.9509359340444002,0.0,3.439215622462977,4.42885811824815,1.652206428765772
CCC1OC(=O)C(C)C(OC2CC(C)(OC)C(O)C(C)O2)C(C)C(OC2OC(C)CC(N(C)C)C2O)C(C)(O)CC(C)C(=NOCOCCOC)C(C)C(O)C1(C)O,0,14.32306010010004,14.32306010010004,0.03068726045412573,-1.9665538399945661,101.75190007845703,30.327174158275348,0.0,44.80809635628703,18.73938859020963,0.0,14.033534740968157,55.57595793911189,32.84272809558611,5.15571272675054,42.732492214137025,48.12980474324705,0.0,21.79480216933431,63.552029875772334,-4.493387337864709,-4.140046101783253,-0.32800048123711156,-9.493823707857647,17.30215272629137,6.759801447430997
CC(C)C(N)C(=O)N1CCC[C@H]1B(O)O,0,11.880324074074073,11.880324074074073,0.06443121693121667,-1.4622108843537418,19.101425761238122,4.794537184071822,0.0,11.8250857755129,12.965578028838586,6.4208216229260096,4.899909730850477,0.0,13.847474399381248,0.0,15.78171262729419,0.0,0.0,13.375694444444443,18.225349584278156,5.7477191987906275,-0.5995502645502648,-0.5515277777777781,1.4375633030990174,4.326962396069539,-1.4622108843537418
O=c1[nH]cnc2c1ncn2C1CCC(CO)O1,1,11.47522053728899,11.47522053728899,0.011053162005543182,-0.2588378422356592,0.0,4.794537184071822,0.0,24.4980164180481,11.16387793838399,12.841643245852019,6.3273200747645415,10.894419722555895,0.0,14.951935562841623,9.843390348640755,7.359998110355253,0.0,22.077737465356513,9.018203315276729,0.561429070084825,0.0,0.0,4.1382455435878045,0.011053162005543182,0.0
OCC1OC(Oc2ccc(O)cc2)C(O)C(O)C1O,1,9.746066232048374,9.746066232048374,0.05662283740656804,-1.4786897938187622,37.312774244841336,15.319582184522117,0.0,5.749511833283905,5.749511833283905,0.0,24.26546827384644,0.0,0.0,0.0,19.68678069728151,10.47779691043084,0.0,0.0,47.06823950722264,0.0,0.36415023725539686,5.6867524880322495,-6.583431699840431,-0.5135074431006963,0.0
COC(=O)C(Cc1cccc(C(=N)N)c1)C(C)NC(=O)c1ccc(-c2cc[n+]([O-])cc2)cc1,0,12.806258433559119,12.806258433559119,0.05648969575031093,-0.6217248893323524,17.929052163261204,14.796327392920933,0.0,11.742799515108775,22.278132248226225,16.690354475090988,19.503484684503686,61.52104081584511,6.06636706846161,5.316788604006331,15.879814036753757,5.671800495390515,0.0,25.261944335490654,21.686740390991197,9.122624456150472,-1.431022682242796,16.973043954565288,3.148091370337159,1.7547889387327726,1.3119887405847452
CCOC(=O)c1ncn2c1CN(C)C(=O)c1cc(F)ccc1-2,0,13.467738807542197,13.467738807542197,0.16543981481481507,-0.5392030948181736,11.786526128997743,13.979489415818463,0.0,30.316197586322453,11.381314269532023,0.0,29.426331010999846,18.53850883015917,0.0,4.983978520947208,4.736862953800049,20.07926262231502,0.0,29.867917900184768,0.0,1.4316578745695827,-1.3422675812876925,3.958726300705467,1.4491713907785335,2.130321033550651,1.5918771258503401
CN1CCN(c2cc3c(cc2F)c(=O)c(C(=O)O)cn3-c2ccc(F)cc2)CC1,1,14.900693027210885,14.900693027210885,0.03740509784160584,-1.4061906674974851,28.595988853641174,23.47643185833399,0.0,5.386224214464796,29.980986078808538,19.15587988028676,35.02941149325087,6.06636706846161,11.947581713527667,4.899909730850477,0.0,29.751293362360002,0.0,28.24639248932844,9.375816031603785,-0.05187960047808304,-2.4255641813303583,8.090204239103048,1.2003018707482993,2.8196694453467535,1.993766343318111
C=C1CCC(O)CC1=CC=C1CCCC2(C)C1CCC2C(C)CCCC(C)C,0,10.02378448592037,10.02378448592037,0.17192468334019528,-0.17192468334019528,0.0,5.106527394840706,0.0,6.103966387748303,5.414990469396779,42.9340890534236,62.51278204354662,5.5731045300692665,0.0,46.425924696028744,0.0,0.0,0.0,0.0,10.02378448592037,4.715786095535567,3.369499342119915,0.0,18.22076445721091,14.086832285879904,0.0
CCC[S+]([O-])c1ccc2[nH]c(NC(=O)OC)nc2c1,1,11.902649448298346,11.902649448298346,0.3058091091374824,-1.0084604994261082,17.269094544323703,9.347287057762186,0.0,0.0,17.217893605349545,16.833005816060044,7.109797541277533,18.19910120538483,6.923737199690624,20.021608599700794,0.0,16.38801431776074,-1.0084604994261082,18.956386603977545,2.451188980221718,1.4277848639455786,0.9339810370505718,5.363051382590073,0.27243020656124906,1.9894443733007947,1.2817342895733947
COc1ccc2cc(C(C)C(=O)Oc3ccc(C(N)=S)cc3)ccc2c1,0,12.475499793683417,12.475499793683417,0.3092951332540739,-0.39188604917275605,5.917906046161393,4.794537184071822,0.0,5.9693052879518484,10.738013935022096,27.648863245607487,0.0,31.37526581512397,43.321939610460284,0.0,27.42526682780898,10.708586358262448,4.915067593031522,12.78479492693749,2.1025654915337464,7.198609010883004,0.5585104174692019,18.59534246830631,0.0,1.8297633744855968,1.6400936924240188
NS(=O)(=O)c1cc2c(cc1Cl)NC(C(Cl)Cl)NS2(=O)=O,0,12.03123078861174,12.03123078861174,0.08097222222222267,-4.15108806356905,35.94411108471753,16.835593968657875,0.0,15.605503063942663,0.0,12.13273413692322,0.0,0.0,0.0,10.038883468458419,39.94179340830549,48.90455141933316,17.028130493967133,-1.8586897282060966,7.449328178802387,0.08097222222222267,0.0,2.008137755102041,-0.9655243764172339,0.0,-8.146905964803619
O=C(O)c1cn(C2CC2)c2cc(N3CCNCC3)c(F)cc2c1=O,0,14.607685185185183,14.607685185185183,0.1372078136810284,-1.2751022303881248,17.215316520898284,19.08601681065917,0.0,16.991516535309753,24.293599804124977,25.93115605767717,12.263210640074686,6.06636706846161,9.467009378641832,5.316788604006331,0.0,16.43241047808012,0.0,25.714565710964518,12.6196285019594,0.15943609851348062,-1.755300643086537,3.07809812505249,3.290533509700176,2.9606282188163506,0.0
Cc1nc(-c2cccnc2)sc1C(=O)Nc1ccccc1-c1cn2c(CN3CCOCC3)csc2n1,0,13.265144379584106,13.265144379584106,0.17905752277321696,-0.17905752277321696,0.0,4.794537184071822,0.0,5.907179729351506,10.57107518854976,65.32474701931436,17.030713872783195,23.73047302116089,43.321939610460284,36.16225632509201,9.720841474747257,7.631918748591268,3.002598623576291,30.812156564751636,6.042829382789362,5.241645921849071,-0.17905752277321696,11.592890759364728,5.539895012029218,6.148455843154975,0.0
CC(C)(CCCCCC(O)CCCCCC(C)(C)C(=O)O)C(=O)O,0,10.991168546395276,10.991168546395276,0.300955635340556,-0.755916412719696,22.768591514697253,14.69560176298435,0.0,6.103966387748303,12.841643245852019,51.36657298340809,0.0,27.694948798762496,0.0,0.0,10.213054789681411,0.0,0.0,21.98233709279055,28.025538136031926,-1.3286809212512674,-1.511832825439392,0.0,8.015876589174228,6.983428595360621,0.0
CC(NC(=O)CCC(F)(F)F)C(=O)NC1C(=O)N(CCO)c2ncccc2-c2ccccc21,1,13.401807005324322,13.401807005324322,0.06256198478916697,-4.48757943361763,48.82316260964593,32.66138409008063,0.0,13.151638370425493,22.508217252926013,0.0,18.02049050215418,36.39820241076966,0.0,15.61755572895987,0.0,36.99305468602235,0.0,43.52914986646122,14.307926776451776,1.7804113649913695,-1.8892550064291487,8.03986433007634,-5.087610730281842,0.9097920460412838,0.0
CCCCCCCCCCCCCCCCCCCCCCO,1,8.709797636575383,8.709797636575383,0.37396694214876036,0.37396694214876036,0.0,0.0,0.0,0.0,6.606881964512918,6.4208216229260096,121.99561083559423,0.0,0.0,6.923737199690624,5.106527394840706,0.0,0.0,0.0,8.709797636575383,0.0,0.0,0.0,28.123548391293,2.6666539721316163,0.0
Cn1nnc(-c2ccc(-c3ccc(N4CC(CO)OC4=O)cc3F)cn2)n1,1,14.628214186156557,14.628214186156557,0.17607508658353654,-0.6076943004537634,18.014427299732613,9.184952231746642,0.0,13.151638370425493,28.332621750925938,0.0,21.959626593424176,31.313140256523628,0.0,20.39472723320415,9.843390348640755,19.603294340663222,0.0,18.6950085964559,20.80078597870714,1.8096074921417644,-0.11964865793259638,7.846825120276148,0.310879427512204,-0.10024196475438796,1.6534896669306118
Oc1c(C2=CCC(c3ccc(Cl)cc3)CC2)c(O)c2ccccc2c1O,0,10.69388255753786,10.69388255753786,0.020456416011972012,-0.25241395435839853,0.0,15.319582184522117,0.0,17.248535499851716,28.674627589713992,23.437381089662612,5.563451491696996,24.26546827384644,30.34148838068032,0.0,11.600939890232516,0.0,5.959992490696982,0.0,33.23048119279423,2.445856745088949,-0.03429046225673105,14.86887005509255,4.473534423028471,0.0,0.0
CC1(F)C(O)C(CO)OC1n1ccc(=O)[nH]c1=O,0,14.334552626606197,14.334552626606197,0.5741264329805995,-2.2544997165532874,41.960486022745556,19.086016810659167,0.0,0.0,0.0,23.754047487556665,0.0,0.0,4.983978520947208,0.0,9.843390348640755,20.27895738851096,0.0,24.4059907249937,18.596523814772823,-3.716324142311244,0.0,1.0411640211640212,-3.013872354497355,0.4908938807004286,0.0
CCN(CC)Cc1ccc2cc(COC(=O)Nc3ccc(C(O)=NO)cc3)ccc2c1,1,12.077518454022576,12.077518454022576,0.15179945954251584,-0.581051183513374,11.990985415296027,9.901064578912528,0.0,6.606881964512918,11.250837766380558,35.97016913836431,17.696185628620217,12.13273413692322,18.19910120538483,47.41898666637342,9.94411597857734,5.315424158873834,0.0,14.45100507426709,25.511568628608682,3.013253800853687,-0.4948104040431802,18.654461501162714,-0.581051183513374,7.463481757123881,0.0
CC[N+](CC)(CC)CCOc1cccc(OCC[N+](CC)(CC)CC)c1OCC[N+](CC)(CC)CC,0,6.47681783824641,6.47681783824641,0.6567592592592592,0.6567592592592592,0.0,0.0,0.0,0.0,19.820645893538753,109.23470494388651,0.0,0.0,18.19910120538483,62.3136347972156,14.210588861400147,22.442546848374462,0.0,0.0,0.0,0.0,2.3764485701688085,6.101877598261527,0.0,35.57912698319521,0.0
O=C1NC(=O)C(=Cc2cccc(C(F)(F)F)c2)S1,0,12.460870785042413,12.460870785042413,0.08270786092214721,-4.435105308327034,22.886141451664262,22.760319511168106,0.0,10.468588005587042,11.761884949391115,12.13273413692322,18.208754243757102,0.0,5.316788604006331,0.0,0.0,37.382612355127236,0.662126086545729,22.20078920225498,1.497124984252961,-0.5798549697656838,-0.5949891345427061,4.5338245622323,-3.1849664194381453,0.0,0.0
C[C@@H]1C[C@H]2[C@H]3CC=C4CC(=O)C=C[C@]4(C)[C@@]3(F)[C@@H](O)C[C@]2(C)[C@@]1(O)C(=O)CO,0,16.85906328735198,16.85906328735198,0.06755645313681047,-1.980464025888133,52.42969695947186,24.90865655266576,4.39041504767482,24.542794238378352,18.414747775921285,0.0,6.076020106833881,26.847231705905752,6.076020106833881,0.0,0.0,16.85906328735198,0.0,24.413119592229773,31.95737020555395,-5.184988006004872,-2.0884078722487365,0.0,4.410609912340612,4.466566214110632,0.0
CN(C)c1cc(NC(=O)CNC(C)(C)C)c(O)c2c1CC1CC3C(N(C)C)C(=O)C(C(N)=O)C(=O)C3(O)C(=O)C1C2=O,0,14.054963178606307,14.054963178606307,0.036472580716808256,-2.8042442157996224,76.0113669022239,38.98027789411234,0.0,36.1761626705285,11.250837766380558,0.0,18.995253696204855,25.061620764666465,20.771211599071872,10.633577208012662,5.733667477162185,0.0,0.0,82.70110074532172,28.634872771613324,2.945000931718961,-11.822953591091082,0.37361158825883334,0.07063763301865511,5.579838996201039,6.517890924958554
COc1cc(Nc2nc3ccccc3nc2NS(=O)(=O)c2ccc(NC(=O)c3ccc(C)c(OC)c3)cc2)cc(OC)c1,1,13.452715485803646,13.452715485803646,0.008162615044795096,-4.104695698763383,10.023291153407584,13.212334168400758,0.0,22.438388760539336,45.22016097614836,5.563451491696996,45.59486089767904,54.59730361615449,12.990104268152233,25.323629114359164,14.210588861400147,45.4464523354559,0.0,21.867874128500205,5.899020072204474,3.3406262121679022,1.4710543695525975,23.180340888592063,0.0,1.881158142692886,0.4968071841673005
CC(=O)SC1C=C2CC(=O)CCC2(C)C2CCC3(C)C(CCC34CCC(=O)O4)C12,0,12.220217356647282,12.220217356647282,0.0020984898589067047,-0.2930682581674644,0.0,14.383611552215466,0.0,32.765551997896985,42.799427953627145,38.524929737556064,17.334989479460383,6.923737199690624,0.0,19.92349450621513,4.736862953800049,6.051437270691871,1.4615557812631224,36.44371229093745,0.2981245538338797,1.0774778360418247,1.709849291504685,0.0,10.14194245079549,6.399233858265019,0.0
OCc1cc(C(O)CNCCCCCCOCCOCc2c(Cl)cccc2Cl)ccc1O,0,10.218947167800533,10.218947167800533,0.03696875202169436,-0.6754990583034777,6.103966387748303,15.319582184522117,0.0,12.356393797796823,54.144453874840885,37.79149438931361,6.06636706846161,24.26546827384644,6.06636706846161,5.316788604006331,32.67560568806513,11.168176975200428,12.20565891036967,0.0,33.45805594919504,1.8941658636096177,0.03696875202169436,10.179898684772219,3.507317914940777,3.1053125054460997,0.0
CC(O)C1C(=O)N2C(C(=O)OCOC(=O)C(C)(C)C)=C(SC3CN(C4=NCCS4)C3)C(C)C12,0,13.031735705505547,13.031735705505547,0.0979429904677922,-0.7989276784456265,36.168415785309996,19.49013894705617,0.0,28.813903947698865,0.0,35.459911107952614,4.899909730850477,51.21871869754473,6.923737199690624,9.892314463486144,9.473725907600098,10.332758186220453,3.3610190584065665,46.81596352985356,11.471458664571244,-0.4930539830719509,-1.059234463762202,-0.2725762156714535,-0.7989276784456265,10.725926235232738,0.0
OCC1OC(OC2C(CO)OC(O)(CO)C2O)C(O)C(O)C1O,0,9.997825727513227,9.997825727513227,0.6681220474300833,-2.368856725560595,74.62554848968267,30.63916436904423,0.0,0.0,0.0,0.0,0.0,0.0,0.0,0.0,24.423643651081555,15.310769951499118,0.0,0.0,76.50737401056102,0.0,-2.368856725560595,0.0,-12.212382618942643,-2.320237950890232,0.0
CC1(C)[C@@H]2CC[C@]1(C)C(=O)C2,1,11.573125,11.573125,0.025462962962963243,0.025462962962963243,0.0,4.794537184071822,0.0,10.829980938793557,11.701150992526333,12.841643245852019,6.4208216229260096,0.0,0.0,20.771211599071872,0.0,0.0,0.0,11.573125,0.0,0.30729166666666696,1.1932870370370372,0.0,3.2522222222222226,6.674074074074074,0.0
Cc1ccc(N(CC2=NCCN2)c2cccc(O)c2)cc1,0,9.741298159695976,9.741298159695976,0.26938108885529544,0.26938108885529544,0.0,5.106527394840706,0.0,5.749511833283905,6.544756405912575,30.299905146949545,5.563451491696996,12.13273413692322,12.13273413692322,46.39830854102954,0.0,0.0,0.0,6.616984756865708,13.039708102376752,3.2674017647182336,1.2544902158394227,15.676762067481313,0.0,4.477986426051902,0.0
Cc1cc(Nc2cc(N3CCN(C)CC3)nc(Sc3ccc(NC(=O)C4CC4)cc3)n2)[nH]n1,0,11.989844097210966,11.989844097210966,0.11423465560023516,0.11423465560023516,0.0,4.794537184071822,0.0,11.8250857755129,5.156436481820707,72.7510549480572,11.761884949391115,0.0,43.321939610460284,37.67843226899288,9.967957041894415,0.0,1.5046360596707815,27.203901726426928,14.129221275462239,1.7311465269075543,2.727781289260818,11.772773737937117,1.9905524038291542,5.798228234511184,2.141758745994228
CC(C)CC(NC(=O)C(NC(=O)c1cccc(-c2ccccc2)n1)C(C)O)B(O)O,1,12.681465288275804,12.681465288275804,0.09326517489711916,-1.7584063607189095,37.01975160768943,24.743646913116354,0.0,11.611834041009853,12.114749617774471,5.563451491696996,12.990104268152233,12.13273413692322,44.179309741689295,15.61755572895987,0.0,0.0,0.0,29.62707497200237,34.014569189431064,1.530421348183725,-2.1602734812080335,13.011377957574432,-0.8827069986455052,5.117943373380853,-1.7584063607189095
Nc1cc(N)c(N)cc1N,0,5.428981481481482,5.428981481481482,0.4645370370370372,0.4645370370370372,0.0,0.0,0.0,0.0,22.74954509873425,0.0,0.0,12.13273413692322,0.0,0.0,22.93466990864874,0.0,0.0,0.0,0.0,23.574074074074076,0.0,3.0925925925925926,0.0,0.0,0.0
CNC1CCCN(c2c(F)cc3c(=O)c(C(=O)O)cn(C4CC4)c3c2OC)C1,0,15.206217876039304,15.206217876039304,0.04821848492483416,-1.307737008128422,17.215316520898284,14.69560176298435,4.39041504767482,23.033357364457714,30.04311163740888,25.683286491704038,19.37300818135222,4.567099647791355,11.947581713527667,5.316788604006331,4.736862953800049,22.61173398526077,0.0,26.21097383549997,12.698013422523218,-0.21618124551881657,-1.5755327375312933,1.5115633931998465,5.0804974439908595,1.3273747585453934,3.3515571440300533
Clc1ccc2c(c1)CCc1cccnc1C2=C1CCNCC1,0,6.23304806696341,6.23304806696341,0.8262279016544892,0.8262279016544892,0.0,0.0,0.0,0.0,0.0,43.79543261727052,33.53049153007798,0.0,18.3295777085363,23.51588980939116,16.58491841117972,0.0,6.23304806696341,4.7459334845049135,4.277026486520534,8.117638259007308,0.0,10.593398902256375,6.191837110873156,2.1188954676520813,0.0
Cc1onc(-c2ccccc2)c1C(=O)NC1C(=O)N2C1SC(C)(C)C2C(=O)O,1,12.927406620055429,12.927406620055429,0.27267752162593495,-1.0422505469795678,34.08106194178558,19.490138947056174,0.0,11.470631221048501,11.454175413722902,5.563451491696996,16.66179468024159,20.771211599071872,30.33183534230805,10.473451861131776,4.523094936973348,4.565510623785785,1.380372584282667,38.45664924507922,15.813590753734081,1.4073297249404317,-1.547087184566701,7.45705251012246,0.0,5.216581742622056,0.0
CNC(=O)Nc1ccc(-c2nc(N3CC4CCC(C3)O4)c3cnn(C4CCC5(CC4)OCCO5)c3n2)cc1,1,11.712729449273894,11.712729449273894,0.22363608028103243,-0.4143854470187731,5.7871111525705965,4.794537184071822,0.0,24.28088811698264,24.725554701709328,74.02915825414577,0.0,7.04767198267719,30.462311845459517,20.21528987400832,29.2772277115956,20.09387488509521,0.0,24.198541765515053,11.199020683076341,2.4418830361778396,1.148644853191813,7.587176720347734,8.160757683243114,2.9942914115720765,1.592475628447488
CNCC(O)c1cccc(O)c1,0,9.471342592592592,9.471342592592592,0.18301209372637972,-0.5536111111111117,6.103966387748303,5.106527394840706,0.0,5.749511833283905,6.544756405912575,5.563451491696996,0.0,31.313140256523628,0.0,5.316788604006331,5.106527394840706,0.0,0.0,0.0,21.42376889644747,0.7262500000000003,0.18301209372637972,6.627851473922902,-0.5536111111111117,0.4895370370370371,1.769858276643991
O=C(O)C=Cc1ccc(Cn2ccnc2)cc1,0,10.35407193976458,10.35407193976458,0.7667905171327789,-0.9375073865761994,5.9693052879518484,4.794537184071822,0.0,0.0,0.0,23.74767949614045,0.0,18.600183753211496,35.02941149325087,4.983978520947208,5.106527394840706,1.9743004115226337,0.0,14.325336562387427,8.50347823082401,2.0252371504157223,-0.9375073865761994,7.736558956916099,8.105805557377527,0.7667905171327789,0.0
CCCCCCCC/C=C\CCCCCCCC(=O)O,1,10.324075013009868,10.324075013009868,0.33150677890982094,-0.6642338559142937,5.9693052879518484,4.794537184071822,0.0,0.0,6.4208216229260096,12.841643245852019,70.62903785218613,0.0,0.0,19.075777413358384,5.106527394840706,0.0,0.0,10.324075013009868,8.508189546874622,0.0,-0.6642338559142937,0.0,21.239807373012,2.2588285896844735,0.0
COc1ccc2nc3cc(Cl)ccc3c(Nc3cc(CN4CCCC4)c(O)c(CN4CCCC4)c3)c2n1,1,11.307726544806272,11.307726544806272,0.41700972264734903,0.41700972264734903,0.0,5.106527394840706,0.0,0.0,16.652133483460602,83.70654033555014,25.683286491704038,7.109797541277533,30.33183534230805,27.249342202630505,26.305759885926978,5.429488846876042,6.317902684611323,14.393139943636879,16.537254763149498,5.961524291305137,0.945541676326008,13.616822355391587,4.850767686385263,5.776173457154004,1.6158287396087094
O=P(O)(O)C(O)(Cn1ccnc1)P(=O)(O)O,0,10.944576247165532,10.944576247165532,0.9565277777777776,-5.406512345679013,26.819508679555856,14.236623964703364,0.0,0.0,0.0,10.894419722555895,12.393687143226153,0.0,0.0,4.983978520947208,19.5736464110099,22.845680272108844,0.0,38.74142888636936,6.0375154320987665,0.0,0.0,0.0,3.506301335348954,-0.9567901234567904,-10.813024691358024
NC(O)=NO,0,7.638888888888888,7.638888888888888,0.8148148148148147,-0.8148148148148147,6.021680127344178,0.0,0.0,0.0,0.0,0.0,0.0,0.0,0.0,10.889380203912726,10.313780419617995,0.0,0.0,0.0,17.13425925925926,4.347222222222222,0.0,-0.8148148148148147,0.0,0.0,0.0
O=C(O)CCCc1ccccc1,0,10.189513731418494,10.189513731418494,0.2588236961451247,-0.7167304421768701,5.9693052879518484,4.794537184071822,0.0,6.4208216229260096,0.0,12.841643245852019,5.563451491696996,0.0,30.33183534230805,0.0,5.106527394840706,0.0,0.0,10.189513731418494,8.391490614764425,1.207175925925926,-0.7167304421768701,9.927180177626605,1.8347033257747543,0.0,0.0
NC(=O)c1cccnc1,0,10.383148148148148,10.383148148148148,0.4415740740740739,-0.4415740740740739,5.907179729351506,4.794537184071822,0.0,0.0,5.563451491696996,0.0,6.196843571613076,18.3295777085363,0.0,4.983978520947208,5.733667477162185,0.0,0.0,14.08824074074074,0.0,5.376944444444445,-0.4415740740740739,3.2871296296296295,3.0225925925925923,0.0,0.0
COc1cc(NC(C)CCCN)c2ncccc2c1,0,5.546260746595342,5.546260746595342,0.36190948601662887,0.36190948601662887,0.0,0.0,0.0,0.0,6.041840829147961,41.72622269181312,0.0,7.109797541277533,30.462311845459514,17.224504324644162,10.470530430962235,5.337889581758629,0.0,4.447158525447216,4.57539338729319,7.534566207668661,0.8416896835894851,8.330489451175328,3.871103237591333,2.8819821586041825,1.6797277668719768
CCNC1(C(N)=O)CCN(c2ncnc3c2nc(-c2ccccc2Cl)n3-c2ccc(Cl)cc2)CC1,0,12.217404050569915,12.217404050569915,0.31957731089092767,-0.7055681931965201,5.538925252383345,4.794537184071822,0.0,5.907179729351506,65.32732430529134,11.250837766380558,0.0,6.3273200747645415,60.021773395174854,20.184655376751223,33.919525778574425,1.9666125099731249,12.730077675424312,28.545043001601044,4.51861943313116,8.00898446098824,1.0520896325057383,15.078503996639727,2.7046093468208974,3.867682165137979,0.0
CC1=C(C(=O)O)N2C(=O)C(NC(=O)C(N)c3ccc(O)cc3)[C@H]2SC1,1,12.324445861678004,12.324445861678004,0.011961083816242501,-1.1511841037282962,35.24121921791952,24.596666341896878,0.0,11.446551146339738,16.88940962851305,0.0,40.92726295408803,6.923737199690624,0.0,5.316788604006331,5.733667477162185,0.0,1.4008415187572834,37.21878264040927,20.71792061674096,7.001584855707332,-1.6070106627286935,4.094671609588637,0.0,1.673209421525203,0.0
Fc1ccc2c(CCNCc3cccc(OCC(F)(F)C(F)F)c3)c[nH]c2c1,0,13.211091512305359,13.211091512305359,0.10951873975843074,-4.184025521786134,18.954855877466684,21.9520752383741,0.0,11.5667326743298,19.51033443475116,22.029827915475046,24.26546827384644,18.19910120538483,6.196843571613076,10.300767124953538,4.736862953800049,68.23657299316271,0.0,3.030165122179254,4.1791658431993275,2.5630785037296238,-4.373175206333987,10.942236602517468,-1.2179231089039875,-0.276787416217084,0.0
CCCCCCCCc1ccc(CCC(N)(CO)CO)cc1,1,9.196856837360265,9.196856837360265,0.18093767715419484,-0.8639280980721309,5.538925252383345,10.213054789681411,0.0,13.213763929025836,6.4208216229260096,12.841643245852019,49.651832720950054,0.0,0.0,31.18920547353706,5.733667477162185,0.0,0.0,0.0,18.39371367472053,7.628817668190987,0.0,8.664781116150163,10.510500138627185,1.8855207356444705,0.0
CCn1cc(C(=O)O)c(=O)c2cnc(N3CCCC3)nc21,0,12.182870212899974,12.182870212899974,0.2482661984546901,-1.2289634773662554,11.39809567985239,9.589074368143644,0.0,10.949675706161791,18.140272907666798,25.93115605767717,12.393687143226153,4.567099647791355,6.923737199690624,14.867866772744893,5.106527394840706,1.6819822373393802,0.0,34.11682052955862,9.359624086931987,-0.2903292181069954,-0.6274125514403295,0.0,5.018399277857251,4.240915637860082,0.0
COc1cc(O)c2c(c1)oc(=O)c1c3cc(O)c(O)cc3oc21,1,12.281694066515493,12.281694066515493,0.072469293272865,-0.6907473544973539,11.375098152361893,20.11411936859394,0.0,44.40675673488893,5.749511833283905,0.0,31.37526581512397,0.0,0.0,0.0,13.571164827906742,15.866567897590626,0.0,12.281694066515493,29.963533303383596,-0.2939222463676814,-0.6256570341635259,5.220496346686823,0.0,0.0,1.420620999688009
Cc1ccc(C(=O)Nc2ccc(CN3CCN(C)CC3)c(C(F)(F)F)c2)cc1C#Cc1cnc2[nH]ncc2c1,1,13.930539916459495,13.930539916459495,0.08532469175912594,-4.538097356538845,17.646929738491977,17.96578232709628,0.0,17.795594172293132,35.42704450768387,30.105555586448553,12.13273413692322,30.592788348610984,24.937685981679902,37.238909110117376,0.0,41.791619749378484,0.0,21.420416740375625,10.180252453967622,2.6878435457702015,5.599990552188239,10.86079748466462,-1.248515882404508,5.125470044259696,1.9987919784666985
COc1ccc(-c2ccc3c(N4CCOCC4)nc(N4CC(C)OC(C)C4)nc3n2)cc1CO,1,9.744224746870504,9.744224746870504,0.10220276272446305,-0.10566294881236904,0.0,5.106527394840706,0.0,18.814814740009524,30.558792264063964,54.20394359419257,0.0,7.109797541277533,30.33183534230805,23.6472938610822,29.16252442424177,16.834331516066136,0.0,19.288770416492277,10.660567077012438,3.048447574634895,2.2158863322156974,9.732599673988563,0.2044055254489261,8.41637613933644,1.5986157448046254
CCOC(=O)C1=C(C)N=C(C)C(C(=O)OCC)C1c1ccccc1C=CC(=O)OC(C)(C)C,1,12.989140532871142,12.989140532871142,0.18977815070670223,-0.8017288937179814,35.34477876716202,14.383611552215466,0.0,13.213763929025836,28.10873182928979,0.0,6.076020106833881,54.54218050466824,24.26546827384644,4.992404732635668,14.210588861400147,16.00160052584701,0.0,42.68264132425748,0.0,2.0824399861339145,-2.969779667791255,7.289621283698665,2.9708793146888386,12.692597233165348,0.0
CC1CCN(C(=O)CC#N)CC1N(C)c1ncnc2[nH]ccc12,0,12.034771877886957,12.034771877886957,0.05518040858318596,-0.09048248929201264,0.0,4.794537184071822,0.0,18.369842181425476,12.462662452073968,29.816842241906137,0.0,11.227229805615018,25.38010393554415,26.775582493382725,5.261891554738487,0.0,0.0,27.709902182904074,9.713465521921961,0.8080791824050304,1.2130129073234237,4.074527707675254,4.272233995628657,3.533967860292265,2.0081439751826657
COC(=O)C1=COC(OC2OC(CO)C(O)C(O)C2O)C2C(CO)=CCC12,0,11.963874639336401,11.963874639336401,0.27031672545561425,-1.585285089089201,55.49001230828979,30.327174158275348,0.0,12.52478801067431,17.567030683064544,0.0,13.371877989698323,6.076020106833881,0.0,0.0,18.947451815200196,21.280663775675052,0.0,11.963874639336401,48.778970896812645,0.9027280958679778,-1.4226062274465967,0.0,-4.733933674900937,-0.8570544114875822,1.254023572809717
N#CC(C(=N)Sc1ccccc1N)C(C#N)C(=N)Sc1ccccc1N,0,9.497708648274125,9.497708648274125,0.02469109557403182,-1.060608465608466,11.835812092322787,10.523783109476973,0.0,10.087433973182964,21.165739500402672,23.52376989878223,0.0,48.53093654769288,12.138442625584547,0.0,22.285902165907416,0.0,2.0550743260267064,1.2794949772583255,35.41057245737802,12.732833266847031,-2.1212169312169316,17.976575237040187,0.0,0.0,0.0
CC1CC(=O)NN=C1c1ccc(NN=C(C#N)C#N)cc1,0,11.214821254424013,11.214821254424013,0.05496341177528019,-0.24345679012345656,0.0,4.794537184071822,0.0,17.536770778283604,12.10820789760957,11.275136494467699,0.0,24.271176762507768,19.056471336613843,21.054397845700215,10.523783109476973,0.0,0.0,11.214821254424013,24.88123802854593,7.222909606743933,-0.028915851230966405,10.518511057303861,0.4135187879100217,1.944583782969876,0.0
CN(C)N=Nc1[nH]cnc1C(N)=O,1,10.751994520030234,10.751994520030234,0.08851851851851866,-0.6305961829176112,5.907179729351506,4.794537184071822,0.0,11.51179077268349,0.0,0.0,11.336232598719072,14.09534396535438,0.0,20.305460086257263,5.733667477162185,0.0,0.0,17.086699735449734,8.900059523809524,5.117205215419501,-0.36559618291761087,0.0,1.3374074074074074,0.0,3.424224300831444
NC(Cc1ccc([N+]([O-])(CCCl)CCCl)cc1)C(=O)O,0,12.595241297136138,12.595241297136138,0.22170914868004798,-1.0487875280583612,16.657484968909305,10.001790208849112,0.0,31.270341324691838,5.687386274683562,5.563451491696996,0.0,24.26546827384644,0.0,0.0,34.04207465246792,-0.585055429579239,11.332011030851818,10.692783933438696,21.354931521634263,6.792585772562775,-0.5646037851805346,5.834482972201226,0.22170914868004798,0.47671039094650247,0.0
CC(C=CC1C(C)C(=O)C(=O)CC1(C)C)=C/C=C/C(C)=C/C=C/C=C(C)/C=C/C=C(C)C=CC1C(C)C(=O)C(=O)CC1(C)C,0,12.191113715282633,12.191113715282633,0.04160164626368945,-0.2866201153173793,0.0,19.178148736287287,0.0,57.63458490889888,12.841643245852019,22.292418120277066,0.0,0.0,76.30310965343354,77.99854383914702,0.0,0.0,0.0,48.324769699876626,0.0,3.9569783666341607,-1.4837001686484912,0.0,29.24617921199527,20.122439556809113,0.0
CCc1c2c(nc3ccc(O)cc13)-c1cc3c(c(=O)n1C2)COC(=O)C3(O)CC,1,13.224197583354329,13.224197583354329,0.11033686474793969,-1.8320326769941224,11.570356098935537,19.802129157825057,0.0,24.33648231577484,35.4803370019295,22.02982791547505,0.0,35.756305121328424,6.923737199690624,0.0,9.720841474747257,6.732585004948821,0.0,30.238678980974807,21.711087674311518,2.4665645242320493,-0.562938219288327,6.7466929647649785,0.8263631911735715,3.924299212215913,0.0
CC(=O)Nc1ccc(CC(=O)O)cc1,0,10.670624658814143,10.670624658814143,0.0003486394557821182,-0.8636323171243803,5.9693052879518484,9.589074368143644,0.0,12.328001352277514,11.250837766380558,0.0,6.923737199690624,24.26546827384644,0.0,5.316788604006331,5.106527394840706,0.0,0.0,21.032290984294953,11.110849841479801,1.3872600151171586,-1.0062391870328373,6.72037037037037,0.0003486394557821182,1.4217860029814395,0.0
Cc1cccc(C)c1OCC(=O)NC(Cc1ccccc1)C(O)CC(Cc1ccccc1)NC(=O)C(C(C)C)N1CCCNC1=O,0,13.824468469754573,13.824468469754573,0.11744994297403699,-0.9915267017300751,24.229488875192185,19.49013894705617,0.0,36.7910836046414,31.680667890961075,28.674627589713992,0.0,4.899909730850477,106.55772068876344,15.950365812018994,4.736862953800049,5.900000577767498,0.0,41.32834805570983,20.73501869891124,3.8420428486675595,-0.04927602733153913,23.279468434622697,0.8314975711399005,8.63289984051281,0.0
Oc1c(Cl)cc(Cl)c2cccnc12,0,9.529598765432098,9.529598765432098,0.02623456790123413,-0.02623456790123413,0.0,5.106527394840706,0.0,10.772145147025231,15.925558245822383,0.0,6.06636706846161,18.3295777085363,0.0,4.983978520947208,23.20187978046503,0.0,11.617219702695891,3.9835185185185185,10.93993827160494,0.4305555555555558,-0.02623456790123413,5.0324716553287985,1.5780864197530864,0.0,0.0
Clc1ccc(C(Cn2ccnc2)OCc2ccsc2Cl)c(Cl)c1,1,6.343000580890792,6.343000580890792,0.2315432098765433,-0.2315432098765433,0.0,0.0,0.0,6.103966387748303,23.196904997908145,15.463231999139623,11.336785877934735,18.59053071483923,34.34310719525517,4.983978520947208,39.5396826244976,8.786794033971615,19.962839702974684,4.063452485932645,3.1261962545153095,1.8550948846616842,0.0,7.386035831513675,5.135300068587106,1.0176200711766188,0.0
CCOc1cc(C(C)(C)C)ccc1C1=NC(C)(c2ccc(Cl)cc2)C(C)(c2ccc(Cl)cc2)N1C(=O)N1CCN(CCCS(C)(=O)=O)CC1,1,15.145940955744948,15.145940955744948,0.11705729487692063,-3.0270086264829876,20.915103641184192,8.417796984328938,4.794537184071822,17.19895858848164,67.38188386352562,22.253805966787983,6.255769183511404,0.0,71.32086027754607,51.65132986622681,32.93114746690075,29.69406198766514,12.78492970010941,26.63819097644264,1.2105961916229495,1.5672110677831608,1.3462218006713267,21.35094894095845,1.8298299949331767,15.993906855185617,-3.0270086264829876
O=NN(CCCl)C(=O)NC1CCCCC1,1,11.49485292265054,11.49485292265054,0.15635802469135807,-0.43282407407407386,6.031114512338072,9.701602428060104,0.0,18.466600680030876,0.0,30.69219901565857,6.4208216229260096,0.0,0.0,10.60267332496904,11.600939890232516,0.0,5.441307826628593,21.82941216301335,6.2542333553791885,0.0,0.21212962962962956,-0.24687452758881356,5.4645446393578005,0.15635802469135807,0.0
CNC(=O)C(c1ccccc1)N1CCc2cc(OC)c(OC)cc2[C@H]1CCc1ccc(C(F)(F)F)cc1,0,13.19449499250559,13.19449499250559,0.11605852619335666,-4.371361348375671,17.78159083828843,17.96578232709628,0.0,11.949020558499466,37.30624494125841,34.386540103711205,12.13273413692322,21.267267065232257,42.46456947923127,10.216698334856808,9.473725907600098,50.20458195223503,0.0,15.38149848834837,2.808476509413871,3.1520583815681427,1.1209177416314036,18.15267138962716,-2.5069637259964472,0.6320855793470326,4.804673683825435
COc1ccc(CNC(=O)Nc2ncc([N+](=O)[O-])s2)cc1,0,11.637897140337618,11.637897140337618,0.12457925649622847,-0.5574336520074463,10.954425561155743,14.908855452837393,0.0,10.132640456527199,6.544756405912575,28.846592774528716,0.0,19.242531678200752,12.13273413692322,15.61755572895987,4.736862953800049,5.033794626123651,0.7972481406346843,25.324387764684204,15.618374074317055,0.8991382695053332,0.7345339008472751,6.7582316506211715,1.1009450136804033,0.3227143959435623,1.5772988303093267
CC(=O)Oc1ccccc1C(=O)Nc1ncc([N+](=O)[O-])s1,0,12.089914965986395,12.089914965986395,0.08734079743008327,-0.5970928166950893,16.799796066121026,19.703392636909218,0.0,21.4456037815081,0.0,17.53362944954781,19.056471336613843,12.13273413692322,0.0,10.300767124953538,4.736862953800049,4.922643613000756,0.7338493113294697,36.76012261608041,12.87652418133614,0.1301417233560096,-1.0233423683599536,6.158469921115573,1.0538230400184765,1.2211012954564542,0.0
Cn1c([N+](=O)[O-])cnc1COC(N)=O,1,10.385502645502646,10.385502645502646,0.17308295540438356,-0.9484693877551018,11.016551119756086,14.908855452837393,0.0,18.249149240347872,0.0,6.196843571613076,11.614771630468544,0.0,0.0,9.720841474747257,5.733667477162185,5.645985449735449,0.0,23.7540731292517,10.385502645502646,4.72489984882842,0.08663926681783907,0.0,0.13455309901738466,-0.18087962962962978,1.4492261904761905
Cc1cnc(C(=O)NCCc2ccc(S(=O)(=O)NC(=O)NC3CCCCC3)cc2)cn1,0,12.437916811581168,12.437916811581168,0.008342122569631405,-3.9475561838377122,16.054405665745655,18.00687135247258,0.0,22.538432028865703,12.965578028838586,43.36148760117551,24.52642128014937,19.056471336613843,0.0,25.323629114359164,0.0,26.947658805255376,0.0,32.162740075877906,5.483756040005309,1.8176536934919798,-0.3195591114281009,5.527282833114902,8.425448092664388,2.152575754855957,-3.9475561838377122
Oc1[nH]c(O)c(-c2cn3c4c(cccc24)CCC3)c1-c1c[nH]c2ccccc12,0,10.727853521038044,10.727853521038044,0.012517479213908222,-0.023907785336356735,0.0,10.213054789681411,0.0,11.759976672870742,11.126902983393991,46.80245178170444,11.080152209313258,0.0,30.462311845459514,38.93100146668368,0.0,2.2698344198790625,0.0,6.000405460023515,23.5099312904174,6.6306847261785045,-0.03642526455026496,14.319340250448207,6.174186488632286,0.9653759623046237,0.0
O=C(O)Cc1ccccc1Nc1c(Cl)cccc1Cl,0,10.827338400380729,10.827338400380729,0.0642410714285715,-0.8893467078189301,5.9693052879518484,4.794537184071822,0.0,6.4208216229260096,26.983490668546775,0.0,0.0,36.39820241076966,6.06636706846161,5.316788604006331,28.30840717530574,0.0,12.148457175051089,10.827338400380729,12.941774656364606,1.9255171327790386,-0.8893467078189301,12.332722636894264,-0.0642410714285715,0.0,0.0
CC(Oc1ccc2[nH]nc(C=Cc3cnn(CCO)c3)c2c1)c1c(Cl)cncc1Cl,0,8.996287005442447,8.996287005442447,0.047574573545216436,-0.35304918735183,0.0,0.0,0.0,12.71084835226122,27.90298635837613,22.160304418626513,0.0,23.272333649984414,43.47172219035629,20.28002394585032,33.04527012910579,7.773664038724049,12.485231858482173,3.978900069925773,22.427088153132956,3.2840961901340533,0.6720008882544959,5.704749423764159,10.167291912113846,2.395866354357385,0.0
Cc1ccc(C(=O)NCCCCCC(=O)Nc2ccccc2N)cc1,0,11.944938362786939,11.944938362786939,0.04019356369242577,-0.0580593860748424,0.0,9.589074368143644,0.0,11.814359458703011,29.903802069902703,24.825916360475023,0.0,12.13273413692322,43.321939610460284,10.633577208012662,5.733667477162185,0.0,0.0,23.82662099383475,5.70949689758884,8.811390834730092,-0.09825294976726817,14.70176478517549,2.9478606707579464,2.60111876768015,0.0
O=C(Nc1cc(Oc2cc(F)c(NC(=O)C3(C(=O)Nc4ccc(F)cc4)CC3)cc2F)ccn1)C1CC1,1,14.767829980949118,14.767829980949118,0.03756095358347333,-1.4396687174770886,46.11791055920494,27.554856695239927,0.0,36.23410363248385,5.687386274683562,37.107111519698464,30.462311845459517,0.0,0.0,20.9343443329662,4.736862953800049,48.02609131235616,0.0,41.408097008789966,7.460083553638373,-1.5939301110829494,-4.148223620870674,9.338665234247237,3.425883289588554,0.0,0.0
O=c1[nH]c(C2CCCN2)nc2c1oc1ccc(Cl)cc12,1,12.160744520030235,12.160744520030235,0.10762424414210092,-0.24442365835223012,0.0,4.794537184071822,0.0,17.184127865842207,21.94675867099976,24.77262386622939,0.0,18.19910120538483,0.0,15.284745645900745,16.018090827285864,5.570545477450239,6.014935708336831,19.549510188334594,4.70273340611965,1.2119603489543969,0.6691439909297054,5.378650163769212,2.0648450841241845,0.9487867430922985,0.0
CC(N)C12CC3CC(CC(C3)C1)C2,0,6.191527777777778,6.191527777777778,0.44527777777777744,0.44527777777777744,0.0,0.0,0.0,0.0,11.456831298544738,17.75371813848418,38.524929737556064,0.0,0.0,6.923737199690624,5.733667477162185,0.0,0.0,0.0,0.0,6.769652777777778,3.1590277777777773,0.44527777777777744,8.966180555555557,2.2431944444444447,0.0
CON=C(C(=O)NC1C(=O)N2C(C(=O)OCOC(=O)C(C)(C)C)=C(C)CS[C@H]12)c1csc(N)n1,0,12.89236189889689,12.89236189889689,0.07325325898648472,-0.8980026648068675,47.37661645222001,19.178148736287287,0.0,22.234210790514332,11.325958136816055,11.336785877934735,23.77159222151913,33.07501156922841,0.0,15.456479851704078,20.044981968498917,10.048132014558263,2.516498725430087,60.25337634066551,7.599044246592766,5.669512685719562,-2.0360003501710926,-0.8980026648068675,0.0,6.15253573613888,1.2782365992062243
CN1CCC(COc2cnc(-c3cccc(Cn4nc(-c5cccc(C#N)c5)ccc4=O)c3)nc2)CC1,1,12.521648482396772,12.521648482396772,0.20096916028994194,-0.20096916028994194,0.0,10.056428738810308,0.0,5.559266895052007,41.90084023441617,42.62151053276815,10.748170003606795,36.65915541707259,30.33183534230805,33.083441876515394,4.736862953800049,7.366962442988633,0.0,23.88059424045823,13.716758503238562,3.516259622487623,1.834348094837729,20.254677358203676,5.730512615648533,3.212423868303227,2.1541299205004565
O=C(C=Cn1cnc(-c2cc(C(F)(F)F)cc(C(F)(F)F)c2)n1)NNc1ccccn1,1,12.982481594807052,12.982481594807052,0.013221355872454543,-4.988911211046614,34.950131239329444,31.137027470120742,0.0,11.890771566461538,17.95059691475825,23.285098006564056,6.196843571613076,18.19910120538483,0.0,25.91822164441622,0.0,78.85640175705093,0.0,19.40656480989436,3.788384140310547,1.3974497737049778,-0.6326799922878479,6.004996360503918,-5.321116849176887,0.0,0.0
CC(=O)OCC(=O)NCCCOc1cccc(CN2CCCCC2)c1,0,11.380651205209979,11.380651205209979,0.22744469991088012,-0.4556311336674639,5.9693052879518484,9.589074368143644,0.0,12.514061693864424,19.572459993351504,12.29426823919648,44.83916637199079,0.0,12.13273413692322,27.086295425580076,4.736862953800049,10.37995871322569,0.0,24.477423280967596,2.687020915315121,1.2723002919191109,0.11332986238817444,8.207409798170046,4.622981034588262,5.406242770092665,0.0
O=C(Nc1ccccc1)c1ccccc1O,0,11.76380007558579,11.76380007558579,0.01765636810279636,-0.3154629629629626,0.0,9.901064578912528,0.0,17.220143054332407,5.687386274683562,0.0,6.06636706846161,30.33183534230805,18.19910120538483,5.316788604006331,0.0,0.0,0.0,11.76380007558579,12.198203577727387,0.9741723356009073,-0.333119331065759,15.56361000881834,0.0,0.0,0.0
COC1=CC(=O)C[C@@H](C)[C@]12Oc1c(Cl)c(OC)cc(OC)c1C2=O,0,13.254939373897708,13.254939373897708,0.11761702674897068,-1.4223431594860165,11.518956857145081,9.589074368143644,0.0,40.082073026034294,11.49902366656781,0.0,33.471779799128086,6.923737199690624,0.0,0.0,30.548391705432714,21.89625595762997,6.333304376277259,25.113821876631818,0.17877598261526884,-1.1932237339380194,0.10687649596875981,1.5379791824137061,1.477233245149912,1.7691598167044595,4.307594578324647
O=c1cc(O)[nH]cc1Cl,1,10.52787037037037,10.52787037037037,0.0766666666666671,-0.3815586419753083,0.0,4.794537184071822,0.0,16.33141204207724,0.0,6.06636706846161,6.196843571613076,0.0,0.0,4.983978520947208,16.70746728507322,0.0,5.325787037037037,12.891851851851852,8.699969135802469,-0.3815586419753083,-0.17648148148148124,1.0162037037037037,1.2353395061728396,0.0,0.0
CC(=Cc1ccccc1)C=C1SC(=S)N(CC(=O)O)C1=O,0,12.09808736457546,12.09808736457546,0.2788528806584365,-1.079537419651056,12.514061693864424,9.589074368143644,0.0,10.227713814910476,4.905136513890047,27.798350702007856,0.0,6.076020106833881,43.331592648832554,0.0,17.324400837887403,0.2788528806584365,6.16740342987006,24.37199878796386,8.778816685951842,1.9345273526077102,-1.4330451252024123,9.736673189951023,3.6784660808767953,1.4863067173226805,0.0
Cc1cncc(CN2CCC(=C3c4ccc(Cl)cc4CCc4cccnc43)CC2)c1,0,6.338492391388754,6.338492391388754,0.8181468713023966,0.8181468713023966,0.0,0.0,0.0,0.0,0.0,50.34018902318309,44.65739451347197,0.0,24.65689778330084,47.13946079379636,16.58491841117972,0.0,6.338492391388754,11.732554142990894,0.8181468713023966,10.589733196089133,0.0,12.900566754915612,10.019825449105728,5.2117923053185935,0.0
O=C(O)c1cccnc1,1,10.160925925925927,10.160925925925927,0.21990740740740788,-0.9415740740740743,5.9693052879518484,4.794537184071822,0.0,5.563451491696996,0.0,0.0,18.460054211687762,6.06636706846161,0.0,4.983978520947208,5.106527394840706,0.0,0.0,13.78601851851852,8.344814814814814,0.21990740740740788,-0.9415740740740743,3.0821296296296294,2.842037037037037,0.0,0.0
CC(C)N=c1cc2n(-c3ccc(Cl)cc3)c3ccccc3nc-2cc1Nc1ccc(Cl)cc1,0,6.172510551470527,6.172510551470527,0.13019933799966266,0.13019933799966266,0.0,0.0,0.0,6.041840829147961,10.045266627482652,44.84064669728643,0.0,0.0,66.73003775307771,41.93046385656377,33.17826303404791,2.2077505835514493,12.238946665889422,9.869813939979284,5.759117323857561,6.595610614522653,0.0,27.907812316519838,0.0,4.143170777902019,0.0
Cc1[nH]c2ccccc2c1CCNCc1ccc(C=CC(O)=NO)cc1,1,9.081955857858686,9.081955857858686,0.4135949665997909,-0.4135949665997909,5.897745344357611,0.0,0.0,0.0,0.0,25.073785926448156,33.79977601715739,6.076020106833881,24.26546827384644,46.645685325241146,10.313780419617995,0.0,0.0,3.439857540921919,24.960135100920162,5.925822324266156,-0.4135949665997909,16.407150564348985,4.013174890427742,3.8341212123814934,0.0
Cc1ccc(-c2nc(N)nc3c2nnn3Cc2cccc(CO[C@H]3CCOC3)n2)o1,1,5.938553368677897,5.938553368677897,0.12869950385400242,0.12869950385400242,0.0,0.0,0.0,12.052305668734796,42.3765736870453,30.17580699601029,0.0,4.681802935145184,37.255572541998674,25.26400246679753,19.62454432181563,18.54606757578378,0.0,13.30269102475663,8.501141698976294,9.180204564648907,1.4777172858726209,9.507990009919036,1.0570131935624514,4.093841313146945,0.0
CC(=O)OC1CC2CCC3C(CCC4(C)C3CC([N+]3(C)CCCCC3)C4OC(C)=O)C2(C)CC1N1CCCCC1,0,12.494632858257877,12.494632858257877,0.04664893606406939,-0.11057914227827692,0.0,9.589074368143644,0.0,29.56153382079708,35.25239026617688,29.91127133860718,90.13937228693729,13.847474399381248,0.0,25.795056112908917,9.473725907600098,13.548265162257803,0.0,27.372713748359168,0.0,0.3772267335538443,2.5032598420926226,0.7960452526970376,16.308085198175473,13.125927097386809,2.46847696547724
Cc1ncc(CO)c(CO)c1O,0,9.37587962962963,9.37587962962963,0.037916666666666377,-0.28662037037037047,0.0,5.106527394840706,0.0,18.963275762309742,16.82083097824245,0.0,6.196843571613076,6.923737199690624,0.0,4.983978520947208,10.213054789681411,0.0,0.0,3.836990740740741,27.0344567271353,1.2656018518518524,-0.037916666666666377,0.0,1.4450462962962964,1.1224877173091459,0.0
CNC1C(O)C(OC2C(NC(=O)C(O)CN)CC(N)C(OC3OC(CN)C(O)C(O)C3O)C2O)OCC1(C)O,0,12.428253291146927,12.428253291146927,0.08360823727639222,-1.7214683821569647,97.14950397618422,40.540228947956756,0.0,26.11721639926408,0.0,0.0,13.971409182367815,0.0,0.0,10.633577208012662,36.148454246686754,22.723027554239223,0.0,12.428253291146927,78.54824010028233,15.752573543392657,-0.8565299253182552,-2.9159373410472327,-16.253539919173182,0.6336708533249142,1.5235751764859462
CC1CC2C3CC(F)C4=CC(=O)C=CC4(C)C3(F)C(O)CC2(C)C1(O)C(=O)CO,0,16.865729954018644,16.865729954018644,0.04087480053749948,-2.2400473592214665,70.30252334750848,24.90865655266576,8.78083009534964,24.835569398847294,0.0,6.076020106833881,19.075777413358388,13.847474399381248,0.0,0.0,0.0,32.095828215545474,0.0,24.349523913217425,31.881464332593602,-6.808051356345007,-3.243430154309709,0.0,0.4272394405037805,3.9640922754610983,0.0
CN1CCC(=C2c3ccccc3CC(=O)c3sccc32)CC1,0,12.58934697026959,12.58934697026959,0.26479397623246825,0.26479397623246825,0.0,4.794537184071822,0.0,5.783244946364939,6.4208216229260096,30.80830325137847,27.83656353522952,11.336785877934735,6.06636706846161,41.59311275784002,0.0,0.0,1.5915853856974886,15.91289351851852,2.0615192743764172,6.467670540438399,0.26479397623246825,10.57800028344671,2.729820405013857,2.2111451247165532,2.1825714915595866
O=c1ncccn1C1OC(CO)C(O)C1O,0,11.370037320483748,11.370037320483748,0.4268459467120178,-1.2647685185185187,36.83642569669617,15.007591973753234,0.0,0.0,0.0,4.567099647791355,18.460054211687762,0.0,0.0,4.983978520947208,9.843390348640755,6.247916666666667,0.0,14.876253779289492,28.061634227765182,-0.5857964852607702,0.0,1.51005291005291,-1.6832151518014626,-0.4268459467120178,0.0
COCCCOc1cc(CC(CC(N)C(O)CC(C(=O)NCC(C)(C)C(N)=O)C(C)C)C(C)C)ccc1OC,0,12.935120733619963,12.935120733619963,0.008291749771941692,-0.854188491235397,29.38588346180594,14.69560176298435,0.0,30.70856985051288,37.05151526468105,18.405094737549014,0.0,28.067069481936315,32.046575604766076,19.16426300338758,25.67792381572452,16.501967288126878,0.0,24.54594312778798,13.863342003207158,12.19251200785158,0.792422144978854,5.468085168613355,1.5602036738506257,12.869599797759602,3.2892581211572987
COc1cc2c(c(OC)c1OC)-c1c(cc3c(c1OC)OCO3)CC(C)C(C)C2,0,5.87870205026455,5.87870205026455,0.19094120228950673,0.19094120228950673,0.0,0.0,0.0,6.792942306099827,40.58337125874231,40.84496104592391,0.0,28.439190165110134,0.0,25.98020853630447,28.421177722800294,34.48338468972172,0.0,0.0,0.0,4.2279983938019665,4.8477314289913505,4.132624007936508,1.7963188932980598,4.761696666512233,6.5835792530714965
O=C(C=Cc1ccccc1)OCC1OC(OC2OC=CC3C(O)C4OC4(CO)C23)C(O)C(O)C1O,0,12.096603034774692,12.096603034774692,0.363645314887707,-1.65450342122871,79.21690194093148,30.327174158275348,0.0,6.606881964512918,0.0,5.563451491696996,12.338100555254671,12.152040213667762,30.33183534230805,0.0,23.684314769000245,27.697738612514463,0.0,12.096603034774692,51.46989666538011,-0.248246940785102,-1.7001612114988682,9.107999487699832,-4.231540087690582,-0.7756228937278848,0.0
CC(CSC(=O)c1ccccc1)C(=O)N1C[C@@H](Sc2ccccc2)CC1C(=O)O,0,12.935896951373142,12.935896951373142,0.035420153139308796,-0.9771049219606216,17.9290521632612,19.490138947056174,0.0,16.272394689519402,24.28188312728237,16.65736842490889,4.899909730850477,42.951090422928175,36.39820241076966,0.0,0.0,0.0,2.702956692757586,39.4593358994375,9.553658470242096,0.59820288681438,-1.2935616526097224,17.905375222507953,0.42008238673236864,2.1539500941178433,0.0
CCC(C(N)=O)N1CCCC1=O,0,11.197222222222223,11.197222222222223,0.05615740740740782,-0.3956018518518516,5.907179729351506,9.589074368143644,0.0,11.949020558499466,19.386399651764595,6.4208216229260096,0.0,4.899909730850477,6.923737199690624,0.0,5.733667477162185,0.0,0.0,23.674305555555556,0.0,5.1564351851851855,-0.33944444444444377,-0.3888888888888893,2.0212962962962964,2.542962962962963,0.0
CC1(C(=O)O)CCC2(C)CCC3(C)C4=CC(=O)c5c(cc(O)c(O)c5C=O)C4(C)CCC3(C)C2C1,1,13.47937766040377,13.47937766040377,0.058382566148845294,-0.7522513905763821,22.548798060029313,29.703193736737582,0.0,44.82253721739456,31.11207688360458,31.256391021773304,6.06636706846161,6.076020106833881,6.923737199690624,27.694948798762496,0.0,0.0,0.0,37.54943755141255,30.765632046356775,-0.1554021407818298,-1.7878812519829648,1.4619390035819961,7.759914916360899,10.823026541719237,0.0
O=P(O)(O)C(O)(Cc1cccnc1)P(=O)(O)O,0,11.036034580498866,11.036034580498866,0.09875000000000012,-5.41005542957924,26.695573896569293,14.236623964703364,0.0,5.563451491696996,0.0,6.196843571613076,18.3295777085363,0.0,0.0,4.983978520947208,19.5736464110099,22.07206916099773,0.0,39.14429925673973,6.156185122197028,0.09875000000000012,0.0,2.748407816830436,1.6281772801713275,0.0,-10.82011085915848
COCC(c1ccc(C(F)(F)F)cc1)N1CCN(C2(C)CCN(C(=O)c3c(C)ncnc3C)CC2)CC1C,1,13.22233569903716,13.22233569903716,0.000197804955529568,-4.350828146442136,11.73975000914047,17.96578232709628,0.0,23.52978664003077,36.647702257731986,50.17209809220996,6.3273200747645415,19.242531678200752,18.747384130231726,33.61525090297661,4.736862953800049,44.674943432795246,0.0,28.413916170331746,0.0,2.1768157038496394,-0.000197804955529568,5.515412925969573,-1.1151280619106057,12.377228533955352,1.6236757666312487
COc1ccc(CNc2nc(N(CCO)CCO)nc3c2ncn3C(C)C)cc1,1,9.382533555826756,9.382533555826756,0.056101422590176586,-0.056101422590176586,0.0,10.213054789681411,0.0,19.255604758173796,42.56434921494324,11.3129633249809,0.0,18.337027346892555,28.832567921637793,34.1161985662292,4.736862953800049,7.183934777188572,0.0,15.579425184036477,22.118811678924864,2.4694408412788653,1.8621449845281925,7.982184514270483,1.758710795077137,5.237834967610471,1.6408455904182746
O=C1Nc2ccc(Cl)cc2C(C#CC2CC2)(C(F)(F)F)O1,0,13.600453514739229,13.600453514739229,0.0017852418745274434,-4.868966049382716,17.870589399365578,17.96578232709628,0.0,22.191377126283278,0.0,18.90801031431363,12.13273413692322,0.0,0.0,21.894520195517668,11.600939890232516,45.39211671705719,5.7816662292489,11.49921201814059,2.3364369173595367,-3.2719009826152683,4.601619268077601,3.809741906021668,-4.537780962179111,0.0,0.0
O=c1cccc2n1C[C@@H]1CNCC2C1,0,11.637531179138321,11.637531179138321,0.1658333333333335,0.1658333333333335,0.0,4.794537184071822,0.0,5.559266895052007,11.835812092322787,19.634269217737724,12.114749617774471,6.06636706846161,10.633466716252965,11.383155672467941,0.0,1.9580092592592593,0.0,11.637531179138321,3.431746976568405,1.3889351851851857,1.2062499999999996,5.635277777777778,1.2464814814814815,2.995768140589569,0.0
COc1cc(Nc2ncc3c(n2)-c2ccc(Cl)cc2C(c2c(F)cccc2OC)=NC3)ccc1C(=O)O,0,15.045488093048675,15.045488093048675,0.03699396200332794,-1.0951517921345657,11.786526128997743,9.901064578912528,4.39041504767482,29.369510503576965,38.992047402721944,5.563451491696996,26.352329219478285,42.595045982382736,6.06636706846161,10.300767124953538,31.05104905141549,25.678771528068808,6.346660352248918,25.24551656139012,12.876497509901084,3.85139634890738,-0.7425334796160823,14.459926378490753,1.6497288884689678,0.20423184422733476,2.8742485123571604
CC(COc1ccccc1)N(CCCl)Cc1ccccc1,0,5.941251264101192,5.941251264101192,0.30940948601662877,0.30940948601662877,0.0,0.0,0.0,0.0,18.52872623863122,18.839024645109056,5.563451491696996,0.0,36.39820241076966,36.08911520438754,16.337802844032566,5.848035241874529,5.941251264101192,2.352453703703704,0.0,1.3001646090534982,1.539420797640044,20.70438150443832,0.0,4.592070656966491,0.0
Cc1cc2c(F)c(Oc3ncnn4cc(OCC(C)O)c(C)c34)ccc2[nH]1,1,14.835912745263393,14.835912745263393,0.07791553812883212,-0.5973635160814306,11.921187228794196,9.496942442515525,0.0,18.236382134232194,22.16913748298122,11.257379486545457,6.3273200747645415,35.835079870304156,13.847474399381248,15.066638850195453,9.473725907600098,27.791288153601915,0.0,7.25764365110224,14.032303843234995,2.887720509425506,0.39896942610326613,5.063748217662393,2.4103293326630055,5.491330199540011,0.0
CCC1=C(C)CN(C(=O)NCCc2ccc(S(=O)(=O)NC(=O)NC3CCC(C)CC3)cc2)C1=O,1,12.536173562451278,12.536173562451278,0.006391757985343194,-3.982603680362239,22.085520178083726,22.8014085365444,0.0,16.84450403401724,37.42216663390783,36.819842513470306,17.032643867773697,12.13273413692322,13.847474399381248,22.279409272155373,0.0,27.15199890263282,0.0,37.97781356094522,5.487129871765989,2.4110978377044106,0.385324026724841,4.993254920807383,4.798718443116101,6.527266116665473,-3.982603680362239
CCNC1CN(CCCOC)S(=O)(=O)c2sc(S(N)(=O)=O)cc21,0,12.720638699924415,12.720638699924415,0.051983182161754016,-3.936052300907099,20.046582306815168,16.835593968657875,0.0,21.004955590104696,43.017453768895805,0.0,10.371583059757842,7.109797541277533,6.923737199690624,5.316788604006331,9.87583669140799,54.814017648917535,0.7079409695977155,0.0,8.344205297668502,0.475802337910473,0.0,1.1111137093726373,0.5667938633786848,3.576421734588897,-6.0962955614344505
Nc1ccc2cc3ccc(N)cc3nc2c1,1,5.733149880322499,5.733149880322499,0.7252343159486018,0.7252343159486018,0.0,0.0,0.0,0.0,0.0,33.180622413529235,0.0,0.0,36.39820241076966,11.050345589408817,11.46733495432437,0.0,0.0,4.539351851851851,2.178650793650794,14.718805429579241,0.0,13.563191924918115,0.0,0.0,0.0
O=C(Nc1c[nH]nc1-c1nc2cc(CN3CCOCC3)ccc2[nH]1)NC1CC1,1,12.042295633412849,12.042295633412849,0.213834735516248,-0.213834735516248,0.0,4.794537184071822,0.0,6.031114512338072,23.24755959667991,56.7230778278481,5.563451491696996,6.196843571613076,6.06636706846161,42.84756321333565,9.720841474747257,5.4121803917238935,0.0,22.417553874749352,12.827925903411565,4.243991493648781,0.6263837448559675,6.345770955223368,3.752878094079412,4.373315542307662,0.0
CN1CCCC(n2nc(Cc3ccc(Cl)cc3)c3ccccc3c2=O)CC1,0,13.140206526978712,13.140206526978712,0.027786281179138506,0.027786281179138506,0.0,4.794537184071822,0.0,11.601107724199966,6.4208216229260096,59.404438909819554,0.0,4.681802935145184,48.53093654769288,11.947581713527667,16.699621698533555,1.7566915294924552,6.019456199923787,15.474239504851358,7.2895337553505195,2.1185045561434457,0.0,15.830808873871796,3.733452201358045,2.0779710104774276,2.1437868129756104
Cc1ccc(NC(=O)c2ccc(CN3CCN(C)CC3)cc2)cc1Nc1nccc(-c2cccnc2)n1,0,12.929507254117228,12.929507254117228,0.14280062490789214,-0.14280062490789214,0.0,4.794537184071822,0.0,5.907179729351506,17.19917704736705,55.231999282488886,5.563451491696996,18.59053071483923,67.58740788430673,42.43300421523243,0.0,0.0,0.0,30.86465699844102,6.293713638195605,6.081945305101588,0.3330038239571089,19.314837924044234,5.216715025503322,7.235456885744247,2.1596703990128807
OB1OCc2cc(F)ccc21,0,12.551834845049129,12.551834845049129,0.2903240740740738,-0.8698148148148153,7.118392334224363,4.39041504767482,0.0,5.817220841045894,12.06968522492775,5.563451491696996,12.13273413692322,6.06636706846161,0.0,0.0,9.67838070909135,17.41896447467876,0.0,0.0,9.127563303099016,1.4063888888888894,-0.2903240740740738,4.240694444444443,0.0,0.2998611111111109,-0.8698148148148153
Cc1cc(C)c(CNC(=O)c2cc(-c3ccc(CN4CCOCC4)cc3)cc3c2cnn3C2CCCC2)c(=O)[nH]1,0,13.634978773218101,13.634978773218101,0.16396335098415937,-0.2072828576602581,0.0,9.589074368143644,0.0,18.01120303031609,17.16874381254195,78.97688379463608,18.405094737549014,0.0,32.17705210791755,50.21431513325726,9.835544762101087,7.595346664426215,0.0,31.419970531205706,8.604820524265975,6.956573948738779,-0.2072828576602581,15.049361888317858,6.436932013672841,8.310943953699548,0.0
Nc1nc(=O)c2[nH]nnc2[nH]1,0,10.938287037037037,10.938287037037037,0.038333333333333774,-0.4571759259259258,5.559266895052007,4.794537184071822,0.0,11.465039998602755,5.647177220767728,0.0,0.0,0.0,0.0,25.37870575415136,5.733667477162185,0.0,0.0,16.939999999999998,9.352824074074075,5.3355092592592595,0.038333333333333774,0.0,0.0,0.0,0.0
CN1CCCC1c1cccnc1,0,4.137037037037037,4.137037037037037,0.6099074074074073,0.6099074074074073,0.0,0.0,0.0,0.0,6.041840829147961,0.0,24.94985114346159,0.0,18.460054211687762,22.997927302936485,0.0,0.0,0.0,6.536851851851852,0.0,1.3587962962962965,0.0,4.791435185185184,6.405944822373394,1.2217866591080877,2.185185185185185
CC(=O)NS(=O)(=O)c1ccc(N)cc1,0,11.381131897203325,11.381131897203325,0.015648148148148744,-3.731388888888888,15.930470882759089,13.212334168400758,0.0,4.895483475517775,5.687386274683562,6.923737199690624,24.26546827384644,0.0,4.722094864452088,0.0,5.733667477162185,24.60961451247165,0.0,10.600308484504914,0.0,5.853641660367852,-0.6233101851851843,5.57402021919879,0.0,1.133780864197531,-3.731388888888888
C=C[C@@H]1C[N@@]2CC[C@H]1C[C@@H]2[C@H](O)c1ccnc2ccc(OC)cc12,0,11.151855158730157,11.151855158730157,0.17754724111866937,-0.503544973544974,6.103966387748303,5.106527394840706,0.0,6.041840829147961,11.835812092322787,41.72622269181311,6.4208216229260096,13.30664111289061,24.26546827384644,22.538844042230064,4.736862953800049,5.3495717015634945,0.0,6.858526575753758,12.13080666834635,1.8461944391954317,2.0068593648815507,7.95765726390546,5.620374760237224,6.068442171961847,1.661567054154883
CC(C)(C)c1ccc(C(=O)CCCN2CCC(OC(c3ccccc3)c3ccccc3)CC2)cc1,0,12.651604142538769,12.651604142538769,0.03125634756601037,-0.03125634756601037,0.0,4.794537184071822,0.0,23.406168191258324,6.4208216229260096,44.46018557821275,16.690354475090988,0.0,12.13273413692322,98.4675261514617,4.736862953800049,6.665061918626549,0.0,15.133630366608644,0.0,4.614654145632662,0.24744675792371118,29.201183657867926,3.7820617057760986,9.605961447564418,0.0
CCOc1cc2ncc(C#N)c(Nc3ccc(OCc4ccccn4)c(Cl)c3)c2cc1NC(=O)C=CCN(C)C,1,12.612779341218683,12.612779341218683,0.2796656326088989,-0.2970995141520951,0.0,10.056428738810308,0.0,12.514061693864424,63.20183059856336,5.693927994848461,12.272863678446956,42.60469902075501,44.118092101280304,26.670755562699348,21.074665797832616,11.605104963930874,6.516716135448838,23.256969327959652,17.045027003724144,3.325840110473999,0.68587116466966,16.55624304460391,6.4433037103452016,3.1699974407761733,3.8393715425119983
COc1nc(C)nc(Cl)c1NC1=NCCN1,0,6.015480284706475,6.015480284706475,0.320138888888889,0.320138888888889,0.0,0.0,0.0,0.0,28.504443494755485,13.08951281182515,7.109797541277533,6.923737199690624,0.0,25.593938982542742,16.337802844032566,5.136447467876039,6.015480284706475,12.379335002519525,6.400316594230285,0.5304783950617287,1.6345119992441428,0.0,0.0,3.312985402494331,1.5348892983119171
CC(=O)NC(C=O)C(O)C(O)[C@H](O)CO,0,10.60487000818846,10.60487000818846,0.23549697656840518,-1.7110648148148153,36.86780168625729,19.802129157825057,0.0,6.2861605231295545,0.0,6.923737199690624,0.0,0.0,0.0,5.316788604006331,10.213054789681411,0.0,0.0,21.07226843978332,38.151092687074836,0.0,-0.5584830876795162,-1.3206481481481485,-4.721162131519275,0.37693224048878804,0.0
O=C(NCC1CN(c2ccc(N3CCOCC3=O)cc2)C(=O)O1)c1ccc(Cl)s1,0,12.236344290930331,12.236344290930331,0.07468235589775918,-0.4735037687914667,12.197206458686718,14.383611552215466,0.0,24.965997829128504,34.59725726046857,5.687386274683562,16.23669560878521,41.29811214162014,0.0,5.316788604006331,21.074665797832616,11.026903436295207,7.029988608909025,39.94625965068371,2.756728424003302,1.422555410017046,-0.344123914944344,10.437989817724882,-0.9296317917024985,1.5977748034581243,0.0
CCCN1CCCCC1C(=O)Nc1c(C)cccc1C,0,12.604405706727135,12.604405706727135,0.044172335600906276,0.044172335600906276,0.0,4.794537184071822,0.0,11.949020558499466,0.0,49.166266938680735,6.4208216229260096,0.0,32.046575604766076,17.140435534547432,0.0,0.0,0.0,14.944127928949356,3.1559911186696903,3.2564109872344007,0.16254629629629624,6.174042501259763,4.4604783163265305,8.346402851263962,0.0
CON=C(C(=O)NC1C(=O)N2C(C(=O)OC(C)OC(C)=O)=C(COC(N)=O)CS[C@H]12)c1ccco1,0,13.004123808474006,13.004123808474006,0.12387413800032476,-1.2436794719458242,47.551950476997035,23.97268592035911,0.0,35.10181183602995,0.0,11.823646930541102,38.12494975445994,6.06636706846161,0.0,10.47250133075687,29.198995859352312,19.89799926342502,1.2125023095658016,66.67245600363151,5.527673053439717,4.886413668498564,-2.7541080054982814,2.0288358186247972,-0.9756140240057891,2.0885390594351767,1.2486361862168176
COc1cc(OC)c(C=CS(=O)(=O)Cc2ccc(OC)c(NCC(=O)O)c2)c(OC)c1,0,12.688609273956496,12.688609273956496,0.2956038202317963,-3.6739085333207373,15.80655842436935,13.212334168400758,0.0,12.297610012659364,39.812336591213175,5.408052090654662,34.515210271944014,30.33183534230805,0.0,5.316788604006331,24.0539792100409,46.39657249148402,0.0,10.814110708737715,12.63822303723757,1.3055481066875931,0.36076822053248536,7.970311731600581,1.4023338212312777,-0.3298363517464209,2.1919682342351763
OCC1OC(c2ccc(F)c(Cc3cc4ccccc4s3)c2)C(O)C(O)C1O,0,14.42863735617704,14.42863735617704,0.3696326478122105,-1.4657423983010205,37.126713903254426,24.816524627037644,0.0,5.817220841045894,17.547724606320003,14.963291324635193,12.13273413692322,17.403152946396347,30.33183534230805,0.0,4.736862953800049,21.136252251219332,1.5940806030222514,1.0056043188880492,40.70985306767798,0.9263217015201148,-0.3696326478122105,14.365820785739167,-5.865604704702968,-0.5026953755517196,0.0
Cc1ccsc1C(=CCCN1CCCC(C(=O)O)C1)c1sccc1C,0,11.231896867996255,11.231896867996255,0.1978881120349376,-0.6487483133749359,5.9693052879518484,9.901064578912528,0.0,5.917906046161393,6.544756405912575,32.351977680603184,26.454301900865858,22.67357175586947,0.0,47.71626391492066,0.0,0.0,3.603947882591461,16.244956255331438,13.557481948600277,3.9932606403570516,-0.8466364254098735,4.358873625973193,5.106850156333832,6.981265916222625,0.0
O=C(O)c1ccc2c(c1)nc(Nc1cccc(Cl)c1)c1ccncc12,1,11.25122566995628,11.25122566995628,0.19161653859074534,-0.9867277847012697,5.9693052879518484,9.901064578912528,0.0,5.563451491696996,16.357196809192615,21.84605891807795,0.0,42.7255224855342,18.19910120538483,15.284745645900745,11.600939890232516,0.0,6.044312229321548,20.067109288835933,15.738509153657214,1.5775234630889403,-0.36663015305601876,14.098347233963814,3.4519398952996836,0.0,0.0
Cc1cnc(Nc2ccc(OCCN3CCCC3)cc2)nc1Nc1cccc(S(=O)(=O)NC(C)(C)C)c1,1,12.733378577153552,12.733378577153552,0.180760311197234,-3.653506137728121,15.56221640579093,8.417796984328938,0.0,4.895483475517775,24.060470298018004,23.54510600557704,25.93115605767717,30.462311845459514,51.960417072608934,30.223538845209642,4.736862953800049,34.01944534231696,0.0,11.584871181976384,6.436612114515079,1.6950711800270506,1.8327623844883156,14.366891761269668,4.27684921588563,11.274336290582367,-3.653506137728121
CCC(CC)OC1C=C(C(=O)O)CC(N)C1NC(C)=O,0,11.284111709498614,11.284111709498614,0.021160241874527363,-0.9862296863189719,24.156953333996075,9.589074368143644,0.0,24.005072270095084,0.0,12.841643245852019,6.923737199690624,6.076020106833881,13.847474399381248,5.316788604006331,15.577057825802939,5.91962962962963,0.0,22.416571554547744,11.891880511463846,6.251029856386999,-1.1845890022675734,-0.8559608843537421,2.968546390778533,5.426225277147896,0.0
Cc1nc(-c2cn3c(n2)-c2ccc(-c4cnn(C(C)(C)C(N)=O)c4)cc2OCC3)n(C(C)C)n1,0,11.800169337448514,11.800169337448514,0.17716843484112643,-0.9201534150817507,11.446104981734852,4.794537184071822,0.0,6.041840829147961,13.151638370425493,45.60700779722313,0.0,24.72612090613951,42.198328483446794,33.59591618472189,15.454508951909443,11.672571742715332,0.0,21.34475752893748,8.882215891038683,8.112298076956186,2.613797174459359,6.1751028956624925,5.562041452720288,10.720548570843516,0.0
CCN(C(=O)c1c(O)c2c(Cl)cccc2n(C)c1=O)c1ccccc1,0,13.034732142857143,13.034732142857143,0.2800088708322839,-0.5632890841521785,11.466446624403513,14.69560176298435,0.0,16.335596638722226,23.135067612677194,0.0,9.467009378641832,56.43597866159908,6.06636706846161,0.0,11.600939890232516,1.3263888888888888,6.193472462765843,27.198691263542457,11.222559366339128,0.2689528218694899,-0.9474992126480211,13.971097424345382,0.0,2.1591758611880962,1.551605568153187
Cc1ncc(C[n+]2csc(CCO)c2C)c(N)n1,0,8.975182843084177,8.975182843084177,0.17771332163107045,0.17771332163107045,0.0,0.0,0.0,6.606881964512918,24.60784530467354,11.257379486545457,4.877147193701299,17.53362944954781,19.358013672998627,14.53505668968577,10.84019487200289,2.1111574074074073,1.650330189174435,9.52538165574872,8.975182843084177,10.004728284832453,1.2162669343576633,0.0,2.4691166435710086,4.714502708490803,0.0
CCCC(=O)OCOC(=O)C1=C(C)N=C(C)C(C(=O)OC)C1c1cccc(Cl)c1Cl,0,12.92215663580247,12.92215663580247,0.11732145481649425,-0.9029089133102486,36.53667026227816,14.383611552215466,0.0,22.03919278047793,23.39299743044954,0.0,7.109797541277533,32.046575604766076,6.923737199690624,4.992404732635668,37.41246864186518,14.995608662812025,12.592184274535429,41.36882566709323,0.4833862433451741,1.40249748980043,-3.566949010218309,4.949497690756085,0.8284782760729729,4.58277412457258,1.2525854701192674
Nc1cc(C(Cl)=C(Cl)Cl)c(S(N)(=O)=O)cc1S(N)(=O)=O,1,11.505146762408668,11.505146762408668,0.2369753086419748,-4.323001543209877,34.32901743200864,16.835593968657875,0.0,16.283124118494154,6.06636706846161,6.06636706846161,0.0,0.0,0.0,0.0,50.81443462307561,45.1910743505221,16.67152008797346,-1.2361466994205084,9.54488170473951,4.927545194003528,0.0,1.639891975308642,0.0,0.0,-8.572099946460066
CC1(C)O[C@@H]2C[C@H]3[C@@H]4CC=C5CC(=O)CC[C@]5(C)[C@@]4(F)[C@@H](O)C[C@]3(C)[C@]2(C(=O)CCl)O1,0,17.207657964677644,17.207657964677644,0.09727379377677003,-1.8598043036659107,46.01274154275151,14.69560176298435,4.39041504767482,36.20604262971363,25.683286491704038,5.5731045300692665,0.0,13.847474399381248,19.92349450621513,0.0,21.074665797832616,29.734246602811197,6.044689904610314,25.351724793954148,11.43712868480726,-4.0144348824920915,-1.9846850134426797,0.0,2.2515376432835987,7.374236710912709,0.0
CCCCCCCCCCCCCCCC[n+]1ccccc1,0,2.2921732667224934,2.2921732667224934,1.1794357638888888,1.1794357638888888,0.0,0.0,0.0,0.0,0.0,0.0,96.43625912687675,0.0,0.0,42.08362519609297,0.0,2.2921732667224934,0.0,0.0,0.0,0.0,0.0,6.314808116100375,24.421409586565744,3.4716090306113823,0.0
C#CC1(O)CCC2C3CC=C4CC(=O)CCC4C3CCC21CC,0,11.785860145596345,11.785860145596345,0.07068826373141834,-0.8988999380616445,5.601050810983688,9.901064578912528,0.0,5.414990469396779,35.87569075393652,44.94575136048208,11.993926152995275,0.0,0.0,18.92019162538015,6.423349895620259,0.0,0.0,11.785860145596345,11.106951192896808,0.4579182807382216,5.767454230448684,0.0,16.83585632466179,2.212626492324815,0.0
COc1cc(F)c(C(C)C)cc1-c1ccc(C(F)(F)F)cc1CN1C(=O)OC(c2cc(C(F)(F)F)cc(C(F)(F)F)c2)C1C,0,14.704073841082213,14.704073841082213,0.02177974485323353,-5.155220410714848,71.38372605391154,48.69868766082003,0.0,39.98759091469489,12.13273413692322,29.16537800469692,20.099901809429767,13.847474399381248,0.0,0.0,9.473725907600098,147.08011776355139,0.0,13.839388130666766,0.0,-4.478216073679133,-0.9718671570556152,4.707531557142865,-17.913758320747306,4.092106427147689,1.228031006306689
O=c1ccn(C2OC(CO)C(O)C2O)c(=O)[nH]1,0,11.446426209372637,11.446426209372637,0.4793347663139327,-1.3511555177626609,42.39569259174818,19.802129157825057,0.0,0.0,0.0,16.83031028786604,0.0,0.0,4.983978520947208,0.0,9.843390348640755,6.082136243386243,0.0,24.30908171138826,28.071695300033596,-1.328395192953724,0.0,1.0933862433862434,-3.5819028722600157,-0.4793347663139327,0.0
Clc1ccc(CSC(Cn2ccnc2)c2ccc(Cl)cc2Cl)cc1,0,6.426845745499845,6.426845745499845,0.19411548878810758,0.19411548878810758,0.0,0.0,0.0,5.249938029982174,10.045266627482652,22.883694818097684,5.563451491696996,12.263210640074686,60.68425100653839,9.551078168738563,34.802819670697545,2.0599843054505755,20.246337413349345,4.118381234699777,2.2807031723387254,2.304488238711123,0.870523825270849,13.602373551416962,5.5592630287158915,0.7912785633800845,0.0
COCC1(CO)C(=O)C2CCN1CC2,0,12.048240740740741,12.048240740740741,0.11490740740740746,-0.7262731481481479,5.538925252383345,9.901064578912528,0.0,18.308032957039252,6.606881964512918,25.93115605767717,0.0,7.109797541277533,0.0,4.899909730850477,4.736862953800049,5.0761111111111115,0.0,14.130416666666667,9.422638888888889,-0.7262731481481479,0.3348611111111113,0.0,1.897415910808768,2.037361111111111,1.5774683484504914
CNCC(O)c1ccc(O)c(O)c1,0,9.480601851851851,9.480601851851851,0.18017809901738446,-0.6699074074074078,6.103966387748303,5.106527394840706,0.0,11.49902366656781,12.10820789760957,0.0,12.13273413692322,13.1140390511388,0.0,5.316788604006331,10.213054789681411,0.0,0.0,0.0,30.430309586797684,0.5737500000000004,-0.3953141534391529,4.261851851851852,-0.6699074074074078,0.40695956160241886,1.7256838939279415
Oc1cc(Cl)ccc1Oc1ccc(Cl)cc1Cl,0,9.619554971165421,9.619554971165421,0.05229938271604917,-0.05229938271604917,0.0,5.106527394840706,0.0,11.49902366656781,20.817411774507885,0.0,6.06636706846161,30.33183534230805,0.0,0.0,39.5396826244976,5.450679012345679,17.423957790935305,0.0,10.931204158618183,0.0,0.6350261400856647,9.392466231348507,0.0,0.0,0.0
NCC1CCC(C(=O)O)CC1,0,10.518101379440665,10.518101379440665,0.0992592592592596,-0.638452380952381,5.9693052879518484,4.794537184071822,0.0,5.917906046161393,12.462662452073968,25.683286491704038,0.0,0.0,0.0,0.0,10.84019487200289,0.0,0.0,10.518101379440665,8.665957105064248,5.477364417989419,-0.16308201058201122,0.0,3.6203703703703702,0.7146220710506426,0.0
CC1=C[C@H](O)CC(C)(C)[C@H]1/C=C/C(C)=C/C=C/C(C)=C/C=C/C=C(C)/C=C/C=C(C)/C=C/C1=C(C)C[C@@H](O)CC1(C)C,0,10.10526905648145,10.10526905648145,0.005275973136635859,-0.330739128413871,0.0,10.213054789681411,0.0,23.037913714290163,5.917906046161393,19.26246486877803,39.01173171048487,0.0,6.076020106833881,154.30165349258058,0.0,0.0,0.0,0.0,20.168476832007393,8.731792847209462,0.34806470339891404,0.0,33.797290857526725,21.62104142652417,0.0
COC(=O)C1=C(C)N=C(C)C(C(=O)OCCN(C)Cc2ccccc2)C1c1cccc([N+](=O)[O-])c1,0,13.283858374770173,13.283858374770173,0.13964046805639208,-0.9220059780620746,28.697733717044155,19.703392636909218,0.0,17.867372769265746,30.061688619348683,5.563451491696996,25.30889874666236,19.913841467842857,42.279417055835715,4.992404732635668,9.473725907600098,10.57997901711407,0.0,43.27912471234427,11.369630422785212,2.4951207818096846,-2.940691900273497,15.849858457575895,0.0,4.690680429525335,3.176298079119043
Cc1c(CN2CCN(C(=O)C(C)O)CC2)sc2c(N3CCOCC3)nc(-c3cnc(N)nc3)nc12,0,12.104568825484614,12.104568825484614,0.2015766883189214,-0.9544226820288306,6.103966387748303,9.901064578912528,0.0,11.855519010338,32.12768123885091,59.88516842487725,11.800884393391923,28.630382752011364,0.0,26.691513703285995,20.43848747285665,6.636791960470868,1.7352151832955403,37.78343420307599,9.601158917476477,8.48149974186868,1.507673713172509,0.0,2.3575254120802276,10.063367535226377,0.0
CC(C)=CCCC(C)=CCCC(C)=CCSc1ccccc1C(=O)O,0,11.197415867764533,11.197415867764533,0.38284889384002097,-0.8634022441798692,5.9693052879518484,9.901064578912528,0.0,0.0,5.563451491696996,36.3316235739686,16.7193135902078,23.894619086314336,12.13273413692322,45.92300911926414,0.0,0.0,1.5781421037165637,12.025251611566187,9.195386080318972,4.574760454952069,-0.058447218896110265,7.175508235561152,11.211057966926646,8.631674099187853,0.0
CC(=O)OC1(C(C)=O)CCC2C3=C(C4=C(CC3)CC(=O)CC4)C(c3ccc(N(C)C)cc3)CC21C,0,13.204928901248795,13.204928901248795,0.03941405808063414,-1.0822957477744186,11.016041280380467,14.383611552215466,0.0,23.588362326639576,25.045709815142967,37.79149438931361,34.779606811664685,6.923737199690624,14.09534396535438,36.08911520438754,4.736862953800049,5.993555289591094,0.0,39.83742090728394,0.0,6.452159823385022,0.2641950585139161,8.7476183127572,6.091028366925282,5.201354153687237,4.079334754522969
Cn1cc(-c2cnn3c(N)c(Br)c([C@@H]4CCCNC4)nc23)cn1,0,6.294704349332326,6.294704349332326,0.3630308851935834,0.3630308851935834,0.0,0.0,0.0,0.0,11.735768823996422,52.871883772519766,0.0,15.394044400373883,19.441359125903343,31.444096118557756,10.717645998109393,4.3043187025983745,3.613896053791887,4.901403533635676,12.064533067091238,10.015883986310575,0.9516547514067356,0.0,7.8390389074209414,1.9970626329171604,1.8955416981607458
c1ccc(C2CN3CCSC3=N2)cc1,0,4.725833333333333,4.725833333333333,0.374074074074074,0.374074074074074,0.0,0.0,0.0,0.0,6.041840829147961,6.544756405912575,23.02871327393441,0.0,11.761884949391115,35.23174507315853,4.992404732635668,0.0,1.8873060752078608,7.117037037037036,1.2489380196523057,1.3425925925925928,1.2086736268581508,10.946265904509952,0.0,2.2491867441421016,0.0
Cc1onc(-c2ccccc2Cl)c1C(=O)NC1C(=O)N2C1SC(C)(C)C2C(=O)O,0,12.995622795414462,12.995622795414462,0.19573307718149047,-1.0564710346849038,39.988241671137075,19.490138947056174,0.0,11.257379486545457,16.346332224312764,0.0,16.66179468024159,45.03667987291831,0.0,10.473451861131776,16.124034827205865,4.541556435437658,7.5907254748504585,38.56028248279976,16.16571345056101,1.0263729348169748,-1.695413467882462,5.179594711320866,0.0,5.158945755873516,0.0
Nc1nc(F)nc2c1ncn2C1OC(COP(=O)(O)O)C(O)C1O,1,13.341778387357394,13.341778387357394,0.06630300628481911,-4.775070564306225,45.04755326897369,19.16851812228756,0.0,16.981740716219015,0.0,10.894419722555895,0.0,0.0,0.0,19.47568272455344,20.257353636467187,34.79752816312475,0.0,28.096211731078856,20.017136873267827,5.517813563503575,-0.2169740265379685,0.0,-5.4615646428771,-0.6695255416981607,-4.775070564306225
COC(=O)CCc1ccc(OCC(O)CNC(C)C)cc1,0,11.05827335979101,11.05827335979101,0.21194319656978533,-0.5357398299718827,6.103966387748303,9.901064578912528,0.0,12.576187252464766,31.17775231419646,5.563451491696996,7.109797541277533,0.0,38.11294267322769,10.05365155780638,4.736862953800049,10.123150939792005,0.0,11.05827335979101,12.897223210240055,1.0507156615196842,0.49677439077379426,7.853786918741339,0.4822921519687253,4.816824766788519,1.3876252670515352
CN(C)CCOc1ccc(C(=C(CCCl)c2ccccc2)c2ccccc2)cc1,1,6.214964471960092,6.214964471960092,0.5756858888635448,0.5756858888635448,0.0,0.0,0.0,0.0,12.486885409483257,18.71508986212249,27.83656353522952,0.0,26.2280781022776,77.69631455238981,16.337802844032566,5.8710499286568005,6.214964471960092,2.1139966080676067,0.0,6.043106879191837,1.4660712276698495,29.43598085850113,0.8024629437021213,1.5694828769199192,4.093995316441759
CC1=C2CC(=O)C=CC2(C)C2C(O)CC3(C)C(CCC3(O)C(=O)CO)C2C1,0,12.414522159446628,12.414522159446628,0.02295965608465611,-1.5738713571848488,29.51013457900663,24.90865655266576,0.0,28.951953554245897,25.683286491704038,11.993926152995275,5.5731045300692665,6.076020106833881,12.999757306524504,13.847474399381248,0.0,0.0,0.0,24.410890563642518,31.866753013461064,-0.3290137497900383,-0.19693864721304277,0.0,5.558286331673777,5.440022488225726,0.0
COC(=O)C1C(O)CCC2CN3CCc4c([nH]c5ccccc45)C3CC21,0,12.37501560735507,12.37501560735507,0.19890022675736918,-0.5684953441253044,6.103966387748303,9.901064578912528,0.0,17.805117380274638,18.380568498235363,32.351977680603184,29.270101959904046,0.0,0.0,34.14935652564412,4.736862953800049,5.042281761865546,0.0,18.622895740889966,11.823777083389727,3.9588197331401704,0.05414370223397891,8.830938960396933,3.136651500488983,2.095765463592844,1.4347260540018474
FC(F)(F)Oc1ccc(-c2ccc3nnc(C(F)(F)F)n3c2)cc1,0,12.849376874027849,12.849376874027849,0.0028702788379917354,-4.814963743417478,24.112573707757686,26.34249028604892,0.0,5.647177220767728,11.126902983393991,22.73027231479809,24.26546827384644,0.0,0.0,14.934226570402124,0.0,79.40370837467475,0.0,0.0,6.521003231743672,0.7663958835243116,-1.6074249781536931,7.57828054138322,-8.328629719838911,0.0,0.0
CCC(C)SSc1ncc[nH]1,0,4.109065570672714,4.109065570672714,0.6991666666666666,0.6991666666666666,0.0,0.0,0.0,0.0,5.249938029982174,5.156436481820707,6.4208216229260096,16.990741547999797,16.990741547999797,23.815431441275663,0.0,0.0,0.0,7.1566770597127745,1.6948148148148148,0.0,0.0,0.0,4.83074074074074,4.417628495842782,3.5668055555555553
COc1cccc(-c2cc(F)ccc2C2Cc3nc(N)nc(C)c3C(=O)N2)n1,1,14.020456270904955,14.020456270904955,0.12360370002505694,-0.40527683295540484,11.859061670193855,9.184952231746642,0.0,11.855519010338,40.50949692730075,5.563451491696996,19.242531678200752,31.189205473537065,0.0,20.268724166847953,10.470530430962235,19.196836503693916,0.0,25.384834049317828,2.9661400069286974,9.163329805895854,-0.13304232413810224,9.268294227534396,0.41392282375913325,1.7224887692807966,1.5171961377274814
CN(C)CC=CC(=O)Nc1cc2c(Nc3ccc(F)c(Cl)c3)ncnc2cc1OC1CCOC1,1,13.552448205745229,13.552448205745229,0.00435724810898197,-0.5094766232811871,5.817220841045894,9.184952231746642,0.0,17.033779430841136,53.60359242750552,6.4208216229260096,24.536074318521642,24.27512131221871,18.995253696204855,20.601534249907075,21.074665797832616,25.101191228374642,5.912266875526566,23.204317451026554,6.673180824588723,1.654351500895594,0.17043691158996088,7.8233158623723735,5.318233571185272,1.7458293286319773,3.8413208902527805
COc1cc(C(C)=O)ccc1O,0,10.887634164777023,10.887634164777023,0.04398148148148162,-0.04787037037037023,0.0,9.901064578912528,0.0,11.532756779648844,11.3129633249809,0.0,26.166268877891376,6.06636706846161,0.0,0.0,4.736862953800049,4.833564814814815,0.0,10.887634164777023,9.18043745275888,0.5320833333333335,0.318055555555556,4.507361111111111,0.0,1.464108087679516,1.4434221466364323
Oc1ccc(C=Cc2cc(O)cc(O)c2)cc1,0,9.300534139581758,9.300534139581758,0.023477891156463038,0.023477891156463038,0.0,10.213054789681411,0.0,17.248535499851716,5.563451491696996,5.563451491696996,6.06636706846161,42.47422251760354,6.076020106833881,0.0,5.106527394840706,0.0,0.0,0.0,27.725565882229844,1.6261181972789118,0.26653911564626,11.118409457906212,3.596700680272109,0.0,0.0
Cc1cc(C(N)=O)ccc1-n1c(CCC(=O)O)ccc1-c1ccc(-n2ccnc2)cc1,0,11.556848210260076,11.556848210260076,0.02920406935603559,-0.8474228462185638,11.876485017303354,9.589074368143644,0.0,6.4208216229260096,11.984273114623004,33.889531522458036,0.0,24.656897783300842,60.15224989832632,9.551078168738563,10.84019487200289,3.9752858786153267,0.0,26.800648634014923,9.16509388978087,11.411755008467257,-1.3302276489048386,17.29827128956368,5.767793455307505,1.9113794931552868,0.0
O=C(Nc1cc(C(F)(F)F)cc(C(F)(F)F)c1)c1cc(Cl)ccc1O,1,12.775972911100975,12.775972911100975,0.04441924918115436,-5.042726626144286,46.38702934729691,36.243554864961446,0.0,11.089000382202936,12.13273413692322,12.13273413692322,6.06636706846161,0.0,5.316788604006331,0.0,11.600939890232516,76.65583746660586,5.645384203761427,12.01684271856891,11.509706160241874,-4.2862241048682845,-1.6552131361803974,3.9768977219369526,-10.08545325228857,0.0,0.0
CC(C)c1cc(-c2n[nH]c(=O)n2-c2ccc3c(ccn3C)c2)c(O)cc1O,1,12.460795697908793,12.460795697908793,0.015173884623740586,-0.40383975812547246,5.689743398203474,15.007591973753234,0.0,23.24133421072913,16.814289258077554,10.902924932081056,10.633466716252965,6.06636706846161,55.9245578753093,10.197363616602075,0.0,3.4181834967815306,0.0,12.460795697908793,28.02663595088871,2.3311227999260113,0.20661182141972234,10.597044924438503,1.9525939276205329,3.882623996874538,1.9577207174749909
Cc1cn[nH]c1,0,3.6967592592592595,3.6967592592592595,1.175925925925926,1.175925925925926,0.0,0.0,0.0,0.0,0.0,0.0,5.563451491696996,6.196843571613076,13.1205807713037,10.197363616602075,0.0,0.0,0.0,0.0,6.376157407407407,1.175925925925926,0.0,0.0,3.625,1.9895833333333333,0.0
CC(C)CC(NC(=O)C(CCc1ccccc1)NC(=O)CN1CCOCC1)C(=O)NC(Cc1ccccc1)C(=O)NC(CC(C)C)C(=O)C1(C)CO1,1,14.074192129149878,14.074192129149878,0.017092153577543012,-1.0287436414426099,47.489953315630046,23.97268592035911,0.0,36.49181479687782,58.59344519706793,11.126902983393991,0.0,6.923737199690624,93.25852921422907,21.267154416025324,9.473725907600098,10.808099633643115,0.0,70.45453495938908,11.652602545303887,0.914635123877356,-1.8329012694472355,15.319566111652636,1.7611739880040786,12.338955574243746,0.0
Cc1cc(C=CC#N)cc(C)c1Nc1ccnc(Nc2ccc(C#N)cc2)n1,0,8.877914490876302,8.877914490876302,0.4570254046164943,0.4570254046164943,0.0,0.0,0.0,0.0,17.32965355051852,28.06512702445811,6.076020106833881,30.471964883831788,44.18216398601996,26.670755562699348,10.523783109476973,0.0,0.0,8.749376897517369,24.0444031555942,5.457165493736384,1.1215272207750564,17.01322724189288,4.927499263710095,4.020134060107351,0.0
CCCNCC(O)COc1ccccc1C(=O)CCc1ccccc1,0,12.539545862536935,12.539545862536935,0.05375077976042997,-0.5981232194566433,6.103966387748303,9.901064578912528,0.0,12.390126910877857,30.699362976745494,18.52902952053558,0.0,12.13273413692322,42.46456947923127,12.240525803696954,4.736862953800049,5.691969718442933,0.0,12.539545862536935,13.096239347288298,1.7211284619399427,0.5908833750825098,17.203050562217427,1.5634768298301374,3.5937058426618167,0.0
C[C@]12CCC(=O)C=C1C=CC1[C@@H]2CC[C@@]2(C)[C@H]1CC[C@@]21CCC(=O)O1,1,11.897731287571656,11.897731287571656,0.005702803497942721,-0.20127781976988324,0.0,9.589074368143644,0.0,28.183581984094033,30.595361384336197,25.683286491704038,18.414747775921285,0.0,6.076020106833881,25.99951461304901,4.736862953800049,5.9887778319163605,0.0,23.793370664879053,0.0,1.3240462411816578,2.082806349327814,0.0,14.282400372970583,4.778598539724532,0.0
CN1C2CCCC1CC(NC(=O)c1nn(C)c3ccccc13)C2,1,12.74087466931217,12.74087466931217,0.0329383975812545,-0.0329383975812545,0.0,4.794537184071822,0.0,11.949020558499466,17.77760965314438,23.744568177933076,19.26246486877803,4.681802935145184,31.313140256523628,22.363052125835036,0.0,1.7853464348702444,0.0,15.257066615226337,8.616013689426389,1.546374480347695,-0.0329383975812545,9.41754565947387,5.954371596817484,0.0,4.122886588085903
CC1(C)CC(=O)c2c(C(F)(F)F)nn(-c3ccc(C(N)=O)c(NC4CCC(O)CC4)c3)c2C1,1,13.738660369800133,13.738660369800133,0.0096461479909975,-4.7741527929388,28.97564165740516,27.86684690600881,0.0,41.808281440990726,37.05805904107116,4.681802935145184,12.13273413692322,6.06636706846161,13.847474399381248,10.415470412307368,5.733667477162185,42.380211656557535,0.0,24.651630179782376,16.81696749452237,4.552141848400034,-1.2478028503750007,4.4666885550516495,-2.2847428278601987,3.664905943921234,0.0
COc1ccc(-c2coc3cc(O)ccc3c2=O)cc1,0,12.421778706853111,12.421778706853111,0.06745136550692132,-0.12831774376417204,0.0,9.901064578912528,0.0,11.178302225184446,16.532695847804035,11.3129633249809,18.395897132562276,37.441632883585584,0.0,0.0,9.154013890853395,10.513528362804156,0.0,12.421778706853111,9.830063820467824,1.4759688628537846,0.7932377002173181,11.63428702653901,1.4086470143613,0.0,1.5891551725701603
NC(=O)c1cn(Cc2c(F)cccc2F)nn1,0,13.308321837994457,13.308321837994457,0.05393754724111832,-0.7451337448559674,17.541621411443295,13.575367279421462,0.0,17.802135892458033,0.0,16.814537072068404,12.263210640074686,0.0,0.0,10.312066903955905,5.733667477162185,27.757106638951875,0.0,10.758812673217435,7.0121660052910055,4.778438051146384,-2.1041615226337447,3.5545825984714874,1.2303703703703703,-0.1539814814814815,0.0
CN1C(=O)CCS(=O)(=O)C1c1ccc(Cl)cc1,0,11.996250944822375,11.996250944822375,0.058455434128384054,-3.3095445956160234,15.211125949386242,13.212334168400758,0.0,18.080854959024304,10.586084805438322,0.0,11.947581713527667,24.26546827384644,0.0,0.0,11.600939890232516,23.99250188964475,5.756733862783796,12.847774138461968,-0.35004291068279136,0.5740277777777782,-0.24676941609977332,6.525755542957924,0.058455434128384054,0.0,-1.7973252078609214
CCCc1nn(C)c2c(=O)[nH]c(-c3cc(S(=O)(=O)N4CCN(C)CC4)ccc3OCC)nc12,0,13.329457661763307,13.329457661763307,0.14650035168388387,-3.6980905452171675,10.023291153407584,13.212334168400758,0.0,16.27915486856971,61.553093971302644,12.114749617774471,8.987018926441417,25.24677318806202,20.89514638205844,14.982570060098723,9.720841474747257,35.442187232994414,0.0,22.66037344908063,4.454356276546136,1.7456064624421626,0.7175832231040571,4.714448223733938,1.543898142707389,6.479860064113433,-0.008313074722150704
CC(Oc1ccc(S(C)(=O)=O)cc1C(=O)N1CCN(c2ncc(C(F)(F)F)cc2F)CC1)C(F)(F)F,0,14.26247607399733,14.26247607399733,0.053634928508440316,-4.77640586994885,56.89463194612806,43.94523950212451,0.0,36.89237187700311,12.263210640074686,31.378607588586856,9.799819461700954,0.0,0.0,4.983978520947208,4.736862953800049,120.26014692234551,0.0,18.859584643572912,0.0,-1.6756969951121636,-2.8611510655552714,3.2010646302612678,-10.473961098224848,0.42030312684403537,-3.813623497464777
CC1(C)SC2C(NC(=O)C(C(=O)O)c3ccsc3)C(=O)N2C1C(=O)O,1,12.413533320735702,12.413533320735702,0.34856104864785475,-1.4002000398925,51.875453005250314,29.3912035259687,0.0,0.0,5.563451491696996,0.0,27.99858055817633,30.67396700877469,0.0,5.316788604006331,0.0,-0.7031795634920632,2.562334639166349,48.92110652906964,23.921134487222602,0.34856104864785475,-5.079346666716119,-0.3443112719911974,0.0,3.457034131426267,0.0
COc1cc2c(Nc3ccc(Br)cc3F)ncnc2cc1OCC1CCN(C)CC1,0,14.263532113112287,14.263532113112287,0.3331109753331629,-0.37390503086477245,0.0,4.39041504767482,0.0,5.817220841045894,45.51848096320938,31.317380272141968,12.393687143226153,19.242531678200752,12.13273413692322,43.16227125737776,9.473725907600098,26.605880321347147,3.2683829938629314,11.001989343199341,3.778348685131746,1.0314418416302993,1.9167947935602159,8.515483838571273,3.705786010546806,2.838797969860111,3.7537608689568
C[n+]1cc2c3c(ccc2c2ccc4cc5c(cc4c21)OCO5)OCO3,1,5.691541733212007,5.691541733212007,0.27519257631631366,0.27519257631631366,0.0,0.0,0.0,13.585884612199655,0.0,50.05964490861106,5.386224214464796,0.0,12.13273413692322,42.077083475928056,18.947451815200196,24.43712077593255,0.0,0.0,5.655495979255901,1.1547826908541197,3.223366168730527,12.477929684219369,2.106352513227513,0.5550726526326275,2.056546201814059
CN(Cc1cnc2nc(N)nc(N)c2n1)c1ccc(C(=O)NC(CCC(=O)O)C(=O)O)cc1,0,12.370387140153797,12.370387140153797,0.013755321471853765,-1.29984144003521,23.88763113440316,19.490138947056174,0.0,30.171296796370537,23.402562339145028,5.687386274683562,12.13273413692322,18.329577708536295,11.947581713527667,25.25270268779516,16.573862349165076,0.0,0.0,52.69354289457169,20.249152627912856,13.655717453172574,-2.9079754048014954,5.160359524785862,0.963954897116627,0.3696192219035348,1.8156287853383466
CC(=O)Nc1cc([As](=O)(O)O)ccc1O,0,10.943047996976567,10.943047996976567,0.00950810185185147,-4.984059193121693,20.079775971171973,13.640553715478333,0.0,15.788089543804027,0.0,18.19910120538483,6.923737199690624,0.0,0.0,5.316788604006331,8.191349364391007,28.575636337868477,-4.984059193121693,10.71503873771731,11.551652021919878,-0.00950810185185147,-0.6681911375661369,3.3178492299697657,0.0,1.2307487717309147,0.0
CC(C)=CCCC(C)(OC1OC(CO)C(O)C(O)C1O)C1CCC2(C)C1C(O)CC1C3(C)CCC(OC4OC(CO)C(O)C(O)C4OC4OC(CO)C(O)C(O)C4O)C(C)(C)C3CCC12C,0,12.657917663243442,12.657917663243442,0.09054651640716549,-1.7913102516842787,135.1622967904011,61.278328738088454,0.0,39.916595592835904,25.683286491704038,37.67721264469931,0.0,0.0,20.771211599071872,40.694706105287,28.421177722800294,37.193199107253186,0.0,0.0,128.8762955580455,-1.119412245231733,-0.1508660637256709,0.0,-15.390662324078225,15.50811263440361,0.0
CCOc1ccc(Cc2cc(C3OC(CO)C(O)C(O)C3O)ccc2Cl)cc1,1,10.342070780504015,10.342070780504015,0.4642130551032644,-1.4156129173127459,37.126713903254426,20.426109579362823,0.0,0.0,23.61378839287725,16.876414816677897,0.0,12.13273413692322,37.255572541998674,0.0,21.074665797832616,11.084159948175355,6.352828295119359,0.0,40.26837230904193,2.485026814865831,0.7985334936227797,12.941069411171775,-5.386944279700368,2.0680651188144505,0.0
OCC1OC(OC2(CCl)OC(CCl)C(O)C2O)C(O)C(O)C1Cl,1,10.149170034783461,10.149170034783461,0.12505256886705274,-1.8977670697908797,66.5649094860846,25.532636974203527,0.0,5.880003444970339,0.0,0.0,0.0,0.0,0.0,0.0,49.0134085320977,16.134978505291006,17.317023267848782,0.0,48.145624246918445,0.0,-2.430174765894012,0.0,-9.391679806696342,-0.5257714474678759,0.0
Cc1nc(C(=O)NCC(=O)O)c(O)c2ccc(Oc3ccccc3)cc12,0,12.052346010186085,12.052346010186085,0.21483542478311612,-1.1823579201402759,18.42124142321593,14.69560176298435,0.0,11.443439828132366,27.965400090345863,0.0,0.0,25.122838405075452,30.33183534230805,10.300767124953538,9.843390348640755,5.769975856925262,0.0,26.74399820877855,22.272572559960558,0.2960781659618241,-1.0002343410809238,14.275806215092432,0.0,1.1418033343623029,0.0
CC(=O)N1CCN(CCOc2ccc(C3CCN(C4=Nn5c(nnc5C(F)(F)F)CC4)CC3)cc2)CC1,0,13.20773475575681,13.20773475575681,0.13384427428651802,-4.577511701579981,12.000703015443403,17.96578232709628,0.0,11.731584227351433,31.2020510422836,69.08055236141935,5.563451491696996,6.923737199690624,17.032643867773697,37.231324740965974,4.736862953800049,46.418618105472284,0.0,17.720370023869442,11.2045795568356,1.2485103026808893,1.2242001109717122,8.232767589822826,-1.7895306163401559,7.823818260020734,0.0
Cc1cnc(C(=O)O)c[n+]1[O-],0,10.757592592592593,10.757592592592593,0.24481481481481437,-1.1994444444444448,5.9693052879518484,10.001790208849112,0.0,5.693927994848461,10.424335636754687,6.196843571613076,6.196843571613076,6.923737199690624,0.0,4.983978520947208,5.106527394840706,0.4687037037037036,0.0,13.767966742252456,19.143021541950112,0.1255555555555563,-1.1994444444444448,0.0,2.1469444444444443,1.5472524565381707,0.0
N#Cc1cnc(Nc2cc(NC[C@H]3CNCCO3)c(C(F)(F)F)cn2)cn1,1,13.258972150630909,13.258972150630909,0.11502068111195052,-4.547832783097935,11.73975000914047,13.171245143024459,0.0,35.665762618862956,13.151638370425493,12.741599977525652,18.460054211687762,0.0,6.069221312792274,30.902301374860613,9.998754508538536,45.26767749906306,0.0,11.586122976126289,17.389487644249385,-0.8584402369436428,0.41594231976537244,3.0790986841374646,-1.4769307648798822,2.013708545148624,0.0
N#CC1CC2CC2N1C(=O)C(N)C12CC3CC(CC(O)(C3)C1)C2,0,13.13985119047619,13.13985119047619,0.02120370370370339,-0.593513243260267,11.642891640131648,15.162956133651013,0.0,23.405851857044205,24.17453976141019,38.524929737556064,6.4208216229260096,4.899909730850477,0.0,6.069221312792274,5.733667477162185,0.0,0.0,14.94339096749811,20.245140857268836,5.714240913958177,1.5571088041698156,1.7222203719450737,7.484564751826657,0.0,0.0
CNCc1ccc(-c2[nH]c3cc(F)cc4c3c2CCNC4=O)cc1,1,13.888363123306927,13.888363123306927,0.21465916118513495,-0.4043813834073575,5.817220841045894,9.184952231746642,0.0,5.907179729351506,17.624908615225834,35.17263322154584,17.696185628620217,0.0,7.04767198267719,39.88302400280631,0.0,13.888363123306927,0.0,15.525171674581017,6.8034745942556185,5.35721696561749,-0.6190405445924925,11.04698759306804,0.720211010330058,1.3616508842721864,1.9159646991611554
COc1cnc(NS(=O)(=O)c2ccc(N)cc2)nc1,1,12.004169107457798,12.004169107457798,0.029976851851851727,-3.721037060657595,10.023291153407584,8.417796984328938,0.0,10.84382275650427,11.436898107967467,0.0,43.76895295835013,0.0,0.0,14.690051906346504,10.470530430962235,31.148267933014957,0.0,7.737745050180567,0.0,5.986447203068985,0.4102385407535123,5.814745947761821,2.737767489711934,0.0,-2.251878831158439
CN1CCN(S(=O)(=O)c2ccc(-c3cnc(N)c(C(=O)Nc4cccnc4)n3)cc2)CC1,1,12.908253571688958,12.908253571688958,0.009810441690436544,-3.5667210253601973,15.930470882759089,13.212334168400758,0.0,16.407274248201265,43.12379138487932,0.0,28.831637271445604,30.462311845459517,7.04767198267719,25.16863389769843,5.733667477162185,27.30848001101186,0.0,27.266909322297163,2.673977153677939,7.350272066079316,-0.524519314975733,9.751448814927887,4.544742320296206,2.308836565798706,-1.5968136057800026
O=C(O)c1cc(=O)[nH]c(=O)[nH]1,1,10.476666666666667,10.476666666666667,0.41782407407407374,-1.3396296296296295,22.912243576055793,14.383611552215466,0.0,0.0,0.0,6.06636706846161,0.0,0.0,9.967957041894415,0.0,5.106527394840706,0.0,0.0,34.87254629629629,8.310787037037038,-1.9724074074074072,-1.3396296296296295,0.7953703703703703,0.0,0.0,0.0
C[N+]1(C)C2CCC1CC(OC(=O)C(O)c1ccccc1)C2,0,12.129469954648528,12.129469954648528,0.04211829176114956,-1.1728892668178383,12.073271675700152,9.901064578912528,0.0,6.103966387748303,17.647133149992918,17.32467410354664,12.841643245852019,12.13273413692322,18.19910120538483,14.09534396535438,4.736862953800049,6.633624130399022,0.0,12.129469954648528,10.091336529982364,0.5948078598723441,-0.515920256991685,10.137053408752545,3.042344947620921,0.0,4.553950092382632
COc1ccc(Cc2cnc(N)nc2N)cc1OC,0,5.808801886495338,5.808801886495338,0.1745939549934863,0.1745939549934863,0.0,0.0,0.0,5.948339280986494,23.737708067328846,11.126902983393991,0.0,20.416438654168143,18.19910120538483,9.967957041894415,20.94106086192447,10.446401252050151,0.0,7.877699514991182,0.0,13.12089607660991,1.929221511262908,5.6887860607205845,2.236947042705971,0.0,3.200048541659292
N=C1CCCN1Cc1[nH]c(=O)[nH]c(=O)c1Cl,0,11.236250472411186,11.236250472411186,0.014537037037036793,-0.5915331317712267,11.24901029325548,9.589074368143644,0.0,5.022633313741326,18.074304186518305,19.386399651764595,0.0,4.899909730850477,4.983978520947208,4.983978520947208,17.01022349602404,0.0,5.780302658100276,28.627813287351977,7.623396400226758,-0.8024644116906017,0.5112937767699675,0.0,1.647735260770975,1.0563674729150918,0.0
CCCCOc1cc(C(=O)OCCN(CC)CC)ccc1N,0,12.05920532564878,12.05920532564878,0.34027995611824946,-0.34027995611824946,0.0,4.794537184071822,0.0,5.9693052879518484,30.214113528690298,32.475912463589744,0.0,18.19910120538483,0.0,25.67112132992235,15.207393384762284,10.910265169734867,0.0,14.263124079687483,0.0,6.874156031124826,0.20753755668934293,5.008687090576972,2.0049390347576534,9.897957704095525,0.0
OC[C@H]1O[C@H](n2cnc3c(NC4CCCC4)ncnc32)[C@H](O)[C@@H]1O,1,10.195614601965161,10.195614601965161,0.3702122700932218,-1.1659661333669276,24.539800333979777,15.319582184522117,0.0,6.606881964512918,23.023581545366977,12.841643245852019,25.496283395381106,4.567099647791355,0.0,20.268724166847953,4.736862953800049,7.122891550138575,0.0,12.885913643235073,32.762519462367536,1.1134027777777784,0.6642531441588984,0.3908910974220319,3.5970072616600035,-0.3702122700932218,0.0
Oc1ccc(OC2CCCCO2)cc1,0,9.075724206349207,9.075724206349207,0.1173214285714288,-0.1173214285714288,0.0,0.0,0.0,12.039538562619118,0.0,31.61885866657485,0.0,24.26546827384644,0.0,0.0,14.580253302440804,11.004324688208618,0.0,0.0,9.075724206349207,0.0,0.9968634521709927,6.705275415721845,3.103972715629461,0.7805061885865457,0.0
CC12CCC3c4ccc(O)cc4CC(CCCCCCCCC[S+]([O-])CCCC(F)(F)C(F)(F)F)C3C1CCC2O,0,12.952335946914921,12.952335946914921,0.019499233983250264,-5.542129730703803,36.11632540477536,36.717879901745874,0.0,17.271810463891867,41.59481124760228,77.04985947511214,11.126902983393991,0.0,12.13273413692322,12.990104268152233,0.0,74.51272203673797,-1.3549892637173133,0.0,20.97700947791931,2.7255327562614275,-1.914025678071536,5.916987984589773,5.97315119734432,2.3025003778249378,0.0
CCCc1cc2c(N3CCN(C4=NCC(C)(C)S4)CC3)ncnc2s1,0,4.746723298002713,4.746723298002713,0.2476606556698513,0.2476606556698513,0.0,0.0,0.0,4.747022453217559,0.0,49.792862849944484,21.851844800670154,6.3273200747645415,23.09867082732585,46.60535517112885,4.992404732635668,0.2476606556698513,3.7262701694210807,21.22382779136623,2.441078820353262,0.0,1.1014784239313011,2.2962628600823045,4.015033561490577,11.6983877176854,0.0
COCCOc1ccc(N2CCN(CCn3ncc4c3nc(N)n3nc(-c5ccco5)nc43)CC2)cc1,0,6.2144963409584255,6.2144963409584255,0.2623017541023722,0.2623017541023722,0.0,0.0,0.0,5.948339280986494,42.637526693348235,43.85951807731158,10.202784168299186,25.636171176991276,22.880904140530014,42.097874257120665,19.62454432181563,19.55171110658198,0.0,14.039500942972172,9.831626000445242,8.743614436571708,2.164841331464929,11.878266301482906,3.3657672990718104,6.5865199691965755,1.6714859455460105
CC(C)(O)CC(=O)NCCn1ccc2ncnc(Nc3ccc(Oc4cccc(C(F)(F)F)c4)c(Cl)c3)c21,0,12.995500970452492,12.995500970452492,0.006864339375520334,-4.486687375421928,17.34080082012416,23.07230972193699,0.0,28.84965833258665,35.628163299576265,12.13273413692322,18.460054211687762,32.046575604766076,16.83031028786604,20.601534249907075,16.337802844032566,46.45148038316061,6.364326346349225,20.619128770400323,15.939160224115895,0.03203703954880488,0.42873842720118804,11.132634772637454,-1.262420979353192,3.906026127050802,0.0
O=C(O)c1cc2ccccc2c(Cc2c(O)c(C(=O)O)cc3ccccc23)c1O,1,11.60575011565181,11.60575011565181,0.04074074074074119,-1.275120622323003,23.437634242471507,30.015183947506465,0.0,17.54772460632,32.671799841253176,0.0,12.13273413692322,48.53093654769288,0.0,0.0,0.0,0.0,0.0,23.21150023130362,42.7969780173063,0.11180807508188573,-3.355039052658099,16.775493469707033,-0.04074074074074119,0.0,0.0
COC(=O)Nc1nc2cc(C(=O)c3ccc(F)cc3)ccc2[nH]1,0,12.926876321709685,12.926876321709685,0.22058441211399415,-0.6466035517507656,11.910460911984309,13.979489415818463,0.0,11.731584227351433,22.160304418626517,0.0,31.37526581512397,18.19910120538483,0.0,20.021608599700794,0.0,17.411657628091334,0.0,30.611624263756404,2.4132071266676243,1.9776343409009363,-0.41811292641746767,10.236452226041422,-0.6466035517507656,0.0,1.2474742260438507
Cc1nc(=O)c2cc(CN(C)c3ccc(C(=O)NC(CCC(=O)O)C(=O)O)s3)ccc2[nH]1,0,12.434748516097375,12.434748516097375,0.2043470826113445,-1.2875253285491832,23.88763113440316,24.284676131127995,0.0,18.400910140904024,28.149233029694855,10.564533468384862,11.336785877934735,25.122838405075452,24.080315850450887,15.284745645900745,5.106527394840706,0.0,1.1795414555348716,55.73793423215154,21.57030367418548,1.2932869057462524,-2.4513127983849268,7.540582849713093,-0.5660974008941384,2.19352714683465,1.8355672684465072
COc1cc(C(=O)NS(=O)(=O)c2ccccc2C)ccc1Cc1cn(C)c2ccc(NC(=O)OC3CCCC3)cc12,1,12.901305712217525,12.901305712217525,0.022130758936270034,-4.039914890524529,22.023710953697503,18.00687135247258,0.0,16.562901354963074,23.421171222590473,47.713114407179084,19.242531678200752,37.255572541998674,36.010716407466454,10.038883468458419,9.473725907600098,40.904588030378825,0.0,25.36560215423257,3.8066704586580347,4.144405815181729,-0.29089467616053843,17.066331221742644,5.9977737176307055,1.6719028668636822,-0.5830462551943034
CCCC1CC(C(=O)NC(C(C)Cl)C2OC(SC)C(OP(=O)(O)O)C(O)C2O)N(C)C1,0,13.010300892740016,13.010300892740016,0.23779138147028256,-4.932666394237347,49.093489743048146,19.57264025868456,0.0,11.949020558499466,5.917906046161393,37.569106224081715,0.0,13.179506383202028,11.947581713527667,16.76427296540877,26.124626049537518,21.735526745157966,7.383676858234245,33.25107864790769,23.362048631125074,-0.9917291730869475,0.1949876618140538,-1.175639435220064,-1.3725259499615607,4.57053159340501,-3.041288912708801
Cc1nc2ccc(NC(=O)Nc3ccnc4cccnc34)cc2o1,0,12.250191641471403,12.250191641471403,0.3715367535903249,-0.3715367535903249,0.0,4.794537184071822,0.0,6.031114512338072,33.8819180482678,5.516700717616262,0.0,49.64925968522483,6.06636706846161,25.585512770854283,4.417150937053347,5.4649718268977825,0.0,24.94803614421375,5.55837640148652,3.9366558938262592,0.5841956383586631,10.274028734447587,3.287942830611481,1.7791258634912896,0.0
CCOC(=O)C(CCc1ccccc1)NC(C)C(=O)N1C(C(=O)O)CC2CCCC21,0,13.240979579733636,13.240979579733636,0.006285093774271777,-0.9481756406549311,24.09482777539573,19.490138947056174,0.0,30.443113857125628,19.26246486877803,24.825916360475023,0.0,18.747384130231726,30.33183534230805,5.316788604006331,4.736862953800049,5.206812484252961,0.0,39.059509299186566,12.760610225881171,1.1035737355344137,-1.313893812239424,7.756616257713735,4.535334549606874,3.7247705933970368,0.0
O=C(O)CC(O)CC(O)C=Cc1c(C2CC2)nc2ccccc2c1-c1ccc(F)cc1,1,13.575254151324886,13.575254151324886,0.07494711987947866,-1.13300930827897,24.598059686374462,19.398007021428054,0.0,12.238042463971905,5.917906046161393,46.128850647872525,12.13273413692322,24.284774350590983,24.26546827384644,0.0,10.090505915787913,13.575254151324886,0.0,15.637562445766186,29.88394541467739,4.425400017100505,-1.0975157449116124,14.108249254279993,2.8004377950959842,0.0,0.0
COCCCCC(=NOCCN)c1ccc(C(F)(F)F)cc1,1,12.57384005233229,12.57384005233229,0.26607717624086713,-4.342906387493779,11.73975000914047,13.171245143024459,0.0,6.606881964512918,30.8475964878192,24.974377382775238,12.13273413692322,7.109797541277533,0.0,5.15571272675054,15.308119014698867,42.689936891076485,0.0,5.063387542517007,3.9877787226001513,5.865387410792804,0.0,4.902226788863693,-2.1008229360576496,1.2218459788134213,1.6202596013940918
CC12CCC3c4ccc(O)cc4CCC3C1CC(O)C2O,0,10.391005133534895,10.391005133534895,0.11606556279919378,-0.5651252414546069,12.207932775496605,15.319582184522117,0.0,5.414990469396779,23.503229971768086,32.10410811463005,11.126902983393991,6.06636706846161,6.06636706846161,12.990104268152233,0.0,0.0,0.0,0.0,30.2024608686067,2.5653478914714043,1.875258815717645,5.8025985764676244,3.803230715125557,2.167769799277736,0.0
CC(C)NCC(O)c1ccc(O)c(O)c1,0,9.72949074074074,9.72949074074074,0.1779918850256148,-0.6815740740740746,6.103966387748303,10.213054789681411,0.0,11.49902366656781,18.150048726757532,0.0,12.13273413692322,6.06636706846161,13.847474399381248,5.316788604006331,5.106527394840706,0.0,0.0,0.0,31.154388804904677,0.5818981481481484,-0.3899391639371792,4.6091257768539515,-0.6815740740740746,4.3927671747711425,0.0
CCCCN1CCC(CNC(=O)c2c3n(c4ccccc24)CCCO3)CC1,0,13.025209993930233,13.025209993930233,0.009502385958464421,0.009502385958464421,0.0,4.794537184071822,0.0,5.907179729351506,18.08823950237131,49.382760515092734,32.22804289761662,0.0,18.19910120538483,27.773902250800397,4.736862953800049,8.052311419748774,0.0,15.588090963836816,4.205458605807147,1.8122815786044226,1.3352297412407093,8.135747794836657,5.8847198538508,8.15282670874134,0.0
C[C@H](Nc1ncnc2[nH]cnc12)c1nc2ccc(F)cc2c(=O)n1-c1ccccc1,0,13.802794276461443,13.802794276461443,0.21438040648358103,-0.48440270025722687,11.859061670193855,9.184952231746642,0.0,10.945491109516801,34.010232206518765,0.0,35.42084100270527,12.13273413692322,25.122838405075452,30.236681208742368,0.0,15.29126059354383,0.0,33.593300396217096,3.4852121651129586,1.8954796604643298,0.4965415972148486,12.73273056854361,2.966619671208693,1.8721886810279669,0.0
CN=C(NC#N)NCCSCc1[nH]cnc1C,0,8.427790304482674,8.427790304482674,0.5053896604938275,0.5053896604938275,0.0,0.0,0.0,0.0,5.959554568743835,29.438319609103075,0.0,25.136877006832847,13.116893295469463,25.593938982542745,5.261891554738487,0.0,1.7962686602418743,11.122709967468264,13.927437780757135,2.210137058024414,2.3549746472663142,0.0,3.5365808715461493,2.752511575809285,1.632712772219897
O=c1[nH]c(=O)c2[nH]cnc2[nH]1,0,10.913842592592593,10.913842592592593,0.2766203703703707,-0.5466666666666666,11.24901029325548,9.589074368143644,0.0,11.16387793838399,0.0,0.0,6.3273200747645415,0.0,0.0,19.93591408378883,0.0,0.0,0.0,32.268750000000004,0.0,-0.44518518518518446,0.0,0.0,1.3431018518518518,0.0,0.0
CCCCC/C=C\C/C=C\CCCCCCCC(=O)O,1,10.318565412720048,10.318565412720048,0.32390232528264007,-0.670664658018173,5.9693052879518484,4.794537184071822,0.0,0.0,6.4208216229260096,25.683286491704038,44.94575136048208,0.0,0.0,31.227817627026145,5.106527394840706,0.0,0.0,10.318565412720048,8.502679946584802,0.0,-0.670664658018173,0.0,22.28135034621706,2.2347356191629317,0.0
C=C1C[C@]2(O)OC3(C[C@H]2C(C)C)[C@@H](C)CC[C@@H]13,0,10.798865740740741,10.798865740740741,0.09819444444444403,-0.9302083333333329,5.7871111525705965,5.106527394840706,0.0,11.518956857145081,24.174539761410188,6.4208216229260096,18.414747775921285,0.0,0.0,27.35014728267037,4.736862953800049,6.24763888888889,0.0,0.0,10.798865740740741,1.1298148148148153,0.8520833333333333,0.0,4.075873488284202,10.89572373393802,0.0
CNC(=O)c1ccccc1Sc1ccc2c(C=Cc3ccccn3)[nH]nc2c1,0,12.074559383198782,12.074559383198782,0.0917663087591769,-0.0917663087591769,0.0,4.794537184071822,0.0,5.907179729351506,5.563451491696996,32.08174787281353,0.0,25.00640050368138,72.81571089828387,20.498130741555613,0.0,0.0,1.5495009687249042,18.299095616768966,11.217150659133633,3.3661117717772875,-0.0917663087591769,19.488238167069603,5.699872352499551,0.0,1.6384634394518955
Nc1ncnc2[nH]cnc12,0,5.467037037037037,5.467037037037037,0.4085648148148153,0.4085648148148153,0.0,0.0,0.0,0.0,16.981740716219015,0.0,12.654640149529083,0.0,0.0,19.93591408378883,5.733667477162185,0.0,0.0,14.387407407407409,0.0,6.767962962962963,0.4085648148148153,0.0,2.9360648148148147,0.0,0.0
Cc1cccc(Cc2c[nH]cn2)c1C,0,4.226742252456538,4.226742252456538,0.9137037037037037,0.9137037037037037,0.0,0.0,0.0,0.0,0.0,12.114749617774471,16.690354475090988,6.3273200747645415,6.196843571613076,42.014532646660484,0.0,0.0,0.0,7.19968962585034,0.0,5.170681216931218,0.0,6.407454884731671,4.582589758125472,4.306251181027967,0.0
O=C(c1ccccc1)c1ccc2[nH]c(NC(=O)c3csc(C4CCN(c5ncnc6ccsc56)CC4)n3)nc2c1,0,12.980895391156658,12.980895391156658,0.07521471692313897,-0.3188419761588954,0.0,9.589074368143644,0.0,11.690424675716445,34.2037770230066,52.48996388406658,11.336785877934735,53.376004065473246,29.645531044312357,35.13659093959285,0.0,1.1238525604195992,3.191826098217332,49.26233198292371,7.644586629719841,3.847418527049284,1.2237125862470775,16.429935497881722,3.519316786960307,1.7570193305811257,0.0
CNC(=O)c1ccc(Nc2ncc(C(F)(F)F)c(NCc3nccnc3N(C)S(C)(=O)=O)n2)cc1,0,13.55642737363246,13.55642737363246,0.04197293552407144,-4.759155082165285,27.58090394038308,26.38357931142522,0.0,29.912066188934066,17.447681337993636,10.560985174807637,38.62176524550375,12.13273413692322,0.0,35.886279895807824,0.0,65.29218192254467,0.0,27.32846487539485,7.810653340621335,-0.20063501913830328,-1.0187101012654773,6.146537977970331,-0.6187753921573151,-0.3021895113880211,-0.9375280925820744
Cn1cnc2c(F)c(Nc3ccc(Br)cc3Cl)c(C(=O)NOCCO)cc21,0,15.136821223859911,15.136821223859911,0.0004863079491057576,-0.6950059182623669,11.7244005703974,4.794537184071822,4.39041504767482,29.981302413022657,16.226720306041152,4.472719515832414,12.393687143226153,29.813872835853374,0.0,31.710807621024088,21.545055868809854,17.492601415461863,9.50502683519167,21.400907439711247,11.974163665068698,3.056064066830437,-1.3744650599437307,6.525081816281761,1.4524599752622538,-0.3626053764796271,1.6918763337265321
CC1(C)O[C@@H]2C[C@H]3[C@@H]4C[C@H](F)C5=CC(=O)C=C[C@]5(C)[C@@]4(F)[C@@H](O)C[C@]3(C)[C@]2(C(=O)CO)O1,1,17.1397550154321,17.1397550154321,0.05497716679264375,-2.2357070814436883,76.275694841666,19.802129157825057,8.78083009534964,24.835569398847294,0.0,6.076020106833881,19.075777413358388,20.771211599071872,0.0,0.0,9.473725907600098,44.833645083396846,0.0,25.060918306993813,21.130652989155095,-6.299107956454185,-3.5310153195486453,0.0,-0.15117214249361655,5.8727457056173655,0.0
CCN(CC)C(=O)C1(c2ccccc2)CC1CN,0,12.729679705215421,12.729679705215421,0.2445833333333336,-0.3452083333333331,0.0,4.794537184071822,0.0,11.322170198748285,12.462662452073968,25.073785926448156,0.0,0.0,36.94648533561656,12.13273413692322,5.733667477162185,0.0,0.0,14.648985260770976,0.0,6.574182728647015,0.5436574074074076,10.087323790627362,0.891712962962963,6.1708045162509455,0.0
NC(=O)NN=Cc1ccc([N+](=O)[O-])o1,0,10.173853589275216,10.173853589275216,0.14393518518518533,-0.8311982972201226,16.83860776301675,14.908855452837393,0.0,5.7602474188744415,0.0,6.2146005795353165,12.13273413692322,0.0,5.425791397110385,9.51855846279307,5.733667477162185,4.686376606198035,0.0,19.65363124107668,13.521745690560175,6.618323255228017,-0.2537268518518514,1.6786500587889477,1.0950000000000002,0.0,0.0
NCCC(O)(P(=O)(O)O)P(=O)(O)O,0,10.586458333333333,10.586458333333333,0.45166666666666644,-5.313348765432099,33.240330302481865,9.130096569862658,0.0,0.0,0.0,0.0,0.0,0.0,0.0,0.0,30.413841283012793,21.172916666666666,0.0,34.066944444444445,5.7117515432098775,4.861319444444445,0.0,0.0,-0.8734567901234569,-0.45166666666666644,-10.626697530864199
CC(C)c1cc(-c2ccc(F)c3ccccc23)nc(N)n1,0,13.91128506340808,13.91128506340808,0.2356841563786003,-0.2356841563786003,0.0,4.39041504767482,0.0,17.68346616819378,5.386224214464796,22.337531695858715,6.06636706846161,12.13273413692322,38.112942673227685,9.967957041894415,5.733667477162185,13.91128506340808,0.0,8.559558138070043,1.4060988284202574,8.281024344923155,0.255397927689595,12.486790543377845,0.0,4.099845154111027,0.0
Nc1nc(N)nc(-c2cc(Cl)ccc2Cl)n1,0,5.994741748551272,5.994741748551272,0.04031683043587808,0.04031683043587808,0.0,0.0,0.0,11.896678561972989,21.433122617179578,0.0,0.0,18.19910120538483,0.0,14.951935562841623,34.6692147347894,0.0,11.848712522045854,11.546478804484758,0.9919954648526086,11.497999181153943,0.38387440161249753,4.953161848072562,0.0,0.0,0.0
Cc1cc(O)ccc1Cl,0,8.878858024691358,8.878858024691358,0.26101851851851876,0.26101851851851876,0.0,0.0,0.0,5.749511833283905,5.022633313741326,5.563451491696996,0.0,18.19910120538483,6.923737199690624,0.0,16.70746728507322,0.0,5.669537037037037,0.0,9.566635802469136,0.8996913580246916,0.26101851851851876,4.864969135802469,0.0,1.8492592592592592,0.0
CCCc1ncc(C[n+]2ccccc2C)c(N)n1,1,5.985117157974301,5.985117157974301,0.5872250566893427,0.5872250566893427,0.0,0.0,0.0,0.0,12.362619183747604,24.229499235548943,5.693927994848461,0.0,24.52642128014937,34.44889815752863,5.733667477162185,2.133479544595616,0.0,8.69268046107332,0.0,8.14130955005459,1.414570998152348,6.105195366535554,5.78651990599321,4.89291084026203,0.0
COC1C(O)CC(=O)OC(C)CC=CC=CC(OC2CCC(N(C)C)C(C)O2)C(C)CC(CC=O)C1OC1OC(C)C(OC2CC(C)(O)C(O)C(C)O2)C(N(C)C)C1O,1,13.090160413828428,13.090160413828428,0.008851549324236707,-1.4703444717083585,109.86066866265955,30.015183947506465,0.0,30.905356508909676,19.26246486877803,12.706982146055564,14.033534740968157,39.766465295276724,52.24689879207115,4.899909730850477,37.89490363040039,49.990339375007885,0.0,29.514484265368587,45.06702957368093,-1.4703444717083585,-1.465327227335516,-0.4655269063496157,-1.5633215330687547,10.776522340645622,9.032811250425876
Cc1ccnc2c1NC(=O)c1cccnc1N2C1CC1,0,12.403475056689343,12.403475056689343,0.11703703703703683,-0.11703703703703683,0.0,4.794537184071822,0.0,5.907179729351506,17.423155098679985,29.910343790067603,0.0,18.460054211687762,19.056471336613843,20.184655376751223,0.0,0.0,0.0,23.42349584278156,2.9763888888888888,2.417598261526833,1.399305555555556,5.908469387755101,5.726640211640211,1.9814351851851852,0.0
COc1cc(Nc2ncc(F)c(Nc3ccc4c(n3)NC(=O)C(C)(C)O4)n2)cc(OC)c1OC,0,14.438962564862186,14.438962564862186,0.10603579883386982,-1.0180775324245706,11.418271652029581,9.184952231746642,0.0,29.309107343843085,28.68543360781918,6.196843571613076,21.3293926238326,38.112942673227685,0.0,30.902301374860613,18.947451815200196,36.08576834218762,0.0,24.587181192137415,8.452987447296714,-0.4889666736952747,1.1014756459541555,6.534743798121635,1.0153451488620138,3.2980555777886544,4.496742854680402
O=C(Oc1ccccc1C(=O)O)c1ccccc1O,1,11.834578609221467,11.834578609221467,0.025285336356764665,-1.1938114659444021,11.938610575903697,14.69560176298435,0.0,22.6259266499618,0.0,0.0,30.33183534230805,18.19910120538483,0.0,0.0,9.843390348640755,4.993935185185185,0.0,22.800590356512977,18.48329585537919,-0.14447893046107252,-2.2953307403208196,11.661988273704544,0.0,0.0,0.0
C=CC(=O)N1CCC(Oc2cc3c(Nc4ccc(Cl)c(Cl)c4F)ncnc3cc2OC)CC1,0,14.568238665191625,14.568238665191625,0.08413357688523404,-0.6789396392548441,5.817220841045894,9.184952231746642,0.0,27.743799019266024,54.15096743416107,0.0,24.536074318521642,24.14244140905123,0.0,21.863681329499244,32.67560568806513,26.29658783210816,11.81640631017964,22.11033274330324,3.5113903100855284,0.713436840210842,0.6254585288794623,6.4749574488,3.931884235183994,4.695320167561583,1.5464478059097675
CCCCOc1c(C(=O)c2c(F)cc(C)cc2F)cnc2[nH]ncc12,1,14.198993034733025,14.198993034733025,0.006163076341647811,-0.9080567103384569,22.981138120153723,13.575367279421462,0.0,11.3129633249809,23.203734891442437,24.974377382775238,12.393687143226153,6.923737199690624,6.923737199690624,15.181342137549283,4.736862953800049,34.12751625654088,0.0,16.877470867976818,7.064344629253089,0.22640921948822412,-2.391415763836399,2.245507527084908,4.414458864047608,3.935708399444871,0.0
CN1CCN(C2CCN(C(=O)Nc3cc(Oc4ccc(NC(=O)C5(C(=O)Nc6ccc(F)cc6)CC5)c(F)c4)ccn3)CC2)CC1,0,15.017493320869843,15.017493320869843,0.09973944205942664,-1.3250158342891512,28.86379161019158,18.774026599890284,4.39041504767482,17.46801262030554,49.22775777262762,45.087035937963925,42.59504598238274,17.032643867773697,0.0,37.78183577734434,4.736862953800049,34.006110672746985,0.0,49.606872466685964,7.961661013713357,-1.0651767435317367,-1.5428389733710783,12.577999557117757,3.9685892844683073,5.595154846911022,2.1416278752594287
CN(C)CCCC1(c2ccc(F)cc2)OCc2cc(C#N)ccc21,0,13.367320213056146,13.367320213056146,0.2497774355507938,-0.5624711829176114,5.601050810983688,4.39041504767482,0.0,5.817220841045894,12.170333456209914,36.07675412685558,12.13273413692322,12.13273413692322,32.29444517073921,10.96913104364275,9.998754508538536,19.635224597031957,0.0,2.1458368115637234,9.111023379928954,3.17526378915764,-0.2497774355507938,14.458154620051266,1.7773119803476947,1.4326499905517762,4.09764560025112
NC1CONC1=O,1,10.212962962962962,10.212962962962962,0.23611111111111094,-0.4583333333333337,6.041840829147961,4.794537184071822,0.0,5.907179729351506,6.606881964512918,0.0,0.0,0.0,0.0,10.317685181857836,5.733667477162185,0.0,0.0,14.657407407407407,0.0,7.246527777777779,-0.23611111111111094,-0.4583333333333337,0.0,0.2905092592592591,0.0
CC(O)(P(=O)(O)O)P(=O)(O)O,0,10.251875,10.251875,0.38348765432098775,-5.197723765432099,20.274752273643283,9.130096569862658,0.0,0.0,6.923737199690624,0.0,0.0,0.0,0.0,0.0,24.680173805850607,20.50375,0.0,32.999722222222225,5.3695987654321,0.0,0.0,0.0,0.0,0.38348765432098775,-10.395447530864196
CN(NC(=O)CC(=O)NN(C)C(=S)c1ccccc1)C(=S)c1ccccc1,0,12.096380893036738,12.096380893036738,0.35765274628369803,-0.4793420361971943,11.814359458703011,9.589074368143644,0.0,6.4208216229260096,9.977004203476382,11.126902983393991,10.017825047909062,14.09534396535438,60.6636706846161,10.85158279422077,24.43574688609339,0.0,10.637644524374114,25.094116596204373,2.8305504115226334,6.765970430886419,-0.9586840723943881,18.567832717452543,-0.35765274628369803,0.0,3.2535554715713446
Cc1cc(OCC(=O)O)cc(C)c1Cc1ccc(O)c(C(C)C)c1,0,10.619536736465642,10.619536736465642,0.26290608494460166,-0.9863974508189661,5.9693052879518484,9.901064578912528,0.0,12.52478801067431,11.49902366656781,28.674627589713992,5.563451491696996,6.06636706846161,38.112942673227685,13.847474399381248,9.843390348640755,5.268000386691765,0.0,10.619536736465642,18.666978225005405,5.410476374191653,0.18330309919065013,9.478581917921744,0.7607908950617285,7.77899903213808,0.0
Oc1cc2c(cc1O)C(c1ccccc1)CNCC2,1,9.761376291257243,9.761376291257243,0.03475770555135593,-0.040202664399093146,0.0,10.213054789681411,0.0,17.416929712729203,0.0,30.63723741814515,5.563451491696996,12.13273413692322,18.19910120538483,17.449522740929552,0.0,0.0,0.0,0.0,22.833309712773996,3.434160052910053,0.138187778197699,13.65556836314773,0.867566373771731,1.7378743858654573,0.0
CN1N=C(N)c2cn([C@@H]3O[C@H](CO)[C@@H](O)[C@H]3O)c3ncnc1c23,0,10.234413895187705,10.234413895187705,0.2965679589737138,-1.2030914588057449,31.146682298492692,15.319582184522117,0.0,0.0,28.250335490521817,0.0,6.3273200747645415,22.82052772603615,0.0,15.069364567634137,10.470530430962235,7.151985308012094,0.0,8.451808390022677,35.85045670275559,7.104696554547745,0.8842470290585382,0.0,-1.1046316504997062,-0.3954820956160239,1.723586428385761
COc1cc2nc(N3CCN(C(=O)C4CCCO4)CC3)nc(N)c2cc1OC,0,12.508819624652265,12.508819624652265,0.09067140774253146,-0.2763346534838935,0.0,4.794537184071822,0.0,12.011146117099809,66.95405824563362,12.841643245852019,0.0,26.352329219478285,9.799819461700954,9.967957041894415,19.944256338562333,16.206828515307535,0.0,25.55563507980331,0.7162925052941289,6.874449716882977,2.2069564527666166,3.5817484294970003,1.4910149118892542,3.20840917547271,3.1586652130864685
CC12CCC(=O)C=C1CCC1C2C(O)CC2(C)C1CCC2(O)C(=O)CO,0,12.361570770557739,12.361570770557739,0.0696792328042326,-1.5437315234735869,29.51013457900663,24.90865655266576,0.0,28.951953554245897,19.26246486877803,25.683286491704038,5.5731045300692665,6.076020106833881,6.923737199690624,6.923737199690624,0.0,0.0,0.0,24.256966952531407,31.725521463742414,-1.2319753217645077,0.13994650962747124,0.0,5.735065983349261,3.457807745847293,0.0
NCCc1c[nH]c2ccc(O)cc12,0,9.296142290249433,9.296142290249433,0.2966402116402118,0.2966402116402118,0.0,5.106527394840706,0.0,0.0,12.29426823919648,22.887198046704064,0.0,12.13273413692322,12.263210640074686,4.983978520947208,5.733667477162185,0.0,0.0,3.1335185185185184,10.356744142101284,7.675796485260772,0.2966402116402118,5.298184051398337,2.7781944444444444,0.627588813303099,0.0
CCCC(NC(=O)C(C#N)=Cc1cccc(Br)n1)c1ccccc1,1,12.480727867535904,12.480727867535904,0.03947609599395352,-0.38742724867724765,0.0,10.056428738810308,0.0,17.522125088568732,10.297124013832342,18.405094737549014,6.076020106833881,18.19910120538483,36.40105665510033,33.154448222593516,0.0,0.6547157694064261,3.278607636985804,16.706875534553433,12.272689909297052,1.6305853437053843,-0.38742724867724765,16.96411702023628,3.2324594836914464,2.0640432174680914,0.0
CCC(=C(c1ccccc1)c1ccc(OCCN(C)C)cc1)c1ccccc1,1,5.87098820026174,5.87098820026174,0.692414393800577,0.692414393800577,0.0,0.0,0.0,0.0,6.606881964512918,18.71508986212249,27.83656353522952,0.0,0.0,110.84812985435806,4.736862953800049,5.87098820026174,0.0,2.1230161675679353,0.0,6.369187126105418,0.9127511652809271,29.820595624675086,0.9675864004922445,3.8262552088248265,4.109620106791824
Cn1nccc1Nc1nccc(-c2ccn([C@H](CO)c3ccc(Cl)c(F)c3)c(=O)c2)n1,0,13.849386047104492,13.849386047104492,0.02552484237143271,-0.7492736194314478,11.859061670193855,14.291479626587346,0.0,17.18878217330625,28.587033037063975,0.0,22.766200853176183,54.585473906508035,0.0,20.383427454201783,11.600939890232516,16.829555308308013,5.732345661233587,21.426629664865363,16.948663168846828,1.188241175598472,0.4587292106735168,10.013539805020379,4.77474449586637,-0.38234010495512893,1.7876693923203766
C=CC(C)(C)c1cc(C=CC(=O)c2ccc(O)cc2)c(OC)cc1O,1,12.259054035966237,12.259054035966237,0.10836269293867296,-0.4306442536840267,5.414990469396779,15.007591973753234,0.0,17.28226861293275,22.439866308374892,0.0,31.384918853496245,30.351141419052592,13.847474399381248,6.578935683598497,4.736862953800049,5.299766138893574,0.0,12.259054035966237,19.545739919295464,1.4127129558269083,0.4965927256925162,9.367263108130713,4.839012976802964,7.690349413189177,1.5061753928691157
c1ccc(-c2ccc(C(c3ccccc3)n3ccnc3)cc2)cc1,0,4.222191928475298,4.222191928475298,0.13752162593432393,0.13752162593432393,0.0,0.0,0.0,6.041840829147961,0.0,0.0,22.253805966787983,0.0,30.853741354913915,82.34748299027791,0.0,2.1456916099773244,0.0,4.222191928475298,0.0,4.97368239271017,0.0,29.936384696619186,5.722049372218024,0.0,0.0
C=CC(=O)Nc1cccc(Nc2nc(Nc3ccc(OCCOC)cc3)ncc2F)c1,0,14.234780818711645,14.234780818711645,0.009984883316898507,-0.6176192838336247,5.817220841045894,9.184952231746642,0.0,17.673381788173028,36.025434586360426,6.196843571613076,6.076020106833881,55.64073408897041,0.0,32.497258537511904,9.473725907600098,24.698529501966867,0.0,19.6250432667486,8.556306353892904,1.7956277350307908,-0.050343233162370216,13.98794402924443,2.239734134860864,4.369742730285744,1.6107488144655069
Nc1ncnc2c1C(=O)N(c1ccc(C3CCC(CC(=O)O)CC3)cc1)CCO2,0,13.006772447953558,13.006772447953558,0.11263042802073242,-0.7115649424037735,5.9693052879518484,9.589074368143644,0.0,35.5072100044063,19.069544416586886,31.3706727663876,11.890771566461538,4.899909730850477,12.13273413692322,22.100691178817634,15.577057825802939,5.57239298436334,0.0,33.478506665806286,8.966145890563121,8.091078253376285,0.0721709195939313,8.00766781095154,5.424326689893388,0.7210441187854402,0.0
C[C@H]1O[C@@H](O[C@H]2[C@@H](O)C[C@H](O[C@H]3[C@@H](O)C[C@H](O[C@H]4CC[C@@]5(C)[C@H](CC[C@@H]6[C@@H]5C[C@@H](O)[C@]5(C)[C@@H](C7=CC(=O)OC7)CC[C@]65O)C4)O[C@@H]3C)O[C@@H]2C)C[C@H](O)[C@@H]1O,1,12.568396954481036,12.568396954481036,0.04520626746168088,-1.012484854401225,90.92578534586912,35.43370155311605,0.0,61.11132711687205,18.75954929201341,44.09803426762532,0.0,19.92349450621513,13.847474399381248,6.923737199690624,33.15804067660034,42.07609305117681,0.0,11.94416008709359,66.86696110569042,-0.8917606903031147,0.20418191395697838,0.0,-1.5118808956400893,9.895578761358749,0.0
CCS(=O)(=O)N1CCC([C@@H](C)n2c(C)c(C(=O)NCc3c(OC)cc(C)[nH]c3=O)c3ccccc32)CC1,0,13.478444677231723,13.478444677231723,0.038177206587858725,-3.1846497110377148,10.023291153407584,18.00687135247258,0.0,35.72380351237223,35.659855623351504,29.438496172781537,7.109797541277533,24.21905745913909,31.18920547353706,21.791603972435517,4.736862953800049,33.75536277502204,0.0,28.724690300900868,3.765599039136474,3.149884510536684,0.5771165852808549,9.64104651296299,1.5354537974143372,8.617991041718884,-1.6838112296398031
CCC(=O)NCCC1CCc2ccc3c(c21)CCO3,0,11.287267704921476,11.287267704921476,0.15263361363063788,0.15263361363063788,0.0,4.794537184071822,0.0,5.907179729351506,12.338727669087403,31.742793449561418,29.531997720943004,0.0,6.923737199690624,17.449522740929552,4.736862953800049,5.6623976915273815,0.0,11.287267704921476,2.9875611772486774,4.457068111195096,1.8397168419837073,4.353686985596708,5.068251265012178,3.5107168891814453,0.0
Cn1cnc(-c2cc3nccc(Oc4ccc(NC(=S)NC(=O)Cc5ccccc5)cc4F)c3s2)c1,0,14.88862714042791,14.88862714042791,0.055433011011529976,-0.5788148480874848,5.817220841045894,9.184952231746642,0.0,23.189950070286176,11.436898107967467,26.351147314332117,23.469520014857956,24.65689778330084,54.20981761285128,20.601534249907075,16.954736396846744,23.460349076298453,6.675322716357697,21.918602603074447,5.518207136394496,2.833411524432369,-0.28973756051135013,17.34584964943598,5.4653129662827675,0.0,1.9060152215684714
N=c1cc(N2CCCCC2)nc(N)n1O,1,9.252261432350718,9.252261432350718,0.03882086167800414,-0.03882086167800414,0.0,5.20725302477729,0.0,11.436046232444264,10.548270419741254,25.93115605767717,12.487188691387619,0.0,0.0,9.883888251797686,11.142951082953708,0.5768317743764173,0.0,6.1490277777777775,16.738417186318973,5.444504676870749,0.6440495086923664,1.5294444444444444,3.5262129157218443,1.89151171579743,0.0
CC(=O)N(CC(O)CO)c1c(I)c(C(=O)NCC(O)CO)c(I)c(C(=O)NCC(O)CO)c1I,0,13.014816227528149,13.014816227528149,0.01328770576131677,-1.2882094930615848,55.85408424483817,34.809721131578286,0.0,47.15910528901147,0.0,4.899909730850477,6.923737199690624,22.590870627068057,45.181741254136114,10.633577208012662,10.213054789681411,0.7617381319811882,5.465987687550278,39.62484179307678,61.33649143020927,0.18150996892584237,-1.8908655769888807,0.0,-3.7071929677152236,-1.4125104670392494,0.0
COc1cc(CNC(=O)CCCC/C=C/C(C)C)ccc1O,0,11.768937258545392,11.768937258545392,0.05544537876879141,0.05544537876879141,0.0,9.901064578912528,0.0,11.65669156263541,24.63299590828388,24.825916360475023,7.109797541277533,18.19910120538483,0.0,31.316303217055342,4.736862953800049,5.042442725859413,0.0,11.768937258545392,12.40041090213796,0.9054321588471121,1.167775680218307,5.071972220265489,7.880722193301697,4.757198155496766,1.5051087053278611
CCn1cc(C(=O)O)c(=O)c2cc(F)c(N3CCNCC3)nc21,1,14.432408824640966,14.432408824640966,0.01098663076341655,-1.3280651933510879,17.215316520898284,13.979489415818463,0.0,16.76753848399682,25.28144643850545,19.15587988028676,6.196843571613076,4.567099647791355,11.823646930541102,10.300767124953538,5.106527394840706,15.993245228647012,0.0,29.58752206017087,12.299520057346985,-0.7885500125976317,-1.73976256674489,1.0978514739229022,1.2633372700932224,4.953503155828192,0.0
Nc1ncnc2c1ncn2[C@@H]1O[C@H](CSCCC(N)C(=O)O)[C@@H](O)[C@H]1O,1,10.690204914007708,10.690204914007708,0.21172222761754855,-1.1708645124716555,36.55094645107958,15.007591973753234,0.0,5.817862777835028,29.09040677480358,0.0,28.983624746711556,0.0,0.0,14.951935562841623,21.310725302965125,7.292380852389421,1.3974421296296295,22.774096117016043,29.348645102347476,11.979371021049587,0.04053693684708626,-0.9187831421958406,-0.7470223504167359,0.0,0.0
O=C(O)CCCCC(CCSCc1ccccc1)SCc1ccccc1,0,10.691779409509596,10.691779409509596,0.2905050654096395,-0.6834210418229876,5.9693052879518484,4.794537184071822,0.0,0.0,11.670759652908185,36.521025689018394,17.54772460632,0.0,23.52376989878223,60.6636706846161,5.106527394840706,0.0,4.011968222474175,10.691779409509596,9.407749805920245,2.747612403496242,2.570543733481073,21.200728332751485,4.369618092367182,0.0,0.0
O=C(C=Cc1ccc(O)c(O)c1C=Cc1ccc(O)c(O)c1)OC(Cc1ccc(O)c(O)c1)C(=O)O,0,12.31129923456548,12.31129923456548,0.11200725138991796,-1.5825428607608243,35.291112463503715,45.33476613202858,0.0,34.796260106171715,11.126902983393991,12.142387175295491,60.69262979973291,0.0,0.0,0.0,4.736862953800049,5.004443130147911,0.0,23.861266985058037,67.54504501511357,1.1623861299861007,-4.824131194884714,10.350577534386789,3.233745733525639,0.0,0.0
CC(C)Nc1cccnc1N1CCN(C(=O)c2cc3cc(NS(C)(=O)=O)ccc3[nH]2)CC1,0,13.075365060407899,13.075365060407899,0.06942409139581729,-3.3602395881889016,10.023291153407584,13.212334168400758,0.0,5.907179729351506,43.60218072233028,28.663943168111054,0.0,30.462311845459514,17.032643867773697,38.75422464058455,0.0,25.39239949397431,0.0,24.804159161576326,4.207874575356721,2.734320648484749,0.8378138044288043,11.158254767767351,2.8943184988003763,6.747765304466935,-3.3602395881889016
OC[C@H](O)c1oc(O)c(O)c1O,0,8.945046296296296,8.945046296296296,0.46527777777777746,-1.461296296296297,35.916427198164826,0.0,0.0,0.0,0.0,0.0,0.0,0.0,0.0,4.417150937053347,25.532636974203527,4.343287037037037,0.0,0.0,43.77634259259259,0.0,-2.977731481481481,0.0,-1.461296296296297,-0.680601851851852,0.0
N=C(N)NCCCC(NC(=O)C1CCCN1C(=O)C1CSSCCC(=O)NC(Cc2ccc(O)cc2)C(=O)NC(Cc2ccccc2)C(=O)NC(CCC(N)=O)C(=O)NC(CC(N)=O)C(=O)N1)C(=O)NCC(N)=O,0,14.558804446149571,14.558804446149571,0.016296657237353962,-1.772648940195335,133.07908410159294,57.84643641963074,0.0,74.82921616490253,17.54772460632,21.587795952773444,17.032643867773697,42.46456947923127,0.0,42.53430883205065,28.343953514440265,0.0,0.0,148.98229221163726,37.744638620217884,22.65489937367409,-9.897103754795099,4.502452559065296,-1.3284062476334477,-0.343262087902513,2.1844893257365157
C[C@H]1O[C@H](O[C@H]2[C@H](O)[C@@H](O)[C@@H](O)[C@H](O)[C@@H]2O)[C@@H](N)C[C@@H]1N=C(N)C(=O)O,0,10.772521181797321,10.772521181797321,0.14529360355253207,-1.738488148610977,72.90639817557836,30.327174158275348,0.0,6.4208216229260096,0.0,0.0,0.0,6.923737199690624,0.0,4.992404732635668,26.047588256765174,10.992756283068783,0.0,14.607152921443491,57.82823069172459,11.239410173130654,-1.9634225872632256,-1.4562628075921735,-11.671191184128318,1.589993176282859,0.0
Cc1cc(C(C)Nc2ccccc2C(=O)O)c2nc(N3CCOCC3)cc(=O)n2c1,0,12.83789882544437,12.83789882544437,0.14853893717980982,-0.996899627207583,5.9693052879518484,14.69560176298435,0.0,17.164559215896965,43.4557030141373,11.126902983393991,0.0,40.92937352018292,24.813751198693335,5.316788604006331,9.720841474747257,6.954246937254069,0.0,31.241021928912684,12.744632437008462,2.8605063512625764,-0.3658448380079524,10.033696236410675,1.7729927773578567,6.425414836468296,0.0
N=C(N)NCCCCC1NC(=O)CCSSCC(C(N)=O)NC(=O)C2CCCN2C(=O)C(Cc2c[nH]c3ccccc23)NC(=O)C(CC(=O)O)NC(=O)CNC1=O,0,14.322661188624696,14.322661188624696,0.021562922337108326,-1.6805059756304692,90.49434556799079,43.46282486741528,0.0,49.69330467985402,31.3706727663876,10.902924932081056,26.487705683623922,12.263210640074686,18.19910120538483,36.88471014498519,16.876618560115894,0.0,0.0,109.62887263286603,33.03164386807193,12.340826456188235,-6.491579021630182,1.0622505121347314,2.4906647168282494,-0.17337177172284046,2.444025940597173
O=C(O)CN1C(=O)c2cccc3cccc(c23)C1=O,1,12.190883408919124,12.190883408919124,0.3693981481481483,-1.2145776643990926,24.328421152567433,14.383611552215466,0.0,0.0,16.513127197858786,10.286133945315273,0.0,24.26546827384644,12.13273413692322,0.0,5.106527394840706,0.0,0.0,35.91208396321491,10.193835348954398,0.7387962962962968,-2.3317998866213143,10.276381330309901,0.0,-0.6226303854875281,0.0
N=C(N)NCCCCN,0,6.765248015873016,6.765248015873016,0.03427910052910077,0.03427910052910077,0.0,0.0,0.0,5.959554568743835,6.544756405912575,19.386399651764595,0.0,0.0,0.0,5.316788604006331,16.876618560115894,0.0,0.0,0.0,9.45108134920635,10.24829223356009,0.03427910052910077,0.0,1.968611111111111,1.464402872260015,0.0
CN(C)C1C(=O)C(C(N)=O)C(=O)C2(O)C(=O)C3C(=O)c4c(O)cccc4C(C)(O)C3C(O)C12,1,13.656532029478457,13.656532029478457,0.045446428571428,-3.10042717781557,81.80920437160437,44.39879549972193,0.0,11.126902983393991,0.0,0.0,44.11809210128031,0.0,0.0,0.0,5.733667477162185,0.0,0.0,66.37731228878144,44.508600375360835,-0.3501703111736467,-14.2061569557103,2.3965605395369556,-1.9015967498110358,1.2357176450827243,2.7730665012663565
Fc1ccc(C(OCCN2CCN(CCCc3ccccc3)CC2)c2ccc(F)cc2)cc1,1,13.39491873018184,13.39491873018184,0.27940230695545587,-0.3421522343872221,0.0,8.78083009534964,0.0,17.73840806984009,6.606881964512918,56.81626304179545,36.249741388469445,24.26546827384644,0.0,40.131654804009,4.736862953800049,33.02711624215711,0.0,4.9724310841839845,0.0,3.1413287303231323,-0.5588046139109117,23.348357917632946,1.9705443386031718,6.765692967677234,0.0
CC(C)(C#N)c1cc(Cn2cncn2)cc(C(C)(C)C#N)c1,0,9.403367268203578,9.403367268203578,0.5593820861678005,-0.612438350340136,10.829980938793557,10.523783109476973,0.0,0.0,6.544756405912575,16.690354475090988,6.3273200747645415,11.009123009909725,45.894050004147324,22.22110295483279,0.0,1.723851095993953,0.0,3.9402126637692114,22.917807382212146,1.595984977324264,0.0,10.604680650037793,3.1392987055933483,8.078164525069287,0.0
CC1OC(n2cc(F)c(=O)[nH]c2=O)C(O)C1O,0,13.030841836734695,13.030841836734695,0.6387037037037036,-1.3675907029478462,41.60603146828115,24.19254420549987,0.0,0.0,10.763943219404432,0.0,6.923737199690624,4.983978520947208,0.0,0.0,4.736862953800049,18.855154006046863,0.0,23.964942838246408,19.07343285462333,-2.061033635676493,-1.171812169312169,0.0,-3.8283049886621336,1.5009544280675233,0.0
Cc1nccn1CC1CCc2c(c3ccccc3n2C)C1=O,0,13.034514361300076,13.034514361300076,0.0474130763416476,0.0474130763416476,0.0,4.794537184071822,0.0,11.701150992526333,0.0,41.67718057354257,5.693927994848461,6.196843571613076,25.25331490822692,33.29858393613033,0.0,4.263832042076089,0.0,17.287575267378656,1.094493575207861,3.27521557697153,1.2998822121441174,8.205336911381735,5.630447898295121,2.7122768382044176,2.0642730116738055
CCC(C)(C)C(=O)OC1CC(C)C=C2C=CC(C)C(CCC3CC(O)CC(=O)O3)C21,0,12.86586534038419,12.86586534038419,0.09494861247150621,-0.6010271924864974,11.518956857145081,14.69560176298435,0.0,36.48527102048771,24.17453976141019,25.683286491704038,5.5731045300692665,0.0,20.771211599071872,32.07553471988289,9.473725907600098,11.62223202052477,0.0,24.56508668502449,9.917686908488399,0.7846613747720799,0.7758697529846167,0.0,9.612790675898678,10.305005915640299,0.0
COc1ccc(CCCO[C@H](Cn2ccnc2)c2ccc(OC)cc2)cc1,1,6.2275207860922155,6.2275207860922155,0.026876379926524807,-0.026876379926524807,0.0,0.0,0.0,6.103966387748303,6.606881964512918,36.4488748100294,5.563451491696996,20.416438654168143,41.35673156801541,29.249446794793645,14.210588861400147,18.722077758884026,0.0,4.123681113373261,0.0,2.420328268512793,1.7310541131296078,16.25303963772606,7.469701152311354,1.4229036298097446,3.357214326253152
O=S(=O)(c1cccc2cnccc12)N1CCCNCC1,1,12.831725245653818,12.831725245653818,0.3743518518518525,-3.4464120370370375,10.023291153407584,8.417796984328938,0.0,0.0,24.529752693255503,23.738026457768175,0.0,34.89800433990722,6.06636706846161,10.300767124953538,0.0,27.235079365079365,0.0,4.4194808201058216,4.806299366969011,0.0,0.0,7.089858749055178,4.16192578420257,2.6504346182917615,-3.4464120370370375
Nc1ccc(S(=O)(=O)Nc2ccccn2)cc1,1,11.920950491307636,11.920950491307636,0.15032690854119468,-3.5981481481481468,10.023291153407584,8.417796984328938,0.0,10.713346253352803,5.687386274683562,0.0,30.462311845459517,18.19910120538483,0.0,9.706073385399296,5.733667477162185,26.21619614512472,0.0,4.042339222726128,0.0,6.010489516028838,0.28178240740740756,10.949290445338427,1.5147170781893005,0.0,-3.5981481481481468
CCC(C)C(NC(=O)C(Cc1ccc(O)cc1)NC(=O)C(NC(=O)C(CCCN=C(N)N)NC(=O)C(N)CC(=O)O)C(C)C)C(=O)NC(Cc1c[nH]cn1)C(=O)N1CCCC1C(=O)O,1,14.34064897933602,14.34064897933602,0.043794527178054654,-1.4934259975237631,107.93120847129725,48.56935226225598,0.0,56.902687328482926,24.099022732397476,0.0,41.689541651074535,27.694948798762496,0.0,41.54430479456174,22.30752982632726,0.0,0.0,118.31689116868982,42.02867538120502,17.457226753015345,-8.681187722670632,-3.2839107390712705,3.182920756649327,6.979384402182392,0.0
C[C@@H]1CN(Cc2ccc(F)cc2)CCN1C(=O)COc1ccc(Cl)cc1NC(N)=O,0,13.06648437919999,13.06648437919999,0.0034547692533797303,-0.7506094099399958,6.031114512338072,13.979489415818463,0.0,24.37312336405828,42.63855704535909,5.563451491696996,18.19910120538483,29.165378004696915,6.923737199690624,10.216698334856808,22.071470321194752,18.68731011869567,5.937161391158631,27.849346029908762,2.8389175648945093,6.499948829050256,-0.08753362880364546,10.382464686954414,0.0,4.503496119252514,0.0
CCCCCCC(=O)O[C@H]1CC[C@H]2[C@@H]3CC=C4CC(=O)CC[C@]4(C)[C@H]3CC[C@]12C,0,12.467615361380243,12.467615361380243,0.026557867745863994,0.026557867745863994,0.0,9.589074368143644,0.0,22.90325261449371,36.37860633070114,38.524929737556064,37.67721264469931,0.0,0.0,26.847231705905752,4.736862953800049,6.090593386842034,0.0,24.489214523166172,0.0,1.8103626283910066,2.519266581194473,0.0,15.883635873219916,7.040260340519732,0.0
CC12CCC3C(CCC4C(=O)C(=O)CCC43C)C1CCC2=O,0,12.378428064898799,12.378428064898799,0.0008706538170826228,-0.14109542968421884,0.0,14.383611552215466,0.0,28.31437687768483,29.957784707775126,44.94575136048208,0.0,0.0,0.0,13.847474399381248,0.0,0.0,0.0,36.57567443258168,0.0,-0.09748401675484986,1.8326094288023853,0.0,7.072675238305198,4.4498582503989255,0.0
CN(C)Cc1c(C(=O)NCCOc2ccc(C(O)=NO)cc2)oc2ccccc12,0,12.637078257964456,12.637078257964456,0.25833372700932244,-0.4692810766969593,5.897745344357611,9.901064578912528,0.0,12.514061693864424,35.74574369732273,10.949675706161791,0.0,24.26546827384644,43.26072197005129,10.47250133075687,14.361266915630686,11.365378325632447,0.0,14.623328091642174,24.34663563558179,1.8999382473581892,0.10930140918936937,13.96807697710608,0.0,1.1422491444336966,3.878425502389598
CN(Cc1ccc(C(C)(C)C)cc1)Cc1cccc2ccccc12,1,2.3828061224489794,2.3828061224489794,0.21566064330993884,0.21566064330993884,0.0,0.0,0.0,5.414990469396779,0.0,13.08951281182515,27.46280290402058,0.0,0.0,99.44883106567728,0.0,0.0,0.0,2.3828061224489794,2.673945020360966,4.364368812145273,0.0,24.265986188810828,0.0,8.70233534810848,2.1938918414588056
CC(C)Oc1ccc(C(=O)NC(CNC(=O)CN(C)C)Cc2ccc(-c3cn4cccc(C(C)O)c4n3)cc2)cc1Cl,0,13.193296232108635,13.193296232108635,0.04338881148114182,-0.6259059502858719,6.103966387748303,14.69560176298435,0.0,37.04967948742443,28.403595482415966,22.384282469939446,0.0,30.02274813592593,81.13540252499324,10.633577208012662,21.32178136497977,7.582975416871043,6.364528538334408,32.07909201897848,16.445339260549375,4.580874938546588,0.0924495761525419,16.27613262543153,3.662098215016491,6.045322830207148,3.6489643576901742
C=CCn1c(=O)c2cnc(Nc3ccc(N4CCN(C)CC4)cc3)nc2n1-c1cccc(C(C)(C)O)n1,1,13.181203874242085,13.181203874242085,0.24218418332006064,-1.1383826488870756,5.601050810983688,9.901064578912528,0.0,12.104023300964581,28.49353148890251,31.866411898333865,16.566032781441823,42.80439864674514,12.13273413692322,50.8439069108006,4.983978520947208,3.1620780280490015,0.0,31.601287188464937,14.099735554206662,1.5481596844073975,0.8312475482964201,13.51975479705862,3.1732618383033246,11.502504045779315,2.1453046487676537
COc1ccc(-c2cc(=O)c3c(O)c(OC)c(O)cc3o2)cc1OC,0,12.437588734567901,12.437588734567901,0.035263789157638614,-0.4705232478793986,11.178302225184446,15.007591973753234,0.0,28.22851544154929,17.062475158264807,0.0,33.46212676075582,18.19910120538483,0.0,0.0,18.627739798453494,21.013433426961875,0.0,12.437588734567901,19.97969889773326,0.14015502960443493,0.2813816626028047,7.515410499076173,0.0,0.0,4.298998416120218
CC(C)(c1ccc(OCC(O)CO)cc1)c1ccc(OCC(O)CCl)cc1,0,9.463344212514993,9.463344212514993,0.05468010165690118,-0.8820365800689596,12.207932775496605,10.213054789681411,0.0,31.115639807905872,11.49902366656781,11.126902983393991,0.0,0.0,48.53093654769288,13.847474399381248,26.18119319267332,10.960796291451054,5.562341609233299,0.0,27.639753102424176,2.0120684817349384,1.4700075535053285,15.453023183110595,-1.5607325646404613,4.157186787625514,0.0
Cc1nnc(C(=O)NC(C)(C)c2nc(C(=O)NCc3ccc(F)cc3)c(O)c(=O)n2C)o1,0,13.031127683922065,13.031127683922065,0.002944971861818413,-1.2707787727694386,40.17321227531662,23.880553994730988,0.0,24.15060874796432,5.563451491696996,4.567099647791355,38.23687745621425,13.847474399381248,0.0,25.814919345561943,4.417150937053347,19.14305268705285,0.0,41.72482506550431,22.56159608229204,-2.0579990338252907,-2.8792690747191108,5.444263831509363,0.0,4.637599212893032,1.3425978959594649
C=CC1=C(C(=O)O)N2C(=O)C(NC(=O)C(=NO)c3csc(N)n3)C2SC1,0,12.389516250944823,12.389516250944823,0.07637985646508438,-1.23714387137367,29.199378388771557,19.49013894705617,0.0,22.234210790514332,11.325958136816055,16.23669560878521,23.21796782669091,0.0,0.0,22.035415535302576,10.940920501939475,0.0,2.365646100238556,41.17143971076812,24.9000901831174,5.489065226948213,-2.2747827253414377,-0.9435667044595608,1.3978455605112974,3.560929314884075,0.0
Nc1cccc(C=CC(=O)NCc2cc3cc(-c4ccc(C(=O)N5CCC(F)(F)CC5)cc4)cc(-c4ccc(F)cc4)c3o2)n1,0,13.759767996823344,13.759767996823344,0.018061750772091045,-2.7295279999878934,5.922529168094576,22.760319511168106,0.0,50.10749276333865,28.41850982489717,27.640030181252776,23.108663974607577,48.54058958606515,30.33183534230805,10.300767124953538,10.150818414215532,47.053338711985745,0.0,30.988039581911835,3.568952148144394,10.33977584111649,-2.8449706320486134,23.898680864501053,2.2520811191677685,0.1607690318879904,0.0
C[N+]1(C)CCC(=C(c2ccccc2)c2ccccc2)CC1,0,2.334809145880574,2.334809145880574,1.1392454018644493,1.1392454018644493,0.0,0.0,0.0,0.0,0.0,4.483030857694624,42.631163571140426,5.5731045300692665,0.0,74.75901464997048,0.0,1.1392454018644493,0.0,0.0,0.0,5.77552059712774,0.0,21.711999874023686,2.4010355253212396,2.469246976568405,4.669618291761148
COc1cc(C(=O)NC2CCCNC2)cc(OC)c1OC,1,12.358009731670446,12.358009731670446,0.13615457294028688,-0.13615457294028688,0.0,4.794537184071822,0.0,11.949020558499466,22.81198699154871,25.93115605767717,21.3293926238326,12.13273413692322,0.0,10.633577208012662,14.210588861400147,15.775606700248204,0.0,12.358009731670446,6.292787565452158,0.4954383975812551,1.297568919543127,3.477052285420341,2.0588947957639334,1.8122187945298516,4.599089476457351
CCCCC1=NC2(CCCC2)C(=O)N1Cc1ccc(-c2ccccc2-c2nn[nH]n2)cc1,1,13.360507217529431,13.360507217529431,0.20151088636658643,-0.4796135906851058,5.538925252383345,4.794537184071822,0.0,5.907179729351506,12.369160903912501,73.03517711302732,0.0,0.0,23.099010936235306,57.87970634991048,4.992404732635668,0.0,0.0,20.298826380757784,14.466062022724639,3.688079662647769,1.7536014072222659,16.44025532730508,7.011854056790336,2.7579878092187915,0.0
CCS(=O)(=O)N1CC(CC#N)(n2cc(-c3ncnc4[nH]ccc34)cn2)C1,1,12.041408921899542,12.041408921899542,0.048013523757120424,-3.2673886125782325,15.56221640579093,13.679688539067424,0.0,25.26318804149795,0.0,22.29078092177798,10.632536066060775,23.999227278061962,12.263210640074686,26.119838683934933,0.0,27.188540212993676,0.0,11.565566601876506,14.520169210399192,1.6351165645321495,0.048013523757120424,4.05535260918468,6.971631353279757,2.116331869888487,-3.2673886125782325
Cc1cc2nc3c(=O)[nH]c(=O)nc-3n(C[C@H](O)[C@H](O)[C@H](O)COP(=O)(O)OP(=O)(O)OC[C@H]3O[C@@H](n4cnc5c(N)ncnc54)[C@H](O)[C@@H]3O)c2cc1C,0,12.534736287120413,12.534736287120413,0.02932780608002905,-5.541636515295172,89.50462437168291,54.03863111771477,0.0,34.01677392668366,5.516700717616262,17.454223058158533,15.46151937034725,25.980208536304467,4.983978520947208,33.75427113607144,14.994277592674052,46.57271465123475,0.0,66.62540586450766,53.045651898886035,6.109258581630916,-0.21236539463591209,3.2946680247150266,-9.931004168320122,0.795229236576968,-11.021780916817548
Clc1ccc(CCC(Cn2ccnc2)Sc2c(Cl)cccc2Cl)cc1,0,6.3509651917257735,6.3509651917257735,0.32155376039304584,0.32155376039304584,0.0,0.0,0.0,0.0,15.295204657464826,29.304516441023697,5.563451491696996,17.95872852100419,42.85599898868566,21.68381230566178,34.802819670697545,2.0875770555135635,20.393599983535566,5.0693749428826385,2.4698757862240917,1.269339516670866,0.0,13.631904028301117,7.564629803512229,0.8470322166932617,0.0
COc1ccc(-n2nc(C(N)=O)c3c2C(=O)N(c2ccc(N4CCCCC4=O)cc2)CC3)cc1,1,13.632785789680632,13.632785789680632,0.10905265747010828,-0.6663765859915538,5.907179729351506,14.383611552215466,0.0,17.50828745355147,54.312819926873644,18.52902952053558,4.681802935145184,41.17508527682493,24.26546827384644,5.098681808301038,10.470530430962235,6.6900459277176125,0.0,41.39548691171482,4.388878756743045,8.727562659095746,-0.1394687066009226,14.513339814867384,2.916838696460001,1.1007298839893416,1.5732527226796433
CCN1CCN(Cc2ccc(Nc3ncc(F)c(-c4cc(F)c5nc(C)n(C(C)C)c5c4)n3)nc2)CC1,1,14.938285462593534,14.938285462593534,0.00953789332258137,-0.6360078925877197,11.634441682091788,8.78083009534964,0.0,23.20080882259918,22.722419485148208,51.02883349878552,6.06636706846161,6.06636706846161,43.66788895539952,41.97625934918673,0.0,31.655959874649724,0.0,22.1322490875078,3.0394767486501792,2.315977513964232,0.2749479533693525,6.939818271254591,2.916416996053089,14.225153554551035,0.0
Clc1ccc(CO/N=C(\Cn2ccnc2)c2ccc(Cl)cc2Cl)c(Cl)c1,1,6.321508797027976,6.321508797027976,0.20301546184317365,0.20301546184317365,0.0,0.0,0.0,6.606881964512918,32.34697466364858,11.126902983393991,0.0,48.92236605714728,10.763943219404432,10.139691247697748,51.2413481446667,1.8634902045027104,24.366979601541075,9.562300079844757,6.395258909142029,2.1441879076733583,0.0,10.427124951645453,5.208573087679109,0.6431963690826128,0.0
CC(C)(CO)C(O)C(=O)NCCC(=O)NCCSSCCNC(=O)CCNC(=O)C(O)C(C)(C)CO,0,11.834523583831434,11.834523583831434,0.0699061549610327,-1.3669636813346366,34.85227317299317,39.60425831565011,0.0,50.95927944540601,24.595220025318728,0.0,21.587795952773444,27.694948798762496,0.0,21.267154416025324,0.0,0.0,0.0,47.28493778481621,48.51653117864733,-1.9350752269394462,-0.4283159129627109,0.0,-2.594115052747207,6.5898763150761965,3.066160914109632
CC(C)n1cnc2c(NCc3ccccc3)nc(NCCCO)nc21,0,8.957472589857982,8.957472589857982,0.1371877135862456,0.1371877135862456,0.0,0.0,0.0,12.648722793660879,31.276536493572685,11.16387793838399,5.563451491696996,6.3273200747645415,22.766200853176183,51.56572130715875,5.106527394840706,2.029695845930965,0.0,13.667533777399846,15.497061907066346,2.733095953002158,1.2487622302007226,10.424089604806493,2.4512205040163195,5.615206844243815,0.0
C[C@H](CCC(=O)NCC(=O)O)[C@H]1CC[C@H]2[C@@H]3[C@H](O)C[C@@H]4C[C@H](O)CC[C@]4(C)[C@H]3C[C@H](O)[C@]12C,0,12.042248237643502,12.042248237643502,0.0668340077584999,-1.0445590840745818,12.073271675700152,24.90865655266576,0.0,65.0793800803612,25.18037091493942,38.524929737556064,0.0,0.0,0.0,26.088000203078202,5.106527394840706,0.0,0.0,22.72214623255139,44.35480693854732,-0.21443452125804519,0.2646630434538919,0.0,5.857049800562311,6.349101839476473,0.0
CC(=O)OCC(CCn1cnc2cnc(N)nc21)COC(C)=O,1,10.95552610772398,10.95552610772398,0.11163501511715768,-0.36905533986883143,0.0,9.589074368143644,0.0,37.01861983207743,24.129455967222572,0.0,13.847474399381248,12.524163646377618,4.567099647791355,14.951935562841623,15.207393384762284,11.85938266355925,0.0,34.15669470290412,0.0,6.875801945535892,-0.6732401160647896,0.0,3.826197807023024,3.621829663709173,0.0
COc1ccc2c(c1)c(CC(=O)O)c(C)n2C(=O)c1ccc(Cl)cc1,0,12.987203404509952,12.987203404509952,0.17023930251112773,-0.9547112899593058,5.9693052879518484,14.69560176298435,0.0,12.328001352277514,38.49590105734874,0.0,4.567099647791355,56.49810422019942,0.0,0.0,16.337802844032566,6.771390964635012,5.886218622440131,24.25277154793659,10.472007186275015,2.3249163394781793,-0.5832270646754765,11.866282421404776,-0.17023930251112773,1.7485792845944963,1.5424111115335168
O=C(NC(CO)C(O)c1ccc([N+](=O)[O-])cc1)C(Cl)Cl,1,11.304786365163348,11.304786365163348,0.13230142983119153,-1.3258233558702537,34.41944964982841,20.0153828476781,0.0,5.687386274683562,5.563451491696996,0.0,24.26546827384644,0.0,0.0,5.316788604006331,28.30840717530574,0.0,10.701515153828765,19.911924964098485,31.946182154335563,0.16922162383471995,-0.7561620265390101,4.0536671005850895,-1.2529283194759382,-0.5511984284454523,0.0
N=C1NC2(c3cc(NC(=O)c4ccc(F)cn4)ccc3F)COCC2CS1,0,14.679447449396042,14.679447449396042,0.010015503242414736,-0.8320637048437374,23.08054666382664,13.575367279421462,0.0,23.386367775100823,23.610573337640265,12.263210640074686,29.960986154775945,6.06636706846161,0.0,15.61755572895987,10.146146559591571,33.22358804538163,1.3679639123608,16.05007719400509,13.947711063318165,-0.0491876655391259,-0.8307905885107847,6.696484575687993,0.9579924454987585,0.7194943511308052,0.0
O=C(O)C1O[C@@H](OC2[C@H](O)C(NS(=O)(=O)O)C(O)O[C@@H]2COS(=O)(=O)O)C(OS(=O)(=O)O)[C@@H](O)C1O,0,11.34707402750535,11.34707402750535,1.2913738898337104,-5.465815235733615,105.0280122938441,50.47403771642145,0.0,0.0,0.0,0.0,4.722094864452088,0.0,0.0,8.366170865299415,32.975365877311944,117.56531901886227,0.0,11.34707402750535,49.69333962087028,0.0,-1.936578904033811,-2.1923134369488544,-21.11034107480356,-1.2913738898337104,-15.825125361617964
Nc1nc(N)nc(NC2CC2)n1,0,5.373337112622827,5.373337112622827,0.15800925925925946,0.15800925925925946,0.0,0.0,0.0,11.896678561972989,11.990180110134455,12.841643245852019,0.0,0.0,0.0,20.268724166847953,11.46733495432437,0.0,0.0,11.412520786092214,3.075277777777778,10.746674225245654,0.7905555555555563,0.49185185185185165,2.3164531368102796,0.0,0.0
Nc1ccc(C(=O)NCC(=O)O)cc1,0,11.245159674981103,11.245159674981103,0.38570460128495854,-1.0751898043167876,11.876485017303354,9.589074368143644,0.0,6.544756405912575,11.250837766380558,0.0,12.13273413692322,12.13273413692322,0.0,5.316788604006331,10.84019487200289,0.0,0.0,21.399621966070377,10.557215818426137,6.367844414000168,-1.4988935080204913,6.226582577475433,0.0,-0.38570460128495854,0.0
COc1cc(OC)cc(N(CCNC(C)C)c2ccc3ncc(-c4cnn(C)c4)nc3c2)c1,0,5.5104884434810755,5.5104884434810755,0.39926465244126697,0.39926465244126697,0.0,0.0,0.0,0.0,6.041840829147961,58.25408994953806,0.0,31.295085160926405,37.50998382813671,46.279567200409524,14.457704428547306,12.782156059267072,0.0,11.708095539154343,7.750402985445826,5.394007736307971,1.482617512742804,12.451180714567363,5.522309284046748,5.862456516480686,5.213440318653856
O=P1(N(CCCl)CCCl)NCCCO1,0,12.188549382716051,12.188549382716051,0.4225385802469137,-2.842183641975309,7.670279738874966,4.565048284931329,0.0,0.0,31.456401666278747,12.965578028838586,0.0,4.6704161899212995,0.0,5.0872950630771525,27.72562694217685,19.174876543209876,11.248020754598135,0.0,2.9071604938271607,0.0,0.8450771604938274,0.0,0.8884722222222223,2.3063542454018644,-2.842183641975309
OCc1cc(C(O)CNCCCCCCOCCCCc2ccccc2)ccc1O,0,10.21518463640211,10.21518463640211,0.05330841642776196,-0.6470455298187578,6.103966387748303,15.319582184522117,0.0,12.356393797796823,17.671659389306566,58.283450072494475,18.050640183084614,12.13273413692322,0.0,35.64862394631438,4.736862953800049,5.72272644370713,0.0,0.0,32.25581291648074,2.5341057356572696,0.05330841642776196,15.423372013483434,7.2384917444760974,2.772182729767563,0.0
CCC1OC(=O)CC(O)C(C)C(OC2OC(C)C(OC3CC(C)(O)C(O)C(C)O3)C(N(C)C)C2O)C(CC=O)CC(C)C(=O)C=CC(C)=CC1COC1OC(C)C(O)C(OC)C1OC,0,13.771209719284817,13.771209719284817,0.007877117894485863,-1.490617714899162,139.82231957664033,39.91624852641899,0.0,31.652591779655886,11.993926152995275,6.2861605231295545,27.21935238907957,59.68995980149185,19.92349450621513,0.0,42.63176658420044,54.6699127063957,0.0,41.53363198612824,55.7713436973113,-0.8060992812194194,-3.588893087477757,-0.7484506910636319,-8.488250324820694,13.64009869320925,6.433372968203674
Oc1c(Cl)cc(Cl)c(Cl)c1Cc1c(O)c(Cl)cc(Cl)c1Cl,1,10.018814562862183,10.018814562862183,0.030682634164777456,-0.25219324766943774,0.0,10.213054789681411,0.0,59.18254815533576,0.0,0.0,12.13273413692322,0.0,0.0,0.0,69.60563934139509,0.0,35.692815955600345,0.0,20.632948475686575,0.4253703703703713,-0.5043864953388755,2.6323257677556624,-0.04574074074074086,0.0,0.0
NC(=O)C(CCC(F)(F)F)N(Cc1ccc(-c2ncon2)cc1F)S(=O)(=O)c1ccc(Cl)cc1,1,14.864242988402893,14.864242988402893,0.06600148563950414,-4.679666232105668,53.35223072216101,30.773994359100037,0.0,26.86942427065302,4.305215991296233,24.592740704175352,24.26546827384644,0.0,0.0,14.663736715046,17.3346073673947,85.14558541442037,5.787870157312901,15.493231649154199,3.771050517483703,5.285768785726548,-2.153200468747408,6.396482644462354,-6.082057278694831,-0.7690665154950871,-4.597887127844964
COc1ccc(C(Cl)=C(c2ccc(OC)cc2)c2ccc(OC)cc2)cc1,0,6.860466777245877,6.860466777245877,0.6601729024943312,0.6601729024943312,0.0,0.0,0.0,0.0,5.032286352113597,39.51199450501197,0.0,21.3293926238326,72.79640482153933,0.0,25.811528751632665,15.794948304900227,6.860466777245877,0.0,0.6601729024943312,3.856307581674646,2.389317866009786,23.43311109011506,0.0,0.0,4.950119922004519
CC1=C(CC(=O)O)c2cc(F)ccc2C1=Cc1ccc([S+](C)[O-])cc1,0,13.655534832793407,13.655534832793407,0.14545533107131225,-1.0364096252383892,17.145159761337137,13.737702105437005,0.0,12.238042463971905,11.136556021766262,27.1685955190503,12.13273413692322,24.454870388896232,25.132491443447723,0.0,5.106527394840706,25.147176880286825,-1.0364096252383892,11.930884476689922,9.168852794701323,4.743911022227822,-1.327725827296533,11.809380248723983,3.427540703598396,1.8586115485288766,0.0
Nc1nc(NC2CC2)c2ncn(C3C=CC(CO)C3)c2n1,0,9.257136034727123,9.257136034727123,0.16224537037037035,0.16224537037037035,0.0,5.106527394840706,0.0,24.514968120808767,6.041840829147961,36.24420558499705,0.0,6.3273200747645415,10.643119754625236,26.344744273681833,5.733667477162185,2.0115192743764174,0.0,13.083932350718065,12.615718958637428,7.3497308830939785,1.183530617493911,0.646315480138081,9.104055755018056,0.17186334719072827,0.0
COc1ncc(-c2ccc3nccc(-c4ccnnc4)c3c2)cc1NS(=O)(=O)c1ccc(F)cc1F,1,14.181317572226888,14.181317572226888,0.010587184981124098,-4.404249514788037,26.55321631101715,17.198627079678577,0.0,11.567374611118932,11.629818560158606,39.72601354409527,19.37300818135222,18.59053071483923,30.33183534230805,24.88741552294858,4.736862953800049,60.648011766076074,0.0,7.924892037201256,8.60322672614343,3.7860049578499204,-2.1231524295670674,13.0072131987164,6.479673360337708,0.0,-3.0758696167577204
CC(C)NCC(C(=O)N1CCN(c2ncnc3c2C(C)CC3O)CC1)c1ccc(Cl)cc1,1,13.497378849305257,13.497378849305257,0.13595290585370012,-0.5155480648140767,6.103966387748303,9.901064578912528,0.0,17.742991821674295,50.209077795378164,22.63869375607748,0.0,6.3273200747645415,29.165378004696915,40.9558669758231,11.600939890232516,0.0,6.06335989511569,26.54248565069855,14.377062685200016,2.7869731445951764,1.0191127957522328,7.87281987390009,1.7128290302614242,9.569801368921267,0.0
CC(=O)O[C@H]1C[C@@]2(C)[C@@H](C[C@@H](O)[C@H]3[C@@]4(C)CC[C@@H](O)[C@@H](C)[C@@H]4CC[C@@]32C)/C1=C(\CCC=C(C)C)C(=O)O,0,12.617001138464985,12.617001138464985,0.0474355904870869,-0.95269685111699,24.146543351400304,24.90865655266576,0.0,40.10265593442281,37.174297067934695,36.82949555184257,6.923737199690624,0.0,19.92349450621513,27.694948798762496,4.736862953800049,5.872140425027782,0.0,24.82587144206618,32.87737237679315,1.5690634809980577,-0.909461639072203,0.0,6.22440896236923,14.457271618484466,0.0
COc1cc(NS(=O)(=O)c2ccc(N)cc2)nc(OC)n1,0,12.218167989417989,12.218167989417989,0.0098554421768704,-3.7869954648526076,10.023291153407584,8.417796984328938,0.0,22.60379942937501,5.687386274683562,0.0,44.55143042486311,0.0,0.0,14.690051906346504,15.207393384762284,36.590602695164385,0.0,7.840806934267433,0.0,6.0009881046082345,0.21516770597127777,7.118545288485765,0.0,0.0,-1.0161107284970918
S=c1[nH]cnc2[nH]cnc12,0,4.929351851851852,4.929351851851852,0.6168981481481481,0.6168981481481481,0.0,0.0,0.0,0.0,4.640589267438692,11.16387793838399,0.0,12.654640149529083,0.0,19.93591408378883,12.217873443046695,0.6168981481481481,4.929351851851852,13.559583333333332,0.0,1.4456018518518523,0.0,0.0,3.1152314814814814,0.0,0.0
CCN(CC)C(=S)SSC(=S)N(CC)CC,1,5.341120559334845,5.341120559334845,0.9208390022675739,0.9208390022675739,0.0,0.0,0.0,0.0,0.0,34.82009379476824,0.0,21.587795952773444,0.0,37.49476826046345,24.43574688609339,1.841678004535148,10.68224111866969,4.329057067271353,0.0,0.0,0.0,0.0,0.0,12.296283068783069,3.184074074074074
COc1ccc2cc(CCC(C)=O)ccc2c1,0,10.947641763699664,10.947641763699664,0.23595171723418495,0.23595171723418495,0.0,4.794537184071822,0.0,5.783244946364939,6.4208216229260096,17.55655767067471,10.949675706161791,14.033534740968157,18.19910120538483,18.19910120538483,4.736862953800049,5.186827398391252,0.0,10.947641763699664,2.349793556311414,1.2063581821617537,1.1053831703709953,12.30789383345931,1.4295276675485007,1.6308643602068926,1.6690434011835527
CC(C)(C(=O)NCC(F)(F)C(F)(F)F)C(=O)NC1C(=O)Nc2ccccc2-c2ccccc21,1,13.151443731364889,13.151443731364889,0.4241786216195491,-5.857307940186172,47.82195457804988,36.33568679058956,0.0,0.0,22.37774074977455,13.847474399381248,5.316788604006331,48.53093654769288,0.0,10.633577208012662,0.0,63.37631150162148,0.0,38.08564590896684,6.589901073345111,0.20405990974521548,-8.159714689747764,12.422394963391984,-5.857307940186172,0.08870927286331431,0.0
COc1ccc(-c2oc3c(CC=C(C)C)c(OC4OC(CO)C(O)C(O)C4O)cc(O)c3c(=O)c2OC2OC(C)C(O)C(O)C2O)cc1,0,14.250641142233857,14.250641142233857,0.07253087395809232,-1.7720819461733412,84.9464805836381,45.64675634279746,0.0,34.46327672288839,11.3129633249809,11.639471598530877,14.033534740968157,30.34148838068032,13.847474399381248,0.0,28.10146570605359,34.49970780431897,0.0,14.250641142233857,82.88999655378136,0.3414728807671299,-0.9215553993177734,7.410101847490466,-13.674436379567613,4.4008490319236255,1.4698891850366373
C=c1c(C(=O)N2CCN(C)CC2)c(C)[nH]c1=Cc1c(O)[nH]c2ccc(S(=O)(=O)N(C)c3cccc(Cl)c3)cc12,0,13.45031082915419,13.45031082915419,0.05052964187385345,-3.9274995286001624,10.023291153407584,18.318861563241466,0.0,16.68265154130465,62.09106476493475,17.39472880312138,19.18040611960041,36.407855449141934,18.87131891321829,21.446802456343388,11.600939890232516,28.06192281722283,6.067375225958159,23.47323453389333,12.750409520216639,2.562792740225831,-0.20516494771867744,11.196508785874839,1.681888590606123,8.874903633902402,-0.4360931224036926
Nc1nc(Cl)nc2c1ncn2C1CC(O)C(CO)O1,1,9.737182364715434,9.737182364715434,0.01759592571596591,-0.7341609977324268,18.435833946231476,5.106527394840706,0.0,17.708331062392205,17.58469956131,0.0,6.3273200747645415,4.567099647791355,0.0,14.951935562841623,27.177997716035456,7.156880196523055,5.770617318944037,11.99140589569161,18.83140238760113,6.572330719324768,0.18611444423448464,0.0,0.016868543713780104,-0.247841728255088,0.0
CC(Cc1ccc(O)c(O)c1)(NN)C(=O)O,0,10.95413281053162,10.95413281053162,0.0899537037037037,-1.3160591458805744,11.508230540335195,9.901064578912528,0.0,17.919845289493818,5.563451491696996,0.0,25.122838405075452,0.0,0.0,5.425791397110385,16.055725059947648,0.0,0.0,10.95413281053162,27.32426343222474,1.454553807634165,3.547990047871002,4.115973167044595,0.0899537037037037,1.4297996976568406,0.0
CCN(CC)CCOC(=O)c1ccc(N)cc1,0,11.632566137566137,11.632566137566137,0.2942998866213149,-0.2942998866213149,0.0,4.794537184071822,0.0,5.9693052879518484,17.857719730893475,19.634269217737724,0.0,24.26546827384644,0.0,18.747384130231726,10.470530430962235,5.180675547996977,0.0,13.837190623162844,0.0,6.727671242765038,-0.2942998866213149,6.742182854623331,0.0,7.306579618073125,0.0
C=CCc1cc(OC)c(O)c(C(=O)NCCO)c1,1,11.785424225245652,11.785424225245652,0.12467592592592625,-0.45299792139077844,5.907179729351506,9.901064578912528,0.0,30.2141135286903,6.4208216229260096,5.563451491696996,7.109797541277533,18.208754243757102,0.0,11.895724287604828,9.843390348640755,5.013582136558327,0.0,11.785424225245652,21.01258541727833,0.9383782123960702,-0.4212844860166287,3.2282512125220455,2.262052232930209,3.595543755687154,1.4188006267321742
CN(CC(=O)O)C(=N)NP(=O)(O)O,0,10.3003018707483,10.3003018707483,0.5081018518518521,-4.528275069286973,26.22010469361183,9.35958546900315,0.0,0.0,0.0,4.899909730850477,12.134967045754342,0.0,0.0,0.0,20.302634206137178,10.3003018707483,0.0,27.68053335222978,16.810592403628117,0.0,-1.8375044091710753,0.0,0.0,-0.5081018518518521,-3.3069324766943806
CCOC(=O)C(C)(C)Oc1ccc(Cl)cc1,0,11.56280248313317,11.56280248313317,0.33952496430671064,-0.9961909486016625,5.601050810983688,4.794537184071822,0.0,5.9693052879518484,17.37902711153815,0.0,0.0,45.03667987291831,0.0,0.0,21.074665797832616,10.450581914350103,5.747994286412997,11.56280248313317,0.6261952265474096,-0.9961909486016625,0.20129913076341732,6.836174571680524,0.0,5.432254446825154,0.0
Cc1cc(C)nc(NS(=O)(=O)c2ccc(N)cc2)n1,0,12.103550642479213,12.103550642479213,0.064189814814815,-3.6941666666666655,10.023291153407584,8.417796984328938,0.0,10.84382275650427,17.075242264380485,0.0,24.26546827384644,19.913841467842857,0.0,14.690051906346504,5.733667477162185,26.55195200302343,0.0,8.187597946586042,0.0,7.417336997318058,0.064189814814815,7.676075949663612,0.0,3.5470139552607085,-3.6941666666666655
OCCOCCN1CCN(C2=Nc3ccccc3Sc3ccccc32)CC1,0,8.794858222677902,8.794858222677902,0.08977863802247743,0.08977863802247743,0.0,0.0,0.0,6.606881964512918,13.213763929025836,44.246788090003704,15.354418442732545,11.761884949391115,0.0,58.33075600939383,14.835795081276423,5.399028326939964,1.798722947017534,12.364960817989111,8.794858222677902,2.2703353771382275,1.0826208385736706,16.944238690844895,0.0,6.011901445485361,0.0
C[Se]CCC(N)C(=O)O,1,10.087087112622827,10.087087112622827,0.5486805555555556,-0.8895833333333327,12.011146117099809,4.794537184071822,0.0,0.0,21.377599999364797,5.3192419153521575,0.0,0.0,0.0,5.822157492116773,10.84019487200289,0.0,0.5486805555555556,10.087087112622827,9.249364134542706,5.213009259259259,1.181419123204838,-0.6464583333333336,0.6168981481481481,0.0,0.0
O=C(OC1Cc2c(O)cc(O)cc2OC1c1cc(O)c(O)c(O)c1)c1cc(O)c(O)c(O)c1,0,12.721634175275048,12.721634175275048,0.05257026433162815,-1.181149166456706,52.67430906315188,45.64675634279746,0.0,40.35971159786871,0.0,30.33183534230805,6.06636706846161,0.0,0.0,0.0,9.473725907600098,11.28482258335433,0.0,12.721634175275048,78.2144187769535,-0.018859651885444695,-6.060846151520301,6.1808019021556175,-2.488638300999412,0.0,0.0
CCCCN1CCCCC1C(=O)Nc1c(C)cccc1C,0,12.69273478835979,12.69273478835979,0.04565381708238769,0.04565381708238769,0.0,4.794537184071822,0.0,11.949020558499466,0.0,42.74544531575472,19.26246486877803,0.0,6.06636706846161,43.120644070851895,0.0,0.0,0.0,15.06370701058201,3.1740077003023432,3.265787273242631,0.1696324640967497,6.189656214146202,5.721966308319573,8.41524302931049,0.0
N=c1cc(N2CCCCC2)nc(N)n1OS(=O)(=O)O,0,10.627114440894204,10.627114440894204,0.31416808390022655,-4.750528339422187,10.399000581649608,8.417796984328938,0.0,11.436046232444264,10.548270419741254,32.35197768060318,6.06636706846161,0.0,4.899909730850477,9.2677895835335,15.695700956644071,34.44801012404503,0.0,5.955858843537414,7.666850198412699,5.226518565759637,0.18341317082388553,1.3401388888888888,3.2173395652133934,1.6290656494079112,-4.750528339422187
c1ccc2c(c1)sc1ccccc12,0,2.1886574074074074,2.1886574074074074,1.3778703703703705,1.3778703703703705,0.0,0.0,0.0,0.0,0.0,0.0,20.17228826186779,0.0,11.336785877934735,48.53093654769288,0.0,2.7568518518518523,1.8616666666666664,0.0,2.755740740740741,0.0,0.0,17.12574074074074,0.0,0.0,0.0
CCCCCCCCCCCCCCCc1cccc(O)c1C(=O)O,1,11.216494281451862,11.216494281451862,0.07077472340704971,-1.0390795349266397,5.9693052879518484,15.007591973753234,0.0,11.3129633249809,0.0,24.825916360475023,76.69540492064775,6.06636706846161,6.06636706846161,6.923737199690624,0.0,0.0,0.0,11.216494281451862,18.875106519522124,0.8166756502775108,-1.164362773556983,4.972032476915739,17.691998351626786,2.2587221604296266,0.0
CN1CCN(C2=Nc3ccccc3Oc3ccc(Cl)cc32)CC1,0,6.231336346266901,6.231336346266901,0.6945681636852274,0.6945681636852274,0.0,0.0,0.0,0.0,5.022633313741326,54.76450684235593,0.0,0.0,42.46456947923127,16.847491444378143,21.330207576668233,6.089298548122953,6.231336346266901,9.5612105361692,0.6945681636852274,1.8120403439153445,2.5257203745695813,13.602470675513002,0.0,3.9461837049634667,2.148282417905434
CCc1oc2ccccc2c1C(=O)c1cc(Br)c(O)c(Br)c1,0,12.933560090702946,12.933560090702946,0.07344135802469154,-0.12203703703703672,0.0,9.901064578912528,0.0,11.532756779648844,37.836431198501515,5.386224214464796,0.0,12.13273413692322,31.18920547353706,31.859887795898697,4.417150937053347,6.718685962039135,6.5163057445200305,12.933560090702946,10.601931675460715,1.7777801660787778,0.6241079302091214,10.73702888870322,0.6350954270597128,1.9555041152263375,0.0
O=C(Cc1cccc(OC(F)(F)F)c1)Nc1ccc(CCCCc2nnc(NC(=O)Cc3ccccn3)s2)nn1,0,12.391399304586358,12.391399304586358,0.1530455746543551,-4.805659481781993,18.019050421665796,22.760319511168102,0.0,24.566685753038552,29.23058121223681,35.675929074476464,23.469520014857956,30.462311845459517,6.06636706846161,40.749145915964064,0.0,41.05089752423516,1.3294333957675775,28.544681116929564,22.84912815096658,1.778119920216381,-0.8058208643705784,13.989372135344105,-0.15247804575544333,0.0,0.0
O=C(O)c1ccccc1,0,10.200925925925926,10.200925925925926,0.33101851851851904,-0.8790740740740743,5.9693052879518484,4.794537184071822,0.0,0.0,5.563451491696996,0.0,0.0,30.33183534230805,0.0,0.0,5.106527394840706,0.0,0.0,10.200925925925926,8.384814814814815,0.33101851851851904,-0.8790740740740743,8.295648148148148,0.0,0.0,0.0
COC(=O)C(c1ccccc1Cl)N1CCc2sccc2C1,0,12.294248472537163,12.294248472537163,0.2622411186696898,-0.4474537037037043,6.041840829147961,4.794537184071822,0.0,5.9693052879518484,5.022633313741326,25.073785926448156,17.55039622667583,11.336785877934735,24.26546827384644,16.346339569778003,16.337802844032566,5.007809980473671,8.069305651787463,15.846354429117326,2.7088877690994093,2.108243417737466,-0.2622411186696898,9.161105862097925,0.963240976946334,1.5856412194507432,1.4227629230704628
COC(=O)NC(C(=O)NC(Cc1ccccc1)C(O)CN(Cc1ccc(-c2ccccn2)cc1)NC(=O)C(NC(=O)OC)C(C)(C)C)C(C)(C)C,0,13.797318778650155,13.797318778650155,0.1198270695253918,-1.2197720919686106,59.06030941456557,24.28467613112799,0.0,19.51033443475116,0.0,22.38428246993945,14.219595082555067,31.97696769463948,93.56761642061119,26.360135730076586,9.473725907600098,9.538302770420852,0.0,56.33149229298749,21.5733433624831,4.876714466757628,-1.0346511044542872,19.836083496256204,-0.7783533025131033,10.888067888491163,2.4356667962376237
CC(Cc1cc2c(c(C(N)=O)c1)N(CCCO)CC2)NCCOc1ccccc1OCC(F)(F)F,0,12.445366201992368,12.445366201992368,0.044470359165294626,-4.422868634449574,18.690360211307897,17.96578232709628,0.0,30.754628424741604,31.494607549374166,29.77986728691614,6.06636706846161,18.19910120538483,12.990104268152233,16.283065403318417,20.313920779602988,47.785767743382905,0.0,14.23589897716279,12.465190864818119,9.11552663266487,-0.17673759609277728,10.245714051850353,-2.3145570413915837,2.893196367605325,0.0
C=c1c(O)c(O)cc2c1=CC=C1C2(C)CCC2(C)C3CC(C)(C(=O)O)CCC3(C)CCC12C,1,12.240465075987885,12.240465075987885,7.460159989913784e-05,-0.6548059768430887,11.384295757348628,20.11411936859394,0.0,33.15898554415492,11.13655602176626,55.727852827783934,5.5731045300692665,6.06636706846161,6.923737199690624,46.425924696028744,0.0,0.0,0.0,12.240465075987885,32.16456125676203,1.6627676308062767,-0.5460300010499453,1.7399945591375516,10.967022458107623,15.521219020248584,0.0
CC(C)CC(N)=O,0,10.031944444444445,10.031944444444445,0.21296296296296258,-0.21296296296296258,0.0,4.794537184071822,0.0,5.907179729351506,12.338727669087403,0.0,0.0,0.0,13.847474399381248,0.0,5.733667477162185,0.0,0.0,10.031944444444445,0.0,4.854444444444445,0.18750000000000022,0.0,0.5,3.926111111111111,0.0
Clc1ccc(Cn2c(CN3CCCC3)nc3ccccc32)cc1,0,6.007427958089333,6.007427958089333,0.7791938641465161,0.7791938641465161,0.0,0.0,0.0,0.0,0.0,29.453251341182664,37.011308266990426,0.0,12.13273413692322,45.86521178941149,16.58491841117972,2.344138321995465,6.007427958089333,7.384686353965455,0.7791938641465161,3.5347522290809334,1.155601851851852,16.49633123288937,2.6059776998494533,4.136334932576064,0.0
Cc1c(C(=O)NN2CCCCC2)nn(-c2ccc(Cl)cc2Cl)c1-c1ccc(Cl)cc1,0,13.051259238263205,13.051259238263205,0.22828749195151277,-0.22828749195151277,0.0,4.794537184071822,0.0,5.907179729351506,26.449214210756004,42.75198703591962,6.4208216229260096,22.880904140530014,36.19811799749159,10.524473205411422,34.802819670697545,1.696776423532376,18.62056185095871,13.051259238263205,8.224967236872034,6.419410745779795,-0.22828749195151277,12.628499550493599,3.3373273544349695,3.5828184249501587,0.0
NC(=O)CCC(N)C(=O)O,0,10.100084089191231,10.100084089191231,0.021296296296296147,-1.1099537037037035,17.918325846451314,9.589074368143644,0.0,12.841643245852019,0.0,0.0,0.0,0.0,0.0,0.0,16.573862349165076,0.0,0.0,20.134780801209374,8.217769274376417,9.810922146636432,-1.6407870370370365,-0.9791666666666672,0.12314814814814823,0.0,0.0
Cc1ccc2c(c1)c1c(n2CCc2ccc(C)nc2)CCN(C)C1,0,4.434473070870528,4.434473070870528,1.0311007180650036,1.0311007180650036,0.0,0.0,0.0,0.0,0.0,38.16984045843821,33.287207402020506,0.0,13.1205807713037,58.75423242426489,0.0,2.552543461829176,0.0,6.863381047513894,1.4431306689342405,8.203637742261481,0.0,11.21265324493995,4.198732783236752,7.470482466517369,2.222105251433805
CC1(C)[C@@H](O)CC[C@]2(C)C3C(=O)C=C4C5C[C@@](C)(C(=O)O)CC[C@]5(C)CC[C@@]4(C)[C@]3(C)CC[C@@H]12,0,14.20235158415218,14.20235158415218,0.029556379650625964,-0.7110719173586688,11.384295757348628,19.802129157825057,0.0,50.797975773419914,12.338727669087403,51.36657298340809,5.5731045300692665,0.0,12.999757306524504,41.54242319814374,0.0,0.0,0.0,26.432761510478464,20.91043751576552,0.1415833523555854,0.060275669613241156,0.0,9.952511592201382,15.83576369291914,0.0
CC(c1ncncc1F)C(O)(Cn1cncn1)c1ccc(F)cc1F,0,14.379223670949862,14.379223670949862,0.09598119803476934,-1.9576620370370366,28.970619380282763,18.277772537865165,0.0,17.802135892458033,6.06636706846161,24.65689778330084,24.260180284364893,0.0,0.0,20.05061737114266,0.0,43.031687907817954,0.0,11.199901283414091,15.189388384983623,-2.2527985638699914,-3.4691189531368094,2.8012529919375155,4.661094734189971,1.2552588813303096,0.0
O=c1c(CC[S+]([O-])c2ccccc2)c(O)n(-c2ccccc2)n1-c1ccccc1,1,13.216578640715547,13.216578640715547,0.12952338960275456,-1.2552839366199156,11.175854473385288,14.453814452602892,0.0,29.176381952857174,16.270256024884898,0.0,9.363605870290368,12.13273413692322,78.86277189000094,0.0,0.0,15.534420579220363,-1.2552839366199156,13.92293670271394,10.93186035525321,1.2482145854719815,0.12087941966910298,27.512012764182977,0.20718175233056257,0.0,0.0
COc1cc2ncnc(Nc3ccc(F)c(Cl)c3)c2cc1OCCCN1CCOCC1,0,13.468244022471676,13.468244022471676,0.03640857118318075,-0.4747555099301797,5.817220841045894,4.39041504767482,0.0,5.022633313741326,35.12785540121558,44.655078984154365,18.460054211687762,13.176164609739143,12.13273413692322,20.184655376751223,25.811528751632665,30.373687188141986,5.895463515763117,11.035060718058636,3.9656523368373766,1.3179841601243467,1.3111794738693126,8.089993046623432,2.350959873566399,5.004639048839564,1.5998250826202733
C=C(c1ccc(C(=O)O)cc1)c1cc2c(cc1C)C(C)(C)CCC2(C)C,0,11.07665062264678,11.07665062264678,0.15352010341683853,-0.9063846718924278,5.9693052879518484,4.794537184071822,0.0,10.829980938793557,5.563451491696996,16.70000751346326,29.531997720943007,12.13273413692322,12.13273413692322,53.33035581897482,5.106527394840706,0.0,0.0,11.07665062264678,9.092131807558118,7.791085560346474,-0.9063846718924278,11.633108360628203,2.3736798424531527,15.773061811593037,0.0
NC1CCCCN(c2c(F)cc3c(=O)c(C(=O)O)cn(C4CC4)c3c2Cl)C1,0,15.023397581254724,15.023397581254724,0.00663926681783833,-1.3237047990556288,17.215316520898284,14.69560176298435,4.39041504767482,33.7433769528826,18.606213529441412,38.17047518309165,6.196843571613076,4.567099647791355,4.899909730850477,0.0,17.3346073673947,16.748804327286468,6.6324724426807755,25.9168559248258,9.506480049932431,5.687535746430498,-1.945384693235522,1.1321629354858966,5.807448508048255,1.1247358696565044,0.0
C#Cc1cccc(Nc2ncnc3cc4c(cc23)OCCOCCOCCO4)c1,0,5.909514835446473,5.909514835446473,0.4052916403782205,0.4052916403782205,0.0,0.0,0.0,0.0,56.95817823148034,22.153762698461616,6.3273200747645415,0.0,36.39820241076966,21.20517996475639,25.370801710820455,22.734886753259254,0.0,8.774408535988623,4.119674872652867,2.3702607323781644,4.5072391758841075,11.317223882912813,7.007498939263417,2.8354737743274296,0.0
CS(=O)(=O)Nc1ccc([N+](=O)[O-])cc1OC1CCCCC1,1,11.363347820609725,11.363347820609725,0.02697751322751385,-3.4734440875115475,14.946602202225254,18.53211525309451,0.0,23.228250770399335,0.0,38.359877298141456,18.19910120538483,0.0,0.0,4.722094864452088,4.736862953800049,30.84853757243638,0.0,10.323431712962963,10.85323723702444,0.10512400793650767,0.20974537037037044,3.8757001921138827,6.007667994667002,0.0,-3.4734440875115475
CCCCCCCCCCCC(CC1OC(=O)C1CCCCCC)OC(=O)C(CC(C)C)NC=O,0,12.865690282533233,12.865690282533233,0.07338886726266725,-0.6324977677537624,6.041840829147961,14.383611552215466,0.0,35.98235544372309,19.25173855196814,38.524929737556064,57.787394606334104,0.0,13.847474399381248,19.16426300338758,9.473725907600098,11.402396285570127,0.0,35.961655674734466,2.6204883015733538,0.0,-0.30238132020598285,-0.6324977677537624,18.49868064372259,8.45165818235921,0.0
CCN1CCN(Cc2ccc(-c3cc4c(NC(C)c5ccccc5)ncnc4[nH]3)cc2)CC1,0,4.5187890876234995,4.5187890876234995,0.1538206420845254,0.1538206420845254,0.0,0.0,0.0,6.041840829147961,0.0,54.28766932326331,24.21641579521914,6.3273200747645415,6.06636706846161,98.51332164408467,0.0,0.0,0.0,17.511067805530494,4.555312979781662,5.657063508118468,0.8487914836475998,21.617564082415548,1.6151249786933548,11.195075161812873,0.0
O=c1cc(-c2cccc3c2Sc2ccccc2S3)oc(N2CCOCC2)c1,1,12.363622694078142,12.363622694078142,0.03777079659024096,-0.03777079659024096,0.0,4.794537184071822,0.0,5.428790391900541,24.858193549761285,23.548447779039922,14.686450426553325,35.65650403570545,12.13273413692322,35.23174507315853,9.154013890853395,11.592044131166016,3.4950108274995535,19.257099829333328,0.0,0.9267778145208704,1.2366561686402957,17.72412458234858,0.0,2.7682866464913585,0.0
NC(=O)OCC(COC(N)=O)c1ccccc1,0,10.54075711766188,10.54075711766188,0.034351851851851745,-0.8703647014361293,12.18648014187683,9.589074368143644,0.0,19.13166997518723,0.0,5.563451491696996,0.0,0.0,30.33183534230805,0.0,20.94106086192447,9.394903628117914,0.0,21.08151423532376,0.0,10.632732111363064,-0.28129629629629704,9.177505353993448,-1.7407294028722582,0.06870370370370349,0.0
NC(=O)c1ccc(-c2nc(-c3ccc4c(c3)OCO4)c(-c3ccccn3)[nH]2)cc1,0,11.33841826211897,11.33841826211897,0.21221413525095967,-0.4664644531939739,5.907179729351506,4.794537184071822,0.0,6.792942306099827,22.886879656264732,28.208686967939375,0.0,18.329577708536295,48.53093654769288,9.967957041894415,20.19137190570949,10.92229285263331,0.0,23.988366392975742,0.0,9.801030861669668,1.593820798060447,18.411912376232536,1.7370292498440045,0.21221413525095967,0.0
CC1(C)SC2C(NC(=O)C(N)c3ccc(O)cc3)C(=O)N2C1C(=O)O,0,12.347538895187707,12.347538895187707,0.060620503744949206,-1.0565544740986657,46.03008250028504,24.596666341896878,0.0,5.749511833283905,5.563451491696996,0.0,40.92726295408803,13.847474399381248,0.0,5.316788604006331,5.733667477162185,-0.6481045711443436,1.3530174446832093,37.47009326651157,20.864004624308485,6.4092400741160676,-1.9379691177460066,3.205759785982547,0.0,3.533958493288469,0.0
CN1CCN2c3ccccc3Cc3ccccc3C2C1,0,2.6122685185185186,2.6122685185185186,0.4940740740740739,0.4940740740740739,0.0,0.0,0.0,0.0,6.041840829147961,26.055090840663734,22.37774074977455,0.0,0.0,65.37842799207102,0.0,0.0,0.0,5.062546296296297,0.0,5.8951880196523065,0.0,18.370962537792895,1.0585922146636433,3.379824499244142,2.232886432350718
CC12CCC3c4ccc(O)cc4CCC3C1CCC2=O,0,12.261953206826043,12.261953206826043,0.032153525762156576,-0.032153525762156576,0.0,9.901064578912528,0.0,5.414990469396779,29.286474918133024,32.10410811463005,17.547724606320003,0.0,12.13273413692322,12.990104268152233,0.0,0.0,0.0,12.261953206826043,9.66558891650477,2.745277502204586,2.7848295514193326,5.8977185689090454,6.343482825228857,2.2178160955740323,0.0
CCCCCC(O)C=CC1C(O)CC(=O)C1CCCCCCC(=O)O,0,12.12579226349248,12.12579226349248,0.10477662065234283,-0.7668623889428152,18.177238063448453,19.802129157825053,0.0,30.460700284539744,6.4208216229260096,51.36657298340809,0.0,6.076020106833881,6.076020106833881,6.923737199690624,5.106527394840706,0.0,0.0,22.598378221991908,28.743531832721928,0.0,-1.0362429079982076,0.0,10.740972308151322,2.120027211799717,0.0
CC#CC1(O)CCC2C3=C(C4=C(CC3)CC(=O)CC4)C(c3ccc(N(C)C)cc3)CC21C,0,12.21830742219156,12.21830742219156,0.24773911879566657,-0.9266244514781219,5.601050810983688,9.901064578912528,0.0,11.332896515558172,24.542794238378352,38.524929737556064,27.970151356588357,5.5731045300692665,6.923737199690624,62.02532780745321,0.0,0.0,0.0,14.350485811357908,11.725175948874089,7.295673503050849,7.3033411178150995,8.963943006214832,6.923827732462742,4.12960590976412,4.141280303793693
Oc1c2c(c(O)n1CCCCN1CCN(c3nsc4ccccc34)CC1)CCCC2,0,10.48037278625378,10.48037278625378,0.297503490749065,0.297503490749065,0.0,10.213054789681411,0.0,0.0,18.30473307878332,88.19347752834796,10.086144130933896,16.09958625935803,0.0,34.06528773554739,4.3735399814164495,7.6769630733671725,1.5866965060462879,4.931751402130294,22.22925029871836,1.952658602075262,1.7318357813302114,8.478049760609894,6.020738061220839,5.8920565145016734,0.0
CC1OC(OC2C(O)C(OCCc3ccc(O)c(O)c3)OC(CO)C2OC(=O)C=Cc2ccc(O)c(O)c2)C(O)C(O)C1O,0,12.797251066605948,12.797251066605948,0.07542462876434475,-1.7742729380749351,79.73748364640551,50.753283737638164,0.0,30.27623908729064,11.126902983393991,6.076020106833881,43.331592648832554,6.06636706846161,0.0,0.0,23.684314769000245,28.183716800521665,0.0,12.797251066605948,90.51701878674365,0.9141375505720273,-2.3965935419463724,7.9845676653860185,-12.606330808243232,0.6062324803602974,0.0
CC12CCC3c4ccc(OC(=O)c5ccccc5)cc4CCC3C1CCC2O,0,12.355329309979489,12.355329309979489,0.11490532529477937,-0.30313687209655793,0.0,9.901064578912528,0.0,17.488262145096932,29.06668146346508,25.683286491704038,23.968546229246012,12.13273413692322,24.26546827384644,19.056471336613843,4.736862953800049,5.63000171460534,0.0,12.355329309979489,10.534961112597642,3.4691664122817873,2.252505089616988,15.3640887317066,6.497913749738522,2.312700546140301,0.0
c1cn2cc(-c3ccc4c[nH]nc4c3)nc(Nc3ccc(N4CCOCC4)cc3)c2n1,0,5.446675948308808,5.446675948308808,0.7118030097841608,0.7118030097841608,0.0,0.0,0.0,0.0,5.817862777835028,59.798144654928784,5.687386274683562,6.196843571613076,35.123959458024245,55.729875814714134,9.720841474747257,7.434286357830744,0.0,11.700953702233393,11.721659666910982,5.714796440554191,0.7118030097841608,14.562880821915675,7.590003818591028,3.396949515513157,0.0
O=C1Nc2ccccc2C1=O,0,10.984490740740739,10.984490740740739,0.4438888888888888,-0.5359259259259257,11.690424675716445,9.589074368143644,0.0,0.0,11.250837766380558,0.0,0.0,24.26546827384644,0.0,5.316788604006331,0.0,0.0,0.0,21.75486111111111,2.4586574074074075,1.0833333333333337,-0.9798148148148145,6.849629629629629,0.0,0.0,0.0
CC(C)[N+]1(C)C2CCC1CC(OC(=O)C(CO)c1ccccc1)C2,0,12.58459341143865,12.58459341143865,0.0021182917611493046,-0.572452024019485,5.917906046161393,9.901064578912528,0.0,18.68015364021307,18.12552248744388,22.88812559524364,12.841643245852019,0.0,30.33183534230805,20.89514638205844,4.736862953800049,6.964929638713459,0.0,12.58459341143865,9.647625528632023,0.8255383125472414,-0.8560168388342995,11.214243664484464,4.357741300606559,4.394740306590956,2.3666046758209456
CC1C(=O)O[C@@H]2OC3(C)CC[C@H]4[C@H](C)CC[C@@H]1[C@@]24OO3,0,12.121545256991684,12.121545256991684,0.12277777777777765,-0.7932690854119424,17.6781886928895,4.794537184071822,0.0,17.805117380274638,11.835812092322787,25.683286491704038,0.0,0.0,13.847474399381248,6.923737199690624,19.248867814112323,11.596643518518519,0.0,23.676320389266817,0.0,-0.6101157407407407,-0.13705498866213173,0.0,3.2441109221466364,6.063429232804232,0.0
CCN(CC)CC(=O)Oc1ccc(NC(C)=O)cc1,0,11.669721881036367,11.669721881036367,0.13307578290983746,-0.2815026874947506,0.0,9.589074368143644,0.0,18.42124142321593,11.436898107967467,13.08951281182515,6.923737199690624,24.26546827384644,18.747384130231726,5.316788604006331,4.736862953800049,5.215192743764172,0.0,24.5111462239034,2.6481454939260676,0.6768906420592931,0.06343834743365862,6.707992252456538,0.0,7.34386096312354,0.0
CC(C)(C)c1ccc(S(=O)(=O)NCc2ccc(C(=O)Nc3cccnc3)cc2)cc1,0,12.563701932728392,12.563701932728392,0.04089164767540754,-3.624100608728359,10.023291153407584,13.212334168400758,0.0,22.762410080178633,11.250837766380558,11.126902983393991,0.0,60.92462369091903,12.13273413692322,35.7940735884775,0.0,27.729120975140162,0.0,16.454627097571432,2.7574914316309034,2.8660146040303354,-0.2554918653447029,17.17586129701325,3.193966910421847,6.369176824931799,-3.624100608728359
Cc1ccc(Cl)c(Nc2ccccc2C(=O)O)c1Cl,0,11.142787383471907,11.142787383471907,0.16309208868732683,-1.0111130007558577,5.9693052879518484,4.794537184071822,0.0,5.563451491696996,21.420039176849777,5.563451491696996,6.06636706846161,30.33183534230805,6.923737199690624,5.316788604006331,28.30840717530574,0.0,12.27488662131519,11.142787383471907,13.037310878054926,1.985134794658605,-1.0111130007558577,10.10577239229025,0.0,1.8541098198538675,0.0
CCCCCCOC(=O)N=C(N)c1ccc(NCc2nc3cc(C(=O)N(CCC(=O)OCC)c4ccccn4)ccc3n2C)cc1,0,13.621215525409623,13.621215525409623,0.045543535522722944,-0.6907207796504407,6.093240070938415,14.383611552215466,0.0,37.28456479641213,35.61310484927077,42.71177798200379,4.899909730850477,55.585150250534966,29.813872835853374,22.216909057279832,20.19137190570949,12.14749941906769,0.0,52.03428720794916,3.3461333087384117,9.396999346065234,0.6199859853291328,17.86397270848463,4.994154867068949,5.017076136935274,1.913224353694853
OCCN1CC(O)C(O)C(O)C1CO,0,9.51162037037037,9.51162037037037,0.11901266061980365,-1.2341732804232806,24.35373999239287,15.319582184522117,0.0,26.303276740850986,0.0,0.0,0.0,4.899909730850477,0.0,0.0,10.213054789681411,0.0,0.0,1.5575925925925926,45.89624149659864,0.0,0.0,-0.6244907407407412,-3.4613492063492073,-0.03466080876795119,0.0
CNS(=O)(=O)CCc1ccc2[nH]cc(C3CCN(C)CC3)c2c1,0,11.60931648626551,11.60931648626551,0.1279624397968555,-3.1576550477156995,10.023291153407584,8.417796984328938,0.0,5.752853606746789,12.338727669087403,24.16966502113841,30.838990934691,0.0,6.06636706846161,39.98323280746326,0.0,25.59097693851794,0.0,5.737597308570658,1.2489895124716555,3.593220269589318,0.7217042119686872,6.238313019652305,5.037244547121215,2.272705897097131,0.4759149616777574
O=C(c1ccc(F)c(F)c1Nc1ccc(I)cc1F)N1CC(O)(C2CCCCN2)C1,0,14.555824325527833,14.555824325527833,0.06899438698727112,-1.2606181593645511,34.64727933815644,23.07230972193699,0.0,30.38219140735367,3.5701822710653963,31.873588343152214,23.09901093623531,6.06636706846161,22.590870627068057,10.633577208012662,0.0,43.29294864287376,1.9336551119082759,14.368788691525996,16.61969861766097,-1.6508146951980462,-3.607884196619297,6.18846539884632,2.8785171638488496,1.0132919318198397,0.0
CN(C)CCOC(c1ccccc1)c1ccccc1,0,6.08337962962963,6.08337962962963,0.016064814814814365,0.016064814814814365,0.0,0.0,0.0,6.103966387748303,0.0,13.151638370425493,11.126902983393991,0.0,12.13273413692322,67.52619024389773,4.736862953800049,6.08337962962963,0.0,2.131990740740741,0.0,2.4026965230536663,0.0,20.764256897203325,0.016064814814814365,1.6504190287226004,4.117859032501889
NC(=O)Cc1cccc(C(=O)c2ccccc2)c1N,0,12.308959278155708,12.308959278155708,0.02950696019148391,-0.4759165826824556,5.907179729351506,9.589074368143644,0.0,12.204066569290948,22.37774074977455,0.0,0.0,42.46456947923127,6.06636706846161,0.0,11.46733495432437,0.0,0.0,23.262770884218398,0.0,12.939552987096278,-0.6384902788275799,13.906659447321424,0.02950696019148391,0.0,0.0
CC(=O)O[C@@H]1CC[C@]2(C)C3C(=O)C=C4C5[C@@H](C)[C@H](C)CC[C@]5(C)CC[C@@]4(C)[C@]3(C)CC[C@H]2[C@@]1(C)C(=O)O,0,14.388976179978165,14.388976179978165,0.06804428329973988,-1.2047326117979078,28.872557902445557,19.490138947056174,0.0,33.86402844687806,30.595361384336194,19.26246486877803,31.75930659853792,6.923737199690624,0.0,47.61844330497762,4.736862953800049,5.631324733907169,0.0,39.144797846609634,10.522072226969847,-0.2802783951207919,0.07558902324591399,0.0,8.963917673346874,17.359243557708027,0.0
C=CCc1cccc(C=NNC(=O)CN2CCN(Cc3ccccc3)CC2)c1O,0,12.17249210413938,12.17249210413938,0.15324510501323263,-0.15324510501323263,0.0,9.901064578912528,0.0,11.65669156263541,18.52902952053558,38.28723352125987,11.778052071232313,12.142387175295491,18.19910120538483,51.171422341996,0.0,0.0,0.0,16.709625468004624,14.20458305352149,5.215354894478315,0.013363198157796186,15.870679350128114,3.782832185605268,8.53689518343773,0.0
CC1OC(OC2CC(O)C3(CO)C4C(O)CC5(C)C(C6=CC(=O)OC6)CCC5(O)C4CCC3(O)C2)C(O)C(O)C1O,1,12.396842113614301,12.396842113614301,0.03687745076859472,-1.6746609987735535,95.4618733491218,45.64675634279746,0.0,38.20807450237835,19.26246486877803,5.5731045300692665,12.999757306524504,0.0,6.923737199690624,0.0,14.210588861400147,16.674707145198465,0.0,11.824183207348288,89.5721273895315,-4.462168456541532,-1.930846701401335,0.0,-6.681044109372191,3.0030415252367884,0.0
COC1CCN(C(=O)c2cc(Cc3n[nH]c(=O)c4ccccc34)ccc2F)CC1,0,14.427249597778097,14.427249597778097,0.062126847652641315,-0.5352769904257995,5.817220841045894,13.979489415818463,0.0,23.133864503848812,30.59048664406442,23.79131895201381,6.06636706846161,36.27517554597445,12.13273413692322,10.197363616602075,4.736862953800049,19.760720290078154,0.0,26.495848839991623,7.970480559036655,1.2390990819756507,-0.8425094744687993,11.758767051803979,2.0202834537041987,1.0974660119889197,1.6665108525562828
COc1ccccc1OCC(O)CO,0,9.067017195767196,9.067017195767196,0.052453703703703836,-0.8611923658352232,6.103966387748303,0.0,0.0,13.213763929025836,11.49902366656781,0.0,0.0,19.242531678200752,12.13273413692322,0.0,19.68678069728151,10.28781675170068,0.0,0.0,17.645052043965734,0.0,1.1667961073318218,7.139813948727639,-0.8611923658352232,-0.25791430461073306,1.5462944853867473
Cc1cn(C2CC(N=[N+]=[N-])C(CO)O2)c(=O)[nH]c1=O,0,11.70027415595868,11.70027415595868,0.26456065759637215,-0.6706481481481485,29.622718680886614,9.589074368143644,0.0,13.027703587438928,5.563451491696996,0.0,10.763943219404432,6.923737199690624,0.0,15.009940293829068,15.374519347426006,6.692031368102797,0.0,27.83457096843686,12.671790412152514,7.755911625835418,0.0,-0.5424683484504917,0.32880149281934923,1.2593624811035524,0.0
CCN1CCN(C(=O)NC(C(=O)NC2C(=O)N3C2SC(C)(C)C3C(=O)O)c2ccccc2)C(=O)C1=O,0,13.31949337414029,13.31949337414029,0.02002000582867658,-1.261721545099521,63.87555647132612,33.87375049927164,0.0,13.08951281182515,12.10820789760957,4.899909730850477,21.56170441109207,51.10304694137992,0.0,10.633577208012662,0.0,-0.7577200229490999,1.282009679525046,78.81073304647796,14.180077381949076,0.4034866701310158,-4.120721688231451,4.111258895405028,0.0,5.674209371025758,0.0
CCN1CCC[C@@H]1CNC(=O)c1cc(S(N)(=O)=O)ccc1OC,1,12.410019368858656,12.410019368858656,0.11157305051650246,-3.870932951469794,10.023291153407584,13.212334168400758,0.0,16.366114696566278,18.33610906834444,25.931156057677168,25.308898746662365,0.0,0.0,17.140435534547432,9.87583669140799,28.050876024511936,0.0,14.616181395397666,7.982422052371096,0.16673185941043123,-0.05187717834047123,4.315134282879818,2.1677325781348147,4.611310987243076,-2.4418453349417013
Cc1nc2c([nH]1)-c1ccccc1N(C(=O)c1ccc(NC(=O)c3ccccc3-c3ccccc3)cc1)CC2,1,13.61960955707362,13.61960955707362,0.09108818684624764,-0.20008043006509824,0.0,9.589074368143644,0.0,11.814359458703011,29.77986728691614,39.5900012374714,0.0,24.26546827384644,90.68641882054206,15.284745645900745,0.0,0.0,0.0,36.57859440067742,2.9771378966701008,7.3850484249278745,0.5779123468599382,32.3447017468574,0.6617634588140904,2.4748417251931776,0.0
CC(C)(C)NC(=O)C1CC2CCCCC2CN1CC(O)C(Cc1ccccc1)NC(=O)C(CC(N)=O)NC(=O)c1ccc2ccccc2n1,0,13.82941552563531,13.82941552563531,0.056571266054367575,-1.2990377762802912,53.91077493855606,24.28467613112799,0.0,24.566685753038552,23.897269215851622,36.63296219786583,6.4208216229260096,18.19910120538483,69.30214814676475,25.834254063816676,5.733667477162185,0.0,0.0,59.2779168631101,21.405125119519738,6.702839882614272,-1.1954100735081432,17.636535715735818,4.030706496148877,6.7256193297126705,0.0
O=C(O)c1cc(-c2ccc(F)cc2F)ccc1O,1,13.519591364323507,13.519591364323507,0.06842592592592611,-1.3223427395649614,23.35325880332754,18.681894674262168,0.0,16.690354475090988,6.06636706846161,18.19910120538483,12.13273413692322,0.0,0.0,0.0,5.106527394840706,26.28033551692282,0.0,10.830593715881415,18.16778008734358,-0.015902777777776933,-3.239671621735112,6.643531746031746,0.0,0.0,0.0
C#CCN(C)Cc1ccccc1,0,5.191416603678508,5.191416603678508,0.7032681405895692,0.7032681405895692,0.0,0.0,0.0,0.0,6.544756405912575,6.544756405912575,5.563451491696996,0.0,25.24677318806202,22.95307818662934,6.423349895620259,0.0,0.0,2.1064814814814814,0.0,1.3011574074074077,2.6136373299319726,10.308344592466616,5.191416603678508,1.6249348072562357,2.0206944444444446
NC(=O)CN1CC(O)CC1=O,0,10.878333333333334,10.878333333333334,0.08740740740740738,-0.6371759259259262,12.011146117099809,9.589074368143644,0.0,25.417514164102663,0.0,0.0,4.899909730850477,0.0,0.0,0.0,10.84019487200289,0.0,0.0,22.48948223733938,8.968278533635676,4.865479969765683,-0.7604166666666656,0.0,-0.5327314814814819,0.13657407407407418,0.0
C=C(C)C1CCC2(C(=O)O)CCC3(C)C(CCC4C5(C)CCC(O)C(C)(C)C5CCC43C)C12,0,12.755135988823863,12.755135988823863,0.020228444428480152,-0.5377183009274,11.384295757348628,15.007591973753234,0.0,33.68183431149681,23.671624184645573,38.524929737556064,31.256391021773304,0.0,0.0,48.12135888174224,0.0,0.0,0.0,12.755135988823863,21.383221283366435,1.3549048762768563,1.7937493481029294,0.0,10.451061935015305,18.845259901747944,0.0
C[C@H](CCC(=O)NCCS(=O)(=O)O)[C@H]1CC[C@H]2[C@@H]3[C@@H](O)C[C@@H]4C[C@H](O)CC[C@]4(C)[C@H]3CC[C@]12C,0,12.195576925600164,12.195576925600164,0.06248794363257182,-4.062199191570863,15.870980465780342,23.425388958082166,0.0,35.48984984955424,41.92825789989436,51.36657298340809,6.4208216229260096,0.0,0.0,26.088000203078202,4.552749873690364,30.4813629576667,0.0,12.195576925600164,24.206578557799748,0.41138942894250086,2.0999823096901418,0.0,8.870206626497763,7.047102385373844,-4.062199191570863
CC1(C)SC2C(NC(=O)Cc3ccccc3)C(=O)N2C1C(=O)O,0,12.26831884605694,12.26831884605694,0.2021415186444946,-1.0070258455769816,22.800009399465328,19.490138947056174,0.0,23.60905389459776,0.0,5.563451491696996,16.66179468024159,0.0,44.179309741689295,5.316788604006331,0.0,-0.5783058915140893,1.4237074305030653,37.19097428557031,11.789438746504457,0.8717091967960027,-1.5549260303422452,7.784420219356601,0.2021415186444946,3.6208405244813973,0.0
CC1(C)C(C(=O)O)N2C(=O)CC2S1(=O)=O,0,11.879212962962963,11.879212962962963,0.08775462962962965,-3.5684722222222223,37.876474249055114,18.00687135247258,0.0,6.4208216229260096,0.0,4.899909730850477,13.847474399381248,0.0,0.0,0.0,5.106527394840706,22.351342592592594,0.0,23.15252314814815,8.033078703703703,0.0,-1.6660416666666658,-1.2557870370370374,-0.08775462962962965,2.707777777777778,-3.5684722222222223
CCOC(=O)c1c(C)n(C)c2ccc(O)cc12,0,11.886939720332578,11.886939720332578,0.14689673091458832,-0.34611111111111126,0.0,9.901064578912528,0.0,11.718817121235753,12.170333456209914,16.596852926929518,0.0,25.122838405075452,18.53850883015917,0.0,4.736862953800049,6.953851095993953,0.0,11.886939720332578,10.230563507810533,2.270975056689343,-0.19921438019652293,4.991752409297051,0.0,3.9787833837238606,1.8863492063492064
Cc1cc2c(C(C)C)c(O)c(O)c(C=O)c2c(O)c1-c1c(C)cc2c(C(C)C)c(O)c(O)c(C=O)c2c1O,0,12.000586431953469,12.000586431953469,0.005120884773662793,-0.6611367813884048,34.49707099970343,40.22823873718787,0.0,44.86206648804036,45.59857544197668,0.0,0.0,53.675157335066956,0.0,0.0,0.0,0.0,0.0,24.001172863906937,66.37135146259577,1.330878504345318,-3.572998573070307,3.3123652053413957,0.6818570514115248,10.54204015213603,0.0
CCCCCCCCCCCCCCCCCC(=O)OC,1,10.923485022192605,10.923485022192605,0.06509805344515818,-0.06509805344515818,0.0,4.794537184071822,0.0,5.9693052879518484,6.4208216229260096,6.4208216229260096,97.0013002622417,0.0,0.0,11.660600153490673,0.0,4.630385890719245,0.0,10.923485022192605,0.0,0.0,-0.06509805344515818,0.0,20.935154066815105,2.2769266369468792,1.465813103437993
Clc1ccc(COC(Cn2ccnc2)c2ccc(Cl)cc2Cl)cc1,0,6.360179078833179,6.360179078833179,0.22255117787855916,-0.22255117787855916,0.0,0.0,0.0,6.103966387748303,28.219538311649472,11.126902983393991,0.0,18.59053071483923,47.16214563017409,4.983978520947208,39.5396826244976,8.084716920718906,18.27901220548842,4.072084938403481,1.8898284242913586,1.9341178683407525,0.0,13.023206884750294,5.157082221207702,1.059950536799082,0.0
CCCCCCCCCCCCCCCC[N+](C)(C)C,0,2.2939033705287217,2.2939033705287217,1.1232698961937717,1.1232698961937717,0.0,0.0,0.0,0.0,0.0,4.483030857694624,96.43625912687675,0.0,0.0,28.066753147722196,0.0,1.1232698961937717,0.0,0.0,0.0,0.0,0.0,0.0,20.369736413358005,3.6252835788620548,6.881710111586165
Clc1ccc(C(Cn2ccnc2)OCc2c(Cl)cccc2Cl)c(Cl)c1,0,6.367262412166513,6.367262412166513,0.2607398746535654,-0.31360544217687103,0.0,0.0,0.0,12.71084835226122,26.63528966087788,11.126902983393991,0.0,42.85599898868566,16.83031028786604,4.983978520947208,51.14062251473012,8.045336199294534,24.832038716648952,4.063054397302233,2.2493682999166422,1.5782343719380763,0.0,10.715191853817846,4.988750524901318,0.8058034139581761,0.0
CO[C@H]1/C=C/O[C@@]2(C)Oc3c(C)c(O)c4c(O)c(c(C=NN5CCN(C6CCCC6)CC5)c(O)c4c3C2=O)NC(=O)C(C)=CC=CC(C)[C@H](O)[C@@H](C)[C@@H](O)[C@@H](C)[C@H](OC(C)=O)[C@@H]1C,0,14.534585735324786,14.534585735324786,0.06306651660089879,-2.0433944871348437,88.78286635172938,39.91624852641899,0.0,44.47280554205731,19.13135364097311,13.08951281182515,85.11675407336794,39.84698901243026,5.008912523954531,15.318105860596528,18.947451815200196,23.7174947398861,0.0,43.24304646895395,67.55310464431399,-0.292645000248662,-8.278709442400995,0.5534799256787037,9.753229445213545,15.390776441683878,1.4435561102528167
COC1C(=O)C(C)C[C@H](C)/C=C/C=C/C=C(\C)[C@@H](OC)C[C@@H]2CC[C@@H](C)[C@@](O)(O2)C(=O)C(=O)N2CCCCC2C(=O)O[C@H]([C@@H](C)C[C@@H]2CC[C@@H](OCCO)[C@H](OC)C2)CC(=O)C(C)=CC(C)[C@H]1O,1,14.455224816363522,14.455224816363522,0.018486820713657037,-2.4342373309944025,77.76223202261254,39.292268104881224,0.0,74.12830438750109,63.36049913640337,11.993926152995275,12.009707272128011,41.066826788460816,58.0750493329319,0.0,28.421177722800294,35.55858031293258,0.0,72.10639024424178,32.814985991587726,1.1910600524622694,-7.9361050695850635,-1.1476099666247366,12.032734639026824,12.87332549676789,4.5899716325240565
Cc1ccc(C(=O)c2cc(O)c(O)c([N+](=O)[O-])c2)cc1,0,12.180597127739984,12.180597127739984,0.059395313681027684,-0.8601440329218106,27.89296593643398,25.12191024251881,0.0,5.563451491696996,5.563451491696996,17.696185628620217,0.0,24.26546827384644,6.923737199690624,0.0,0.0,0.0,0.0,22.073566477146922,29.59435675469045,0.5485059208868748,-2.0198909255060045,8.603579302091207,0.0,1.866549137357218,0.0
Cc1cc(-c2ccc(N=Nc3ccc4c(S(=O)(=O)O)cc(S(=O)(=O)O)c(N)c4c3O)c(C)c2)ccc1N=Nc1ccc2c(S(=O)(=O)O)cc(S(=O)(=O)O)c(N)c2c1O,1,12.004126645833647,12.004126645833647,0.26109654483720823,-5.097259789319586,93.70068598306983,62.09524222175861,0.0,22.147220978296716,45.76131265307833,24.26546827384644,0.0,50.245676810150904,0.0,20.45700050251759,11.46733495432437,134.1752068655039,0.0,-4.005681396914988,36.52101142549431,13.151381064852776,-1.5672766024313871,15.595441324406895,0.0,3.4225165670698035,-20.292599247981293
CNCc1ccc(-c2cc(-c3nc(-c4ccc(S(=O)(=O)C(C)C)cc4)cnc3N)on2)cc1,0,12.367048199978012,12.367048199978012,0.21279982883879045,-3.346246858843022,15.087191166399677,8.417796984328938,0.0,10.713346253352803,28.40548289511682,12.10820789760957,5.563451491696996,50.37615331330237,31.313140256523628,20.44140890302619,10.256762414135533,30.25464537602538,0.0,9.122829434455962,6.778332166239754,10.438499658700017,0.6110934382042794,16.346928378463613,1.5442024201933042,4.097638695072062,-1.4441695673543675
CCC(C(=O)O)c1ccc(N2Cc3ccccc3C2=O)cc1,0,12.412194874863527,12.412194874863527,0.0059017542202064455,-0.8195332991757052,11.887211334113243,14.69560176298435,0.0,5.907179729351506,12.965578028838586,22.37774074977455,0.0,17.032643867773697,43.321939610460284,0.0,0.0,0.0,0.0,25.339018032399167,9.203373093089905,3.3242558998908214,-1.3249472626005816,14.832714391388633,0.5444108279854131,2.414508351179978,0.0
OC(CC1c2ccccc2-c2cncn21)C1CCCCC1,0,10.68927059712774,10.68927059712774,0.19749433106576042,-0.19749433106576042,0.0,5.106527394840706,0.0,12.145807216896262,5.917906046161393,6.4208216229260096,48.924939092872506,0.0,12.524163646377618,33.816546442585,0.0,2.232850292894936,0.0,4.294053760393046,10.68927059712774,3.798192371084237,0.48470710506424797,8.77892232336767,10.722003550068123,0.0,0.0
O=C(C(O)CO)C(O)C(O)CO[C@H]1O[C@H](CO)[C@H](O)[C@H](O)[C@H]1O,0,11.362065873423646,11.362065873423646,0.6694805945283937,-2.053670451205174,74.62168228347701,30.327174158275348,0.0,0.0,0.0,0.0,0.0,0.0,0.0,0.0,24.793308092122217,9.922205136684305,0.0,11.362065873423646,74.53471826767641,0.0,-1.2246271625934326,0.0,-13.42877755449951,-2.3322512273581006,0.0
O=S(=O)(O)NC1CCCCC1,0,10.34391156462585,10.34391156462585,0.042824074074074625,-3.9737499999999994,10.304164876023634,8.417796984328938,0.0,6.041840829147961,0.0,25.683286491704038,6.4208216229260096,0.0,0.0,4.722094864452088,4.552749873690364,31.30465986394558,0.0,0.0,0.0,0.0,0.0,-0.042824074074074625,4.961914210128496,0.0,-3.9737499999999994
COc1ncnc(NS(=O)(=O)c2ccc(N)cc2)c1OC,1,12.271951530612245,12.271951530612245,0.012800925925925855,-3.8190532879818586,10.023291153407584,8.417796984328938,0.0,22.34284642307208,5.687386274683562,0.0,44.812383431166054,0.0,0.0,14.690051906346504,15.207393384762284,36.92410242048049,0.0,7.740794179165392,0.0,6.001491986014893,0.21083438313597092,5.7677009322247415,1.1688374485596706,0.0,-1.0637613495811538
Nc1nc(CC(=O)Nc2ccc(CCNCC(O)c3ccccc3)cc2)cs1,0,12.046740162416103,12.046740162416103,0.11609607363807983,-0.507541413453696,6.103966387748303,9.901064578912528,0.0,12.328001352277514,17.37024288060037,29.77986728691614,11.336785877934735,5.380062770465915,54.59730361615449,15.617555728959868,5.733667477162185,0.0,1.3294677874158594,16.137260712643048,18.528272441866516,9.082929129061139,-0.11609607363807983,17.381934528229408,0.5449872734009169,1.2779108676878619,0.0
COC(=O)C1=CCCN(C)C1,0,10.995231481481483,10.995231481481483,0.1976388888888887,-0.1976388888888887,0.0,4.794537184071822,0.0,5.9693052879518484,6.544756405912575,18.53868255890785,7.109797541277533,0.0,13.12369208951107,9.636772684650527,0.0,4.604120370370371,0.0,13.098657407407408,0.0,0.7789351851851853,-0.1976388888888887,0.0,2.895601851851852,1.7432218442932728,3.4104355631141345
O=C(NC1CN2CCC1CC2)c1cc2cccc(Cl)c2s1,0,12.507852418745275,12.507852418745275,0.047237654320987144,0.047237654320987144,0.0,4.794537184071822,0.0,5.907179729351506,11.959746875309353,26.530681044289096,37.26794193561191,0.0,24.26546827384644,10.216698334856808,11.600939890232516,0.998362517846645,7.673421819404562,15.717819874863526,5.003129540396406,0.0,0.6971601613896582,8.0494858784627,2.422997711430251,3.382066940650695,0.0
COC(=O)c1ccc2c(C(=Nc3ccc(N(C)C(=O)CN4CCN(C)CC4)cc3)c3ccccc3)c(O)[nH]c2c1,0,12.926528252263214,12.926528252263214,0.04242382760036989,-0.456887332480745,5.9693052879518484,14.69560176298435,0.0,11.787168065786876,34.58743138437709,42.81608760449566,7.109797541277533,30.146682918912497,54.59730361615449,21.83146996532535,9.729267686435717,4.833299455703552,0.0,38.97961700457472,11.675561912673482,4.340452692225806,-0.46494913887584954,22.16398796400571,0.0,4.088322104211803,5.2170413388141155
CC(C)(C)[C@]1(O)C[C@@H]2OC(=O)C[C@@]23C(=O)O[C@@H]2OC(=O)C(O)[C@]213,0,12.612117819349962,12.612117819349962,0.06791666666666663,-1.775300925925926,58.25189758786138,24.596666341896878,0.0,12.841643245852019,0.0,0.0,0.0,20.771211599071872,0.0,0.0,14.210588861400147,15.495638227513226,0.0,36.479794973544976,22.176058673469385,-5.905448790627361,-2.3573082010582,0.0,-4.578287037037038,5.189552154195011,0.0
CN1CC(=O)N2C(Cc3c([nH]c4ccccc34)[C@H]2c2ccc3c(c2)OCO3)C1=O,0,13.089169422398589,13.089169422398589,0.021968091248844912,-0.5107601095993959,6.041840829147961,9.589074368143644,0.0,31.193898999863375,17.919845289493818,27.72375591032351,4.899909730850477,11.947581713527667,36.39820241076966,11.050345589408817,9.473725907600098,11.01263218078018,0.0,32.89979192911733,1.0984896751910642,3.9738770523641564,1.2817547713529864,12.919171082778586,0.5092379220206602,0.27935358923183573,1.6923584638298743
CC/C=C\C/C=C\C/C=C\C/C=C\C/C=C\CCCC(=O)O,0,10.310879943665192,10.310879943665192,0.25824553853731547,-0.7154146976832287,5.9693052879518484,4.794537184071822,0.0,6.4208216229260096,0.0,44.94575136048208,0.0,0.0,0.0,67.68393826802944,5.106527394840706,0.0,0.0,10.310879943665192,8.490226903833802,0.0,-0.7154146976832287,0.0,28.436395239735734,2.1445792771151675,0.0
Fc1ccc(-c2c3cccc(C(F)(F)F)c3nn2Cc2ccc(F)cc2Cl)cc1,0,13.487968067519834,13.487968067519834,0.011706585411942472,-4.5909921625436905,23.37419169123226,21.9520752383741,0.0,22.47031465173496,16.82083097824245,12.13273413692322,53.21273948283806,0.0,0.0,5.098681808301038,11.600939890232516,68.56032323097844,6.090436095679301,0.0,4.585686636537331,0.259830824305032,-0.9961365028870439,12.940256403629796,-4.5909921625436905,0.011706585411942472,0.0
COc1cc2nccc(Oc3ccc(NC(=O)C4(C(=O)Nc5ccc(F)cc5)CC4)cc3)c2cc1OC,0,13.121104293983871,13.121104293983871,0.3870831956510157,-1.1392614563649084,17.13939103979418,13.979489415818463,0.0,5.907179729351506,52.731163845971025,5.386224214464796,24.26546827384644,62.881008133399405,0.0,15.617555728959868,14.210588861400147,29.94115770217804,0.0,30.056648975742707,6.260092308412245,0.51680748448827,1.0620640535465236,17.59747233459483,2.524887349865288,0.0,3.124203124505434
COC(=O)Nc1nc2cc(Sc3ccccc3)ccc2[nH]1,0,11.168686030762219,11.168686030762219,0.3738065843621403,-0.548203566665417,6.093240070938415,4.794537184071822,0.0,0.0,5.948339280986494,15.928884910750298,12.005281016795308,11.761884949391115,36.39820241076966,32.15434273662402,0.0,4.538710490298625,1.6641736216091372,20.765078297673067,2.515557889631212,1.6538415952800878,0.3738065843621403,16.058272561323157,-0.548203566665417,0.0,1.3120958598213288
CC(C)CC(NC(=O)C1OC1C(=O)O)C(=O)NCCCCN=C(N)N,0,12.263018287561938,12.263018287561938,0.03306055017551879,-1.1890868555854615,30.12625862194792,14.383611552215466,0.0,17.784640344256736,25.93115605767717,6.4208216229260096,0.0,0.0,13.847474399381248,15.62598194064833,21.310725302965125,4.794399759083617,0.0,38.81856071977981,14.09429392238805,10.43308391392748,-1.8729874755529299,-0.7325444591416816,-0.3042661097027566,4.769459729218408,0.0
N#CC(c1ccc(Cl)cc1)c1c(Cl)cc(-n2ncc(=O)[nH]c2=O)cc1Cl,0,11.885325747317992,11.885325747317992,0.1887962962962968,-0.7297057665658853,17.166916339416872,14.850965922882128,0.0,15.732652902166215,16.149536297135317,10.87864650675826,12.13273413692322,24.26546827384644,0.0,16.151881642040518,34.802819670697545,0.9510032920422531,18.575401509846113,25.12135349305914,14.28145843202346,-0.00997860940366202,-0.7207610281767038,11.84029849597687,0.9612244146325344,0.0,0.0
C/C=C/C[C@@H](C)[C@@H](O)C1C(=O)NC(CC)C(=O)N(C)CC(=O)N(C)C(CC(C)C)C(=O)NC(C(C)C)C(=O)N(C)C(CC(C)C)C(=O)NC(C)C(=O)NC(C)C(=O)N(C)C(CC(C)C)C(=O)N(C)C(CC(C)C)C(=O)N(C)C(C(C)C)C(=O)N1C,0,15.129540232260645,15.129540232260645,0.022871036214434204,-1.6099396139050233,155.79982624649122,48.2573620514871,9.589074368143644,55.77573229927562,6.4208216229260096,9.799819461700954,87.68072693237394,54.54218050466824,61.46591770435886,21.267154416025324,0.0,0.0,0.0,168.5176416373319,23.063634152153917,0.0,-9.707807854954714,-12.327153438745825,3.042918338283876,29.328545063880714,9.915555435383464
O=C(O)c1cccnc1Nc1cccc(C(F)(F)F)c1,0,12.576653964054758,12.576653964054758,0.014514361300074885,-4.4608785667044595,17.70905529709232,17.96578232709628,0.0,17.068700544215584,0.0,12.13273413692322,30.462311845459517,0.0,0.0,10.300767124953538,5.106527394840706,37.729961892164276,0.0,14.792040501385742,11.541914997480474,-0.8321825396825391,-1.2297217891786343,7.1926125519652295,-3.1112922808012096,0.0,0.0
O=C(O)C(=O)CBr,0,9.865162037037038,9.865162037037038,0.1087962962962965,-1.3917824074074072,11.752550234316788,9.589074368143644,0.0,5.330089647061427,0.0,0.0,0.0,0.0,0.0,15.929943897949348,5.106527394840706,0.0,2.6849537037037035,19.415949074074074,7.6936574074074064,0.0,-2.2112268518518516,0.0,0.0,0.0,0.0
Cc1noc(-c2ccc(-c3ccc(CC(=O)O)cc3)cc2)c1NC(=O)OC(C)c1ccccc1,0,12.523904026550461,12.523904026550461,0.00753932369992838,-0.8590073002087244,18.166511746638566,9.589074368143644,0.0,6.4208216229260096,17.141561688406465,27.817257458484978,0.0,19.056471336613843,73.65377495276834,10.473451861131776,14.366485285614104,11.004330904522345,0.0,23.385302349664663,15.68245064181813,5.31122077830534,-0.4236644346674461,24.49934111393651,-1.014057239565286,3.555075885985747,0.0
FC(F)(F)c1ccc(CNc2ccc(Cc3c[nH]c4ncc(Cl)cc34)cn2)cn1,0,12.549552211523139,12.549552211523139,0.3235123392153516,-4.434987351867228,11.870226512291936,13.171245143024459,0.0,0.0,29.369525612111936,28.226671487088126,12.263210640074686,12.393687143226153,24.395944776997908,25.25270268779516,11.600939890232516,37.64865663456942,6.030360746731938,15.179881838981949,4.621042191358725,2.5752790102524394,0.6224867593642396,8.004422108221444,2.6888028157489314,0.3235123392153516,0.0
CC(C)(ON=C(C(=O)NC1C(=O)N2C(C(=O)O)=C(C[n+]3ccccc3)CS[C@H]12)c1csc(N)n1)C(=O)[O-],0,13.111048769067416,13.111048769067416,0.016080309515936753,-1.8573852129856587,46.4814194904778,29.3912035259687,0.0,23.067282193656204,11.325958136816055,16.23669560878521,30.98942211923828,16.960786791017508,18.19910120538483,15.456479851704078,10.571256060898818,1.804676684584034,2.3341571853991634,59.64373513504163,28.230050657040387,3.857591243968967,-3.94859381950426,4.413299746886158,3.5834311738892572,2.664985326027998,0.0
CC1COC2(CCN(c3nc(=O)c4cc(C(F)(F)F)cc([N+](=O)[O-])c4s3)CC2)O1,0,13.059947934368513,13.059947934368513,0.012149170914607321,-4.811175389548215,39.083049594729104,28.080100595861854,0.0,15.935444784056735,44.67077215911331,11.336785877934735,0.0,4.899909730850477,6.923737199690624,4.983978520947208,9.473725907600098,50.63910695588815,0.8375146185017214,28.542711190540448,11.185288649165209,-2.934556028853727,-0.6752649045729406,1.0690352582722713,-3.7815141979390763,3.284345125664604,0.0
NCC(=O)Nc1ccc(-n2nc(C(F)(F)F)cc2-c2ccc3c(ccc4ccccc43)c2)cc1,1,13.551537385571613,13.551537385571613,0.1693967527908129,-4.595146880728365,11.870226512291936,17.96578232709628,0.0,12.45193613526408,22.63215203591258,27.611263926320795,4.681802935145184,30.33183534230805,48.53093654769288,10.415470412307368,5.733667477162185,41.91807485197813,0.0,11.499162848912363,10.554860843893756,6.144345058522634,-0.3652097489812032,24.92997644586016,-4.595146880728365,-0.1693967527908129,0.0
C=c1[nH]cc(CO)c(=CNNC(=O)c2ccncc2)c1=O,1,11.897071141741055,11.897071141741055,0.19510211543039868,-0.371307397959183,0.0,14.69560176298435,0.0,28.510628540126167,11.126902983393991,0.0,24.790485604659676,12.13273413692322,0.0,27.39847551971368,0.0,0.0,0.0,30.141599864948528,9.62669290609316,5.439358649323927,-0.371307397959183,3.1125766355925086,5.80360396160811,3.247475380392949,0.0
CCCCC(F)(F)C1(O)CCC2C(CC(=O)C2CCCCCCC(=O)O)O1,0,14.408252526443814,14.408252526443814,0.0385745254892087,-3.306294676853545,30.203733619291334,23.47643185833399,0.0,36.88152190746575,32.10410811463005,19.26246486877803,0.0,0.0,6.923737199690624,0.0,9.843390348640755,34.26754501601093,0.0,22.84621400571368,19.05338433199126,0.0,-6.820076032641876,0.0,4.167026102333239,1.8192399099261058,0.0
O=c1[nH]c(=O)n(C2CC(O)C(CO)O2)cc1I,0,11.560870653817082,11.560870653817082,0.20164399092970542,-0.8180654761904764,29.684844239486956,14.69560176298435,0.0,13.027703587438928,3.5701822710653963,0.0,10.763943219404432,22.590870627068057,0.0,4.983978520947208,9.843390348640755,6.886940192743764,1.8019904793398842,24.897879424918116,18.49872777042916,-1.0460098188040647,0.0,0.0,-0.6068918367346952,-0.31263621189216395,0.0
CC(O)(COc1ccc(NC=O)cc1)C(=O)Nc1ccc([N+](=O)[O-])c(C(F)(F)F)c1,0,13.035064092245864,13.035064092245864,0.2585347700706653,-5.01424783622699,40.46555983748981,37.98116517477438,0.0,11.436898107967467,24.230215717722903,12.990104268152233,24.26546827384644,0.0,0.0,10.633577208012662,4.736862953800049,44.400272164766164,0.0,32.21604992833189,25.55873623923047,-4.739640124785586,-0.8213548071764158,7.879854030345308,-4.534697503913435,0.5407800732016104,0.0
CC(C)Cn1cnc2c(N)nc3ccccc3c21,0,5.979497354497354,5.979497354497354,0.5057464096749811,0.5057464096749811,0.0,0.0,0.0,0.0,11.735768823996422,28.481082773226156,0.0,0.0,24.52642128014937,34.44889815752863,5.733667477162185,2.167037037037037,0.0,8.795069916855631,1.1109722222222222,8.793530801209371,1.0710723733938017,8.052162698412697,1.8562962962962963,5.320525321239607,0.0
C[C@@H](Oc1cc(-c2cnn(C3CCNCC3)c2)cnc1N)c1c(Cl)ccc(F)c1Cl,1,13.8824765872402,13.8824765872402,0.06858024817391817,-0.6273036682533437,11.921187228794196,4.39041504767482,0.0,10.840496091576355,22.377437467870188,37.05805904107116,12.13273413692322,19.18694783976531,17.075490078371338,15.399448933254575,33.67241021142727,21.859025199045398,12.313918257753818,4.252061917359536,8.12877482363231,8.120164783267226,0.030274811909497323,4.848648078269265,6.95852900930971,3.710825341675464,0.0
O=C(NOCC1CC1)c1ccc(F)c(F)c1Nc1ccc(I)cc1Cl,0,14.276656614806415,14.276656614806415,0.07933925422020649,-1.1625374254640122,17.541621411443295,13.575367279421462,0.0,11.250837766380558,23.2348075990992,22.478192585379023,6.06636706846161,18.19910120538483,0.0,33.38775582919559,16.43852847396915,28.80889678099914,8.201057136478838,17.37874327472427,3.02874793423134,2.250269473838919,-2.4433573261749926,7.132303926912567,2.1372187552296333,0.4038978215380633,0.0
CN(C)CCOC(C)(c1ccccc1)c1ccccn1,0,6.208379629629629,6.208379629629629,0.5153472222222222,-0.5153472222222222,5.601050810983688,0.0,0.0,0.0,6.606881964512918,17.802135892458033,0.0,0.0,56.69038994773712,28.94035958841153,4.736862953800049,6.208379629629629,0.0,6.601287792894936,0.0,1.542441893424037,0.0,16.199130763416477,1.8113383408919124,3.629516250944823,4.091238662131519
C[C@H]1[C@@H](OC(=O)CCC(=O)O)O[C@@H]2O[C@]3(C)CC[C@H]4[C@H](C)CC[C@@H]1[C@@]24OO3,0,12.07346189478878,12.07346189478878,0.06701273410598785,-1.0319364082486373,35.906825998128404,9.589074368143644,0.0,30.595361384336194,12.338727669087403,19.26246486877803,0.0,0.0,13.847474399381248,6.923737199690624,29.092258162753076,17.79616525468212,0.0,34.52147768361227,8.757188404103953,-0.6973557439951288,-1.824173324237358,0.0,1.718786666959916,6.061244392207561,0.0
C[N+](C)(C)CCOP(=O)(O)OP(=O)([O-])OC[C@H]1O[C@@H](n2ccc(N)nc2=O)[C@H](O)[C@@H]1O,0,11.887495329959677,11.887495329959677,0.07341837195414525,-5.3648014260354175,52.481819942960506,33.92451174912084,0.0,12.424744742347947,11.027787263607198,4.567099647791355,12.263210640074686,21.143015948031568,0.0,18.34210421399443,10.470530430962235,43.39389225715793,0.0,36.78340388457585,20.197814935051802,4.509331433491792,-0.07341837195414525,1.2546593464082108,-4.9441410971374955,-0.8569598093881703,-4.986804800428001
C=c1c(C=CC(=O)OC)c2[nH]c1=CC1=NC(=Cc3[nH]c(c(CC)c3C)C=c3[nH]/c(c(CCC(=O)O)c3C)=C\2)C2=CC=C(C(=O)OC)C(C(=O)OC)[C@]21C,0,13.681123435152479,13.681123435152479,0.0738306745613937,-1.1877781883643723,35.210117667365566,24.28467613112799,0.0,18.414747775921285,44.15611126555879,45.41161005816725,27.40541273066648,24.304080427335524,38.999271919573516,28.454608446130745,19.202993594035817,15.269990860617963,0.0,66.51187432091207,12.153987974269576,7.381786922339083,-3.8795500308479074,0.0,14.854078135689898,12.3004444551758,3.8240540285101785
Cc1cccc(Nc2nc(-c3ccncc3)cs2)c1,1,4.5850755857898715,4.5850755857898715,0.9003817082388512,0.9003817082388512,0.0,0.0,0.0,0.0,0.0,22.076324241068352,5.563451491696996,23.73047302116089,29.645531044312357,34.34121698251459,0.0,0.0,1.6024433106575962,8.60020870141496,6.276122685185186,4.358923134578799,0.0,12.189976907812408,3.5601936885865455,2.0787982384311747,0.0
CN1CCCC1Cc1c[nH]c2ccc(CCS(=O)(=O)c3ccccc3)cc12,0,12.540577879912297,12.540577879912297,0.13257834152179382,-3.248905717290232,9.837253136417502,8.417796984328938,0.0,5.752853606746789,17.358145927591746,17.500973832239268,30.336075357926386,24.26546827384644,12.13273413692322,35.26113794301117,0.0,25.081155759824593,0.0,6.205833867019158,1.2267676576803563,3.5272830431019466,0.13257834152179382,15.578258234205965,6.203378690634074,1.176207883703721,-1.0481301443582738
COc1cc(N)c(Cl)cc1C(=O)NC1CCN(CCCOc2ccc(F)cc2)CC1OC,0,12.94944560813834,12.94944560813834,0.13865749694147045,-0.2816150841961105,0.0,9.184952231746642,0.0,23.870207787293666,40.92413311711518,25.93115605767717,25.30889874666236,25.308898746662365,0.0,10.216698334856808,31.54519622879485,29.54568049447128,6.092331557016383,15.149330466934096,3.348749908778214,6.492604581127433,0.463471536710208,8.920084234408774,1.4176180183309162,2.8882534944267193,3.1263201522404165
Oc1ccc(C2CNCCc3c2cc(O)c(O)c3Cl)cc1,0,9.86188040648358,9.86188040648358,0.006574074074073621,-0.2622474174855123,0.0,15.319582184522117,0.0,28.189074859754434,12.965578028838586,23.23511088100356,0.0,18.19910120538483,12.13273413692322,5.316788604006331,11.600939890232516,0.0,6.189185633100976,0.0,32.653504923574374,2.782998078861175,-0.24496159472019152,8.577181279919376,0.6910617441421014,1.4621410462333082,0.0
CN1CCN(CCOc2cc(OC3CCOCC3)c3c(Nc4c(Cl)ccc5c4OCO5)ncnc3c2)CC1,0,6.545639528186496,6.545639528186496,0.029527318978157302,0.029527318978157302,0.0,0.0,0.0,12.896908693848129,64.86327631055055,50.951649489879685,6.3273200747645415,12.13273413692322,12.13273413692322,32.13223709027889,35.28525465923276,29.496072686951617,6.545639528186496,13.884899182047636,4.603362810657721,1.2997315676757766,3.123623492309422,7.429097704596112,3.178941674524263,7.222621998372266,2.1604537991231316
COc1ccc(-c2ccc3cc(C(=O)O)ccc3c2)cc1C12C[C@H]3C[C@@H](C1)C[C@@H](C2)C3,0,11.281954462980172,11.281954462980172,0.2810918574270844,-0.8876429847722453,5.9693052879518484,9.901064578912528,0.0,5.414990469396779,5.563451491696996,34.27567840069767,55.21528421264705,19.242531678200752,12.13273413692322,30.33183534230805,4.736862953800049,5.875932622667207,0.0,11.281954462980172,11.282878308871362,4.4076520071454315,2.828769748828785,18.35916440861494,8.24631153658366,0.0,1.8006702376417731
CNC(=O)c1ccccc1Nc1cc(Nc2ccc(N3CCOCC3)cc2OC)ncc1C(F)(F)F,1,13.761680144784401,13.761680144784401,0.16698767006802728,-4.659407186815248,17.646929738491977,17.96578232709628,0.0,22.75608681889915,24.650662036993303,24.97374265812179,32.35657072933955,18.19910120538483,12.13273413692322,25.83425406381668,9.473725907600098,52.19700104787371,0.0,18.340480840606002,8.287277726357159,0.7167862048396108,0.25431989264090404,13.11375293441954,-3.9076721552222615,2.776903324873519,2.9711501836118144
O=C(Nc1cccc(Cl)c1)Nc1ncc(CCNc2ncnc3ccsc23)s1,0,12.076423871816292,12.076423871816292,0.35892145728049374,-0.35892145728049374,0.0,4.794537184071822,0.0,6.031114512338072,22.386334474176795,27.332452228547695,11.336785877934735,48.1264177981588,11.446429838927525,30.902301374860617,11.600939890232516,1.0480062364396088,8.963798719743648,25.919547221338398,11.896362956692258,1.5631616776349304,0.8368180045686915,8.578673106852191,4.096055167625143,0.7086880202162491,0.0
NS(=O)(=O)c1cc(C(=O)O)c(NCc2ccco2)cc1Cl,0,11.349448425235312,11.349448425235312,0.1625510204081626,-4.105997483098177,20.888079916877206,13.212334168400758,0.0,22.81822748603446,5.7602474188744415,6.06636706846161,12.329530064100666,12.13273413692322,0.0,5.316788604006331,26.263591959734512,27.803894068493637,5.8357995909269045,10.791697268413538,16.808307021895587,-0.09140636810279568,-0.7254669390904505,5.51201811224779,1.4783664787548867,0.22056602733686081,-4.105997483098177
O=C(O)c1cc(O)c(O)c(O)c1,0,10.312815570672713,10.312815570672713,0.2890740740740736,-1.291111111111111,23.217840787803564,4.794537184071822,0.0,5.563451491696996,0.0,12.13273413692322,0.0,0.0,0.0,0.0,20.426109579362823,0.0,0.0,10.312815570672713,34.9532955404384,-0.2890740740740736,-3.332962962962963,1.689259259259259,0.0,0.0,0.0
O=c1[nH]oc2c1CCNC2,1,10.886759259259259,10.886759259259259,0.07268518518518485,-0.07268518518518485,0.0,4.794537184071822,0.0,5.559266895052007,6.544756405912575,24.289276939410023,0.0,0.0,0.0,10.473451861131776,4.523094936973348,4.886712962962963,0.0,10.886759259259259,5.410138888888889,0.7317129629629634,0.7604166666666667,0.0,0.7789351851851851,1.545324074074074,0.0
CC12CCC(=O)C=C1C1CC1C1C2CCC2(C)C1C1CC1C21CCC(=O)O1,0,12.15232662010575,12.15232662010575,0.05607907900814668,-0.130629671621735,0.0,9.589074368143644,0.0,22.400337037729095,24.039878661613738,48.85199509958498,31.256391021773304,0.0,0.0,19.92349450621513,4.736862953800049,6.215653304327548,0.0,24.300680335660946,0.0,1.8495989622700937,5.651674084693564,0.0,10.58065229410941,4.985074352271773,0.0
N#Cc1ccc(Oc2ccc3c(c2)COB3O)cc1,0,9.525992030956857,9.525992030956857,0.3899506224028231,-0.8342943886053555,7.118392334224363,5.024022575066003,0.0,0.0,23.669357122777726,11.026254752111829,0.0,36.39820241076966,6.06636706846161,6.069221312792274,14.653112642563881,10.814448797654967,0.0,0.0,18.246442663076863,2.3089343579233557,1.3468253968253971,14.394359217388619,0.0,0.3899506224028231,-0.8342943886053555
CC[C@]1(O)C[C@H]2CN(CCc3c([nH]c4ccccc34)[C@@](C(=O)OC)(c3cc4c(cc3OC)N(C=O)[C@H]3[C@@](O)(C(=O)OC)C(OC(C)=O)[C@]5(CC)C=CCN6CC[C@]43C65)C2)C1,0,15.321994065804109,15.321994065804109,0.1552893630434493,-2.531098412712735,63.54263694005747,24.596666341896878,4.794537184071822,12.338727669087403,99.49571453651899,16.466376423778055,33.153039554373706,6.06636706846161,50.264982886895446,20.850165051109773,18.947451815200196,23.687232057572555,0.0,66.13385202726373,26.253140325577732,-3.150558560276134,-2.064961279668168,9.97370523848882,5.832904069265398,8.161264678568111,4.0900881098746265
CC1=NC(=N)C(C(=O)OC2CN(C(c3ccccc3)c3ccccc3)C2)C(c2cccc([N+](=O)[O-])c2)C1C(=O)OC(C)C,0,13.790954813284358,13.790954813284358,0.022795045121399182,-1.246750051362245,46.82357253870215,19.703392636909214,0.0,17.564846889588793,24.364649306292847,11.126902983393991,18.19910120538483,26.83757866753348,36.39820241076966,34.15778273733258,14.88300951339162,11.453410082020014,0.0,44.6138575613205,20.239612071075804,2.724880716767027,-4.7809209982553345,25.97281396215569,-0.8657166452495444,5.975396583499175,0.0
O=c1[nH]c2cc(Cl)ccc2o1,1,10.6348828420257,10.6348828420257,0.4562345679012345,-0.4562345679012345,5.756062822229453,4.794537184071822,0.0,0.0,16.122354172999827,0.0,0.0,18.19910120538483,0.0,4.983978520947208,16.018090827285864,4.753117283950617,5.664222096245905,13.127475434618292,0.5782870370370374,1.1545370370370376,-0.4562345679012345,4.956373456790123,0.0,0.0,0.0
Cc1ccc(C(=O)Nc2ccc(Oc3cc4cnn(C)c4cc3-c3cn[nH]c3)c(F)c2)c(=O)n1-c1ccc(F)cc1,1,15.223329402125607,15.223329402125607,0.06482814383788416,-0.7223550792136029,23.1008883064953,13.979489415818463,4.39041504767482,17.000349599664464,22.694277594512922,22.53274349223966,47.031669127022624,42.32880498659826,13.1140390511388,20.612834028909443,4.736862953800049,37.62716971490075,0.0,26.175435554294978,14.41264176122008,2.648552388858694,-1.5604082278339688,15.985853156229027,5.022292616650251,1.6989810539240138,1.8228153150895134
CCN(Cc1ccncc1)C(=O)C(CO)c1ccccc1,0,12.660613189720333,12.660613189720333,0.05276643990929686,-0.5064932917611493,5.917906046161393,9.901064578912528,0.0,12.514061693864424,13.08951281182515,11.126902983393991,0.0,17.29359687407663,49.38830667892189,4.983978520947208,0.0,0.0,0.0,18.39258355734907,9.602873519778282,1.8778979801797264,-0.5592597316704462,13.197186168442482,3.433275856638952,2.888775982615268,0.0
CC1=C2CC(=O)C=C[C@]2(C)[C@@H]2[C@@H](C1)[C@@H]1CC[C@](O)(C(=O)COC(=O)CCC(=O)O)[C@@]1(C)C[C@@H]2O,1,13.1448071808626,13.1448071808626,0.016745374751778508,-1.7421967776308058,46.8637356243071,29.3912035259687,0.0,49.22024957655316,19.26246486877803,11.146209060138533,0.0,6.076020106833881,19.92349450621513,6.923737199690624,9.843390348640755,4.981043938927999,0.0,47.69299186592116,31.75201076880802,-0.838929022505776,-2.5547971449468347,0.0,4.193581384440308,5.357431542688456,0.0
CC(C)(C)NC(=O)NC(C(=O)N1CC2C(C1C(=O)NC(CC1CCC1)C(=O)C(N)=O)C2(C)C)C(C)(C)C,0,13.908760085263062,13.908760085263062,0.0754602597211731,-1.0736448501765292,52.70815712663003,23.97268592035911,0.0,29.075888337232463,12.965578028838586,19.26246486877803,0.0,4.899909730850477,41.54242319814374,29.797840211400242,5.733667477162185,0.0,0.0,66.0862162801387,8.441326149240595,4.040733559916669,-2.3496434801452013,-3.125437527027067,3.312725974478554,15.677412376731088,0.0
CS(=O)(=O)c1ccc(C(=O)Nc2ccc(Cl)c(-c3ccccn3)c2)c(Cl)c1,0,12.535015747039559,12.535015747039559,0.04905663255993553,-3.405450958715073,15.744432865769006,13.212334168400758,0.0,15.481568280956097,21.967399074970345,6.255769183511404,18.19910120538483,30.462311845459517,12.13273413692322,10.300767124953538,23.20187978046503,23.16754828763313,12.33148224683615,16.84397142112614,3.2877594397790406,2.022626584905551,-0.46357006382800026,14.4603865636753,2.727468700809977,0.0,-3.405450958715073
CCOC(=O)/C=C(C)/C=C/C=C(C)/C=C/c1c(C)cc(OC)c(C)c1C,0,11.378855624688596,11.378855624688596,0.30919135442181833,-0.30919135442181833,0.0,4.794537184071822,0.0,5.9693052879518484,6.606881964512918,16.89572089342244,28.329826073621863,14.033534740968157,32.07553471988289,38.98961888120124,9.473725907600098,10.313875032034053,0.0,11.378855624688596,0.0,6.788184458248839,0.6178544878348377,2.0739042967614396,11.561496268981458,12.396458295274888,1.7027048695092257
COc1ccc(Cl)cc1NC(=O)Nc1cc(C)nc2ccccc12,0,12.375029761904761,12.375029761904761,0.38303728898966916,-0.38303728898966916,0.0,4.794537184071822,0.0,6.031114512338072,22.146917696392354,16.596852926929518,7.109797541277533,18.19910120538483,37.255572541998674,15.61755572895987,16.337802844032566,5.229631619049006,5.980806514201776,16.832439149187884,6.993401256720762,2.839491423112456,0.5327008797346098,14.117741470946436,0.0,1.884446277261032,1.533785854230479
CCC(=O)OCC(=O)C1(OC(=O)CC)C(C)CC2C3CC=C4CC(=O)C=CC4(C)C3(Cl)C(O)CC21C,1,13.853645521754512,13.853645521754512,0.013690656069093698,-1.554318888049047,51.7379079157482,24.284676131127995,0.0,49.220249576553144,12.841643245852019,5.5731045300692665,0.0,19.92349450621513,26.847231705905752,6.076020106833881,21.074665797832616,11.269274845541316,7.477961438797026,49.486732323885256,11.778578815798333,-2.282686855909067,-2.2104530909550206,0.0,6.163001379393938,8.595368921225997,0.0
CC1(C)CCC(c2ccc(Cl)cc2)=C(CN2CCN(c3ccc(C(=O)NS(=O)(=O)c4ccc(N[C@H](CCN5CCOCC5)CSc5ccccc5)c(S(=O)(=O)C(F)(F)F)c4)cc3)CC2)C1,1,14.177963980373558,14.177963980373558,0.0018616884596298622,-6.052871819810299,52.796248575307914,34.80137629575416,0.0,10.978441961093775,56.1107087586393,74.70185078546545,40.60427963814986,12.13273413692322,47.186664343683354,45.99672633286223,16.337802844032566,103.1402178913901,7.637150356907407,18.99174298820997,3.7077700745798,-1.0148582797054093,-0.6534164014235428,25.790653392451027,3.5981812859602864,11.639476878732527,-10.892473742657696
CCC(C(=O)O)C1CCC(C)C(C(C)C(O)C(C)C(=O)C(CC)C2OC3(C=CC(O)C4(CCC(C)(C5CCC(O)(CC)C(C)O5)O4)O3)C(C)CC2C)O1,1,14.432429286973875,14.432429286973875,0.013655694430110499,-1.370434008146118,76.8331189506992,30.015183947506465,0.0,41.84886224809402,57.787394606334104,6.4208216229260096,0.0,19.075777413358384,41.54242319814374,20.771211599071872,23.684314769000245,33.47903294789225,0.0,26.36103228285895,43.962400781663966,-1.6307676148685086,-5.783140951882265,0.0,5.505045111184975,19.606397443150627,0.0
Cc1csc(-c2nnc(Nc3ccc(Oc4ncccc4-c4ccnc(N)n4)cc3)c3ccccc23)c1,0,6.07899390903935,6.07899390903935,0.1915635825364641,0.1915635825364641,0.0,0.0,0.0,5.948339280986494,23.141290942402765,32.594361383859905,5.563451491696996,29.796840089622496,48.53093654769288,60.968988958991396,10.470530430962235,6.07899390903935,1.6745870004511274,13.72203719164279,16.631044955367933,10.07872019383641,1.9407439702632363,23.34681729558874,3.2775403000153154,2.082848517128431,0.0
CCCCCCCCCCCCCCCCOP(=O)([O-])OCC[N+](C)(C)C,0,11.626690804505529,11.626690804505529,0.16966049382716042,-4.125041546859165,7.822697123132171,9.458459887683805,0.0,13.213763929025836,11.027787263607198,19.26246486877803,70.62903785218613,0.0,21.143015948031568,6.923737199690624,9.047494323423635,22.101208194820515,0.0,11.626690804505529,0.0,0.0,0.0,0.0,17.91423534435497,3.304540865946885,1.8588803459276573
O=c1ccn([C@H]2C[C@H](O)[C@@H](CO)O2)c(=O)[nH]1,1,11.411981764928193,11.411981764928193,0.20553287981859425,-0.8112703136810284,29.684844239486956,14.69560176298435,0.0,13.027703587438928,0.0,0.0,16.83031028786604,0.0,0.0,4.983978520947208,9.843390348640755,6.451349206349207,0.0,24.346166461955153,18.37819048143949,-1.0816727817670273,0.0,1.197830687830688,-0.6487792894935764,-0.3097514329805995,0.0
CC1(C(=O)Nc2ccc(F)nc2)CCCN1c1nc(Nc2cc(C3CC3)[nH]n2)c2cccn2n1,0,13.300743074002693,13.300743074002693,0.21713253524039855,-0.8770206977482862,11.486622596580705,9.184952231746642,0.0,5.907179729351506,42.15493518634009,17.63145033539073,31.171220954388318,4.5153978936156225,36.21959170753901,30.91360115386298,4.983978520947208,14.90906031560871,0.0,23.64019064444446,18.336792378015954,1.496428048308668,1.502254991398329,8.555289455562793,6.972419431145412,2.50423140218234,0.0
Nc1nc(=O)c2ncn(COC(CO)CO)c2[nH]1,0,11.455587522045853,11.455587522045853,0.015555555555555767,-0.6867072940287231,11.66323328280031,4.794537184071822,0.0,31.409620675128078,5.647177220767728,0.0,10.894419722555895,0.0,0.0,14.951935562841623,20.683585220643646,6.705515873015873,0.0,21.554368701184174,17.71692874989502,5.43280554505753,-0.018410756277819296,0.0,0.6977125850340131,-0.5889206979087929,0.0
O=c1cc(-c2ccccc2)oc2ccccc12,0,11.91285478080121,11.91285478080121,0.008608276643990775,-0.008608276643990775,0.0,4.794537184071822,0.0,5.428790391900541,16.72949177498148,5.563451491696996,6.06636706846161,6.06636706846161,48.53093654769288,0.0,4.417150937053347,5.7286574074074075,0.0,11.91285478080121,0.6177602985638702,1.5276936885865466,0.6058333333333334,18.440533824640966,0.0,0.0,0.0
Cc1nc(-c2ccc(OCC(C)C)c(C#N)c2)sc1C(=O)O,1,11.090685656399177,11.090685656399177,0.21633515005583925,-0.9873670873945943,5.9693052879518484,10.056428738810308,0.0,4.877147193701299,40.102754519053434,11.336785877934735,0.0,25.122838405075452,13.847474399381248,11.05319983373948,9.843390348640755,5.613865320819686,1.1031205908289239,15.575902163009983,18.937706058156024,1.613950890796581,-0.08677216076972527,7.310968600403124,0.0,6.264591870088733,0.0
CN(C)CCC=C1c2ccccc2C=Cc2ccccc21,0,2.3796296296296298,2.3796296296296298,1.0605177626606197,1.0605177626606197,0.0,0.0,0.0,0.0,0.0,12.965578028838586,27.82691049685725,0.0,0.0,85.7542505643994,0.0,0.0,0.0,2.2260128495842784,0.0,6.6088595993953145,0.0,17.301108749055174,7.886481481481482,1.070696806500378,4.240173847316704
CC1c2cccc(O)c2C(=O)C2C(=O)C3(O)C(=O)C(C(N)=O)C(=O)C(N(C)C)C3C(O)C21,1,13.625420918367347,13.625420918367347,0.112226263962375,-2.9718160667044584,76.37654777349817,39.292268104881224,0.0,11.3129633249809,5.563451491696996,0.0,31.127987833128078,12.990104268152233,0.0,0.0,5.733667477162185,0.0,0.0,66.34872773767705,33.08916847605791,2.582580447308759,-13.064781569907833,3.026167021018437,-1.6191893424036279,1.6593287561938357,2.8946651407221395
Cc1cccc(-c2nn3c(c2-c2ccnc4ccc(C(N)=O)cc24)CCC3)n1,0,11.730897422916723,11.730897422916723,0.44674780534854475,-0.44674780534854475,5.907179729351506,4.794537184071822,0.0,0.0,5.563451491696996,58.49801155178502,5.693927994848461,12.263210640074686,43.321939610460284,9.665781456092391,15.816327806410431,2.08222017510708,0.0,20.900909968058237,5.7834629314688835,12.774197428703653,-0.44674780534854475,13.344872769559819,3.841227455488368,2.886523743629173,0.0
CCCNS(=O)(=O)Nc1ncnc(OCCOc2ncc(Br)cn2)c1-c1ccc(Br)cc1,0,12.380803348601557,12.380803348601557,0.09545073276224092,-3.8170936635704504,10.209329170397666,8.417796984328938,0.0,30.922079882883075,24.092481012232575,8.945439031664828,6.3273200747645415,24.52642128014937,19.056471336613843,61.2399916085917,9.473725907600098,42.54153918810683,6.652937604441736,16.37107420385271,0.0,1.0795536714201044,0.29993079176114956,7.4746389918782805,5.030928058751149,2.4498244866918246,-3.8170936635704504
Cn1c(=O)c2[nH]cnc2n(C)c1=O,0,11.440787037037037,11.440787037037037,0.3512962962962962,-0.3707407407407406,0.0,9.589074368143644,0.0,11.24901029325548,11.16387793838399,4.567099647791355,17.942091705233086,7.04767198267719,0.0,9.967957041894415,0.0,2.368796296296296,0.0,29.381759259259262,0.0,0.011944444444445201,0.0,0.0,1.3943518518518516,0.0,3.0098148148148147
Cc1cc(Nc2cc(N3CCN(C)CC3)nc(C=Cc3ccccc3)n2)[nH]n1,0,4.787677784076593,4.787677784076593,0.679646636432351,0.679646636432351,0.0,0.0,0.0,0.0,5.824404497999927,54.88999344370084,0.0,0.0,49.407612755666435,49.47835632285698,4.983978520947208,0.0,0.0,14.10080757174056,10.458668361917475,2.0507837535430085,3.187382860679218,14.137807133994833,3.991580346644831,5.921283322991476,2.1516866484885964
NC(=O)C(c1ccccc1)(c1ccccc1)C1CCN(CCc2ccc3c(c2)CCO3)C1,0,13.19560413150965,13.19560413150965,0.1372412761400854,-0.8172831283441848,5.414990469396779,4.794537184071822,0.0,11.8250857755129,0.0,62.380030867706566,11.126902983393991,0.0,60.6636706846161,23.099010936235306,10.470530430962235,5.635187407586155,0.0,15.679694267564072,0.0,10.045207510046318,0.907910472666827,26.74710838847834,2.9536174122833296,3.614607874708295,0.0
CCCCOc1ccc(OCCCN2CCOCC2)cc1,0,5.764223670949861,5.764223670949861,0.7573369673856686,0.7573369673856686,0.0,0.0,0.0,0.0,0.0,76.82328561113523,0.0,0.0,24.26546827384644,11.823646930541102,14.210588861400147,16.733359929982875,0.0,2.428104185772212,0.0,0.0,1.8369775470641274,7.922581580076169,3.304444733295466,8.607865357142485,0.0
COc1cc(-c2oc3cc(O)cc(O)c3c(=O)c2O)ccc1O,0,12.243665202191988,12.243665202191988,0.09042422524565374,-0.8418594104308388,16.92781405846835,25.220646763434644,0.0,39.54147876653019,0.0,12.13273413692322,25.30889874666236,0.0,0.0,0.0,9.154013890853395,10.424814683589485,0.0,12.243665202191988,38.722754876680284,-0.6554478458049879,-1.6605901465524462,6.238961995279185,0.0,0.0,1.3525079012831538
COc1cc(C2Oc3cc(C4Oc5cc(O)cc(O)c5C(=O)C4O)ccc3OC2CO)ccc1O,1,12.74031358949944,12.74031358949944,0.05400980169031522,-1.62236230970809,35.94862233064205,30.327174158275348,0.0,40.91789262262944,16.876414816677897,6.06636706846161,19.242531678200752,30.33183534230805,0.0,0.0,18.947451815200196,22.99196640113282,0.0,12.74031358949944,50.22103003561684,0.7510648258678017,-0.8229804805299079,11.499257118640376,-4.277819285759404,-0.3494323123691323,1.4132667745678347
CC(C)NCC(O)COc1ccc(CCOCC2CC2)cc1,0,9.803083242722979,9.803083242722979,0.30909345985103576,-0.4880550387206579,6.103966387748303,5.106527394840706,0.0,0.0,19.193479199573453,31.302003431397146,18.405094737549014,0.0,12.13273413692322,31.296997140310797,9.473725907600098,11.2447796423554,0.0,0.0,12.990788475357519,1.254786901126638,1.6237358997308422,8.413785550193154,3.1261158509663396,6.679341013603444,0.0
CCCN1CCN(c2ccc(C(=O)NC3(C(=O)NCC#N)CCCCC3)cc2)CC1,0,12.922439012071568,12.922439012071568,0.0449701079499123,-0.916209343712413,5.538925252383345,9.589074368143644,0.0,18.359115864615585,18.405094737549014,57.673633173024456,6.4208216229260096,0.0,30.334689586638714,27.35713386940424,5.261891554738487,0.0,0.0,30.4526872734795,14.407805609601983,0.7673480303008589,-0.48426565609396577,9.602296232569495,5.2379451979026,7.432849978906193,0.0
C=CC(C)(O)CCC=C(C)C,0,9.488774565381709,9.488774565381709,0.7024305555555552,-0.7024305555555552,5.601050810983688,5.106527394840706,0.0,0.0,0.0,12.841643245852019,5.5731045300692665,12.999757306524504,0.0,26.502430189813627,0.0,0.0,0.0,0.0,9.488774565381709,0.5937381897203331,0.0,0.0,5.381782407407408,9.452371504157217,0.0
CC1(C)Cc2c(-c3ccccc3)c(-c3ccc(Cl)cc3)c(CC(=O)O)n2C1,0,11.678900751658688,11.678900751658688,0.007810846560846407,-0.8103413608241647,5.9693052879518484,9.901064578912528,0.0,11.835812092322788,5.022633313741326,40.91331199047502,5.693927994848461,0.0,42.46456947923127,30.547308184095822,11.600939890232516,2.2365017951625092,6.093046339054785,11.678900751658688,10.262905591248845,6.529525239879905,-0.8103413608241647,17.961596487396527,0.9358231589961085,5.306486441871241,0.0
COC1=C2C(C)[C@@H](OC(=O)C(O)C(NC(=O)OC(C)(C)C)c3ccccc3)C[C@@](O)([C@@H](OC(=O)c3ccccc3)[C@@H]3[C@]4(OC(C)=O)CO[C@@H]4C[C@H](OC)[C@@]3(C)C1=O)C2(C)C,1,15.516917155143444,15.516917155143444,0.11469499091108681,-2.2201331254941015,112.23584073604181,29.3912035259687,4.794537184071822,29.923424480861367,5.563451491696996,0.0,21.14333228224569,109.12983108245048,0.0,5.316788604006331,33.15804067660034,42.30504231236044,0.0,70.0843321067787,27.983600377922585,-7.096901731932628,-5.572638124226668,15.06602328418583,-7.857856485140764,12.747839200643323,2.757225726075835
CN(C)C(=O)Oc1ccc[n+](C)c1,1,11.117970521541949,11.117970521541949,0.3692592592592592,-0.3692592592592592,0.0,4.794537184071822,0.0,6.093240070938415,5.749511833283905,0.0,4.899909730850477,26.358554605429067,23.87798227054323,0.0,4.736862953800049,6.840509259259259,0.0,12.499914965986394,0.0,0.0,0.5450925925925929,3.5552314814814814,3.236292517006803,0.0,5.156292517006802
CC1(N)CCN(c2cnc(-c3cccc(Cl)c3Cl)c(N)n2)CC1,1,6.240002503764829,6.240002503764829,0.10741380014152369,-0.10741380014152369,0.0,0.0,0.0,5.538925252383345,27.12050889186314,31.7490188355122,0.0,12.263210640074686,12.13273413692322,21.791603972435517,34.6692147347894,0.0,12.294791352144276,11.102944049018785,0.8958265174246423,13.390171413626849,1.1043063429075337,5.3643244010016815,3.5506142902778906,3.769243855820566,0.0
NS(=O)(=O)OCC1CC(n2ccc3c(NC4CCc5ccccc54)ncnc32)CC1O,1,11.080950893011428,11.080950893011428,0.017097127176041615,-4.026223976907115,16.408131263771935,13.524324379169643,0.0,24.608469668970233,12.841643245852019,29.69290745891957,11.126902983393991,6.3273200747645415,16.83031028786604,39.55021391974718,9.32205917025765,28.89871755048167,0.0,8.967783631945789,19.811604221407393,3.4674745110272265,0.47991207591038276,10.645523864117797,5.964950412077157,-0.1264089567269715,-4.026223976907115
COc1ccc(C(=O)N2CCCC2=O)cc1,0,11.921266534391535,11.921266534391535,0.08257587448559645,-0.21745086923658286,0.0,9.589074368143644,0.0,11.814359458703011,24.278541353819485,6.4208216229260096,4.899909730850477,31.37526581512397,0.0,0.0,4.736862953800049,5.003678272234819,0.0,24.62118653943059,0.0,0.5241203703703707,0.39839776497018664,6.778864323507181,1.238712994457042,0.531444318468128,1.5702620832283531
CCCCCCCCCCC(=O)O,0,10.173343733537186,10.173343733537186,0.3422222222222222,-0.6611268657422154,5.9693052879518484,4.794537184071822,0.0,0.0,6.4208216229260096,12.841643245852019,38.524929737556064,0.0,0.0,6.923737199690624,5.106527394840706,0.0,0.0,10.173343733537186,8.38614487289406,0.0,-0.6611268657422154,0.0,10.053166239457726,2.2151386865199094,0.0
CC12C=CC(=O)C=C1CCC1C2C(O)CC2(C)C1CCC2(O)C(=O)CO,1,12.350397931051566,12.350397931051566,0.009117208273729194,-1.5617481051062398,29.51013457900663,24.90865655266576,0.0,28.951953554245897,12.841643245852019,24.835569398847294,0.0,12.152040213667762,12.999757306524504,6.923737199690624,0.0,0.0,0.0,24.158988557469677,31.668515003942392,-1.5414459850298141,-0.22653882987870144,0.0,7.682001817676871,3.3418127691529116,0.0
CC(C)OC(=O)C1=CN(C(=O)c2ccc(F)c(F)c2)CC(C)(C)c2c1[nH]c1ccccc21,0,13.787087740315503,13.787087740315503,0.011161396657428213,-1.1068831663366299,28.92591716879192,18.369904463493285,0.0,23.78527881542714,5.693927994848461,28.599110560701277,17.166231689132534,13.847474399381248,38.112942673227685,4.983978520947208,4.736862953800049,32.63769122860863,0.0,31.00017533959814,0.9424745817621001,1.9640156395432378,-3.254279397616598,10.716557055117175,1.0832542549975808,7.660111297989739,0.0
CC(C)C(=O)c1c(C(C)C)nn2ccccc12,0,12.291485260770976,12.291485260770976,0.0006538170823884304,0.0006538170823884304,0.0,4.794537184071822,0.0,17.61905703868773,0.0,16.77408020416172,0.0,4.5153978936156225,38.243419176379156,18.946156207682286,0.0,1.796574074074074,0.0,12.291485260770976,4.511481481481481,2.5975925925925933,0.43352418745275845,5.819897959183674,1.8872222222222221,7.995555555555556,0.0
CCN(CC)CCCC(C)Nc1ccnc2cc(Cl)ccc12,0,6.037304924321911,6.037304924321911,0.4415188019652305,0.4415188019652305,0.0,0.0,0.0,0.0,6.041840829147961,41.1232789552571,12.965578028838586,0.0,30.462311845459514,35.97188845487589,11.600939890232516,0.0,6.037304924321911,6.855184867424676,5.466120779407598,2.0739323617800354,0.0,8.345930616851883,4.2105288993169285,10.122108662008081,0.0
CCCNC(C)C(=O)Nc1c(C)csc1C(=O)OC,0,12.010529572940287,12.010529572940287,0.1526823507180648,-0.42817552175191076,5.9693052879518484,9.589074368143644,0.0,11.949020558499466,10.564533468384862,18.52902952053558,18.446583419212267,6.923737199690624,19.227537169847164,10.633577208012662,4.736862953800049,4.7017637419599,1.270742682875619,24.029662366119798,7.718065161249685,1.4105925873435798,-0.5808578724699756,-0.30116024187452806,0.960822889532305,6.462574164868989,1.3277945203946286
O=C(O)c1ccc(-n2nc(-c3ccccc3O)nc2-c2ccccc2O)cc1,0,11.112801410232036,11.112801410232036,0.029759017804652954,-1.0268847271588977,5.9693052879518484,15.007591973753234,0.0,22.886879656264732,22.63869375607748,0.0,22.880904140530014,54.59730361615449,0.0,10.082660329248245,5.106527394840706,1.5024376417233558,0.0,15.634611060017876,34.02533021591235,1.6160962750573147,-0.32786554171204196,19.549390349001154,0.0,0.0,0.0
Cn1cc(C2=C(c3cccc(N)c3)C(=O)NC2=O)c2ccccc21,0,12.476428099017383,12.476428099017383,0.36449357520786085,-0.39487575585789814,5.907179729351506,9.589074368143644,0.0,5.907179729351506,22.39704682651909,16.46637642377805,0.0,24.26546827384644,42.077083475928056,5.316788604006331,5.733667477162185,1.9491243071302595,0.0,24.862055303602922,3.3370471938775514,9.526663510317913,-0.7756372826908526,14.803399031674193,1.8794416099773241,0.0,1.9179063261106912
O=C1CCC(C(=O)N2CSCC2C(=O)O)N1,1,11.942546296296296,11.942546296296296,0.14159722222222193,-0.9836356764928194,18.05298694624777,14.383611552215466,0.0,11.814359458703011,24.471285242332165,0.0,16.66179468024159,0.0,0.0,5.316788604006331,5.106527394840706,0.0,1.4180860260770973,35.165024486646516,11.490443672839506,0.0,-0.5905666572184423,-1.2888407029478468,0.8058531746031743,0.0,0.0
CCCCCc1ccc(C=CC(=O)Nc2ccccc2C(=O)O)cc1,0,12.011092561454284,12.011092561454284,0.07007608381595531,-1.070795019963022,5.9693052879518484,9.589074368143644,0.0,17.158017495732064,0.0,11.984273114623004,36.96830353577052,24.27512131221871,12.13273413692322,24.373259940620173,5.106527394840706,0.0,0.0,23.150526532418358,11.721711581393226,2.586067212917447,-1.4312373111407926,14.450105285202334,7.8345338453657645,2.188292853843666,0.0
C=C(c1ccc[nH]1)c1c(O)[nH]c2ccc(NC(N)=O)cc12,0,10.946919923093715,10.946919923093715,0.02854166666666713,-0.639951761568825,6.031114512338072,9.901064578912528,0.0,5.879988336435371,16.823942296449825,16.596852926929518,0.0,24.395944776997904,12.13273413692322,21.863681329499244,5.733667477162185,0.0,0.0,16.88390559853673,13.395511700050392,8.452102819535632,0.02854166666666713,8.271154124822054,1.7842057961078523,4.0179116276140086,0.0
Nc1nc(Nc2ccc(S(N)(=O)=O)cc2)nn1C(=O)c1c(F)cccc1F,1,13.767917650753322,13.767917650753322,0.10068685076850481,-3.843914239080078,39.07670333753437,21.9931642637504,0.0,10.84382275650427,10.369189209828747,18.19910120538483,24.26546827384644,0.0,0.0,15.399448933254575,10.872641214770127,50.53849741405102,0.0,16.01387273153932,11.463443163761335,5.146142518429675,-3.799565748438403,8.231524159737127,0.0,0.0,-3.843914239080078
CNCCCC12CCC(c3ccccc31)c1ccccc12,1,3.3093399628369866,3.3093399628369866,0.262685185185185,0.262685185185185,0.0,0.0,0.0,5.414990469396779,5.917906046161393,6.544756405912575,25.683286491704038,22.253805966787983,0.0,60.895397134376395,0.0,0.0,0.0,0.0,3.3093399628369866,6.6570568783068795,0.6283103164105146,18.36932712899975,5.126398573318216,1.1066591080876793,2.0529080320399764
CNC(=O)c1cc(COc2nnc(Nc3ccc(Cl)cc3)c3ccoc23)ccn1,0,11.72007179122538,11.72007179122538,0.18150185697940047,-0.26602459552637847,0.0,4.794537184071822,0.0,18.394050030299795,22.117444228067058,16.637061980845353,0.0,49.83951389223738,12.13273413692322,25.814919345561943,20.754953781085913,11.330141629871518,5.92026500968514,15.753151096209203,15.44529285295654,2.3650394031121067,0.5248995758843551,12.441351900119637,3.097834808739841,0.18150185697940047,1.551632977553369
O=C(Nc1ccccc1Br)NC1CCN(c2ccc(C(F)(F)F)cn2)C1,0,12.598240218138063,12.598240218138063,0.1096477780927192,-4.39838208075887,11.73975000914047,17.96578232709628,0.0,12.072955341486033,31.01558348726975,16.7359301559071,6.06636706846161,6.06636706846161,23.09901093623531,31.547499626909218,0.0,38.569862200613116,3.358245230949506,17.858873770212604,5.6293269409462585,-0.11833617447819167,0.46621479777504327,9.187871151715207,-2.8826992552870836,1.0973080042202064,0.0
CCNC(=O)c1noc(-c2cc(C(C)C)c(O)cc2O)c1-c1ccc(CN2CCOCC2)cc1,1,12.772696247586357,12.772696247586357,0.008083743231234619,-0.3544032845895224,0.0,15.007591973753234,0.0,34.77828485580361,23.23511088100356,43.97493613015755,6.06636706846161,6.06636706846161,45.03667987291831,15.373361591982253,9.259957890773396,11.059544912123574,0.0,15.11137763771935,27.733790747648303,3.5861306697995374,-0.1932434183971543,10.92178473990315,0.0,10.280614711203237,0.0
COc1cc2c(cc1Cc1cccc(Cl)c1F)c(=O)c(C(=O)O)cn2C(CO)C(C)C,0,14.446616395002039,14.446616395002039,0.01805911056903131,-1.3617133236699435,28.82060884174324,24.19254420549987,0.0,29.354467161806447,22.393115534294157,0.0,25.43937524981383,22.766200853176187,13.847474399381248,0.0,16.337802844032566,21.53354152307796,5.882294553694507,24.65046393663322,19.591036005977244,0.18422652291369368,-1.5605208001474236,7.327496006136011,1.346718181393055,3.531815164705989,1.4573733500601884
CC(O)C1C(=O)N2C(C(=O)O)=C(SC3CN(C4=NCCS4)C3)C(C)C12,0,12.318433155248634,12.318433155248634,0.05495729927773607,-1.0544945200302338,17.991177721861543,19.802129157825057,0.0,23.563965917716693,5.249938029982174,35.459911107952614,4.899909730850477,30.447507098472855,6.923737199690624,9.892314463486144,0.0,0.0,3.353193235870003,32.95089477238197,20.91400361694151,0.12077031893004087,-0.8405052862421885,-0.22959052448139783,-0.7572294758378819,6.155130009104611,0.0
O=c1c(-c2ccc(O)cc2)coc2cc(OC3OC(CO)C(O)C(O)C3O)ccc12,0,12.811491797310701,12.811491797310701,0.08232491724517099,-1.562818797244893,37.312774244841336,30.327174158275348,0.0,22.510834200110594,16.513127197858786,0.0,36.5949983379471,12.13273413692322,0.0,0.0,13.890876844653445,16.432227033971227,0.0,12.811491797310701,48.744557506759676,0.8621721791883243,0.2696980811316829,10.533057283554875,-5.747885984473775,-0.5719845641093753,0.0
OCC(O)c1oc(O)c(O)c1O,0,8.945046296296296,8.945046296296296,0.46527777777777746,-1.461296296296297,35.916427198164826,0.0,0.0,0.0,0.0,0.0,0.0,0.0,0.0,4.417150937053347,25.532636974203527,4.343287037037037,0.0,0.0,43.77634259259259,0.0,-2.977731481481481,0.0,-1.461296296296297,-0.680601851851852,0.0
CCC(=O)NS(=O)(=O)c1ccc(-c2c(-c3ccccc3)noc2C)cc1,0,12.19183795975282,12.19183795975282,0.026313198118753878,-3.8682009582095236,15.930470882759089,13.212334168400758,0.0,11.316305098443785,11.454175413722902,16.690354475090988,12.13273413692322,25.980208536304467,35.053930206760135,5.156663257125445,4.523094936973348,31.75508374594481,0.0,11.416011507329287,4.1337314402919105,3.1855212592191764,0.09172720011100499,15.877124415120447,0.09487383724205922,3.3974608862841635,-3.8682009582095236
NCC(=O)CCC(=O)O,0,10.327916666666667,10.327916666666667,0.04745370370370372,-0.9612962962962961,5.9693052879518484,9.589074368143644,0.0,25.169644598129533,0.0,0.0,0.0,0.0,0.0,0.0,10.84019487200289,0.0,0.0,20.154557823129252,8.06484410430839,4.9157832577475435,-1.1720370370370365,0.0,-0.06759259259259265,-0.06222222222222218,0.0
Cc1nc(NC(=O)N2CCCC2C(N)=O)sc1-c1ccnc(C(C)(C)C(F)(F)F)c1,0,13.381654532874112,13.381654532874112,0.10439601470625948,-4.451192115535532,29.571424057677792,22.760319511168106,0.0,10.825486474687793,35.52092633201135,25.184260277315982,17.163120370925164,12.990104268152233,0.0,15.284745645900745,5.733667477162185,40.14496359862234,1.1412407879818591,34.23242920885794,2.9478317113882593,4.21818857938837,-0.5599512835490048,1.8588835211523635,-1.9284744647379055,4.278221674229122,0.0
OC[C@H]1O[C@H](O[C@H]2O[C@H](CO)[C@@H](O)[C@H](O)[C@H]2O)[C@H](O)[C@@H](O)[C@@H]1O,0,9.838983134920635,9.838983134920635,0.6671744824472996,-1.7220653817082396,74.62554848968267,30.63916436904423,0.0,0.0,0.0,0.0,0.0,0.0,0.0,0.0,24.423643651081555,15.314740173847317,0.0,0.0,76.44390993743177,0.0,0.0,0.0,-15.590967813051149,-1.3343489648945992,0.0
CCc1cnn2c(NCc3ccc[n+]([O-])c3)cc(N3CCCCC3CCO)nc12,1,11.548678674640769,11.548678674640769,0.18513201801559287,0.18513201801559287,0.0,10.313780419617995,0.0,6.606881964512918,12.586597235060536,65.36825629935461,12.617665194539086,12.263210640074686,22.84497560215192,22.23911734284847,4.983978520947208,2.6412873165204864,0.0,7.267434177374653,28.99319112363953,2.8504760655410015,1.7635412467456122,5.998627625054878,9.905806870316178,3.7463022414743268,0.0
C[C@@H]1O[C@@H](O[C@H]2[C@H](Oc3cc(O)c(C(=O)CCc4ccc(O)cc4)c(O)c3)O[C@H](CO)[C@@H](O)[C@@H]2O)[C@H](O)[C@H](O)[C@H]1O,0,12.749821677792388,12.749821677792388,0.07062032932007356,-1.7741269393926806,85.3009351381025,50.753283737638164,0.0,29.904118404116826,0.0,17.696185628620217,19.056471336613843,12.13273413692322,0.0,0.0,18.947451815200196,22.222294184413997,0.0,12.749821677792388,91.52929602029444,0.38489251804581004,-2.0031457971800903,8.216016054197642,-15.27370204474147,0.6745273871772706,0.0
CC(C)c1c(CN(C)C(C)Cc2ccccc2)n(C)n(-c2ccccc2)c1=O,0,13.218482344358517,13.218482344358517,0.08593743991832037,0.08593743991832037,0.0,4.794537184071822,0.0,11.4771729412134,6.041840829147961,29.910343790067603,5.563451491696996,4.681802935145184,42.06131026013042,63.05062865490759,0.0,3.818557728647014,0.0,15.554778640654813,0.0,4.323153779124649,0.17730713607246784,20.81825166606281,0.9877898522433153,7.187857247837406,4.132303949357521
CCCCC(=O)OC1CCC2C3CCc4cc(O)ccc4C3CCC12C,0,12.207038078069928,12.207038078069928,0.0049198738137230524,0.0049198738137230524,0.0,9.901064578912528,0.0,17.488262145096932,29.92405159469409,32.10410811463005,30.38936785217202,0.0,12.13273413692322,19.913841467842857,4.736862953800049,5.978820135492214,0.0,12.207038078069928,9.807234705110476,2.9557098929866443,2.3725612363748354,5.967912995300365,9.46754930683984,4.493173649825696,0.0
CCCS(=O)(=O)Nc1ccc(F)c(C(=O)c2c[nH]c3ncc(Cl)cc23)c1F,0,14.786044798577867,14.786044798577867,0.03577283845636958,-3.8139671922360416,38.69181554824487,21.9931642637504,0.0,16.33893841218511,17.454223058158533,12.13273413692322,18.460054211687762,6.923737199690624,4.722094864452088,9.967957041894415,11.600939890232516,54.81745816182219,5.8758233570595735,19.4873233369929,0.5429972373512346,-1.077307886695812,-3.5964439889949453,3.2080675040736972,2.9395975945298325,1.6442296538751473,-3.8139671922360416
Clc1ccccc1CN1CCc2sccc2C1,0,6.197967984518909,6.197967984518909,0.878347741874528,0.878347741874528,0.0,0.0,0.0,0.0,0.0,24.65690253147905,17.54772460632,4.877147193701299,23.469520014857956,28.47907370670122,11.600939890232516,0.0,8.082096368382743,4.024452422944487,3.076425325788752,2.7232868795666416,0.0,10.376273095658018,1.1780283919123204,3.150548626858151,0.0
COc1cc(C=CC(=O)CC(=O)C=Cc2ccc(O)c(OC)c2)ccc1O,0,11.929398258550947,11.929398258550947,0.0066228737638580615,-0.34724211598219523,0.0,19.802129157825057,0.0,29.486335182223694,22.6259266499618,0.0,38.504369433146046,36.417508487514205,0.0,0.0,9.473725907600098,9.9963865408032,0.0,23.858796517101894,19.084873988348342,1.3281099055512147,-0.0832113083386794,9.34009717565953,5.442434020771863,0.0,2.865846493435974
COc1cc(N2CCC(N3CCN(C)CC3)CC2)ccc1Nc1ncnc(Nc2ccccc2S(=O)(=O)C(C)C)n1,1,12.836261749570454,12.836261749570454,0.2034680231912387,-3.4937685333897455,15.087191166399677,8.417796984328938,0.0,10.84382275650427,23.427078218101922,63.48495423069459,6.3273200747645415,45.22274021450522,12.13273413692322,53.39928101454451,4.736862953800049,31.393816725102035,0.0,20.601035988953782,5.710703659609887,2.2688739963494946,1.2272574837727068,13.519768843942328,3.699518235569312,9.974121339739035,0.35490372696141836
CN1c2ccccc2C(NCCCCCCC(=O)O)c2ccc(Cl)cc2S1(=O)=O,0,13.179328726701666,13.179328726701666,0.1961883432221776,-3.7235150268062323,15.992596441359431,13.212334168400758,0.0,17.358145927591746,29.23904910896047,24.825916360475023,10.371583059757842,25.24677318806202,18.19910120538483,5.316788604006331,16.70746728507322,27.66924935943532,6.116325086009325,10.799951211866311,12.586928304650408,2.209613416035224,-0.7650142802305566,12.191805240702893,3.5241975414960014,0.6923618197278912,-2.164306588581706
COc1ccc2c(c1OC)C(=O)OC2C1c2c(cc3c(c2OC)OCO3)CCN1C,0,12.874564016964811,12.874564016964811,0.1600535563573915,-0.5225670823885111,12.073271675700152,4.794537184071822,0.0,12.834783135247788,34.31101065811652,29.655932503929574,7.109797541277533,20.285962151016676,19.18040611960041,4.899909730850477,28.421177722800294,33.80830544282151,0.0,15.051955126186277,0.0,3.226170451205174,2.3574802869188702,5.425540149701856,0.30559815303276683,0.9627699994160964,6.695513724050777
NCC1OC(OC2C(N)CC(N)C(OC3OC(CO)C(O)C(N)C3O)C2O)C(N)CC1O,1,10.97178555681532,10.97178555681532,0.05423451724924555,-1.440677402069899,92.1860298417616,25.532636974203527,0.0,19.386399651764595,0.0,0.0,0.0,0.0,0.0,0.0,47.615789201011125,22.716317116442028,0.0,0.0,50.70976490930665,29.76995331513709,0.0,-3.266625684923709,-10.763801597427422,-0.4989413918679795,0.0
O=C(NC[C@@H](O)CN1CCc2ccccc2C1)c1cc(NC2COC2)ncn1,0,12.347934583587541,12.347934583587541,0.18076381015369147,-0.6381758466701659,6.103966387748303,9.901064578912528,0.0,24.187704959260504,25.576383112773442,19.51033443475116,17.454223058158533,6.06636706846161,6.06636706846161,43.70054518614238,4.736862953800049,5.114537115930031,0.0,22.706209911429937,16.28913365552674,2.961005456112477,0.2771571614892532,10.2328935635272,1.7054482026282782,3.713614933356083,0.0
COc1ccc(/C=C\c2cc(OC)c(OC)c(OC)c2)cc1O,0,9.805772933242269,9.805772933242269,0.09679817310048211,0.09679817310048211,0.0,5.106527394840706,0.0,5.749511833283905,22.99804733313562,11.126902983393991,7.109797541277533,33.46212676075582,30.351141419052592,0.0,18.947451815200196,20.974803227011783,0.0,0.0,9.805772933242269,1.728573685647099,2.2609964561786366,8.895857478793987,3.76942365835223,0.0,6.231239227440664
C=C1c2cccc(O)c2C(=O)C2C(=O)C3(O)C(=O)C(C(N)=O)C(=O)C(N(C)C)C3C(O)C12,1,13.584309807256236,13.584309807256236,0.15076740572772374,-3.012927177815569,76.20815356062069,39.292268104881224,0.0,16.70000751346326,0.0,0.0,37.19435490158969,0.0,0.0,6.578935683598497,5.733667477162185,0.0,0.0,66.17786742441595,32.9575566090889,2.384140034106442,-13.08120945896469,2.783574428425844,-1.718726379440665,3.8969876438229614,2.8498096985452683
CCC(C)(C)c1ccc(CC(C)CN2CC(C)OC(C)C2)cc1,0,5.830173113287811,5.830173113287811,0.2819682055558679,0.2819682055558679,0.0,0.0,0.0,5.414990469396779,18.125838821658,19.51033443475116,24.092481012232575,0.0,0.0,70.70780120284067,4.736862953800049,5.830173113287811,0.0,2.5675231481481484,0.0,3.1937657650423708,0.6782734683379524,9.302071470563533,3.061426787531585,16.95009958042193,0.0
NCC1OC(OC2C(N)CC(N)C(O)C2OC2OC(CO)C(O)C2O)C(N)C(O)C1O,0,10.632762214453683,10.632762214453683,0.11359360729109014,-1.5081917507463152,92.24815540036194,30.63916436904423,0.0,12.965578028838586,0.0,0.0,0.0,0.0,0.0,0.0,41.88212172384894,22.46574847587744,0.0,0.0,60.217734072129645,23.64594748468243,0.0,-2.716628376416888,-13.772742700412293,-0.6733922891936746,0.0
CN1C(=O)CC[C@H]1c1cccnc1,0,11.263326247165534,11.263326247165534,0.23041950113378684,0.23041950113378684,0.0,4.794537184071822,0.0,11.949020558499466,6.4208216229260096,11.984273114623004,0.0,11.096753302463554,25.377249691213486,4.983978520947208,0.0,0.0,0.0,17.11669359410431,0.0,1.1350462962962966,0.23041950113378684,4.166523998488285,5.163816609977324,0.0,1.8541666666666667
CCc1cc(C(C)=NOCc2ccc(C3CCCCC3)c(C(F)(F)F)c2)ccc1CN1CC(C(=O)O)C1,0,13.821630998785253,13.821630998785253,0.03145274488274041,-4.39795231748178,17.70905529709232,17.96578232709628,0.0,18.442694056835705,36.47285720390242,55.21528421264705,6.06636706846161,12.13273413692322,25.122838405075452,16.979359657291642,9.94411597857734,41.46489299635576,0.0,18.63019508599094,13.2488334744241,4.130345034389536,-1.0634027025601909,10.582116394462806,1.0841739407539324,5.672845776183122,0.0
CNC(=O)c1cnn(-c2nc(N)c3ncn([C@@H]4O[C@H](CO)[C@@H](O)[C@H]4O)c3n2)c1,1,11.717751070211389,11.717751070211389,0.05785782522885774,-1.3067168060214602,31.146682298492692,20.11411936859394,0.0,28.83725972655702,5.563451491696996,0.0,35.01758178360443,0.0,0.0,25.36740597514899,10.470530430962235,8.184857602948332,0.0,24.36085323353361,36.07494469312918,6.7766056963419,-0.1870504166982323,0.0,-0.4175891346983125,-0.4590415696016339,1.4997532283784918
CC(C)(C)NCC(O)c1cc(Cl)c(N)c(Cl)c1,1,10.00302311665407,10.00302311665407,0.053197003338372406,-0.6621990740740749,6.103966387748303,5.106527394840706,0.0,5.538925252383345,27.840860799775786,0.0,0.0,12.13273413692322,20.771211599071872,5.316788604006331,28.935547257627213,0.0,11.824572651591499,0.0,13.935756251574706,6.578852513227514,0.0,3.2733641975308645,-0.6621990740740749,6.521875682371714,0.0
Cc1ccc(-c2nn(C(C)(C)C)c3ncnc(N)c23)cc1,0,6.07643502771479,6.07643502771479,0.1785809948979591,-0.1785809948979591,0.0,0.0,0.0,5.538925252383345,5.817862777835028,22.29078092177798,11.890771566461538,0.0,4.681802935145184,61.92837411450334,10.832349285463224,1.9122656840513983,0.0,8.501275352733686,5.571498960695389,9.732327674897121,0.4639583333333335,8.23771730914588,1.4866152263374486,8.344341458805744,0.0
CCCc1nc(C(C)(C)O)c(C(=O)OCc2oc(=O)oc2C)n1Cc1ccc(-c2ccccc2-c2nn[nH]n2)cc1,0,13.457279431560634,13.457279431560634,0.1154592122091549,-1.413752518531663,17.39273834519097,14.69560176298435,0.0,29.515232791958724,24.614387024838436,28.67462758971399,0.0,25.338311246863228,55.4546737473835,25.60811232885902,13.571164827906742,17.11363755178669,0.0,29.53039008077659,25.302015871831276,2.5962310647451563,-0.08309929272346173,15.709876310315058,1.3652845330824293,6.715663880186259,0.0
COc1cc2c(Oc3ccc(NC(=O)C4(C(=O)Nc5ccc(F)cc5)CC4)cc3F)ccnc2cc1OCCCN1CCOCC1,1,15.23723745837296,15.23723745837296,0.06658043249670387,-1.277428588509745,28.86379161019158,13.979489415818463,4.39041504767482,11.436898107967467,53.287371916981265,45.33522183815118,36.39820241076966,31.505742318275438,0.0,20.517465459810346,18.947451815200196,51.38719318481273,0.0,32.66607400016185,5.88517099853107,-0.1438208134343575,-0.8708183930204785,14.429346155393059,3.09048727222037,4.76119479848856,1.5451727968472058
COc1cc(CC2C(=O)OCC2Cc2ccc(OC)c(OC)c2)ccc1O,0,12.276672816905048,12.276672816905048,0.06518424036281134,-0.24319856491979563,0.0,9.901064578912528,0.0,23.554629213558542,36.697060710216654,11.126902983393991,7.109797541277533,32.418696287939895,18.19910120538483,0.0,18.947451815200196,21.118336772158262,0.0,12.276672816905048,9.74802969177657,1.981526064256945,1.454160945009992,10.91847753500441,1.2355248488284203,0.3958960065507684,4.704708652842914
CS(=O)(=O)c1ccc(C2=C(c3ccccc3)C(=O)OC2)cc1,0,12.008679033341732,12.008679033341732,0.19571688397581233,-3.2338087283237447,9.837253136417502,13.212334168400758,0.0,17.47167072798254,5.5731045300692665,16.70000751346326,6.255769183511404,24.26546827384644,30.33183534230805,0.0,4.736862953800049,28.17819168491675,0.0,12.261783614680441,0.0,2.8965271085285975,-0.35334297839506124,15.80604507418721,1.1655540070966657,0.19571688397581233,-3.2338087283237447
CN(C)C(=O)C(O)C(Cc1ccccc1)NC(=O)c1cc2cc(Cl)ccc2[nH]1,0,12.785401864449483,12.785401864449483,0.3188325669774086,-1.3629824892920135,23.960166675599275,14.69560176298435,0.0,0.0,17.1373829315158,16.46637642377805,4.899909730850477,38.36081223920082,30.33183534230805,10.300767124953538,11.600939890232516,0.0,5.9985118188248965,29.398730506639957,14.723721704090538,2.0145749153911137,-0.8717412408285421,15.597044650374425,-1.044149922314605,0.0,3.127752012266664
CCCCCCCCCCCCc1ccc(S(=O)(=O)Nc2nncs2)cc1,0,12.28230435976656,12.28230435976656,0.2541879639074984,-3.586168295348996,10.023291153407584,8.417796984328938,0.0,10.027041955357108,0.0,24.178429123786756,68.86138537164848,12.13273413692322,12.13273413692322,21.84319568074479,0.0,27.003495707504143,1.158830916905248,0.2541879639074984,7.626691253347762,2.6781286263947153,0.0,7.133726371878636,14.227431061435333,2.2536763939756623,-3.586168295348996
O=CN1CC/C(=C\c2ccc3c(c2)OCO3)C1=O,0,11.745108890778534,11.745108890778534,0.21975292894935738,-0.21975292894935738,0.0,9.589074368143644,0.0,12.700122035451333,36.44780153159178,5.563451491696996,4.899909730850477,6.076020106833881,18.19910120538483,0.0,9.473725907600098,10.48430165718721,0.0,23.534725077945676,0.0,1.510476190476191,1.175113667380533,5.49523116654069,2.947050317040396,0.6864352567626375,0.0
CNCCc1ccccn1,0,4.17625,4.17625,0.9970370370370369,0.9970370370370369,0.0,0.0,0.0,0.0,0.0,18.659506023687047,0.0,0.0,31.443616759675095,10.300767124953538,0.0,0.0,0.0,4.17625,3.0761763038548753,1.1498611111111112,0.0,5.984332955404383,2.835648148148148,0.9970370370370369,1.947361111111111
C=C1C(=CC=C2CCCC3(C)C2CCC3C(C)C=CC(O)C2CC2)CC(O)CC1O,0,10.2267515703264,10.2267515703264,0.24982635222100646,-0.6208246897052367,12.207932775496605,15.319582184522117,0.0,6.103966387748303,41.928257899894376,17.567030683064544,44.09803426762532,0.0,0.0,44.73049051031526,0.0,0.0,0.0,0.0,30.38412026637964,3.6284073499322664,2.2754796990111665,0.0,16.91370575686128,8.88162026114898,0.0
Cc1nc2cc(-n3ncc(C(=O)c4cc5ccccc5[nH]4)c3N)ccc2[nH]1,0,12.915198027915379,12.915198027915379,0.18829449063576043,-0.18829449063576043,0.0,4.794537184071822,0.0,5.783244946364939,17.075242264380485,33.448117139997066,6.196843571613076,4.681802935145184,55.4546737473835,20.05061737114266,5.733667477162185,1.554901738473167,0.0,23.66837594939989,5.296983501833305,10.526679920084849,0.9464545582997275,15.268290570155026,1.5031422430083143,1.901838185412389,0.0
C[C@@]12N[C@@H](Cc3ccccc31)c1ccccc12,0,3.7883333333333336,3.7883333333333336,0.010023148148148087,0.010023148148148087,0.0,0.0,0.0,5.538925252383345,6.041840829147961,6.4208216229260096,22.253805966787983,0.0,0.0,60.77146235138983,0.0,0.0,0.0,0.0,3.7883333333333336,5.882523148148149,0.0,18.155925925925924,1.1138657407407406,2.3093518518518517,0.0
NCCCNCCSP(=O)(O)O,0,10.329741039934493,10.329741039934493,0.4254456412194507,-3.869314010840962,6.797627491547048,4.565048284931329,0.0,0.0,30.224091214685096,12.965578028838586,0.0,0.0,0.0,5.316788604006331,15.520490682667134,10.329741039934493,0.6645226284958425,16.893279950869236,3.0147222222222223,5.242784382786036,0.4254456412194507,0.0,0.8894616874527589,-1.8210686640911509,0.0
CCCCCOC(=O)Nc1nc(=O)n(C2OC(C)C(O)C2O)cc1F,0,14.116002199510046,14.116002199510046,0.17682681102233766,-1.40625915889784,47.957867422002586,24.19254420549988,0.0,6.606881964512918,6.4208216229260096,23.60558646525645,6.923737199690624,0.0,6.923737199690624,10.300767124953538,9.473725907600098,24.94646985451299,0.0,27.044788057427848,21.612918506448484,-0.9508953842607342,-1.5853923637356169,0.0,-2.2509544653553095,3.683065794962336,0.0
CC(=O)OCC=C(C)C=CC=C(C)C=CC1=C(C)CCCC1(C)C,0,10.709456872302958,10.709456872302958,0.2507943452605039,-0.2507943452605039,0.0,4.794537184071822,0.0,11.384295757348628,6.606881964512918,5.5731045300692665,42.90551565867645,0.0,25.151797520192265,45.92300911926414,4.736862953800049,4.894330829299923,0.0,10.709456872302958,0.0,5.597529148734212,-0.2507943452605039,0.0,16.332283871497694,12.80052695675905,0.0
O=C(C(O)CO)C(O[C@H]1O[C@H](CO)[C@@H](O[C@H]2O[C@H](CO)[C@@H](O)[C@H](O)[C@H]2O)[C@H](O)[C@H]1O)[C@H](O)CO,1,12.178462318486357,12.178462318486357,0.7650928788125615,-2.0230109651885453,111.93445652831835,50.753283737638164,0.0,0.0,0.0,0.0,0.0,0.0,0.0,0.0,29.160506604881604,20.994154670845205,0.0,12.178462318486357,107.23685986295256,0.0,-1.2689071662831586,0.0,-23.431209796562054,-3.7093598894389066,0.0
CNC(=O)c1ccc(-c2cnc3ncc(Cc4ccc5ncccc5c4)n3n2)cc1F,0,14.388304225821292,14.388304225821292,0.01907310933784445,-0.6163197489624184,11.7244005703974,9.184952231746642,0.0,5.563451491696996,23.45585483339066,22.160304418626517,19.18040611960041,29.172295676916463,24.26546827384644,31.4337730436106,0.0,16.04836500939398,0.0,24.753880897159334,8.094601565096806,3.8763163318064504,-0.6332402697689312,14.408264612275175,5.6584429448162075,0.0,1.460035575887645
C=CC(=O)Nc1ccc2ncnc(Nc3cccc(Br)c3)c2c1,1,11.44946641069702,11.44946641069702,0.2613901612323326,-0.2613901612323326,0.0,4.794537184071822,0.0,5.907179729351506,11.50524905251859,21.063030722597034,12.403340181598423,6.06636706846161,36.39820241076966,43.11041383145492,0.0,0.9720343097191946,3.4422629596309218,19.999558845819216,6.818591637272193,2.350459485491728,0.4078709876716736,13.245551139211974,2.733129298659827,3.447208003189938,0.0
NCCCC(=O)O,0,9.702638888888888,9.702638888888888,0.1909722222222221,-0.772731481481481,5.9693052879518484,4.794537184071822,0.0,6.4208216229260096,12.965578028838586,0.0,0.0,0.0,0.0,0.0,10.84019487200289,0.0,0.0,9.702638888888888,7.989027777777778,5.013472222222222,-0.772731481481481,0.0,0.7696759259259258,0.46458333333333335,0.0
NC(=O)c1cccc(-c2cccc(OC(=O)NC3CCCCC3)c2)c1,0,12.077392804739485,12.077392804739485,0.20525998709350013,-0.47119045120574854,12.00041980028992,9.589074368143644,0.0,6.041840829147961,11.3129633249809,36.81018947509803,6.4208216229260096,30.33183534230805,18.19910120538483,5.316788604006331,10.470530430962235,5.415294154698917,0.0,23.408031590610747,2.9282748276588464,7.46713415439502,-0.0033316549094521974,14.486697116984296,5.131233143894962,0.0,0.0
O=S(=O)(O)CCSSCCS(=O)(=O)O,0,10.22027601935836,10.22027601935836,0.17557161753590322,-3.9415112433862434,20.236253718067108,16.835593968657875,0.0,23.011414426987155,0.0,21.587795952773444,0.0,0.0,0.0,0.0,9.105499747380728,57.515453987150416,0.0,0.0,0.0,0.0,-0.377940759637188,0.0,0.0,0.0,-5.637513227513228
CC(=O)C(O)C(O)C(O)CO,0,10.402815570672713,10.402815570672713,0.6481481481481473,-1.6276388888888886,30.702026074122767,4.794537184071822,0.0,0.0,0.0,6.923737199690624,0.0,0.0,0.0,0.0,20.426109579362823,0.0,0.0,10.402815570672713,34.73858560090703,0.0,-0.6481481481481473,0.0,-4.7189351851851855,0.392348828420257,0.0
Cn1cc[nH]c1=S,0,4.793981481481481,4.793981481481481,0.7638888888888891,0.7638888888888891,0.0,0.0,0.0,0.0,0.0,4.771065770590158,0.0,0.0,24.008458773694695,4.983978520947208,12.217873443046695,2.606481481481482,4.793981481481481,2.846064814814815,0.0,0.0,0.0,0.0,3.685185185185185,0.0,1.9016203703703705
Cn1cnc([N+](=O)[O-])c1Sc1ncnc2[nH]cnc12,0,10.90073082010582,10.90073082010582,0.1992611489040057,-0.5225522014361301,4.923311048817671,10.114318268765572,0.0,5.817862777835028,21.215797895722474,11.761884949391115,18.981960224293623,11.614771630468544,0.0,24.919892604736038,0.0,1.5728136810279667,1.1351388888888887,29.204369960947346,11.836795634920637,1.1577031368102801,-0.1992611489040057,0.0,4.273325381078357,0.0,1.6857811318972034
CC(C)OC(=O)OCOP(=O)(COC(C)Cn1cnc2c(N)ncnc21)OCOC(=O)OC(C)C,0,13.09452646222758,13.09452646222758,0.23667545760694542,-4.0582770857828745,58.152247730364785,14.154122653074971,0.0,12.362619183747604,11.16387793838399,0.0,12.654640149529083,39.18578564624447,0.0,14.951935562841623,38.465476569586066,49.65869524338486,0.0,35.23721969066869,0.0,6.722788751246003,0.23667545760694542,0.0,-1.1353415940029794,6.977128425768247,-4.0582770857828745
CC(C)(OCc1nn(Cc2ccccc2)c2ccccc12)C(=O)O,0,11.201657234675881,11.201657234675881,0.15436807130259522,-1.2457205031920946,11.570356098935537,9.901064578912528,0.0,6.606881964512918,6.544756405912575,22.160304418626517,0.0,13.847474399381248,47.14637241437645,17.231415945224256,4.736862953800049,7.5009410430839,0.0,11.201657234675881,14.808857785725085,1.6644902053197055,-0.9902557733505601,18.006518158069124,0.0,3.8911246798101957,0.0
CN1C2CCC1CC(OC(=O)C(CO)c1ccccc1)C2,0,12.362390873015872,12.362390873015872,0.003668745275887453,-0.5661952003023438,5.917906046161393,9.901064578912528,0.0,18.68015364021307,12.083681658295921,18.405094737549014,12.841643245852019,0.0,30.33183534230805,11.947581713527667,4.736862953800049,5.702325207860922,0.0,14.784075097631645,9.528670319979845,0.8202772528764596,-0.8600349584278157,10.470208907254364,4.259639448754708,-0.20602521101033,2.1675306017468716
Cc1cc(SCc2sc(-c3ccc(C(F)(F)F)cc3)nc2C)ccc1OCC(=O)O,0,12.733857717542852,12.733857717542852,0.3887740976086014,-4.3556846172984445,17.70905529709232,17.96578232709628,0.0,6.606881964512918,22.073440628580453,33.16274429268775,23.469520014857956,17.828252017852726,25.980208536304467,4.983978520947208,9.843390348640755,43.43122125367747,3.05979290257068,17.168822613984148,9.391761308870763,1.6646631361085436,0.1634345876615353,10.549315231491075,-4.3556846172984445,3.3433402496008937,0.0
CC(=O)OCC(=O)C1(O)C(C)CC2C3CC=C4CC(=O)C=CC4(C)C3(F)C(O)CC21C,1,17.011112057885597,17.011112057885597,0.08255155799821212,-2.0115455588099436,58.39900224742371,24.596666341896878,4.39041504767482,24.542794238378352,18.414747775921285,0.0,12.999757306524504,26.847231705905752,6.076020106833881,0.0,4.736862953800049,21.879898409365037,0.0,36.189287932200415,22.90605303425064,-5.342642225699585,-2.7743280919333864,0.0,4.263122520980322,5.8786084208365565,0.0
COc1cc(C=CC(=O)N2CCN(CC(=O)N3CCCC3)CC2)cc(OC)c1OC,0,12.599722236537712,12.599722236537712,0.04697113567649236,-0.04697113567649236,0.0,9.589074368143644,0.0,11.814359458703011,49.97231752941459,31.494607549374166,0.0,45.61416697442358,9.799819461700954,4.899909730850477,14.210588861400147,16.027214563880065,0.0,30.786726090254277,0.0,0.7849035426998437,1.756838390731357,3.5972995547483557,5.514303347621015,4.860543000263336,4.672171509801747
O=C(O)CCCCCCCC(=O)O,0,10.09976476200367,10.09976476200367,0.22116126543209846,-0.7587629913076339,11.938610575903697,9.589074368143644,0.0,12.841643245852019,12.841643245852019,19.26246486877803,0.0,0.0,0.0,0.0,10.213054789681411,0.0,0.0,20.19952952400734,16.62249176599014,0.0,-1.5175259826152678,0.0,4.528838025951121,0.0,0.0
CC(C)C(=O)Nc1ccc([N+](=O)[O-])c(C(F)(F)F)c1,0,12.667561885865457,12.667561885865457,0.12812499999999982,-4.860147156084656,34.1755331081546,28.080100595861857,0.0,5.687386274683562,6.06636706846161,12.13273413692322,0.0,13.847474399381248,0.0,5.316788604006331,0.0,38.00268565759637,0.0,20.7799276685983,12.78682581674645,-2.5641416288737715,-0.8828645964558663,2.338125,-4.860147156084656,3.149589238473167,0.0
CC(C)Nc1cc(-c2c[nH]c(C(=O)NC(CO)c3cccc(Cl)c3)c2)c(Cl)cn1,1,12.670092347927847,12.670092347927847,0.22777229442255376,-0.5700854714313714,6.041840829147961,9.901064578912528,0.0,18.555902523012385,21.557057400166144,16.690354475090988,0.0,42.7255224855342,19.913841467842857,20.601534249907075,23.20187978046503,0.0,12.313822639355438,19.90118492821319,16.74723000489883,2.597001253217364,0.35544938040144247,10.227823715063375,3.2895852404315815,3.7901250606410035,0.0
CN(C(=O)CN(CCO)CC(=O)N(C)C(C)(C)Cc1ccccc1)C(C)(C)Cc1ccccc1,0,13.132293060765578,13.132293060765578,0.07557412600026159,-0.38710656267895893,0.0,14.69560176298435,0.0,49.13336114572034,0.0,23.96854622924601,0.0,28.79507315790581,64.09315120953215,24.26546827384644,0.0,0.0,0.0,31.491442618759674,9.557615656484183,1.5532208852195815,-0.1511482520005234,20.186884829886726,1.4552058213690326,8.463690378151059,3.6097547287969367
Cc1ncc([N+](=O)[O-])n1CC(C)O,0,10.479671201814059,10.479671201814059,0.08481481481481468,-0.6188888888888893,11.027277436565974,10.114318268765572,0.0,12.362619183747604,5.824404497999927,0.0,10.763943219404432,13.847474399381248,0.0,4.983978520947208,5.106527394840706,1.3796296296296298,0.0,13.769208238851096,19.56329931972789,0.0,0.4500000000000004,0.0,0.5732870370370367,3.4312424414210128,0.0
N#Cc1cc(-c2n[nH]c(-c3ccncc3)n2)ccn1,0,8.82408808742097,8.82408808742097,0.34051954732510303,0.34051954732510303,0.0,0.0,0.0,0.0,17.342736990848316,11.126902983393991,0.0,30.723264851762448,18.201955449715495,25.149299179443698,5.261891554738487,0.0,0.0,12.259879270961521,15.834407201177584,1.9992407564877808,1.1929927248677255,9.096558984896376,4.950254394942346,0.0,0.0
N=C(N)N=C(N)NCCc1ccccc1,0,6.894601589487953,6.894601589487953,0.17910289115646294,-0.29193415637860065,0.0,0.0,0.0,11.91910913748767,6.544756405912575,6.4208216229260096,5.563451491696996,0.0,30.33183534230805,10.309193336642,16.876618560115894,0.0,0.0,3.552976820357773,9.763972337787273,11.731635690548028,-0.11283126522213771,10.034889840565345,0.856115835222978,0.6732407407407407,0.0
CCC(C)C(=O)OC1CC(O)C=C2C=CC(C)C(CCC(O)CC(O)CC(=O)O)C21,0,12.430056519298146,12.430056519298146,0.015621642366772104,-1.095141134968044,30.385170838945058,24.90865655266576,0.0,42.48257271844944,25.683286491704038,5.5731045300692665,0.0,0.0,25.99951461304901,12.999757306524504,9.843390348640755,5.8361760437901316,0.0,23.129867334180226,39.066163021119074,0.9575956005808105,-1.3095679951490127,0.0,4.637655574658329,5.84877708748711,0.0
CC1C(=O)O[C@@H]2CCN3CC=C(COC(=O)[C@](C)(O)[C@]1(C)O)[C@H]23,0,12.447148998488284,12.447148998488284,0.022481575963718914,-2.218513676303855,29.058618244032466,19.802129157825057,0.0,18.75268918140918,6.4208216229260096,25.58635454158504,13.847474399381248,0.0,6.076020106833881,4.899909730850477,9.473725907600098,10.840291005291007,0.0,26.8895809712774,21.103695436507934,-3.3514250283446705,-2.64624574829932,-0.09078892668178429,2.3428271447467868,5.412065145502645,0.0
COC(=O)NC(C(=O)N1CCCC1c1nc(-c2ccc(-c3ccc(-c4c[nH]c(C5CCCN5C(=O)C(NC(=O)OC)C(C)C)n4)cc3)cc2)c[nH]1)C(C)C,0,13.518429658201018,13.518429658201018,0.10428793414770299,-0.6871737455590108,24.27016180017275,19.178148736287287,0.0,35.733853209321715,13.08951281182515,70.9737574441888,14.219595082555067,9.799819461700954,64.35410421583508,44.86700252375351,19.441682949494513,9.50000327190537,0.0,70.86881210050043,5.3830085300342905,5.575198491936117,0.9538508674226012,14.613007093361835,5.74612907868595,8.783680611561573,2.5763099545918373
CC(=O)Oc1ccccc1C(=O)O,0,10.611948223733938,10.611948223733938,0.01601851851851821,-1.1140277777777776,11.938610575903697,9.589074368143644,0.0,11.3129633249809,0.0,0.0,19.056471336613843,12.13273413692322,0.0,4.736862953800049,5.106527394840706,4.686898148148147,0.0,21.184767573696142,8.687243008314436,-0.01601851851851821,-1.575879629629629,5.978792517006803,0.0,1.2208635676492818,0.0
CNC(=O)c1ccc(N2C(=S)N(c3ccc(C#N)c(C(F)(F)F)c3)C(=O)C2(C)C)cc1F,0,14.519717277117378,14.519717277117378,0.14416011852271815,-4.8199608196903085,40.473707052969715,27.15073455884292,0.0,22.050660925788875,6.06636706846161,17.032643867773697,50.06337863108601,0.0,0.0,5.316788604006331,17.479764997785182,54.70431925448852,5.383431358654573,27.092828077812207,11.119541422350888,-3.4202817463470865,-2.145859196059897,7.934432097761911,-4.8199608196903085,2.973250425170068,1.344965792525802
O=c1[nH]c2ccc(Cl)cc2c(NC2CN3CCC2CC3)c1-c1nc2ccccc2[nH]1,1,13.218748425296043,13.218748425296043,0.15958002645502622,-0.15958002645502622,0.0,4.794537184071822,0.0,5.559266895052007,28.370236178747604,34.16846904790972,25.93115605767717,6.06636706846161,36.39820241076966,20.184655376751223,16.58491841117972,0.0,6.3473334924811,26.779877890456593,5.306393875451414,3.7138058669970055,1.1899497144536824,13.7176180277488,2.3879308109496904,3.3348680992394923,0.0
CCN1CCN(C(=O)NC(C(=O)NC2C(=O)N3C(C(=O)O)=C(CSc4nnnn4C)CSC23)c2ccc(O)cc2)C(=O)C1=O,0,13.560167779801167,13.560167779801167,0.08230332674975749,-1.4239823801629001,53.0866931889606,38.98027789411234,0.0,41.60522266335546,22.174207148653025,4.899909730850477,57.37095083862433,13.971409182367815,0.0,26.159029207623437,0.0,1.4374736157410648,2.486164774453064,80.13246326549655,35.64253364382253,0.5364822566735072,-4.261013692316941,1.8401577231498365,0.0,2.042543842673422,1.6431945703069608
CC(NC(CCc1ccccc1)C(=O)O)C(=O)N1CCCC1C(=O)O,0,12.499654387619753,12.499654387619753,0.34655336671705683,-1.0214929243302262,30.06413306334758,24.596666341896878,0.0,5.907179729351506,32.22804289761662,5.563451491696996,4.899909730850477,6.923737199690624,30.33183534230805,5.316788604006331,0.0,0.0,0.0,36.54070911146276,21.431412999329595,1.0277904964403883,-2.4031843201802063,7.093693197984391,2.002441218303758,1.9738039633259692,0.0
Cn1c(=O)n(-c2ccc(C(C)(C)C#N)cc2)c2c3cc(-c4cnc5ccccc5c4)ccc3ncc21,0,13.407465839626127,13.407465839626127,0.1487330871155721,-0.6094675124162523,5.414990469396779,10.056428738810308,0.0,5.689743398203474,0.0,55.216992049169185,0.0,22.378714849872974,74.64162158714882,34.23627956007152,0.0,3.351267229885781,0.0,22.66369244876406,11.458421955250955,6.203156397122758,0.0,26.24744299155623,3.629753842910131,3.76675618446542,1.7628422833779975
CC(C)(C)NC(=O)C1CN(Cc2cccnc2)CCN1C[C@@H](O)CC(Cc1ccccc1)C(=O)N[C@H]1c2ccccc2C[C@H]1O,0,13.809625991907424,13.809625991907424,0.07124852016408312,-0.833277682731598,35.74844573233727,19.802129157825057,0.0,24.779937487541595,32.475912463589744,28.798562372700555,0.0,6.196843571613076,93.69809292376269,25.417375190660824,0.0,0.0,0.0,35.887265478181696,28.5052082583052,3.6766292690542652,-0.7813825973835404,20.626342850020876,3.2603443654366497,8.742259043051524,0.0
NCC(O)c1ccc(O)cc1,0,9.21351851851852,9.21351851851852,0.19256613756613783,-0.6290740740740748,6.103966387748303,5.106527394840706,0.0,12.29426823919648,0.0,5.563451491696996,12.13273413692322,12.13273413692322,0.0,0.0,10.84019487200289,0.0,0.0,0.0,18.111790438397584,5.956739417989418,0.19256613756613783,6.335462962962963,-0.6290740740740748,0.19918178382464102,0.0
NCCC(=O)NC(Cc1c[nH]cn1)C(=O)O,0,11.203731339758125,11.203731339758125,0.11542209939531389,-1.0894708994708993,12.011146117099809,9.589074368143644,0.0,25.2935793811161,5.693927994848461,0.0,6.3273200747645415,6.196843571613076,0.0,15.284745645900745,10.84019487200289,0.0,0.0,28.69782950680272,11.288509070294785,5.775443594104309,-1.45943783068783,-0.9700462962962966,3.306018282312926,0.19501700680272105,0.0
NS(=O)(=O)c1ccccc1,0,10.610648148148147,10.610648148148147,0.1481481481481488,-3.502824074074073,10.023291153407584,8.417796984328938,0.0,4.895483475517775,0.0,0.0,12.13273413692322,18.19910120538483,0.0,0.0,5.138973737607942,21.221296296296295,0.0,0.1481481481481488,4.828981481481481,0.0,0.0,7.887731481481481,0.0,0.0,-3.502824074074073
Cc1nnc(SCC2=C(C(=O)O)N3C(=O)C(NC(=O)Cn4cnnn4)[C@H]3SC2)s1,0,12.59807742658843,12.59807742658843,0.01531252624506596,-1.1609622835844886,29.199378388771557,19.49013894705617,0.0,12.241795718968408,17.078811743562845,9.347279377526311,50.769588517477175,0.0,6.923737199690624,31.03960422021918,0.0,1.9784246318012204,4.242892128306505,37.81929317662595,31.125597457150874,0.6267425329100114,-1.1889873213750726,-0.7793093500281454,1.2901944440950919,1.7184856338468966,0.0
COc1ccccc1O,0,8.98550925925926,8.98550925925926,0.1805555555555558,0.1805555555555558,0.0,0.0,0.0,5.749511833283905,5.749511833283905,0.0,7.109797541277533,24.26546827384644,0.0,0.0,9.843390348640755,4.794953703703704,0.0,0.0,8.98550925925926,0.0,0.69212962962963,6.837870370370371,0.0,0.0,1.5228703703703703
CS(=O)(=O)n1cc2c(n1)CN([C@H]1CO[C@H](c3cc(F)ccc3F)[C@@H](N)C1)C2,0,14.024862807284968,14.024862807284968,0.005783257747543846,-3.4011552193204904,33.80354005239563,17.198627079678577,0.0,11.605292320844956,31.81114439411254,34.10543107618417,6.196843571613076,0.0,0.0,9.998591539151516,10.470530430962235,57.42849896697757,0.0,2.1133923847316707,4.133694824629168,7.913169639169821,-1.0662472210211265,2.7752465194563363,2.48548691618162,1.3679131891954313,-3.4011552193204904
Clc1ccccc1C(c1ccccc1)(c1ccccc1)n1ccnc1,1,6.691467151675484,6.691467151675484,0.585949074074074,-0.585949074074074,5.538925252383345,0.0,0.0,0.0,0.0,21.71298778883231,0.0,6.196843571613076,42.85599898868567,64.14838178489305,11.600939890232516,2.1238888888888887,6.691467151675484,4.314171390778534,0.7258390022675739,2.6980015432098776,0.0,28.831421170319974,5.64298863063744,0.0,0.0
