SMILES,binaryLabel,AvgIpc,BalabanJ,BertzCT,HallKierAlpha,Ipc,Chi0,Chi0n,Chi0v,Chi1,Chi1n,Chi1v,Chi2n,Chi2v,Chi3n,Chi3v,Chi4n,Chi4v,Kappa1,Kappa2,Kappa3
COc1cc2c(cc1OC)C(=O)C(CC1CCN(Cc3ccccc3)CC1)C2,0,3.033559459933484,1.3362548695620295,825.2439471833666,-2.3299999999999996,3746809.9601530447,19.50986092169139,16.817858357904015,16.817858357904015,13.67336639324559,10.22995982367692,10.22995982367692,8.070461212884847,8.070461212884847,6.285957345712203,6.285957345712203,4.712021514075524,4.712021514075524,19.00679023622427,8.356363444273022,3.925173476821331
C#Cc1cccc(Nc2ncnc3cc(OC)c(OCCCCCCC(O)=NO)cc23)c1,0,2.8270463162406556,1.6954391943590104,1124.6725748708002,-3.99,17042413.35232409,22.760937777247957,17.914007399063813,17.914007399063813,15.638891550634943,10.334292954630033,10.334292954630033,7.121537308125112,7.121537308125112,4.880431969769879,4.880431969769879,3.2302766688725018,3.2302766688725018,22.689780071088155,11.414796826287054,6.0144238161201375
Cn1c(=O)c2c(ncn2CC(O)CO)n(C)c1=O,1,2.7697386600516576,2.7364643675188978,696.191196074724,-1.93,13114.712555344599,13.4472292782632,10.068692254679823,10.068692254679823,8.468432912787325,5.3678650501665395,5.3678650501665395,4.111303224856988,4.111303224856988,2.8353941391907056,2.8353941391907056,1.8201801941166664,1.8201801941166664,12.524930917834109,4.389543779405982,1.7490414448594218
COc1cc(C)c(C=CC(C)=CC=CC(C)=CC(=O)O)c(C)c1C,0,2.495132354099785,2.9716124865336346,731.9410191793835,-2.55,119684.01362910439,18.27565640300939,15.305162060755068,15.305162060755068,11.256126613022033,7.84950445543621,7.84950445543621,5.889126182522901,5.889126182522901,3.910730810094124,3.910730810094124,2.398551136148485,2.398551136148485,19.49662004662005,8.919939842211916,5.57871139047988
OCC1NCC(O)C(O)C1O,0,2.010568131696261,2.516424270605089,129.7506906689389,-0.2,299.5746516227429,8.430721420318147,6.012469021131431,6.012469021131431,5.163902460147013,3.5495495413741343,3.5495495413741343,2.7458481667832846,2.7458481667832846,1.9422624150250187,1.9422624150250187,1.1517810652250067,1.1517810652250067,8.892592592592592,3.464718772826881,1.686939791760978
OCCN(CCO)c1nc(N2CCCCC2)c2nc(N(CCO)CCO)nc(N3CCCCC3)c2n1,0,2.923513433042501,1.9379728019114324,879.5223205537839,-2.5400000000000005,167591553.56642714,25.329851878000298,21.094485207357344,21.094485207357344,17.693733105501334,13.228014765201797,13.228014765201797,9.355580958126524,9.355580958126524,6.839870083791567,6.839870083791567,5.004720278142204,5.004720278142204,26.520984332276463,13.132812022900296,6.049910617292099
O=C(Nc1ccc(OC(F)(F)F)cc1)c1sccc1NCc1ccnc2ccccc12,0,3.2124281867108775,1.4336165816806667,1201.3332866852495,-3.5899999999999994,12534534.992588932,21.846724214874857,15.941161897381289,16.757658478309015,14.88796135007418,9.200792429612607,10.080445240867505,6.530482359139558,7.4465984369748455,4.425851255334702,5.339027651469145,3.051789100111757,3.81724224490651,20.673451885937673,8.646018987671987,5.125398762733456
I,1,0.0,0.0,0.0,0.73,0.0,0.0,0.4082482904638631,2.7386127875258306,0.0,0.0,0.0,0.0,0.0,0.0,0.0,0.0,0.0,1.73,0.09986301369863015,2.209452054794521
OCCn1cc(-c2cnc3nnn(Cc4ccc5ncccc5c4)c3n2)cn1,0,3.3520779143521473,1.498003033639786,1275.4117578418475,-3.7199999999999993,6390156.634233186,18.92407448406449,14.8423951257659,14.8423951257659,13.797157633333283,8.836074110890811,8.836074110890811,6.395693542617876,6.395693542617876,4.485235146279807,4.485235146279807,3.1179222811067397,3.1179222811067397,16.453406368723357,6.781628132323778,2.9704301719057744
C=C1C(CO)C(O)CC1n1cnc2c(=O)[nH]c(N)nc21,0,2.9072026161536444,2.1214831804234486,734.2582885949367,-2.1899999999999995,47631.60766306131,14.438793109825921,10.652387957471426,10.652387957471426,9.524075805453153,6.225231660339966,6.225231660339966,4.958051033937847,4.958051033937847,3.8166093221121127,3.8166093221121127,2.7409034670533208,2.7409034670533208,12.82420333144683,4.4263734949925535,1.726999051912061
O=NN(CCCl)C(=O)NCCCl,0,2.0981299749838223,3.76615173955013,155.62875863456514,-0.55,417.52786502178066,9.397341225498538,6.2952798426922865,7.807137734729195,5.756748817474191,3.2646087692519266,4.333653736901624,1.8146854278028268,2.570614373821281,1.0000270167057954,1.3580401041561123,0.5049386495383064,0.7595380878653102,11.45,7.118179477889437,4.353178980984177
CN1c2c([nH]c(N)nc2=O)NCC1CNc1ccc(C(=O)NC(CCC(=O)O)C(=O)O)cc1,0,2.751731816469706,1.582017673450501,1101.0726103456775,-4.29,15536332.87042429,24.120591385700628,17.791726552928857,17.791726552928857,15.65077480093882,10.112740706926509,10.112740706926509,7.551382677059477,7.551382677059477,5.268537907391938,5.268537907391938,3.4300074839691415,3.4300074839691415,23.374730436438565,9.889514284280702,5.695362671877988
O=C(O)CNC(=O)c1ccccc1,0,2.1536132174589144,2.544573341953591,307.89566977313564,-1.8399999999999994,895.9030984629084,9.681798275874712,6.8575683035623625,6.8575683035623625,6.198377302757663,3.7496454719233494,3.7496454719233494,2.442441482832998,2.442441482832998,1.436148969942057,1.436148969942057,0.8474810684709175,0.8474810684709175,9.249605734767023,4.25165629289157,2.943578504744467
O=C(NCCS(=O)(=O)c1ccc(C(F)(F)F)cn1)c1ccc(Cl)cc1,0,2.542932425198547,1.9702288691847294,851.0854741916908,-2.13,235048.3299259521,18.664925939000153,12.547730096092796,14.120155623038977,11.593172145670252,6.892270724664568,8.92250042399395,4.964536648068348,7.456992917441902,3.1450728099612686,5.017410167694958,1.8387703546266858,3.03337160853219,19.19812843061907,7.403395111004342,5.169341715533969
COc1cccc2c1c(=O)c(C(=O)N(C)c1ccc(C(F)(F)F)cc1)c(O)n2C,0,2.699431720395116,2.1272155809938544,1151.5756583086543,-3.489999999999999,2162255.6057633697,21.507707210578268,15.741730961246526,15.741730961246526,13.573604628309866,8.41541275632552,8.41541275632552,6.349949338977147,6.349949338977147,4.681368943654783,4.681368943654783,3.0574621563127584,3.0574621563127584,20.249574426589007,7.156001170237432,3.3918762220022565
CCOC(=O)C(CCc1ccccc1)NC1CSC(c2cccs2)CN(CC(=O)O)C1=O,0,3.269131481419998,1.7511278932084213,891.0564112369835,-2.3599999999999994,17024329.102642782,22.92407448406449,17.937410581988267,19.570403743843716,15.473565548236333,10.597404154197134,12.525811755432688,7.498054068455215,9.713028637013183,5.184692583217039,7.651031635672284,3.6292280443104876,5.889487457280918,24.285736405612447,12.034130008553658,6.8175595693887665
CCOc1ccc(Cc2cc([C@@H]3O[C@H](CO)[C@@H](O)[C@H](O)[C@H]3O)ccc2Cl)cc1,0,2.6989188570966482,1.8229182228378968,778.9653170535856,-1.67,1930018.4660606699,20.25878406613483,15.532839009771942,16.288767955790398,13.439090705625684,9.24788186990432,9.62584634291355,6.85407354758773,7.261273674328337,4.9195075602793406,5.288235284023291,3.3743332820695175,3.5586971439414934,21.048836256020984,9.218557388158157,4.48633992444276
COc1cc2ncc(-c3ccccc3)nc2cc1OC,1,2.533580947127338,2.158306919818923,742.0529789463795,-2.6199999999999997,58768.943649565736,13.94938298937633,11.32972592544465,11.32972592544465,9.813193047939453,6.257823429885713,6.257823429885713,4.317173890825456,4.317173890825456,3.1171138408150543,3.1171138408150543,2.0877988210469676,2.0877988210469676,12.41566601807743,5.168442401693343,2.1590572919226587
CCC(C)C(C(CC(=O)N1CCCC1C(OC)C(C)C(=O)NC(Cc1ccccc1)c1nccs1)OC)N(C)C(=O)C(NC(=O)C(C(C)C)N(C)C)C(C)C,1,3.865174464350332,1.7892934479230875,1482.4007611342565,-3.3899999999999997,549503275506.7731,40.98203422633689,35.28153794777943,36.098034528707146,26.067094780910445,19.893084675820692,20.772737487075588,16.09322849411848,17.019372727720476,11.29420349136524,12.1834214497735,8.17089964945226,8.860282704350317,45.995454985001736,21.787947255458104,12.052626524541989
CCc1cccc2c3c([nH]c12)C(CC)(CC(=O)O)OCC3,0,2.865394522200306,2.2365005465300696,688.6452033715747,-1.81,82265.47673237078,15.035169427003234,12.5312948899293,12.5312948899293,10.109320773707358,7.596527674004413,7.596527674004413,5.6886246861171985,5.6886246861171985,4.602479445923057,4.602479445923057,3.4857015238320503,3.4857015238320503,14.14094585695257,5.187313539396647,2.1410481876545573
O=c1[nH]c(=O)c2c[nH]nc2[nH]1,0,2.337841088205032,3.1460114722514017,490.6419937097255,-1.8499999999999999,514.325039405107,7.8449349826912425,5.34106044561731,5.34106044561731,5.270856947829096,2.9328121551534467,2.9328121551534467,2.0557706338546318,2.0557706338546318,1.3439808099859736,1.3439808099859736,0.8675667296586647,0.8675667296586647,5.899350869955592,1.8152833600191707,0.7592026919690413
NCCCCCC(=O)O,0,1.8005768964064195,2.8288681349096856,83.12704561867443,-0.5700000000000001,84.62711413110172,7.112884175122364,5.4683460610861845,5.4683460610861845,4.270055610029662,3.189532624039047,3.189532624039047,1.9930738495979874,1.9930738495979874,1.0947663120195235,1.0947663120195235,0.5973399877469558,0.5973399877469558,8.43,5.564589502018842,7.43
CCCCCOc1ccc(-c2cc(-c3ccc(C(=O)NC4CC(O)C(O)NC(=O)C5C(O)C(C)CN5C(=O)C(C(O)CC(N)=O)NC(=O)C(C(O)C(O)c5ccc(O)c(OS(=O)(=O)O)c5)NC(=O)C5CC(O)CN5C(=O)C(C(C)O)NC4=O)cc3)no2)cc1,0,2.764863238545199,1.2246805868934523,3335.3415957797,-8.380000000000003,2.3785125693483016e+19,65.34311258804365,48.059021375981935,48.87551795690966,41.95443392653243,28.1253881017874,29.49053647345751,21.926280096957658,22.94840864958814,15.176329161623727,15.566505902559943,10.344166004429491,10.70456859871143,68.11625796232249,29.29167574994773,16.871406137785474
O=C(O)CNC(=O)c1nc(Cl)c2ccccc2c1O,0,2.3990848283636312,2.4681098391609586,672.0721245718042,-2.3399999999999994,18403.379718377415,13.991199352633217,9.552609698381879,10.308538644400334,9.002907755397976,5.276114768344566,5.654079241353793,3.7218267980063646,4.079839885456682,2.453950790113879,2.742066278957034,1.606325626357351,1.8556351623502254,13.100175505874779,5.11147680350212,2.5790807095808668
COc1cc2ncnc(Nc3ccc(O)cc3)c2cc1OC,0,2.5561198770141496,2.0700422172956263,803.5902467095734,-3.0199999999999996,133930.45707603337,15.526733258565956,12.199589251754983,12.199589251754983,10.707039898056804,6.63803078756102,6.63803078756102,4.618490276598766,4.618490276598766,3.270694849508841,3.270694849508841,2.164172866884813,2.164172866884813,13.940059105726002,5.767688568006868,2.581947026975269
COC(=O)C1=C(C)N=C(C)C(C(=O)OC2CCCN(Cc3ccccc3)C2)C1c1cccc([N+](=O)[O-])c1,0,2.8827400746935896,1.6030967862200016,1239.4884135982297,-3.849999999999999,172589429.18365952,26.52636877963644,21.254867665491304,21.254867665491304,17.77809600087664,12.33523384556013,12.33523384556013,9.473127400771027,9.473127400771027,6.9217638673421105,6.9217638673421105,5.241516183085778,5.241516183085778,26.21977037815005,11.470661231476058,5.93882132727497
CCc1ccc(OCc2ccccc2C(=O)Nc2ccc3nc(C)cc(N)c3c2)cc1,1,2.782813733329507,1.5145717349874084,1233.341349371548,-3.8599999999999985,12175956.602574725,21.794317972067567,17.68347723826592,17.68347723826592,15.02920844090216,10.311127332664299,10.311127332664299,7.482242668678529,7.482242668678529,5.214548635834241,5.214548635834241,3.5161529159055136,3.5161529159055136,20.414300994826622,8.877196809817375,4.665515565242735
CC(=O)OC1=C2C(C)[C@@H](OC(=O)C(O)C(NC(=O)c3ccccc3)c3ccccc3)C[C@@](O)([C@@H](OC(=O)c3ccccc3)[C@@H]3[C@]4(OC(C)=O)CO[C@@H]4C[C@H](O)[C@@]3(C)C1=O)C2(C)C,0,3.236933708752515,1.3874189736006377,2280.346269552867,-5.739999999999998,19536342594936.66,44.94021786308,35.2327485165234,35.2327485165234,29.27228992717611,20.52460517649879,20.52460517649879,17.407681117480806,17.407681117480806,13.48081912169991,13.48081912169991,10.19285993393506,10.19285993393506,44.320357645507805,16.512845507693868,7.294407711419631
COc1cccc(-c2ccc(C(Oc3cc(-c4ccc(CC(N)C(=O)O)cc4)nc(N)n3)C(F)(F)F)cc2)c1,0,2.9107936385215805,1.5810123388102018,1444.8858084374015,-4.640000000000001,358135573.0526199,28.156125291633362,20.72234043432934,20.72234043432934,18.52822700654205,11.732591121916014,11.732591121916014,8.688867483777713,8.688867483777713,5.894848399049656,5.894848399049656,3.90148661888173,3.90148661888173,27.396274181641438,11.398584023856461,6.819616942645164
CCOc1cc2ncc(C#N)c(Nc3ccc(F)c(Cl)c3)c2cc1NC(=O)C=CCN(C)C,1,2.767470713354282,2.069589949315544,1253.8136530631218,-3.669999999999999,17860813.1886744,23.957454678884098,18.44708202933616,19.20301097535461,15.81610080333743,10.159728424596983,10.537692897606211,7.364957683820372,7.772157810560978,4.576191680660889,4.865838142325452,3.0750845286592425,3.2556271588879833,23.981946083458844,10.767884172542857,5.975639772723576
CCCCCCCCCCCCCCCCCC(=O)O,1,2.4255496579484808,2.938980066543728,201.59490309182667,-0.53,22676.463752160347,14.891058768174391,13.669170384948586,13.669170384948586,9.770055610029663,8.988391114761729,8.988391114761729,6.093486011529184,6.093486011529184,3.994195557380866,3.994195557380866,2.647546068712554,2.647546068712554,19.470000000000002,16.52414185165133,17.470000000000002
COc1cc(-c2ncn(C=CC(=O)OC(C)C)n2)cc(C(F)(F)F)c1,1,2.997135567996014,2.2717458184884696,782.4175088497648,-2.8399999999999994,300981.3451448637,18.61251969619286,13.741730961246526,13.741730961246526,11.684890413641519,7.253839774686733,7.253839774686733,5.297515427463166,5.297515427463166,2.9514793751269357,2.9514793751269357,1.8974348123763085,1.8974348123763085,18.497965821602968,7.369889814565974,5.065488183414524
CC(C(=O)O)c1cccc(Oc2ccccc2)c1,0,2.3901418412681146,2.2004230467040578,534.4447945489236,-2.2899999999999996,14082.715728751731,12.957819157813608,10.037212868323945,10.037212868323945,8.664703797946448,5.722730579393903,5.722730579393903,4.047530024099804,4.047530024099804,2.7074254593399956,2.7074254593399956,1.6145717654032194,1.6145717654032194,12.174429825362497,5.361092663978125,2.8844001158568524
Oc1cccc2cccnc12,0,2.0559501404731213,2.9131611636048604,378.7244463345713,-1.5700000000000003,505.7637345563878,7.681798275874712,5.858528806137671,5.858528806137671,5.377010097711745,3.4047712223648916,3.4047712223648916,2.352259832890753,2.352259832890753,1.6114193819746176,1.6114193819746176,1.0881091674996997,1.0881091674996997,6.160248407637458,2.234974333040861,0.9232172685828138
CC(=O)Nc1ccc(C(=O)NC(C)(C)C)cc1,1,2.1451494393922803,2.737462688561383,416.04075723225725,-1.8399999999999999,3595.270460421462,13.05204176387779,10.625897657686231,10.625897657686231,7.7766755647425265,5.4796154955097816,5.4796154955097816,4.962660632269455,4.962660632269455,1.9559885168682876,1.9559885168682876,1.3209609408872347,1.3209609408872347,13.225963060686016,4.993850304317793,4.676264593108229
OCCOc1ccc(C(=C(CCCl)c2ccccc2)c2ccccc2)cc1,1,2.7400700360955756,2.130853982520801,855.9026144465059,-2.549999999999999,1940758.7257260631,18.89913045768216,15.144757252374005,15.90068619839246,13.330029800345061,9.072576088441116,9.607098572265965,6.121032339936412,6.49899681294564,4.333990040446387,4.522972276951001,3.148773771452655,3.3377560079572683,19.21822195460994,9.95857240358021,5.000644755000053
CC(C)(C)NC(=O)C1CCC2C3CCC4NC(=O)C=CC4(C)C3CCC12C,0,2.9108393031444244,1.5803697249958204,678.3560579995735,-1.3199999999999998,1006218.9303109646,19.61251969619286,17.600589152374397,17.600589152374397,12.544295862713092,10.862444210134957,10.862444210134957,11.128404605156602,11.128404605156602,8.500568752314697,8.500568752314697,7.220824246403291,7.220824246403291,19.016344485098884,6.087459123462907,2.9428285964800356
O=C(Nc1cccc2c(=O)cc(-c3nn[nH]n3)oc12)c1ccc(OCCCCc2ccccc2)cc1,1,3.4505375777896665,1.2175462269706259,1514.1648662784476,-4.79,285941135.5059189,24.74406544037339,19.308614572566658,19.308614572566658,17.669836433395453,11.56069445496246,11.56069445496246,8.162237807837005,8.162237807837005,5.656478831691692,5.656478831691692,3.814951215309649,3.814951215309649,22.975404650846894,10.644054979879002,5.302620586039292
Nc1nc(=S)c2[nH]cnc2[nH]1,0,2.337841088205032,3.0243071363836074,441.3146575841347,-1.43,514.325039405107,7.8449349826912425,5.457376019843031,6.273872600770757,5.270856947829096,2.9604936974186558,3.3687419878825184,2.0533396291239954,2.440037960190983,1.321674177704749,1.6170854158542085,0.8666463775788608,1.1205946995727232,6.291056810075463,2.0257943511578227,0.8742647691024565
CC(C)c1ccc(C(=O)N=C(N)N)cc1S(C)(=O)=O,0,2.2549617394670554,3.433777150314489,629.619735397382,-1.8899999999999997,8575.619495193212,14.792528739883947,11.044308372493166,11.860804953420892,8.624916223326121,5.605803323637295,7.49721486169555,4.52129285831729,6.505450317896555,2.512639667105238,3.6651362197225015,1.6472843351771944,2.720223449347629,15.168445353594388,5.395239465766684,3.7849936658602314
Cc1c(Cl)cccc1Nc1ccccc1C(=O)O,1,2.3523078979925844,2.402484300749035,596.0979048590729,-1.9999999999999996,12394.310314522927,13.120955864630139,9.77487824330043,10.530807189318885,8.592224152875016,5.4380803845324435,5.81604485754167,3.8881325347169247,4.29533266145753,2.69450457321904,3.103966085645703,1.6665860690860057,1.841125397516488,12.456747404844291,5.104166666666667,2.4620187304890737
O=C(O)c1cc(N=Nc2ccc(O)c(C(=O)O)c2)ccc1O,0,2.4673206658615143,2.3285940623473325,719.397684313377,-3.42,70202.67490575767,16.275656403009393,10.963879769065231,10.963879769065231,10.37991785310972,5.925956820388908,5.925956820388908,4.2132091341876805,4.2132091341876805,2.702030298149028,2.702030298149028,1.6305280360254937,1.6305280360254937,14.978146573445834,5.91648100111604,3.1791245689751864
CON=C(C(=O)NC1C(=O)N2C(C(=O)O)=C(CSC(=O)c3ccco3)CSC12)c1csc(N)n1,0,3.5018179448379563,1.4733419107330508,1206.7409514770347,-3.2999999999999994,47544458.88068257,24.405048436076793,17.418754442875077,19.868244185658256,16.311769505687856,9.554470673706259,12.468476834595302,6.865138621975165,9.807953175666935,4.7984822763377215,7.768179049749275,3.3146435141729613,6.140137552411118,23.84467856545359,9.90392779210474,4.532897290910625
NCCCC(O)(P(=O)(O)O)P(=O)(O)O,0,1.951667403471731,5.0834598703953215,257.41438217180246,0.21999999999999995,484.0135160609893,11.621320343559642,7.145662362176702,8.934516744176532,6.060660171779821,3.5977704459771855,6.822494380317321,2.754628430619474,6.763200475465403,1.6493233870872481,5.525772260211163,0.8002163310468103,3.0565890109042146,14.22,4.384126812949213,2.8532017974347172
CCOC(=O)C1=CCCCC1S(=O)(=O)Nc1ccc(F)cc1Cl,0,2.501998540799804,2.2793810122585714,732.9924664234211,-1.5999999999999996,109522.48412497062,17.035169427003233,12.51234886903209,14.084774395978272,10.847372437654418,7.187035140045169,9.111319090975957,5.070721292580316,7.341099694958258,3.4506166252584514,5.506526201076331,2.3959078677408656,4.296910929774093,17.749170918367348,7.313808870598992,4.231585138711891
CC(CN1CC(=O)NC(=O)C1)N1CC(=O)NC(=O)C1,0,2.25390403778412,1.907792685909168,404.41112254140677,-1.8,14747.294119221498,13.991199352633217,10.640304527977733,10.640304527977733,8.935560745775545,6.055646422785661,6.055646422785661,4.866331987424873,4.866331987424873,3.1312687657664564,3.1312687657664564,2.2859277563977805,2.2859277563977805,13.62748460330878,5.452549385233961,3.5816060699092143
CC(C)Nc1cc(-c2c[nH]c(C(=O)N[C@H](CO)c3cccc(Cl)c3)c2)c(Cl)cn1,1,3.168650029576948,1.7947345081879047,1003.8511034555229,-2.539999999999999,3526574.399617901,20.965890847321376,16.03921390056504,17.551071792601952,13.867412398353682,9.151189451592298,9.907118397610754,6.914084680167177,7.757720587379768,4.269480597162721,4.805767770615616,2.9092648564191914,3.320450732158686,21.175654721721106,9.305067927435578,5.29145188101679
COc1cc(OC)c2c(=O)[nH]c(-c3cc(C)c(OCCO)c(C)c3)nc2c1,0,2.655259758954692,2.162750404999605,1019.4520096743271,-3.0599999999999996,1134167.6534399071,19.55167728494828,15.75103499198697,15.75103499198697,12.97709550808647,8.494510734725568,8.494510734725568,6.149552870286847,6.149552870286847,4.2731898736885015,4.2731898736885015,3.0889429782556936,3.0889429782556936,18.722809983777285,7.671353698053889,3.589044923157551
CSc1nc2cc(Cl)c(Oc3cccc(Cl)c3Cl)cc2[nH]1,0,2.857918937593556,2.033086738605099,819.3294892950705,-1.07,81985.12056274634,14.982763184195939,10.784354941403496,13.868638360386587,10.07971869811898,5.933498505409001,8.292136795828272,4.199875322492474,6.187186670513764,2.8432424292179186,4.520222617888811,1.8442560539675141,2.7728233832471703,14.85016445810978,5.969161868434993,2.9440335387446743
N=C(CCSCc1csc(N=C(N)N)n1)NS(N)(=O)=O,0,2.684804803203603,2.294960787164561,590.9666010281885,-1.37,18919.81944817579,15.173362107437434,10.366390063637379,12.815879806420558,9.25983881233692,5.2578957897487575,8.838568617304466,3.586296862817096,6.822164152709262,1.7761694698610995,4.0830961919541355,1.098087252686495,3.204470144415871,16.683676865271067,7.422318703285096,7.275833665396974
O=c1[nH]c(=O)n(C2CCCO2)cc1F,0,2.6360334545489,2.471699398103286,444.6349932703126,-1.43,2343.433741093972,10.129392033067417,7.325943821839669,7.325943821839669,6.681540550352056,4.308535924261783,4.308535924261783,3.111253318356204,3.111253318356204,2.1402274505183962,2.1402274505183962,1.454703239086708,1.454703239086708,9.13781371626366,3.3752168636413606,1.4805988468778108
CCCNC1CCc2nc(N)sc2C1,0,2.535615430698967,1.9829425369045481,308.31579726743877,-0.61,2365.7291968421364,9.966255326250886,8.545696330275812,9.362192911203538,6.7920249978842735,5.267075689047543,6.083572269975269,3.815820301987228,4.931020173276475,2.6392005394198876,3.5883168222476742,1.9176154437037178,2.8759401724324243,9.926624682900304,4.275265954574821,2.0669559372510498
CN1CCC(c2c(O)cc(O)c3c(=O)cc(-c4ccccc4Cl)oc23)C(O)C1,1,2.626300717252821,1.9967325788263286,1109.8816324905747,-2.539999999999999,2097158.9013421573,19.99927104214099,15.223437933013438,15.979366879031893,13.363081100704115,9.006992141405911,9.384956614415138,7.212124292395519,7.619324419136125,5.29295250012291,5.622540721162955,3.900054174140646,4.128917859770369,18.806220040307586,7.1274310435417405,3.133014463437629
CN(C)C(=O)COC(=O)Cc1ccc(OC(=O)c2ccc(N=C(N)N)cc2)cc1,0,2.672152549926088,1.8944353343264508,901.4737301176498,-3.8799999999999994,1942548.0176942688,21.38854057813175,16.123384897588586,16.123384897588586,13.740091198415856,8.60941244129754,8.60941244129754,6.242639113714268,6.242639113714268,3.699001937898492,3.699001937898492,2.1514581824904178,2.1514581824904178,21.420415797978,9.882287391971392,6.979773615043378
CCC(=O)OC1(C(=O)CCl)C(C)CC2C3CC(F)C4=CC(=O)C=CC4(C)C3(F)C(O)CC21C,0,2.980945294216413,1.8800796904117032,964.4439427634486,-1.6000000000000003,14638507.18969148,24.560113453385558,19.36843623583284,20.124365181851292,15.32842401862871,11.604382537055145,12.138905020879994,10.616227535390362,10.883488777302784,9.267732112940958,9.510471679015168,7.743033649496291,7.941555107514441,24.522228231476472,7.7044661287295915,2.871880212139952
OCC(CO)NC1CC(O)(CO)C(O)C(O)C1O,0,2.387200625121913,2.7894978786896303,262.6107499660216,-0.32,7724.98122289451,13.922285251880869,9.845673639194027,9.845673639194027,8.390394519229195,5.744763821404552,5.744763821404552,4.727067348784129,4.727067348784129,3.3739453878259105,3.3739453878259105,2.1464382249585903,2.1464382249585903,15.736561085972848,6.218678778350365,2.9788868264114963
OC(c1cc(C(F)(F)F)nc2c(C(F)(F)F)cccc12)C1CCCCN1,1,2.583928661408163,2.2311311319774414,796.1652860026105,-1.87,489592.46704897314,19.11251969619285,13.454742768939226,13.454742768939226,12.087353528756823,8.083158392900815,8.083158392900815,6.295218249915575,6.295218249915575,4.515544520122087,4.515544520122087,3.2583650873791994,3.2583650873791994,18.90731100744621,6.69608628988195,3.6358416318100404
COC(=O)C=CC(=O)OC,1,1.988615511683862,3.7526030864834103,141.13075145540296,-1.32,147.1575478646058,7.983127663125442,5.787693700234704,5.787693700234704,4.701907262607799,2.5436767643784117,2.5436767643784117,1.379652811254895,1.379652811254895,0.7578677873714249,0.7578677873714249,0.2721655269759088,0.2721655269759088,8.679999999999998,4.548568030750281,3.6538498263888886
CC(C)(C)c1cnc(CSc2cnc(NC(=O)C3CCNCC3)s2)o1,1,3.2232116354643954,1.5117083373451787,714.30143704779,-1.3800000000000001,589705.9079780239,17.863596551749424,14.795005066356987,16.427998228212438,11.914834803611857,8.470213537472668,10.272308678053884,7.154898995152315,9.461142928098559,4.055222074262902,6.147404871786731,2.531999426933202,4.260723796547997,18.412249175940197,7.884375502787275,5.054737419012644
O=C(O)c1cc(-c2ccccc2)nc2ccccc12,0,2.465785090013903,2.309670859666423,751.0486079861877,-2.6799999999999993,33534.67722418908,13.242276208189782,10.07617817336004,10.07617817336004,9.254020195423491,5.94032867938408,5.94032867938408,4.243383538439982,4.243383538439982,3.0161433598795457,3.0161433598795457,2.109141812367326,2.109141812367326,11.412656509219886,4.534955515932041,2.0605138368685596
CC12CCC3c4ccc(O)cc4CCC3C1CCC2OC(=O)CCC1CCCC1,0,3.338981564651131,1.2511552278472005,765.2169862876922,-1.51,7571514.663781681,20.00986092169139,17.867793704183264,17.867793704183264,14.042661888453432,12.056681495799912,12.056681495799912,10.588135705511524,10.588135705511524,9.128318873978323,9.128318873978323,7.552891179045476,7.552891179045476,19.45330227674893,7.631629710387541,3.4880337000146278
CC(=O)OCC(=O)C1(O)CCC2C3CC=C4CC(=O)C=CC4(C)C3C(O)CC21C,0,2.914542744676524,1.6747603095837478,827.2246952751074,-1.79,2615370.761020968,21.189869965382485,17.31151292430204,17.31151292430204,13.52634667028197,10.514446524148898,10.514446524148898,9.811631883664875,9.811631883664875,8.47485164140232,8.47485164140232,6.98455819769727,6.98455819769727,20.481470445050814,6.607425415921919,2.789534497869769
O=C(Nc1cc(Cl)cc2c1[nH]c1cnccc12)c1cccnc1,1,2.9446624115326694,1.8477874367024638,1026.8206556408338,-2.9199999999999995,346092.0625522577,15.81119030894213,11.876792377179642,12.632721323198096,11.220346690612276,6.985303017483694,7.3632674904929205,5.117993283180451,5.554429063652436,3.645965527123704,3.864183417359696,2.607695213853801,2.8259131040897922,13.722992950448896,5.370021821067251,2.407826473348635
CCCC(NC(C)C(=O)N1C(C(=O)O)CC2CCCCC21)C(=O)OCC,1,3.0020826916903642,2.103958546883928,524.0588693990485,-1.63,612196.7108202658,19.267220234572108,16.071025948295883,16.071025948295883,12.400284565365464,9.878297380706256,9.878297380706256,7.428793602184389,7.428793602184389,5.597662180237368,5.597662180237368,4.394949068640121,4.394949068640121,20.679118386469142,9.34803997627888,4.552691881325909
O=C(NS(=O)(=O)c1ccc(Br)s1)c1ccc(Cl)cc1Cl,0,2.7536676666923876,2.273327150044938,773.7254682067874,-0.6000000000000001,27652.330708924957,14.91384908344359,9.561886217295127,14.292733810302193,9.292530882788025,5.069618243242377,8.918205287340303,3.617333978312043,8.833226877248972,2.216223642268105,6.2104981035131175,1.3430604949908114,4.813494143707988,15.782545174932716,6.027943213296398,3.5321096485931647
Oc1cn2c(n1)Nc1ccc(Cl)c(Cl)c1C2,0,2.6062068407029115,2.148827311607588,579.6833857794538,-1.3899999999999992,7094.095020393325,11.284092571446669,8.036727321273753,9.548585213310663,7.64786704554084,4.649730447484188,5.405659393502644,3.5630916536649275,4.348256253414761,2.534819694380905,3.3782439403437556,1.7775227659318757,2.179133255357749,9.809055717796925,3.2996596150377506,1.3404035787870425
O=C(O)c1cc(I)ccc1NC(=O)C(Cc1ccccc1)NCc1ccccc1,0,2.732986578949681,1.7875628638131205,977.9278244544462,-2.709999999999999,3637933.0949714994,20.63961743368831,15.638791980464772,17.796290271641094,14.024877143252587,9.176497132910269,10.255246278498433,6.593117024071386,7.838749243258193,4.4644433666474,5.13543446997349,2.966533408509461,3.457732987570858,21.009820882564952,10.177312881631233,6.134076365528901
C[S+]([O-])CCCCN=C=S,0,1.8709889548563379,2.9754416659999094,120.91622381280224,0.10999999999999999,142.19516056908168,7.819990956308912,6.0003855916377375,7.63337875349319,4.7700556100296625,3.107548800724091,5.242977274638639,1.9574316315536422,3.694639970771034,1.0162620501828699,2.0089515867817926,0.5418290918502139,1.2437665947922436,10.11,7.219769484083424,8.109999999999998
CC(=O)OCC(=O)C1(O)CCC2C3CC=C4CC(=O)CCC4(C)C3C(=O)CC21C,0,2.914542744676524,1.6688877662532915,827.2246952751074,-1.82,2615370.761020968,21.189869965382485,17.45471037407016,17.45471037407016,13.52634667028197,10.657441859688147,10.657441859688147,10.008940930390988,10.008940930390988,8.648660205819745,8.648660205819745,7.055993109176934,7.055993109176934,20.452681999454565,6.592039177891436,2.781689026590061
C=CCNc1c(O)cc2c(O)c1C=C(C)CC(OC)C(O)C(C)C=C(C)C(OC(N)=O)C(OC)C=CCC(C)C(=O)N2,1,2.935192291874461,2.6815394526881793,1209.0513503388,-3.8000000000000003,652578352.3841956,31.55974897445605,25.216862863030517,25.216862863030517,19.835043973341577,13.80383813170081,13.80383813170081,10.591430312253662,10.591430312253662,7.185307508952041,7.185307508952041,4.814501035387551,4.814501035387551,34.40147855060391,15.998597983616888,9.101640408762918
CCCC(NC(=O)C1C2CCCC2CN1C(=O)C(NC(=O)C(NC(=O)c1cnccn1)C1CCCCC1)C(C)(C)C)C(=O)C(=O)NC1CC1,0,3.649963564087083,1.355187345517596,1387.6313550584214,-3.9000000000000004,63984395399.51468,35.29395349313804,29.334371645794047,29.334371645794047,23.383267716399175,18.214159576075946,18.214159576075946,15.499612158817902,15.499612158817902,10.674492678960847,10.674492678960847,7.868294440273782,7.868294440273782,36.38234908599185,15.758780280893586,8.82721153813577
CNS(=O)(=O)Cc1ccc2[nH]cc(CCN(C)C)c2c1,0,2.781535896714449,2.293411510347588,689.5069699952306,-1.37,31461.95252773713,14.750712376627062,12.102679887209694,12.91917646813742,9.409815381593782,6.559278492265592,8.211543718585748,5.210335183288201,7.136754360554008,3.3278797192314253,4.663261348185828,2.157824550963068,2.92055269010132,15.027158953632522,5.948317132030925,3.592166601280715
COc1cc2c(c(OC)c1OC)-c1ccc(OC)c(=O)cc1C(NC(C)=O)CC2,0,2.947694769244235,2.4141279799484034,1001.3949196223746,-3.22,3026041.5485159773,21.129027554137906,17.250454651104402,17.250454651104402,13.942620665475822,9.262274124396015,9.262274124396015,6.750545770836781,6.750545770836781,5.098020717230943,5.098020717230943,3.8620647041129392,3.8620647041129392,20.512615256870166,8.426176651903862,3.721770404485165
O=C(C=Cc1ccc(O)c(O)c1)OC(Cc1ccc(O)c(O)c1)C(=O)O,0,2.582012630088,2.0467402262209844,856.2647524998478,-3.68,440411.3123014801,19.26722023457211,13.364072052784563,13.364072052784563,12.256927950821467,7.403336846441286,7.403336846441286,5.3724422151530105,5.3724422151530105,3.406109669684111,3.406109669684111,2.0773357481754995,2.0773357481754995,18.6556978307624,7.929113273160404,4.9058123190888026
CC(N)(Cc1ccc(O)c(O)c1)C(=O)O,0,2.104576932812799,2.905062365401662,387.0088201517134,-1.75,1479.5175837673976,11.637828201504695,8.266396934908789,8.266396934908789,6.826204387599239,4.3587603259758145,4.3587603259758145,3.7224628725724047,3.7224628725724047,2.0997428761934516,2.0997428761934516,1.17862278728539,1.17862278728539,11.325471698113208,3.7808641975308643,2.5997033202878423
O=C(Nc1ncc([N+](=O)[O-])s1)c1ccccc1O,1,2.778165096589987,2.1634692005759373,610.6751898319488,-2.4799999999999995,15115.99629054612,13.120955864630139,8.861385294303457,9.677881875231183,8.575387400469408,4.772565494147443,5.5890620750751685,3.23203418351133,4.241133106040819,2.0425717721011445,2.9070109425437676,1.2379039042067534,1.8650853216907726,11.98960467611348,4.797835624045536,2.431938807734961
O=C(NN=Cc1ccc([N+](=O)[O-])o1)c1ccc(O)cc1,0,2.8819450914315947,1.9654215364791057,659.9872474445725,-3.1599999999999993,41004.31476088873,14.535169427003234,10.016085832682709,10.016085832682709,9.5585506480638,5.4272660325266955,5.4272660325266955,3.6791122442814523,3.6791122442814523,2.2799201637580975,2.2799201637580975,1.341597139324488,1.341597139324488,13.275862374067444,5.653531237601811,3.1923348834534853
N#CCC(C1CCCC1)n1cc(-c2ncnc3[nH]ccc23)cn1,1,3.3243353987610895,1.701320839413269,849.2211356700518,-2.68,488454.5731461632,15.6480536021256,12.81305376775991,12.81305376775991,11.364504642955708,8.061480309016524,8.061480309016524,6.145373004065925,6.145373004065925,4.813106787001562,4.813106787001562,3.6560096957460417,3.6560096957460417,13.947001756455784,5.840473735712772,2.482270158107101
Cc1ccnc(NS(=O)(=O)c2ccc(N)cc2)n1,1,2.2850566818620273,2.2981199678683675,652.998359753755,-2.15,10346.736655471259,13.173362107437434,9.660623946718887,10.477120527646614,8.471163677742107,5.152651714363173,6.635814961957565,3.6961633379216647,5.378565579331184,2.2108654163523966,3.55493630830126,1.3241761705432453,2.2751215154848854,12.3106890964964,4.612891230683902,2.7476688723421505
CO[C@@H](C)Cn1c(=O)n(C)c2cnc3ccc(-c4cncc(C(C)(C)O)c4)cc3c21,0,2.974523276365815,1.972747730536875,1297.7768152532603,-3.029999999999999,5722643.688074322,21.62902755413791,17.87847349313107,17.87847349313107,14.201727166047126,9.894761617689603,9.894761617689603,8.243798607377036,8.243798607377036,5.589402226889212,5.589402226889212,3.6899434307870944,3.6899434307870944,20.251227841121068,7.339524321418977,3.398825570125558
CCn1c(C(=O)N(C2CC2)C2CC2)cc2c3c(ncn3C)c(Nc3cc(C)n(C)n3)nc21,0,3.67845179867178,1.5219795981594693,1336.5589173603198,-3.3600000000000003,44562530.745973304,22.14553541208296,18.961028710844435,18.961028710844435,15.456728795830728,11.40483632240839,11.40483632240839,9.118553621680453,9.118553621680453,6.7132446059848,6.7132446059848,4.708413485032205,4.708413485032205,19.334685704833017,6.8175595693887665,2.905355021033948
CCOC(=O)C(CCc1ccccc1)NC(C)C(=O)N1CCCC1C(=O)O,0,3.149920450531538,2.0070366246242646,649.031972845491,-2.41,1167133.7246945498,19.81119030894213,15.888863193491664,15.888863193491664,12.934759407976113,9.435378264180693,9.435378264180693,6.745158299357761,6.745158299357761,4.7781754477150775,4.7781754477150775,3.376785148056581,3.376785148056581,20.89651383122284,10.061420006935409,5.787080019605405
CC1(C)CCC2(C(=O)O)CCC3(C)C(C(=O)C=C4C5(C)C=C(C#N)C(=O)C(C)(C)C5CCC43C)C2C1,1,2.7706429121342806,1.7095110776155087,1183.3628393400932,-2.22,49462010.441859536,26.689869965382478,22.955670876645463,22.955670876645463,16.500272411639646,13.678812500369771,13.678812500369771,14.718329981741268,14.718329981741268,12.286276961033412,12.286276961033412,10.005242301741609,10.005242301741609,25.430426068730927,7.206321040569959,2.850190558856095
CCCSc1ccc2[nH]c(NC(=O)OC)nc2c1,0,2.7686852384208223,2.1939902741755097,553.246140818398,-1.69,16664.71645005493,12.957819157813608,10.31822283683352,11.134719417761247,8.723876650462412,5.701650109153562,6.687248668807051,3.7294089062852156,4.897736852134921,2.3332347363357386,3.532874399050578,1.502223727720748,2.3012800860587954,12.758811074500034,5.769921587334713,2.9509653347357694
COc1c2ccoc2cc2oc(=O)ccc12,0,2.725875798413879,2.58457779785679,720.536095789931,-2.23,8834.563462659382,11.120955864630139,8.519744507803582,8.519744507803582,7.7920249978842735,4.774613616659769,4.774613616659769,3.408469227203683,3.408469227203683,2.5128290232738624,2.5128290232738624,1.830080376679509,1.830080376679509,9.029263935560683,3.1310172440310655,1.1292718128224843
O=C(O)C(CC(=O)N1CC2CCCCC2C1)Cc1ccccc1,0,2.9899024807660437,1.5905093286497092,542.992969677758,-1.8399999999999994,254297.18579411355,16.233840039752504,13.486580174937034,13.486580174937034,11.131030293135234,8.677206012418328,8.677206012418328,7.032345782973038,7.032345782973038,5.42418078061089,5.42418078061089,4.094783648094651,4.094783648094651,16.033177803430963,7.15565604811762,3.924383887665853
CC(=O)O[C@@]12CO[C@@H]1C[C@H](O)[C@@]1(C)C(=O)C(=O)C3C(C)[C@@H](OC(=O)C(O)C(NC(=O)OC(C)(C)C)c4ccccc4)C[C@@](O)([C@@H](OC(=O)c4ccccc4)[C@H]21)C3(C)C,0,3.144412387322181,1.4643453389859147,1946.0205340559044,-4.699999999999999,1464011835189.8,42.74998341876801,33.92334743976491,33.92334743976491,26.990414843854843,19.485930041903977,19.485930041903977,17.88703170813218,17.88703170813218,12.876950495237173,12.876950495237173,9.870047442446195,9.870047442446195,42.893696765708796,15.154814255309073,7.090187855516932
Nc1nc(=O)c2ncn(CCC(CO)CO)c2[nH]1,0,2.7380815018170126,2.265207858895495,586.700943605641,-1.9300000000000004,15234.685476109858,13.120955864630139,9.704794200278723,9.704794200278723,8.651397005390978,5.577052419763086,5.577052419763086,4.08222269005731,4.08222269005731,2.8034293746400816,2.8034293746400816,1.7129618518666216,1.7129618518666216,12.524930917834109,5.149312709485853,2.3369388728993497
Cc1nc(N(C)C(=O)Cc2ccc(-c3ccccn3)cc2)sc1S(N)(=O)=O,0,3.0431728278560732,1.7343579628391232,1061.7460113804038,-2.619999999999999,1191998.6239799124,19.60408352775558,14.786141442712372,16.419134604567823,12.753038761063381,8.026127769480867,10.388943828330154,5.955750159354095,8.689956170063223,3.932133645878986,6.719823115908358,2.5028753848638075,4.428993574536373,19.150191997636462,7.551152611542909,4.382861402820655
O=C(O)CNC(=O)c1ncc(-c2cccc(Cl)c2)cc1O,0,2.4427874654359933,2.2503797457581776,703.1234048767685,-2.599999999999999,47145.79808291467,15.405412915006313,10.707310236761131,11.463239182779587,9.96923425058676,5.92074919998248,6.298713672991708,4.178488894675315,4.6149246751473,2.640773651725824,2.8758707545135627,1.6936211383344157,1.883908986473616,14.801743012009782,6.233555330598328,3.699114346157985
CN1CCC(=C2c3ccccc3CCn3c(C=O)cnc32)CC1,0,2.9088743652059224,1.9373316575119197,777.6624552420687,-2.2,341571.66345994023,15.81119030894213,13.45663137922078,13.45663137922078,11.275188245478668,8.27597914710216,8.27597914710216,6.465136707841291,6.465136707841291,5.066405994852087,5.066405994852087,3.739417600060081,3.739417600060081,14.395932490643316,5.778596908442332,2.4309597619195245
CCC1(O)CC2CN(CCc3c([nH]c4ccccc34)C(C(=O)OC)(c3cc4c(cc3OC)N(C)C3C(O)(C(=O)OC)C(OC(C)=O)C5(CC)C=CCN6CCC43C65)C2)C1,0,3.8952434504158724,1.3637618830141263,2257.0913930587544,-4.43,16547476727054.902,41.862867593890385,35.30018383407435,35.30018383407435,28.220714523448365,21.213077288186387,21.213077288186387,18.203947641353682,18.203947641353682,15.598755531983985,15.598755531983985,13.506090863494189,13.506090863494189,40.00045547656914,13.801606719760814,5.196998741043846
Cc1cc(Nc2ncc(Cl)c(Nc3ccccc3S(=O)(=O)C(C)C)n2)c(OC(C)C)cc1C1CCNCC1,1,2.876676626563783,1.6602249164640765,1389.2316268517166,-2.8799999999999994,222162421.93804714,27.449018510446813,22.50731464250704,24.079740169453224,18.05658777934358,12.97339317972122,14.897677130652008,10.125912147488954,13.005766258115626,6.567726272353562,9.054574319468037,4.560639087557738,5.9006488449070424,28.136285898950568,11.883773179252888,6.391003212847558
COc1cc(O)c(C(=O)Nc2nc(C(=O)NCCN(C(C)C)C(C)C)cs2)cc1OC,0,3.1800829528100554,1.9970406278981154,905.17020596128,-2.85,5705631.692023886,23.129027554137906,18.683847147140416,19.50034372806814,14.671141513194563,9.932595646569842,10.812248457824737,7.397586596695167,8.255689448553184,4.685928172977926,5.443649239782585,3.1517927932616527,3.837471963870415,24.419735119406624,10.96411396824881,6.314474113594808
COc1ccc2c(OCc3nnc4ccc(-c5ccccc5)nn34)ccnc2c1,0,3.1967096376511264,1.4591202909003924,1300.863295212528,-3.999999999999999,10210034.845886685,19.631181265251037,15.687874569889578,15.687874569889578,14.313994385738889,9.139974327049497,9.139974327049497,6.451671936114559,6.451671936114559,4.66360711297647,4.66360711297647,3.1829990567779447,3.1829990567779447,17.122473246135552,7.197278911564626,3.2266666666666666
CCC1[C@@H](O)[C@@H](O)O[C@@H](O[C@H]2C(C(=O)O)OC(OC)[C@@H](O)[C@@H]2O)[C@@H]1NC(C)=O,0,2.6248093154792556,2.2907216163812163,560.7085900818339,-1.3800000000000001,956727.2466362958,21.170843917394798,15.666167193365776,15.666167193365776,13.115498620528736,8.832186767941666,8.832186767941666,6.764936326297813,6.764936326297813,4.911643463003957,4.911643463003957,3.4875082681256746,3.4875082681256746,22.904401788836914,9.411858395752107,4.604096774076773
Clc1ccc(COC(Cn2ccnc2)c2ccc(Cl)cc2Cl)c(Cl)c1,0,3.0598533755216035,1.8269922473983413,852.2873328004229,-1.229999999999999,584930.7508248363,17.811190308942127,13.002249627770043,16.025965411843863,12.024877143252588,7.489207558424719,9.00106545046163,5.460689966893137,7.147961781318322,3.700343453711726,4.8497130058333955,2.4187707915108905,3.412008337033825,18.55779640619558,8.434163357217534,4.9007419466901245
CN(C)CCN1C(=O)c2cccc3cc(N)cc(c23)C1=O,1,2.4330058429238646,2.1542481409344227,752.5156537969976,-2.4,58973.62862663155,15.14589989101247,12.089238949438494,12.089238949438494,9.98607100299237,6.819737217827772,6.819737217827772,5.5373696448515135,5.5373696448515135,3.721138680883964,3.721138680883964,2.6841096473273423,2.6841096473273423,13.577000659817138,4.856849863803878,2.1532385529570277
CCN(C)C(=O)Oc1cccc(C(C)N(C)C)c1,0,2.364333715616335,2.7956793791697105,404.5353943754878,-1.5499999999999998,8435.942697319082,13.706742302257043,11.804781899062322,11.804781899062322,8.451596160381717,6.146546065726553,6.146546065726553,4.594220566209061,4.594220566209061,3.106269995299429,3.106269995299429,1.4438745698274504,1.4438745698274504,14.510790273556232,6.400759172821562,3.736466243331034
CC(C)(Oc1ccc(C2CC2(Cl)Cl)cc1)C(=O)O,0,2.8784377721036702,2.0716222773934136,465.6296301026942,-0.9300000000000002,11444.668581884192,13.55204176387779,10.113497249580815,11.625355141617725,8.221980664871937,5.624462861747682,6.380391807766137,5.004302445635245,6.546689281360652,2.9964800297574863,3.831911319841846,1.68137908273011,2.2419620979937784,13.500472530578833,4.318692851874454,2.7279289663210857
COCC(=O)Nc1c(I)c(C(=O)NCC(O)CO)c(I)c(C(=O)N(C)CC(O)CO)c1I,0,2.742753575264797,3.5741756190081495,855.4941704672898,-0.38000000000000034,4759313.771913884,24.58505747976789,17.19318900269492,23.665683876223873,14.99170738044105,9.102243984105085,12.338491420869566,6.6166313135953025,9.85287875035978,4.048775161135135,7.285022597899616,2.47859897950004,6.86579140517431,29.651625553447186,14.1190011060047,7.842641153737394
CC(=O)C1CCC2C3CC=C4CC(=O)CCC4(C)C3CCC12C,0,2.8512912772504935,1.6744586920211864,588.6489897976311,-0.9200000000000002,209150.76906015543,16.405412915006313,14.860102176368239,14.860102176368239,10.859844450845582,9.577299035390281,9.577299035390281,9.259904619951707,9.259904619951707,8.426994785620693,8.426994785620693,7.144623780016171,7.144623780016171,15.598585502468657,5.036596433775879,2.056976312427387
O=C(C=Cc1ccc(O)c(O)c1)OC1CC(O)(C(=O)O)CC(O)C1O,0,2.5296094947543297,2.0588836855958705,698.8458476325029,-2.62,226564.47439767155,18.77565640300939,12.941042160281443,12.941042160281443,11.619716704747374,7.347887169602035,7.347887169602035,5.859749012350622,5.859749012350622,3.937798744463006,3.937798744463006,2.5342811803898067,2.5342811803898067,18.714855158313462,7.094150588570635,4.267132720778834
CCCOc1ccc(C(=O)OCCN(CC)CC)cc1N,0,2.4978385739460185,2.524014808683713,445.14827114518965,-1.7499999999999998,43392.45170659023,15.664925939000156,13.224000230769338,13.224000230769338,10.11692216278033,7.536435352802975,7.536435352802975,4.763868899922362,4.763868899922362,3.2422775239606905,3.2422775239606905,1.909503878780088,1.909503878780088,17.301948051948052,9.234589223084281,5.632716049382716
COc1cc2nc(N3CCN(C(=O)C4COc5ccccc5O4)CC3)nc(N)c2cc1OC,1,2.868323091673,1.2831493867179924,1195.3208218040518,-3.9499999999999997,45997301.068288095,22.94901851044682,18.484431893768896,18.484431893768896,16.067213243362943,10.685695919867305,10.685695919867305,7.809754065513631,7.809754065513631,5.876953047095289,5.876953047095289,4.079722081105177,4.079722081105177,20.925167364351914,8.530792550820328,3.8791095225649475
COc1cc2c(cc1OC)CC(=O)N(CCCN(C)CC1Cc3cc(OC)c(OC)cc31)CC2,0,2.984766415642604,1.2785228698117332,1038.1658926107255,-2.9299999999999997,39483892.98633572,24.241911729260266,20.979274238759743,20.979274238759743,16.46459005333043,11.918131699986537,11.918131699986537,9.20631462734061,9.20631462734061,7.102681224490139,7.102681224490139,5.151647627339649,5.151647627339649,24.20270137648028,10.553375126237357,4.943315798950385
C#C[C@]1(O)CC[C@H]2[C@@H]3CCC4=CCCC[C@@H]4[C@H]3CC[C@@]21C,0,2.7940534686553127,1.6557816708393622,512.4216810339776,-0.74,105497.87086948729,14.664925939000156,13.275276241316645,13.275276241316645,10.089265163677693,8.980208960228369,8.980208960228369,8.288742103222981,8.288742103222981,7.768099336326994,7.768099336326994,6.556641240090334,6.556641240090334,13.890970397813346,4.625643175907127,1.749988433247296
Clc1ccc2c(c1)C(N1CCNCC1)=Nc1ccccc1O2,0,2.71985613612413,1.8840897775171102,738.4339512236613,-2.0399999999999996,209135.1780188566,14.940946820939052,12.05051896354658,12.806447909565035,10.809663088089318,7.422997374340849,7.8009618473500755,5.382726484697242,5.8191622651692265,3.9105674387483513,4.14566454153609,2.8122574839958574,2.984360507948725,13.611106605640474,5.629587732114244,2.4456707425611706
COc1cc(N2CCC(N3CCN(C)CC3)CC2)ccc1Nc1ncc(Cl)c(Nc2ccccc2S(=O)(=O)C(C)C)n1,1,2.994320880742135,1.2835542551200512,1487.9680144756844,-3.1199999999999997,2428113295.1195564,29.85479590438263,24.677382553753112,26.249808080699292,20.150235474470193,14.405175968060414,16.329459918991205,11.172130122515208,14.051984233141877,8.12684257762295,10.613690624737423,5.491116596233002,6.8311263535823095,30.341471792158615,13.030669476655728,6.7480600326237585
NC1CN(c2c(F)cc3c(=O)c(C(=O)O)cn(C4CC4F)c3c2Cl)CC12CC2,0,3.510592941353036,1.752200066006898,1098.245994357078,-2.1899999999999995,3826433.967100686,19.955300967770967,14.791666307525777,15.547595253544232,13.23168847154345,9.180876606704349,9.558841079713575,8.16989935567408,8.547863828683306,6.3704514934799334,6.72846458093025,4.428064920675302,4.837246578862029,17.877944347523133,5.669078511594411,2.402371198183264
OC(c1ccccc1)(c1ccccc1)C12CC[N+](CCOCc3ccccc3)(CC1)CC2,0,2.8874676449295613,1.3073777809655758,939.0720098126908,-2.459999999999999,35751007.39763667,21.90972033723256,18.826890549987095,18.826890549987095,15.659962036589581,11.962132500948929,11.962132500948929,9.747043484998306,9.747043484998306,8.166243232117473,8.166243232117473,6.102288471373421,6.102288471373421,21.38909020246209,8.820025406122275,3.790250392167083
CC1=CC(=O)c2c(O)cccc2C1=O,1,2.136572150813169,2.750990748091934,469.4210300141994,-1.8999999999999997,1608.8388295623165,10.292528739883947,7.573111253186188,7.573111253186188,6.6090609052806215,4.203222293259762,4.203222293259762,3.220424153236686,3.220424153236686,2.2392463684758486,2.2392463684758486,1.5350778341044558,1.5350778341044558,8.687378357904551,2.80268062671716,1.0592330390952494
O=C(O)C1(Cc2cccc(Nc3nccs3)n2)CCC(Oc2cccc(Cl)c2F)CC1,0,3.259087813998543,1.433776680617983,1055.9145077374674,-2.7099999999999995,13945519.428938461,21.846724214874865,16.55400093254929,18.12642645949547,14.949127406757752,9.916444858589868,11.174062142853993,7.607845080823094,8.909611326002109,5.546802707628746,6.527241155848973,3.871680175257251,4.573376150177695,21.519337282410824,9.195599892276855,4.965217686003324
O=C(O)c1nn(Cc2ccc(Cl)cc2Cl)c2ccccc12,1,2.8118812190030074,2.103267653720941,842.8059419781343,-2.0399999999999987,79143.20879005865,14.982763184195939,10.754376688496121,12.26623458053303,10.058550648063802,6.188074309003418,6.944003255021873,4.564289038873565,5.407924946086157,3.195761391829157,3.782707005809101,2.2171768162145153,2.6854321755133115,13.92093613425791,5.389594909493954,2.598370921146019
O=C(O)C(=O)c1cn(Cc2ccccc2)c2ccc(-c3ccc(OC(F)(F)F)cc3)cc12,1,3.1052642958115637,1.756584112548504,1292.826110899758,-4.0699999999999985,15993899.75566394,22.88010440969447,16.465725762070875,16.465725762070875,15.209328555120099,9.517396746175073,9.517396746175073,7.09465969985593,7.09465969985593,4.936929852762309,4.936929852762309,3.5328434349735724,3.5328434349735724,21.17306849765263,8.221295880281774,4.487025300862018
Cc1ccccc1C(OCCN(C)C)c1ccccc1,0,2.453474157244686,2.228710246066692,521.9512484609891,-1.6399999999999997,37793.31591819714,14.372032720186704,12.543178140233177,12.543178140233177,9.681540550352056,7.050416492909294,7.050416492909294,5.3213781833448754,5.3213781833448754,3.396270850974009,3.396270850974009,2.2274895354721624,2.2274895354721624,14.76255105525579,7.224666779448497,3.924764681382757
OC1(c2ccc(Cl)c(C(F)(F)F)c2)CCN(CCCC(c2ccc(F)cc2)c2ccc(F)cc2)CC1,1,2.8396606126481903,1.3775267764939423,1110.5527092797229,-2.479999999999999,84111928.64545426,25.92407448406448,19.540164727636622,20.29609367365508,17.04848050536686,11.879657137472634,12.257621610481861,9.363526708270358,9.770726835010962,7.004220275194684,7.33380849623473,4.90217944041863,5.126870848955354,26.57930042983845,10.869542381211014,6.253462628592385
CCC(CO)NCCNC(CC)CO,0,2.2379677350875222,3.3484664662044645,100.68962577754574,-0.16,1217.454447887612,10.811554787871634,9.291768416498455,9.291768416498455,6.7779168675293695,5.4641193066383975,5.4641193066383975,3.483740093179052,3.483740093179052,2.4173970390201447,2.4173970390201447,1.2285593269768238,1.2285593269768238,13.84,9.3971519262254,6.31745947791719
Oc1ccc(OCc2ccccc2)cc1,0,2.2976424294070474,1.9642248477154065,406.31090337132014,-1.9599999999999995,3860.0392814038396,10.510225400620904,8.258721089857003,8.258721089857003,7.343336592900531,4.802010275738875,4.802010275738875,3.26817484439098,3.26817484439098,2.0850475871738836,2.0850475871738836,1.2832655094071896,1.2832655094071896,9.589508526716505,4.509117654288819,2.741589584929666
C[C@@H]1C/C=C\C=C/C=C\C=C/[C@H](O[C@@H]2O[C@H](C)[C@@H](O)[C@H](N)[C@@H]2O)C[C@@H]2O[C@](O)(C[C@@H](O)C[C@H]3O[C@@H]3/C=C\C(=O)O1)C[C@H](O)C2C(=O)O,0,3.719930261753433,1.5819686859676916,1218.8303536686758,-2.7600000000000002,15737434563.133827,34.30238966157533,26.432959972730547,26.432959972730547,22.25754704915614,15.887267731046789,15.887267731046789,12.574325174305766,12.574325174305766,8.5753374859935,8.5753374859935,6.004403519397983,6.004403519397983,37.065230989395324,16.567442348843958,10.61350564972991
CC1(C)[C@@H](O[C@H]2OC(C(=O)O)[C@@H](O)[C@H](O)[C@H]2O[C@@H]2OC(C(=O)O)[C@@H](O)[C@H](O)[C@H]2O)CC[C@]2(C)C3C(=O)C=C4C5C[C@@](C)(C(=O)O)CC[C@]5(C)CC[C@@]4(C)[C@]3(C)CC[C@@H]12,0,3.129106796417289,1.1738525001509732,1731.1441342741443,-2.5400000000000005,1747496502303.6934,42.86915005121455,34.367910156233876,34.367910156233876,26.769705817217133,20.74431639342651,20.74431639342651,20.623318252818244,20.623318252818244,17.22142564165202,17.22142564165202,13.369160241421651,13.369160241421651,43.54617638970325,14.263808608216014,6.247339955857952
NC(=O)Nc1[nH]c(=O)[nH]c1O,0,2.093514055974219,2.9430449977527093,324.3233157402144,-1.9199999999999997,278.4373694445711,8.430721420318147,5.341060445617311,5.341060445617311,5.092224152875015,2.6705302228086554,2.6705302228086554,1.7919817130930409,1.7919817130930409,0.9554669908851362,0.9554669908851362,0.5876706968042845,0.5876706968042845,7.190132158590309,2.3673495497012036,1.5066528925619835
CN(C)CCC(c1ccc(Br)cc1)c1ccccn1,0,2.417396896337034,2.25847511572667,493.91719964890143,-1.1900000000000002,22742.870000738818,13.664925939000156,11.382757649088873,12.968754188203578,9.164703797946448,6.477083780312729,7.27008204987008,4.950691187122832,5.8663667159145225,3.182153368865324,3.7108188819035584,2.1497904176041396,2.4141231741232576,14.224000380423613,6.826182966360543,4.1490997732367605
COc1ccc(-c2cc(=O)c3c(O)cc(O)cc3o2)cc1O,0,2.453550431823271,2.2413915655906487,925.802728559792,-3.15,96144.82722142669,15.853006672199017,11.53048727302922,11.53048727302922,10.49040230064194,6.365649943922991,6.365649943922991,4.699561080582639,4.699561080582639,3.257991329363712,3.257991329363712,2.239441331204572,2.239441331204572,13.815788520262926,4.995962357893284,2.201502803820946
O=S(=O)(O)c1cc(O)ccc1O,0,1.918740589009928,3.4344939089006497,394.3995138224122,-1.2700000000000002,341.5358248437672,9.353371151128522,5.798436465460341,6.614933046388067,5.409702168162849,2.9052791316128634,4.345342460413504,2.127093978029832,3.5170530633135946,1.2212990342035706,2.1041014921696295,0.7094264712455038,1.3114336357681322,8.823196644920783,2.6494116749656746,1.659417861263567
O=C1C(Cc2ccc(O)cc2)N2C(=O)CCN(C(=O)NCc3ccccc3)C2CN1Cc1cccc2ccccc12,0,2.996085801929672,1.316976356454604,1568.2403573203073,-4.849999999999999,2661650241.001346,28.34635973594534,22.648544785923978,22.648544785923978,19.97436688603576,13.906436275091412,13.906436275091412,10.61272756462205,10.61272756462205,8.005581603686641,8.005581603686641,5.926855498026001,5.926855498026001,26.37662841839047,11.330145369466331,5.454866850321394
CC(O)Cn1cnc2c1c(=O)n(C)c(=O)n2C,0,2.66160723090966,2.858792204521248,677.1414431382049,-1.8900000000000001,7284.818990999739,12.740122497076651,9.914371877993316,9.914371877993316,7.930428110326538,5.2207392628754645,5.2207392628754645,4.123926898803088,4.123926898803088,2.678119777185826,2.678119777185826,1.8200561937673931,1.8200561937673931,11.591173619756477,3.8462629519718967,1.678624823265708
NC(=O)c1ccccc1,0,1.9003726279897948,2.981454614041131,205.415952604261,-1.31,129.22533870330605,6.69023444431199,4.872349905601618,4.872349905601618,4.304530452640311,2.6534828823497043,2.6534828823497043,1.7302761738955692,1.7302761738955692,1.0583068652130645,1.0583068652130645,0.6024192791615889,0.6024192791615889,5.820039011703511,2.306763635550358,1.2877050319358112
O=C(O)C(Cc1ccccc1[N+](=O)[O-])=NNc1nc(-c2ccc(Cl)c(Cl)c2)cs1,0,3.1588667977178013,1.7965366677245198,1116.7454976806896,-3.0099999999999993,3546102.8018496335,20.965890847321376,14.503685424577295,16.832039897541932,13.846244348298507,8.039870238722164,9.675451995995514,5.704838749337835,7.3773418546770655,3.799131673970165,5.2851070398144,2.4102221104083164,3.369762044651002,20.717292360960336,8.993400700137524,5.080122382090541
CC(C)C(N)C(=O)OCCOCn1cnc2c(=O)[nH]c(N)nc21,0,2.8869383038356067,1.8360165118449856,737.6302383315938,-2.46,138290.11863033322,16.98276318419594,12.9827056378631,12.9827056378631,10.896754605515328,7.104168050226856,7.104168050226856,5.312383963596547,5.312383963596547,3.1858691736203077,3.1858691736203077,1.7977354675584585,1.7977354675584585,16.902780825378105,7.201217920264318,4.047252656578504
Cc1c[nH]c(-c2cnc(NCCNc3ccc(C#N)cn3)nc2-c2ccc(Cl)cc2Cl)n1,0,3.2292440963829714,1.5327912264704515,1278.0831116072595,-3.6699999999999995,23765621.92733048,22.501424753254113,17.02501263940835,18.536870531445256,15.52920844090216,9.720134630554746,10.4760635765732,6.867997174807214,7.711633082019805,4.542876417597228,5.090682528873265,3.008254727612253,3.506251928306909,21.55783026234837,9.641528454663158,4.9652061635282205
Nc1nc(=O)n(C2CSC(CO)O2)cc1F,0,2.714498906318688,2.2806743088881563,452.6449427603453,-1.1200000000000003,5760.166679208256,11.706742302257043,8.16796477003229,8.984461350960016,7.613392202930192,4.536181086396356,5.584935876377012,3.2001239282397393,4.392574017969616,2.1269880477485112,3.236559432960895,1.3489775275100517,2.279665238910907,11.36791629919611,4.39854613917551,2.036045870227899
CNC(=O)c1ccc2cc(C3(O)CCn4cncc43)ccc2c1,0,3.1774817393425643,1.7995447875767583,915.525627132699,-2.6599999999999997,344213.41934124066,16.026733258565955,12.782904792853842,12.782904792853842,11.11434019572543,7.61045844460347,7.61045844460347,5.938382642615505,5.938382642615505,4.657603825769658,4.657603825769658,3.334423505749481,3.334423505749481,13.96568315038891,4.9258965454678165,2.04384818320657
CCCCCCCCCCCCCCCC(=O)OCC=C(C)C=CC=C(C)C=CC1=C(C)CCCC1(C)C,0,2.8583569225054895,2.133276457973302,803.1988918689792,-1.8299999999999996,115206821.79274052,28.064420875611813,26.00852025742334,26.00852025742334,18.258056040177376,15.816314341462974,15.816314341462974,12.15837024991374,12.15837024991374,7.9076759682717945,7.9076759682717945,5.325730801262923,5.325730801262923,34.197647221454254,21.0478396945262,16.896788553519944
Nc1ccn(C2CSC(CO)O2)c(=O)n1,0,2.656999263425458,2.2042997522549417,408.3635221838066,-1.05,3818.107941542383,10.836498814253964,7.8673505662126875,8.683847147140414,7.2027086004072345,4.4305321832250755,5.479286973205732,3.0784498632329544,4.2708999529628295,2.0444089211085625,3.1539803063209466,1.330063167672436,2.2607508790732913,10.467220165322534,4.213446893102682,2.137865937402115
Cc1c[nH]c(=Cc2c(O)[nH]c3ccccc23)c1=CCC(=O)O,0,2.9835307441211154,2.2243702410494444,963.60908326214,-2.9499999999999997,136412.99268270563,15.689869965382487,12.05123414697771,12.05123414697771,10.558550648063802,6.933865363952718,6.933865363952718,5.178228220988783,5.178228220988783,3.6540966392255902,3.6540966392255902,2.5735481962299125,2.5735481962299125,14.007002048058858,5.442554214930466,2.483947752025009
CN1[C@@H]2C[C@@H](O)C[C@H]1[C@@H]1O[C@@H]12,0,2.6618597012720917,1.8987205454343956,178.5310795617182,-0.12,851.7951044070694,7.585421958697399,6.603640389785004,6.603640389785004,5.270856947829095,4.3262079473879265,4.3262079473879265,3.9907062914109006,3.9907062914109006,3.393305643064789,3.393305643064789,2.719334721432323,2.719334721432323,6.401932024227461,1.7869890342185235,0.6871446876304865
CC(=CC(C)C=CC(O)=NO)C(=O)c1ccc(N(C)C)cc1,1,2.5124252474424904,2.8290509655704263,598.8349946825091,-2.5599999999999996,55554.74707144835,16.698306133819763,13.315904825980704,13.315904825980704,10.34544301049907,6.945439472906957,6.945439472906957,5.296537131672954,5.296537131672954,3.168253151852578,3.168253151852578,1.9353788568601662,1.9353788568601662,17.491440329218108,8.022892559524491,5.08698914389221
CN[C@@H]1[C@H](O)[C@H](NC)[C@H]2O[C@@]3(O)C(=O)C[C@@H](C)O[C@H]3O[C@@H]2[C@H]1O,0,2.4856877454194435,1.923376266641421,478.0421351395173,-0.6500000000000001,129772.7858128583,16.938793109825923,13.300542883058883,13.300542883058883,10.828752913089268,7.781941523716945,7.781941523716945,6.395635689366642,6.395635689366642,4.929082928769831,4.929082928769831,3.683480906406456,3.683480906406456,17.182064898869587,6.0116815884709744,2.5175144808125793
COC(=O)C1C=C2CC(=O)CCC2(C)C23OC2CC2(C)C(CC[C@]24CCC(=O)O4)C13,0,3.196304111076067,1.4981042984901491,907.3722284431035,-1.69,9012075.330302304,21.104083527755577,17.99309533822369,17.99309533822369,14.205909665796813,11.411118946130882,11.411118946130882,10.948909900707996,10.948909900707996,10.16062339233858,10.16062339233858,8.594338830079684,8.594338830079684,19.029790373826067,5.560032286231982,1.9357477339924563
C[C@H]1CCC/C=C/[C@@H]2C[C@H](O)C[C@H]2[C@H](O)/C=C/C(=O)O1,1,2.7577228000406717,2.107201160808264,387.9381109542897,-1.13,34603.90569491035,14.535169427003234,11.942610100567016,11.942610100567016,9.5585506480638,7.475863476921318,7.475863476921318,5.909206442585104,5.909206442585104,4.188637073001174,4.188637073001174,3.0986658813242,3.0986658813242,15.262485731993742,7.0440006085898705,4.18316320843354
CCOC(=O)C1=C(C)N=C(C)C(C(=O)OC)C1c1cccc(Cl)c1Cl,0,2.559011085332152,2.7237229052442777,770.3396123212311,-1.8499999999999992,278594.4188379407,18.723250160202095,14.429993830508543,15.941851722545454,11.82780492029403,7.777755663251012,8.533684609269468,5.594286919489901,6.379451519239734,4.095263796559937,4.9287841935502605,3.040067102153635,3.465452053080574,19.474404493996722,8.019435805499295,3.7228607073039237
C=CC(=O)Nc1cccc(Oc2nc(Nc3ccc(N4CCN(C)CC4)cc3)nc3ccsc23)c1,1,3.342773990598191,1.3453366185381777,1345.7282095469225,-3.9499999999999993,143553476.8462288,24.200095366003374,19.39998612041005,20.216482701337775,17.068014581162377,11.344023792719106,12.223676603974,8.272798092074396,9.188914169909683,5.765849826967714,6.657476263705283,3.8532958354267755,4.608877725191266,22.82309366484806,10.123451024499976,5.419566674937724
CC(C(=O)O)c1ccc2c(c1)[nH]c1ccc(Cl)cc12,0,2.742528391966006,2.2432169557830854,791.2908570767097,-1.9999999999999996,29682.384786248083,13.568549621822843,10.27487824330043,11.030807189318885,9.058550648063802,5.997481461290946,6.375445934300174,4.67985240101929,5.116288181491275,3.45517495238013,3.6902720551678687,2.3054622749531144,2.4775652989059815,12.055401662049862,4.280618311533888,1.96
C=C1C(=CC=C2CCCC3(C)C2CCC3C(C)C=CC(C)C(C)C)CC(O)CC1O,1,3.044522773093654,1.7630776324188415,712.1507352333144,-1.12,4077876.4256004635,22.051677284948283,19.90213440157818,19.90213440157818,14.129753405879445,12.263304678514114,12.263304678514114,11.011124628809592,11.011124628809592,8.706574469548805,8.706574469548805,6.31507511427783,6.31507511427783,23.541175467797792,9.569835657858832,4.857452035066936
CCCCCCCCCCCCCCCC(=O)OC,1,2.4322265416386504,2.969254449003075,189.7010862108803,-0.53,14970.354363785893,14.183951986987843,13.215991517539395,13.215991517539395,9.308060412490448,8.377156752707547,8.377156752707547,5.568773300279362,5.568773300279362,3.712125131752582,3.712125131752582,2.38916659287974,2.38916659287974,18.470000000000002,15.527240984544935,15.412970033646573
Cn1cc(-c2ccc3nnc(Sc4ccc5ncccc5c4)n3n2)cn1,0,3.2767751438823685,1.54930116404396,1240.7442240681955,-3.26,2299437.6359177255,17.509860921691395,13.812246150859831,14.628742731787558,12.759152830872496,8.00310888639183,8.819605467319555,5.833801419654623,6.874478457347698,4.018454567669485,4.945251316688838,2.76288817129061,3.5981542767583568,15.030960516768864,5.921357991514548,2.6011722965652853
CC(C)(C)c1nc(-c2cccc(NS(=O)(=O)c3c(F)cccc3F)c2F)c(-c2ccnc(N)n2)s1,0,3.2053704398089766,1.8543520189628484,1512.3966074924406,-3.5099999999999993,47379897.87806725,25.543241116511002,18.80467979008964,20.437672951945093,16.380865845904957,10.241726976507499,12.541386805029619,8.570226607286957,11.188543385132082,4.861436867417769,7.78116212646452,3.226049135509025,5.531793052489422,24.609405400366068,8.930450213513243,4.842300406739031
c1ccc2[nH]c(-c3cscn3)nc2c1,0,2.8620699835469217,2.2440947752499047,520.5285963600785,-1.6799999999999997,4544.967133872512,9.38046888862398,7.266777096601536,8.083273677529261,6.932652990377572,4.2664492075725695,5.209258249154632,2.976242260003058,3.694928558052375,2.064315434119366,2.6507839623730076,1.4035848643755617,1.9402513762824563,7.698702287693893,2.9198356996713994,1.1176994158766638
Cc1ccc(C2OC(CO)C(O)C(O)C2O)cc1Cc1ccc(-c2ccc(F)cc2)s1,0,3.2297026921442678,1.566773746830888,1032.7038518751228,-2.129999999999999,12649918.641239908,22.120591385700624,16.980432766964647,17.796929347892373,14.867412398353684,10.116907701877853,10.93340428280558,7.885037409678973,9.053365355528674,5.749066212560923,6.88337346753864,3.865864852007058,4.902104237124309,22.077840646161274,9.15972414336528,4.572313434191384
COC(=O)C1C2CC3c4[nH]c5cc(OC)ccc5c4CCN3CC2CC(OC(=O)c2cc(OC)c(OC)c(OC)c2)C1OC,0,3.43371740364115,1.293564642858826,1526.4817827505706,-3.96,10500349728.855549,31.120226906771116,26.007835076693354,26.007835076693354,21.345130110892303,14.89275470273789,14.89275470273789,11.691851878390763,11.691851878390763,9.760328790491371,9.760328790491371,7.761993057037497,7.761993057037497,30.082707646489087,12.202876490330926,5.012352023426143
O=C(Nc1c(Cl)cncc1Cl)c1ccc(OC(F)F)c(OCC2CC2)c1,0,3.408535781371975,1.8109905158998685,796.3401511649429,-2.12,1148294.802314842,18.681433796945203,13.34658858681548,14.858446478852391,12.435560745775547,7.757676875955459,8.513605821973913,5.726667545224055,6.541067798705267,3.685366941357178,4.258511428956114,2.1640325854648723,2.6231770256561213,18.664562682598795,8.053206412542758,4.735900940833307
CC(=O)Oc1cc2c(s1)CCN(C(C(=O)C1CC1)c1ccccc1F)C2,0,3.3686490786849292,1.626197775525089,858.4912297703296,-2.0499999999999994,1498004.5588004012,18.258784066134833,14.53515702062476,15.351653601552487,12.524877143252587,8.848710833955002,9.665207414882728,6.928661546347182,8.027953898468041,4.932041491118136,6.047122900820785,3.5578126763051383,4.608787762722718,17.368141889915012,6.928164194604956,3.436138418751632
CCc1nc(-c2cccc(C)c2)c(-c2ccnc(NC(=O)c3ccccc3)c2)s1,0,3.1921067756853865,1.6970692582899833,1151.7717358070624,-3.309999999999999,6474052.204465662,20.216967702877938,16.346233783389703,17.16273036431743,14.135361590784806,9.533461435159364,10.34995801608709,6.758274714429348,7.84189647055501,4.5651197355007,5.813882194388912,3.117473314679543,4.139353518032054,19.025899030525586,8.369043624535019,4.249856196402264
CCC1C(O)C2C3CCC(C(C)CCC(=O)O)C3(C)CCC2C2(C)CCC(O)CC12,0,3.047394823686387,1.6143805208223627,648.9448536842998,-0.6100000000000001,5010166.976515962,21.844570503761734,19.517109311535844,19.517109311535844,14.129900060875245,12.709932806722387,12.709932806722387,12.031579046958125,12.031579046958125,10.964078081269752,10.964078081269752,9.484914168387473,9.484914168387473,22.579196083049656,8.064774372275608,3.356165170454398
O=C(O)c1cc(N=Nc2ccc(S(=O)(=O)Nc3ccccn3)cc2)ccc1O,0,2.6768912476824465,1.7658464964858716,1130.3973704840953,-3.789999999999999,1798099.9737632715,20.148053602125593,14.21991410044113,15.036410681368857,13.348173775453853,7.8700148588795,9.353178106473893,5.52098247809172,7.203384719501236,3.542333018231929,4.912967947461019,2.1846787042081024,3.1929933486900133,18.98501866545865,7.841843705096445,4.482929351927807
Cc1cc(SCc2sc(-c3ccc(C(F)(F)F)c(F)c3)nc2C)ccc1OCC(=O)O,0,3.0480199142580515,1.7147886768321206,1112.4896810807736,-2.5900000000000003,5954459.303498817,22.75878406613483,16.41759342240313,18.05058658425858,14.540732461298086,8.957894859229393,10.759989999810607,6.618381216041046,8.750757762147362,4.281574822962569,6.69107110227682,2.7254454620105726,4.923083695351459,23.081097975806045,9.271346965214196,5.764240139484889
Cc1cn(C2C=CC(CO)O2)c(=O)[nH]c1=O,0,2.714498906318688,2.3618874941980867,528.3559464826387,-1.66,5760.166679208256,11.706742302257043,8.713030189526183,8.713030189526183,7.613392202930192,4.882808579574711,4.882808579574711,3.611230981313145,3.611230981313145,2.4045857811812636,2.4045857811812636,1.526133574358958,1.526133574358958,10.844513937877473,4.070238064132969,1.8434062253001617
CNC(=O)c1c(F)cccc1Nc1nc(Nc2cc3c(cc2OC)CCN3C(=O)CN(C)C)nc2[nH]ccc12,1,3.5429617293797593,1.5195175680240152,1568.4209986979472,-4.71,722817408.0786462,27.68106931801569,22.054335954287673,22.054335954287673,18.78242729852621,12.344634330142789,12.344634330142789,9.34165707959498,9.34165707959498,6.43181994489696,6.43181994489696,4.6206938329866825,4.6206938329866825,25.919364117266742,10.575288906114755,5.055941096480792
Nc1nc(F)nc2c1ncn2C1OC(CO)C(O)C1O,1,2.930859771700486,2.0706641278559674,649.8548135685061,-1.8800000000000001,48948.28904716982,14.438793109825921,10.087916328297101,10.087916328297101,9.524075805453153,5.806173183606839,5.806173183606839,4.430788072859998,4.430788072859998,3.2124115195539527,3.2124115195539527,2.206802001438728,2.206802001438728,13.119272753143168,4.593615691146637,1.810216161158896
CCOc1cc(CC(=O)NC(CC(C)C)c2ccccc2N2CCCCC2)ccc1C(=O)O,0,2.789069916188708,1.7959057393774782,950.887582394917,-3.0199999999999996,20588512.495237112,23.794317972067564,19.972178734590518,19.972178734590518,15.884249150759292,12.00886178959615,12.00886178959615,9.101626650993238,9.101626650993238,5.992199248989796,5.992199248989796,4.499103390600835,4.499103390600835,24.619060294485177,11.7296040306055,6.731571817679487
NC1(C(=O)NC(CCO)c2ccc(Cl)cc2)CCN(c2ncnc3[nH]ccc23)CC1,1,3.2352632632481395,1.441368386441013,1013.7683114896929,-2.6799999999999997,9094713.26458211,21.13961743368831,16.513860255298844,17.269789201317298,14.498150344710714,9.992439135535045,10.370403608544274,7.670296708136639,8.106732488608623,5.735816679118736,5.987792994458221,3.9036269034541458,4.029615061123889,20.587047709219515,8.590407864040976,4.11593186471445
C[N+]1(C)[C@@H]2C[C@@H](OC(=O)C(O)(c3cccs3)c3cccs3)C[C@H]1[C@@H]1O[C@@H]12,0,2.9839007616872655,1.395383015101689,762.4774029995696,-1.2499999999999998,1195446.1299562925,18.10408352775558,14.700735166778214,16.333728328633665,12.419705427730051,8.923116415527934,10.682422038037728,7.992824273843165,9.888212659840907,6.362880818074016,8.320171816223532,4.829531547368112,6.5435844914400105,16.889886578449904,5.624231462152192,2.2769553719008266
CNc1ncc2cc(-c3cc(NC(=O)NCCC(C)(C)C)c(F)cc3C)c(C)nc2n1,1,2.679914454425448,1.9011288112670088,1123.2302855121359,-3.2899999999999996,5050003.99877477,22.75878406613483,18.85146818910456,18.85146818910456,14.568700562626805,10.247171983583836,10.247171983583836,8.816320731428524,8.816320731428524,4.995738777632272,4.995738777632272,3.2218413575774676,3.2218413575774676,22.396440369776688,8.832196069493499,5.448612837078748
COC(=O)C(Cc1ccccc1)NC(=O)C(N)CC(=O)O,0,2.455440637416692,2.723591864040194,503.34564784634756,-2.4100000000000006,35829.78978118437,15.828062645816686,11.613222473245514,11.613222473245514,9.934759407976111,6.331997370896574,6.331997370896574,4.478412399765406,4.478412399765406,2.8161468328885286,2.8161468328885286,1.74492926294659,1.74492926294659,16.64379236148467,8.00647872609784,5.616356524582437
C[N+](C)(C)CCOC(N)=O,0,1.5929097864510189,3.2906175777248623,117.40644880847532,-0.77,81.23839910900196,8.19867061274927,6.755274007990405,6.755274007990405,4.4165022194363885,3.143467112170201,3.143467112170201,3.1814281885585536,3.1814281885585536,1.0064284572156426,1.0064284572156426,0.42009705697689254,0.42009705697689254,9.230000000000002,3.4112764594264346,7.2299999999999995
COc1cc2ncnc(Nc3ccc(O)c(Br)c3)c2cc1OC,0,2.5689143025865064,2.076879271744736,870.558542088944,-2.5399999999999996,195630.5308848702,16.396976746569035,12.500203455574583,14.086199994689288,11.117723500579764,6.7436796907323,7.536677960289652,4.737806995862696,5.592143895037218,3.3510713965859873,3.9862289646588263,2.2040630603643723,2.5828552579824513,15.35931323441139,6.293745803641356,3.0011824484912064
c1cnc2cc3c(cc2n1)C1CNC[C@@H]3C1,0,2.590486712666225,2.0137366648573,515.6063038458256,-1.4800000000000002,12473.193521487874,10.535169427003233,8.979849149697316,8.979849149697316,7.915816237971964,5.869095458938492,5.869095458938492,4.81397824693359,4.81397824693359,3.9042786856208282,3.9042786856208282,3.1660709012022314,3.1660709012022314,8.646727966472758,3.013271818531334,1.0638377944237734
COc1ccc(C=Cc2cc(OC)c(OC)c(OC)c2)cc1OP(=O)(O)O,0,2.6372183681008496,2.374793748807998,846.6556117772857,-2.6700000000000004,724549.3744520274,20.026733258565955,15.332582413610437,16.227009604610352,12.80570487229741,7.722180272300019,9.252477015640238,5.284167218801668,6.4478953060788715,3.5602393163376806,3.994770580029692,2.386460421437749,2.7853689865688604,20.639596702913565,8.81376342529171,5.401333424149182
COc1ccc(C2Sc3ccccc3N(CCN(C)C)C(=O)C2OC(C)=O)cc1,0,2.812118854571921,2.0558523189198885,869.370915000003,-2.51,3020643.091876138,20.965890847321376,17.123384897588586,17.939881478516316,13.901085903164901,9.433770932706608,10.313423743961502,7.102520993722727,8.285917447117116,4.702468039214365,6.074916214764001,3.238277154034226,4.556752117176849,21.204924512748313,9.325064666284545,4.9157600211884604
Cc1cc(NS(=O)(=O)c2ccc(N)cc2)no1,0,2.634906015665867,2.276726283674452,616.5006093542686,-2.02,7651.767069493677,12.466255326250886,9.044308372493166,9.860804953420892,7.971163677742107,4.789279361444521,6.2724426090389125,3.4973370282410308,5.17973926965055,2.05729948012662,3.427934409355713,1.2580754230988545,2.2418374228911926,11.464961646363335,4.095983503072133,2.5628629762604866
NC(=O)N1CCC(CC(=O)N2CCC(C3c4ncc(Br)cc4CCc4cc(Cl)cc(Br)c43)CC2)CC1,0,3.0099519998753483,1.3056051807173343,1160.7029242482379,-1.6399999999999992,142024946.30835828,25.39661226763952,20.18900753302431,24.116929557272172,17.29573409108168,12.741111650422754,14.705072662546684,10.326983870563117,12.533432079001313,8.170562663188312,9.478538040178542,6.245970728999758,7.745180691669975,25.986515063375233,10.997680509711222,5.4579403070180375
CC(=O)N(O)CCCCCNC(=O)CCC(=O)N(O)CCCCCNC(=O)CCC(=O)N(O)CCCCCN,0,2.9090886967846243,3.7506113991547503,739.3513782599549,-2.8100000000000005,131941435.66106305,29.468044558434496,23.236902137053086,23.236902137053086,18.57749381806795,13.76969305148361,13.76969305148361,9.346482944280831,9.346482944280831,5.882887728431913,5.882887728431913,3.4476622155617926,3.4476622155617926,36.19,23.10991870094547,20.781044079529057
N=C(N)NC(=O)Cc1c(Cl)cccc1Cl,0,2.1014449858071167,2.8039049148872115,386.09397217515266,-1.2599999999999993,1714.7791084186072,11.422285251880869,7.680685094427369,9.192542986464279,7.002907755397975,4.071887469878812,4.827816415897266,2.8388402400933606,3.653240493574572,1.6731103600028048,2.3813301537593277,1.056171808707462,1.5872471111294755,11.812780203784571,4.999959064613898,3.416335285841418
NC(=O)c1cc[n+](CC2=C(C(=O)O)N3C(=O)C(NC(=O)C(c4ccccc4)S(=O)(=O)[O-])[C@H]3SC2)cc1,1,2.8195633762856906,1.5439015247468786,1376.5179847513286,-3.7499999999999996,64726573.561224625,26.197941654890247,18.435642462512874,20.068635624368326,16.985089568632258,10.476737390695028,12.996896701466719,8.060303863620051,10.622299449646516,5.725796607814668,8.129022284122565,4.058153488730391,6.214079201265152,25.346121925456465,9.7163084796874,4.82349532318373
CNC(C)C(=O)NC1CN(C(=O)CC(C)C)CC[C@H]2CCC(C(=O)NC(c3ccccc3)c3ccccc3)N2C1=O,1,3.392857671515723,1.59539973228211,1165.5837285961727,-3.719999999999999,1321489563.0509334,29.517932611199154,24.507665347008672,24.507665347008672,19.6887796033996,14.670177420241577,14.670177420241577,11.553384938748755,11.553384938748755,8.123697176959174,8.123697176959174,5.760458011094859,5.760458011094859,30.243464290187163,13.76316805031054,7.3270226848948035
Cc1cc(C(C#N)c2ccc(Cl)cc2)c(Cl)cc1NC(=O)c1cc(I)cc(I)c1O,0,2.6962673890486046,1.940225606122134,1175.2355472715938,-1.5399999999999985,3810408.214481713,21.99927104214099,15.510685796207323,21.337540270596875,14.205616355805212,8.654060372339206,11.567487609533982,6.540209173088065,9.791667981874948,4.508130316967463,6.532560560468577,2.9673141998441257,5.210790706092032,23.130028268670063,9.726157452179187,5.018674352279847
CC(C)(C)NCC(O)COc1cccc2c1CCC(=O)N2,0,2.4120950636336786,1.918262172221633,508.7338197187734,-1.5899999999999999,39888.816067310145,15.45781915781361,12.901538377932381,12.901538377932381,9.84915520981396,7.326296003369678,7.326296003369678,6.426167634329999,6.426167634329999,3.3084305903130966,3.3084305903130966,2.1959862312031637,2.1959862312031637,15.792362451661564,6.451508617684691,4.719683636293361
O=S(=O)(c1ccccc1)N(CC(F)(F)F)c1ccc(C(O)(C(F)(F)F)C(F)(F)F)cc1,0,2.6355387707726696,2.603620073689548,984.3733278371011,-2.479999999999999,2085491.2871573304,23.88046888862398,14.92411152336773,15.740608104295456,13.910650160958086,8.019917352620789,9.459980681421431,6.192713109427809,8.055023385457371,4.0476493069322625,5.83572772656627,2.554517622716855,4.025673224043497,24.786412555724475,7.892856318884227,4.893413671074525
Oc1cccc(-c2nc(N3CCOCC3)c3oc4ncccc4c3n2)c1,0,3.0649872574727044,1.7918678759167044,1102.5408609803271,-3.19,2197559.0837608394,17.509860921691395,13.922443567501091,13.922443567501091,12.792826335683712,8.46820957199158,8.46820957199158,6.156477450619709,6.156477450619709,4.487660410826138,4.487660410826138,3.2277997043813174,3.2277997043813174,15.0953430991932,5.959577486277602,2.443627998548531
Oc1c(Br)cc(Br)c2cccnc12,0,2.146239890526001,2.9668729339241464,470.3665095200525,-0.6100000000000001,1131.0684223072026,9.422285251880869,6.459757213776875,9.631750292006283,6.198377302757662,3.616069028707452,5.202065567822157,2.5883889584977053,4.2970627568467465,1.7689870956662064,3.029562680715644,1.1572067134578936,2.429972309229216,8.96515082928919,3.270387401086411,1.4420360850684513
CN(C)C1CCN(C(=O)c2ccc(NC(=O)Nc3ccc(-c4nc(N5CCOCC5)nc(N5CCOCC5)n4)cc3)cc2)CC1,1,3.0898982698961563,1.074347329727883,1412.2190818708902,-4.33,20069555494.480896,31.174786860691526,25.94492212730035,25.94492212730035,21.923856628818946,15.584633676460589,15.584633676460589,11.678668742035352,11.678668742035352,8.472334328113591,8.472334328113591,5.752661076206465,5.752661076206465,30.685736410073144,14.184199230937509,7.670009592131532
[Mn+2],0,0.0,0.0,0.0,0.5194805194805194,0.0,0.0,0.3779644730092272,1.5583874449479593,0.0,0.0,0.0,0.0,0.0,0.0,0.0,0.0,0.0,1.5194805194805197,0.4444805194805197,4.21948051948052
OCC(O)C(O)C(O)C(O)CO,0,2.1228001749259824,3.9851644508585786,104.6059378176129,-0.24000000000000002,358.753229562491,9.723614639131599,6.406896212131347,6.406896212131347,5.540111220059325,3.481747671950047,3.481747671950047,2.4810286345909196,2.4810286345909196,1.5124781619578975,1.5124781619578975,0.6712088270938985,0.6712088270938985,11.760000000000002,5.413461330448892,3.015404674173516
Nc1cc(C(F)(F)F)c(-c2cc(N3CCOCC3)nc(N3CCOCC3)n2)cn1,0,2.7385783723723773,1.8185369923626369,830.9103311760617,-2.6600000000000006,4257985.47061853,20.43251065250176,15.652713303706086,15.652713303706086,13.914834803611855,9.292055593526335,9.292055593526335,6.762736207456317,6.762736207456317,4.836290641630906,4.836290641630906,3.3293978703621616,3.3293978703621616,19.647566740966568,7.992266269496575,4.348852006473704
CCC1=CC(C)C[C@H](C)C[C@H](OC)[C@H]2O[C@@](O)(C(=O)C(=O)N3CCCCC3C(=O)O[C@H](/C(C)=C/[C@@H]3CC[C@H](Cl)[C@H](OC)C3)[C@H](C)[C@@H](O)CC1=O)[C@H](C)C[C@@H]2OC,0,3.175899372208042,1.7645504544344215,1435.8203020879118,-2.19,745099096834.1488,41.48203422633689,35.039375285766816,35.79530423178527,26.483057673878214,20.77536120701322,21.2117969874852,17.08775015699475,17.64833317225842,12.820805325837881,13.320066277323551,9.391822769144271,9.72354872676347,46.499228627552895,20.671775641403574,10.893164758319791
C[S+]([O-])c1ccc(-c2nc(-c3ccc(F)cc3)c(-c3ccncc3)[nH]2)cc1,0,3.1457777962822835,1.8322364868083345,1045.2491145465863,-2.9599999999999995,2451995.3779790034,18.802754140504845,14.517091475212382,15.333588056140108,13.114193540729627,8.318384059809485,9.876462264534409,6.0303002895227875,7.409953100777682,4.250146855064871,5.186166992561684,2.8585331100159954,3.3778925115909684,17.45364097895732,7.343211502284332,3.62549169754919
COc1cc(Cc2cnc(N)nc2N)cc(OC)c1OC,0,2.4853784144068674,2.3975621374281344,621.1065134129683,-2.7,52230.22737876032,15.405412915006313,12.213030189526183,12.213030189526183,10.083248657969117,6.243969313434721,6.243969313434721,4.349044905413231,4.349044905413231,3.0357491073552594,3.0357491073552594,2.0278360837453957,2.0278360837453957,14.703769228704127,6.167313394785921,3.07337613550987
COc1ccc(-c2cc(=O)c3c(O)cc(OC4OC(COC5OC(C)C(O)C(O)C5O)C(O)C(O)C4O)cc3o2)cc1O,0,2.9709666567758277,1.3618119207500035,1507.4920760905115,-3.5100000000000002,2630332649.490788,31.16204327002801,22.880157885467263,22.880157885467263,20.387156906157266,13.250514553175977,13.250514553175977,10.324320553565714,10.324320553565714,7.400633863714526,7.400633863714526,4.92353625005528,4.92353625005528,30.93172501339102,12.23675108921331,5.991093244399454
CC(=O)C(C#N)C(=O)Nc1cc(Br)ccc1Br,0,2.235319729705792,2.917090206735046,508.6831618388283,-1.1899999999999995,4613.699922112754,12.999635521070495,8.829040199204643,12.00103327743405,7.951596160381718,4.613878836720093,6.1998753758347975,3.286181549697354,5.056193977663565,1.9840904018249779,3.168843246648395,1.1323289981969553,1.839164861707625,13.87325110689437,5.937875459792913,3.6481888269130907
CNC(=O)C(NC(=O)C(CC(C)C)C(O)C(O)=NO)C(C)(C)C,0,2.456938665120978,5.393212805467557,442.88352745293923,-1.8299999999999998,41767.957307056626,18.36987900907357,14.62185882087261,14.62185882087261,10.449813388222173,7.561566901325359,7.561566901325359,7.0609555957907,7.0609555957907,3.4714456993528477,3.4714456993528477,2.1952587084485313,2.1952587084485313,21.169999999999998,8.711185576636387,6.434482603251359
NC(=O)c1cnccn1,1,1.9003726279897948,2.981454614041131,208.70290908206394,-1.45,129.22533870330605,6.69023444431199,4.612076558222283,4.612076558222283,4.304530452640311,2.3630112147463533,2.3630112147463533,1.4549036664042256,1.4549036664042256,0.8156264001193423,0.8156264001193423,0.4263321406978211,0.4263321406978211,5.682450331125828,2.212180313039664,1.2183138294288087
NC(C(=O)NC1C(=O)N2C(C(=O)O)=C(Cl)CSC12)c1ccccc1,0,2.585085858996951,1.7144846348891023,739.4945289535813,-2.029999999999999,232419.8994106979,17.430356941388638,12.308644029757778,13.881069556703958,11.413591357920932,7.090355548349986,8.51707481133987,5.343078945758571,6.904314929757556,3.863284427842948,5.614236311887828,2.636844744874099,4.186796563407713,16.81476684716973,6.4635882765802215,2.7661992514918268
CCC1OC(=O)C(C)C(OC2CC(C)(OC)C(O)C(C)O2)C(C)C(OC2OC(C)CC(N(C)C)C2O)C(C)(O)CC(C)CN(C)C(C)C(O)C1(C)O,0,3.05424261494136,2.174897674367484,1143.2996076325867,-1.0100000000000005,41580665866.42338,39.67047943846528,34.18402114552387,34.18402114552387,23.90868204321631,19.1425315930732,19.1425315930732,17.16511252298626,17.16511252298626,12.207585984587311,12.207585984587311,8.736622445921284,8.736622445921284,45.379890795747386,17.847452831186484,10.043362889283467
S=P(N1CC1)(N1CC1)N1CC1,0,2.8112365929496255,1.8804038385945931,193.94279476994834,0.5299999999999999,1405.6182964748127,7.474691494688164,6.43974335958298,8.150667131510623,5.315515146567617,4.179940781936083,6.840534268616525,3.3742664487519587,7.567570832426167,2.376177193204123,7.865351762195145,1.452425682128204,5.826970892054513,6.983778496664224,2.06312771321797,1.0109135336823056
CC=Cc1ccc(OC)cc1,0,2.066172828612932,2.8240417350315044,233.55461928814677,-1.2399999999999998,380.17580046477946,8.104448006685086,6.872349905601618,6.872349905601618,5.363703305156274,3.633098377859486,3.633098377859486,2.273159738960781,2.273159738960781,1.474918716136305,1.474918716136305,0.9074715917788424,0.9074715917788424,7.862459016393442,3.814282937664862,2.114270889670092
COc1c(O)cc2c(O)c1C=C(C)CC(OC)C(O)C(C)C=C(C)C(OC(N)=O)C(OC)C=CC=C(C)C(=O)N2,1,2.8961446084635445,2.715392860458206,1202.3753416300624,-3.8,247236888.412171,30.145535412082953,23.926440540745112,23.926440540745112,18.835043973341573,12.685647079091586,12.685647079091586,9.714653369922063,9.714653369922063,6.650562537880814,6.650562537880814,4.471111106092673,4.471111106092673,32.41216325586774,14.546938775510206,8.104636183039364
Cc1ccc(-n2[nH]c(C)c(N=Nc3cccc(-c4cccc(C(=O)O)c4)c3O)c2=O)cc1C,0,3.080525695873961,1.7085080458260198,1463.7561244669841,-4.459999999999998,27201063.458246946,23.697941654890258,18.326067250323778,18.326067250323778,15.75692795082147,10.226913887328513,10.226913887328513,7.753797742233462,7.753797742233462,5.482058127407228,5.482058127407228,3.4705849670587727,3.4705849670587727,21.759978535776455,8.583164147225668,4.182084924575339
NS(=O)(=O)NCCNc1nonc1C(=NO)Nc1ccc(F)c(Br)c1,0,2.997870717957657,2.0598546774626487,873.0644793362778,-2.289999999999999,337788.081016597,18.44938298937633,12.401391129005338,14.80388424904777,11.797843614797706,6.582233629789189,8.921551377268102,4.530055731337725,6.763086301783614,2.7158627947674563,3.930056217982652,1.6762707859535224,2.4416428530519916,19.040295015281124,8.19412370647753,5.628423003927822
CC(=O)Oc1c(C)c(C)c2c(c1C)CC[C@@](C)(CCC[C@H](C)CCC[C@H](C)CCCC(C)C)O2,0,2.743474023018844,1.8212054089992102,809.6304804227296,-1.51,14564593.302038763,25.46589084732137,23.734970272012486,23.734970272012486,15.931047208661223,13.9319234270173,13.9319234270173,12.015639637015875,12.015639637015875,8.083907407527846,8.083907407527846,5.5568768012342735,5.5568768012342735,28.725310879713366,12.980253381357096,8.309288155278143
CCCCS(=O)(=O)NC(Cc1ccc(OCCCCC2CCNCC2)cc1)C(=O)O,0,2.730817609359323,1.7396898465462411,730.399716832882,-1.6400000000000001,3766605.8053188766,21.821780188492532,17.9378380371956,18.754334618123327,14.392978629188176,11.046140425026097,12.698405651346253,8.06679406525274,9.940240368319254,5.483874811619307,6.953641978040351,3.6423582445015965,5.046567092306351,24.627839244481727,12.919619041819937,9.447828505342489
CC(C)(O)CNc1nc(Nc2ccnc(C(F)(F)F)c2)nc(-c2cccc(C(F)(F)F)n2)n1,0,2.706306244677481,2.017607196959355,1128.5899038874586,-3.55,9548127.180765355,24.440946820939043,17.12227680737941,17.12227680737941,15.204457931001906,9.278642740435242,9.278642740435242,7.430561111923621,7.430561111923621,3.889662602295378,3.889662602295378,2.430344635453428,2.430344635453428,24.099528233929245,8.766664298179876,6.713327827064365
O=c1n(CCCN2CCN(c3cccc(Cl)c3)CC2)nc2ccccn12,0,2.9855498822783675,1.2829703462588355,942.2525178703091,-2.3099999999999996,1484642.3032598575,17.932510652501772,14.590830362795723,15.346759308814178,12.703509938206668,8.97674819597536,9.354712668984586,6.596668885863502,7.033104666335487,4.878320170537132,5.113417273324871,3.460352678315283,3.644881057542912,17.121306617575115,7.514521390199096,3.613565663833185
OCCN1CCN(CCCN2c3ccccc3Sc3ccc(C(F)(F)F)cc32)CC1,0,2.734194608891394,1.4716669756319085,868.9465296058855,-1.7400000000000002,6669991.190941507,21.13961743368832,16.736409006497684,17.55290558742541,14.452839606072642,10.267614864514572,11.084111445442302,7.662129442642924,8.745906399129748,5.690228343461198,6.820496722295124,4.076894871954746,5.153001693317485,21.490469973217014,9.176692848839785,4.771315334849235
CC(=O)Nc1ccc(C(=O)Nc2ccccc2N)cc1,0,2.4123807924527543,2.0976746566317934,635.8218150192176,-2.8199999999999994,31949.57121524428,14.535169427003234,11.01264900363436,11.01264900363436,9.558550648063802,6.095640899294221,6.095640899294221,4.299911080918832,4.299911080918832,2.6764477801869884,2.6764477801869884,1.7135244427345846,1.7135244427345846,13.60794158403739,5.880450639431045,3.3510874580219148
O=C1c2ccccc2C(=O)C1c1ccccc1,0,2.638396184688221,2.1315573720277623,564.3287017333117,-2.2199999999999998,14342.32165996517,11.828062645816686,9.089999272823986,9.089999272823986,8.287693700234703,5.512307565960888,5.512307565960888,4.117781626620149,4.117781626620149,3.1152660913183667,3.1152660913183667,2.2911536148239544,2.2911536148239544,9.967562240649164,3.6652898240594722,1.4135668396748475
CCN1CCN(c2cc3c(cc2F)c(=O)c(C(=O)O)cn3C2CC2)CC1,1,3.4674398837010005,1.834238302456375,927.751757198637,-2.41,1655411.2795169968,18.42192077295136,14.742463981001125,14.742463981001125,12.49040230064194,9.082566564885264,9.082566564885264,7.057573788793302,7.057573788793302,5.431619299923018,5.431619299923018,3.713121642144535,3.713121642144535,17.02643512895739,6.391214786991651,2.8581561219126193
CCC1=C[C@H]2CN3CCc4c([nH]c5ccccc45)[C@@](C(=O)OC)(C2)[C@@H]13,0,2.9950625127400965,1.8310519866904678,896.43314630488,-2.0699999999999994,1069366.1047362622,17.181433796945207,14.840695966687806,14.840695966687806,12.185037068637323,9.318123542910056,9.318123542910056,7.6938828918511355,7.6938828918511355,6.552768029838237,6.552768029838237,5.710000112008542,5.710000112008542,15.20577679696326,5.212610942715808,1.833313228218814
C=CCC1(O)CCC2C3=C(C=CC21C)C1=C(CC3)CC(=O)CC1,0,2.7874980230717985,1.7508297354021487,677.9551389356545,-1.41,232067.57291479644,16.242276208189782,14.028823993401256,14.028823993401256,10.983112013795045,8.968936810832275,8.968936810832275,7.968142384951151,7.968142384951151,6.930412792625547,6.930412792625547,5.523539989566969,5.523539989566969,15.137295119421712,5.041435498782958,2.0038645176789953
CCN(CC)CCOc1ccc(C(=C(Cl)c2ccccc2)c2ccccc2)cc1,1,2.790007487397448,1.8578317330150196,900.4579562850508,-2.549999999999999,4792563.26155184,20.47648072687178,17.144757252374003,17.90068619839246,14.22387665046241,10.187412786846805,10.565377259856033,6.82075487462675,7.198719347635977,5.02285310205257,5.430053228793177,3.3040068430665164,3.648212890972251,21.165898455959802,10.847804995000011,5.723225909677843
CC(NC(=O)C(O)C(C)C)C(=O)NC1C(=O)N(C)CCc2ccccc21,1,2.726417599051748,2.132081540310921,689.1167354850434,-2.4099999999999993,460440.13054545823,19.430356941388634,15.65218777828161,15.65218777828161,12.218121810561243,8.83595809296372,8.83595809296372,7.06933809348747,7.06933809348747,4.644573736314717,4.644573736314717,2.8690629131803584,2.8690629131803584,19.908720302923207,8.313148520887529,4.4037854392419025
O=C(O)c1ccccc1O,0,1.8787445285930133,3.1529414466808685,254.78306142431708,-1.51,182.2382192735223,7.560477932315068,5.112076558222283,5.112076558222283,4.71521405516327,2.728688009921516,2.728688009921516,1.8223016228423563,1.8223016228423563,1.134458362228448,1.134458362228448,0.6544892453505138,0.6544892453505138,6.607785630153122,2.389632707443791,1.0748936229840518
NC(C=O)C(O)C(O)C(O)CO,1,2.1228001749259824,4.070579536848795,141.90013452989012,-0.5299999999999999,358.753229562491,9.723614639131599,6.368311068787998,6.368311068787998,5.540111220059325,3.4014416527843676,3.4014416527843676,2.444539836702888,2.444539836702888,1.4826839221008987,1.4826839221008987,0.6437826119758236,0.6437826119758236,11.47,5.175013037303056,2.8388089924448727
COC(=O)C1=COC(OC2OC(CO)C(O)C(O)C2O)C2C1CC(O)C2C,0,2.964277845050626,1.799069717121627,578.0614322857566,-1.2700000000000002,1128358.290274211,19.877950698581344,15.04237595327809,15.04237595327809,12.794131415482818,8.875845544743813,8.875845544743813,7.248617328983079,7.248617328983079,5.754752135615082,5.754752135615082,4.097364101171602,4.097364101171602,20.463894104567395,7.996921324877344,3.581277369065982
COc1ccc2cc1Oc1ccc(cc1)CC1c3c(cc4c(c3Oc3cc5c(cc3OC)CCN(C)C5C2)OCO4)CCN1C,1,3.5269268702188277,1.3365735670293437,1770.4304335749712,-4.399999999999999,33597743038.252483,30.65576081270385,26.22186763236443,26.22186763236443,21.983029481334903,15.669632811318547,15.669632811318547,12.448502824572044,12.448502824572044,9.842447856322611,9.842447856322611,7.326248978547942,7.326248978547942,28.099752842313396,11.194290007513152,4.926703955450581
Cc1cc(=O)n(-c2ccccc2)n1C,0,2.4270916215247973,2.6880057866501375,493.75123770895806,-1.7699999999999998,2116.4238939696234,10.129392033067417,8.266777096601537,8.266777096601537,6.698377302757662,4.510192005694412,4.510192005694412,3.294915968066401,3.294915968066401,2.3523200705667566,2.3523200705667566,1.5084712141341576,1.5084712141341576,8.811833472450036,3.178135834949779,1.2667253288419447
Oc1c2ccccc2c2c3c(cccc13)N=N2,0,2.8086471380626405,2.417259464843885,806.030983418805,-2.42,21278.310717962566,11.405412915006313,8.883092670827256,8.883092670827256,8.360173345306137,5.442187598295857,5.442187598295857,4.142496346186667,4.142496346186667,3.229428699617647,3.229428699617647,2.4532643567299823,2.4532643567299823,8.70000139780312,2.8253517777540558,0.9588318171641738
COc1c(O)cc2oc3cc(O)c(CC=C(C)C)c(O)c3c(=O)c2c1C=CC(C)C,1,2.643212672933029,2.4683965585411003,1240.7418886864982,-3.4099999999999993,3209005.5616377085,22.162407748957516,17.73759405421577,17.73759405421577,14.149973463139387,9.71078495831346,9.71078495831346,7.8316595800651765,7.8316595800651765,4.847255313741794,4.847255313741794,3.3462247762193336,3.3462247762193336,21.30250119741161,8.143546964480224,3.7274558275107443
CCCCCCCC=CCCc1c(O)c(O)cc(O)c1O,0,2.4632257397832347,2.3595852772354697,440.0981792055158,-1.84,40015.10214277865,15.664925939000156,12.677759439061093,12.677759439061093,10.074586062669974,7.682267546230424,7.682267546230424,5.303553727836343,5.303553727836343,3.532386503519619,3.532386503519619,2.253479978439667,2.253479978439667,17.212192066805848,9.161288320687689,5.577293735334685
O=c1cc[nH]c(=O)[nH]1,1,1.6423714487439025,3.5021170388304435,246.36195376207496,-1.32,64.0524865010122,5.983127663125442,3.9711971193069777,3.9711971193069777,3.787693700234704,2.0689318929868223,2.0689318929868223,1.2960458159738015,1.2960458159738015,0.6858665867562286,0.6858665867562286,0.3826884660961114,0.3826884660961114,4.829700598802395,1.6512034657775698,0.8412053770519652
CCCN(CCC)CCc1cccc2[nH]c(O)cc12,0,2.769212404734313,2.0751258213310804,512.4433321504404,-1.48,26833.668201875495,13.664925939000156,11.946468954877707,11.946468954877707,9.24071340286802,7.2614242538127804,7.2614242538127804,5.124590864922066,5.124590864922066,3.5172578576453626,3.5172578576453626,2.6676887561133595,2.6676887561133595,13.940303308780653,6.61839289563535,3.5056685949135504
CCn1cc(C(=O)O)c(=O)c2cc(F)c(N3CCNCC3)cc21,0,2.554556529077141,2.243584852361737,825.4107594006955,-2.41,179503.57818519254,16.560113453385565,12.803686553938444,12.803686553938444,11.024075805453153,7.58252234336325,7.58252234336325,5.520883450058765,5.520883450058765,4.177541915123679,4.177541915123679,2.961433451421673,2.961433451421673,15.484342065117133,6.000303361348931,2.6762994529205364
CO[C@@]1(NC(=O)C(C(=O)O)c2ccc(O)cc2)C(=O)N2C(C(=O)O)=C(CSc3nnnn3C)CO[C@@H]21,1,3.2538568530067984,1.5823981461303234,1262.6241459333517,-4.0200000000000005,88447430.2743334,26.19794165489025,18.813761974757558,19.63025855568528,17.101097180182222,10.249880285549287,11.23547884520277,7.761381144865698,8.703879785725434,5.635796732930503,6.732668404525011,3.877560750166952,4.718542063769555,25.08428208424908,9.556060926329392,4.1405871412961845
CCC(C)C(N)C1=NC(C(=O)NC(CC(C)C)C(=O)NC(CCC(=O)O)C(=O)NC(C(=O)NC2CCCCNC(=O)C(CC(N)=O)NC(=O)C(CC(=O)O)NC(=O)C(Cc3c[nH]cn3)NC(=O)C(Cc3ccccc3)NC(=O)C(C(C)CC)NC(=O)C(CCCN)NC2=O)C(C)C)CS1,0,1.7629856587993782,1.7540362773123632,3139.058010086049,-9.049999999999999,7.457944882594648e+23,73.62972334953295,57.44450101805928,58.260997598987004,46.84889987498445,33.56779601599012,34.553394575643615,25.799278821096582,26.839563735255297,16.925451297383763,18.08119672307218,10.685222135846757,11.866295751124536,82.37478314502148,41.37851942968238,27.651224414357458
Nc1cc(F)ccc1NC(=O)c1ccc(CNC(=O)/C=C/c2cccnc2)cc1,1,2.7354650560290428,1.5330162706765968,1034.4377306960382,-3.9999999999999996,3578338.4328131597,20.63961743368831,15.431685199278224,15.431685199278224,14.008040390846979,8.823511837381915,8.823511837381915,6.220116055988132,6.220116055988132,4.056253583973705,4.056253583973705,2.5104448460713296,2.5104448460713296,19.753086419753085,9.273922571219869,5.736296296296296
CCC(Nc1c(Nc2cccc(C(=O)N(C)C)c2O)c(=O)c1=O)c1ccc(C)o1,0,3.132448541789318,1.8997671718688691,1122.070758024966,-3.55,2755965.8164487435,21.292164260954436,16.698628749179672,16.698628749179672,13.739289860616426,9.20966739187882,9.20966739187882,6.9881549944336,6.9881549944336,4.674041161393371,4.674041161393371,3.0304497180671253,3.0304497180671253,20.19113888142375,7.8255611204802955,3.733631810610656
COc1ccc(C(CN(C)C)C2(O)CCCCC2)cc1,1,2.4535201270100093,2.2507375789507775,407.50311001590353,-1.06,32347.209354499963,14.58757566981053,12.932067514531196,12.932067514531196,9.548660601927534,7.560706736348482,7.560706736348482,6.2522245832248435,6.2522245832248435,4.433918253019514,4.433918253019514,3.2994143959316062,3.2994143959316062,15.331143339748435,6.59472130944262,3.52569093341468
COc1nc2ccc(Br)cc2cc1[C@@H](c1ccccc1)[C@@](O)(CCN(C)C)c1cccc2ccccc12,0,2.91594794590366,1.8400434824749472,1531.499312532062,-3.2499999999999987,261689578.9398522,25.99298858481683,21.357021688569706,22.94301822768441,17.90203389596013,12.449843765315904,13.242842034873256,9.771833517504296,10.687509046295983,7.080547717046203,7.573799355763245,5.305824691622167,5.684616889240246,25.401681943774395,10.622066600977297,4.993446712018141
Nc1nnc(-c2cccc(Cl)c2Cl)c(N)n1,0,2.2308774121599892,2.632549823314152,543.4177085952952,-1.5899999999999994,4372.519727833579,11.706742302257043,7.984321078466458,9.496178970503367,7.592224152875013,4.293758869055061,5.049687815073517,3.005227922248451,3.790392521998285,1.9367940267727524,2.755696596897387,1.2297075496992582,1.6197383076620624,10.912299045640236,4.112336342245376,1.8678974160414947
Cn1c(=O)c2c(ncn2CC2OCCO2)n(C)c1=O,0,3.038298859816242,2.166354966692982,735.4587467653815,-1.93,36359.32245542097,13.568549621822843,10.69786842579418,10.69786842579418,9.092224152875016,5.933944893919335,5.933944893919335,4.446045534752474,4.446045534752474,3.2537877493703045,3.2537877493703045,2.2086349943857684,2.2086349943857684,12.121709967060337,4.318692851874454,1.7974592263033602
CO[C@H]1/C=C/O[C@@]2(C)Oc3c(C)c(O)c4c(O)c(c5c(c4c3C2=O)=NC2(CCN(CC(C)C)CC2)N=5)NC(=O)C(C)=CC=CC(C)[C@H](O)[C@@H](C)[C@@H](O)[C@@H](C)[C@H](OC(C)=O)[C@@H]1C,0,3.7098400616910965,1.5400159865683931,2295.517688922757,-4.83,10968644285980.875,44.87722174072229,37.10667087633423,37.10667087633423,28.64509758999962,21.219077773701617,21.219077773701617,17.953066601108873,17.953066601108873,12.889935459057423,12.889935459057423,9.199706900671089,9.199706900671089,45.69129117327369,17.504165990091828,8.536418080692114
C=CC1C2=CCOC(=O)C2=COC1OC1OC(CO)C(O)C(O)C1O,0,2.6178093490190366,1.780231463065086,596.4128104180611,-1.7500000000000002,449271.0582879961,18.13746372257519,13.22491886977505,13.22491886977505,11.9727642104369,7.792731697866121,7.792731697866121,5.888772377994337,5.888772377994337,4.391570850059259,4.391570850059259,2.977644713342266,2.977644713342266,18.053450642093914,7.240946353767848,3.217665145804404
CON=C(C(=O)NC1C(=O)N2C(C(=O)O)=C(Cn3ccc(=N)n3CCO)CSC12)c1csc(N)n1,1,3.406150335442227,1.5486561745590086,1294.2710121039977,-3.63,65456627.946306005,25.275291924079873,18.37251365116683,20.005506813022283,16.7604579106716,10.214876495234458,12.14328409647001,7.4570111784987265,9.451684651102273,5.355944704085145,7.369469036643699,3.8454061476214996,5.728397431737448,24.493172337115254,9.927355024783461,4.5407378062861214
C[N+](C)(C)CCCCCC[N+](C)(C)C,0,1.9177908590097643,3.232833861096644,121.38116894342195,-0.08,531.2280679457048,11.242640687119287,11.137067878119202,11.137067878119202,6.207106781186548,5.815737105033424,5.815737105033424,6.4420753269738285,6.4420753269738285,2.407868552516711,2.407868552516711,1.525843486393766,1.525843486393766,13.92,5.716615911989795,11.920000000000002
O=c1cc[nH]c(=S)[nH]1,0,1.6423714487439025,3.5021170388304435,248.36195376207496,-0.9000000000000001,64.0524865010122,5.983127663125442,3.9711971193069777,4.787693700234703,3.787693700234704,2.0689318929868223,2.4771801834506855,1.2960458159738015,1.7042941064376644,0.6858665867562286,0.9057797895699521,0.3826884660961114,0.5513220796056342,5.240845070422535,1.915964255524695,1.0352735176911
Cc1cc(C)c(Nc2ccnc(Nc3ccc(C#N)cc3)n2)c(C)c1,0,2.5902959573138733,1.8077000616865044,916.0406041893641,-3.3899999999999997,475702.6719687782,17.811190308942127,14.460442940016884,14.460442940016884,12.046045193307766,8.000702292100394,8.000702292100394,5.97835906001134,5.97835906001134,3.855818713091283,3.855818713091283,2.750998511865142,2.750998511865142,16.46716269299884,7.016106200416932,3.9314039496652393
Cc1c(-c2ccc(O)cc2)n(Cc2ccc(OCCN3CCCCCC3)cc2)c2ccc(O)cc12,0,3.0075847025087685,1.34892382065946,1267.9531694318582,-3.439999999999999,115730235.25679806,24.200095366003378,20.41191666422851,20.41191666422851,17.08052003591841,12.636459207291708,12.636459207291708,9.55634448493924,9.55634448493924,7.079769817978391,7.079769817978391,5.1921211169721735,5.1921211169721735,23.30881472211924,10.445953272712707,5.303079505860857
CC(C)OC(=O)C(C)(C)Oc1ccc(C(=O)c2ccc(Cl)cc2)cc1,0,2.544225378987669,2.099929247281439,746.2705504674376,-2.329999999999999,255195.98241397916,18.612519696192855,14.707110057571315,15.46303900358977,11.686377732905378,7.992740171530876,8.370704644540103,6.426830399492543,6.863266179964528,3.430243625195927,3.682219940535412,2.134560066130503,2.260548223800246,19.000841137175385,7.702508411543377,5.068964927820454
COc1ccc2cccc(CCNC(C)=O)c2c1,0,2.377809119779864,2.279074526763238,563.4221987756571,-2.0300000000000002,13760.381376166073,12.957819157813608,10.694811758438577,10.694811758438577,8.702708600407233,6.005654169683152,6.005654169683152,4.2371656528148645,4.2371656528148645,2.9478896131780323,2.9478896131780323,2.0347067767570364,2.0347067767570364,12.427530343158173,5.537230752231385,2.80013756508852
Cn1c(CNc2ccc(C(=N)N)cc2)nc2cc(C(=O)N(CCC(=O)O)c3ccccn3)ccc21,0,3.177542809555323,1.5576371170655992,1381.7200445788128,-4.7299999999999995,82600047.39199328,24.949018510446813,19.102088132262672,19.102088132262672,16.8294075958929,10.916154441455605,10.916154441455605,7.923585927149446,7.923585927149446,5.587183811190707,5.587183811190707,3.6864230389475963,3.6864230389475963,23.428919711202404,10.03967702347934,5.2695848093884115
CCC1(c2c[nH]cn2)Cc2ccccc2C1,0,2.959879179702305,2.03381221371091,460.1962656132102,-1.5699999999999998,10936.753569000017,11.010225400620904,9.532635554197357,9.532635554197357,7.839265163677694,5.900055094624122,5.900055094624122,4.710590730278704,4.710590730278704,3.8944213627431954,3.8944213627431954,2.8565761547501562,2.8565761547501562,9.64146945172885,3.476732969753775,1.2936633803210729
O=[N+]([O-])c1ccc(O)c2ncccc12,0,2.1804863586584204,2.8831748525258547,510.38326813716645,-2.17,1862.1353502942911,10.129392033067417,7.04488871337573,7.04488871337573,6.698377302757662,3.910193058451648,3.910193058451648,2.7604932726252356,2.7604932726252356,1.9220545488963234,1.9220545488963234,1.3018953992113511,1.3018953992113511,8.429238558789956,2.951446071553371,1.1487515559686323
C[C@@H]1CCN(C(=O)C(CCCN=C(N)N)NS(=O)(=O)c2cccc3c2NC[C@H](C)C3)C(C(=O)O)C1,0,2.7922808333353024,1.8800276265710898,1072.1602274740253,-2.86,34746070.4541845,25.750347897697548,20.235888911018204,21.052385491945927,16.490908185545692,11.95999440047117,13.443157648065561,9.618374374194168,11.300776615603686,6.571300873269884,8.08535675799209,4.721896111320162,6.171809829913665,26.739670744777783,11.252174145340792,6.632672411760463
CC12CCC(CC1=O)C2(C)C,0,2.1988013603871117,2.4741517243797513,216.91266689075218,-0.33,358.4046217430992,8.276020881938894,7.606918903213131,7.606918903213131,4.982998800364115,4.516402641941018,4.516402641941018,4.91669365776901,4.91669365776901,4.48276380152203,4.48276380152203,2.901465647074095,2.901465647074095,7.326147454014241,1.701311022684903,0.6047691790209927
C=CC(=O)N1CCCC(n2nc(-c3ccc(Oc4ccccc4)cc3)c3c(N)ncnc32)C1,0,3.2570654708796614,1.5007676073343366,1299.9886996136902,-4.199999999999998,59394803.66601083,22.785881803630286,18.09365196382539,18.09365196382539,16.135361590784807,10.871604573870938,10.871604573870938,7.974613838059627,7.974613838059627,5.853475237486835,5.853475237486835,4.241172497550338,4.241172497550338,20.68875669244497,8.73893664326605,4.025546244811654
Cc1cc(O)cc(O)c1,0,1.5880914479405832,3.165670309917317,167.67835570708544,-1.1800000000000002,85.7569381887915,6.8533711511285205,5.126477998568793,5.126477998568793,4.1815405503520555,2.6792644030688355,2.6792644030688355,2.0267607505761673,2.0267607505761673,1.0468740243419743,1.0468740243419743,0.7430423907971211,0.7430423907971211,5.947877237851663,1.973221425374384,1.3533930115039927
Cc1cccc(C(C)c2c[nH]cn2)c1C,0,2.7415415965106775,2.4192962075236624,443.5644420701929,-1.5700000000000003,4161.660143503209,10.836498814253964,9.411315210637714,9.411315210637714,7.198377302757662,5.2465485655171245,5.2465485655171245,4.004894442829003,4.004894442829003,3.0760559483131837,3.0760559483131837,1.9107307310651762,1.9107307310651762,9.965190555980577,3.8906920374934497,1.7971657374905452
CC(C)CC(NC(=O)CNC(=O)c1cc(Cl)ccc1Cl)B1OC(=O)CC(CC(=O)O)(C(=O)O)O1,1,2.7148729784427563,2.133587809223257,986.7908887945079,-2.825064935064935,12564578.747373912,25.629027554137906,18.300622910149354,19.812480802186265,15.823912624418465,10.178011408431088,10.933940354449541,8.133238240129193,8.976874147341784,4.828574812074775,5.3932601359025565,3.3378355410034835,3.713308512966897,27.41971192645425,11.541002053749208,7.339231512976625
C=CCC1=CC(C)C[C@H](C)C[C@H](OC)[C@H]2O[C@@](O)(C(=O)C(=O)N3CCCCC3C(=O)O[C@H](/C(C)=C/[C@@H]3CC[C@@H](O)[C@H](OC)C3)[C@H](C)[C@@H](O)CC1=O)[C@H](C)C[C@@H]2OC,0,3.184144781239025,1.77849422175615,1478.2958900460044,-2.78,1192347300534.8425,42.18914100752344,35.39308145863372,35.39308145863372,26.98305767387821,20.924732006265565,20.924732006265565,17.27834992293143,17.27834992293143,12.849891541835154,12.849891541835154,9.444570548669624,9.444570548669624,46.90439588380224,20.955266205731213,11.287252409488188
CC1OC(OCC2OC(Oc3c(-c4ccc(O)c(O)c4)oc4cc(O)cc(O)c4c3=O)C(O)C(O)C2O)C(O)C(O)C1O,0,2.9563436628447097,1.4784687141163417,1539.6350630802622,-3.7100000000000004,2312654061.4284253,31.325179976844545,22.28898651681369,22.28898651681369,20.276672458625043,13.008005443790518,13.008005443790518,10.278216006796395,10.278216006796395,7.2909197562841195,7.2909197562841195,4.838536347640627,4.838536347640627,30.73814039477934,11.758964424715401,5.671893025694395
CC12C=CC(=O)NC1CCC1C2CCC2(C)C(C(=O)Nc3cc(C(F)(F)F)ccc3C(F)(F)F)CCC12,0,3.1529692291427764,1.3996383556433802,1144.6860218588804,-2.5199999999999996,116434045.82209152,26.965890847321376,20.600426797998637,20.600426797998637,17.14266752696209,12.734371500875229,12.734371500875229,11.634285714323715,11.634285714323715,9.912533429481295,9.912533429481295,8.055144331684351,8.055144331684351,26.101654038493955,8.495079213590381,4.238036266100737
COc1ccc(N2CCOCC2)c2sc(NC(=O)N3CCC(C)(O)CC3)nc12,1,3.1082760400034233,1.5679161208382202,852.9808278554673,-2.1000000000000005,3098080.894592212,19.72540387131522,16.23340233172692,17.049898912654644,13.465458274259609,9.552830577107967,10.369327158035691,7.49726030219491,8.49633106895769,5.399136751935137,6.3924466168828324,3.6035007069069747,4.616742060416431,19.22661246872044,7.72823935970789,3.8711886237069932
CN1C2CC(OC(=O)C(CO)c3ccccc3)CC1C1OC12,1,3.2706250854574517,1.4200028178766766,545.0371822548029,-1.4299999999999997,257123.46171832303,15.267220234572113,12.591345367037036,12.591345367037036,10.685871848001629,7.924469536693429,7.924469536693429,6.541621623120015,6.541621623120015,5.3267911941334,5.3267911941334,4.044514131084522,4.044514131084522,14.180670892667724,5.333924974919479,2.2416588494484997
COC(=O)N=NC=C1C=[N+]([O-])c2ccccc2N1O,0,2.43649703611813,2.3136408074379675,594.1129112086053,-2.7399999999999993,21582.490745934396,13.828062645816686,9.924914464029136,9.924914464029136,9.1302289553358,5.214596275636273,5.214596275636273,3.494879691289316,3.494879691289316,2.34545702816006,2.34545702816006,1.477086212512143,1.477086212512143,12.7100724385682,5.272444193128985,2.5781777475248586
Clc1cccc(Cl)c1NC1=NCCN1,0,2.639287335865509,2.2296355832661514,356.0698580865507,-0.9299999999999999,2573.3051524688713,9.966255326250886,7.349406911460386,8.861264803497294,6.770856947829096,4.265369363225611,5.021298309244066,2.8787628582036415,3.693163111684854,1.8803299545141314,2.5102707428628435,1.2172706962057955,1.7092064959239028,9.6183800411083,4.067252415616685,1.9375565261202397
COc1cc(C(=O)NC2CCN(C)CC2)c(F)cc1Nc1ncc2c(n1)N(C1CCCC1)CC(F)(F)C(=O)N2C,0,3.4488674892932187,1.421959573529004,1280.258794152193,-3.6100000000000003,934929690.4868225,28.60371904882607,22.84541864454612,22.84541864454612,19.06771912826669,13.507313850735727,13.507313850735727,10.745605834316791,10.745605834316791,7.96939619321172,7.96939619321172,5.6343309095049365,5.6343309095049365,27.938010389663887,11.105794869048932,5.513622985176891
COc1cc2c(cc1OC)CN(CCc1ccc(NC(=O)c3cc(OC)c(OC)cc3NC(=O)c3cnc4ccccc4c3)cc1)CC2,0,3.127602691558053,1.1243901200260562,1960.1275798895313,-5.609999999999999,72570672657.3352,33.62238061788424,27.462354608370593,27.462354608370593,23.380406291302393,15.673031145353006,15.673031145353006,11.52669058609088,11.52669058609088,8.594821059047144,8.594821059047144,5.9328236997464785,5.9328236997464785,32.33559464703214,14.436367370713723,7.033861985941905
COC1C(N(C)C(=O)c2ccccc2)CC2OC1(C)n1c3ccccc3c3c4c(c5c6ccccc6n2c5c31)C(=O)NC4,0,3.678106782913184,1.4252011381376102,2180.8233225458644,-4.659999999999999,16727238355.508312,29.197577175960742,24.126451817762437,24.126451817762437,20.935707400771346,14.758273379389474,14.758273379389474,12.091735934074924,12.091735934074924,10.035579291458752,10.035579291458752,8.327087425749623,8.327087425749623,24.8936556003002,8.46135367273348,2.968438278328138
CC1(C)S[C@@H]2CC(=O)N2C1C(=O)OCOC(=O)C1N2C(=O)C(NC(=O)C(N)c3ccccc3)[C@H]2S(=O)(=O)C1(C)C,0,3.1940251657447445,1.2407250174686888,1397.8710333247573,-3.1699999999999995,359475241.7957332,29.36107836170678,22.227575178751017,23.86056834060647,18.607915023690236,12.597767611895248,15.023739901071705,11.189897743876912,15.647152105260481,7.979500388087992,12.301118192435956,5.737112416812381,9.566557564799247,28.361981887708566,9.447352562664303,4.081124834652247
COc1ccc(-c2nc3cc(C4=NNC(=O)CC4C)ccc3[nH]2)cc1,0,3.0477872499879277,1.7047984402077738,972.757705447369,-3.1499999999999995,861353.4414425882,17.388540578131753,14.0368327066312,14.0368327066312,12.135361590784807,8.148151933527721,8.148151933527721,6.183035243908742,6.183035243908742,4.401700915121814,4.401700915121814,3.052990948750116,3.052990948750116,15.381927986429647,6.049954342018783,2.865146636965104
CCc1ccc(CCOc2ccc(Cc3sc(=O)[nH]c3O)cc2)nc1,0,2.9403236738977303,1.5152055506781017,866.9349050709752,-2.5999999999999996,630076.0794321968,17.648053602125596,13.989051071465079,14.805547652392805,12.135361590784806,8.202630486492993,9.019127067420719,5.7168296867448,6.784543923702075,3.909685726593379,4.7812295779029155,2.4464584382926318,3.2044971784796927,17.23042192958882,7.983276560651152,4.699120166164905
CC(C)CCC[C@@H](C)[C@H]1CC[C@H]2C3=CC=C4C[C@@H](O)CC[C@]4(C)[C@H]3CC[C@]12C,0,2.989781980387717,1.5279295000451163,642.6477265296509,-0.56,2160246.0414552824,20.10408352775558,19.13708356088244,19.13708356088244,13.253691300962933,12.346040511173259,12.346040511173259,11.808204662872521,11.808204662872521,9.74576873529875,9.74576873529875,8.007802551251935,8.007802551251935,20.702257801046763,7.603373136280782,3.3410608612690664
Cc1cc(-c2nc(-c3ccc(OC(F)(F)F)cc3)no2)nn1Cc1ccnc(N2CCN(C3CC3)CC2)c1,0,3.523158680406975,1.1295853175752109,1404.97019489018,-3.93,629048877.3905048,26.277445635193,20.726785059467577,20.726785059467577,18.303777588046145,12.49280370774737,12.49280370774737,9.600405055376257,9.600405055376257,6.8162106106489055,6.8162106106489055,4.685820612188346,4.685820612188346,24.409208716820153,9.747610633689636,5.493493749424299
CCC(C)C(=O)OC1CC(C)C=C2C=CC(C)C(CCC3CC(O)CC(=O)O3)C21,1,2.6543848600082294,1.7401695799133003,666.182169981736,-1.62,2389463.979055108,21.12902755413791,18.173700405560584,18.173700405560584,13.778096000876644,11.259497832904776,11.259497832904776,9.355026879999354,9.355026879999354,6.934972943966668,6.934972943966668,5.0698959627349405,5.0698959627349405,22.07391893551366,9.460979947044212,5.302293787293074
CCCC[N@+]1(C)[C@@H]2C[C@@H](OC(=O)C(CO)c3ccccc3)C[C@H]1[C@@H]1O[C@@H]12,0,3.4012776574934356,1.424272055325747,630.670979452576,-1.4299999999999997,1595784.24112151,18.311190308942127,15.71266571059668,15.71266571059668,12.579865353114783,9.947804083896818,9.947804083896818,8.300157949150217,8.300157949150217,6.7892815556572845,6.7892815556572845,5.231815086243865,5.231815086243865,17.957703197282374,6.948045465769256,2.959215881519419
CCOC(=O)C(C#N)C1c2cc(Br)ccc2OC(=N)C1C(=O)OCC,0,2.560196359188125,2.590918523995424,743.0440213325865,-2.4,304555.838496301,18.56011345338556,13.744734698339352,15.330731237454057,11.93828936782625,7.726973948562219,8.519972218119573,5.262782132073511,6.1784576608652015,3.7717134681949354,4.2649651069119745,2.7666882537839483,3.145480451402028,18.931801206549846,8.119132653061225,3.8211497725137695
CCCc1cc(C(N)=S)ccn1,0,2.0534769279652383,2.877622885487129,283.61195376207496,-0.96,529.7970474150314,8.974691494688164,7.07907652509542,7.895573106023146,5.736382105218448,3.9846238762214785,4.392872166685342,2.6501049218241803,3.089931327451628,1.6072249439373907,1.8429272043329068,1.024308242588025,1.1512751894308813,9.130579710144929,4.162328552527982,2.271285875087841
CC(C)c1nc(CN(C)C(=O)NC(CCN2CCOCC2)C(=O)NC(CCC(Cc2ccccc2)NC(=O)OCc2cncs2)Cc2ccccc2)cs1,0,3.886036814222034,1.2772059869826065,1701.679280015422,-4.369999999999999,1225426784090.9192,38.12453432899735,31.446828365709084,33.07982152756453,26.211550329053647,18.66376632855989,20.423071951069677,13.980052933375054,15.840632066460392,9.271967757171915,11.219213636831043,6.250043836851824,7.581985394757131,40.80723982832906,21.501835267906227,13.799863276983698
Fc1ccc(C2CCNCC2COc2ccc3c(c2)OCO3)cc1,1,3.086260324767813,1.4430472633559428,704.2581301134379,-2.2699999999999996,664545.9181703045,16.355160383312146,13.33439567304019,13.33439567304019,11.79282633568371,8.280641273249634,8.280641273249634,6.236995097747859,6.236995097747859,4.713948190352601,4.713948190352601,3.4167809845682955,3.4167809845682955,15.26898251541231,6.690274020416143,3.1696483131854296
CN(C)CCCN1c2ccccc2CCc2ccc(Cl)cc21,1,2.646322321750239,1.9836353241232163,651.6334849101904,-1.5099999999999993,125552.11623311834,15.526733258565956,13.349377454269264,14.10530640028772,10.647867045540844,7.935569477126923,8.31353395013615,6.21021388658908,6.646649667061065,4.271276175731693,4.5063732785194315,3.1702873745895728,3.336630929630869,15.388161151015984,6.719552325532733,3.2857132602320616
O=S(=O)(O)Oc1ccc(C(c2ccc(OS(=O)(=O)O)cc2)c2ccccn2)cc1,0,2.6318382555094373,1.9795633231153285,1099.3732259834537,-2.9899999999999993,2062182.1287809305,21.070703332935963,14.613180609675918,16.24617377153137,13.606086266752905,8.052637298102203,10.782934041442427,5.847815487894216,7.892072593155195,3.8134705237865782,4.619607428722222,2.755566956458471,3.4641914523728237,20.736789445448476,8.169446796341495,5.991925799708329
CNC(=O)c1cc(Oc2ccc(NC(=O)Nc3ccc(Cl)c(C(F)(F)F)c3)c(F)c2)ccn1,0,2.755702507564192,1.6839531508214225,1204.3675525759973,-3.8599999999999985,14268669.342841402,24.17299762850792,16.757933254644314,17.51386220066277,15.561900511353265,9.168639931490876,9.546604404500105,6.471131707678451,6.878331834419057,4.145184484148699,4.474772705188744,2.628590713298162,2.8532821218348876,23.795811346111723,9.736180111077102,6.100851345096468
CCN1CC(CCN2CCOCC2)C(c2ccccc2)(c2ccccc2)C1=O,0,3.0614744393192104,1.7378936555711126,732.2068621056528,-2.1699999999999995,4438893.01905771,19.399130457682162,16.71863098250591,16.71863098250591,13.763222117191255,10.46986574401073,10.46986574401073,7.823464371337447,7.823464371337447,6.415175794048572,6.415175794048572,4.940685520313594,4.940685520313594,19.159693639884743,8.457968130553809,3.356604963196253
CN1CC(C(=O)N[C@]2(C)O[C@@]3(O)[C@@H]4CCCN4C(=O)C(Cc4ccccc4)N3C2=O)C[C@@H]2c3cccc4[nH]cc(c34)C[C@H]21,0,3.699515738923905,1.0774208255118294,1640.7912362308502,-3.729999999999999,10186305265.47851,29.672633149578406,24.454498780815882,24.454498780815882,20.67630759020843,15.395994917185883,15.395994917185883,13.187398429897296,13.187398429897296,10.62317055875297,10.62317055875297,8.649192246739299,8.649192246739299,26.86450400807992,9.382820664614522,3.8555746718074775
CCCCCCCC(=O)O,0,1.8709889548563379,2.838589121813916,89.25838096618135,-0.53,142.19516056908168,7.819990956308912,6.598102573083107,6.598102573083107,4.770055610029662,3.9883911147617317,3.9883911147617317,2.557952105596448,2.557952105596448,1.4941955573808654,1.4941955573808654,0.8797791157461863,0.8797791157461863,9.47,6.588063754427392,7.470000000000003
NCCCNCCCCNCCCN,1,2.209692218593626,2.7847655305545773,86.12278797724058,-0.16,1347.9122533421119,10.485281374238573,9.225768350244728,9.225768350244728,6.914213562373096,5.730710143300821,5.730710143300821,3.49156383156272,3.49156383156272,2.072461852836957,2.072461852836957,1.2041241452319313,1.2041241452319313,13.84,12.84,11.839999999999998
CC(c1nc(-c2ccc(C#N)cc2)cs1)C(O)(Cn1cncn1)c1cc(F)ccc1F,0,3.4690285108924965,1.738852331160255,1233.7821941871443,-3.479999999999999,15078812.352182372,22.009860921691395,16.4054185517545,17.221915132682227,14.902033895960136,9.367571534967917,10.247224346222813,7.123309439168353,8.012990406189957,5.182922498475345,6.2103665165475075,3.3848425225379324,4.356146589008489,20.779084561355894,8.33547499544417,4.079214218436665
CCCCCCCCCC(=O)NC(Cc1c[nH]c2ccccc12)C(=O)NC(CC(N)=O)C(=O)NC(CC(=O)O)C(=O)NC1C(=O)NCC(=O)NC(CCCN)C(=O)NC(CC(=O)O)C(=O)NC(C)C(=O)NC(CC(=O)O)C(=O)NCC(=O)NC(CO)C(=O)NC(C(C)CC(=O)O)C(=O)NC(CC(=O)c2ccccc2N)C(=O)OC1C,1,1.7176584629111737,1.8735726297976274,4040.349175350778,-12.700000000000001,3.6250136725037514e+31,85.75911538260038,63.59228121189897,63.59228121189897,54.35180763038238,36.82416615230718,36.82416615230718,27.24872052305859,27.24872052305859,17.862111490159563,17.862111490159563,11.735508462138899,11.735508462138899,94.67553807734244,47.61268346719654,32.50454642339153
O=C(O)COCCN1CCN(C(c2ccccc2)c2ccc(Cl)cc2)CC1,0,2.6870616776272667,1.6288871781572638,715.9663955992833,-1.919999999999999,1515588.7721554625,19.06226716449869,15.259352000638923,16.015280946657377,13.131030293135234,9.196355635859275,9.574320108868504,6.6887052355413985,7.125141016013384,4.850473661122381,5.102449976461866,3.492763809201432,3.6187519668711747,19.83093437247043,9.853602391335345,5.776793002915453
CN1CCN(C(=O)C2C3CCC(O3)C2C(=O)O)CC1,0,2.983454232213554,1.7319507545009374,392.1044554761363,-1.1400000000000001,36028.19330821088,13.568549621822843,11.118427421769255,11.118427421769255,9.07538740046941,6.932837916439515,6.932837916439515,5.8087026804323925,5.8087026804323925,4.6585245956545736,4.6585245956545736,3.5429550898922337,3.5429550898922337,12.871765135404022,4.756465263886079,2.1246957106127424
CCC(CC)CC1(C(=O)Nc2ccccc2SC(=O)C(C)C)CCCCC1,0,2.67730115456078,2.2097110618736626,631.0204482597957,-1.29,907626.5098053409,19.863596551749417,17.345700736021726,18.16219731694945,12.913851226347667,10.536841128635922,11.353337709563647,8.253718155068855,9.300037632990414,5.943658920749719,7.192157074187241,4.022403209634188,4.850489427306332,22.00390652768809,10.307826129704864,5.841000982159836
CCOC(=O)Nc1ccc(NCc2ccc(F)cc2)nc1N,0,2.493458446409328,1.9651802964718126,646.4907487314908,-2.8299999999999996,86712.5109323308,15.94938298937633,12.09734009613739,12.09734009613739,10.57971869811898,6.768058761600034,6.768058761600034,4.454782440645704,4.454782440645704,2.8237768586899765,2.8237768586899765,1.7510804098121067,1.7510804098121067,15.55679651322706,7.256316894851852,4.3379866701310625
CC1(C)CNc2cc(NC(=O)c3cccnc3NCc3ccncc3)ccc21,0,3.013636353184464,1.4973169396035275,1000.8187680613407,-3.4099999999999993,3232800.043333451,19.56226716449869,15.990391735733137,15.990391735733137,13.526806570407933,9.303933783426848,9.303933783426848,7.560508592062233,7.560508592062233,4.988996194366185,4.988996194366185,3.3840917275336917,3.3840917275336917,17.976742994458412,7.306717223612469,3.666519520381034
CON=C(C(=O)N=C1C(=O)C2C(C(=O)[O-])C(C[N+]3(C)CCCC3)CS[C@H]12)c1csc(N)n1,0,3.372561279976983,1.5381306873106892,1000.2581835460089,-2.31,15128126.132967474,23.043241116511,17.853334717503916,19.48632787935937,15.23700120355313,10.395325994046578,12.323733595282132,8.700913201997325,10.765128623057016,6.500547818284272,8.670635631303309,4.997467676827693,7.1394567632971,22.868698716990757,8.909195032546528,4.180546616832221
CCOC(=O)N1CCC(=C2c3ccc(Cl)cc3CCc3cccnc32)CC1,0,2.847642983032509,1.7553254108779224,896.9358326942498,-2.329999999999999,2060941.7419680161,18.802754140504845,15.50273732838046,16.258666274398916,13.169035095596021,9.538469695377792,9.916434168387019,6.977123376220907,7.413559156692892,5.374940955493929,5.610038058281667,4.05722930839606,4.2519295347709765,18.052915404577863,7.729953781795351,3.5865231460805265
CN(CCOc1ccc(NS(C)(=O)=O)cc1)CCc1ccc(NS(C)(=O)=O)cc1,0,2.599771982662198,1.709981800598181,989.1450586689966,-2.2999999999999994,1359743.1414599135,21.493353063746344,16.7521809070102,18.385174068865652,13.499933116870256,8.960167746103746,12.742990822220257,6.871493657045705,10.368404055413203,3.9386808489505105,5.151666993538738,2.5379030815739334,3.666373308800626,22.983595511475453,9.94823455513327,9.638465236464151
Cc1ccc(O)c(C(CCN(C(C)C)C(C)C)c2ccccc2)c1,0,2.540810691939019,2.3226463709782914,625.6731039650489,-1.7999999999999994,195439.15842394935,17.68986996538248,15.659493714458899,15.659493714458899,11.396754605515325,8.999949453908677,8.999949453908677,7.239537108961504,7.239537108961504,4.762944851426802,4.762944851426802,3.5309707003959048,3.5309707003959048,18.537395957193816,8.343088615408353,4.607885943417241
CCN(CC)CCN(Cc1ccc(-c2ccc(C(F)(F)F)cc2)cc1)C(=O)Cn1c(SCc2ccc(F)cc2)nc(=O)c2c1CCC2,1,3.567255414237264,1.3730470416699108,1719.0859702614616,-3.959999999999999,29601602764.99001,33.55346651713189,26.524728187569313,27.34122476849704,22.549395056597223,15.818459231637199,16.804057791290685,11.593826544753123,12.53632518561286,8.581549531664942,9.629092952751481,5.791759830234443,6.758016906711777,34.37661032440187,15.29497606449987,8.695424272268129
COc1cc2c(cc1OC)CN(CCc1ccc(NC(=O)c3cccc4c(=O)c5cccc(OC)c5[nH]c34)cc1)CC2,1,3.028356198996112,1.1384390200618208,1845.4887161081447,-4.8199999999999985,4249348668.870331,29.216603223948425,23.952192184027524,23.952192184027524,20.48222814353547,13.968810682519338,13.968810682519338,10.468188533467655,10.468188533467655,8.020092259379616,8.020092259379616,5.727759249916597,5.727759249916597,27.35478839924,11.581339619223534,5.167791887824382
CCN(CCCOc1ccc2c(Nc3cc(CC(=O)Nc4cccc(F)c4)[nH]n3)ncnc2c1)CCOP(=O)(O)O,0,3.353140227242382,1.2816161366302001,1514.7241611077154,-3.94,1210416854.3062952,29.24406544037339,22.287352694376843,23.18177988537676,19.67998634795845,12.850202344694186,14.380499088034409,9.00003207633544,10.239384867524752,5.946333927812732,6.465257476662584,4.003209767716963,4.322694341245273,30.0285920445343,14.104034416516937,9.586009850401599
Oc1cc(O)c2c(c1)O[C@H](c1cc(O)c(O)c(O)c1)[C@H](O)C2,0,2.442381428153042,2.0282111114280985,717.9062011320593,-2.8000000000000003,84086.30780845293,16.016143379015546,11.262738259787916,11.262738259787916,10.363081100704111,6.5092705098682915,6.5092705098682915,5.15927149770839,5.15927149770839,3.607408847859814,3.607408847859814,2.5381284974242795,2.5381284974242795,14.150516197935207,4.884859921614166,2.2094369175346538
COC1C(OC(=O)C=CC=CC=CC=CC(=O)O)CCC2(CO2)C1C1(C)OC1CC=C(C)C,0,3.665419630902838,1.5915769832586661,873.07128902045,-2.4799999999999995,26914311.310686648,24.06226716449869,19.730683962494467,19.730683962494467,15.714998374133645,11.312160190301878,11.312160190301878,9.179236644951226,9.179236644951226,6.531259855200388,6.531259855200388,4.787302472308604,4.787302472308604,25.14873599215696,10.633164473012956,6.310842872008324
O=C(Nc1ccc([N+](=O)[O-])cc1Cl)c1cc(Cl)ccc1O,0,2.4296129656312075,2.273996755552545,734.1063538201125,-2.309999999999999,42566.81915785876,15.568549621822843,10.339202623547717,11.851060515584626,9.87991785310972,5.620518328836398,6.376447274854853,4.036854155798259,4.880490063010851,2.614913122112615,3.162719233388654,1.598738524457399,1.9928702688535889,15.085980253605854,5.986588537145612,3.4188545451590753
Cn1cc(CNCC2CCN(c3ncc(C(O)=NO)cn3)CC2)c2ccccc21,1,3.0953102735971805,1.266802982323425,990.0788951203155,-3.1299999999999994,6404716.96819853,20.21696770287794,16.491938009136003,16.491938009136003,14.152198343190413,9.874687299420467,9.874687299420467,7.539063094779338,7.539063094779338,5.616443338586642,5.616443338586642,3.9722278573470575,3.9722278573470575,19.197931224008727,8.483427405843628,4.167261672906649
CN1C(C(=O)Nc2ccccn2)C(=O)c2ccccc2S1(=O)=O,0,2.5439508301621827,2.0056812647745166,880.604819303204,-2.58,164390.10264508025,16.612519696192862,12.131821066025868,12.948317646953594,10.92555748620835,6.758873800582507,8.198937129383147,4.988423986061136,6.954349953692902,3.586023939273865,5.466909952245197,2.4169340236765775,3.8932872209965965,15.320853943170725,5.561689577529652,2.5135987788251675
CN(C)CCc1c[nH]c2ccc(CC3COC(=O)N3)cc12,0,3.025871062102797,1.773954929663153,648.0095493167523,-2.01,92019.76486960816,14.819626477379408,12.478888647122005,12.478888647122005,10.114193540729628,7.285241019686729,7.285241019686729,5.890972444772649,5.890972444772649,3.8798782261048097,3.8798782261048097,2.7241814158122843,2.7241814158122843,13.949621190335199,5.773843252852653,3.187054599577715
Nc1ncn(C2OC(CO)C(O)C2O)c(=O)n1,0,2.5654067136030916,2.3196952658217853,463.47391469481545,-1.5500000000000003,7816.79425634862,12.576985790260121,8.670986550251778,8.670986550251778,8.040912557858759,4.874101496834199,4.874101496834199,3.633272892075586,3.633272892075586,2.5367936290276374,2.5367936290276374,1.63972069343959,1.63972069343959,11.921540359013681,4.372750406697864,2.0017705966337545
C#C[C@]1(O)CC[C@H]2[C@@H]3CC=C4CC(=O)CCC4[C@H]3C(=C)C[C@@]21CC,0,2.87871619008392,1.7439885535792061,665.9476248377583,-1.33,379158.58811214316,17.11251969619286,14.683524531780508,14.683524531780508,11.454455788097826,9.539633683744167,9.539633683744167,8.55949690336879,8.55949690336879,7.909719243028395,7.909719243028395,6.833118930207256,6.833118930207256,16.155395908544655,5.332033430414121,1.9122447381812997
Cc1c(-c2ccnn2C)cc(C(=O)NCc2ccc(S(C)(=O)=O)cn2)c(=O)n1-c1cccc(C(F)(F)F)c1,0,3.274085714740201,1.7840535430656486,1691.3940978672267,-4.26,193547943.72446704,27.827698166887174,20.444598726429646,21.26109530735737,17.76889407910888,11.129737593219021,13.021149131277275,8.525885025082268,10.541620599825112,5.876361893302495,6.974158612380179,3.8969167667066276,4.456332202640475,26.79317153094218,9.893249478179902,5.369186155928369
CN1CCC(=C2c3ccccc3CCc3sccc32)CC1,0,2.9089152845168598,1.9134473390644677,685.0968458966253,-1.38,140861.3137374444,14.233840039752504,12.562204188220864,13.37870076914859,10.326499840494925,7.883067832651949,8.762720643906844,6.19642840124796,7.197095468446129,4.8670099335045505,5.84773060539054,3.6517994720627254,4.537173647920095,13.29453510543239,5.432798172742178,2.3664491518545576
COc1cc(C(=O)OCCCCN=C(N)N)cc(OC)c1O,0,2.4991416504528456,2.5677840276056996,516.275001160453,-2.64,60479.22794095887,16.535169427003233,12.665248554360064,12.665248554360064,10.489600962842506,6.6671604655359396,6.6671604655359396,4.37898577374577,4.37898577374577,2.7954932315660996,2.7954932315660996,1.681552905430373,1.681552905430373,17.411652892561982,8.603469434465465,5.040954587983287
CC1(c2nc3c(C(N)=O)cccc3[nH]2)CCCN1,0,2.9423909666396653,2.1636631747285513,610.4788115036213,-1.8799999999999997,21508.87796613595,12.75071237662706,10.286183306281968,10.286183306281968,8.59997219694379,6.141136592369543,6.141136592369543,5.013838323815371,5.013838323815371,3.669528654337503,3.669528654337503,2.5890363613393594,2.5890363613393594,11.224118240428053,3.81233057269293,1.5881981089072068
N#Cc1ccc(C(c2ccc(C#N)cc2)n2cncn2)cc1,0,3.10385470544475,2.0705579702617833,776.560109916363,-3.4399999999999995,206195.27579210562,15.363596551749426,11.586920938585678,11.586920938585678,10.813193047939453,6.658292723517229,6.658292723517229,4.7456528568404375,4.7456528568404375,3.412195966696496,3.412195966696496,2.328517845180425,2.328517845180425,13.538818755772231,5.903761033825297,2.561928186798976
CC(Cn1cnc2c(N)ncnc21)OCP(=O)(O)O,0,2.7075893984091017,2.092231413594251,624.0975350815042,-1.54,17986.516373631664,14.043605595440512,10.170606388559033,11.065033579558948,8.865991962219567,5.440903557095924,7.238507460799709,4.099121670094668,5.6866889451092995,2.410569466024673,2.8959900275394546,1.5864063691955654,2.035078218312849,13.881631380079797,5.217323238887101,3.477354604015877
NCCS,0,1.3709505944546687,1.9747448713915894,8.0,0.31,6.854752972273344,3.414213562373095,2.4387774270626785,3.3332046180625943,1.914213562373095,1.224476056480701,1.8569315885143767,0.5122819323447918,0.9594955278447497,0.12909944487358055,0.38729833462074165,0.0,0.0,4.309999999999998,3.3099999999999983,2.309999999999998
N=C(N)c1ccc(OCCCCCOc2ccc(C(=N)N)cc2)cc1,0,2.613656311659486,1.5702297558849352,634.8689612708595,-3.0199999999999996,399575.77692650224,18.07070333293597,14.125533178756726,14.125533178756726,12.058550648063802,8.20568323893495,8.20568323893495,5.633688656008782,5.633688656008782,3.656773633650302,3.656773633650302,2.2223793461845025,2.2223793461845025,18.32055420348871,9.31822503861814,6.176725336147323
COc1ccc(C=CC(=O)CC(=O)/C=C/c2ccc(OC)c(OC)c2)cc1OC,1,2.7514152460571135,1.9744695656768392,851.4604574918685,-3.5399999999999996,2593475.756687697,21.22540387131522,16.930099215865987,16.930099215865987,13.998263558141646,8.862279762904679,8.862279762904679,6.004910510051224,6.004910510051224,4.087006961299173,4.087006961299173,2.5808789944428363,2.5808789944428363,21.75662994785552,10.706191461888853,6.242190808115945
CCCC(CCC)C(=O)O,0,1.8734431194664496,3.6095780526829477,93.43071362054202,-0.53,134.88790460158438,7.983127663125442,6.7612392798996375,6.7612392798996375,4.718744015013407,3.947116220877545,3.947116220877545,2.612511362237168,2.612511362237168,1.6235145467500236,1.6235145467500236,1.0882115674274204,1.0882115674274204,9.47,5.270170381876186,3.4868174048208713
Cc1ccn(-c2cc(Cl)ccc2C(Oc2cc(-c3ccc(CC(N)C(=O)O)cc3)nc(N)n2)C(F)(F)F)n1,0,3.2800456978236494,1.684314671231391,1459.726740641912,-4.159999999999999,214610779.0922259,27.61215521726335,19.85443300030574,20.61036194632419,17.90090580660422,11.181921337520844,11.559885810530073,8.439729562870747,8.876165343342729,5.522526718793278,5.757623821581016,3.717456173717429,3.8837997287587247,26.890409022907406,10.677226295350616,6.208595080360413
Nc1nc(OCc2cc(Br)cs2)c2[nH]cnc2n1,0,2.9406932530301195,1.8749109290158512,694.4524452923746,-1.6700000000000002,23801.971190025786,12.535169427003234,9.052609698381879,11.45510281842431,8.720346690612274,5.0447698640232,6.717420944835448,3.5080138686176605,5.4194713131907095,2.2426472549874976,3.913773255931946,1.4960959183962668,2.858294735746812,11.422089649390202,4.540804638719549,2.160522942238544
O=C(NCC1CCCCN1)c1cc(OCC(F)(F)F)ccc1OCC(F)(F)F,0,2.623560874178439,2.106626262239118,657.2732946561475,-2.17,927019.4935257063,20.786246282559798,14.751680254511289,14.751680254511289,13.033606621681471,8.581035273521321,8.581035273521321,6.322525627729658,6.322525627729658,3.910882329270227,3.910882329270227,2.6362734967846984,2.6362734967846984,22.12261696447685,9.351688303824279,7.829161513005718
OC(CCN1CCCCC1)(c1ccccc1)c1ccccc1,0,2.619564333026622,1.8293200780251841,521.2758199606815,-1.6399999999999997,170166.89907340935,15.252866087740191,13.11767735120201,13.11767735120201,10.788641693029941,8.347210691439683,8.347210691439683,6.244625837200243,6.244625837200243,4.741218313320449,4.741218313320449,3.386012198983948,3.386012198983948,15.263174913034714,7.0802268431001885,3.3967986437228475
N=C(N)NN=Cc1c(Cl)cccc1Cl,1,2.0945496176089087,2.852449542581252,355.35407060169507,-1.2599999999999993,1206.4605797427314,10.55204176387779,7.089893887466541,8.60175177950345,6.609060905280622,3.681137365552286,4.4370663115707405,2.4190112422104044,3.2334114956916156,1.3783595230221073,2.0375359651021983,0.8004113717198128,1.295446060480467,10.818492935635792,4.832432008838529,2.9012357611715216
CN1CCC(=C2c3ccccc3C=Cc3ccccc32)CC1,0,2.7277421979676606,1.9631480815500688,705.4815373524832,-2.119999999999999,214727.86582401424,14.940946820939052,13.04914341214241,13.04914341214241,10.826499840494925,8.102160049622393,8.102160049622393,6.289663546508975,6.289663546508975,4.846861124118005,4.846861124118005,3.584014256986162,3.584014256986162,13.53656022299379,5.583074218125634,2.3181268273363704
CC(C)n1c(=O)cc(N[C@@H](C)c2ccccc2)[nH]c1=O,0,2.379322725880754,2.2760057623374745,655.0050808108507,-2.3,28494.76896514791,14.698306133819765,11.882512329944692,11.882512329944692,9.486071002992366,6.66109572418207,6.66109572418207,5.066862277903066,5.066862277903066,3.1536262048791146,3.1536262048791146,2.1296556856186672,2.1296556856186672,14.116368783779917,5.774219023972843,2.9872702938301816
CC(C)(C(=O)O)c1ccc(C(O)CCCN2CCC(C(O)(c3ccccc3)c3ccccc3)CC2)cc1,0,2.935709098327761,1.3110460793887624,1096.9251995589377,-2.989999999999999,195844207.0869072,26.468044558434492,21.884454447803545,21.884454447803545,17.724235880370358,13.30304947920262,13.30304947920262,10.82453399900071,10.82453399900071,8.109897200572073,8.109897200572073,5.517229509408694,5.517229509408694,27.055745831636234,11.594940331257959,5.955035570194022
CC12C=CC(=O)C=C1CCC1C3CC(O)C(O)(C(=O)CO)C3(C)CC(O)C12F,0,2.842931476530693,1.8376918794672796,806.7175206902477,-1.4100000000000001,1500075.6365228966,20.698306133819763,16.06030122619691,16.06030122619691,12.963233394208578,9.823183947290062,9.823183947290062,9.363901079600783,9.363901079600783,8.430020092241927,8.430020092241927,6.849398283806812,6.849398283806812,19.88698649368336,5.813749131185201,2.006131874526369
Nc1nc(=O)c2c([nH]1)NCC(CNc1ccc(C(=O)NC(CCC(=O)O)C(=O)O)cc1)N2C=O,1,2.7926826526212283,1.6167861257976965,1148.9497925506867,-4.620000000000001,26473804.91278407,24.827698166887178,17.777325112582346,17.777325112582346,16.188779603399603,10.159428261569229,10.159428261569229,7.453156888274849,7.453156888274849,5.133263383137812,5.133263383137812,3.4039360821221467,3.4039360821221467,24.030936463775323,10.331188737541911,5.5905539764341805
Nc1ccccc1NC(=O)c1ccc(CNc2nccc(-c3cccnc3)n2)cc1,0,2.8016874872087927,1.3837538013025015,1145.713731641191,-4.26,9771299.761388771,20.760937777247953,16.117249895994675,16.117249895994675,14.686673185801062,9.410066001524697,9.410066001524697,6.59903972677601,6.59903972677601,4.488622196654966,4.488622196654966,2.8793358111424094,2.8793358111424094,19.073676195623275,8.828875628170932,4.585733230393291
NC(=O)/C(=C/n1cnc(-c2cc(C(F)(F)F)cc(C(F)(F)F)c2)n1)c1cncnc1,1,3.1344507537318633,2.064164736679593,1071.6666693951493,-3.769999999999999,3709960.987723063,22.10408352775557,14.60825552872565,14.60825552872565,13.94752687406296,7.92937473393783,7.92937473393783,5.876922337825313,5.876922337825313,3.7527910952284893,3.7527910952284893,2.4042061762959066,2.4042061762959066,20.95130288509861,7.571644239469456,4.614651424072897
CCC1C(=O)N(C)c2cnc(Nc3ccc(C(=O)NC4CCN(C)CC4)cc3OC)nc2N1C1CCCC1,1,3.4619111225168075,1.3751490134613775,1175.0323748374883,-3.4000000000000004,527411995.3443799,26.81082583001261,22.86622576389768,22.86622576389768,18.388580448408856,13.766148413937493,13.766148413937493,10.660381752715919,10.660381752715919,8.176123700406778,8.176123700406778,5.921149623901018,5.921149623901018,26.21682192810546,11.1465794303837,5.137663190323479
CCCSc1nc(NC2CC2c2ccc(F)c(F)c2)c2nnn(C3CC(OCCO)C(O)C3O)c2n1,0,3.4146552684583735,1.4251181415430771,1232.7772284886767,-2.45,182508249.92137113,25.396612267639522,19.58892740077176,20.405423981699485,17.40541720081447,11.966423786862041,12.95202234651553,9.093131620207597,10.155203416936383,6.559043052815101,7.612188564093107,4.613211335680029,5.306764580043272,25.210103439532904,10.499813703242511,4.896189164370981
C[C@]12CCC(=O)C=C1CC[C@@H]1C2C(=O)C[C@@]2(C)[C@H]1CC[C@]2(O)C(=O)CO,0,2.86203587147837,1.7481728292749805,723.9130815015496,-1.3300000000000003,715692.1381653671,18.90541291500631,15.585427388642392,15.585427388642392,12.170504622625403,9.803619654183985,9.803619654183985,9.380845364107817,9.380845364107817,8.41149293787658,8.41149293787658,6.976356761966988,6.976356761966988,18.052915404577853,5.58503239376501,2.0724999742533408
CNC(=O)c1cc(Oc2ccc(NC(=O)Nc3ccc(Cl)c(C(F)(F)F)c3)cc2)ccn1,0,2.7503505136395074,1.6244376001208218,1137.8789445127009,-3.7899999999999987,9882757.49084646,23.30275414050484,16.457319050824715,17.21324799684317,15.151216908830305,9.062991028319596,9.440955501328824,6.353856509713334,6.76105663645394,4.068618814162424,4.398207035202469,2.5829877408339534,2.807679149370679,22.885411148770917,9.563603314484585,5.883370444382855
CCCc1cc(=O)[nH]c(=S)[nH]1,1,1.8467910438952897,3.088124235677758,310.53407724797967,-0.9000000000000001,271.47828345260757,8.267584713501616,6.3080604124904465,7.124556993418173,5.21954535281284,3.5462587314333103,3.9545070218971734,2.362950890466443,2.771199180930306,1.3354817961793313,1.5396059414112628,0.9233917778266715,1.1550783583397994,8.199009900990099,3.4791154361633936,2.3073839344097378
Cc1[nH]c(=O)c(C#N)cc1-c1ccc2nccn2c1,0,2.8580283775323254,2.257281714118464,867.0187287900856,-2.8699999999999997,36002.583471774706,13.405412915006313,10.213990692101495,10.213990692101495,9.185871848001627,5.759583547364085,5.759583547364085,4.27310077993021,4.27310077993021,3.0585431564038945,3.0585431564038945,2.0853280398209435,2.0853280398209435,11.23353946143088,4.104154149065081,1.7940509378622371
O=C1C(O)c2c(O)cc(O)cc2OC1c1cc(O)c(O)c(O)c1,0,2.467837172877658,2.108911848958165,790.3595551112803,-3.13,126896.18742936917,16.886386867018622,11.463879769065231,11.463879769065231,10.790601455632679,6.484285044494192,6.484285044494192,5.087266103194735,5.087266103194735,3.5459184274954003,3.5459184274954003,2.4498257447646328,2.4498257447646328,14.792585950274818,4.95583810291641,2.2486268250553363
Cc1[nH]c(=O)c(C#N)cc1-c1ccncc1,0,2.302740772028525,2.6779762114178998,608.3963789326034,-2.4099999999999997,5314.725701841836,11.543605595440512,8.68942682741191,8.68942682741191,7.7195453528128395,4.765495927522151,4.765495927522151,3.3985041106887244,3.3985041106887244,2.350114110804131,2.350114110804131,1.5374629493694867,1.5374629493694867,10.11952978863437,3.98914579166648,1.7075442037466497
CC1(O)CC(c2nc(-c3ccc4ccc(-c5ccccc5)nc4c3)c3c(N)nccn23)C1,1,3.1783543118149336,1.5014200071286903,1464.4193195788625,-3.769999999999999,30635279.985794082,21.871668241257193,17.73318530852765,17.73318530852765,15.483096364464652,10.79894020288989,10.79894020288989,8.921810947378106,8.921810947378106,6.382896470819112,6.382896470819112,4.794934067449616,4.794934067449616,18.955946673025224,6.867587015618814,3.030217978176012
COCc1c(-c2ccc(NC(=O)Nc3cc(C(F)(F)F)ccc3F)c(F)c2)c2c(N)ncnn2c1CN1CCOCC1,1,3.2492521735733493,1.462906203262005,1620.193651886649,-4.339999999999998,2173653409.2831545,30.017932611199157,22.264864459073838,22.264864459073838,20.06190051135326,12.7310601520046,12.7310601520046,9.49360468592407,9.49360468592407,6.774553057608094,6.774553057608094,4.810220677748442,4.810220677748442,29.162631203517773,11.873379723012825,5.976981716278828
Cc1c(O)cccc1C(=O)NC(CSc1ccccc1)C(O)CN1CC2CCCCC2CC1C(=O)NC(C)(C)C,0,2.9115844355635314,1.5359247976445245,1152.5947105502235,-2.55,556232048.7398436,28.86323207281991,24.22879340684898,25.045289987776705,19.013859007760406,14.529963187051171,15.515561746704659,12.470328870492498,13.56374185921168,8.228258886041397,9.359541169413848,6.0617031536814165,7.088778945006789,30.409538932375426,13.407906745472761,8.015265495682277
C[C@]12CC[C@@H](O)C[C@@H]1CC[C@@H]1[C@@H]2CC[C@]2(C)C(=O)CC[C@@H]12,0,2.756935567914876,1.6375393766570925,458.4827066363416,-0.37,85969.52181428958,14.828062645816686,13.606174262590882,13.606174262590882,9.949160848322624,9.163413310457061,9.163413310457061,9.003127504939814,9.003127504939814,8.347077650797933,8.347077650797933,7.00647703735406,7.00647703735406,14.236799994770557,4.565586686358275,1.837078375399089
NCCc1c[nH]cn1,0,2.185861034641033,2.500248651523409,133.39382807919944,-0.8300000000000001,107.10719069741063,5.819990956308912,4.593477965441931,4.593477965441931,3.931851652578137,2.6096327723387156,2.6096327723387156,1.5992157314199782,1.5992157314199782,0.9553316757101956,0.9553316757101956,0.5755096715382424,0.5755096715382424,5.309470013947001,2.470712071659608,1.0691139139648633
CC(N)C(=O)NC(Cc1ccc2ccccc2c1)C(=O)NC(Cc1c[nH]c2ccccc12)C(=O)NC(Cc1ccccc1)C(=O)NC(CCCCN)C(N)=O,0,3.589185107999669,1.44459705173953,2099.643450061175,-6.049999999999999,1346751794506.5784,39.32105123063349,30.924745650365793,30.924745650365793,26.51527944389452,18.5507255805343,18.5507255805343,13.859169185542482,13.859169185542482,9.554669732893945,9.554669732893945,6.497958062502981,6.497958062502981,40.14190605993325,19.32784561960757,11.229740092135742
O=c1[nH]c(=O)n(C2CC(O)C(CO)O2)cc1C(F)(F)F,0,2.681786432576331,2.4347714655785477,608.136231139739,-1.6500000000000001,24479.34655655675,15.076985790260121,9.923893716050744,9.923893716050744,9.23540067085834,5.607784093096772,5.607784093096772,4.321889099238477,4.321889099238477,2.9675475310503603,2.9675475310503603,1.951402944131311,1.951402944131311,14.752753573837042,5.0352101647717875,2.619411802702414
COCC1=C(C(=O)OC(C)OC(=O)OC(C)C)N2C(=O)C(=NC(=O)C(NOC)c3csc(N)n3)[C@H]2SC1,0,3.250325231218185,1.787294670615103,1119.6389469514086,-3.0500000000000003,96190576.68787812,27.275291924079873,20.710687159113217,22.34368032096867,17.564988363311915,10.930523531753655,12.858931132989207,7.931965371340572,9.890175577363726,4.825377884053157,6.7824452853994925,3.370201491035571,5.199308959715902,28.520217095680334,12.463098865144822,6.639084322435204
Cc1ccccc1N1C(=O)c2cc(S(N)(=O)=O)c(Cl)cc2NC1C,1,2.4693561527938965,2.1674137972904455,943.5789765253191,-2.0899999999999994,186246.24911217406,17.64589989101247,13.076973383881645,14.649398910827827,11.197395868397557,7.219754817297764,9.144038768228553,5.655175588176432,7.59222065722104,3.954464433252244,5.330041933890188,2.8147754261743008,3.9138988689801955,16.756807901021556,5.767518337625222,2.7469333598937364
CC1CC2C3CC=C4CC(=O)C=CC4(C)C3(F)C(O)CC2(C)C1(O)C(=O)COP(=O)(O)O,0,2.886811544966759,1.7514308870466735,972.9776316569938,-1.2200000000000004,6987743.855457913,23.90541291500631,18.324011402624585,19.2184385936245,14.609680003615303,10.853057613442934,12.383354356783157,10.352585268531243,11.591938059720555,8.974788196127967,9.440237004016346,7.29965939154487,7.585088423158533,23.922067520798564,7.139159898774227,2.9492798307275
CCC(C)C(=O)OC1CCC=C2C=CC(C)C(CCC3CC(O)CC(=O)O3)C21,0,2.656665103507664,1.69885904624693,636.9039408415775,-1.62,1710815.283370934,20.25878406613483,17.303456917557504,17.303456917557504,13.384249150759294,10.848814230381816,10.848814230381816,8.756848483166017,8.756848483166017,6.685136516360019,6.685136516360019,4.802377467895893,4.802377467895893,21.097609250477134,9.251803306920067,4.8572642018462595
CNC(=O)C(Cc1c[nH]c2ccccc12)NC(=O)C(CC(O)=NO)CC(C)C,1,3.082818637938188,2.1946017269109803,843.5981951201057,-3.0300000000000002,1592738.2492907648,20.681433796945207,16.398259864504254,16.398259864504254,13.349774308148644,9.320988309548765,9.320988309548765,7.285870881736678,7.285870881736678,4.649455219270713,4.649455219270713,3.306806096057265,3.306806096057265,21.272116908983424,9.774828553495254,5.4824582597970455
O=c1ccn([C@@H]2O[C@H](COP(=O)(O)OP(=O)(O)OP(=O)(O)O)[C@@H](O)[C@H]2O)c(=O)[nH]1,0,2.7759570069283113,2.0560435528727,997.2365986480128,-1.0300000000000002,889963.4885501958,22.198306133819763,13.817578965498654,16.5008605384984,13.101572729638585,7.215580547660786,11.736767521021669,5.450447855261548,9.870418264048402,3.280376143052305,7.0829960594152155,2.195296800915788,5.225179127203662,24.241381640679318,8.607476352080825,6.734406572700874
N=C(N)NCCCC(N)C(=O)NC(CCCN=C(N)N)C(=O)N1CCCC1C(=O)N1C[C@H](O)CC1C(=O)NCC(=O)NC(Cc1cccs1)C(=O)NC(CO)C(=O)N1Cc2ccccc2CC1C(=O)N1C(C(=O)NC(CCCN=C(N)N)C(=O)O)C[C@@H]2CCCC[C@@H]21,0,1.5626497393718142,1.0192142494142469,3037.349466855263,-8.69,1.138703408634733e+22,66.75947986152987,51.41997303281985,52.23646961374757,43.94861530961901,31.225182946658705,32.1048357579136,23.96177359856504,24.994018780926794,17.468877756676278,18.367594220737153,12.915524441370613,13.667478298426353,70.76233563316596,33.57495873190623,18.960355928604418
CCOC(=O)C(CCc1ccccc1)NC(C)C(=O)N1C(=O)N(C)CC1C(=O)O,0,2.9987710666322935,2.0944532101201143,753.8432470057089,-2.9400000000000004,2285735.277492733,21.551677284948287,16.830111517082386,16.830111517082386,13.756126613022033,9.533929600412542,9.533929600412542,6.942634569770136,6.942634569770136,4.77083301894267,4.77083301894267,3.2222176455168667,3.2222176455168667,22.35017665705784,10.014626224212728,5.536618312576477
CCOc1cc(N)c(Cl)cc1C(=O)NCC1CN(Cc2ccc(F)cc2)CCO1,0,2.708475759783875,1.5698754221804123,847.8101173590801,-2.349999999999999,3164084.718191679,20.80275414050484,16.289330253546296,17.04525919956475,13.956728795830724,9.54340161242955,9.921366085438779,6.867298879252656,7.274499005993263,4.675987224462109,5.003314059816097,3.2187793453106774,3.3824427629876723,21.361055069762344,9.913678561944128,5.819841458183114
O=c1c(OC2OC(CO)C(O)C(O)C2O)c(-c2ccc(O)c(O)c2)oc2cc(O)cc(O)c12,0,2.764681286638087,1.9090272550053897,1250.2041776678584,-3.55,19075457.650010377,24.024215068523315,16.691311398937927,16.691311398937927,15.61629995832817,9.643171022261546,9.643171022261546,7.446087706562975,7.446087706562975,5.237715077137575,5.237715077137575,3.510900786488374,3.510900786488374,22.637081702085222,8.422569962507893,3.8987838393058705
O=C(NCCO[N+](=O)[O-])c1cccnc1,0,2.2489215122875863,2.282270098685993,340.9998353379908,-2.1799999999999997,2437.8309193197438,11.096011838247808,7.751034991986968,7.751034991986968,7.198377302757662,4.1544899432758,4.1544899432758,2.5544316279156334,2.5544316279156334,1.5080411868293848,1.5080411868293848,0.8838766938102657,0.8838766938102657,10.898003120124804,5.529158500897423,4.028918378975259
CN1CCCC1CCOC(C)(c1ccccc1)c1ccc(Cl)cc1,0,3.0106700482585884,1.7824946153031798,642.6481375315341,-1.3499999999999996,408006.0049400039,16.993353063746344,14.542462956802048,15.298391902820503,11.593172145670254,8.751969156091917,9.129933629101146,6.819963237005305,7.25639901747729,5.233065452892165,5.485041768231651,3.6005427914898576,3.7265309491596,17.47230332155244,7.689383736353432,3.826164180769678
O[C@@H]1CO[C@H]2[C@@H]1OC[C@@H]2O,0,2.4051093182441856,2.0917705580984776,121.70950594454669,-0.16,339.12041387243016,7.1378282015046945,5.434538411059241,5.434538411059241,4.787693700234703,3.3816491504027066,3.3816491504027066,2.7305931895393494,2.7305931895393494,2.001137398110427,2.001137398110427,1.4588053397393717,1.4588053397393717,6.543966449258588,2.1655790225487195,0.7689940828402367
CCC1(c2ccc(N)cc2)CCC(=O)NC1=O,0,2.3140439639977997,2.4005476754790247,452.99219610032947,-1.8399999999999996,7340.147453801021,12.466255326250886,9.824568270435499,9.824568270435499,8.08135267237864,5.786057583070964,5.786057583070964,4.434969120149907,4.434969120149907,3.5332573379564143,3.5332573379564143,2.368261245687123,2.368261245687123,11.639732379178513,4.201275601947283,1.9041508873888484
Cc1ncc([N+](=O)[O-])n1CCOC(=O)c1ccccc1,0,2.812127705265356,1.9532637032928357,621.8014355671595,-2.6999999999999993,41023.31896441102,14.535169427003234,10.852949125866179,10.852949125866179,9.592224152875014,5.980284380610473,5.980284380610473,4.074303717600177,4.074303717600177,2.7786302557492233,2.7786302557492233,1.7655655845793734,1.7655655845793734,13.725214249455043,5.9611414019903455,2.998875672152519
CCc1ccc(C(=O)COc2ccc(Cc3sc(=O)[nH]c3O)cc2)nc1,0,2.975773485709981,1.572995410380745,942.9205104409825,-2.9299999999999997,955913.6683615886,18.518297090128673,14.190192580742394,15.00668916167012,12.546045193307766,8.156754631724924,8.97325121265265,5.72412238195233,6.791836618909604,3.877116705917993,4.74866055722753,2.3822606726430977,3.140299412830159,17.879015172355857,7.966358978649487,4.369916912307498
CCCCOc1nc(N)c2c(n1)N(Cc1cccc(CN3CCCC3)c1)CC(=O)N2,1,3.2232479709523982,1.537878101297669,897.1916506396852,-2.8699999999999997,9498441.176192958,20.924074484064487,17.563170120741166,17.563170120741166,14.618524838379198,10.773905536499859,10.773905536499859,7.999487518063804,7.999487518063804,5.494554140657801,5.494554140657801,3.9697433385100624,3.9697433385100624,20.404706386276793,9.296970837104123,4.81427780597673
C=C[C@]1(C)C[C@@H](OC(=O)CSC(C)(C)CNC(=O)C(N)C(C)C)[C@]2(C)[C@H](C)CC[C@]3(CCC(=O)[C@H]32)[C@@H](C)[C@@H]1O,1,3.236855702080925,1.8198713596873894,968.6259424826223,-1.3800000000000001,158291180.79035068,29.55167728494828,25.34146172001828,26.157958300946007,17.947701721602073,14.660292904553474,15.645891464206963,14.100290086284698,15.782812070996863,10.865582331816197,12.171434141228081,7.719998264071722,8.470858839488903,32.13856850070623,11.479390789050159,5.849733865719533
COc1ccc(-c2ccc3cc(C(=O)O)ccc3c2)cc1C12CC3CC(CC(C3)C1)C2,1,2.767004788431164,1.4279429813022038,1156.7976717268523,-2.809999999999999,19101480.758005586,21.164561460070644,17.93455409382248,17.93455409382248,15.025938349478755,11.489099779770049,11.489099779770049,10.194809836671546,10.194809836671546,8.229592207426515,8.229592207426515,7.300830263676266,7.300830263676266,18.919035243230137,6.847083289017121,3.051724841555359
O=C(CCc1ccc(O)cc1)c1c(O)cc(O)cc1OC1OC(CO)C(O)C(O)C1O,0,2.728237774711438,1.818087176457995,911.1216231276836,-2.89,6250327.264157312,22.706377823327536,16.327413344536826,16.327413344536826,14.705616355805212,9.551756048567585,9.551756048567585,7.242783189688079,7.242783189688079,5.01360620583938,5.01360620583938,3.2951756043551237,3.2951756043551237,22.78758857398881,9.498808794567239,5.061988942339341
CN(C)CCCN1c2ccccc2Sc2ccc(Cl)cc21,0,2.464688558179496,1.9437632658356148,642.4372765270094,-1.1599999999999997,72649.15994089883,14.819626477379408,12.343412182360032,13.915837709306214,10.147867045540844,7.136710986404238,8.331172040341192,5.490300683775358,7.010513420734169,3.574794941917979,4.940160423539641,2.5884116965055552,3.8308620729095892,14.763801473252023,6.304372410382191,3.203270439286252
O=C1NCC2(CCN(CCc3ccccc3)CC2)O1,0,2.806937066630681,1.469552772231827,438.7186131957873,-1.55,38578.54304377208,13.131545744180547,11.100208990681649,11.100208990681649,9.257550155273625,6.989506289235636,6.989506289235636,5.5033249898200856,5.5033249898200856,4.19092297028145,4.19092297028145,2.8969456374562643,2.8969456374562643,12.482110546454225,5.211205171847472,2.8941640458290228
CCOc1ccc(NC(C)=O)cc1,1,2.077783779457521,2.635972640607562,279.48114931490306,-1.5100000000000002,831.1135117830083,9.681798275874712,7.833004438872777,7.833004438872777,6.21954535281284,4.2253974112911425,4.2253974112911425,2.638576314730446,2.638576314730446,1.485689113850501,1.485689113850501,1.0044240931795203,1.0044240931795203,9.577032201914708,4.499571342364573,3.15128754635011
CN(C)CCC[C@]1(c2ccc(F)cc2)OCc2cc(C#N)ccc21,1,2.939911705364029,2.018403095211889,764.1985832338869,-2.2199999999999998,348132.58450238686,17.156489770562878,14.05051896354658,14.05051896354658,11.547679167567427,8.132551129043144,8.132551129043144,6.513142221613115,6.513142221613115,4.5881904390397406,4.5881904390397406,3.40870910235363,3.40870910235363,16.631264146178772,6.721078415843811,3.0558017290424
CCCCC(=O)N(Cc1ccc(-c2ccccc2-c2nn[nH]n2)cc1)C(C(=O)O)C(C)C,0,3.31644697156887,1.8705600872018624,1032.0529522380773,-3.5500000000000003,17315554.34640977,23.087211190881025,18.65449437506997,18.65449437506997,15.417922655570507,10.863955775643774,10.863955775643774,8.130202648093844,8.130202648093844,5.415985359639195,5.415985359639195,3.7837594966894708,3.7837594966894708,23.12024193744085,10.65708212114023,5.3761745071749605
C=c1c(N)c(O)c2c(c1O)N1C[C@@H]3N[C@@H]3[C@]1(OC)C=2COC(N)=O,1,3.1569098510360876,2.0472770776289915,885.0762098384964,-2.6500000000000004,387390.7216403404,17.386386867018626,12.997107078209611,12.997107078209611,11.340276933485196,7.412014895729034,7.412014895729034,6.161313879682525,6.161313879682525,5.12674580282503,5.12674580282503,4.0126511955765185,4.0126511955765185,14.911755541407187,4.456309280641704,1.5256746235472702
Cc1c(C(=O)Nc2ccc(N3CC(C)OC(C)C3)nc2)cccc1-c1ccc(OC(F)(F)F)cc1,1,2.785004042815932,1.471020778657236,1171.1866679083055,-3.5899999999999985,49702296.149710245,25.164561460070644,19.595482274067802,19.595482274067802,16.58633865283184,11.224531680608427,11.224531680608427,8.571811092386024,8.571811092386024,5.726661651385403,5.726661651385403,4.240970882251313,4.240970882251313,24.53191388170801,9.952020488098299,6.104405587744473
CC(C)CC1C(=O)OC(Cc2ccc(N3CCOCC3)cc2)C(=O)N(C)C(CC(C)C)C(=O)OC(C)C(=O)N(C)C(CC(C)C)C(=O)OC(Cc2ccc(N3CCOCC3)cc2)C(=O)N(C)C(CC(C)C)C(=O)OC(C)C(=O)N1C,1,3.4386743965237416,1.5873106840389062,2221.9857432936924,-6.280000000000001,5.7426246492110856e+16,59.11949794891205,49.84525795989797,49.84525795989797,37.76565121701536,28.490428978871947,28.490428978871947,23.32723041833846,23.32723041833846,14.943950018110206,14.943950018110206,10.23764041838948,10.23764041838948,64.5397803641561,29.969022510242155,17.859220427171554
Cc1cc2c(cc1CC(=O)c1sccc1S(=O)(=O)Nc1onc(C)c1Cl)OCO2,0,3.3877181939080048,1.6034501675879616,1215.1645268355699,-2.56,4474769.207969205,20.75878406613483,15.314779031351689,17.703701139225593,13.758857377976813,8.40423388712559,11.145014418984106,6.362472180035736,9.307376857126181,4.371946408251675,7.275108955541863,2.840788642400051,5.399146151972995,19.743314035916825,7.359407731600874,3.7027970377604174
C[C@H]1CO[C@@H]2Cn3cc(C(=O)NCc4ccc(F)cc4F)c(=O)c(O)c3C(=O)N12,0,3.042187926282394,1.6227527639597001,1084.244784360501,-3.2700000000000005,3765136.5072720684,20.86951453014407,15.31598485307118,15.31598485307118,13.773764703227078,8.904021769814907,8.904021769814907,6.989310511480394,6.989310511480394,5.06019576790691,5.06019576790691,3.572722494713858,3.572722494713858,19.06412017185581,6.960201238731293,3.1458292837134656
NC(Cc1c[nH]c2ccc(O)cc12)C(=O)O,0,2.6072759716511253,2.3748399614529796,533.0092387418979,-2.01,5230.195599132157,11.706742302257043,8.473883877788083,8.473883877788083,7.575387400469406,4.850532030619385,4.850532030619385,3.692655154169894,3.692655154169894,2.508030274827209,2.508030274827209,1.6595105067001028,1.6595105067001028,10.505887620877782,3.861864738219716,1.8484545263894456
CC1CCOC2Cn3cc(C(=O)NCc4ccc(F)cc4F)c(=O)c(O)c3C(=O)N12,0,2.6925084236426877,1.6262944039777585,1100.5800175634024,-3.2700000000000005,5218845.997411843,21.576621311330616,16.023091634257728,16.023091634257728,14.273764703227078,9.404021769814905,9.404021769814905,7.315443124640471,7.315443124640471,5.376245296989223,5.376245296989223,3.7558092459071637,3.7558092459071637,20.021135863538753,7.524638081678996,3.323597156678507
CCOc1nc2cccc(C(=O)OCc3oc(=O)oc3C)c2n1Cc1ccc(-c2ccccc2-c2nc(=O)o[nH]2)cc1,0,3.6791017111587894,1.3179781903778611,2009.4141743238727,-5.6499999999999995,4995997802.995434,29.21660322394842,22.579800414856308,22.579800414856308,20.4062185386139,13.037532391722518,13.037532391722518,9.269409480473078,9.269409480473078,6.620903847477233,6.620903847477233,4.6878586288950395,4.6878586288950395,26.56637041271828,11.081888259874106,5.123818460776073
CC(C)(C)C(=O)Oc1ccc(S(=O)(=O)Nc2ccccc2C(=O)NCC(=O)O)cc1,0,2.6559126339623833,2.20335025940785,1055.30772359209,-3.4,2161997.8732496668,22.52673325856595,16.630860563450558,17.447357144378284,13.897702598310566,8.841633403128926,10.324796650723316,7.338422793312771,9.020825034722286,3.7731378569052176,5.1545477658327465,2.1718873493229722,3.251639191474833,22.884604074774206,8.95207100591716,6.047072946825789
COc1cc2c(cc1OC)C13CCN4CC5=CCOC6CC(=O)N2C1C6C5CC43,0,3.1962931227767815,1.521933594875605,973.8696754699489,-2.05,11623844.133049902,19.49083487370371,16.888863193491662,16.888863193491662,14.16820031623172,10.802367729035584,10.802367729035584,9.484052939305618,9.484052939305618,8.814850776708308,8.814850776708308,7.871287979287986,7.871287979287986,16.71562640318135,5.3498680246166375,1.7605360828948988
C[C@]1(COc2ccc(N3CCC(Oc4ccc(OC(F)(F)F)cc4)CC3)cc2)Cn2cc([N+](=O)[O-])nc2O1,0,3.3968283004950095,1.073104931958255,1248.2457793558622,-4.16,335662724.51780474,26.915638315627202,20.388380922826233,20.388380922826233,18.050376490957333,11.961146430914358,11.961146430914358,9.424696878726209,9.424696878726209,6.3048311636479495,6.3048311636479495,4.489840829286305,4.489840829286305,25.48792002824846,9.951595109511814,6.034547259138623
Cc1ncc([N+](=O)[O-])n1CCO,1,2.3383205921062333,3.032858934158134,294.2284590462867,-1.43,563.5352626976022,9.137828201504695,6.59691479449028,6.59691479449028,5.663902460147014,3.438905119045677,3.438905119045677,2.295965920471114,2.295965920471114,1.5446954127239922,1.5446954127239922,0.9783682928544701,0.9783682928544701,8.664607379375592,3.310964147709046,1.42412717427458
CCCCc1c(O)n(-c2ccccc2)n(-c2ccccc2)c1=O,1,2.849322953076542,2.2633837034506903,833.0562148013173,-2.7499999999999996,262958.3166935279,16.233840039752504,13.144712112419642,13.144712112419642,11.23638210521845,7.904185510807566,7.904185510807566,5.505571258968564,5.505571258968564,3.9029251603887745,3.9029251603887745,2.71802052684068,2.71802052684068,15.157461179144047,6.565328,2.7975107597448186
COC(=O)C1=C(C)N=C(C)C(C(=O)OCC(C)C)C1c1ccccc1[N+](=O)[O-],0,2.643769273571544,2.671114603109693,856.0068141258294,-3.03,1065637.2999448502,21.007707210578264,16.592475599297025,16.592475599297025,13.1836469679506,8.927721740651775,8.927721740651775,7.039005720367682,7.039005720367682,4.514953865891447,4.514953865891447,3.3089064890468785,3.3089064890468785,21.272116908983424,8.772206169030357,4.267679943373615
CC1(C)CC(O)CC(C)(C)N1[O],0,1.7994939884865455,2.8355218903020596,159.36734879116756,-0.12,259.12713434206256,9.568914100752346,8.2942393130265,8.2942393130265,5.255654169683151,4.411590033196449,4.411590033196449,4.981317900828682,4.981317900828682,2.569895382244719,2.569895382244719,2.210582280596605,2.210582280596605,9.964175084175084,2.687262083567806,1.627377251352734
CCCOc1ccc(S(=O)(=O)NCCC2CCCN2C)cc1-c1nc(=O)c2c([nH]1)c(CCC)nn2C,0,3.397062835329243,1.7031259610172567,1381.1826314048042,-2.7600000000000007,120382558.16714555,25.87166824125719,21.503457941756576,22.319954522684302,17.24555058542134,12.677636882819655,14.160800130414048,9.404006939029196,11.170960169801596,6.685128679873893,8.143828986339727,4.782873161266845,5.856315312174545,26.30720465476661,11.100460351068918,5.474180638182803
CC1CN(c2c(F)c(N)c3c(=O)c(C(=O)O)cn(C4CC4)c3c2F)CC(C)N1,0,3.4312658436119,2.0467950561832855,1038.1212061890906,-2.6799999999999997,2915553.449848719,20.325544455774047,15.629244784140376,15.629244784140376,13.201285058155639,9.298280706864983,9.298280706864983,7.803093098599314,7.803093098599314,5.408829546354666,5.408829546354666,4.132390376271118,4.132390376271118,18.672580676050945,6.439332642096335,2.808179438627757
CC1(C)C2CCC1(C)C(O)C2,0,2.1988013603871117,2.396254979141823,185.3117986128446,-0.04,358.4046217430992,8.276020881938894,7.723234477438853,7.723234477438853,4.982998800364114,4.663847420921649,4.663847420921649,5.126253365490667,5.126253365490667,4.747957299492931,4.747957299492931,3.161512944719373,3.161512944719373,7.600932428048904,1.8200897383602357,0.6583905214029607
NC(=O)c1cccc(N)c1,0,1.8757135518200392,3.069899265759275,257.53794892648057,-1.5100000000000002,178.19278742290373,7.560477932315068,5.372349905601618,5.372349905601618,4.698377302757662,2.852841619467476,2.852841619467476,1.9897135617332251,1.9897135617332251,1.1711451381711497,1.1711451381711497,0.6919377971153767,0.6919377971153767,6.607785630153122,2.389632707443791,1.2539046385226678
COc1ccc(C(=O)CC(=O)c2ccc(C(C)(C)C)cc2)cc1,0,2.5381142431237604,2.068724403131613,689.1617995042972,-2.4199999999999995,114154.22619873425,17.035169427003233,14.050653806095145,14.050653806095145,10.807880315929772,7.620461917438043,7.620461917438043,6.5789811751285425,6.5789811751285425,3.8060089333741676,3.8060089333741676,2.282981456051609,2.282981456051609,16.942124336799687,6.777661196811701,4.284862374849214
COC(=O)N(C)c1c(N)nc(-c2nn(Cc3ccccc3F)c3ncccc23)nc1N,0,3.1245749558810347,1.8207621700819177,1266.4065012330454,-4.279999999999999,12184745.602126522,22.120591385700624,16.781001830829887,16.781001830829887,14.9010859031649,9.203175978680113,9.203175978680113,6.667584677522955,6.667584677522955,4.718592937027033,4.718592937027033,3.2408909970958297,3.2408909970958297,20.011552018027384,7.858946047919712,3.564091125289589
COc1cc2c(cc1O)CC1c3cc(O)c(OC)cc3CC[N+]1(C)C2,1,2.5912183766862347,1.8052735170501817,848.0751772253556,-2.4,525009.3465187747,17.76722023457211,14.873315838121922,14.873315838121922,11.946838749694455,8.576811157769345,8.576811157769345,7.346690139838932,7.346690139838932,5.890016526354661,5.890016526354661,4.455810901861196,4.455810901861196,16.0892578125,5.560785265354656,2.416410208622116
C[C@H](O)[C@H](O)[C@H]1CNc2[nH]c(N)nc(=O)c2N1,1,2.2699840308822057,2.2744699155608203,472.1893969400922,-1.8,6417.244855303996,12.576985790260121,9.266396934908787,9.266396934908787,7.986071002992366,5.250904406329268,5.250904406329268,4.040123762759866,4.040123762759866,2.6739244807414746,2.6739244807414746,1.7480149812183223,1.7480149812183223,11.678585581466239,4.2247933884297515,2.1711949375410913
CCOC(=O)C(CCc1ccccc1)NC1CCc2ccccc2N(CC(=O)O)C1=O,0,2.889648087445268,1.7945324142110761,915.1954919696573,-3.19,9162357.45256326,22.216967702877945,17.62091400106054,17.62091400106054,14.990402300641941,10.569217818775243,10.569217818775243,7.533669097430888,7.533669097430888,5.380258162152361,5.380258162152361,3.8792795402269324,3.8792795402269324,22.494205829585358,10.723575986782238,5.91722396578345
CC(=O)c1ccc2c(c1)c1cc(C(C)=O)ccc1n2CCNC(C)C,1,2.8706081115429583,2.210963121546589,895.5913272961005,-2.46,451087.35864786047,18.13746372257519,15.219375623128164,15.219375623128164,11.87991785310972,8.694686458973168,8.694686458973168,6.836691577014804,6.836691577014804,4.565918131695557,4.565918131695557,3.247964642544948,3.247964642544948,17.3658558951704,6.806274986675869,3.3510647020004303
CCCNC(=O)Nc1ccc(Oc2ncnc3cc(OC)c(OC)cc23)cc1Cl,0,2.7301664696795394,1.851365620836918,1028.778985353547,-3.26,3404473.905026871,20.80275414050485,16.283700003375447,17.0396289493939,14.049575153157903,8.943105500457937,9.321069973467164,6.027777525015275,6.434977651755881,4.042926988605941,4.35563599709424,2.618106028185867,2.8358832853005,20.473637978364348,9.290559985970035,4.778898067393852
CCOC(=O)c1ccc(C#Cc2ccc3c(c2)C(C)(C)CCS3)nc1,0,2.605247432116306,1.810321384029481,844.4351506086844,-2.2499999999999996,462556.47107738594,17.86359655174942,14.757380425588947,15.573877006516673,11.992331727797282,8.419581172992741,9.405179732646229,6.59586841145612,7.732618242142244,4.302839883099719,5.378088373829333,2.7524842565678007,4.239756932647785,17.569100091827366,7.327289843024109,4.053323479351429
CCOC(=O)C(N)CCC(=O)NC(CSCc1ccccc1)C(=O)NC(C(=O)OCC)c1ccccc1,0,2.9055046889498115,2.098489444633686,1005.7157573065184,-3.369999999999999,116645692.90867978,27.045394827624126,21.183282489021092,21.99977906994882,17.849774308148646,12.204013680206343,13.358714218585593,8.12237613907296,9.15263289746497,5.261330233262565,6.367823305556678,3.364281307238764,4.380695096368073,29.857678117642987,16.389348267922944,10.64376980671808
CCCC(=O)OC1(C(=O)COC(C)=O)CCC2C3CC(F)C4=CC(=O)C=CC4(C)C3(F)C(O)CC21C,0,3.078443361839668,1.7963149151831705,1052.7223817964718,-2.4199999999999995,58572261.213284835,26.6814337969452,21.143831636934806,21.143831636934806,16.763545762630244,12.613324416546368,12.613324416546368,11.152590279239682,11.152590279239682,9.347800610723748,9.347800610723748,7.607566665601815,7.607566665601815,26.63762185743867,8.85353672941035,3.5211604035075474
Nc1ccn([C@H]2C[C@H](O)[C@@H](CO)O2)c(=O)n1,0,2.5907605405992813,2.2326555210648866,433.0074288999408,-1.44,5282.560742281935,11.706742302257043,8.483666140438409,8.483666140438409,7.613392202930193,4.905935301779104,4.905935301779104,3.65705974737756,3.65705974737756,2.545885251819509,2.545885251819509,1.695265374766257,1.695265374766257,11.05761764725319,4.203013429907953,1.9208632519167
Cc1cc(C(C)(C)C)cc(C)c1CC1=NCCN1,1,2.740362311754784,2.318163404131194,455.35570706987687,-1.31,11747.93323049276,13.336498814253964,12.223234477438854,12.223234477438854,8.376028663351635,6.755195273925891,6.755195273925891,6.2705637787657205,6.2705637787657205,3.6498035068458954,3.6498035068458954,2.438060352576364,2.438060352576364,13.129450737706515,4.753017218495077,2.7414745192984147
c1ccc2c(CCNc3ccc(Nc4ccncc4)cc3)c[nH]c2c1,1,3.074112638655825,1.3377316980219047,942.4815842717344,-3.2699999999999996,1184836.7896412828,16.899130457682162,13.866980657338193,13.866980657338193,12.38214273316075,8.443589239962334,8.443589239962334,5.974513018984534,5.974513018984534,4.252277303591994,4.252277303591994,2.9532854579842014,2.9532854579842014,15.26898251541231,7.0928502410405985,3.6347710512272524
CCCNC(C)C(=O)Nc1ccccc1C,0,2.284992235135676,2.5405220393504515,349.5407600680289,-1.35,3735.9623044468303,11.966255326250886,10.209213198785088,10.209213198785088,7.647065707741407,5.74683512458063,5.74683512458063,3.979984101110211,3.979984101110211,2.4967429867805357,2.4967429867805357,1.4076739825150808,1.4076739825150808,12.718259385665528,6.279947746336136,3.6629127575484435
CC1=C2N=C(C=C3N=C(C(C)=C4NC(C(CC(N)=O)C4(C)CCC(=O)NCC(C)OP(=O)(O)OC4C(CO)OC(n5cnc6cc(C)c(C)cc65)C4O)C4(C)N=C1C(CCC(N)=O)C4(C)CC(N)=O)C(CCC(N)=O)C3(C)C)C(CCC(N)=O)C2(C)CC(N)=O,0,1.5278319025154128,1.1948443565685025,3536.2402350163243,-7.000000000000001,2.1512992781325255e+23,66.70528438653895,53.25504709381969,54.149474284819604,41.829676901415034,30.568716791039257,32.064161906049584,27.087361023658666,28.44610958907105,20.621131990430968,21.75728094203488,15.476155438533954,16.623268172324167,68.90024691358025,25.588680142687277,12.96
COc1cc(F)c(F)c(Nc2ccc(I)cc2F)c1NS(=O)(=O)C1(CC(O)CO)CC1,0,3.496040253830303,2.057999161814957,1096.4362119616226,-1.77,8053841.916909884,22.974327015758654,16.2544567155866,19.22845158769064,14.530824622927343,9.126850554885204,11.688762948067755,7.202833972142084,10.525489315731814,5.026651735829866,7.885530163879811,3.166757677647731,5.359166182693361,23.88397473979889,8.998531411081457,4.858040104422353
O=C(NCCCCCCC(O)=NO)c1cnc(N(c2ccccc2)c2ccccc2)nc1,1,2.8479391554972766,1.5646601762341692,955.6628606765219,-3.939999999999999,19938308.110070214,22.59780107043142,17.76237378085841,17.76237378085841,15.685871848001627,10.591593764398201,10.591593764398201,7.214590264172846,7.214590264172846,4.85733323058533,4.85733323058533,3.20373708802558,3.20373708802558,22.738682555049582,12.045147903536488,6.5306266184134785
CC(C(=O)O)c1ccc2c(c1)CC(=O)c1ccccc1S2,0,2.6149210269221204,2.0442387366623826,736.5651214919948,-2.0699999999999994,72069.83842300056,14.982763184195939,11.497867401595103,12.31436398252283,10.058550648063802,6.7172948391457155,7.533791420073442,5.125260103665384,6.20903706015221,3.713360355395783,4.907454188308026,2.421670638411668,3.4953078829865283,13.892254679614824,5.37197973606014,2.58798715438249
C=C1CCC(O)CC1=CC=C1CCCC2(C)C1CCC2C(C)CCCC(C)(C)O,0,2.986191657215407,1.6836493218376434,649.9391729107399,-0.8600000000000001,2313970.0532596465,21.2338400397525,19.34381018037624,19.34381018037624,13.598990762583684,12.081760092206455,12.081760092206455,11.211410750802212,11.211410750802212,8.36046189636209,8.36046189636209,6.667275903961576,6.667275903961576,22.816933875050694,9.101184118959202,5.442464105398878
CN(C)C/C=C/C(=O)Nc1ccc(C(=O)N2CCC[C@@H](Nc3ncc(Cl)c(-c4c[nH]c5ccccc45)n3)C2)cc1,1,3.380080390421624,1.2182842385389472,1530.8594030648842,-4.209999999999999,1315629501.5831025,28.061902685569173,22.52440284133466,23.280331787353116,19.368213736153116,13.243138448700517,13.621102921709745,10.10395847499828,10.511158601738883,6.7694697133163775,7.04606626433639,4.788181154672971,4.981033902741975,27.360414821062655,12.316493299859683,6.495071834510072
CC(CCC(=O)O)C1CCC2C3CCC4CC(O)CCC4(C)C3CC(O)C12C,0,3.0003207773335143,1.5625279212635272,605.412568486979,-0.6100000000000001,2010634.9657222813,20.26722023457211,17.939759042346225,17.939759042346225,13.174411604617962,11.754444350465105,11.754444350465105,11.296200311141257,11.296200311141257,10.316808654585063,10.316808654585063,8.7124914408296,8.7124914408296,20.654249196120066,7.265299929479606,3.0483467818702783
CNC(=O)OC1COc2ccc(N3CCN(C4COC4)CC3)cc2C1NC(=O)c1ccc(F)cc1,0,2.845193938982405,1.3764577081042486,1070.0268966167523,-3.369999999999999,82618240.8460378,24.363232072819912,19.536883276530556,19.536883276530556,17.012371688496554,11.798752783849842,11.798752783849842,8.899217108702304,8.899217108702304,6.775145929644688,6.775145929644688,4.649797090135255,4.649797090135255,23.375533998546985,10.08802267351061,5.032818636238179
CC(=O)O[C@H]1Cc2ccccc2N(C(N)=O)c2ccccc21,0,2.60915946541161,2.22666793590653,742.1888387258247,-2.8199999999999994,113394.07036678858,15.689869965382487,12.152567939974356,12.152567939974356,10.575387400469408,7.012747577967263,7.012747577967263,5.163374762702654,5.163374762702654,3.6909748247788245,3.6909748247788245,2.8473945811526273,2.8473945811526273,14.13137590382717,5.519350523620633,2.4122089142448178
C[C@H]1COc2c(N3CCN(C)CC3)c(F)cc3c(=O)c(C(=O)O)cn1c23,1,2.6008121369340973,2.004088915400979,963.2881482992597,-2.61,825393.7397774052,18.585057479767894,14.659148439902266,14.659148439902266,12.379917853109722,8.590996602544717,8.590996602544717,6.966959135208313,6.966959135208313,5.19184167056234,5.19184167056234,3.6887701657350496,3.6887701657350496,16.8368029259421,5.979774542196717,2.4384574228435856
CCn1cc(C(=O)O)c(=O)c2ccc(C)nc21,1,2.2856780303686755,2.9467439727581026,658.5837076111416,-2.17,6765.60696989128,12.576985790260121,9.597294956183026,9.597294956183026,8.040912557858759,5.2835676555320985,5.2835676555320985,3.786866610614189,3.786866610614189,2.6316954218567714,2.6316954218567714,1.753265613897909,1.753265613897909,11.319407152511545,4.008920169778624,1.79576665863494
C[C@@H]1CC[C@@]2(NC1)O[C@H]1C[C@H]3[C@@H]4CC=C5C[C@@H](O[C@@H]6O[C@H](CO)[C@@H](O[C@@H]7O[C@@H](C)[C@H](O)[C@@H](O)[C@H]7O)[C@H](O)[C@H]6O[C@@H]6O[C@@H](C)[C@H](O)[C@@H](O)[C@H]6O)CC[C@]5(C)[C@H]4CC[C@]3(C)[C@H]1[C@@H]2C,1,3.6855108949382736,0.9159949370281665,1597.9371525519325,-0.9000000000000002,31264182751832.844,43.49854208428195,36.57002785084973,36.57002785084973,28.9003946726789,23.3282334652915,23.3282334652915,21.205684036013746,21.205684036013746,17.861386104016322,17.861386104016322,14.155662670450255,14.155662670450255,45.264237613770895,16.76062635629738,7.42452401841622
COc1c(N2CCNC(C)C2)c(F)cc2c(=O)c(C(=O)O)cn(C3CC3)c12,0,3.4575945762568447,2.0312285638536896,983.3041997140859,-2.61,2352395.2155238017,19.29216426095444,15.289285113591934,15.289285113591934,12.917922655570505,9.089625736995949,9.089625736995949,7.2530946342086455,7.2530946342086455,5.257984230316978,5.257984230316978,3.85958713921297,3.85958713921297,17.78640509663867,6.525466670851624,2.9344163360412665
N=C(N)NC(=O)c1nc(Cl)c(N)nc1N,1,2.0948286126632762,3.0922445639981553,431.7337408904827,-2.09,1562.7421450468041,11.585421958697399,7.412690762041884,8.168619708060339,6.913591357920933,3.6535589765209004,4.031523449530128,2.5013036400188042,2.859316727469121,1.3681238702136107,1.64626366627731,0.7901631749947852,0.9169363132040627,10.98745933384973,3.964406732215082,2.43654431920468
Cc1c(OCC(F)(F)F)ccnc1C[S+]([O-])c1nc2ccccc2[nH]1,0,2.988021819464695,1.7731962752944586,849.4325983042299,-2.26,462333.6281039528,18.02673325856595,13.13138065893004,13.947877239857766,11.832318457408352,7.304696737135415,8.623628630122237,5.333599388923824,6.700016916242618,3.5012010016891044,4.661481821643061,2.250194648732407,3.350261551780102,17.559419292901637,6.927854211900839,4.232158038627393
CCCC1CC(C(=O)NC(C(C)Cl)C2OC(SC)C(O)C(O)C2O)N(C)C1,0,2.9865070936692497,2.094099659349725,498.3724409623958,-0.09000000000000005,784871.9832588409,20.30060042939172,16.416143273853475,17.988568800799655,12.704815018005776,9.578734509045027,11.303071391235772,7.734255416479904,9.358687649788186,5.630970274445806,6.75701471757682,4.113387234869751,4.999021620212109,23.191500616007254,10.093723701555763,5.291161799986219
Cn1c(Nc2ccc(C(F)(F)F)cc2)nc2cc(Oc3ccnc(-c4nc(C(F)(F)F)c[nH]4)c3)ccc21,0,3.448846856497331,1.3564216855640783,1569.7001037802856,-4.549999999999999,205690578.46946856,26.37166824125719,18.815742471604942,18.815742471604942,17.469496261917573,10.648911862054419,10.648911862054419,7.9559882783872125,7.9559882783872125,5.398679331170578,5.398679331170578,3.5649285165341236,3.5649285165341236,24.157997689301357,8.835175439194487,5.056006781401519
N#Cc1c(Oc2ccc(F)c(NC(=O)Cc3cccc(C(F)(F)F)c3)c2)ccc2nc(NC(=O)C3CC3)sc12,0,3.6590831468990714,1.3265883612373743,1640.5304028632145,-4.499999999999999,694237230.7351922,27.733475560822985,19.934101280348177,20.750597861275903,18.60070665161348,11.68385738665053,12.500353967578256,8.848099072729548,9.847169839492327,5.868200610507783,6.872285455153917,3.7992697065028347,4.754785751297516,26.12084668578175,10.339506172839506,5.988986982568353
COC(=O)Nc1nc2cc(C(=O)c3ccccc3)ccc2[nH]1,1,2.9556095653545276,1.92608740987131,840.2231332611786,-3.149999999999999,160560.53402831935,15.526733258565956,11.790760620408557,11.790760620408557,10.66903509559602,6.61655179589516,6.61655179589516,4.629069616971544,4.629069616971544,3.1870834852993237,3.1870834852993237,2.1101502344702365,2.1101502344702365,13.815788520262926,5.687866047153692,2.6656417808941635
CC1COc2c(N3CCN(C)CC3)c(F)cc3c(=O)c(C(=O)O)cn1c23,0,2.6008121369340973,2.004088915400979,963.2881482992597,-2.61,825393.7397774052,18.585057479767894,14.659148439902266,14.659148439902266,12.379917853109722,8.590996602544717,8.590996602544717,6.966959135208313,6.966959135208313,5.19184167056234,5.19184167056234,3.6887701657350496,3.6887701657350496,16.8368029259421,5.979774542196717,2.4384574228435856
O=C1O[C@H]2[C@@H]3OC(=O)c4cc(O)c(O)c(O)c4-c4c(O)c(O)c5oc(=O)c6c(c(O)c(O)c7oc(=O)c4c5c76)-c4c(cc(O)c(O)c4O)C(=O)OC[C@H]3OC(O)[C@@H]2OC(=O)c2cc(O)c(O)c(O)c2-c2c1cc(O)c(O)c2O,0,3.106594094182096,1.2208208711172612,4244.126468153954,-11.140000000000006,1.3288276973400317e+17,56.311342949392426,37.81311810342268,37.81311810342268,36.760518581566394,21.71181482412196,21.71181482412196,17.416913477879582,17.416913477879582,13.21774927479059,13.21774927479059,9.723168087771755,9.723168087771755,49.09181226664673,16.42951782759616,6.491338175496959
C=C[C@H]1C[C@]1(NC(=O)C1C[C@@H]2CN1C(=O)C(C(C)(C)C)NC(=O)O[C@@H]1C[C@H]1CCCCCc1nc3ccc(OC)cc3nc1O2)C(=O)NS(=O)(=O)C1CC1,0,4.044769702701074,1.2157946769585948,1963.2852458494037,-4.470000000000001,1031100677254.9056,38.57841054351421,31.26025802646295,32.076754607390676,25.611509106076024,18.911808108531577,20.45812758645314,16.476787472558147,18.43759682113329,11.262235714055958,13.08121782494586,7.638118955403124,9.002009013077227,37.82975805077792,14.309750544700712,7.8450442563962355
CN(C)C(=O)NC1CCC(CCN2CCN(c3cccc(Cl)c3Cl)CC2)CC1,0,2.6976895191371324,1.3606357652528758,653.8057095941936,-1.1699999999999995,2022447.0417390317,20.095647359318296,16.963637180795796,18.475495072832704,13.435560745775547,10.328801757595642,11.084730703614095,8.251874471571146,9.037039071320976,6.078299625581783,6.887226502926962,4.213353059067373,4.62841555971131,21.53675166022213,10.038232086543559,5.6786229056778215
Nc1nc(OCc2ccccc2)c2[nH]cnc2n1,0,2.84906341368928,1.8821200943597292,664.5443117740941,-2.63,26268.36467421516,12.372032720186704,9.498447742477667,9.498447742477667,8.826499840494924,5.46061942062966,5.46061942062966,3.7623752009484726,3.7623752009484726,2.4881190394533608,2.4881190394533608,1.6530329970807183,1.6530329970807183,10.519322427746012,4.325223204566315,1.9524746670911692
CNC(=O)CN1CCC(Oc2cc3c(Nc4cccc(Cl)c4F)ncnc3cc2OC)CC1,0,2.827269542953208,1.5652436391888966,1154.3901864818502,-3.1699999999999995,30359932.82415637,23.37166824125719,18.399300394170034,19.15522934018849,15.977896845885905,10.61534957836574,10.993314051374966,7.735404606139058,8.142604732879663,5.599695052453403,5.891602899804023,3.7901121174507155,3.9646514458811977,23.003863010409365,10.18175727271745,5.257168152346604
CNNCc1ccc(C(=O)NC(C)C)cc1,0,2.258230537388814,2.5971514576190105,332.62203889304567,-1.3900000000000001,3549.9384047752155,11.966255326250886,10.00210641759854,10.00210641759854,7.6302289553358005,5.4259738044384624,5.4259738044384624,3.92863906656054,3.92863906656054,2.105183142203047,2.105183142203047,1.3099439607399284,1.3099439607399284,12.678446269678304,6.24878456545033,4.001506645563586
COc1ccc2c(c1)c(CC(=O)OCC(=O)O)c(C)n2C(=O)c1ccc(Cl)cc1,0,2.96895911232273,2.091029159690287,1100.5519647016401,-3.3199999999999994,3012602.8112738742,21.129027554137906,15.769298563028936,16.52522750904739,13.81176950568786,8.671014827261189,9.048979300270418,6.3256977326910935,6.762133513163079,4.513897246851842,4.765873562191327,3.133379030972232,3.2593671886419746,20.415177419893748,8.362702803568443,4.2459438247883945
Nc1ccn(C2CCC(CO)O2)c(=O)n1,0,2.656999263425458,2.2042997522549417,403.8341971708258,-1.4,3818.107941542383,10.836498814253964,8.166209056935372,8.166209056935372,7.2027086004072345,4.81440307869861,4.81440307869861,3.514916888819122,3.514916888819122,2.4505402354085843,2.4505402354085843,1.6707185130351494,1.6707185130351494,10.129179958716458,3.9953247242906955,2.0008705975464975
NCC(CC(=O)O)c1ccc(Cl)cc1,0,2.152662874564412,2.782977187746648,310.402966410215,-1.06,1291.597724738647,10.55204176387779,7.611741536483899,8.367670482502353,6.6302289553358005,4.305053781112119,4.683018254121346,3.082039597478802,3.5184753779507862,2.046947477345725,2.2989237926852093,1.2829985791968497,1.408986736866592,11.017279752704791,4.97980295758765,3.0132151439158164
CC(=Cc1csc(C)n1)C1CC2OC2CCCC(C)C(O)C(C)C(=O)C(C)(C)C(O)CC(=O)O1,1,3.3803190720726413,1.814046994950167,908.8571170834613,-1.6100000000000003,25664122.685052276,25.206377823327536,21.114568567458562,21.931065148386285,15.894791736795113,12.25446318636479,13.134115997619684,10.600249393014405,11.662476390104354,7.413033339873849,8.204775097550499,4.781501451259696,5.351663110962245,26.985422856428254,10.977298666254994,6.532634628279014
N#CN=C(N=c1cc[nH]cc1)NCCCCCCOc1ccc(Cl)cc1,0,2.6603645336057045,1.5954082673848924,775.0719335022271,-2.7799999999999994,806877.9215844758,18.451536700489456,14.48929639060926,15.245225336627716,12.775188245478668,8.546103305766364,8.924067778775592,5.5487846060776995,5.985220386549685,3.528135540544183,3.7801118558836677,2.2279835998397144,2.3539717575094574,19.543486673562803,11.718563846408632,7.861554433780452
COc1cc(CNC(=O)CCCCC=CC(C)C)ccc1O,0,2.4920250055706985,2.229830766701327,495.10567763230114,-1.9699999999999995,62666.952815086355,16.372032720186702,13.76334569749818,13.76334569749818,10.524075805453153,7.818412917679893,7.818412917679893,5.700882111716634,5.700882111716634,3.279427365105586,3.279427365105586,2.0371673687433556,2.0371673687433556,18.079925112331505,9.874350582736595,7.1570315426235425
NNc1nncc2ccccc12,0,2.16854290746428,2.7909670297392646,393.68492278413083,-1.6799999999999997,902.1138495051405,8.38890505706126,6.358528806137672,6.358528806137672,5.91501490017253,3.5865062258763922,3.5865062258763922,2.4247643124082683,2.4247643124082683,1.7071845668031875,1.7071845668031875,1.1345267220211275,1.1345267220211275,6.99549850790995,2.7488119763581453,0.9807788404338078
CC(=O)Oc1ccc(/C=C/c2cc(OC(C)=O)cc(OC(C)=O)c2)cc1,0,2.5193580526523554,2.225733821783073,814.8551700187547,-3.4099999999999997,420128.14886030677,19.104083527755577,14.645642165489814,14.645642165489814,12.312570843487292,7.80121892222514,7.80121892222514,5.421050572318253,5.421050572318253,3.0354417476406867,3.0354417476406867,2.1451403615987523,2.1451403615987523,18.921938814145353,8.617804043675026,6.238342898078794
COc1ccc2c(O[C@@H]3CC4C(=O)N[C@]5(C(=O)NS(=O)(=O)C6CC6)C[C@@H]5/C=C\CCCCN(C)C(=O)C4C3)cc(-c3nc(C(C)C)cs3)nc2c1C,1,3.9833437012145754,1.2100978988664697,2041.5500573225586,-4.039999999999999,459318576862.8753,36.948654031517286,30.308039661629074,31.941032823484523,24.80653654554423,18.21468256924403,20.640654858420486,15.081598970109892,17.900511170543062,10.989567040226666,13.691578001710745,7.547322004329676,9.851887422810485,36.323816153524476,14.071593101912683,7.029737608651751
CN1C2CCC1CC(OC(c1ccccc1)c1ccccc1)C2,0,2.826716166694745,1.5709905337644723,573.304533673046,-1.6399999999999997,364883.82966162445,15.6480536021256,13.766792779364778,13.766792779364778,11.309663088089318,8.783223112804034,8.783223112804034,6.981369044659756,6.981369044659756,5.588159574998902,5.588159574998902,4.270379301362635,4.270379301362635,14.921147645740815,6.463714555599074,3.0598472025657415
Nc1ncnc2nc(-c3ccc(N4CCOCC4)nc3)cc(-c3cccc(Br)c3)c12,0,2.7914767630881947,1.613402875811642,1208.13926982133,-3.099999999999999,12147524.273139216,20.501424753254117,16.124210557615335,17.710207096730038,14.686673185801064,9.651776839417401,10.444775108974754,7.027413521770688,7.943089050562378,5.147670517394736,5.640922156111777,3.6365107340085134,4.035749141498982,18.898826991757524,7.965366739252288,3.5949583081632097
Cn1cc(-c2ccc3nnc(C(F)(F)c4ccc5ncccc5c4)n3n2)cn1,0,3.33185060731105,1.6542910937068744,1322.3867955576723,-3.75,4855232.678284594,19.302754140504845,14.659926806414422,14.659926806414422,13.520006519134396,8.472825068937194,8.472825068937194,6.400137877590678,6.400137877590678,4.509849716933427,4.509849716933427,3.0921482167482996,3.0921482167482996,16.425581486412405,5.878363497079383,2.5114632317330376
OCC1OC(c2ccc(Cl)c(Cc3ccc(OC4CCOC4)cc3)c2)C(O)C(O)C1O,0,3.2840497079606767,1.4857782958913452,866.7287504274391,-1.71,14348302.170454497,21.9574546788841,16.932651131798522,17.688580077816976,14.956728795830728,10.381649064635829,10.759613537645055,8.02451053554676,8.431710662287363,5.799160371534233,6.167888095278185,3.988297047902103,4.172660909774078,22.482736812110673,9.832538537023277,5.039384059835815
CC1(C)S[C@@H]2C(NC(=O)C(N)c3ccccc3)C(=O)N2C1C(=O)OCOC(=O)C1N2C(=O)C[C@H]2S(=O)(=O)C1(C)C,0,3.215511924661865,1.1895220855528976,1397.8710333247573,-3.1700000000000004,367437010.6648285,29.361078361706785,22.227575178751017,23.860568340606466,18.607915023690236,12.597767611895243,15.0237399010717,11.189897743876909,15.647152105260485,8.004472040464833,12.376033149566489,5.694042687445249,9.437348376697848,28.361981887708566,9.447352562664303,4.081124834652247
O=C(NCCCNc1nc(Nc2cccc(NC(=O)N3CCCC3)c2)ncc1I)c1cccs1,0,3.5559323182876623,1.275340854920162,1120.2662470042544,-2.9299999999999993,79140338.9571503,23.752501608810675,18.512899752723534,21.486894624827585,16.580520035918415,11.094629467465438,13.053031424308493,7.733797959147063,9.843682834533418,5.183887452534715,6.841951879533408,3.469853418813866,4.560510218271763,24.20270137648028,11.972561239634537,6.792446164434775
CN(Cc1cc(Br)cc(Br)c1N)C1CCCCC1,0,2.3606557289882097,2.0797732804513314,414.5001729075138,-0.06000000000000011,12256.524544906784,13.120955864630139,10.755184305396202,13.927177383625612,8.575387400469406,6.5130303687682485,8.099026907882953,5.167359536427814,6.937371964394025,3.797772152610386,4.9116972487914135,2.6884762888062608,4.002185662022307,14.35123583728531,6.39661329834759,3.4875439429518957
Cc1cc(C#N)cc(C)c1Oc1nc(Nc2ccc(C#N)cc2)nc(N)c1Br,0,2.681344888087407,1.939699195106058,1106.1535757595157,-3.6199999999999997,1797519.9860760358,20.258784066134833,15.116519029800306,16.70251556891501,13.405417200814469,8.203614191488334,8.996612461045686,6.018774431887267,6.811772701444618,3.9047554903449897,4.650184073840695,2.5962037888125864,2.854458639461478,19.15019199763646,7.949773046529301,4.030502154250955
CC(C)(F)CC(NC(c1ccc(-c2ccc(S(C)(=O)=O)cc2)cc1)C(F)(F)F)C(=O)NC1(C#N)CC1,0,3.5424686529900447,1.8637288268949228,1241.9302384775922,-2.9700000000000006,53820584.546131626,26.940946820939043,19.98688768484822,20.803384265775946,16.528553758098525,11.184384203339077,13.075795741397338,9.71841613641083,11.734151711153677,5.88750282422076,7.015973051447452,3.768893535925372,4.399364048611459,27.61481743432834,9.823793953412622,7.043650941586031
CC(C)(C)NCC(O)COc1nsnc1N1CCOCC1,0,2.9129600854633653,1.8158752867915076,429.2960174181891,-0.9600000000000002,59622.46702926416,15.29468245099708,12.833590209700336,13.650086790628063,9.955308359696607,7.166822707238256,7.897119450578478,6.088132381806424,6.616580069662079,3.033390983629014,3.535449742992379,1.89313673304818,2.413376358959236,16.411192297127325,7.347621671258034,5.385438987782126
CNC(=O)C(Cc1ccccc1)NC(=O)C(CC(C)C)C(CSc1cccs1)C(O)=NO,0,3.307520554716186,2.2367499287395103,872.6313630719989,-2.5200000000000005,12468029.483058136,23.509860921691388,18.524157522190478,20.15715068404593,15.349774308148643,10.483393937743015,12.348645308651399,7.908972292789793,10.17691973554706,5.044163908083908,7.294384592280063,3.436278054351384,5.427623326097482,25.738161627434366,13.12479213860551,7.870336622948185
Oc1cc2cc(CCN3CCN(c4nsc5ccccc45)CC3)c(Cl)cc2[nH]1,0,3.287073903945004,1.2237863992853828,1130.0534479301627,-2.2799999999999994,5377534.572193485,19.08721119088102,15.359159716919592,16.931585243865776,13.669836433395457,9.490594258257502,10.641955393400703,7.26647543413888,8.478650338177044,5.501141417554757,6.669906087232941,3.9402503897432637,4.994141834138712,17.79386481997069,7.2764161523593955,3.3209918744065496
COCCOc1cnc2ccn([C@H](C)c3nnc4c(F)cc(-c5cnn(C)c5)cn34)c(=O)c2c1,0,3.4589386698113858,1.5701081288768737,1555.8030533734902,-4.119999999999999,80189633.61747032,23.819261998449896,18.843570497980252,18.843570497980252,16.456728795830728,10.618311755575853,10.618311755575853,7.88042001779258,7.88042001779258,5.622879302719162,5.622879302719162,3.853132496964881,3.853132496964881,21.71141694626078,8.671386070566829,3.7925784261393565
CC(O)C1C(=O)N2C(C(=O)O)=C(SC3CNC(C(=O)N(C)C)C3)C(C)C12,0,3.0930015508222404,1.7804410752197168,677.3094980085932,-1.5799999999999996,527310.3693919297,19.33398062421133,15.300162721366137,16.11665930229386,12.145642165489814,8.745150341560764,9.62480315281566,7.440965420584296,8.783160753273927,5.434122164109863,6.9456403369424145,4.151087228171756,5.629801743080046,19.189065024833226,6.861797828465618,2.9134612507464452
CC(C)n1c(C=CC(O)CC(O)CC(=O)O)c(-c2ccc(F)cc2)c2ccccc21,0,3.003749926865156,2.076455594727194,1053.0032189227818,-2.959999999999999,4553841.0841237735,21.836134335324452,16.994834207311158,16.994834207311158,14.273764703227073,9.925581520089105,9.925581520089105,7.661885687859581,7.661885687859581,4.997953008908117,4.997953008908117,3.7676750860503336,3.7676750860503336,21.741796325387607,9.238133081538038,4.776902759937804
NS(=O)(=O)c1cc2c(cc1Cl)N=CNS2(=O)=O,0,2.134849960768007,2.84659666427789,723.7308563894459,-1.1600000000000001,4303.857520908302,12.844934982691244,8.084068888050867,10.472990995924775,7.716162047958507,4.128904959733795,7.536352158258978,3.174850792507233,6.794298102961356,2.021002422000983,4.718309710428818,1.2871717808629937,3.433538901656123,12.300954293871056,3.66747886114414,2.1365016850259035
Cn1cc(-c2[nH]c3cc(NC(=O)C(N)C4CCCCC4)cc4c3c2C=NNC4=O)cn1,1,3.313811897159883,1.5305962180309045,1200.1316687116087,-3.4600000000000004,18304078.60841921,21.53480494807372,17.312473426877347,17.312473426877347,15.00804039084698,10.59622967730818,10.59622967730818,8.374972751456097,8.374972751456097,6.2626044583218725,6.2626044583218725,4.664820638120846,4.664820638120846,19.500349491280208,7.659922040718008,3.5037081446553247
CCNC(=O)C1OC(n2cnc3c(N)nc(NCCc4ccc(CCC(=O)O)cc4)nc32)C(O)C1O,0,3.397012745625385,1.4464889772797127,1231.6655207157078,-3.8099999999999996,127813976.94730435,25.819261998449896,19.66427663772029,19.66427663772029,17.27809600087664,11.609486052629014,11.609486052629014,8.466531379080216,8.466531379080216,5.917560945310633,5.917560945310633,4.026960345595474,4.026960345595474,25.28792486870083,10.848541175960564,5.373343961899176
CC1C(=NC(=O)C(NOC(C)(C)C(=O)O)c2csc(N)n2)C(=O)N1S(=O)(=O)O,1,2.971847309732629,2.2770020179825594,953.8851353067347,-2.4600000000000004,690205.5939907836,21.43879310982592,14.8114553779692,16.444448539824652,12.752743308167698,7.5681695897960894,9.844785811057871,6.169034457368099,8.347774994576092,3.675381227008088,5.346688299877269,2.061964247289779,3.4529041463061603,21.835752980387056,7.514368767999321,4.3324558430946585
Cn1c(=O)cc(N2CCCC(N)C2)n(Cc2ccccc2C#N)c1=O,0,2.620294186267888,2.1113439955829927,937.7033282454905,-2.8499999999999996,477124.1277891472,17.97432701575866,14.18233675318768,14.18233675318768,12.007239053047549,8.303869813747793,8.303869813747793,6.385784535158325,6.385784535158325,4.625647728647247,4.625647728647247,3.224800268887009,3.224800268887009,16.98870221056286,6.9504002355278836,3.3454561776380274
C=C[C@H]1C[N@@]2CC[C@H]1C[C@@H]2[C@@H](O)c1ccnc2ccccc12,0,2.6044571136619483,1.6692310274474265,693.3995911118029,-1.7099999999999995,208236.76406572742,15.104083527755582,12.728027653518499,12.728027653518499,10.77518824547867,8.159934323057039,8.159934323057039,6.608463198804099,6.608463198804099,5.519813758049864,5.519813758049864,4.288712319350921,4.288712319350921,13.918983667945433,5.488133515608595,2.1619239901907568
CNC(=O)c1cc(Oc2ccc3nc(N[C@@H]4CCCC[C@H]4O)sc3c2)ccn1,0,3.1073836200755753,1.5086111011936492,990.4961814885592,-2.71,3649416.974459838,19.50986092169139,15.513614936154664,16.33011151708239,13.6185248383792,9.333736556590148,10.150233137517874,6.809154812741417,7.839803694667783,4.825058218852516,5.774448163628063,3.3313986795692827,4.287328964903281,18.6439514804065,8.116559134041909,4.07472388483498
O=c1c(-c2ccc(O)cc2)coc2c(C3OC(CO)C(O)C(O)C3O)c(O)ccc12,0,2.7391301990539816,1.868658648316634,1119.7654729836902,-2.9499999999999997,5902606.448545406,21.576621311330616,15.5433364558534,15.5433364558534,14.328606258093469,9.20437580296439,9.20437580296439,7.149910383780173,7.149910383780173,5.312049069720052,5.312049069720052,3.666618650990587,3.666618650990587,20.327958809637845,7.7083942535199315,3.222851740078442
N#Cc1ccc2[nH]cc(CCCCN3CCN(c4ccc5oc(C(N)=O)cc5c4)CC3)c2c1,0,3.4534391391185535,1.1066202497903956,1337.9782378133054,-3.7599999999999993,60429134.50920295,22.785881803630286,18.511144039626615,18.511144039626615,16.101688085973592,11.41372166827245,11.41372166827245,8.668905847883629,8.668905847883629,6.547149542096922,6.547149542096922,4.684209825909789,4.684209825909789,21.104969206196124,9.004597410955176,4.431509720180169
O=C(O)Cc1cccc(OCCCN(Cc2cccc(C(F)(F)F)c2Cl)CC(c2ccccc2)c2ccccc2)c1,0,2.9471649876589994,1.542887689955428,1374.914433943709,-3.809999999999998,1141393381.678513,29.24406544037339,22.357727196497105,23.113656142515563,19.702528503846562,13.308152544259068,13.686117017268296,9.805441809877756,10.183406282886981,6.7639086111262055,7.210248240570715,4.826829262577131,5.119721707856447,30.155555437994487,14.194138958402046,8.836903724244046
CCN(CC)CCOC(=O)C1(C2CCCCC2)CCCCC1,1,2.596500156380881,1.9368165406411606,326.32688473225033,-0.5700000000000001,114495.27089577133,15.838652525367095,14.74055538222898,14.74055538222898,10.725510624722073,9.62209878219137,9.62209878219137,7.214535200290684,7.214535200290684,6.074052781815857,6.074052781815857,4.5678951703209805,4.5678951703209805,17.778714552372673,8.9049901544223,4.244923977869011
CN(CC=CC#CC(C)(C)C)Cc1cccc2ccccc12,0,2.4594602138129127,1.9777134332849182,702.4950517709103,-2.039999999999999,74157.64436688695,16.001789232183626,14.057579580579688,14.057579580579688,10.455308359696609,7.784846481564835,7.784846481564835,6.756729172525279,6.756729172525279,3.3856333979080784,3.3856333979080784,2.3354602883427815,2.3354602883427815,16.332574442048834,7.292121272244438,5.057600097744207
COc1ccc(C=CC(=O)Nc2ccccc2C(=O)O)cc1OC,0,2.594918776294705,2.126654013651901,782.7286296355627,-3.28,233254.65388235473,17.526733258565955,13.276359180062045,13.276359180062045,11.545243855508332,7.0826677030306024,7.0826677030306024,4.78774118115252,4.78774118115252,3.250096889212089,3.250096889212089,2.081403358728451,2.081403358728451,17.079845208903542,7.8238585342967735,4.131330234838611
CCCC(C(=O)OCCN(CC)CC)(c1ccccc1)c1ccccc1,1,2.703230404305721,2.3474142257545436,610.9227402194878,-2.1299999999999994,775935.2552519141,18.83021635692981,16.279853555443232,16.279853555443232,12.684235730837885,9.691847662308026,9.691847662308026,6.5501828075869835,6.5501828075869835,5.041736880177938,5.041736880177938,3.5439225111376573,3.5439225111376573,20.185205615238647,10.124284077117323,4.527267966469919
CCCN(CCC)S(=O)(=O)c1ccc(C(=O)O)cc1,0,2.3824191568228397,3.0653305378819273,516.0791280132663,-1.4,13065.186656016453,14.466255326250886,11.165248554360064,11.98174513528779,8.929087446058485,6.26579890683492,7.705862235635561,4.233615582224066,6.171550562165737,2.6850596993245213,4.597928199211129,1.7695169106127802,3.393545371718104,15.656818181818181,6.675550267697799,3.778948267760264
O=C(NCCN1CCOCC1)c1ccc(Cl)cc1,0,2.404187455043564,1.7229969855464158,388.4826469484601,-1.0999999999999999,15656.068707243689,12.794682450997078,10.193716413314702,10.949645359333157,8.75402019542349,6.094060544615877,6.472025017625104,4.216807087555041,4.653242868027026,2.923703516610384,3.1756798319498687,1.8556426233180399,1.9816307809877824,13.334443369432915,6.731296123262332,3.978426224070977
CC(C(=O)O)c1ccc(CC2CCCC2=O)cc1,0,2.7493658954342943,2.0331905666563372,447.3114477245783,-1.6400000000000001,15088.520034143407,13.120955864630139,10.556238916311631,10.556238916311631,8.575387400469408,6.420201328348099,6.420201328348099,5.061096066478886,5.061096066478886,3.7633509534004634,3.7633509534004634,2.4731919265169635,2.4731919265169635,12.807556754231348,5.3375938913020615,2.780762010897773
CC12CCC(=O)C=C1C=CC1C2CCC2(C)C1CCC2(O)CCC(=O)O,0,2.856736938053981,1.6552159478313235,706.9308085346702,-1.42,738960.7139772373,18.742276208189782,15.831879636557781,15.831879636557781,12.194942764103983,10.069987816758589,10.069987816758589,9.553052615386578,9.553052615386578,8.589814046079962,8.589814046079962,6.833270720953672,6.833270720953672,17.967222930090376,5.786860779912207,2.3721340999532488
O=P(O)(O)C(Cl)(Cl)P(=O)(O)O,0,1.5812853946781595,5.079498628795793,210.96683814402013,0.8799999999999999,88.55198210197693,9.5,4.755707099945929,8.056419373982669,4.5,1.9903264401792957,5.970979320537887,1.5975485297261072,7.849587229098189,0.7009197865686081,6.308278079117475,0.16969634100068878,1.5272670690061991,11.879999999999999,2.979468543521976,2.4068600976730816
CC(C)C(C(=O)Nc1ccc(C(O)=NO)cc1)c1ccccc1,0,2.5529153743003334,2.1603549373696764,679.1727028192347,-2.8199999999999994,143004.1076068075,16.819626477379405,13.100742038049624,13.100742038049624,11.024075805453151,7.398772689202978,7.398772689202978,5.622579276060726,5.622579276060726,3.61318279431095,3.61318279431095,2.479776782649746,2.479776782649746,16.548798044728354,7.4450185725338835,4.095209754039564
O=C(O)c1cccc(-c2noc(-c3ccccc3F)n2)c1,0,2.973140221457583,2.008924327924537,813.9382332102795,-3.019999999999999,100058.0610129335,14.819626477379408,10.654903993953836,10.654903993953836,10.147867045540842,6.072949378038993,6.072949378038993,4.288940382216172,4.288940382216172,2.8980132393360014,2.8980132393360014,1.8760978040541127,1.8760978040541127,12.985960915870827,5.162909038431587,2.5077119128858225
O=C(CCCN1CCN(c2ccccn2)CC1)c1ccc(F)cc1,0,2.6337930409890262,1.3907028957714824,652.0719347946834,-2.2699999999999996,400673.6677395786,16.77781011412252,13.696403171795808,13.696403171795808,11.720346690612276,8.393253427301858,8.393253427301858,6.0502480756478825,6.0502480756478825,4.389942877180605,4.389942877180605,2.9847206151615806,2.9847206151615806,16.58299058146244,8.01518089470039,4.384958726247375
O=c1oc2cc(O)ccc2s1,1,2.2743875411105208,2.920939354744553,440.1275665764416,-1.2899999999999998,479.89577117431986,7.8449349826912425,5.4040092744604245,6.220505855388151,5.254020195423489,2.982261395622222,3.7987579765499477,2.08516214249876,3.062446026691472,1.3138770967214288,2.121057526554198,0.861224813859518,1.5094962748426368,6.422093116113548,2.097850525983969,1.0094619342207316
O=C(O)P(=O)(O)O,0,1.3143204867061788,4.089860350657716,120.04184397996642,-0.38,17.086166327180326,6.077350269189626,3.1053509629275577,3.9997781539274735,2.9433756729740645,1.2339119265669447,2.846273893737014,0.8266033140381198,2.297235756279304,0.249185005864147,0.747555017592441,0.0,0.0,6.619999999999999,1.614379875216004,2.331743772241993
COc1ccc2[nH]cc(CCNC(C)=O)c2c1,0,2.7107543320649428,2.186875917592564,531.1990260144933,-1.9700000000000002,10013.5265026479,12.25071237662706,10.040111220059325,10.040111220059325,8.202708600407233,5.588987503016486,5.588987503016486,3.9583906976798025,3.9583906976798025,2.742873393749266,2.742873393749266,1.864527646825243,1.864527646825243,11.513497683888868,4.908146397569112,2.5842988253882706
Cc1nc2n(c(=O)c1CCN1CCC(c3noc4cc(F)ccc34)CC1)CCCC2,1,3.1679844987412777,1.2328492308842516,1128.1689101168888,-2.539999999999999,12434275.79786954,20.66456146007064,17.363784324560765,17.363784324560765,14.597356788324023,10.963062134042449,10.963062134042449,8.580102500215455,8.580102500215455,6.694743712192054,6.694743712192054,4.943831929390462,4.943831929390462,19.42507820908214,7.945993904374621,3.5548338156190753
O=C(C=Cc1cccnc1)NCCCCC1CCN(C(=O)c2ccccc2)CC1,0,2.785133239313474,1.2678435139242952,797.3901891512813,-2.9499999999999993,4830356.8417379735,20.31334402005525,16.795981251695537,16.795981251695537,14.220346690612278,10.424390802628913,10.424390802628913,7.5081031132263165,7.5081031132263165,5.372435656650868,5.372435656650868,3.663027407233691,3.663027407233691,20.775785695902087,11.148780203946979,6.8589520086683065
Nc1nc(N)c2nc(-c3cccc(O)c3)c(-c3cccc(O)c3)nc2n1,0,2.6041855019869367,2.0814407586257127,1145.7744880095606,-3.9399999999999995,951350.6308438597,18.25878406613483,13.45678426489601,13.45678426489601,12.50804039084698,7.706152656781254,7.706152656781254,5.660736783364857,5.660736783364857,3.8146740594532402,3.8146740594532402,2.695153453179956,2.695153453179956,15.57973651106459,5.850360878873389,2.6888612580802707
O=C(O)CCNC(=O)c1ccc(N=Nc2ccc(O)c(C(=O)O)c2)cc1,0,2.6046318600004366,2.0350379899425066,861.3019761130829,-3.749999999999999,508080.32766656514,19.104083527755577,13.416478295591858,13.416478295591858,12.363081100704115,7.4469142823907415,7.4469142823907415,5.153117975187735,5.153117975187735,3.2454012144886515,3.2454012144886515,1.9374964047694265,1.9374964047694265,18.586686322118165,8.378177393185506,5.1288927335640135
Cn1c2ccccc2c2c3c(c4c5ccccc5n(CCC#N)c4c21)CNC3=O,0,3.3752316926194137,1.9850502898258842,1544.5881958544887,-3.78,11514238.394348327,19.697941654890258,15.99001157404039,15.99001157404039,14.219545352812846,9.800960205657695,9.800960205657695,7.636511478811355,7.636511478811355,6.255714442492807,6.255714442492807,5.133025614730299,5.133025614730299,16.19960554872037,5.616220592022494,1.9054281274743818
NC(=O)c1ccc(I)c([N+](=O)[O-])c1,0,2.035589482137545,3.267052212361692,378.00044607215614,-1.1800000000000002,675.8157080696649,10.008071689507773,6.359324016659278,8.5168223078356,6.019744507803582,3.258570557464034,4.337319703052195,2.2875512988020845,3.449741981189569,1.4273491329537848,2.339555878300369,0.8058485577803751,1.3382958564194394,9.90460236886633,3.688062340144865,2.142679086551924
O=C(C1CCCCC1)N1CC(=O)N2CCc3ccccc3C2C1,0,2.61272584325217,1.5676188764312609,621.550557109791,-1.8399999999999994,314436.32978371216,15.81119030894213,13.53898641774433,13.53898641774433,11.237183443017885,8.898896264718884,8.898896264718884,7.105438519138773,7.105438519138773,5.718235612403579,5.718235612403579,4.450030145541775,4.450030145541775,14.733395903688434,5.986649116471944,2.642452324809413
C#CC1(OC(C)=O)CCC2C3CCC4=CC(OC(C)=O)CCC4C3CCC21C,0,2.9283058395416797,1.5653724474568742,746.194333156968,-1.76,2145411.5601168536,20.104083527755577,17.331299295675215,17.331299295675215,13.293461083348788,10.846258482366895,10.846258482366895,9.606000406793639,9.606000406793639,8.402156769811544,8.402156769811544,7.281674962874782,7.281674962874782,19.551847234360288,6.936157253864297,2.8956725781125865
C[C@]12CC[C@H](O)C[C@H]1CC[C@@H]1[C@@H]2CC[C@]2(C)[C@@](O)(c3ccoc3)CC[C@]12O,0,3.242967520389499,1.523994255649089,715.9703716797716,-0.8400000000000001,2025067.8251397023,19.07913950137325,16.65530199197005,16.65530199197005,12.74558402698621,10.900562650835154,10.900562650835154,10.588615603823015,10.588615603823015,9.968086819052395,9.968086819052395,8.183074766702834,8.183074766702834,18.20523707336293,5.611040779635674,2.100256463121661
C=CC1=C(C)C(Cc2[nH]c(Cc3[nH]c(CC4=NC(=O)C(=C)C4=CC)c(C)c3CCC(=O)O)c(CCC(=O)O)c2C)=NC1=O,1,3.585257899528587,1.7392215853037982,1705.9496132769698,-4.859999999999999,2326408735.550129,31.58469300083838,24.940509112913453,24.940509112913453,20.352682063546613,14.110173492796722,14.110173492796722,10.84013033643293,10.84013033643293,8.28976633137719,8.28976633137719,5.837519685903097,5.837519685903097,31.083929322051244,12.562489102081546,6.326712827009794
NC(N)=O,0,0.8112781244591328,2.8030394876740514,29.019550008653873,-0.73,3.2451124978365313,3.5773502691896257,2.0629488288431146,2.0629488288431146,1.7320508075688772,0.7814744144215574,0.7814744144215574,0.40236892706218264,0.40236892706218264,0.0,0.0,0.0,0.0,3.2700000000000005,0.7105286343612336,0.17373428410583605
O=c1[nH]c(O)cn1/N=C/c1ccc(-c2ccc([N+](=O)[O-])cc2)o1,0,3.114637591615952,1.8120070065972265,932.7358866750209,-3.6199999999999997,235566.27032909766,16.396976746569035,11.540649697372293,11.540649697372293,11.024877143252587,6.424140056868669,6.424140056868669,4.539630330300684,4.539630330300684,2.9864520695794545,2.9864520695794545,1.9032192260402354,1.9032192260402354,14.322848067093643,5.63818306488729,3.0244100510234486
NCCCCNCCCN,0,1.9671544718900458,2.6476048489438337,48.81290899230693,-0.12,175.07674799821407,7.6568542494923815,6.604448006685084,6.604448006685084,4.914213562373096,4.023603362114273,4.023603362114273,2.388010440969447,2.388010440969447,1.3653550716504104,1.3653550716504104,0.7463996399133721,0.7463996399133721,9.88,8.880000000000003,7.8800000000000034
COc1nccc(-c2c(-c3ccc(F)cc3)ncn2C2CCC(O)CC2)n1,0,3.1402686018269352,1.8292046488829508,917.9860760588685,-2.8000000000000003,2457498.841343316,18.802754140504845,15.046860288425707,15.046860288425707,13.152198343190415,9.036751944515627,9.036751944515627,6.746873209226704,6.746873209226704,5.029686672265306,5.029686672265306,3.617979890911362,3.617979890911362,17.60570934256055,7.4408371511870035,3.549450579376642
O=S(=O)(F)Cc1ccccc1,0,1.8549845694438387,2.820021199782977,317.5536272566335,-0.9,244.8579631665867,8.319990956308914,5.696567471535493,6.51306405246322,5.0782982619848624,3.0405488110064716,4.593172446786948,2.1687768718781273,3.5351334963274033,1.1818969315009116,1.860041470347757,0.773312458363454,1.3639162327389804,8.199009900990099,3.0031235853327294,3.1331944539307424
CCCS(=O)(=O)Nc1ccc(F)c(C(=O)c2c[nH]c3ncc(-c4ccc(Cl)cc4)cc23)c1F,1,3.1926550046954496,1.7779404633614704,1468.5907519896366,-3.299999999999999,25694615.183989167,23.750347897697548,17.324466161462823,18.896891688409003,15.697509081828487,9.961542417132481,11.991772116461865,7.363390058955137,9.641694027330043,5.009760232137161,6.738359753283564,3.4528622673011315,4.711078726874889,22.878351990573186,8.915150055261146,4.598887138140077
Cc1cccc(Oc2cnc(=O)[nH]c2)c1,1,2.2160272156143628,2.2168660390923343,499.4964130182639,-2.0999999999999996,3164.48686389731,10.673362107437434,8.22781179156544,8.22781179156544,7.237183443017884,4.531570732023293,4.531570732023293,3.172964441707696,3.172964441707696,1.8721875564079669,1.8721875564079669,1.2003808591164016,1.2003808591164016,9.45483670617463,3.9580050950421333,2.4318070932632767
CC[N+](C)(C)c1cccc(O)c1,0,2.045030590862941,3.026535165036495,268.2960188386611,-1.02,445.8166688081211,9.190234444311992,7.910935048944968,7.910935048944968,5.559678737419713,4.186342538749178,4.186342538749178,3.5210764752471193,3.5210764752471193,2.319278869871456,2.319278869871456,1.0521236134697067,1.0521236134697067,9.071074681238617,3.1515896434999315,1.7688978113117904
N=C(N)N,1,0.8112781244591328,2.8030394876740514,26.264662506490403,-0.73,3.2451124978365313,3.5773502691896257,2.1547005383792515,2.1547005383792515,1.7320508075688772,0.8273502691896257,0.8273502691896257,0.4553418012614796,0.4553418012614796,0.0,0.0,0.0,0.0,3.2700000000000005,0.7105286343612336,0.17373428410583605
c1ccc(CC2=NCCN2)cc1,0,2.5883783341970075,2.036479851021026,277.1498704898862,-1.31,1201.0075470674115,8.225768350244728,6.955285285007731,6.955285285007731,5.949489742783179,4.261178338069598,4.261178338069598,2.917566608185206,2.917566608185206,1.9579181760953355,1.9579181760953355,1.3545663526844387,1.3545663526844387,7.345075038728604,3.390937134637743,1.6421649947065866
Cc1c(C(=O)N2CCOc3ccc(-c4ccc(N)nc4)cc3C2)ccc(S(C)(=O)=O)c1F,0,2.9642615001682704,1.6578018412423692,1307.5619537873602,-3.459999999999999,13732913.677301567,23.043241116511005,17.63110588259474,18.447602463522465,15.146885611180736,9.909784184414615,11.801195722472873,7.691817983567964,9.675975443147228,5.428194830939033,6.542434504047987,3.6718895908986364,4.465759115930844,21.759978535776455,8.23315381195176,4.156088455700272
O=C(O)Cc1cc(I)c(Oc2ccc(O)c(I)c2)c(I)c1,1,2.3704141985435307,2.3121998069271603,677.608742370278,-0.30000000000000016,38422.04374419209,15.568549621822843,10.438675318090002,16.911170191618968,9.863081100704113,5.726373931987979,8.962621368752462,4.174384678835257,7.660956725997712,2.552477976472122,5.019097904999225,1.6555285128941544,4.259544998259924,17.06016904160207,7.3092478434784445,4.5822695246085425
CCCC=c1ncc(=CC(Cc2cccs2)C(=O)O)n1Cc1ccc(C(=O)O)cc1,1,3.366245431301798,1.9909962543219,1115.1672423215489,-3.19,7066166.574735955,21.509860921691395,16.6928793392235,17.509375920151225,14.473565548236333,9.785988361926009,10.665641173180903,7.01716869809323,8.049413880454983,4.764814658782466,5.663531122843339,3.1499815814636816,3.914827150051022,21.517227245351027,10.02437207292287,5.4481262787092355
CN1CCN(Cc2ccc(Nc3ncc(Cl)c(Nc4ccccc4S(=O)(=O)N(C)C)n3)cc2)CC1,1,2.838739322609474,1.470013781533722,1261.1191958008146,-2.76,63336861.6901627,25.001424753254113,20.070463650539974,21.642889177486154,16.718383821892054,11.301758799909726,13.119786601719593,8.700088461387672,11.227544416752261,5.8550156098554105,8.004854397500173,3.720890793292513,4.900097328881901,25.3364220052283,10.880687987100243,6.275348612358427
Cc1c(-c2ccccc2)oc2c(C(=O)OCCN3CCCCC3)cccc2c1=O,0,2.7681338802530355,1.6279871806745376,1065.4259886007671,-2.9199999999999995,5561557.431636062,20.216967702877945,16.648756379178256,16.648756379178256,14.147867045540844,10.162679697184236,10.162679697184236,7.4718137537233345,7.4718137537233345,5.490215488315688,5.490215488315688,3.8634048846973235,3.8634048846973235,19.39875450542922,8.617466970188554,4.100447088854504
NC1(Cc2ccc(Cl)cc2)CCN(c2ncnc3[nH]ccc23)CC1,1,3.0636218423120707,1.4767559551008558,833.9962221723945,-2.11,537677.8878131376,16.570703332935974,13.373941318958849,14.129870264977303,11.628741636071942,8.193595445819337,8.571559918828562,6.589892045269657,7.0263278257416415,4.861131135341097,5.113107450680582,3.4601058370851465,3.586093994754889,15.419590786039532,6.072824014100958,2.969331082533784
ON=C(O)CCCCCCC(O)=NO,1,2.216651758376141,3.224400294368869,181.51796012884756,-1.46,1119.4091379799513,10.811554787871634,7.925922260119034,7.925922260119034,6.701907262607799,4.501533972186464,4.501533972186464,2.946669094406771,2.946669094406771,1.7816310614305322,1.7816310614305322,1.0197811566101114,1.0197811566101114,12.54,8.152521589605447,7.203204467018493
O=C(O)c1cn(-c2ccc(F)cc2)c2cc(N3CCNCC3)c(F)cc2c1=O,0,2.6934720335994307,2.01316485573017,1120.2294594201444,-3.2599999999999993,2578794.768296901,19.83613433532446,14.783945322519628,14.783945322519628,13.452397498181156,8.793144035460374,8.793144035460374,6.581287238930176,6.581287238930176,4.865020708921726,4.865020708921726,3.450063657782582,3.450063657782582,18.119583515484447,7.046228876181275,3.114882404515946
O=Cc1ccc(CO)o1,0,2.3403139841551672,2.857899491803966,201.82281909596475,-1.09,173.18323482748238,6.69023444431199,4.702867765183109,4.702867765183109,4.363703305156274,2.5130904445872626,2.5130904445872626,1.5800421889447547,1.5800421889447547,0.9544284703600875,0.9544284703600875,0.5428150262666346,0.5428150262666346,6.036422250316056,2.457568886884076,1.1744039645226125
Cc1noc(NS(=O)(=O)c2ccc(N)cc2)c1C,1,2.610870416113322,2.327592361324992,659.3419266315426,-2.0199999999999996,11425.168940911897,13.336498814253964,9.96695810330354,10.783454684231266,8.39868403267067,5.211929092254895,6.695092339849286,3.8966429817300456,5.579045223139565,2.574622477876861,3.921514589939969,1.3384655134836343,2.3851377194804297,12.437269065941917,4.337583644907168,2.3030302240964393
Cc1ccc(NC(=O)c2ccc(CN3CCN(C)CC3)cc2)cc1Nc1nc(-c2cccnc2)cs1,0,3.368457771081361,1.2154593582303217,1313.6415394079777,-3.589999999999999,237746935.18005785,24.907202147189924,20.569088099135808,21.385584680063534,17.530009778701594,12.081560889240691,12.961213700495586,9.164770939968323,10.022873791826338,6.416729218020461,7.174450284825118,4.156622588418322,4.888605333415903,24.11979131516682,10.990199320609882,5.964025733602305
NC(=O)c1ncn(C2OC(CO)C(O)C2O)c1O,0,2.824413936520752,2.30201617959144,461.1554918594934,-1.6800000000000004,13365.126747616197,13.4472292782632,9.17098655025178,9.17098655025178,8.468432912787325,5.150494699084221,5.150494699084221,3.917160783229468,3.917160783229468,2.792315856098573,2.792315856098573,1.82451199047121,1.82451199047121,12.768559648832733,4.534955515932041,1.8241821321119507
C#C[C@]1(O)CC[C@H]2[C@@H]3CC=C4CC(=O)CCC4[C@H]3CC[C@@]21CC,0,2.8809595799769823,1.6774088498752657,597.4530522903293,-1.07,264546.99439096637,16.242276208189782,14.183524531780508,14.183524531780508,11.043772185574866,9.45210005842667,9.45210005842667,8.401218239660803,8.401218239660803,7.991593981007155,7.991593981007155,6.884105316468042,6.884105316468042,15.457260686118481,5.214170225517998,1.9555471707233982
O=C1CCCC(=O)C1C(=O)c1ccc(C(F)(F)F)cc1[N+](=O)[O-],0,2.4480528479428183,2.4975066250656877,694.8545566350957,-2.5800000000000005,84876.44029102546,17.361442840636293,11.553069887165101,11.553069887165101,10.624916223326123,6.579240371313298,6.579240371313298,5.070239649711506,5.070239649711506,3.5397063608960457,3.5397063608960457,2.420404254038109,2.420404254038109,16.784764642240336,5.899505171652444,3.274946416039865
O=C(O)C=Cc1ccc(O)c(O)c1,0,2.069443369158913,2.915115080665927,354.63237624992405,-1.9700000000000002,734.652396051414,9.844934982691242,6.636640422911867,6.636640422911867,6.092224152875014,3.5236620127174136,3.5236620127174136,2.419722724044893,2.419722724044893,1.4178307106627883,1.4178307106627883,0.8116444294648705,0.8116444294648705,9.120661831368993,3.6204159744383486,2.5168943096011875
Oc1cccc(O)c1O,0,1.8289585849367003,3.2478347337367026,199.2929995478469,-1.3800000000000001,109.73751509620202,6.8533711511285205,4.573691594068752,4.573691594068752,4.21521405516327,2.4148373291062297,2.4148373291062297,1.644871042905141,1.644871042905141,0.9934283659425045,0.9934283659425045,0.5194891855665769,0.5194891855665769,5.751233595800525,1.8538798628179078,0.8872034679438723
Cc1ccc(C(=O)N(CCCN)C(c2nc3cc(Cl)ccc3c(=O)n2Cc2ccccc2)C(C)C)cc1,1,2.8833763714586493,1.9286690328884086,1432.187845552029,-3.479999999999999,174365427.4297471,26.52636877963644,21.52478300302741,22.280711949045866,17.79493275328225,12.614514304145212,12.992478777154439,9.704024514503123,10.14046029497511,6.524718236205782,6.759815338993521,4.6439069917834415,4.810250546824737,26.57930042983845,11.713145004347528,5.921947922766244
CC(C)Cc1ccc(C(C)C(=O)O)cc1,0,2.1655069394400757,2.7590371332701524,324.8941190021566,-1.31,1862.335967918465,11.422285251880869,9.526670282288125,9.526670282288125,7.002907755397974,5.32030090584347,5.32030090584347,4.3994781236223774,4.3994781236223774,2.494095609718196,2.494095609718196,1.556376775771452,1.556376775771452,11.763046018991963,4.964460295417243,3.387630631562938
CC(C)c1c(C(=O)Nc2ccccc2)c(-c2ccccc2)c(-c2ccc(F)cc2)n1CCC(O)CC(O)CC(=O)O,1,3.2826385446891564,1.8911368586991832,1467.2614722780866,-4.269999999999999,1186797891.381011,29.51793261119916,23.126697136906607,23.126697136906607,19.650774800938816,13.673333101244198,13.673333101244198,10.413140783424087,10.413140783424087,6.929700520922142,6.929700520922142,5.203120086669144,5.203120086669144,29.706386734292373,13.391123510541881,7.279067288565614
N=c1n[n+]([O-])c2ccccc2n1O,0,2.146239890526001,3.055072391257016,519.3717360617769,-2.1099999999999994,1131.0684223072026,9.422285251880869,6.506503749222199,6.506503749222199,6.198377302757661,3.554351646024598,3.554351646024598,2.4970612825203062,2.4970612825203062,1.7021707416388727,1.7021707416388727,1.101374500495622,1.101374500495622,7.534540188622791,2.4421882218551296,0.9938034608202165
CC1(C)CCC(CN2CCN(c3ccc(C(=O)NS(=O)(=O)c4ccc(NCC5CCOCC5)c([N+](=O)[O-])c4)c(Oc4cnc5[nH]ccc5c4)c3)CC2)=C(c2ccc(Cl)cc2)C1,1,3.7219099251765475,1.0032092071926542,2563.538280931458,-5.479999999999999,43762524630358.69,42.72682862456929,34.285447371989456,35.85787289893563,29.297596635107283,20.665802219668333,22.52692994027195,16.86957252598595,18.988410547867463,11.96822863099511,13.548865425107508,8.400013009129422,9.511855993786975,42.22048453336903,17.855789620807272,10.01823709713814
COCCOc1ccc2c(c1)ncn2-c1ccc2cccc(N3CCC(N)CC3)c2n1,1,3.2235293875541,1.49889411043575,1197.2475625705947,-3.1599999999999997,23542041.140832454,21.208531534440663,17.69884461113273,17.69884461113273,15.224677988261849,10.722781127266186,10.722781127266186,7.9491395683929875,7.9491395683929875,5.8862663834120434,5.8862663834120434,4.158529622700951,4.158529622700951,19.782817100578267,8.528611118725426,3.9391242715424206
CC(NC(=O)c1ncnc(N)c1Cl)c1ncc(C(=O)Nc2cc(C(F)(F)F)c(Cl)cn2)s1,0,3.2089743569277362,1.7039051113039532,1189.192032848798,-3.0299999999999994,10082972.879466709,23.629027554137906,15.867523233575312,18.195877706539946,14.968252816226652,8.536706724792671,10.109132251738853,6.180670185992784,8.028061782832568,3.8992469754416983,5.751886693572328,2.363478977173014,3.572947345760955,23.629308762664593,9.221747760122481,5.230733456413557
CC(=O)Nc1nc(C)c(S(=O)(=O)Nc2ccc(C(O)(C(F)(F)F)C(F)(F)F)cc2)s1,0,2.9254149169633625,2.3553320046059567,1031.8097977875375,-2.389999999999999,1480681.2077315042,23.120955864630133,15.012856558133098,16.64584971998855,13.487018995787604,7.730035076816527,10.029694905338646,5.961849393146675,8.83858454719461,3.656453302904634,6.720193642465767,2.3048147971687567,4.825375683544287,23.884735712869414,7.69959121892895,4.51532861894889
COC1C=CC=C(C)C(=O)Nc2cc(O)c(NCCN(C)C)c(c2O)C=C(C)CC(OC)C(O)C(C)C=C(C)C1OC(N)=O,1,2.9507744259689996,2.7167821843154325,1287.2857484367178,-3.8400000000000003,1464327129.1334062,33.13709924364568,26.8796194081543,26.8796194081543,20.690886020998143,14.38748299100582,14.38748299100582,11.286457700038454,11.286457700038454,7.355445636090863,7.355445636090863,4.870985384393071,4.870985384393071,36.35200238751616,16.858177394239483,10.119678787223265
C=C[C@]1(C)CC[C@@H](C(=C)C)C[C@H]1C(=C)C,0,2.171483623176981,2.875305742596566,284.41343573651113,-0.78,1661.1849717303905,11.637828201504695,10.474691494688164,10.474691494688164,6.903701311784667,5.848353872014526,5.848353872014526,5.426534780795673,5.426534780795673,4.105837907883782,4.105837907883782,2.787039651464649,2.787039651464649,12.290323488045008,4.384126812949213,2.420760332828889
O=C1C(CCC(O)c2ccc(F)cc2)C(c2ccc(O)cc2)N1c1ccc(F)cc1,0,2.7434068305407338,1.546077089914234,1019.8265077961433,-3.2499999999999987,5927514.534339531,21.250347897697548,16.08028562319968,16.08028562319968,14.435560745775549,9.749263724168673,9.749263724168673,7.472218610708536,7.472218610708536,5.559223598032564,5.559223598032564,3.961376033059673,3.961376033059673,20.040304357036934,8.24084081632653,3.910448871693423
NC1(c2ccc(-c3nc4ccn5c(=O)[nH]nc5c4cc3-c3ccccc3)cc2)CCC1,1,3.182313349912265,1.5861978992103931,1478.2307639979133,-3.7699999999999987,22021302.879311282,21.00142475325411,16.87676291998852,16.87676291998852,15.121941584798403,10.481155281946975,10.481155281946975,8.308513069777103,8.308513069777103,6.442642630790135,6.442642630790135,4.476000776751793,4.476000776751793,18.035309996054,6.617690246209264,2.794770804499503
OCCc1ccc(O)cc1,0,1.9451446018149496,2.693803452362809,190.91749419417292,-1.02,210.07561699601456,7.397341225498538,5.618041830131515,5.618041830131515,4.825698502695489,3.2147551594060095,3.2147551594060095,2.1400539779610033,2.1400539779610033,1.336818838491722,1.336818838491722,0.7917140418289847,0.7917140418289847,7.091358574610246,3.2248465665342856,1.739178486124621
C[N+]1(C)[C@@H]2C[C@@H](OC(=O)C(CO)c3ccccc3)C[C@H]1[C@@H]1O[C@@H]12,0,3.2712646625911876,1.4395737120834673,582.2989656459594,-1.4299999999999997,340146.0996162317,16.189869965382485,13.591345367037036,13.591345367037036,11.01920518133496,8.371683132193386,8.371683132193386,7.5052329981142964,7.5052329981142964,5.990081962803482,5.990081962803482,4.549181358817226,4.549181358817226,15.11848994897835,5.2956181902011705,2.3820462614253493
COC(=O)OCOc1c2n(ccc1=O)N([C@@H]1c3ccccc3SCc3c1ccc(F)c3F)[C@@H]1COCCN1C2=O,0,3.1342720557634194,1.5759340768138352,1565.5621550873975,-4.099999999999998,1481275277.7025976,27.965526368391867,21.172592654058228,21.989089234985958,19.401085903164894,12.353888663463609,13.3394872231171,9.155217119851104,10.172393794668173,7.07966379345283,8.195465753192595,5.305315112675443,6.419675426005029,26.13958489009511,10.467513395152432,4.251675065263413
CC(=O)Nc1ccccc1,0,1.8810140578490522,2.6742416022951265,217.9590174505521,-1.31,195.6254620163014,7.397341225498538,5.794999636411993,5.794999636411993,4.787693700234704,3.114807747754891,3.114807747754891,2.0472116216323366,2.0472116216323366,1.0941576719540291,1.0941576719540291,0.7247493182822928,0.7247493182822928,6.805074798619103,3.011779444695785,1.89537540220571
CCCCCN(C)CCC(O)(P(=O)(O)O)P(=O)(O)O,0,2.226573582237642,4.63283540319126,341.5796244741917,0.21999999999999995,5486.277306633549,15.319990956308912,11.136846032046678,12.925700414046508,8.454507021897173,5.976298064233505,9.201021998573639,4.622782611901547,8.631354656747478,2.9053345805521573,6.781783453676072,1.545367853930803,3.685512767771368,19.219999999999995,7.29186173454817,5.614222872485208
CN(C)C(=O)CCS[C@H](SCCC(=O)O)c1cccc(/C=C/c2ccc3ccc(Cl)cc3n2)c1,0,2.8086498929516233,1.7375109734010366,1183.6744002915257,-2.479999999999999,31496480.764548797,24.50142475325411,19.109228776386256,21.498150884260163,16.31257084348729,10.811389896534749,13.286863949505292,7.83200748866123,10.99281139643813,4.974188408436762,8.055264817668181,3.1605298495437055,5.980337099468388,26.130471573982824,12.835498160680253,8.077997253695157
Nc1nc2ccc(OC(F)(F)F)cc2s1,0,2.4045838156616686,2.380107930050765,494.08270571066373,-1.5000000000000002,2390.1563127676986,11.05204176387779,7.207004672213868,8.023501253141594,6.938471607291,3.857365892248923,4.673862473176649,2.729436960174669,3.791663957264619,1.610023153436806,2.457351025596387,1.1198832929235507,1.8825236435173536,10.032699167657551,3.265432098765432,2.295918367346939
CC(C)OC(=O)C(C(=O)OC(C)C)=C1SC=CS1,1,2.6779087253958753,2.9250504029180715,362.8815910390203,-0.88,8896.012785765099,13.706742302257043,10.758890819541683,12.391883981397136,8.413591357920932,5.560288323065489,7.31959394557528,4.0784520634240495,6.169102595297429,1.7035676256557273,3.8339285068549604,1.1207848811537737,2.937014349481688,15.178411214953275,6.894344176913592,4.418499797143119
COC(=O)C1=C(C)N=C(C)C(C(=O)OC(C)C)C1c1cccc2nonc12,0,3.079856243931842,2.2381647293580977,957.1607547968405,-3.03,1213346.3255718765,19.71481399176481,15.846983853956948,15.846983853956948,12.845443010499071,8.606774040405263,8.606774040405263,6.664031323327555,6.664031323327555,4.491653037289208,4.491653037289208,3.4371446730125492,3.4371446730125492,18.751936564048826,7.3006293063843275,3.3427691248329703
OC1C(O)C(O)C(O)C(O)C1O,0,2.0815718239857546,2.7602520756252087,103.58797503894243,-0.24000000000000002,416.3143647971509,9.464101615137755,6.147383188137504,6.147383188137504,5.464101615137754,3.5491933384829673,3.5491933384829673,2.943554920379084,2.943554920379084,2.099462225655312,2.099462225655312,1.212125081135545,1.212125081135545,9.845034013605442,3.249570651732814,1.3266768697071722
Cc1cccc(-c2[nH]c(CNc3ccccc3F)nc2-c2ccc3ncnn3c2)n1,0,3.3944843204567596,1.558940452352229,1338.3520182818604,-4.069999999999999,15034839.768714119,20.501424753254113,16.171992192781453,16.171992192781453,14.669836433395457,9.483052415596207,9.483052415596207,6.885294973132934,6.885294973132934,4.765007899280002,4.765007899280002,3.323007901806041,3.323007901806041,17.990102596000533,7.397505031103794,3.389131748289391
O=C(Nc1ccccc1)OCC(CN1CCCCC1)OC(=O)Nc1ccccc1,0,2.740438025011667,1.5284759786184245,764.1415483716594,-3.0599999999999996,4342081.547853686,20.31334402005525,16.38080718674713,16.38080718674713,14.186673185801062,9.927421059942215,9.927421059942215,6.969097943154155,6.969097943154155,4.62491959666594,4.62491959666594,3.218181367725235,3.218181367725235,20.668552696774814,11.065947252097963,7.4615048224988865
CCCCCC/C=C\CCCCCCCC(=O)O,0,2.3446101899431584,3.0558487808734096,209.1425000045842,-0.79,8372.602988287019,13.476845205801295,11.995443798581647,11.995443798581647,8.770055610029663,7.638221029022792,7.638221029022792,5.020920457950199,5.020920457950199,3.152443847844729,3.152443847844729,1.9934121617253042,1.9934121617253042,17.21,14.271690314620606,15.21
O=C(Nc1ccc(-c2ccnc(Nc3ccc(N4CCOCC4)cc3)n2)cc1)C1CCCN1,1,3.4121257426889686,1.2260263389705457,1074.8110936212352,-3.4899999999999998,75568812.87243359,22.45960838999722,18.458737796819317,18.458737796819317,16.242316078466885,11.420450855469054,11.420450855469054,8.252322104497768,8.252322104497768,5.980262550368237,5.980262550368237,4.147960290060747,4.147960290060747,21.360665955663283,9.974375619949537,5.295722488668567
NC(CO)(CO)CO,0,1.8672649607197351,3.5832125652604643,54.03910001730775,-0.16,52.28341890015258,6.621320343559643,4.540311399249142,4.540311399249142,3.6819805153394642,2.2980186044251476,2.2980186044251476,1.8367140847210515,1.8367140847210515,0.9446816720025198,0.9446816720025198,0.14999999999999994,0.14999999999999994,7.840000000000001,2.9852263467168973,1.7506488401138385
CC(C(=O)O)c1ccc(-c2ccccc2)c(F)c1,0,2.3826482345604862,2.4013638717125736,563.9612141459352,-2.1599999999999993,12990.19817482377,13.120955864630139,9.929578781679682,9.929578781679682,8.592224152875016,5.67013119210132,5.67013119210132,4.1652345741536,4.1652345741536,2.9483613261911517,2.9483613261911517,1.7950975629394583,1.7950975629394583,12.300954293871056,5.001422908877978,2.399039500976548
CC(C)Cc1ccc(C(C)C(=O)NS(C)(=O)=O)cc1,0,2.2566775454820664,2.774328746627061,532.314433788333,-1.3599999999999999,9135.030704111405,14.629392033067417,11.804201558179756,12.620698139107482,8.687359167265484,6.2923998771226195,8.183811415180873,5.299718825336516,7.048174024520265,2.802940431068779,3.3749157064984687,1.8362883025731138,2.3785158880097566,15.69668934240363,6.191427298901629,5.424996142435401
CCn1c(-c2nonc2N)nc2c(C#CC(C)(C)O)ncc(OCC3CCCNC3)c21,0,3.3392863351746747,1.8251446101660587,1127.7263533639623,-3.16,12708869.648733228,22.009860921691388,17.97446964861564,17.97446964861564,14.87032325986914,10.437537392214995,10.437537392214995,8.178409535909125,8.178409535909125,5.13841103659562,5.13841103659562,3.6356095717885606,3.6356095717885606,21.08654927907059,8.528611118725426,4.4741164525051635
COc1cc2nccc(Oc3ccc(NC(=O)NC4CC4)c(Cl)c3)c2cc1C(N)=O,0,3.5272108148238392,1.6002616831341396,1147.2996854988344,-3.52,10373463.516602244,21.250347897697555,16.068537215444366,16.824466161462823,14.43989204342512,9.258246668762611,9.636211141771838,6.859429652785022,7.266629779525628,4.617389166175173,4.930098174663472,2.9578575412445303,3.1756347983591633,19.78162067422846,8.076871617315621,4.230758372188205
Cc1ccccc1C(=O)Nc1ccc(C(=O)N2CCCC(O)c3cc(Cl)ccc32)c(C)c1,0,2.9212542483630877,1.5950983887942933,1191.4395548481805,-3.149999999999999,16516990.614313524,22.827698166887174,18.0610615495824,18.816990495600855,15.346244348298507,10.619212215905907,10.997176688915136,8.116700530911098,8.553136311383083,5.848181246961243,6.083278349748982,4.120608212523066,4.301150842751808,22.0585694077172,9.14733509953085,4.400921091119371
NC12CC3CC(CC(C3)C1)C2,0,1.787472375890056,1.940003547175709,150.02758609770032,-0.04,434.3557873412836,7.474691494688164,7.052041763877789,7.052041763877789,5.234894785954589,5.023569920549402,5.023569920549402,5.279927863931453,5.279927863931453,4.08560419816215,4.08560419816215,4.1776335683594965,4.1776335683594965,6.473203017832648,1.8200897383602357,0.8682518116739604
CC(C)C(N)C(=O)OCC(CO)OCn1cnc2c(=O)[nH]c(N)nc21,1,2.966969086750398,1.9705446797766404,785.6005784335678,-2.5,349571.26477001864,18.56011345338556,14.007269502552685,14.007269502552685,11.828606258093465,7.683919522972123,7.683919522972123,5.837927514997286,5.837927514997286,3.5479478565002247,3.5479478565002247,1.9479645577642157,1.9479645577642157,18.83318243549117,8.051124972154154,4.526159169550173
COc1ccc(S(=O)(=O)Nc2cccnc2Nc2ccc(O)cc2)cc1,0,2.6484140299317462,1.8558622445163282,987.7046088096464,-3.2599999999999993,774735.2593478739,18.570703332935967,13.878273313941255,14.694769894868982,12.475494975391678,7.6574427560934275,9.14060600368782,5.352470882789083,7.034873124198598,3.551814060262179,4.93322396918971,2.227315551547052,3.2937853750587935,17.559419292901637,7.32095854252985,4.03748655570985
COC(=O)C1=COC(O)C2C(CO)=CCC12,1,2.729731889328384,2.25606009538387,357.38642290670055,-1.33,6215.59951200073,11.706742302257043,8.920136970712731,8.920136970712731,7.685070510202191,5.103744934049676,5.103744934049676,3.896552277194994,3.896552277194994,3.1404062849517604,3.1404062849517604,2.324080079325922,2.324080079325922,11.164239640250882,4.269909831885305,1.6166650814008687
COc1ccc(Cn2ccc3ccc(C(O)=NO)cc32)cc1,0,2.9675737320849334,1.9538160213843816,819.5412623426729,-2.9499999999999997,167620.4346830854,15.526733258565956,12.100361876356878,12.100361876356878,10.707039898056806,6.842582419989656,6.842582419989656,4.988915669933091,4.988915669933091,3.63879761244273,3.63879761244273,2.446261587699283,2.446261587699283,14.007002048058858,5.810814615684895,2.606442412256822
CN(C)c1ccc(C(=C2C=CC(=[N+](C)C)C=C2)c2ccc(N(C)C)cc2)cc1,1,2.691668077041317,2.119467952339444,878.3574784099058,-3.0699999999999994,1891833.5246123355,20.25878406613483,17.769844016775387,17.769844016775387,13.363081100704113,9.568203581387444,9.568203581387444,7.698903646025674,7.698903646025674,5.0171328761466185,5.0171328761466185,3.278717591272857,3.278717591272857,19.684979593226874,8.301986075767203,4.251419554272083
COc1c(C)c2c(c(O)c1CC=C(C)CCC(=O)O)C(=O)OC2,0,2.891589521329906,2.3678904247555956,687.0593870783534,-2.5,130529.2425823533,17.145899891012466,13.433197746791187,13.433197746791187,10.862279762904679,7.321770588918133,7.321770588918133,5.563433986667702,5.563433986667702,4.035473361558709,4.035473361558709,2.7105294273496305,2.7105294273496305,16.863439697133586,6.726001511715798,3.3062283737024223
CN(C)C(N)=NC(=N)N,1,1.6343741500928624,3.99612581326403,135.89342114105557,-1.26,60.47184355343591,7.439157588755425,5.549127729379167,5.549127729379167,4.036581260209188,2.3925978534394785,2.3925978534394785,1.7496698906680432,1.7496698906680432,0.6932000340582364,0.6932000340582364,0.2234101743028729,0.2234101743028729,7.739999999999999,2.9071056558917943,3.33347181008902
CC(C)N(CC1OC(n2cnc3c(N)ncnc32)C(O)C1O)C1CC(CCc2nc3cc(C(C)(C)C)ccc3[nH]2)C1,0,3.578502863191363,1.0555309515412632,1519.2397936957184,-3.1199999999999997,1459290235.9688501,29.051312806018768,24.527044459861404,24.527044459861404,19.49022220408126,14.687515759095296,14.687515759095296,13.11514117562669,13.11514117562669,8.919844382194025,8.919844382194025,6.3468037059500855,6.3468037059500855,28.02091041991535,10.614590697328362,5.314983147938229
O=C(Cc1ccc(-c2ccc(OCCN3CCOCC3)cc2)cn1)NCc1ccccc1,0,2.8505966287046016,1.232845421533451,969.4636461543531,-3.2199999999999998,28323892.979177397,22.01201463280452,18.2042295421594,18.2042295421594,15.759152830872495,11.050385786855703,11.050385786855703,7.80416880792465,7.80416880792465,5.466516321589005,5.466516321589005,3.5843075896689305,3.5843075896689305,21.991127001597278,11.413438827146505,6.638230165624808
CCC1OC(=O)C(C)C(OC2CC(C)(OC)C(O)C(C)O2)C(C)C(OC2OC(C)CC(N(C)C)C2O)C(C)(O)CC(C)C2NC(COCCOC)OC(C2C)C1(C)O,1,3.151110696717293,1.8327945607212108,1292.2551626347656,-1.0900000000000005,1088369865313.9899,43.49047039477418,37.583252926667875,37.583252926667875,27.019166490748525,21.35238760295771,21.35238760295771,18.57681528162199,18.57681528162199,13.453760062569563,13.453760062569563,10.018337857220292,10.018337857220292,49.56429474540637,20.39713001375101,11.098883719331905
Cc1cc(Nc2cc(CN3CCOCC3)c3nc(C)c(Cc4ccc(Cl)cc4F)n3n2)[nH]n1,0,3.3331696662969543,1.5693760414195173,1295.6949048669428,-3.01,45915772.0864644,22.94901851044682,18.52963724704952,19.285566193067975,15.957530133630161,10.872640206370875,11.250604679380102,8.283163531112725,8.719599311584709,5.79276886071759,6.027865963505329,4.083285104258525,4.242072960594512,21.815771056869867,9.088406398623194,4.705806105725344
CCC(C)n1ncn(-c2ccc(N3CCN(c4ccc(OCC5COC(Cn6cncn6)(c6ccc(Cl)cc6Cl)O5)cc4)CC3)cc2)c1=O,1,3.884754611566343,0.9252982702044733,1907.319691394515,-4.359999999999999,199522788933.96674,33.9592439110677,27.361089428399968,28.872947320436875,23.813632049713455,16.40760222475177,17.16353117077022,12.301757421764197,13.145393328976787,9.150017714269008,9.69782382554505,6.240378005685441,6.792838919976671,33.15173603468026,14.242160394904474,7.044519489054606
O=C(Nc1nc2cccc(-c3ccc(CN4CCS(=O)(=O)CC4)cc3)n2n1)C1CC1,0,3.500809971671035,1.333006373301333,1185.109816627291,-2.7799999999999994,13354833.866971118,20.716967702877938,16.49039716567813,17.30689374660585,14.466259612059043,10.155634281573322,11.977001486619239,8.004850418763532,10.308487095225138,5.635820913967121,7.244986221493526,3.6819475673025477,4.958810778775933,19.199401827291677,7.479471063830015,4.079546216071901
CCC(CO)Nc1nc(NCc2ccccc2)c2ncn(C(C)C)c2n1,0,3.090086506110079,1.9582850725998515,841.8615600652349,-2.67,1065165.1790021686,18.518297090128677,15.476190474576443,15.476190474576443,12.617723500579766,9.01723464055604,9.01723464055604,6.58485704329426,6.58485704329426,4.326954097607895,4.326954097607895,2.7232664199828,2.7232664199828,18.131001981113418,8.1392269651338,3.935433731960692
CC/C=C\C/C=C\C/C=C\C/C=C\C/C=C\C/C=C\CCC(=O)O,0,2.5642880619461503,3.5114198390603746,462.3615868473694,-2.0899999999999994,164317.01472144737,17.71948589292058,14.940519365731717,14.940519365731717,11.770055610029663,8.887370600328087,8.887370600328087,5.347600395005797,5.347600395005797,3.121399600730088,3.121399600730088,1.8464139670419966,1.8464139670419966,21.910000000000004,18.95782400765184,19.91
CC(=O)C1CCC2C3CC=C4CC(O)CCC4(C)C3CCC12C,0,2.8512912772504935,1.6619631243467547,550.0448238342481,-0.6300000000000001,209150.76906015543,16.405412915006313,14.97641775059396,14.97641775059396,10.859844450845582,9.74076357964669,9.74076357964669,9.441075576151926,9.441075576151926,8.56863583422668,8.56863583422668,7.309492852773442,7.309492852773442,15.872089143739272,5.181023216264269,2.1288816425048305
Cc1cccc(Nc2ccccc2C(=O)O)c1C,1,2.3523078979925844,2.402484300749035,590.7975148337515,-2.2899999999999996,12394.310314522927,13.120955864630139,10.396913770291203,10.396913770291203,8.592224152875016,5.74909814802783,5.74909814802783,4.223207605941433,4.223207605941433,3.031440483672375,3.031440483672375,1.8102102333844057,1.8102102333844057,12.174429825362497,4.918407118135079,2.3483829738413826
COc1cc2ncnc(Nc3cccc(Cl)c3)c2cc1OC,0,2.536419075563668,2.093088316671023,823.5951342117371,-2.5299999999999994,130369.40406489698,15.526733258565956,12.130340129264253,12.886269075282708,10.707039898056804,6.603406226315655,6.981370699324882,4.581963600781545,5.018399381253531,3.2280076527180936,3.4631047555058325,2.185644772627907,2.3759326207671077,14.409060124188407,6.071664934514076,2.7555737096941786
CCC1OC(=O)C(C)C(OC2CC(C)(OC)C(O)C(C)O2)C(C)C(OC2OC(C)CC(N(C)C)C2O)C(C)(O)CC(C)C(=O)C(C)C(O)C1(C)O,0,3.051689271018923,2.183066335168143,1167.2981664566057,-1.3000000000000005,26903252120.26669,38.96337265727873,32.93794905930123,32.93794905930123,23.425518795621915,18.49411746576694,18.49411746576694,16.47185399039674,16.47185399039674,11.82155303913761,11.82155303913761,8.410333558667126,8.410333558667126,44.099455271260695,17.014478793825404,9.506326969189503
COC(=O)CCC(=O)CN,0,1.988615511683862,3.352921516464098,116.95461844238322,-0.9000000000000001,147.1575478646058,7.983127663125442,5.9234154841408575,5.9234154841408575,4.701907262607799,2.989529188403342,2.989529188403342,1.8189318929868223,1.8189318929868223,1.0633047144060137,1.0633047144060137,0.4456056018041985,0.4456056018041985,9.1,4.9308175341142375,4.026688004877305
Nc1ccc(O)c(C(=O)O)c1,1,1.9361507976020194,3.232208870305491,295.7372022742226,-1.71,267.18881006907867,8.430721420318147,5.612076558222283,5.612076558222283,5.109060905280622,2.928046747039288,2.928046747039288,2.0817390106800127,2.0817390106800127,1.251018151748077,1.251018151748077,0.7249564780049851,0.7249564780049851,7.397642626480085,2.4943628247787246,1.402945662258468
CCCC(C(=O)N=C1C(=O)N2C(C(=O)OCOC(=O)C(C)(C)C)=C(COC(N)=O)CS[C@H]12)c1csc(N)n1,0,3.2793904910410774,1.8154489213495848,1202.5688781591425,-3.46,132460511.07115692,28.197941654890247,21.34640894301937,22.979402104874822,17.84446157613896,11.61757470291054,13.545982304146092,9.416982409934121,11.375192615957275,5.474810834162653,7.431878235508989,3.5614677723558947,5.418758904157181,29.101231230502503,11.93899824232515,6.505340241736776
O=C(O)CCCN1CCC(OC(c2ccc(Cl)cc2)c2ccccn2)CC1,0,2.684413409925476,1.6035724694853923,715.9663955992833,-1.9499999999999995,1492447.954689447,19.06226716449869,15.259352000638922,16.015280946657377,13.114193540729628,9.376049266176565,9.754013739185792,6.860568318098288,7.297004098570273,4.857275124958471,5.109251440297956,3.4029758043771565,3.528963962046899,19.801739948954665,9.832102604450212,6.026157008661864
C[N+](C)(C)CCOP(=O)([O-])OCC(O)CO,0,2.115117769585051,3.8326574016634782,241.17325948008238,-0.01000000000000005,1501.733616405386,12.819990956308914,9.827624937791102,10.722052128791017,7.161613803083721,4.856438801738285,6.317032288418728,4.426531871546064,5.837356842040303,1.647293776765927,2.611394693134645,0.6937869878887625,1.428229150822175,15.989999999999998,6.659048602058968,9.232920352424768
CC12C=CC(=O)C=C1CCC1C2C(=O)CC2(C)C1CCC2(O)C(=O)CO,0,2.86203587147837,1.7605370426078075,764.3631263188779,-1.59,715692.1381653671,18.90541291500631,15.325914364648549,15.325914364648549,12.170504622625403,9.507196475520397,9.507196475520397,9.015459919213281,9.015459919213281,8.013830304908232,8.013830304908232,6.622466056168253,6.622466056168253,17.805432845726006,5.458357665377325,2.0144529342647997
O=C1C2CCN(CC2)C1(CO)CO,0,2.2075566237512017,2.3074980186983467,216.8997038553054,-0.44999999999999996,1271.5526152806922,9.474691494688164,7.56988003327265,7.56988003327265,6.242347377127681,4.754920503758349,4.754920503758349,3.9733849451281453,3.9733849451281453,3.4528721874002293,3.4528721874002293,2.511343948197635,2.511343948197635,9.118619708337306,3.0441303923135674,1.0582541986784242
CCNC(=O)C1CCCN1C(=O)C(CCCN=C(N)N)NC(=O)C(CC(C)C)NC(=O)C(CC(C)C)NC(=O)C(Cc1ccc(O)cc1)NC(=O)C(CO)NC(=O)C(Cc1c[nH]c2ccccc12)NC(=O)C(Cc1c[nH]cn1)NC(=O)C1CCC(=O)N1,0,2.390247582895549,1.2222204607571472,3054.2808384565633,-9.079999999999998,2.507055029916051e+19,63.320322272774426,49.78155906048761,49.78155906048761,41.525426252340004,29.502676431388995,29.502676431388995,22.76057810399428,22.76057810399428,14.899098929209309,14.899098929209309,10.500748903789413,10.500748903789413,67.05156335016473,32.432024620054776,20.001979306243474
NS(=O)(=O)c1cc2c(cc1Cl)NCNS2(=O)=O,1,2.134849960768007,2.7904937240424075,683.3155123780438,-0.8700000000000001,4303.857520908302,12.844934982691244,8.26661180454783,10.655533912421737,7.716162047958507,4.31553091882839,7.7229781173535725,3.325126454001831,6.99754663865525,2.1711652179249317,4.987914405774952,1.4173284469978171,3.7023527323273178,12.583385378594171,3.8175416799939437,2.2392150460713234
CCCCNC(=O)NS(=O)(=O)c1ccc(C)cc1,0,2.288983030440514,2.6444911926355648,494.5587374421375,-1.5599999999999996,7718.450778645413,13.596011838247808,10.5637145821736,11.380211163101325,8.453525587537065,5.827733145854867,7.31089639344926,4.028005621016225,5.710407862425744,2.3742334526782356,3.721125564741343,1.3131639873088672,2.24164406840542,14.500827250608275,6.393460366483331,4.3668002603657445
c1ccc2c(Cc3c[nH]c4ccccc34)c[nH]c2c1,0,3.050597177264692,1.823911847977008,779.6005337065441,-2.4799999999999995,67287.02193892731,12.656489770562876,10.480609473082808,10.480609473082808,9.415816237971965,6.516507857945052,6.516507857945052,4.895771344103633,4.895771344103633,3.7307402984221487,3.7307402984221487,2.7609244268825015,2.7609244268825015,10.443206127385112,4.0227765264994515,1.6456232342469768
CC(=O)O[C@@]12CO[C@@H]1C[C@@H](O)[C@@]1(C)C(=O)C(=O)C3C(C)[C@@H](O)C[C@@](O)([C@@H](OC(=O)c4ccccc4)[C@H]21)C3(C)C,0,2.86524312457259,1.7953842722350262,1211.6799383391553,-2.6599999999999997,215518052.18063354,28.70637782332753,22.74890239358207,22.74890239358207,18.12442288163528,13.369564715708083,13.369564715708083,12.499619571017636,12.499619571017636,10.249706647225915,10.249706647225915,7.946233315032677,7.946233315032677,27.88985302174944,8.92312913046707,3.6082454394737082
Oc1c(Cl)cc(Cl)cc1Sc1cc(Cl)cc(Cl)c1O,1,2.31315039654253,2.4729202264566297,590.6118891901951,-0.4500000000000002,14757.899529941342,14.154336059449747,9.123934450259192,12.964146815260738,8.879917853109719,4.920791908740779,7.249146381705415,3.570771852668548,6.341820623580555,2.2063293698942426,4.281223125142487,1.3588153936009033,3.609057586302326,14.948741504830554,5.8974041608264,3.357829941782835
CCN=C1Nc2ccc(Cl)cc2C(C)(c2ccccc2)O1,1,2.4938155881197464,2.189578134752269,684.4443929864826,-1.9999999999999993,73747.11457187714,14.872032720186704,12.059335293676604,12.81526423969506,10.131176948131037,6.992889346157385,7.370853819166612,5.095735707021033,5.5321714874930175,3.6643520446541538,3.8994491474418926,2.5952508721087484,2.7673538960616155,13.959183673469388,5.4131113423517165,2.492157923201731
CCC(c1ccc(O)cc1)C(CC)c1ccc(O)cc1,0,2.47019048125337,2.3163196571785463,476.84960987081564,-1.9599999999999995,36558.81912254988,14.535169427003234,12.082143445269272,12.082143445269272,9.651397005390978,7.2313417514155764,7.2313417514155764,5.2125471716769445,5.2125471716769445,4.00783604061375,4.00783604061375,2.948087170335632,2.948087170335632,14.449134241932065,6.465414286422164,3.13127300293703
C/C=C1\[C@H]2C=C(C)C[C@]1(N)c1ccc(=O)[nH]c1C2,0,2.264849133491206,2.2816181365152883,623.6259267782002,-1.6099999999999999,12923.229155700821,12.91384908344359,10.786563467974714,10.786563467974714,8.541860550653997,6.399100350900786,6.399100350900786,5.430595484818229,5.430595484818229,4.174224745928775,4.174224745928775,3.572305281685393,3.572305281685393,11.478700770952367,3.6894449577614283,1.4358038542898122
CCC(C(=O)N1CCCCC1C(=O)O[C@@H](CCc1ccc(OC)c(OC)c1)c1cccc(OCC(=O)NCCNC(=O)COc2cccc([C@@H](CCc3ccc(OC)c(OC)c3)OC(=O)C3CCCCN3C(=O)C(CC)c3cc(OC)c(OC)c(OC)c3)c2)c1)c1cc(OC)c(OC)c(OC)c1,0,0.7956000054117617,0.8848322175989936,3513.731410477711,-10.260000000000003,1.4172732975014643e+25,73.24476123576842,60.64372152218598,60.64372152218598,49.49479067442486,34.53241546203576,34.53241546203576,24.65475329347432,24.65475329347432,18.479530623567545,18.479530623567545,13.097446404829123,13.097446404829123,77.47650832164429,38.51684873715624,19.837960104615725
CC(=O)C(C#N)C(=O)Nc1ccc(C(F)(F)F)cc1,0,2.2824581974452594,2.8207501218407502,529.3908568296293,-2.3599999999999994,10134.11439665695,14.629392033067417,9.784354941403496,9.784354941403496,8.752237423263946,5.13619440655804,5.13619440655804,3.737122665133693,3.737122665133693,2.277578809229148,2.277578809229148,1.2911137232644303,1.2911137232644303,14.700096153846156,5.521251054140666,3.808810905564829
CN(C)c1nc(N(C)C)nc(N(C)C)n1,0,2.1632651302934556,3.200818079145856,268.63201166582786,-1.5899999999999999,1695.9998621500692,11.585421958697399,10.183281572999748,10.183281572999748,6.913591357920932,4.69574275274956,4.69574275274956,3.918691769624717,3.918691769624717,1.8000000000000007,1.8000000000000007,0.9433281572999749,0.9433281572999749,11.484571215510814,4.2883675352311,2.6778702314837215
CC(C)(C)C[C@@H]1NC(C(=O)N[C@H]2CC[C@H](O)CC2)[C@H](c2cccc(Cl)c2F)[C@]12C(=O)Nc1cc(Cl)ccc12,0,3.308688764002983,1.669606942394765,1258.114823531074,-2.189999999999999,264787400.30199927,27.405048436076804,21.783990462473994,23.295848354510905,17.91257648199595,13.214298815703359,13.970227761721812,12.109506349120807,12.953142256333397,8.264071547938356,8.791076498076718,6.663414381931598,7.017365647747795,27.37965758162627,10.08641372284949,4.720300826157916
CNCCCN1c2ccccc2CCc2ccccc21,0,2.6554311444917134,1.9961712661354012,529.6358349258871,-1.7999999999999994,64665.059230662206,13.7862462825598,12.101549654949705,12.101549654949705,9.898178147766926,7.47880207167587,7.47880207167587,5.3661694071584245,5.3661694071584245,4.0369967569332985,4.0369967569332985,3.0250641369973614,3.0250641369973614,13.195490638172728,6.101275951557094,2.5649296894273723
CO[C@H]1CC[C@H](N2C(=O)CNc3ncc(-c4ccc(C(C)(C)O)nc4)nc32)CC1,1,2.7275827920316655,1.6404038705678752,886.1798457452753,-2.5799999999999996,3908167.9070723155,20.595647359318296,17.05220007949801,17.05220007949801,13.8635232085956,10.016052764337234,10.016052764337234,8.2021167203376,8.2021167203376,5.686320001804166,5.686320001804166,3.9966996771189085,3.9966996771189085,19.72416236682825,7.682627155426256,3.94897180316265
CN1CCN(c2c(F)cc3c(=O)c(C(=O)O)cn4c3c2OCN4C)CC1,0,2.6008121369340973,2.0040889154009784,965.614817526129,-2.81,825393.7397774052,18.58505747976789,14.529011766212598,14.529011766212598,12.37991785310972,8.310640514660864,8.310640514660864,6.675319080087654,6.675319080087654,4.965753646756384,4.965753646756384,3.500655845781621,3.500655845781621,16.647321092186058,5.8726704638721765,2.3842671102344384
CC(=O)C1CC[C@H]2[C@@H]3CC[C@H]4C[C@H](O)CC[C@]4(C)[C@H]3CC[C@]12C,0,2.8512912772504935,1.6149041040620895,500.07003778062796,-0.37,209150.76906015543,16.405412915006313,15.183524531780508,15.183524531780508,10.859844450845582,10.045458479517277,10.045458479517277,9.87021425600976,9.87021425600976,9.128809386216046,9.128809386216046,7.903221004487821,7.903221004487821,16.117600261167315,5.31180536946017,2.1943847839781445
C=c1c(CCC(=O)O)c(C)[nH]c1=Cc1c(O)[nH]c2ccccc12,0,2.9525424546633716,2.125353468901811,995.3557761018512,-2.949999999999999,195210.2969325235,16.560113453385565,12.810747170971553,12.810747170971553,10.96923425058676,7.366698450890962,7.366698450890962,5.5917237406296225,5.5917237406296225,4.067197355934038,4.067197355934038,2.8751923030241198,2.8751923030241198,14.965359341015319,5.682068497508703,2.7286897281476614
CC(C)C1CCC(C(=O)NC(Cc2ccccc2)C(=O)O)CC1,0,2.547356032388691,1.8993992396172452,518.6760796740494,-1.8399999999999999,136742.07181862494,16.819626477379405,13.995396505067058,13.995396505067058,10.96923425058676,8.541392809146414,8.541392809146414,6.944855122724159,6.944855122724159,4.982674771858219,4.982674771858219,3.387499075384038,3.387499075384038,17.512865279099167,8.13614842854027,5.084700446393611
Clc1ccc(C(Cn2ccnc2)OCc2csc3c(Cl)cccc23)c(Cl)c1,0,3.292407711676421,1.6101017021629744,1062.477218478967,-1.5599999999999992,2435436.7856273004,18.80275414050485,14.109883714414305,17.194167133397396,13.11419354072963,8.284709926286073,10.298256156568652,6.102419472645208,8.2329083178533,4.317203712020799,6.384549146477932,2.9668277170444255,4.767034148920888,18.78712504525035,8.210963516061211,4.152509872748839
CCCC(=O)O,1,1.3485878960124225,2.831257109931365,49.50977500432694,-0.53,14.834466856136647,4.99156383156272,3.769675448336916,3.769675448336916,2.770055610029662,1.9883911147617317,1.9883911147617317,1.1437385432233529,1.1437385432233529,0.46386547149095514,0.46386547149095514,0.2138654714909552,0.2138654714909552,5.469999999999999,2.693713646532438,3.4699999999999998
Nc1c(Br)cc(Br)cc1CNC1CCC(O)CC1,0,2.3371108764303465,1.9383068439879392,417.697425480486,-0.10000000000000007,11648.160608128846,13.120955864630139,10.125427793399282,13.29742087162869,8.5585506480638,6.208314113367266,7.794310652481971,4.84675917481739,6.6167716027836,3.457875976248639,4.5718010724296665,2.318549359440954,3.6322587326570024,14.312082528484643,6.3691492374890055,3.6970276808998643
CN(C)C(=O)c1cc2cnc(Nc3ccc(N4CCNCC4)cn3)nc2n1C1CCCC1,0,3.4678713943236508,1.4330482668081452,1095.1319192384735,-3.2,38961340.91442814,22.078775022443736,18.712485728093746,18.712485728093746,15.597356788324024,11.383445422523323,11.383445422523323,8.773684614205692,8.773684614205692,6.360895143513275,6.360895143513275,4.678689877177839,4.678689877177839,20.688756692444976,8.738936643266053,3.997802000788842
O=C(c1ccc(OCCN2CCCCC2)cc1)c1c(-c2ccc(O)cc2)sc2cc(O)ccc12,0,3.233688707317644,1.388562281124227,1288.7427847062916,-3.3499999999999988,88638046.1575618,23.492988584816832,18.866986087283184,19.68348266821091,16.58052003591841,11.631836890877432,12.448333471805158,8.637786814971674,9.689985656294912,6.271602432405646,7.473230519090227,4.449269241922649,5.687564345698693,22.442611749321713,9.872688730478913,4.786072749560392
Cc1onc(-c2ccccc2)c1-c1ccc(S(N)(=O)=O)cc1,0,2.8903041908843403,2.1152086708703175,898.3237942363404,-2.439999999999999,126618.44599426119,15.742276208189782,11.85370944925167,12.670206030179397,10.465345060828676,6.615515675346625,8.161835153268186,4.897779268545977,6.459202326013564,3.381477094856848,4.310708328268415,2.316461682297878,2.831901508271733,14.495302439410578,5.398314749862663,2.658532279947991
CC(NC(C)(C)C)C(=O)c1cccc(Cl)c1,0,2.1359882485994954,2.784739067926244,381.76413832846157,-0.86,2302.595331990256,12.344934982691242,10.17296410942122,10.928893055439676,7.293512317148133,5.369174125161716,5.7471385981709435,4.990623522420323,5.427059302892308,2.1519374104478235,2.387034513235562,1.6068132037424059,1.7971010518816062,13.206050198150596,4.980637186859673,3.950731413547198
O=C(O)C=Cc1ccccc1,1,2.029238942059196,2.7217735540687813,262.15103906059477,-1.5699999999999998,349.0290980341817,8.104448006685086,5.896913770291203,5.896913770291203,5.287693700234704,3.2490981480278296,3.2490981480278296,2.0822546038451595,2.0822546038451595,1.2179328954690274,1.2179328954690274,0.7316635652718815,0.7316635652718815,7.536044538706258,3.562154412456972,2.667823290461395
CCOC(=O)OC1(C(=O)OCCl)CCC2C3CC=C4CC(=O)C=CC4(C)C3C(O)CC21C,0,3.0097402434889013,1.7420341903439822,881.5735064979541,-1.8599999999999999,12111363.285252975,23.311190308942123,18.765867163925577,19.52179610994403,15.125011644522576,11.312701929195226,11.847224413020076,9.90091858732265,10.119136477558643,8.61017643497676,8.719285380094755,7.223441599441104,7.322539612318839,23.303295089794798,8.171365440406456,3.2273428450548454
C#CC1(O)C=CC2C3CC=C4CC(=O)CCC4C3CCC21CC,0,2.8809595799769823,1.6919125805800714,636.717235377082,-1.3299999999999998,264546.99439096637,16.242276208189782,13.924011507786663,13.924011507786663,11.043772185574866,9.145640178631012,9.145640178631012,8.047057518098327,8.047057518098327,7.508621745257512,7.508621745257512,6.305432997571772,6.305432997571772,15.2125341298821,5.081884561369642,1.8944415732281934
CCOC(=O)N1c2ccc(C(F)(F)F)cc2C(N(Cc2cc(C(F)(F)F)cc(C(F)(F)F)c2)C(=O)OC)CC1CC,0,2.8805682775111845,2.227129815747263,1242.819329367717,-3.649999999999999,340659504.38892984,30.91348460451408,21.876329888201607,21.876329888201607,18.915600556942337,12.218977711523257,12.218977711523257,9.165910786746714,9.165910786746714,6.55535994616698,6.55535994616698,4.7152753558816825,4.7152753558816825,31.872047438602838,11.684505459453934,6.986825495858464
COc1ccc(C2(C#N)CCC(C(=O)O)CC2)cc1OC1CCCC1,0,3.1439031291602917,1.8491561250238793,664.7639934110969,-2.2199999999999998,667928.5075963623,17.86359655174942,14.662777657832018,14.662777657832018,12.075647268896141,9.070345531404529,9.070345531404529,7.1963765781471976,7.1963765781471976,5.714453923138449,5.714453923138449,4.074813183458897,4.074813183458897,17.598143976924298,7.346293737800814,3.581185834736577
COC(C(=O)N1Cc2[nH]nc(NC(=O)c3ccc(N4CCN(C)CC4)cc3)c2C1)c1ccccc1,0,3.475499304861416,1.2312272529709676,1185.5560091344685,-3.689999999999999,151824045.28149936,24.363232072819905,20.02974263240697,20.02974263240697,17.02920844090216,11.807714081869197,11.807714081869197,9.041368319194723,9.041368319194723,6.75457656171175,6.75457656171175,4.640326517937245,4.640326517937245,23.07063271291914,9.890392887786119,4.777105165996113
CCOC(N)=O,1,1.3485878960124225,2.831257109931365,52.75488750216347,-0.73,14.834466856136647,4.99156383156272,3.6009536313038994,3.6009536313038994,2.770055610029662,1.6927053408400363,1.6927053408400363,0.7520482956210687,0.7520482956210687,0.2865964657296188,0.2865964657296188,0.14225889843221234,0.14225889843221234,5.27,2.504192037470726,3.2699999999999982
C[N+](C)(C)CCOC(=O)CCC(=O)OCC[N+](C)(C)C,0,2.224299025959205,3.661659204594956,284.1160429802869,-1.1400000000000001,8830.467133058042,15.811554787871636,13.770061039974655,13.770061039974655,8.994800481421251,6.9166907363373245,6.9166907363373245,6.968802125515703,6.968802125515703,2.5835626834604124,2.5835626834604124,1.2151422635827718,1.2151422635827718,18.859999999999996,8.214749914080395,13.29538834458379
COc1ccc2cc(C(C)C(=O)O)ccc2c1,0,2.35984572389062,2.478964438638834,560.3959195741091,-2.03,7938.521015168045,12.41384908344359,9.805162060755066,9.805162060755066,8.113392202930193,5.420871660482128,5.420871660482128,4.032443980554452,4.032443980554452,2.941891194800808,2.941891194800808,1.781186018347152,1.781186018347152,11.455255502156714,4.454042614687935,2.228492726961196
NC(=O)C1CCCc2c1[nH]c1ccc(Cl)cc21,0,2.662822099250572,2.2508379285389166,602.7304240226939,-1.4799999999999995,12121.166195788604,11.991199352633217,9.294284452980863,10.050213398999318,8.164703797946448,5.758967338290706,6.136931811299934,4.554317561922651,4.990753342394636,3.512672422259692,3.7477695250474308,2.7193511549580625,2.89145417891093,10.659988740851942,3.773748558246828,1.6167751101331596
CC(C)NCC(O)c1ccc(NS(C)(=O)=O)cc1,0,2.243626827462746,2.6455784946755836,468.6008195677134,-1.11,6210.359058416881,13.759148545064338,10.843166863215853,11.659663444143577,8.276675564742526,5.769124352448222,7.660535890506478,4.574982672303702,6.323437871487451,2.318152183760633,2.924645256054747,1.452569779277898,2.016804892891243,14.94920663114269,6.1727827627007485,5.482865645542789
O=C(CCCCCCC(O)=NO)Nc1ccccc1,0,2.4302107401285395,2.048709803861767,404.41192064130723,-2.0399999999999996,18362.672352411246,13.924438962994,10.879281110031155,10.879281110031155,9.21954535281284,6.469128124441395,6.469128124441395,4.34464306738438,4.34464306738438,2.727200318230216,2.727200318230216,1.7171982284995662,1.7171982284995662,15.018962264150943,8.965510018032056,7.0798028961016275
CC(C)(C)c1cc(NC(=O)Nc2ccc(-c3cn4c(n3)sc3cc(OCCN5CCOCC5)ccc34)cc2)no1,1,3.6443485947087457,1.079694662029988,1626.0539607885758,-3.9299999999999993,1721391207.242774,27.69165919756609,22.768888944145065,23.585385525072788,19.313814289178207,13.319562972869663,14.136059553797388,10.795665094153875,11.804764016683361,6.775053442496709,7.792513625632532,4.518221412359542,5.554348593834141,26.30075818993139,10.915011384633017,5.811668933401269
CC(=O)OCC(=O)C1CCC2C3CC=C4CC(=O)CCC4(C)C3CCC12C,0,2.972961503490541,1.5599417679707233,707.1669090421246,-1.45,1338474.8362554973,19.39697674656903,16.883705538482513,16.883705538482513,12.753691300962933,10.62777585104223,10.62777585104223,9.895823811046311,9.895823811046311,8.742623527481928,8.742623527481928,7.279124980631368,7.279124980631368,18.89216248876675,6.562307195504152,2.905354941261555
CC(C)(C)Cn1c(N)nc2ccc(-c3[nH]c(C(C)(C)C)nc3-c3ccc(F)cc3)nc21,0,3.2317620577110597,1.9121793105788902,1236.2848564578273,-3.2199999999999993,7329106.337911218,22.55167728494828,18.91537752052299,18.91537752052299,14.420653420525287,10.418343717278248,10.418343717278248,10.22194187955822,10.22194187955822,5.042218995057069,5.042218995057069,3.5191190225660938,3.5191190225660938,21.028880630570725,7.182350817683787,4.172252216283221
CC1CC2C3CC=C4CC(=O)C=CC4(C)C3(F)C(O)CC2(C)C1(O)C(=O)CO,0,2.842931476530693,1.8509558403837272,804.7488254884713,-1.3700000000000003,1500075.6365228966,20.698306133819763,16.613087630696945,16.613087630696945,12.963233394208578,10.11546187319485,10.11546187319485,9.746685188647604,9.746685188647604,8.754576107377199,8.754576107377199,7.167446312298822,7.167446312298822,19.925309492060308,5.832747547893353,2.0142638085946416
CNCCC=C1c2ccccc2CCc2ccccc21,1,2.6554311444917134,2.1133271211644953,575.6683055943938,-1.8599999999999994,64665.059230662206,13.7862462825598,12.024579547452825,12.024579547452825,9.898178147766926,7.4122841352177495,7.4122841352177495,5.324321915442575,5.324321915442575,4.0215459522531685,4.0215459522531685,2.9973099616446386,2.9973099616446386,13.1383245385578,6.06175238086963,2.5432784027273465
COc1cc2ncnc(Oc3cccc(NC(=O)Nc4cc(C(C)(C)C(F)(F)F)on4)c3)c2cc1OC,0,3.316190309758746,1.481807344416985,1438.0649140188273,-4.55,153552076.90120432,26.794317972067567,20.135577811363877,20.135577811363877,17.51170135636252,10.781398533027268,10.781398533027268,8.311341958779673,8.311341958779673,5.486960576611143,5.486960576611143,3.236738723877059,3.236738723877059,25.540154591082622,9.835568684591978,5.3430197777615644
Nc1ncnc2c1ncn2C1OC(CO)CC1O,1,2.9305036636457724,2.0237361274627164,571.6385353073613,-1.7700000000000002,23329.739666283993,12.698306133819765,9.469845040974462,9.469845040974462,8.702708600407236,5.578006155610488,5.578006155610488,4.217241076793789,4.217241076793789,3.030287353919368,3.030287353919368,2.153973650694044,2.153973650694044,11.327784781464612,4.159244211083102,1.6184078347599917
Nc1cccc2c1C(=O)N(C1CCC(=O)NC1=O)C2=O,0,2.6423150683807277,1.999964759030486,667.5801566907198,-2.7,41616.462326996465,14.438793109825921,10.381171665676636,10.381171665676636,9.502907755397976,6.105077952277901,6.105077952277901,4.717007792215138,4.717007792215138,3.500339766025725,3.500339766025725,2.5410785263734397,2.5410785263734397,12.339759456629707,4.156092539947064,1.5942486331140546
CCOC(=O)c1cncn1C(C)c1ccccc1,0,2.882074967365051,2.291432767601567,519.6000784462864,-2.0999999999999996,19286.845681606923,12.957819157813608,10.536832706631198,10.536832706631198,8.736382105218446,5.975816703886056,5.975816703886056,3.9932784487006137,3.9932784487006137,2.8498624796973995,2.8498624796973995,1.8685602741451808,1.8685602741451808,12.35936766919926,5.489653133998208,2.4225751720237536
CC(C)CC(NC(=O)C(Cc1ccc2ccccc2c1)NC(=O)C(Cc1ccc(O)cc1)NC(=O)C(CO)NC(=O)C(Cc1c[nH]c2ccccc12)NC(=O)C(Cc1c[nH]cn1)NC(=O)C1CCC(=O)N1)C(=O)NC(CCCN=C(N)N)C(=O)N1CCCC1C(=O)NCC(N)=O,0,1.9050338916531695,1.0561132964693305,3797.889095945795,-10.909999999999995,1.3794421063313581e+22,69.00212054864915,53.23125923527885,53.23125923527885,46.009390837733825,31.747911023274835,31.747911023274835,24.306192259221124,24.306192259221124,16.531537762363058,16.531537762363058,11.608568079461449,11.608568079461449,70.94834720199937,33.78335240569427,20.05526256906118
CN=C(C[N+](=O)[O-])NCCSCc1ccc(CN(C)C)o1,0,2.827815221100466,2.1893161308105418,473.7363586621033,-1.5399999999999998,43242.95036106833,15.664925939000156,12.664868392667318,13.481364973595044,10.007239053047545,6.623347212503184,7.778047750882434,4.746315801939048,5.851487517461586,2.557933534928737,3.5393747568518377,1.66475232965029,2.411824610355976,17.511387461459403,9.406049718899615,7.715686260474204
Cc1ccc2c(=O)c3cccc(CC(=O)O)c3oc2c1C,0,2.4379956183553473,2.4858239616389066,934.8117550665452,-2.6199999999999997,60111.21996616944,15.14589989101247,11.765816594026225,11.765816594026225,9.98607100299237,6.651910698243506,6.651910698243506,5.179667882136112,5.179667882136112,3.8083539907136843,3.8083539907136843,2.5338730461843224,2.5338730461843224,13.367084453287442,4.735563761063727,2.087314294325239
CON=C(C(=O)NC1C(=O)N2C(C(=O)O)=CCS[C@H]12)c1csc(N)n1,0,3.017471302350799,1.753340982302862,804.4853088773351,-2.5999999999999996,444536.8897336221,18.137463722575188,12.832202251917689,14.465195413773142,11.934759407976113,6.9521956856307865,8.88060328686634,4.971238055925617,7.010569727267686,3.5142575429161544,5.371770252675246,2.4398779331308855,4.1823433300151,17.23042192958882,6.721579519381717,3.0485336644006717
Cc1cn(-c2cc(NC(=O)c3ccc(C)c(Nc4nccc(-c5cnccn5)n4)c3)cc(C(F)(F)F)c2)cn1,0,3.3602241880082593,1.406068511739026,1650.9362793146183,-5.13,649397948.0826293,27.57033885400645,20.730976781956436,20.730976781956436,18.652018246629737,11.672880619208346,11.672880619208346,8.653606836537705,8.653606836537705,5.740220946393911,5.740220946393911,3.773070030351862,3.773070030351862,25.51666985418198,10.322796705110934,5.898959629263591
Nc1ccc(S(N)(=O)=O)cc1,0,1.8607638717481272,3.2015159310664942,341.3499619957354,-1.07,230.73472009676777,8.483127663125442,5.688846486529345,6.505343067457071,4.999018565639891,2.8832020786015127,4.429521556523073,2.114044862067127,3.6754679195347126,1.2086325525620767,2.137863785973645,0.6575061586928512,1.172945984666705,8.030704934541792,2.5192903206703843,1.9239700742334507
Cc1cccc(CN2CCN(C(c3ccccc3)c3ccc(Cl)cc3)CC2)c1,0,2.7179472790408608,1.4846645895591981,883.9361145728091,-2.129999999999999,3439660.1277282545,19.34672421487486,16.390829338596646,17.146758284615103,13.68667318580106,10.012641628733657,10.390606101742886,7.665940803162654,8.102376583634639,5.561749141228225,5.813725456567711,4.142838392748846,4.268826550418588,19.197931224008727,8.914318602802975,4.640366172880555
O=c1c(O)cc2c(O)oc3c(=O)c(O)cc4c(O)oc1c2c43,0,2.472859262706997,2.5528466860236705,1101.7122430110635,-3.42,113219.86134303987,15.756630355021704,10.576548082234536,10.576548082234536,10.396754605515328,6.0238726007707575,6.0238726007707575,4.767432080853016,4.767432080853016,3.5409374517732104,3.5409374517732104,2.585001922002313,2.585001922002313,12.330496675516494,3.611607289280503,1.2571686620457885
COc1cc2nccc(Oc3ccc(NC(=O)Nc4cc(C)on4)c(Cl)c3)c2cc1OC,0,3.1876241322372456,1.5322367677934974,1290.797841424342,-3.98,20602822.876195434,22.664561460070644,17.432435269845467,18.18836421586392,15.461060093480297,9.460303507115713,9.838267980124941,6.679069976079372,7.086270102819978,4.492990679739854,4.805699688228153,3.019324567795943,3.2371018249105754,21.259607067007366,9.02586737598828,4.521576893007229
N=C(N=C(N)NCCCCCCN=C(N)N=C(N)Nc1ccc(Cl)cc1)Nc1ccc(Cl)cc1,0,2.7821966891838064,1.5635527026079286,1001.3502690933352,-3.499999999999999,23218432.96204697,24.760937777247953,18.691063380723502,20.202921272760413,16.31257084348729,10.674539432245512,11.430468378263967,7.187390295428817,8.060261856372787,4.355657385440912,4.859610016119881,2.7261148441105316,2.978091159450017,26.749937011841773,14.608367626886146,11.390210067380103
C(=C/c1ccccc1)\CN1CCN(C(c2ccccc2)c2ccccc2)CC1,1,2.77340388805271,1.3986674434807922,811.2091445535079,-2.679999999999999,4689493.166230567,19.0204508012418,16.322265942345922,16.322265942345922,13.898979485566358,10.178995554981862,10.178995554981862,7.3735331311806265,7.3735331311806265,5.476133129050381,5.476133129050381,3.9908702470274298,3.9908702470274298,18.672580676050945,9.495927553363686,4.776071181203047
CC(NCCCc1cccc(C(F)(F)F)c1)c1cccc2ccccc12,0,2.6394919659151688,1.5662199267403214,865.1404007555658,-2.329999999999999,748295.9723369504,18.57070333293597,14.683416992862837,14.683416992862837,12.448508308423072,8.821488439171477,8.821488439171477,6.545877863081562,6.545877863081562,4.636929222316154,4.636929222316154,3.252254369405547,3.252254369405547,18.46075934416159,7.9167607935188595,4.4389253485882225
CN(C)CCc1c[nH]c2ccc(CS(=O)(=O)N3CCCC3)cc12,0,3.1445011927737903,1.823931625071577,774.2324300330146,-1.37,219835.22288800846,16.44938298937633,13.878320607455844,14.69481718838357,10.9543269253365,8.170184064902392,9.779349372428792,6.609503511649409,8.578404996764661,4.467678838437119,6.31774764173555,3.134432208770647,4.732341674774159,16.486464513485423,6.628798902868981,3.761443231949283
CCCCc1nc(Cl)c(CO)n1Cc1ccc(-c2ccccc2-c2nn[nH]n2)cc1,0,3.408942179037017,1.6211679783418804,1105.3755176033308,-3.03,12079668.426029967,20.924074484064484,16.715582105458722,17.471511051477176,14.707039898056806,9.976776577740033,10.354741050749258,7.091264809840314,7.4492778972906315,5.125381594565644,5.428043066467559,3.5463890291063493,3.8057274805438572,20.251227841121068,9.192446181505572,4.12564974432926
CCN1CCCC1CNC(=O)c1cc(S(N)(=O)=O)ccc1OC,0,2.9809485999643224,2.1429292572333574,675.2996041218233,-1.64,143168.99935908648,17.035169427003233,13.410740299700143,14.227236880627869,10.862721870796165,7.5955013660894775,9.141820844011038,5.541765896369493,7.103188953837079,4.147598673660337,5.058598273781707,2.889874442389188,3.429711912182788,17.709781266701015,7.287380626786722,4.2132847582854405
CCC(C)CCCCC(=O)NC(CCN)C(=O)NC(C(=O)NC(CCN)C(=O)NC1CCNC(=O)C(C(C)O)NC(=O)C(CCN)NC(=O)C(CCN)NC(=O)C(CC(C)C)NC(=O)C(Cc2ccccc2)NC(=O)C(CCN)NC1=O)C(C)O,0,3.6685454024025566,2.6735803094281034,2315.008428835828,-6.890000000000001,3.4282198919712064e+17,63.75984434045937,50.17659368919777,50.17659368919777,40.331883989231585,29.54910728446773,29.54910728446773,22.046972128813564,22.046972128813564,14.254230067963356,14.254230067963356,9.120357253101336,9.120357253101336,74.21048587399949,39.67176456505799,26.92444684731101
O=C(O)[C@@]1(CCCCCCOc2ccc(Cl)cc2)CO1,1,3.208711141439809,1.4980935623279574,439.6916648359429,-1.2599999999999998,56601.66453499823,14.424438962994,11.309071484965113,12.065000430983568,9.622627566262826,6.880785725372479,7.258750198381707,5.05471372234129,5.4911495028132755,3.4398804803313934,3.691856795670878,2.0488752333483826,2.1748633910181256,15.135003331044205,6.952511517037944,4.388915135611754
Nc1ncnc2c1ncn2[C@@H]1O[C@H](COP(=O)(O)O)[C@@H](O)[C@H]1O,0,3.0072805184318585,1.851147527490978,763.1378284373789,-1.6600000000000004,165343.29018390202,16.775656403009393,11.498225896405142,12.392653087405057,10.77667556474253,6.423970871344676,7.9542676146848965,4.9155882441756695,6.154941035364979,3.40541495042715,3.8908355119419316,2.3234894508463357,2.6646052046520934,16.2067005901362,5.760949153548598,3.052763103574016
COc1cc(Nc2ncc(F)c(Nc3ccc4c(n3)N(COP(=O)(O)O)C(=O)C(C)(C)O4)n2)cc(OC)c1OC,1,2.8946266926334276,1.6241969047531417,1460.1787477743924,-4.240000000000001,419752175.81952786,29.24191172926027,21.96005580189065,22.854482992890567,18.845016897461377,11.436029001063591,12.966325744403811,8.666735288375845,9.906088079565153,5.486746769945019,5.9385661867977415,3.689406111196177,3.95529617301207,28.76004153527143,11.093369175049146,6.149223695140418
Oc1ccc(Cc2nc3c(Cc4ccccc4)nc(-c4ccc(O)cc4)cn3c2O)cc1,0,3.120714548445251,1.6345216166786756,1376.5608787822407,-4.3199999999999985,31117268.905457288,22.07877502244374,17.18039890402761,17.18039890402761,15.563683283512809,10.276966779079677,10.276966779079677,7.7010236469515,7.7010236469515,5.405629919729494,5.405629919729494,3.748261991560794,3.748261991560794,19.63212860932558,8.074472677288679,3.857262726951339
CC(=O)Nc1ccc(O)cc1,0,1.9291266251851134,2.7362980721056545,253.2994975838911,-1.5099999999999998,285.51074052739676,8.267584713501616,6.164862962722325,6.164862962722325,5.1815405503520555,3.2490981480278296,3.2490981480278296,2.228060242189872,2.228060242189872,1.1876733148984595,1.1876733148984595,0.7480265991539318,0.7480265991539318,7.595374077976819,3.0531381005525,2.292303972882069
N#CC1CCCN1C(=O)CNC12CC3CC(CC(O)(C3)C1)C2,0,2.9036837954353323,1.414733208685953,512.4873168599722,-1.12,148950.26765444624,15.372032720186704,13.053007696398092,13.053007696398092,10.508480355834386,8.674211486833913,8.674211486833913,8.193510070389818,8.193510070389818,6.366993635486521,6.366993635486521,5.985075203713479,5.985075203713479,14.47086891745158,4.938560964486305,2.3315396938412243
NCCCC(N)(C(=O)O)C(F)F,0,1.988741654272736,4.294403781538301,165.6270750562502,-0.7500000000000002,292.3450231780922,9.776020881938894,6.464761983110796,6.464761983110796,5.44741151772795,3.4533186737006587,3.4533186737006587,2.538444376738774,2.538444376738774,1.5821527280974632,1.5821527280974632,0.7039547903258534,0.7039547903258534,11.25,4.318944290550939,2.3842011834319528
COc1cc(O)c(CC=C(C)C)c(O)c1C(=O)C=Cc1ccc(O)cc1,1,2.595303947094347,2.4205433153682625,856.9604422024913,-3.2099999999999995,469428.1967346371,19.267220234572108,14.984046302131157,14.984046302131157,12.328606258093464,8.097194866588117,8.097194866588117,6.074827968208148,6.074827968208148,3.847046002953488,3.847046002953488,2.4195719072599795,2.4195719072599795,19.119208160022872,8.248781984825062,4.446942405999047
OC(Cn1cncn1)(Cn1cncn1)c1ccc(F)cc1F,1,3.1162095051325753,2.0062012637427222,707.748307396491,-2.6799999999999993,150450.59490780073,15.579139501373252,11.342089561218637,11.342089561218637,10.566298692132577,6.394758573669304,6.394758573669304,4.8418744561459635,4.8418744561459635,3.212779920106776,3.212779920106776,2.251965416600109,2.251965416600109,14.265390353023173,5.6024467573223475,2.8375736961451246
Cc1cc(N2CCN(C3CNC(C(=O)N4CCSC4)C3)CC2)n(-c2ccccc2)n1,0,3.545914495167601,1.200579420839629,873.0078478130545,-2.03,17459515.627886042,20.50142475325411,17.535327742623455,18.35182432355118,14.68667318580106,10.898756291906714,12.053456830285963,8.40367399599022,9.478369466665102,6.438234318016,7.40373145498956,4.777993388159919,5.733305025282341,19.90531647054553,8.607476352080825,3.956911462841062
CN(C)CCC(c1ccccc1)c1ccccn1,0,2.4098591426762876,2.236037923027508,411.5378809875284,-1.6699999999999997,16001.46470737055,12.794682450997078,11.082143445269272,11.082143445269272,8.770856947829095,6.377417941285156,6.377417941285156,4.809823566076466,4.809823566076466,3.1117207667511377,3.1117207667511377,2.140049011862192,2.140049011862192,12.778308504442963,6.313309631671972,3.409001763086153
COCCOC(=O)C1=C(C)N=C(C)C(C(=O)OCC=Cc2ccccc2)C1c1cccc([N+](=O)[O-])c1,0,2.864272062706466,1.9292647490013437,1201.6127024182108,-4.109999999999999,85384500.1295158,26.078775022443732,20.379039067271737,20.379039067271737,17.328606258093465,11.377080477769548,11.377080477769548,8.131519068633528,8.131519068633528,5.694572129228342,5.694572129228342,4.063266593030238,4.063266593030238,26.493979636267895,12.551894286101142,6.5129843309479
CS(=O)(=O)N1CCN(Cc2cc3nc(-c4cccc5[nH]ncc45)nc(N4CCOCC4)c3s2)CC1,0,3.4997226264534476,1.3562796781933912,1469.076729839661,-2.6399999999999992,178545433.22711858,23.992988584816832,19.47523540194612,21.10822856380157,16.953640943872074,11.686784137884645,14.351592338076872,8.97231639676844,12.091504205773584,6.620765172339043,9.028924171608034,4.7549445633798735,6.7365713192348995,22.80063203554512,9.099920948218415,4.5170534997203475
COc1ccccc1Oc1c(NS(=O)(=O)c2ccc(C(C)(C)C)cc2)nc(-c2ncccn2)nc1OCCO,0,2.928934198248749,1.8511796077083778,1525.0502777727938,-4.29,397766181.64610916,28.04539482762412,21.95062424374194,22.767120824669668,18.618671493374997,11.994652102696843,13.477815350291234,9.307361313559465,10.989763554968984,5.473087727147728,6.8279335987950285,3.4791480349392168,4.484271679118595,27.736972370266155,11.621268193001807,6.591614365768974
CN(C)Cc1ccc(-c2nc3cccc4c3n2CCNC4=O)cc1,0,2.8418496254910544,1.8370465831306086,909.011529699399,-2.6599999999999993,441793.9427788393,16.681433796945207,13.912661304850763,13.912661304850763,11.631030293135236,8.1479249813542,8.1479249813542,6.450961201850049,6.450961201850049,4.3431951500466015,4.3431951500466015,3.307722296532338,3.307722296532338,14.902363909258659,5.760949153548595,2.4679900459656277
CN(CCOc1ccc(Cc2sc(=O)[nH]c2O)cc1)c1ccccn1,0,2.9403236738977303,1.5075118392961175,859.2777330107048,-2.8,630076.0794321968,17.648053602125596,13.806508154968116,14.623004735895842,12.114193540729628,7.864781480863712,8.681278061791437,5.564983266598932,6.632697503556206,3.724317434655173,4.595861285964709,2.3553855915379796,3.1134243317250396,17.037032989549893,7.84806212803019,4.604090866245639
C#Cc1cccc(Nc2ncnc3cc(OCCOC)c(OCCOC)cc23)c1,0,2.7455759043014254,1.9569167353908146,1001.0042022970773,-3.34,4235838.812669483,20.476480726871785,16.474649631118567,16.474649631118567,14.24504470051759,9.107799662785105,9.107799662785105,6.071032106686076,6.071032106686076,4.082844815672017,4.082844815672017,2.6826134594313507,2.6826134594313507,20.395692002202136,10.271588954277956,5.347720173143325
CC(=O)OC1CC2CCC3C(CCC4(C)C3CC([N+]3(C)CCCCC3)C4OC(C)=O)C2(C)CC1[N+]1(C)CCCCC1,1,3.2138529847168456,1.306114612552273,1002.1320848082502,-1.1400000000000001,1356211455.6248648,29.208531534440652,27.167037786543677,27.167037786543677,19.395085046786704,17.424764112890383,17.424764112890383,16.66413524911701,16.66413524911701,14.48001118300013,14.48001118300013,12.295354485165044,12.295354485165044,29.910546516243432,10.786724576322717,4.99022833752274
CC(=O)N=c1sc(S(N)(=O)=O)nn1C,0,2.297964543060623,3.3984836692720695,523.4168055653822,-1.06,967.4430726285223,10.930721420318147,7.460232508008816,9.093225669864268,6.303549018280202,3.4271729611564496,5.789989020005738,2.449981278482094,5.141087370397468,1.1835648685380702,3.4932814209053866,0.674661410873826,2.2657851947544154,11.017279752704791,3.5940876390455205,2.465112455745208
CC(=O)NC1C(N=C(N)N)C=C(C(=O)O)OC1C(O)C(O)CO,0,2.4541287833082452,3.2788122476160657,517.5385904834992,-2.37,66364.55055822157,17.73168632863937,12.286721783594936,12.286721783594936,10.66681021554499,6.615728222359372,6.615728222359372,4.929915761611051,4.929915761611051,3.1038125611853977,3.1038125611853977,2.1350059949619244,2.1350059949619244,18.678473097430924,7.760374973417793,4.806105274459512
CS(=O)(=O)Nc1ccc([N+](=O)[O-])cc1Oc1ccccc1,0,2.3988977441424266,2.4291766926242557,759.3860166888998,-2.6099999999999994,40099.974691084804,15.45781915781361,11.015505491800145,11.832002072727873,9.849155209813961,5.841426703148626,7.73283824120688,4.226914348628542,5.97536954781229,2.4423801818301345,3.033084196542457,1.6085849087450594,2.1766901032665786,14.791944718770356,5.7959776764561335,4.180172369295591
CNC1C(OC2OC(CO)C(N)C(O)C2O)OC2CC(N)C(OC3C(N)CC(N)C(O)C3O)OC2C1O,0,2.8595629756728154,1.4330226927134107,755.6745918434925,-0.64,117334159.9304021,27.178915606902567,20.47019902186085,20.47019902186085,17.475671965834866,12.460828072288603,12.460828072288603,10.28203394615985,10.28203394615985,7.744034845764417,7.744034845764417,5.455709085587327,5.455709085587327,29.345276621058893,11.847610886291148,5.66303086121846
C#C[C@]1(O)CC[C@H]2[C@@H]3CCC4=Cc5oncc5C[C@]4(C)[C@H]3CC[C@@]21C,0,3.1430761564958605,1.5319846700877746,801.194381990157,-1.5299999999999998,860454.8147546197,17.449382989376332,15.21652456490737,15.21652456490737,11.91158036151885,9.759733317157632,9.759733317157632,9.394049305057951,9.394049305057951,8.665479099986475,8.665479099986475,7.13647503854675,7.13647503854675,15.703697309398914,4.796470926146428,1.7927603361670434
O=C(O)CCCc1ccc(N(CCCl)CCCl)cc1,1,2.38863171723266,2.5541826860485153,375.5372835152444,-0.9299999999999999,16338.240945871396,14.08757566981053,10.817752972546572,12.329610864583483,9.168233757796585,6.346789742822881,7.415834710472578,4.278751746303652,5.034680692322107,2.866448088083593,3.204509789974999,1.8912119006949002,2.2992884735074828,16.12534034311013,9.050250670878938,6.168099314738836
O=C1c2cccc3c2C(CCC3)CN1C1CN2CCC1CC2,0,2.5885163321111944,1.5288177918866688,617.8612402283367,-1.35,274279.19055050216,14.681433796945209,13.130738127280466,13.130738127280466,10.809663088089318,8.961661143493451,8.961661143493451,7.630424058177146,7.630424058177146,6.533702077148049,6.533702077148049,5.413443009029452,5.413443009029452,13.122340968282113,4.821589868943879,1.8103745143878305
COc1c(O)c(C)c(C=CCCCCCCCCO)c(O)c1OC,0,2.584345542195821,2.6282773568960027,537.2940642189552,-1.8800000000000001,177017.33225824495,17.94938298937633,14.969692155299237,14.969692155299237,11.578116022520112,8.518442991300395,8.518442991300395,5.8383565139891145,5.8383565139891145,4.122383740708003,4.122383740708003,2.677810559973983,2.677810559973983,20.165207956600362,10.812328549257503,5.338113666765756
CC1=C(C(=O)O)N2C(=O)C(NC(=O)C(N)c3ccccc3)C2SC1,0,2.585085858996951,1.7144846348891032,734.097887887709,-2.3199999999999994,232419.8994106979,17.430356941388638,12.930679556748553,13.747176137676279,11.413591357920932,7.401373311845372,8.45012810182603,5.718510597143325,6.823503102725273,4.1003676495937675,5.5245523440363185,2.8301220631043607,4.122877966354354,16.534724023009495,6.291454081119668,2.6736565939217174
CN(C)CCC=C1c2ccccc2COc2ccc(CC(=O)O)cc21,0,2.715423523206539,2.079024334830852,808.5385029264378,-2.59,477816.7848375154,17.811190308942127,14.658153050190842,14.658153050190842,12.041713895658196,8.45415291756612,8.45415291756612,6.5565995305010585,6.5565995305010585,4.304980225555986,4.304980225555986,3.094576363054938,3.094576363054938,17.240094112912335,7.532399250503422,4.089838809326271
COc1ccccc1N1CCN(CCCNc2cc(=O)n(C)c(=O)n2C)CC1,0,2.7315917912297225,1.4532793273039124,912.7876697696934,-2.7400000000000007,2196298.137453181,20.0956473593183,16.850098067645384,16.850098067645384,13.507239053047549,9.622474664966184,9.622474664966184,7.049291691755878,7.049291691755878,5.281374886412409,5.281374886412409,3.5250570207293563,3.5250570207293563,20.006136898613335,8.9664449392811,4.386345397580654
Cc1cc(=O)n(-c2ccccc2)[nH]1,0,2.4687839518996553,2.593240566041836,453.2770268105901,-1.7699999999999998,1451.6449637169974,9.259148545064338,7.319563501101578,7.319563501101578,6.270856947829097,4.112978410194454,4.112978410194454,2.9483506916152376,2.9483506916152376,1.8629171863887772,1.8629171863887772,1.282342522844612,1.282342522844612,7.857386378147379,2.9356784233252684,1.4021561421113946
CC1(C)CCC(C)(C)c2cc(Cn3cccn3)c(C=Cc3ccc(C(=O)O)cc3)cc21,0,3.234882022420518,1.7813268593362974,1120.7980586766903,-3.1399999999999992,9897199.184764113,22.22540387131522,18.722062381609266,18.722062381609266,14.65463365524951,10.824434672887689,10.824434672887689,9.828508950994701,9.828508950994701,6.617130220999241,6.617130220999241,4.458866013056333,4.458866013056333,21.105774091511048,7.841834292071754,4.3379887921047375
O=C(O)CCc1nc(-c2ccccc2)c(-c2ccccc2)o1,0,2.988182675137755,2.0431259124342347,706.541070336389,-2.879999999999999,178573.79666623226,15.363596551749426,11.898640026196999,11.898640026196999,10.737183443017882,7.061666815178198,7.061666815178198,4.911124308488451,4.911124308488451,3.307389361110979,3.307389361110979,2.2620802080024887,2.2620802080024887,14.073964359504131,6.263008090810288,3.061456206666087
Cc1cc(C)cc(OCC2CNC(=O)O2)c1,0,2.5975578918030804,1.9147662796967868,383.0003882453518,-1.71,5330.188793979921,11.543605595440512,9.448359510523188,9.448359510523188,7.631030293135234,5.288850609776001,5.288850609776001,4.0426376518507965,4.0426376518507965,2.3788692060712457,2.3788692060712457,1.7302287020692355,1.7302287020692355,10.796107985957985,4.428711845919409,2.655123564395569
CNCC(=O)O,1,1.3485878960124225,2.831257109931365,52.75488750216347,-0.5700000000000001,14.834466856136647,4.99156383156272,3.5625686671503685,3.5625686671503685,2.770055610029662,1.634837724168458,1.634837724168458,0.9240686291132637,0.9240686291132637,0.3280024204495495,0.3280024204495495,0.15122572515291272,0.15122572515291272,5.43,2.6557336343115123,3.4299999999999993
COc1cc(CCc2cc(NC(=O)c3ccc(N4CC(C)NC(C)C4)cc3)[nH]n2)cc(OC)c1,0,3.287562041217206,1.3335104062904202,1079.6288082975368,-3.52,56288124.991182044,24.078775022443732,20.221101879033956,20.221101879033956,16.42738658866908,11.618567393394708,11.618567393394708,8.868613688625825,8.868613688625825,6.012329002019895,6.012329002019895,4.394135293027374,4.394135293027374,23.63192079581027,10.606840264051232,5.879628369866465
O=C(Nc1ccccc1-c1cn2c(CN3CCNCC3)csc2n1)c1cnc2ccccc2n1,1,3.4641266368074057,1.2755651380497304,1485.2432324511326,-3.6599999999999997,149366461.74297956,22.907202147189928,18.43895142544614,19.255448006373868,16.742316078466885,11.25566532659758,12.135318137852474,8.27557229628732,9.112125188748463,6.010997660026177,6.899726664081438,4.239676505403582,5.103796479797756,20.912343559484718,8.940217255086091,4.047993975856187
C#CCNC1CCc2ccccc21,0,2.58054595156929,2.147729216670361,335.2228677267164,-1.2599999999999998,1777.9961606312406,9.096011838247808,7.585421958697399,7.585421958697399,6.41501490017253,4.6622841352177495,4.6622841352177495,3.3750996999971212,3.3750996999971212,2.583384228599637,2.583384228599637,1.9512989425411564,1.9512989425411564,8.343298921307444,3.635894622799467,1.5865224645702365
CN(C)CCC=C1c2ccccc2Sc2ccc(Cl)cc21,0,2.464688558179496,2.062890975135638,691.3677237596133,-1.2199999999999998,72649.15994089883,14.819626477379408,12.266442074863152,13.838867601809334,10.147867045540844,7.070193049946118,8.264654103883071,5.448453192059507,6.968665929018319,3.553702321641033,4.9406177626595715,2.5303842327718327,3.7888957228084914,14.706242135858965,6.266454204965884,3.1796920280138097
Cc1ccc(=O)n(-c2ccccc2)c1,0,2.2295928748411122,2.6265243874423194,485.17495788858764,-1.8299999999999992,2104.73567385001,9.966255326250886,7.97426403948083,7.97426403948083,6.770856947829097,4.519578970119783,4.519578970119783,3.250238829611011,3.250238829611011,2.0933342542266082,2.0933342542266082,1.3836954263254397,1.3836954263254397,8.754379606904399,3.499332613254203,1.5929698524109863
CC1(C(=O)O)CCC2(C)CCC3(C)C(=C2C1)CC(=O)C1C2(C)CCC(OC(=O)CCC(=O)O)C(C)(C)C2CCC13C,0,2.8636573767681996,1.4952325534094855,1215.3179499985208,-2.18,481235631.9240191,30.388540578131746,26.153000825126675,26.153000825126675,18.839277706890602,15.74472465767102,15.74472465767102,16.215394370923722,16.215394370923722,13.715810811686271,13.715810811686271,10.923171215642228,10.923171215642228,30.28344331364623,9.408946760376443,4.252727350613984
O=C(O)CCCCC1CCSS1,0,2.494901665783671,1.90892263435229,143.99328661116544,0.16999999999999993,721.0265814114808,8.811554787871634,6.9919494232004595,8.624942585055912,5.787693700234704,4.288824976159906,6.670913099473897,2.968404381822299,5.755928739454393,1.8940254716419247,4.900792081350591,1.2126927507390801,4.2403273402906665,10.252169268693507,5.753808168678648,4.259120464328456
CC(=O)CCCCn1c(=O)c2c(ncn2C)n(C)c1=O,1,2.770070459674221,2.3816217976898786,766.2398536300291,-2.18,31844.730004414843,14.861442840636295,11.919376647327239,11.919376647327239,9.430428110326542,6.53461934930002,6.53461934930002,4.985191818151637,4.985191818151637,3.3615618239456366,3.3615618239456366,2.237279566059452,2.237279566059452,14.233786405354829,5.439070630183458,2.42918078649709
Cc1cc(C(C)Nc2ccccc2)c2nc(N3CCOCC3)cc(=O)n2c1,0,2.69052285627825,1.7825281051978696,994.2293950726543,-2.8600000000000003,1909711.5992034518,18.80275414050485,15.682716914880427,15.682716914880427,13.114193540729628,9.298922638828566,9.298922638828566,6.95045376210076,6.95045376210076,4.871300358425469,4.871300358425469,3.4933625048051513,3.4933625048051513,17.54867327848884,7.404179606036687,3.6621001780683433
O=C(O)C(O)Cc1ccc(O)c(O)c1,0,2.10922326203371,2.7772680269131413,347.0555923230884,-1.75,1115.7791056158326,10.71517847069432,7.213610530408747,7.213610530408747,6.502907755397974,3.9216541155935656,3.9216541155935656,2.8812262690145887,2.8812262690145887,1.753936637989368,1.753936637989368,1.0065535207614074,1.0065535207614074,10.331632653061224,3.972117202268431,2.366714454376792
Cc1cccc(C)c1OCC(C)N,0,2.025578936847613,2.750523804369238,261.1688097950624,-1.02,723.1316804545979,9.844934982691242,8.50210641759854,8.50210641759854,6.109060905280622,4.555748108669859,4.555748108669859,3.5092210902363643,3.5092210902363643,1.8993255446193158,1.8993255446193158,1.2416166957985406,1.2416166957985406,10.06347245409015,4.28262327283322,2.738896611115304
O=C(O)c1ccc(Nc2ncc3c(n2)-c2ccc(Cl)cc2C(c2c(F)cccc2F)=NC3)cc1,0,2.960719814708308,1.5914565167178314,1452.4804592908731,-4.169999999999998,59636097.53881469,23.819261998449893,17.38895583376381,18.144884779782263,16.401887240964335,10.15917803706255,10.537142510071776,7.526356100434665,7.96279188090665,5.351468252942181,5.586565355729919,3.747207345738919,3.9193103696917864,21.663994790072504,8.642329804877052,3.993190857186414
COc1cc(Nc2c(C#N)cnc3cc(OCCCN4CCN(C)CC4)c(OC)cc23)c(Cl)cc1Cl,1,2.8833427518010346,1.5708066366430868,1272.8949540436163,-2.9599999999999995,120795972.2479083,25.656125291633366,20.606027013663844,22.117884905700752,17.426585250869643,11.677349746412146,12.4332786924306,8.617426049680963,9.431826303162175,6.247115759754995,6.855194333460332,4.149517438715738,4.6570897828273905,26.112923043947962,11.849897701476989,5.876517094562205
Cc1nc(Nc2ncc(C(=O)Nc3c(C)cccc3Cl)s2)cc(N2CCN(CCO)CC2)n1,1,3.250756043460901,1.431592912890649,1111.4321707155357,-2.789999999999999,33876609.84080048,23.371668241257186,18.507134660004112,20.079560186950292,15.92305529101951,10.658603284189198,11.853064338126151,7.751415202594919,9.189264211261888,5.361898965339837,6.588407717104564,3.6317796715737853,4.6192622916178205,23.370935025991837,10.429649853029732,5.772233374483719
O=C(O)CO,1,1.3787834934861756,2.8473789230876716,40.1577218810798,-0.5700000000000001,9.65148445440323,4.284457050376173,2.5097822626503263,2.5097822626503263,2.270055610029662,1.0975120995920222,1.0975120995920222,0.5518524262317721,0.5518524262317721,0.13526040055544503,0.13526040055544503,0.0,0.0,4.43,1.7215451895043727,3.429999999999999
CCCCCCCCOc1ccccc1C(=O)Nc1ccc(C(=O)OCC[N+](C)(CC)CC)cc1,0,2.8820381690648817,1.8569681522267256,907.1527160716196,-2.86,47065666.14308984,25.520450801241797,21.97718350392444,21.97718350392444,16.919163958357345,13.059781561463009,13.059781561463009,9.255347709594998,9.255347709594998,6.656773678060251,6.656773678060251,3.7145776879882755,3.7145776879882755,28.377757994557935,15.200043214091586,9.726478909795397
CC(C)(O)c1ccccc1CCC(SCC1(CC(=O)O)CC1)c1cccc(C=Cc2ccc3ccc(Cl)cc3n2)c1,0,3.6967897672145718,1.3712638757589355,1571.490110063069,-3.1199999999999983,1930319205.043983,29.03695865918684,23.516346834590134,25.08877236153631,19.599905313814045,14.088273287339161,15.514992550329046,11.701594880920993,13.32907472304997,7.831090952624374,9.755463872208189,5.358547407738073,7.093942712584625,29.37503881102965,12.399242991314175,7.792722665896743
COc1cc2nc(N3CCN(C(=O)c4ccco4)CC3)nc(N)c2cc1OC,0,3.2691265431683525,1.5561913356619825,997.2266742298812,-3.49,3978710.0741223022,19.67299762850793,15.714376283739233,15.714376283739233,13.600886748174158,8.873964747053739,8.873964747053739,6.389738022853099,6.389738022853099,4.800418405376754,4.800418405376754,3.2736570334215203,3.2736570334215203,17.90059178242709,7.2590390510378,3.148977667080556
CCC1(c2cccc(O)c2)CCCCN(C)C1,0,2.5162155172620335,2.3438112504608934,376.93949856218006,-1.02,8464.54900006948,12.303118619434356,10.946468954877707,10.946468954877707,8.160632368723611,6.642410083295902,6.642410083295902,5.379101616247707,5.379101616247707,4.1530490865819925,4.1530490865819925,3.0840171360290225,3.0840171360290225,12.437269065941917,5.091289572002246,2.62965255911788
CCCc1nc2c(C)cc(-c3nc4ccccc4n3C)cc2n1Cc1ccc(-c2ccccc2C(=O)O)cc1,0,3.46799858506794,1.4222648056159974,1844.1413674143114,-4.709999999999999,1139775407.903368,27.095282880388787,22.34854038017806,22.34854038017806,18.93989204342511,13.275008530676057,13.275008530676057,10.055854356671361,10.055854356671361,7.405649567693385,7.405649567693385,5.457941822912321,5.457941822912321,24.61676715699595,9.873860440409693,4.3772765287708
CCOc1ccc2ccccc2c1C(=O)NC1C(=O)N2C1SC(C)(C)C2C(=O)O,1,2.936963797640094,1.6396211372603273,1021.2985810281289,-2.74,2994610.5230601737,20.921920772951367,16.338927847212414,17.155424428140137,13.75805604017738,9.441784020755986,10.321436832010882,7.642125785791479,9.413010925164036,5.379223060079045,6.950753654926524,4.120348986080304,5.745745575689631,19.570988899577596,6.9471021121804615,3.020918724334687
O[C@@H](COc1cccc2ncccc12)CN1CCN([C@H]2c3ccccc3[C@@H]3[C@H](c4ccccc42)C3(F)F)CC1,0,3.575852690919626,1.0368423924336907,1443.0418107903927,-3.3899999999999983,1745753024.8913224,26.56190268556918,21.587977151014705,21.587977151014705,19.020006519134387,13.686046047238587,13.686046047238587,10.917885325824582,10.917885325824582,8.582731643379702,8.582731643379702,6.689665481490199,6.689665481490199,24.636541474920673,9.662462759118538,4.291285690884865
OCc1c[nH]c2ccccc12,0,2.4670912585932565,2.760004898460174,364.3551686765164,-1.2799999999999998,656.2462747858062,7.681798275874712,6.041071722634635,6.041071722634635,5.41501490017253,3.574481694989364,3.574481694989364,2.517611207411917,2.517611207411917,1.8452637633685265,1.8452637633685265,1.2624306249012562,1.2624306249012562,6.431461349966585,2.3984764886578454,0.9172242512783058
O=C(OC1CN2CCC1CC2)N1CCc2ccccc2C1c1ccccc1,0,2.741103569362016,1.4268266950352047,814.137877878992,-2.329999999999999,3320638.650410811,18.21696770287794,15.58887447050899,15.58887447050899,13.292826335683712,10.11768303864428,10.11768303864428,8.015676531991804,8.015676531991804,6.481573868714994,6.481573868714994,4.9995753695380145,4.9995753695380145,16.815519130954957,7.005744544324144,3.1217922985672084
COc1cc2c(cc1OC)C(Cc1ccc(Oc3cc(CC4c5cc(OC)c(OC)cc5CCN4C)ccc3O)cc1)N(C)CC2,1,3.0779761231776948,1.181014384131685,1688.0947505164604,-4.399999999999999,23811113380.53124,32.37130376232768,27.631076425403602,27.631076425403602,22.30792664623096,15.80148789953239,15.80148789953239,12.26115913217356,12.26115913217356,9.574074657000283,9.574074657000283,6.873081977756018,6.873081977756018,31.577196117077126,13.529077170226696,6.322888777439144
CNC(=O)c1ccccc1Nc1nc(Nc2ccc(N3CCOCC3)cc2OC)ncc1Cl,0,2.863347975464763,1.567109295794755,1136.9296361166325,-3.56,36603711.924880914,23.20853153444066,18.39157940916389,19.147508355182342,16.084049995768552,10.471969974899743,10.84993444790897,7.248868543949473,7.65606867069008,5.2037438579258515,5.480340408945864,3.48923518832652,3.6275334638365258,22.627433577459144,10.371012571910336,5.266839447021485
CNC(Cc1ccc2ccccc2c1)C(=O)NC1CSSCC(C(=O)NC(CCCN=C(N)N)C(N)=O)NC(=O)C(CCCNC(N)=O)NC(=O)C(CCCNC(=N)N)NC(=O)C(Cc2ccc(O)cc2)NC(=O)C2CCCN2C(=O)C(CCCCN)NC(=O)C(CCCCN)NC(=O)C(CCCNC(N)=O)NC(=O)C(Cc2ccc(O)cc2)NC1=O,1,1.6626453507217185,1.536328439382509,4226.7863972415635,-11.959999999999999,2.0043103260535545e+34,89.21101656201937,68.32707632428178,69.96006948613723,58.35403251043341,40.55333044618139,43.04136431789396,29.60775671400874,32.16004146383951,20.162397776158173,22.584393217395125,13.573557612614144,15.901436176258558,98.86089122777153,52.2736842885513,34.639320100813634
O=NO,0,0.9182958340544897,2.1874960973678963,10.264662506490406,-0.6000000000000001,2.754887502163469,2.7071067811865475,1.3026754814637789,1.3026754814637789,1.4142135623730951,0.38257418583505537,0.38257418583505537,0.08164965809277261,0.08164965809277261,0.0,0.0,0.0,0.0,2.4000000000000004,1.4000000000000001,1.4
CC1Cc2ccccc2N1NC(=O)c1ccc(Cl)c(S(N)(=O)=O)c1,0,2.823521592852865,1.8885490887958856,914.5336968480627,-2.0899999999999994,246290.1415013697,17.48276318419594,12.86143043425782,14.433855961204001,11.269875513468987,7.27621469709342,9.20049864802421,5.6829980466814565,7.620043115726064,3.9291664151701684,5.32162312835986,2.772442514694299,3.8436827245072673,16.756807901021556,6.084269777305813,3.1017156119752642
COc1cc(C2c3cc4c(cc3C(OC3OC5COC(C)OC5C(O)C3O)C3COC(=O)C23)OCO4)cc(OC)c1O,1,3.611670585826154,1.3182370054389008,1352.5325604550396,-3.330000000000001,5287664732.043723,29.28336361358765,23.12834780335291,23.12834780335291,20.282427298526205,13.777144189299923,13.777144189299923,10.988221669433306,10.988221669433306,8.745948150865637,8.745948150865637,6.73540078130962,6.73540078130962,27.500051524777703,10.435801723225586,4.258657173456175
N=C(N)NCCCC1NC(=O)C(CCCCN)NC(=O)C(Cc2ccc(O)cc2)NC(=O)C(CC(=O)O)NC(=O)CNC1=O,0,2.960156273189657,2.4416902959370055,1194.2870278949551,-4.930000000000001,1838616953.2910964,32.64768912319608,24.18848743754483,24.18848743754483,20.887156906157266,14.150410288576465,14.150410288576465,10.256997925836455,10.256997925836455,6.660684214646192,6.660684214646192,4.373464307707632,4.373464307707632,35.26715933851472,17.894324542957815,12.518473660537357
N#CCNC(=O)c1ccc(-c2ccnc(Nc3ccc(N4CCOCC4)cc3)n2)cc1,1,2.8370135317791796,1.433524782151086,1070.470878055129,-3.959999999999999,16661666.99159785,21.4680445584345,16.91438756075656,16.91438756075656,15.224677988261847,10.01201248415882,10.01201248415882,6.954924225038974,6.954924225038974,4.926113344027819,4.926113344027819,3.3001631831900307,3.3001631831900307,20.318366527718922,9.693819408820946,5.153226433691413
C=CC(=O)Nc1cccc(Nc2nc(Nc3ccc(N4CCN(C(C)=O)CC4)cc3OC)ncc2C(F)(F)F)c1,0,2.9262982644873627,1.5686980957931231,1406.3598614112611,-4.8100000000000005,591391909.8989878,28.86323207281991,21.87917900105848,21.87917900105848,19.066231809002833,12.273711014649901,12.273711014649901,8.855530457401622,8.855530457401622,6.194129318038944,6.194129318038944,4.129366076174552,4.129366076174552,28.20448354210261,11.928766606232426,6.785958821046366
COc1cc(NC(=O)c2ccc(-c3ccc(Cl)cc3)o2)cc(OC)c1,0,3.1185099726508496,1.7901781020800023,864.4446800753022,-2.919999999999999,657007.681038081,17.811190308942127,13.707110057571313,14.463039003589769,12.084049995768549,7.490201158729754,7.868165631738981,5.226254763976225,5.6626905444482105,3.567840437440505,3.8198167527799898,2.3015205227580027,2.4275086804277453,16.921050319532895,7.31810862042364,3.949518710412681
O=C(O)C1=C(CSc2nnnn2CS(=O)(=O)O)CS[C@@H]2C(NC(=O)C(O)c3ccccc3)C(=O)N12,0,3.247934773397852,1.457011974108983,1298.3181421153226,-2.9899999999999998,52817577.49977943,25.327698166887174,17.58381758478722,20.033307327570398,16.564369264977238,9.840615553959216,13.484134211119768,7.4272831865227396,10.896801793737692,5.071203955441116,8.025092654381128,3.5002892068254,6.426656815164865,25.11336941312153,9.938438363293368,5.32447838751217
CC(C)(Oc1ccc(C(=O)c2ccc(Cl)cc2)cc1)C(=O)O,0,2.473694093560799,2.1649159842212513,687.6038065906843,-2.3299999999999996,67165.74202836282,16.328062645816686,12.168725093417784,12.92465403943624,10.292530882788025,6.621820025274157,6.9997844982833834,5.277919565157344,5.714355345629329,3.1109628095792083,3.362939124918693,1.7805649395498637,1.9065530972196063,16.047672125077447,6.197119417244842,3.6516229612663578
CCOc1nc2cccc(C(=O)OC(C)OC(=O)OC3CCCCC3)c2n1Cc1ccc(-c2ccccc2-c2nn[nH]n2)cc1,0,3.7064698912797103,1.222997079290457,1762.6183384983415,-5.26,24517536161.9986,31.17478686069153,25.14085868805394,25.14085868805394,21.99553493609094,15.122850367178627,15.122850367178627,10.78341784833494,10.78341784833494,7.694214275840069,7.694214275840069,5.61360080265364,5.61360080265364,29.795805869066374,13.581235805681795,6.79270353187758
Cc1cc(OCCN2CCOCC2)nn1-c1ccc2ccccc2c1,0,3.026330162181176,1.4505786590367513,853.0234804977791,-2.369999999999999,1033697.5408358999,17.062267164498692,14.519580208063896,14.519580208063896,12.29282633568371,8.782387650408657,8.782387650408657,6.369688518465253,6.369688518465253,4.603793738931021,4.603793738931021,3.1905805344835585,3.1905805344835585,16.117600261167315,7.2514245186419934,3.673972959912272
COc1ccc(Cl)cc1C(=O)NCCc1ccc(S(=O)(=O)NC(=O)NC2CCCCC2)cc1,0,2.7924961896583094,1.5132730990273082,1083.77575374057,-2.78,19051838.763898093,23.846724214874854,18.396003837615247,19.968429364561423,15.780025428031989,10.82286415992906,12.683991880532679,7.908351337725925,10.027189359607425,5.506487489505753,7.088476704356596,3.7512599623929614,4.838599848892556,24.85443019187222,11.379760303013173,7.1000866469258455
COC1C(=O)C(C)C[C@H](C)/C=C/C=C/C=C(\C)[C@@H](OC)C[C@@H]2CC[C@@H](C)[C@@](O)(O2)C(=O)C(=O)N2CCCCC2C(=O)O[C@H]([C@H](C)C[C@@H]2CC[C@@H](O)[C@H](OC)C2)CC(=O)C(C)=CC(C)[C@H]1O,1,3.2799489135664572,1.7029085469828518,1755.5005702359908,-3.37,47983207692394.51,48.17226867064887,40.610730825856066,40.610730825856066,30.749583324057742,23.930003299283467,23.930003299283467,19.60277792446948,19.60277792446948,14.490750449339341,14.490750449339341,10.136240304209483,10.136240304209483,54.237416228475276,25.12545058178446,14.322429756626919
CC(=O)[C@@]1(O)CC[C@H]2[C@@H]3CC=C4CC(=O)CC[C@]4(C)[C@H]3CC[C@@]21C,0,2.8109978063055294,1.7030251855872356,634.995115124503,-0.96,291351.4896301492,17.328062645816686,15.22996550267857,15.22996550267857,11.22181621764166,9.668860664080045,9.668860664080045,9.386101822871323,9.386101822871323,8.670238609798144,8.670238609798144,7.0711314868050685,7.0711314868050685,16.50531036972541,5.030468577405891,1.880066273261145
C[C@]12CC[C@H]3[C@@H](CC[C@@]45OC4C(=O)C(C#N)C[C@]35C)[C@@H]1CC[C@@H]2O,1,3.2324405786149013,1.525208372291286,655.7596268835217,-0.9199999999999999,541036.2067268264,16.905412915006313,14.624772855371234,14.624772855371234,11.371792786898522,9.665050471286014,9.665050471286014,9.646183130113194,9.646183130113194,9.101545728455813,9.101545728455813,7.663059246267683,7.663059246267683,15.343930495342866,4.426570381476169,1.5078199861543529
CC(C)OC(=O)C(C)N[P@](=O)(CO[C@H](C)Cn1cnc2c(N)ncnc21)Oc1ccccc1,0,3.164024454714614,1.6957835142969118,1122.7905438138232,-3.0099999999999993,19002320.884755563,24.009860921691384,19.04237595327809,19.936803144278006,15.66532289628113,10.515243916053734,12.325209786927587,7.848628453072106,9.894445534082738,4.504184322054517,6.279605154958653,3.011154656419167,4.79959286240679,24.628866025751837,10.73809379559668,6.736480383731423
C=CC(=O)Nc1cccc(C)c1Nc1ncc2cc(-c3c(Cl)c(OC)cc(OC)c3Cl)ccc2n1,1,2.8591297544150938,1.7231807588569996,1428.4791517592337,-3.809999999999999,68755483.15872884,25.112155217263346,19.27836021230314,20.79021810434005,16.85410560579821,10.53085240904184,11.286781355060294,7.567102046457869,8.32303099247632,5.3949959380658425,6.145481651273152,3.6215813287792296,4.340559775204761,24.318870451165793,10.211673290033438,4.869706422806426
O=C(c1ccccc1)c1ccc2n1CCC2C(=O)O,0,2.9917453860635552,1.9881168620497733,642.6652275716834,-2.3600000000000003,39227.76550206533,13.405412915006313,10.243939487817746,10.243939487817746,9.181540550352057,6.202262214430047,6.202262214430047,4.669725472796263,4.669725472796263,3.5795477274142073,3.5795477274142073,2.628900898823426,2.628900898823426,11.71480336716462,4.387759596716938,1.8518175588367969
CNCC(O)C(O)C(O)C(O)CO,0,2.1422643605801293,3.991684655394681,134.05130927524974,-0.24000000000000002,574.1268486354746,10.430721420318147,7.45968261663139,7.45968261663139,6.040111220059325,4.019073296526482,4.019073296526482,2.8561319845810695,2.8561319845810695,1.738681616873396,1.738681616873396,0.8930945455985126,0.8930945455985126,12.760000000000002,6.249699693744906,3.9880347001896768
CCC(Nc1ncnc2[nH]cnc12)c1nc2cccc(F)c2c(=O)n1-c1ccccc1,0,3.2742475030481213,1.7378436920324165,1445.28719755954,-4.14,22671413.590705678,21.37166824125719,16.580240483245316,16.580240483245316,15.169035095596024,9.84263844679196,9.84263844679196,7.007273182771415,7.007273182771415,5.135129549291146,5.135129549291146,3.6517362967449745,3.6517362967449745,18.86128189565991,7.599108901758115,3.196993023812744
NCC1(CC(=O)O)CCCCC1,0,2.0484490301472014,2.532630281022175,161.9114705065293,-0.5700000000000001,491.62776723532835,9.02709773749546,7.382559623459281,7.382559623459281,5.684269172402757,4.603746186412143,4.603746186412143,3.835299555531742,3.835299555531742,2.8734519894182267,2.8734519894182267,2.075644526710341,2.075644526710341,9.517489063867016,3.895613316930221,2.2058301462550474
NS(=O)(=O)Cc1noc2ccccc12,0,2.4669383005242724,2.539001213297287,558.7250089212612,-1.4,1818.1335274863889,10.181798275874714,7.174064884490088,7.990561465417814,6.561461509579255,3.8989195169235282,5.614340973570852,2.93262554634757,4.547021478014453,1.790051102211571,2.4658570414447407,1.2327661761804283,1.822102238951968,9.166608996539793,3.07139221415779,1.7539787417408788
COC(=O)C1=C(C)N=C(C)C(C(=O)OCCN2CCN(C(c3ccccc3)c3ccccc3)CC2)C1c1cccc([N+](=O)[O-])c1,0,3.0562506467304162,1.2519234511778703,1542.3848405478136,-4.669999999999998,11974712773.958065,31.923710005134964,25.79593938812594,25.79593938812594,21.77809600087664,15.096845041731852,15.096845041731852,11.320300383999905,11.320300383999905,8.582149749886188,8.582149749886188,6.404412843876979,6.404412843876979,31.745388930579253,14.407300311175966,7.186426794632614
CC12CC3CC(C)(C1)CC(N)(C3)C2,0,1.7121371456428902,2.0314966899206834,207.05610392453644,-0.04,684.8548582571561,9.319990956308912,8.897341225498538,8.897341225498538,5.906725386731054,5.695400521325867,5.695400521325867,6.992420704625582,6.992420704625582,4.669381154648978,4.669381154648978,5.536017006989412,5.536017006989412,8.28331493608625,1.9765714235398746,1.0921327999811485
Cc1cnc(Nc2ccc(N3CCN(C)CC3)cc2)nc1Nc1cccc(S(=O)(=O)NC(C)(C)C)c1,1,2.8103369265571088,1.4674182816767178,1296.6131492046864,-3.21,73962312.33695751,25.924074484064487,21.538178800844246,22.354675381771973,16.98211493010454,12.037741908798232,13.520905156392626,10.19575727390021,11.878159515309724,5.811207600898128,7.5668451094175335,3.917893244761184,5.381768062600439,25.870157676789752,10.416140208209537,6.714991867494358
COC(=O)C(CCSC)NC(=O)c1ccc(NC[C@@H](N)CS)cc1-c1ccccc1,0,2.792789303258875,2.3220599010985374,833.6324000616341,-2.1599999999999993,4472931.348099414,21.93251065250176,17.25948684318749,18.97041061511513,14.493932260492075,9.671471255978542,11.697773638129568,6.780624780288699,8.131371711612298,4.553549141464592,5.666517092749023,2.8851585169714022,3.4856624826360147,24.112583347600516,12.515991936673384,6.9664792899408265
CCN(CCCCOC(=O)c1ccc(OC)c(OC)c1)C(C)Cc1ccc(OC)cc1,0,2.8057489750250113,1.736449942492463,806.0596919657754,-2.7299999999999995,7302399.404342696,22.63961743368831,19.34989788845557,19.34989788845557,15.015100310547252,10.780354962118713,10.780354962118713,7.442598445415724,7.442598445415724,5.4117597620633155,5.4117597620633155,3.55035465583507,3.55035465583507,24.538648490095337,12.849563030791694,7.473792294817722
COC(=O)C1=C(C#N)N=C(C)C(C(=O)OC(C)C)C1c1cccc([N+](=O)[O-])c1,0,2.6517218070713615,2.741637120730216,925.841807897099,-3.5399999999999996,1086988.4997110784,21.007707210578264,15.832582413610437,15.832582413610437,13.204815018005776,8.434124309594889,8.434124309594889,6.4119313781385765,6.4119313781385765,4.194850028202119,4.194850028202119,3.083283457078036,3.083283457078036,20.76804755730999,8.433579933919193,4.062325274144538
C[N+](C)(C)CC(O)CC(=O)[O-],0,1.5345243669755788,3.6942591252386228,139.1113374466282,-0.6100000000000001,108.9512300552661,9.068914100752348,7.202487603490363,7.202487603490363,4.810349069553741,3.494365704248736,3.494365704248736,3.702854389810445,3.702854389810445,1.16076298735312,1.16076298735312,0.8891837607836006,0.8891837607836006,10.39,3.6866198733798097,7.285016628286414
CC(OC1OCCN(Cc2n[nH]c(=O)[nH]2)C1c1ccc(F)cc1)c1cc(C(F)(F)F)cc(C(F)(F)F)c1,0,3.228143347200202,1.66329452167776,1238.5746842143205,-3.229999999999998,118959626.12128504,26.957454678884098,19.159746408912003,19.159746408912003,17.3077002193691,11.005655008747041,11.005655008747041,8.447996418865939,8.447996418865939,5.844079414047732,5.844079414047732,4.073388992535314,4.073388992535314,26.82234125589696,10.262970547743883,6.373734780071109
O=c1[nH]cnc2[nH]ncc12,0,2.3571021521226503,3.0929120500200673,400.94019739120694,-1.65,372.42214003537873,6.974691494688164,4.95737601984303,4.95737601984303,4.877010097711744,2.7450857894158376,2.7450857894158376,1.863944823243442,1.863944823243442,1.2531394182579527,1.2531394182579527,0.7771133516055416,0.7771133516055416,5.159860161857645,1.6629234524260401,0.5397705083562873
CCOC(=O)C1=C(C)N=C(C)C(C(=O)OC)C1c1cccc([N+](=O)[O-])c1,0,2.602011450639856,2.6837844479691637,811.6542745944085,-3.03,458211.614446228,19.43035694138864,15.0151253301074,15.0151253301074,12.310968167888422,8.065896628851501,8.065896628851501,5.80333815985238,5.80333815985238,4.218883620905642,4.218883620905642,3.1352599449795804,3.1352599449795804,19.29678868332321,7.900155746880224,3.6342527126671174
O=C(C=CC=Cc1ccc2c(c1)OCO2)N1CCCCC1,0,2.9959151312967114,1.5596547149797813,571.3979945235308,-2.23,122221.35369638064,14.493353063746348,11.956051038338217,11.956051038338217,10.326499840494922,7.361169175571288,7.361169175571288,5.216878217474117,5.216878217474117,3.7029498799714804,3.7029498799714804,2.541040643734998,2.541040643734998,13.739348359697157,6.480399704138981,3.453925248823185
COc1ccc(CN2CCN(C(c3ccc(F)cc3)c3ccc(F)cc3)CC2)c(OC)c1OC,0,2.866842534759012,1.5100897647994969,1036.7793789687084,-3.1599999999999993,53983608.18860387,24.078775022443736,19.761487875428585,19.761487875428585,16.532738400752297,11.288741172325656,11.288741172325656,8.31119877829168,8.31119877829168,6.323193585293668,6.323193585293668,4.61249208095184,4.61249208095184,23.9801170296598,10.844436471627832,5.156488737378733
O=C1Cc2c([nH]c3ccc(Br)cc23)-c2ccccc2N1,1,2.7028173378300275,2.1017996216503096,850.8041995489056,-2.07,67002.84180480638,13.689869965382487,10.53477142898702,12.120767968101724,9.720346690612276,6.415597303825304,7.208595573382655,4.938995929805654,5.854671458597344,3.6760050766797447,4.169256715396784,2.798516422829977,3.1596016832874585,11.731559540606883,4.213962559423512,1.6832262695497069
O=c1sn(-c2cccc3ccccc23)c(=O)n1Cc1ccccc1,0,2.901125139346908,1.8710872683193582,1118.0282256884723,-2.919999999999999,567831.4212740917,16.518297090128677,12.754482073853566,13.570978654781293,11.737183443017882,7.591205776709756,8.364602438843729,5.5041642729433145,6.401127682950201,3.963340127485651,4.875367714053823,2.7899450686075413,3.621539427862055,14.658349024845199,5.940202904844313,2.4868327736324765
CCC1=CC2CN(C1)Cc1c([nH]c3ccccc13)C(C(=O)OC)(c1cc3c(cc1OC)N(C)C1C(O)(C(=O)OC)C(OC(C)=O)C4(CC)C=CCN5CCC31C54)C2,0,3.8653005140500163,1.3697089390408743,2247.9699696105645,-4.6499999999999995,7495124316908.953,40.23311108189347,34.01610694539093,34.01610694539093,27.38479922306013,20.34967727730742,20.34967727730742,17.178958141086873,17.178958141086873,14.759818858047543,14.759818858047543,12.84476661357208,12.84476661357208,37.90033363100775,13.188750570201027,4.80371045684897
N#CC1(c2ccc(NC(=O)c3cccnc3NCc3ccncc3)cc2)CCCC1,0,3.293685182758117,1.4582778576611346,1050.9593283966697,-3.7199999999999993,12140839.777423965,20.81334402005525,16.636275943982362,16.636275943982362,14.69943850898383,10.110873914510158,10.110873914510158,7.541075984341639,7.541075984341639,5.628129571097918,5.628129571097918,3.930429155654948,3.930429155654948,19.590131685030904,8.745709692927107,4.154382276858171
Cn1nccc1Nc1nccc(-c2cc3c(s2)C(C)(C)N(CCN2CCOCC2)C3=O)n1,0,3.4532770316018166,1.3472285609388233,1133.010283076201,-2.82,30668332.307925712,22.294317972067564,18.53741847745875,19.353915058386477,15.430690121657356,10.781253135492841,11.597749716420568,8.553813478983864,9.606012320307102,6.150456121273058,7.6209314088268725,4.266930530639068,5.498027808727229,21.048177704238775,8.267583305123477,3.7823525712208013
OC(CCCN1CCCCC1)(c1ccccc1)c1ccccc1,0,2.6380216353912234,1.7312818527171814,535.8052692151279,-1.6399999999999997,275198.41700401244,15.959972868926739,13.824784132388558,13.824784132388558,11.288641693029941,8.847210691439683,8.847210691439683,6.5981792277935165,6.5981792277935165,4.964305492750516,4.964305492750516,3.6245922931555743,3.6245922931555743,16.22598681741415,7.759547063723449,4.0120105578605925
CC(O)C1C(=O)N2C(C(=O)[O-])=C(SC3Cn4cnc[n+]4C3)C(C)C12,0,3.119689770435412,1.6050537972647543,737.9101268007186,-1.8699999999999999,330843.1001546754,17.1708439173948,13.324726586055721,14.141223166983448,11.396754605515328,7.929608695836448,8.809261507091342,6.6181599367981745,7.960355269487804,5.106776718781919,6.557320532217901,4.018708448682433,5.479749696003635,15.645715573090758,5.316780454179286,2.0374703959924507
CCC(CC)C(NC(C)=O)C1C(N=C(N)N)CC(C(=O)O)C1O,0,2.742417961914208,3.226012405839931,460.3932295685993,-1.83,77489.76193184785,17.731686328639373,13.898259864504253,13.898259864504253,10.721651770411384,7.99043359473261,7.99043359473261,6.17257184713802,6.17257184713802,4.719647497261592,4.719647497261592,3.641084822557189,3.641084822557189,19.21723665564478,8.143282544643442,4.570581242073762
C/C(=C\CO)CCC[C@H](C)CCC[C@H](C)CCCC(C)C,0,2.381477631697191,3.516209888253743,254.56402909743406,-0.3,25436.562584157695,16.08757566981053,15.32768248412394,15.32768248412394,9.951596160381719,9.217347110746607,9.217347110746607,7.591277127403322,7.591277127403322,4.580031182697171,4.580031182697171,2.9652722640703955,2.9652722640703955,20.7,13.36896310815269,14.403633690401177
CCCCc1oc2ccccc2c1C(=O)c1cc(I)c(OCCN(CC)CC)c(I)c1,0,3.1404221106059236,1.8888647726408172,1017.4182948418052,-1.13,10080001.27373847,22.38010440969447,18.341736496353594,22.656733078706235,14.993932260492077,10.888744028304075,13.046242319480395,7.4734361391367825,9.797817503911748,5.461660913120074,7.064249090033275,3.6482951301721394,5.727816628805918,24.511205068165516,11.651596931772385,5.815185868306782
Nc1nc(N)c(N=O)c(OCC2CCCCC2)n1,0,2.3682999044366397,2.052249003173164,431.6869031615997,-1.92,13745.612645350257,12.957819157813608,10.132828862115765,10.132828862115765,8.702708600407233,6.09550259499291,6.09550259499291,4.527132632337066,4.527132632337066,3.168078664494814,3.168078664494814,2.2049479668032417,2.2049479668032417,12.534672597337776,5.612224588425759,2.848586018931789
CCN(CC)Cc1cc(Nc2ccnc3cc(Cl)ccc23)ccc1O,0,2.6167662239228227,1.9078862505736283,877.9443065405388,-2.2999999999999994,512300.02425471455,17.81119030894213,14.459727756585753,15.215656702604209,12.100886748174158,8.458921184121934,8.83688565713116,5.949864776865439,6.3863005573374245,4.351653123387808,4.586750226175547,2.863772515772078,3.0301160708133743,17.520698585454607,7.722207642285875,4.032364531312095
O=c1c(-n2ccnn2)c[nH]n1-c1cc(N2CCOCC2)ncn1,0,3.2504398325817077,1.6976376885518545,846.9941212897756,-3.0100000000000002,475344.3211167489,15.6480536021256,12.162170220121753,12.162170220121753,11.326499840494924,7.150006961406318,7.150006961406318,4.980689738239195,4.980689738239195,3.6243229295530432,3.6243229295530432,2.456467723742829,2.456467723742829,13.639070713839875,5.647063357308987,2.4825661670169206
CC(=O)c1cc2c(o1)C(=O)c1ccccc1C2=O,1,2.8142407692492526,2.271494737729182,653.8341129823287,-2.4899999999999998,20082.422129362665,12.861442840636295,9.519744507803582,9.519744507803582,8.592224152875016,5.42532126453891,5.42532126453891,4.1134679801457175,4.1134679801457175,2.9462381760566876,2.9462381760566876,2.0483760536660647,2.0483760536660647,10.650606281602645,3.499426930572551,1.2883844723298068
Cc1cccc(-c2[nH]c(C(C)(C)C)nc2-c2ccc3c(c2)OCO3)n1,0,3.2028438966372135,1.897989094820071,938.3545914642867,-2.82,732349.4740294787,17.604083527755577,14.882132168251946,14.882132168251946,11.914834803611857,8.362076558222283,8.362076558222283,7.291266111484548,7.291266111484548,4.2046952891448655,4.2046952891448655,2.8488151303508302,2.8488151303508302,15.692856440774952,5.618746211579336,2.8616400933114594
CC1(C)SC2C(NC(=O)C(NC(=O)N3CCNC3=O)c3ccccc3)C(=O)N2C1C(=O)O,0,3.2856788936058625,1.511737108919021,985.9522448712286,-3.28,13295223.64594906,23.206377823327536,17.40149651436278,18.217993095290506,15.113898087833947,10.055796136911438,10.935448948166332,8.261158815152607,10.032043954525166,5.7375388579043936,7.3090694527518725,4.194530891097867,5.819927480707201,21.93332784181894,8.005784463793704,3.636332817541784
CC(C)(C)C(=O)C(Oc1ccc(Cl)cc1)n1ccnc1,0,2.8970706278636826,2.281223550397853,570.9210237184805,-1.81,34289.72795139455,14.750712376627062,11.70769039845388,12.463619344472335,9.376028663351637,6.317302909073865,6.695267382083093,5.5482791261885245,5.98471490666051,2.820494959721999,3.072471275061484,1.6704097331436392,1.7963978908133817,14.596021787554912,5.669952524053512,3.3911569604678258
O=C(OC1CC2CCC(C1)[N+]21CCCC1)C(O)(c1ccccc1)c1ccccc1,0,3.3072276747617426,1.3986085056612771,804.651910006599,-2.169999999999999,8701977.457833096,19.899130457682155,16.873331520885163,16.873331520885163,14.126812208916595,11.037267607966454,11.037267607966454,9.083474999672216,9.083474999672216,7.708578293806092,7.708578293806092,6.304262683443868,6.304262683443868,18.83312702231452,7.261553304625357,3.008073244264642
CC(=O)OC1(C(C)=O)CCC2C3=CC(Cl)=C4CC(=O)C5CC5C4(C)C3CCC21C,0,3.3855730679244282,1.6073636198763703,915.8414469544764,-1.4199999999999997,4562110.492624186,20.93035694138864,17.640349667932096,18.39627861395055,13.559038740733076,10.899544096984657,11.277508569993884,10.42213253712687,10.829332663867477,9.401542837644605,9.738773521971119,7.884857911272889,8.281261442791042,19.537993631582353,5.8383347756632125,2.244829557714441
CCN(CC)CCCCNc1ncc2cc(-c3cc(OC)cc(OC)c3)c(NC(=O)NC(C)(C)C)nc2n1,0,2.883570893272412,1.902867447505823,1200.7781860460534,-3.6600000000000006,172117059.34861192,27.70853153444066,23.642991286458834,23.642991286458834,18.14904146519794,13.119628357490775,13.119628357490775,10.082211576391414,10.082211576391414,6.030158843048108,6.030158843048108,4.00677157565356,4.00677157565356,28.904245405633638,13.229209618530357,8.17343106186293
CN(C)CC/C=C1/c2ccccc2COc2ccccc21,0,2.6503485522006267,2.0659497027232017,608.6208590133427,-2.0599999999999996,89136.52250761147,14.656489770562878,12.672934652230099,12.672934652230099,10.254020195423491,7.4086315908747,7.4086315908747,5.651731947012883,5.651731947012883,3.792715741036061,3.792715741036061,2.7115302451163505,2.7115302451163505,13.901814763425588,6.146844081766772,3.006125990520758
CCN(CCO)CCCOc1ccc2c(Nc3cc(CC(=O)Nc4cccc(F)c4)[nH]n3)ncnc2c1,0,3.318815108780067,1.3361174418479216,1330.5316141135663,-4.09,258937864.35121897,26.036958659186844,20.57642892244921,20.57642892244921,18.033539738551728,12.112606604446105,12.112606604446105,8.399838333258833,8.399838333258833,5.695585060470279,5.695585060470279,3.855789392316537,3.855789392316537,25.98667293174922,12.744696234798589,7.447971776131695
NCCS(=O)(=O)O,1,1.2958363892911637,3.6021968224150824,125.87033355475131,-0.13000000000000003,18.14170945007629,5.914213562373095,3.663522298454268,4.480018879381994,3.060660171779821,1.7128309442270646,3.3219962517534674,1.0747135653398041,2.646790426829786,0.37580488978195226,1.1274146693458567,0.14892967253441064,0.44678901760323186,6.869999999999999,2.24774250890826,5.87
CCNC1CC(C)S(=O)(=O)c2sc(S(N)(=O)=O)cc21,0,2.7150687211876408,2.644543138598183,690.3570134107331,-0.4800000000000001,14628.790269759009,14.422285251880869,10.58135267237864,13.03084241516182,8.674887154074321,5.81377532866185,9.7229108654327,4.554835921653558,9.956721138951188,3.1644645630554784,8.48154905385552,2.1790374708038187,6.598518947743171,14.919338215533458,4.8126222010358415,2.570269497519414
CC(C)(Cc1ccc2ccccc2c1)NCC(O)COc1cccc(Cl)c1C#N,1,2.7019905814616467,1.5359404402252983,1026.809549931439,-2.5799999999999996,2877141.716923735,20.855160383312143,16.652813259118535,17.408742205136992,13.876141876782569,9.60014503329455,9.978109506303777,7.812666948331739,8.219867075072345,4.794588828070781,5.109559222245136,3.293693599728044,3.501820919259322,21.136630654785638,9.278424690184044,5.708787081091697
CC(=O)Oc1cccc2c1C(=O)c1c(OC(C)=O)cc(C(=O)O)cc1C2=O,0,2.573865680313552,2.306286021688589,1047.9154457273426,-3.81,804183.7408885268,19.877950698581344,14.191702974695131,14.191702974695131,12.70128505815564,7.709441579072908,7.709441579072908,5.726340416030058,5.726340416030058,3.8260982076978625,3.8260982076978625,2.852112784817415,2.852112784817415,17.99529697207141,6.487370307022906,3.0802902280668167
CCOC1OC(=O)CC1NC(=O)C1CCCN1C(=O)C(NC(=O)c1ccc(N)c(Cl)c1)C(C)(C)C,0,3.3935904054264365,1.7400947811637089,994.7167028105246,-2.8499999999999996,41620974.58894659,25.913484604514082,20.42900387074211,21.184932816760565,16.416941221210397,11.69829083688644,12.076255309895666,9.831247758774772,10.238447885515377,6.1108755830324455,6.438202418386434,4.248380751017906,4.428923381246649,26.749499666658807,10.822844230785769,6.236003195883634
C1N2CN3CN1CN(C2)C3,0,1.8218710079836447,1.897366596101028,101.29748098348912,-0.16,344.33362050890884,6.552041763877789,6.031495069119117,6.031495069119117,4.898979485566357,3.7947331922020555,3.7947331922020555,3.5318097104236035,3.5318097104236035,2.3999999999999986,2.3999999999999986,2.2337125894476615,2.2337125894476615,5.485247443389335,1.7072404432021557,0.6453803882707986
C1=C\COCc2cc(ccc2OCCN2CCCC2)Nc2nccc(n2)-c2cccc(c2)COC/1,1,3.4018706624919135,1.3667103222346004,1144.551240673006,-3.2599999999999993,189231977.80801177,23.710685245553787,19.988306430842826,19.988306430842826,17.33163247594393,12.313548639387866,12.313548639387866,8.812238105691927,8.812238105691927,6.17983069219374,6.17983069219374,4.348804175156733,4.348804175156733,23.480403316998444,11.929464858964975,6.661072191197736
Cc1cc(F)c(C(=O)Nc2cccc(-c3nncn3C(C)C)n2)cc1-n1cnc(C2CC2)c1,0,3.3058999646497815,1.4228911718991293,1336.3437051897254,-3.88,42681416.555604644,23.112155217263346,18.657210590742196,18.657210590742196,15.901887240964335,10.931205369451536,10.931205369451536,8.616376126908905,8.616376126908905,5.755798868231581,5.755798868231581,3.7895338500945113,3.7895338500945113,20.99139723214078,8.233273872952322,4.134398962281684
NC(CSCCCO)C(=O)O,0,1.9725825453789116,3.172288580849476,120.39502311613279,-0.26,226.84699271857485,8.69023444431199,6.194051435053084,7.01054801598081,5.180739212552622,3.351565736580384,4.506266274959635,2.096805885756763,3.2466358000178213,1.061395933244092,2.2335652192257753,0.44820056572593064,1.3446016971777914,10.74,6.450201165867344,6.150677618069815
CC(C)(C)CC(C)(C)c1ccc(OCCOCC[N+](C)(C)Cc2ccccc2)cc1,1,2.6326861528910785,1.6813925306084734,742.6825754284953,-1.8399999999999994,2182770.620106605,22.252866087740177,20.202503286253606,20.202503286253606,13.968875020678812,11.139743251398667,11.139743251398667,10.909582584504282,10.909582584504282,5.398844306275155,5.398844306275155,4.219136361505514,4.219136361505514,24.429644231438672,10.456926140230221,8.889884963680199
Cc1ccc(S(=O)(=O)NC(=O)NN2CC3CCCC3C2)cc1,0,2.9875922448140333,1.5799953351185274,645.1151747425323,-1.6,119001.77429543258,15.742276208189782,12.579842278425906,13.396338859353632,10.437490172930893,7.589461799047487,9.07262504664188,6.215524839992821,7.8979270814023375,4.544292421330978,5.891184533394086,3.391138358931194,4.293093202837809,15.301626275510202,5.887683316002724,3.2502415458937195
C=C(C)c1cc(O)c(C)cc1O,0,1.9582006255378581,3.3258841466405995,326.85561870596365,-1.4400000000000002,393.5983257331095,9.300964908321225,7.256234510565716,7.256234510565716,5.519744507803581,3.7054675244724837,3.7054675244724837,2.9361738790637095,2.9361738790637095,1.7740464787750354,1.7740464787750354,1.0230956398932174,1.0230956398932174,8.654696969696971,2.8932518288935443,1.420238926872771
OCC1OC(Oc2cc(O)cc(C=Cc3ccc(O)cc3)c2)C(O)C(O)C1O,0,2.6740233851237787,1.763409981734769,817.4554412254281,-2.619999999999999,1734446.4402460663,20.258784066134833,14.789788703768789,14.789788703768789,13.367412398353686,8.654952196111712,8.654952196111712,6.500240543883354,6.500240543883354,4.3756250587674534,4.3756250587674534,2.846783255429494,2.846783255429494,20.12297245540805,8.593523943109052,4.613689304674708
O=P(O)(NCCCl)NCCCl,0,1.9747361181835863,3.529089012556217,134.05374780501026,0.69,207.34729240927655,8.742640687119287,5.887031552228423,8.29331663526525,5.121320343559644,3.071417046346409,5.800037576666134,1.7702194818288821,4.310658445486647,0.8412237183739013,2.523671155121704,0.4435076167028635,1.8376154029457001,11.689999999999998,6.233070156318987,7.064181478016838
Cc1cc(=O)[nH]c(=S)[nH]1,1,1.5880914479405832,3.515622477176413,282.9743004823358,-0.9000000000000001,85.7569381887915,6.8533711511285205,4.8938468501173515,5.710343431045078,4.1815405503520555,2.485598559653489,2.8938468501173515,1.7707251845326875,2.1789734749965506,0.8950313759150471,1.0991555211469786,0.5910345433129665,0.8526144127933568,6.223456790123456,2.144233422611801,1.4988312636961283
Cc1cn(C2CC(O)C(CO)O2)c(=O)[nH]c1=O,0,2.645469496889508,2.335396041923274,520.1629217962848,-1.4400000000000002,7965.508655134308,12.576985790260121,9.290000297023063,9.290000297023063,8.024075805453151,5.2908373835829305,5.2908373835829305,4.093467597493248,4.093467597493248,2.840228194739679,2.840228194739679,1.8502710045785484,1.8502710045785484,12.02850568274639,4.438375367377904,2.1665656901037735
O=C1CC(c2ccccc2)Oc2cc(O)cc(O)c21,0,2.3794361141905522,2.02781240938101,634.0938758768984,-2.4899999999999998,26973.2877904641,13.405412915006313,10.036832706631198,10.036832706631198,9.147867045540844,5.957025102913499,5.957025102913499,4.482509027424762,4.482509027424762,3.15633251284068,3.15633251284068,2.278781630691043,2.278781630691043,11.591985557765002,4.314847409507479,2.0120018122244634
Nc1nc(=O)c2nc(CNc3ccc(C(=O)NC(CCC(=O)O)C(=O)O)cc3)cnc2[nH]1,0,2.747642011136813,1.6218348411934933,1225.0586856369823,-4.550000000000001,10533591.215823023,23.250347897697548,16.53183336724227,16.53183336724227,15.223254446010252,9.334919260593596,9.334919260593596,6.713352307446027,6.713352307446027,4.364449357473615,4.364449357473615,2.7618454997577357,2.7618454997577357,22.142319000579384,9.507051807641774,5.530374336264687
O=P1(NCCCl)OCCCN1CCCl,0,2.1929014972520733,2.545008652689994,215.86647567444427,0.69,1429.7717762083519,10.441311299868556,7.91660018625193,10.322885269288756,6.726492059082183,4.597961710466701,7.2445170169565785,2.9469275437115803,5.883786772984461,1.9479372157709594,4.606453214667551,1.3188483000310376,3.860556819943667,12.758073519400952,6.311144001092418,3.36838444118429
CCCc1nc(C)c2c(=O)[nH]c(-c3cc(S(=O)(=O)N4CCN(CC)CC4)ccc3OCC)nn12,0,3.148223437593766,1.8159231890244247,1339.4796294691944,-2.76,44976779.31883958,24.45745467888409,20.16621448688036,20.982711067808086,16.293592089014194,11.779035514158581,13.21909884295922,8.35590831300675,10.293843292948413,6.138613260823053,8.033250127419459,4.313921399439903,5.76287105299272,24.367281858677618,9.847325219794989,4.468392132046619
CO[C@@]1(NC(=O)Cc2cccs2)C(=O)N2C(C(=O)O)=C(COC(N)=O)CS[C@@H]21,1,3.153789946063906,1.81030194245744,854.429156129188,-2.57,1725921.0093533108,20.474327015758657,14.668485204218596,16.301478366074047,13.296566727541911,8.011797012889343,9.940204614124895,5.947633477052819,8.048407898416126,4.2632391632438535,6.513238588236466,3.0352803960091506,5.158769497423441,20.171661836598886,7.813366165730109,3.4527017359863312
Clc1ccc(C(c2ccccc2Cl)C(Cl)Cl)cc1,0,2.338497085193061,2.467618736944898,519.572130204195,-0.40000000000000024,12244.370738070867,13.120955864630139,9.28536058393317,12.30907636800699,8.592224152875016,5.373801330239716,7.00260183720214,3.8851899941460566,5.892607411111475,2.721381263434495,3.8215162573586854,1.8582043371891857,2.7998983599747267,14.018545496589201,6.164208984375,3.128924686664911
COc1cc(C2c3cc4c(cc3C(OC3OC5COC(c6cccs6)OC5C(O)C3O)C3COC(=O)C23)OCO4)cc(OC)c1O,1,3.8478468442628486,1.158228943611139,1601.098625016832,-3.6300000000000003,57390008052.18593,31.689141007523464,24.768646901385647,25.585143482313374,22.35490694359764,14.883637261594037,15.763290072848934,11.767938986182228,12.747211294344682,9.370064280978841,10.263980264924214,7.18329633153193,7.889408900733608,29.751115320200824,11.559989470673607,4.701146592890468
Cn1cnc2c(F)c(Nc3ccc(Br)cc3F)c(C(=O)NOCCO)cc21,0,3.00169473027451,2.0867106284228685,1009.497467706933,-2.56,1278262.6958032092,19.551677284948283,14.092995694776508,15.678992233891211,12.917922655570507,7.806307011985805,8.599305281543156,5.588739729198151,6.504415257989842,3.7540798090686054,4.247331447785644,2.4685363648734,2.801685388903719,19.208502772812476,7.987972379621039,3.9181567223534253
Nc1ccn([C@@H]2O[C@H](CO)[C@@H](O)C2(F)F)c(=O)n1,0,2.5183619408733295,2.4191219777016335,506.83126955905954,-1.58,10211.95767024135,13.499635521070495,9.032488305270315,9.032488305270315,8.374245891192093,5.044753463050231,5.044753463050231,3.8710878934285597,3.8710878934285597,2.663557921514029,2.663557921514029,1.7228616480990466,1.7228616480990466,12.866060785008985,4.264616604979357,1.8546532535041447
CCOC(=O)c1c(CSc2ccccc2)n(C)c2cc(Br)c(O)c(CN(C)C)c12,1,2.9606417756346506,2.2202238033297608,1031.9536797106955,-1.96,3013684.633686921,21.12902755413791,17.02977208959809,19.43226520964052,13.845443010499073,9.359641321242364,11.138238150453201,7.02036762408883,8.923459313244006,4.710895304792884,6.338656997834771,3.409298003877727,4.85639831587871,21.741796325387607,9.238133081538038,4.4674026658104555
COc1ccc2[nH]c([S+]([O-])Cc3ncc(C)c(OC)c3C)nc2c1,0,3.0065977799893377,1.884482859483478,878.8884252759137,-2.25,353332.36450656696,17.26722023457211,14.04392821080042,14.860424791728146,11.528407103102724,7.443492497782771,8.762424390769594,5.46104893925831,6.827466466577103,3.9017431666317632,5.06202398658572,2.6061450233687737,3.706211926416468,16.60229916897507,6.7025904456291086,3.0452495819741783
CN(C)CC(c1ccc(O)cc1)C1(O)CCCCC1,0,2.3768928581338584,2.261789984173743,393.71488955011364,-1.06,18368.62800765846,13.880468888623982,11.971032819567291,11.971032819567291,9.01065579946675,7.171941098402668,7.171941098402668,6.070597067344555,6.070597067344555,4.21120442763603,4.21120442763603,3.169825849949667,3.169825849949667,14.35123583728531,5.9305484375353075,3.484716175460601
CNCc1cc(-c2ccccc2F)n(S(=O)(=O)c2cccnc2)c1,0,3.008943279368373,2.2252311996286585,952.9768197429579,-2.5099999999999993,371881.31778369594,17.156489770562874,12.97774600848354,13.794242589411267,11.536041933740568,7.301716757913303,8.741780086713941,5.233358402583501,7.048288299543795,3.564545563689058,5.221762016170253,2.4749517912237593,3.830846031452418,16.351375754580495,6.543035067332874,2.9544818221752402
CCC(C)Nc1cc(C(=O)NC2CC3CCC(C2)N3c2ccc(C(=O)C3CC3)cn2)c(C)cc1C(N)=O,1,3.689475237004748,1.2720895906694514,1192.7679845655857,-3.42,329073446.28704125,26.2668557556426,21.919772491783224,21.919772491783224,17.74442249606543,13.551634178864454,13.551634178864454,11.00825184522871,11.00825184522871,8.202261816022027,8.202261816022027,5.841228879918357,5.841228879918357,25.2388347555019,10.149612110893573,5.1951168240123735
Cc1c(-c2cnccn2)ssc1=S,0,2.494104956937373,2.5982775174064674,457.7414202573002,-0.65,1536.3686534734218,9.259148545064338,6.851222869960384,9.300712612743562,6.287693700234704,3.64925103728207,6.207329242006993,2.498901186756959,5.315397767684685,1.6432805117459177,4.988848684409932,0.9483501979532919,3.7729451288072484,8.926807081036344,3.6108082322981088,1.673482411276347
CCOC(=O)C1OC1C(=O)NC(CC(C)C)C(=O)NCCC(C)C,0,3.259316570920974,2.517462257948496,450.26185562029815,-1.63,193730.51765897177,18.27565640300939,15.256419923013636,15.256419923013636,11.256126613022031,8.659416227956072,8.659416227956072,6.893604935616388,6.893604935616388,3.629903683820377,3.629903683820377,2.2794308106718204,2.2794308106718204,20.414702726866338,9.613842353049087,6.8633770335400035
CCCCC[C@H](O)/C=C/[C@@H]1[C@@H](C/C=C\CCCC(=O)O)[C@@H](O)C[C@H]1O,0,2.8177026854760974,2.4624405408050674,431.8024499631732,-1.1700000000000002,271685.7106362908,18.656489770562874,15.257216125849261,15.257216125849261,11.95159616038172,9.545810860119728,9.545810860119728,7.05270601913682,7.05270601913682,4.911168865654416,4.911168865654416,3.405009741836545,3.405009741836545,21.871963911036506,12.226632993151828,8.655266724154759
CN(C)CCN(Cc1ccccc1)c1ccccn1,0,2.4510200690562947,2.10233907270632,467.86742338979684,-1.8699999999999994,25804.33928702467,13.501789232183626,11.659113552766152,11.659113552766152,9.25402019542349,6.601435102008596,6.601435102008596,4.898366108709462,4.898366108709462,3.0066654842248455,3.0066654842248455,1.9399265351600607,1.9399265351600607,13.559088318143553,6.901777556094249,4.375413511197604
CCc1cc2c(cc1N1CCC(N3CCOCC3)CC1)C(C)(C)c1[nH]c3cc(C#N)ccc3c1C2=O,0,3.3172074476772244,1.3687472186597143,1382.1752232771853,-3.1399999999999992,254517120.13686597,25.026368779636442,21.486200013244286,21.486200013244286,17.41738332910188,13.271689126535412,13.271689126535412,10.947911263775591,10.947911263775591,8.664646901094438,8.664646901094438,6.571125041344889,6.571125041344889,23.2700803443833,8.757841870150598,3.564454953867018
COC1C(=O)C(C)C[C@H](C)/C=C/C=C/C=C(\C)[C@@H](OC)C[C@@H]2CC[C@@H](C)[C@@](O)(O2)C(=O)C(=O)N2CCCCC2C(=O)O[C@H]([C@H](C)C[C@@H]2CC[C@@H](OC(=O)C(C)(CO)CO)[C@H](OC)C2)CC(=O)C(C)=CC(C)[C@H]1O,0,3.3716123541676786,1.6949767374471891,2008.8445619076049,-3.9400000000000004,1787337139017851.2,54.37093928339813,45.288654564656845,45.288654564656845,34.476075383139914,26.405317273615903,26.405317273615903,21.85607851684874,21.85607851684874,15.914175947010683,15.914175947010683,10.712801108727884,10.712801108727884,61.60584913164462,28.265156851324967,16.04383364474031
CNC(=O)CN(CCN(CCN(CC(=O)O)CC(=O)NC)CC(=O)O)CC(=O)O,0,2.6127492856844317,4.950897971401262,543.6574273617352,-2.7700000000000005,840542.3471989671,22.39697674656903,16.58848405599799,16.58848405599799,13.564988363311913,8.805257966527504,8.805257966527504,6.225026085881894,6.225026085881894,3.8336171181907868,3.8336171181907868,2.401790017070509,2.401790017070509,26.230000000000004,14.259472755787145,13.959559098418568
O=C(O)CCCCC1SCC2NC(=O)NC21,1,2.7215493646348374,1.703040654393498,297.78872926636205,-0.9099999999999999,5794.178597307568,11.543605595440512,8.939543180393164,9.75603976132089,7.664703797946448,5.5702993905814635,6.61905418056212,4.26138125807225,5.53354678504816,3.0674294445664945,4.576068504965449,2.264757116766507,3.808346038947311,11.571752540962677,4.9476486864612665,2.6071993441328214
CC(=O)OCC[N+](C)(C)C,0,1.5929097864510189,3.2906175777248623,115.26473935839903,-0.5700000000000001,81.23839910900196,8.198670612749268,7.1779237388007795,7.1779237388007795,4.4165022194363885,3.3547919775753874,3.3547919775753874,3.353974218626901,3.353974218626901,1.0674326911797156,1.0674326911797156,0.4632335644939793,0.4632335644939793,9.430000000000001,3.562154412456972,7.43
CCOCc1cc(OC)c(-c2ccc(CC(NC(=O)c3c(F)cccc3F)C(=O)O)cc2)c(OC)c1,0,2.8631595664475102,1.8300404746629493,1184.1786828810157,-3.979999999999999,78685122.15234517,26.241911729260266,20.13920702929363,20.13920702929363,17.281625960726778,11.181811503112332,11.181811503112332,7.874468262504329,7.874468262504329,5.514140669353834,5.514140669353834,3.742366995807809,3.742366995807809,26.621731318956485,12.12324432708085,6.168423236607667
CN1[C@H](CC(=O)c2ccccc2)CCC[C@H]1C[C@H](O)c1ccccc1,1,2.6600351836278207,1.6065701897464988,670.9412795480589,-1.9699999999999993,606913.6274965235,17.648053602125596,14.843762886861658,14.843762886861658,12.147867045540844,9.180771592526696,9.180771592526696,7.059529173392479,7.059529173392479,5.423095903163126,5.423095903163126,3.8495721207719935,3.8495721207719935,17.840262203932987,8.41335364493603,4.559099019833947
CC(C)c1cc(CNc2nc(Nc3cc(C4CC4)[nH]n3)cc(N3CCN(C)CC3)n2)on1,1,3.33151878488639,1.3462403511427412,1047.3612188324357,-3.1400000000000006,31319075.05371137,22.078775022443736,18.92802867771757,18.92802867771757,15.530009778701592,11.375382349886154,11.375382349886154,9.059458900989943,9.059458900989943,6.000327947134315,6.000327947134315,3.7609486918530703,3.7609486918530703,20.745477369640987,8.775012427422297,4.849524451208654
N[C@@H]1C[C@H]1c1ccccc1,0,2.691692999184711,2.2038147347065578,217.42969243757128,-0.8200000000000001,495.27151184998684,6.974691494688164,5.8259089347035555,5.8259089347035555,4.877010097711744,3.6825219847121655,3.6825219847121655,2.916733545733497,2.916733545733497,2.0675199341691184,2.0675199341691184,1.2981596151047263,1.2981596151047263,5.927256649464839,2.0972477177374915,0.9290842019241585
CCC(C)CC(C)CCCCCCCCC(=O)CC1C[C@@H](O)[C@H](NCCN)NC(=O)C2[C@@H](O)CCN2C(=O)C([C@H](O)CCN)NC(=O)C([C@H](O)[C@@H](O)c2ccc(O)cc2)NC(=O)C2C[C@@H](O)CN2C(=O)C([C@@H](C)O)NC1=O,0,3.9857906686326863,1.7284931418878824,2071.882717490219,-4.890000000000001,1.457587772807438e+16,57.09455392252971,45.1737155341493,45.1737155341493,36.51949227909159,27.556697596844547,27.556697596844547,21.585576636368963,21.585576636368963,15.185736620802198,15.185736620802198,10.5137737568712,10.5137737568712,64.634043899507,31.637527866050526,18.883832499139675
CCOC(=O)C1=CC(OC(CC)CC)C(NC(C)=O)C(N)C1,0,2.4693050621799517,2.9815100402351518,418.3688686812758,-1.4000000000000001,53534.53374806135,16.698306133819763,13.9255219017394,13.9255219017394,10.421452615420641,7.982754299149104,7.982754299149104,5.545864647961087,5.545864647961087,3.8041003059824887,3.8041003059824887,2.6208532483888702,2.6208532483888702,18.64854368932039,8.901512287334594,5.103401360544219
CCCC1O[C@@H]2C[C@H]3[C@@H]4CC=C5CC(=O)C=C[C@]5(C)[C@H]4[C@@H](O)C[C@]3(C)[C@]2(C(=O)CO)O1,0,3.199900200493744,1.5630450706862118,862.0735282455938,-1.34,11435336.15109527,22.181433796945203,18.673320243867835,18.673320243867835,14.707527990726081,11.780100099891374,11.780100099891374,10.722701821329968,10.722701821329968,9.330575210385652,9.330575210385652,8.03235346961382,8.03235346961382,21.502813864413955,7.077732320442025,2.6509012112996055
CCC(COC(=O)c1cc(OC)c(OC)c(OC)c1)(c1ccccc1)N(C)C,0,2.731403064812202,2.3081762935130046,765.7641635320127,-2.7299999999999995,1529421.8321109444,20.733840039752497,17.44412049451975,17.44412049451975,13.427417887329874,9.13167242417126,9.13167242417126,6.635738211029088,6.635738211029088,5.094563269031137,5.094563269031137,3.308644935288776,3.308644935288776,21.56873372893044,9.461146283917621,4.224076911288529
C=CCc1ccc(O)c(OC)c1,0,2.0865919829346073,2.959559547224779,279.16711032401867,-1.44,552.9468754776709,8.974691494688164,7.07907652509542,7.07907652509542,5.774386907679233,3.744063076679359,3.744063076679359,2.4990004639770524,2.4990004639770524,1.6241733935106493,1.6241733935106493,1.0156731681243485,1.0156731681243485,8.654696969696971,3.809658461029751,1.7840075614366737
CCCCCCCCCCCC(=O)O,1,2.1483333752626295,2.884064614706359,132.28341890015258,-0.53,1119.28168851183,10.648418081055103,9.426529697829299,9.426529697829299,6.770055610029663,5.988391114761732,5.988391114761732,3.9721656679695423,3.9721656679695423,2.494195557380866,2.494195557380866,1.5868858969327333,1.5868858969327333,13.47,10.550192461908578,11.47
Cc1sc2c(c1C)C(c1ccc(Cl)cc1)=NC(CC(=O)Nc1ccc(O)cc1)c1nnc(C)n1-2,0,3.281335117734859,1.609537766765938,1421.0146305905755,-3.4899999999999998,60112851.82557929,23.982398705266426,18.833788235329923,20.406213762276103,16.312570843487293,10.768012371941206,11.962473425878159,8.203795084923282,9.843425777389976,5.8869495679798804,7.331345815615636,4.064904942137663,5.4048302655515155,22.309544746205127,8.699205846690393,3.9928735115277347
CCCNC(=O)c1cn2ncnc(Nc3cc(C(=O)NC4CC4)ccc3C)c2c1C,0,3.4826997868774274,1.658409323223568,1116.2584039795295,-3.4199999999999995,10083321.384954741,21.25034789769755,17.450666107311548,17.450666107311548,14.473565548236333,10.272599448815063,10.272599448815063,7.72793401191475,7.72793401191475,5.272455970757682,5.272455970757682,3.3365763380286237,3.3365763380286237,19.877406421476056,8.137478336855139,3.9826371945302528
CCN(CC)CCOCCOC(=O)C1(c2ccccc2)CCCC1,0,3.1275657931189085,1.7647819834615983,478.91714517212966,-1.3899999999999997,376558.9214915166,17.252866087740188,15.129777624705156,15.129777624705156,11.725510624722071,9.254960938381416,9.254960938381416,6.430413315981523,6.430413315981523,5.081325853733211,5.081325853733211,3.513374449772967,3.513374449772967,18.94166371294369,9.796796597251936,4.805816676743439
CN(CC1COCCO1)S(=O)(=O)Nc1ccc2ccc3ncc(-c4cnn(C)c4)cc3c(=O)c2c1,0,3.2339006902934266,1.4959258071687513,1564.1731761868639,-3.3799999999999994,99467489.5534685,24.57877502244374,19.340273941425462,20.15677052235319,16.79766351823703,11.093331625957761,12.5333949547584,8.479278840654192,10.256882926959703,5.922887248823801,7.386249005689991,4.047473661947606,4.990655809637595,23.366001921209,9.34376001372333,4.889627913806469
CN1CCN(CCCN2c3ccccc3Sc3ccc(Cl)cc32)CC1,0,2.6291493681524387,1.4932356446643806,743.4711667615176,-1.1999999999999997,758919.7400134103,17.225403871315223,14.619052902606182,16.19147842955236,12.20350993820667,8.954408454971631,10.148869508908582,6.83194147027523,8.35215420723404,5.039706005985327,6.405071487606992,3.567268392450581,4.809718768854616,17.225707284473156,7.583404719912659,3.82238204476409
NCCC(O)C(=O)NC1CC(N)C(OC2OC(CN)C(O)C(O)C2O)C(O)C1OC1OC(CO)C(O)C(N)C1O,0,2.9237616016376937,1.847903728536342,815.0542713752033,-1.1700000000000006,351840389.6434164,29.886022388089117,21.701489506044236,21.701489506044236,18.85188072574718,13.065117191746365,13.065117191746365,10.334214773693905,10.334214773693905,7.5089399930210625,7.5089399930210625,5.067082308128234,5.067082308128234,33.33353043559944,14.335134540622352,7.061065381476209
NC(=O)N1c2ccccc2C=Cc2ccccc21,0,2.548225653496903,2.305250789577583,596.9467906495955,-2.549999999999999,20630.434890710927,12.535169427003234,9.706314847049708,9.706314847049708,8.770856947829097,5.729003813978893,5.729003813978893,4.124612648148249,4.124612648148249,3.018151561343786,3.018151561343786,2.2109625427574167,2.2109625427574167,10.59432558024975,4.035866968245452,1.5691552778201157
CC[C@@]1([C@H]2O[C@H]([C@H]3O[C@@](O)(CO)[C@H](C)C[C@@H]3C)C[C@H]2C)CC[C@H]([C@@]2(C)CC[C@]3(C[C@H](O)[C@@H](C)[C@@H]([C@H](C)[C@H](OC)C(C)C(=O)O)O3)O2)O1,0,3.7337438471768016,1.2864919554651892,1106.8039551987465,-0.8900000000000001,15261518439.928074,34.689505486452965,30.016106945390934,30.016106945390934,21.971564952143076,18.132232663205542,18.132232663205542,16.29585883766488,16.29585883766488,13.044932581065055,13.044932581065055,9.91232677100077,9.91232677100077,37.36732169908699,13.676453058139803,6.670220144847513
CCNC1CC(N)C(OC2OC(CN)=CCC2N)C(O)C1OC1OCC(C)(O)C(NC)C1O,1,2.7634549957255294,1.7504812144143047,668.9147836193476,-0.9000000000000002,14505668.19879285,24.336134335324456,19.59307162294283,19.59307162294283,15.621759345333654,11.610726363109078,11.610726363109078,9.30958255611137,9.30958255611137,6.643879447794033,6.643879447794033,4.8570577306635325,4.8570577306635325,26.700356034089832,11.225816231807842,5.849265393422636
O=C(c1ccc2nccnc2c1)N1CCCCC1,0,2.4671728804093402,1.9072231300634588,576.0157417796587,-1.97,23536.829279105106,12.372032720186704,10.172174328844607,10.172174328844607,8.84333659290053,6.345165055055785,6.345165055055785,4.6126957061863845,4.6126957061863845,3.3595487866665876,3.3595487866665876,2.3758802682567928,2.3758802682567928,11.13935462526405,4.722289667899919,2.0569446441831207
COc1c(O)cc(O)c2c(=O)cc(-c3ccccc3)oc12,0,2.4728507985491874,2.406027066974854,865.2099982883233,-2.9499999999999993,71168.64598224561,14.982763184195939,11.160623946718887,11.160623946718887,10.113392202930193,6.2373426077937575,6.2373426077937575,4.493117409005225,4.493117409005225,3.178546406762183,3.178546406762183,2.221489591885812,2.221489591885812,13.052605705188398,4.863909706783758,2.0837761914204513
CC(C)=CCC/C(C)=C/CC/C(C)=C/CC=C(C)C=Cc1c(C)c(O)c2ccccc2c1O,1,2.7698640639601146,1.9505951392094674,1103.4346660320905,-2.999999999999999,12931074.374364963,24.38010440969447,21.203463788828913,21.203463788828913,15.701285058155642,11.930047948633796,11.930047948633796,9.258427501809637,9.258427501809637,5.993403867296403,5.993403867296403,3.8199958608572153,3.8199958608572153,26.253902185223726,12.88888888888889,8.1280276816609
COc1ccccc1OCCNCC(O)COc1cccc2[nH]c3ccccc3c12,0,3.1671514070042086,1.2575379884643594,1108.7174439193616,-3.2199999999999993,11337344.208505128,20.760937777247957,16.92858882191325,16.92858882191325,14.758351493073064,10.028490721446264,10.028490721446264,7.0175659059894056,7.0175659059894056,4.90863157687766,4.90863157687766,3.4733748085713096,3.4733748085713096,20.069059099616123,9.518994463287138,4.503684746753271
CC(C)CC(NC(=O)CNC(=O)c1cc(Cl)ccc1Cl)B(O)O,1,2.456262078047377,2.576602377245382,569.7082901720138,-1.2750649350649346,69929.78136200883,17.568549621822843,12.845167895456948,14.357025787493859,10.701285058155639,7.09095678310167,7.8468857291201255,5.524014294773423,6.367650201986014,3.0141465536749665,3.578831877502751,1.9481418949937466,2.323614866957159,19.770965121964508,9.126043062562799,6.7854121513002195
O=c1c(O)c(-c2ccc(O)c(O)c2)oc2cc(O)cc(O)c12,0,2.4477295335010476,2.3772579684492388,956.2426827834672,-3.35,86490.52306625951,16.016143379015546,10.939315904375647,10.939315904375647,10.37991785310972,6.123140834537528,6.123140834537528,4.650442556979728,4.650442556979728,3.1729556263909076,3.1729556263909076,2.1354616452958117,2.1354616452958117,13.624737496262508,4.589937946900745,1.9568672179507631
Nc1ccc(S(=O)(=O)Nc2ccnn2-c2ccccc2)cc1,1,2.957720837546351,1.940404327828654,871.4206209073056,-2.799999999999999,145235.924006876,15.579139501373252,11.547375292667018,12.363871873594745,10.560480075219148,6.539728519136152,8.022891766730543,4.638335341900422,6.320737583309938,3.0728252004954633,4.44346012972456,1.999176913114428,3.0412553054320153,14.150516197935211,5.531196581196583,2.7932278903987537
CC(CN(C)C)CN1c2ccccc2CCc2ccccc21,0,2.6492720383100536,1.9850866170180108,585.609300164348,-1.7999999999999994,126062.9606709456,15.526733258565956,13.919006738452742,13.919006738452742,10.647867045540844,8.229750488216702,8.229750488216702,6.735445042948182,6.735445042948182,4.399569199800701,4.399569199800701,3.5596660407408707,3.5596660407408707,15.109422936449963,6.533333333333334,3.1720049014987266
Nc1ncnc2c1ncn2[C@@H]1O[C@H](CO)[C@@H](O)[C@@H]1O,0,2.9431942741768258,2.035435145869755,602.6175788415977,-1.8100000000000003,35227.09226762243,13.568549621822843,9.787302124477499,9.787302124477499,9.1302289553358,5.68637513109659,5.68637513109659,4.311819367749401,4.311819367749401,3.178383097649782,3.178383097649782,2.1660908223461037,2.1660908223461037,12.23544093091737,4.3842388535215,1.7476128588760207
COCCc1ccc(OCC(O)CNC(C)C)cc1,1,2.41338216918104,2.285695819256649,337.7488527229999,-1.1,16005.550546008659,14.08757566981053,12.056238916311631,12.056238916311631,9.113392202930195,6.736267834766839,6.736267834766839,4.914526399758236,4.914526399758236,2.722324032776904,2.722324032776904,1.5953428232140634,1.5953428232140634,15.955865921787705,8.908256708575717,7.1546480807002135
Cc1ccc(-n2nc(C(C)(C)C)cc2NC(=O)Nc2ccc(OCCN3CCOCC3)c3ccccc23)cc1,0,3.3496195407699414,1.3322619189000384,1433.1343290809905,-3.8799999999999986,725071079.5827968,27.407202147189917,23.15987930609663,23.15987930609663,18.77500814891799,13.480528731496884,13.480528731496884,10.950613047180058,10.950613047180058,6.898977272320411,6.898977272320411,4.605084915893702,4.605084915893702,26.716210705040545,11.471316997387193,6.407509731014803
CC1CCc2cc(F)cc3c(=O)c(C(=O)O)cn1c23,0,2.3511745961155923,2.534425296750556,763.3556201182145,-2.17,21785.983807607077,13.731686328639373,10.312502884068468,10.312502884068468,8.986071002992368,6.0933695251835855,6.0933695251835855,4.933097909665086,4.933097909665086,3.705987191500798,3.705987191500798,2.7350488295549695,2.7350488295549695,11.894475761974611,3.9125212577384256,1.650551677436802
C=CC(C)(O)CCC1C(C)(O)CCC2C(C)(C)CCCC21C,1,2.354620138751263,2.2792544352491864,421.4231813032625,-0.33999999999999997,38545.13167135818,16.811554787871636,15.283332248061177,15.283332248061177,9.946070853459894,9.029547702238709,9.029547702238709,9.448944925162897,9.448944925162897,7.140735098778269,7.140735098778269,5.803983007030513,5.803983007030513,18.00525496440337,5.630367113415758,3.1442518375811086
O=C(NOCC(O)CO)c1ccc(F)c(F)c1Nc1ccc(I)cc1F,0,2.603160897577794,2.2681400131202514,807.3045902838313,-1.89,477877.86493374105,19.26722023457211,13.101096841475401,15.258595132651724,12.328606258093464,7.2424930820044,8.321242227592561,5.111684701808341,6.357316920995149,3.181601354308148,3.8525924576342367,1.898677783142047,2.351874516127155,20.422254118517316,9.164647634269185,5.063969644015104
Cc1cccc(C)c1N=C1NCCCS1,0,2.252421490339875,2.287689927570722,356.95855109193315,-0.9599999999999999,3405.661293393891,10.673362107437434,9.208833037092342,10.025329618020068,7.270856947829096,5.287583201776269,6.273181761429758,3.786163386300348,4.869785142426011,2.4889631108705053,3.4908240630831706,1.642726792519152,2.4847120532337073,10.554231552738797,4.706901725491135,2.5348197899335516
CC(=O)Nc1nc2c(Oc3cc(-c4ccc(C(F)(F)F)cc4)ncn3)cccc2s1,0,3.1029765662452933,1.6204223443111674,1222.934154681697,-3.5299999999999985,6568641.4454596015,21.30275414050484,15.39643149962578,16.212928080553507,14.291844901323602,8.641126816259574,9.4576233971873,6.221752015548349,7.252400897474714,4.029437533971124,4.96548099687328,2.7054596631093224,3.634974016478198,19.772043602801173,7.711921936038118,4.2269253020726
Nc1c(CC(=O)O)cccc1C(=O)c1ccccc1,0,2.408504369711069,2.4064052858396368,620.5427427712116,-2.619999999999999,20828.745789261324,13.828062645816686,10.166969380320866,10.166969380320866,9.092224152875014,5.782337542374454,5.782337542374454,4.1440368876151705,4.1440368876151705,2.8187039541212604,2.8187039541212604,1.8731297039066512,1.8731297039066512,12.827056985199185,5.3506519888476225,2.7961642823978456
CN(C)c1ccc(-c2nc3c(N4CCN(CC(=O)Nc5nccs5)CC4)c(Cl)cnc3[nH]2)cc1,1,3.4952984089285386,1.305729275835992,1280.5536729954476,-3.2099999999999995,86954859.39705878,23.656125291633362,18.954728417196822,20.527153944143006,16.474366886035767,10.963466438009634,12.221083722273756,8.327297793334527,9.629064038513542,5.833775197699675,6.798902349589292,4.04967866178373,4.852592505110493,22.575731842704894,9.571883569780573,4.698596377635712
Cc1ncsc1CCCl,0,2.1825048705293453,2.6886750370858383,184.93847023217103,-0.08000000000000002,152.77534093705418,6.69023444431199,5.2249901905357685,6.797415717481949,4.342535255101096,2.7924467256302856,4.2066220207100296,1.7999285987498754,3.117213122659255,1.1664097678253775,2.350263695253698,0.6519517691788448,1.7342198406871554,7.032107623318386,3.180475787948315,1.6628135992868716
CCNC(=O)CC1N=C(c2ccc(Cl)cc2)c2cc(OC)ccc2-n2c(C)nnc21,0,3.0623577803921025,1.955744566731452,1121.056618104041,-3.1899999999999995,7633122.758525261,21.25034789769755,17.016331151826886,17.77226009784534,14.511570350697118,9.725856557869648,10.103821030878875,6.981929810164514,7.418365590636499,5.002957228383926,5.254933543723411,3.621775617164671,3.7477637748344135,20.097816238840622,8.277420660932298,3.6815276611729106
CCOC(=O)C1=C[C@]2(CC)CCCN3CCc4c(n1c1ccccc41)[C@@H]32,0,3.015806318025995,1.8488750308563915,925.6103409286904,-2.0699999999999994,1770055.139013725,17.888540578131753,15.624772855371234,15.624772855371234,12.698637171184401,9.965322781811244,9.965322781811244,7.8451764662445145,7.8451764662445145,6.73335333918443,6.73335333918443,5.6337177532322515,5.6337177532322515,16.12905551306018,5.714245718399442,1.9644909474038599
O=C(O)CN(CCN(CC(=O)O)CC(=O)O)CC(=O)O,0,2.217176730090781,4.494378506622938,315.45388105272013,-2.1999999999999997,10500.54899370994,15.706742302257043,10.558915421974486,10.558915421974486,9.201285058155639,5.522503930401766,5.522503930401766,3.99626408692692,3.99626408692692,2.1679243252553717,2.1679243252553717,1.4760222490365573,1.4760222490365573,17.8,8.824913727800691,9.791851516523314
Cc1oncc1C(=O)Nc1ccc(C(F)(F)F)cc1,0,2.7479462875583995,2.124666471103937,587.7671184973083,-2.3099999999999996,19345.541864411134,14.043605595440512,9.784354941403496,9.784354941403496,8.876028663351637,5.276010415200652,5.276010415200652,3.824890629036956,3.824890629036956,2.4654545117677804,2.4654545117677804,1.4576692471100376,1.4576692471100376,13.129450737706515,4.753017218495077,2.9280963381750933
CC(C)OC(=O)CCCC=CCC1C(O)CC(O)C1CCC(O)CCc1ccccc1,0,2.995756514764609,1.7022321047581674,657.0209861111852,-1.6899999999999995,6370044.839708814,22.639617433688308,19.02765189757167,19.02765189757167,14.863081100704113,11.790357799233862,11.790357799233862,9.09150393508249,9.09150393508249,6.157416576459146,6.157416576459146,4.470438403400089,4.470438403400089,25.56958529703131,13.663978877949386,9.545384811495746
CC(C)c1ccc(NC(=O)Cn2cnc3c2c(=O)n(C)c(=O)n3C)cc1,0,3.0173399711316473,1.8602287657222734,1086.9425488882373,-3.16,730377.3134121265,19.007707210578264,15.184807649715726,15.184807649715726,12.29060145563268,8.299362227320001,8.299362227320001,6.5753305714477746,6.5753305714477746,4.392257503807593,4.392257503807593,2.8234326682929454,2.8234326682929454,17.656238418632874,6.624388702403352,3.052467611644566
CCn1c(N)c(C(=O)NC)c(=O)c2ccc(C#C[C@@](C)(O)COC)nc21,0,2.597640767766318,2.690358626080571,967.0307550546437,-2.89,421249.0127455927,19.482763184195935,15.212650027833437,15.212650027833437,12.251549298895442,8.049452379186867,8.049452379186867,5.937273575433113,5.937273575433113,3.805024178945072,3.805024178945072,2.581400318471466,2.581400318471466,19.434931303900395,7.5563181019931935,3.6884309765074934
CCc1cccc(CC)c1NC(=O)N1Cc2[nH]nc(NC(=O)c3ccc(N4CCN(C)CC4)cc3)c2C1,1,3.511196395574554,1.222386572332966,1253.932840854283,-3.849999999999999,360746216.49127424,25.94058234200953,21.803657096747315,21.803657096747315,17.96106009348029,13.041066938713165,13.041066938713165,9.765224544904637,9.765224544904637,7.39858159806827,7.39858159806827,5.044083592247072,5.044083592247072,24.827206190030225,10.638984038557782,5.174848506579654
Cc1cc2c(C(=O)NCC(C)c3ccccc3)c(O)c(O)cc2c(O)c1-c1c(C)cc2c(C(=O)NCC(C)c3ccccc3)c(O)c(O)cc2c1O,1,3.130892118444427,1.41083034211972,2190.6201607623966,-6.419999999999998,263177158525.62186,37.429627983529606,29.151596023334584,29.151596023334584,24.79350921103065,16.88631152845131,16.88631152845131,13.306496541593312,13.306496541593312,9.713137630330934,9.713137630330934,6.816191268521652,6.816191268521652,35.40762517079458,14.067436564745579,6.346376395286384
CC(C)n1nc(-c2ccc3oc(N)nc3c2)c2c(N)ncnc21,1,3.063974568041082,2.027448164824675,1031.0941397770107,-3.1599999999999997,288390.4782677308,16.13746372257519,12.685768152291036,12.685768152291036,11.041713895658194,7.194570425486686,7.194570425486686,5.579047520055623,5.579047520055623,3.6848180538350923,3.6848180538350923,2.650076633352523,2.650076633352523,13.499300517419588,4.668040298150509,1.9880856338591677
Nc1ccccc1C(=O)CC(N)C(=O)O,0,2.175044976040299,2.781701916869178,390.0088201517133,-1.88,1927.089848771705,11.422285251880869,8.012268841941614,8.012268841941614,7.019744507803581,4.381690640983565,4.381690640983565,3.1592816693742978,3.1592816693742978,1.9837035173489972,1.9837035173489972,1.1479449666521486,1.1479449666521486,11.196219512195123,4.564527286814907,2.7827604166666675
NC(CO)C(=O)O,0,1.6457113704075785,3.3434170589539596,72.58027134782354,-0.6100000000000001,27.977093296928835,5.8618073195657985,3.6644828010295782,3.6644828010295782,3.1807392125526213,1.7742154673907578,1.7742154673907578,1.127304926118036,1.127304926118036,0.5138937555013049,0.5138937555013049,0.0780926286713828,0.0780926286713828,6.390000000000001,2.5439940390036266,2.1321150278293133
Cc1cc(Nc2nc(NC(C)c3ncc(F)cn3)ncc2Cl)[nH]n1,0,2.96087490805868,1.7603855163454318,835.0457731900764,-2.810000000000001,344006.29031788965,17.10408352775558,12.878748269466374,13.63467721548483,11.508040390846979,7.065884937853881,7.443849410863109,5.063661021578972,5.470861148319579,3.0763136903254424,3.352910241345455,1.941838936129808,2.0801372116398142,16.062091563756734,6.749502516439852,3.7424567402136515
Cc1cc(C(C)(C)C)c(O)c(C(C)(C)C)c1,0,2.041929581161227,3.5078483379345893,353.871582847577,-0.98,1617.2082282796916,12.723614639131599,11.60191413387921,11.60191413387921,7.031710636090996,5.878307336129231,5.878307336129231,6.708649137390711,6.708649137390711,2.870282750686708,2.870282750686708,1.9222353228461981,1.9222353228461981,13.086577896138483,3.796604615588104,2.5766132168457063
CCC(=O)OCC(=O)C1(OC(=O)CC)C(C)CC2C3CC=C4CC(=O)C=CC4(C)C3(F)C(O)CC21C,0,3.050582763009733,1.8102328098225147,1048.4984065372726,-2.3499999999999996,63315769.5728442,26.6814337969452,21.765867163925577,21.765867163925577,16.8115872662231,13.006243513742147,13.006243513742147,11.399701262698931,11.399701262698931,9.77507281740711,9.77507281740711,7.912258218794036,7.912258218794036,26.70567022589333,8.891376568352332,3.3901515166631553
CN(N=O)C(=O)NC1C(O)OC(CO)C(O)C1O,0,2.369270449633599,2.70655278648843,315.065713805906,-1.3300000000000003,7908.624760876954,13.869879009073573,9.501884571526016,9.501884571526016,8.41712131777107,5.100004438758287,5.100004438758287,3.809386841271577,3.809386841271577,2.6066711852059052,2.6066711852059052,1.5260314992405855,1.5260314992405855,14.729988002399521,6.019115933438388,2.9143357984046965
COc1ccc(C2=NC(c3ccc(Cl)cc3)C(c3ccc(Cl)cc3)N2C(=O)N2CCNC(=O)C2)c(OC(C)C)c1,0,3.3296326425788814,1.70684959231355,1426.6261830596939,-3.7499999999999996,1091314321.681714,28.38817609920224,22.434787006588188,23.946644898625095,19.24442249606543,13.034951311217426,13.79088025723588,9.89826385714096,10.771135418084928,6.797164299666582,7.301116930345552,4.974508939034467,5.226485254373952,27.803180818641255,11.778868236927842,5.735841420118343
CN(C)CCCOc1nn(Cc2ccccc2)c2ccccc12,0,2.9059371636935394,1.7906088847422013,749.6555305011811,-2.329999999999999,265602.6567615895,16.070703332935974,13.774468624416564,13.774468624416564,11.237183443017884,8.008482860666152,8.008482860666152,5.970840333156218,5.970840333156218,3.7876850227768397,3.7876850227768397,2.6300603915993466,2.6300603915993466,15.56131006253978,7.288957934251559,3.9025911736281094
C=C1C(=CC)c2cc3[nH]c(cc4[nH]c(cc5nc(cc1n2)C(CC)=C5C)c(C)c4CCC(=O)O)c(C=CC(=O)O)c3C,0,3.591101163977712,1.974120831204689,1931.9191568658396,-4.9799999999999995,2111073571.5470035,30.291799782024935,24.475229972001124,24.475229972001124,20.014478106095087,13.95731950358928,13.95731950358928,10.592167760205843,10.592167760205843,8.104678523009177,8.104678523009177,5.764168153938975,5.764168153938975,28.545162476783517,11.122929749523635,5.11457534073436
CC12CCC3c4ccc(O)cc4CCC3C1CCC2O,0,2.7412569097074844,1.7111998765070118,538.2198018097884,-1.02,62569.18896407333,13.905412915006313,12.178519762446586,12.178519762446586,9.593172145670254,8.092631572702832,8.092631572702832,7.436274352474407,7.436274352474407,6.660103851837375,6.660103851837375,5.541204479556272,5.541204479556272,12.700482099286223,4.2366779154371,1.604791759224291
C[C@@H]1CCO[C@H]2Cn3cc(C(=O)NCc4ccc(F)cc4F)c(=O)c(O)c3C(=O)N12,0,2.6925084236426877,1.6262944039777585,1100.5800175634024,-3.2700000000000005,5218845.997411843,21.576621311330616,16.023091634257728,16.023091634257728,14.273764703227078,9.404021769814905,9.404021769814905,7.315443124640471,7.315443124640471,5.376245296989223,5.376245296989223,3.7558092459071637,3.7558092459071637,20.021135863538753,7.524638081678996,3.323597156678507
CCC1C(=O)OC[C@@H]1Cc1cncn1C,0,2.7563007869744327,2.064704832030699,359.22482416523235,-1.32,4051.762156852416,10.836498814253964,9.14164519224579,9.14164519224579,7.21954535281284,5.338429133244467,5.338429133244467,4.104868293764819,4.104868293764819,3.139072243509167,3.139072243509167,2.1559210762127683,2.1559210762127683,10.206397849861533,4.044863499807325,1.88768527180995
NCC(O)c1ccc(O)c(O)c1,0,2.0826293264561286,2.962539757428968,275.0055247832078,-1.2600000000000002,497.74840902301474,9.137828201504695,6.435498913634551,6.435498913634551,5.647065707741406,3.548618072482244,3.548618072482244,2.499651759058777,2.499651759058777,1.607504151037815,1.607504151037815,0.8838134743619238,0.8838134743619238,8.833109869646183,3.424418661595194,1.6637425470500236
Cc1ccc(C(=O)C(C)CN2CCCCC2)cc1,0,2.397096384144941,1.929530632253824,390.06291682064716,-1.15,14267.51767843069,12.957819157813608,11.484853919031238,11.484853919031238,8.664703797946448,6.9984483425766655,6.9984483425766655,5.492592090550948,5.492592090550948,3.7644122129855644,3.7644122129855644,2.614529778275446,2.614529778275446,13.285625230484353,6.144766820932717,3.4224283555953376
O=C(O)CSc1nnc(Br)n1-c1ccc(C2CC2)c2ccccc12,0,3.3543933964500745,1.8690436433424737,936.7303966514078,-1.8599999999999994,663928.3761725704,16.681433796945207,12.646087663823812,15.048580783866242,11.647867045540842,7.624305425891562,9.4029022551024,5.763201933095695,7.414979788663409,4.111473400201662,5.5384235375108535,2.926334168716049,4.147051195391061,15.655142884809266,6.216416673118843,2.8211221169459892
CC12CCC(O)CC1=CCC1C2CCC2(C)C(c3cccnc3)=CCC12,0,3.001254944054897,1.4768492564184357,765.6751390980412,-1.4100000000000001,1508082.5893084807,17.94094682093905,16.117677351202012,16.117677351202012,12.521640493394056,10.508379015170558,10.508379015170558,9.707339295030993,9.707339295030993,8.631245480442939,8.631245480442939,7.178695989596124,7.178695989596124,16.74118130542884,5.79190217884199,2.2382052488293285
COc1ccc2c(c1)[nH]c1c(C)nccc12,1,2.681002518520392,2.452576266702656,670.0549893020406,-2.03,8750.79222045056,11.120955864630139,9.24221323191195,9.24221323191195,7.792024997884274,5.204220462833667,5.204220462833667,3.855436883374495,3.855436883374495,2.9171037362936527,2.9171037362936527,2.0719049310442808,2.0719049310442808,9.214388645115354,3.2343886836016873,1.1779209361936034
O=C(O)c1ccc(CN2CCC(CN[C@@H]3C[C@H]3c3ccccc3)CC2)cc1,0,3.4829553832236777,1.1682939738057918,751.7076326920827,-2.1699999999999995,3412739.0026978883,18.639617433688315,15.680626180045127,15.680626180045127,13.18667318580106,10.017496884630123,10.017496884630123,7.989219832170105,7.989219832170105,6.001098252898397,6.001098252898397,4.166871835540242,4.166871835540242,18.205323124111292,8.237607293133586,4.762753065182155
N=C(N)NCCCC(N)C(=O)O,0,1.9663276882372422,3.3118352065890764,170.93102051518318,-1.3,312.6461024297215,9.560477932315068,6.708833037092342,6.708833037092342,5.5365812602091875,3.600216226562007,3.600216226562007,2.4274110953625168,2.4274110953625168,1.3245529020017566,1.3245529020017566,0.6685076942623802,0.6685076942623802,10.7,5.363379355687048,5.482229779997874
Cc1cc(C)cc(NC(=O)Cc2ccc(OC(C)(C)C(=O)O)cc2)c1,0,2.4723602089904606,1.98339274926863,758.5332046454782,-2.82,221296.01758631814,18.612519696192855,14.920517132405477,14.920517132405477,11.652704228094164,8.05062817247905,8.05062817247905,6.662816956336587,6.662816956336587,3.681525402124595,3.681525402124595,2.4510545264774604,2.4510545264774604,18.517680649097247,7.382852006090359,5.345044353056199
CC(C)=CCCC(C)=CC=CC(C)=CC=CC(C)=CC=CC=C(C)C=CC=C(C)C=CC=C(C)CCC=C(C)C,0,2.8588867391644244,4.7024352532656515,1048.2835388660937,-3.379999999999998,174613714.84793666,30.175151339621046,27.22073197015946,27.22073197015946,18.988978758390342,14.654371643918697,14.654371643918697,11.130439387343868,11.130439387343868,5.928052830454337,5.928052830454337,3.412257384060165,3.412257384060165,36.62000000000001,23.502883694279948,24.928350327607482
CC(C)c1cc(C(=O)N2Cc3ccc(CN4CCN(C)CC4)cc3C2)c(O)cc1O,1,3.122988410345861,1.4798086431441189,948.9526068567956,-2.5699999999999994,6784005.264026107,21.413484604514082,18.058165351407244,18.058165351407244,14.312570843487293,10.682522750945413,10.682522750945413,8.926574795569593,8.926574795569593,6.279790505382019,6.279790505382019,4.352041470463708,4.352041470463708,20.69265557894086,8.281412353469905,4.156120259711901
CC(=O)Oc1cc(C(F)(F)F)ccc1C(=O)O,0,2.1415288144000315,3.285600371076347,465.1090814786363,-2.05,3385.7570555664497,13.21517847069432,8.537902693488107,8.537902693488107,7.714232620803162,4.345083959904131,4.345083959904131,3.107493936462443,3.107493936462443,1.7930337616414183,1.7930337616414183,1.1146351957004992,1.1146351957004992,13.016889632107022,4.4416912298688525,3.200139557672459
COc1cc(C(=O)O)ccc1NC(=O)C1NC(CC(C)(C)C)C(C#N)(c2ccc(Cl)cc2F)C1c1cccc(Cl)c1F,1,3.228027909394586,1.9456540723857378,1587.3210060510012,-3.7099999999999986,1116975071.2158499,30.982398705266423,23.26633996589048,24.77819785792739,19.727436945759933,13.021033768918887,13.77696271493734,11.39687837807508,12.24051428528767,7.437929036976402,7.964933987114761,5.694800833135672,6.035436931334987,31.230602831627458,11.881724226732473,5.7978536851004066
C=C1C(=CC=C2CCCC3(C)C2CCC3C(C)CCCC(C)(C)O)CC(O)CC1O,1,2.9955985298588597,1.7009505519736987,682.7119726280486,-0.9000000000000001,3363116.531093124,22.104083527755577,19.661267263879274,19.661267263879274,14.009674365106642,12.18332901641902,12.18332901641902,11.345920669776183,11.345920669776183,8.437030139805874,8.437030139805874,6.73706972644372,6.73706972644372,23.756630928133497,9.302573014005528,5.285369373083563
CCOC(=O)C1=C(COCCN)N=C(C)C(C(=O)OC)[C@@H]1c1ccccc1Cl,0,2.6736740578423714,2.6723881360729957,790.5556543869458,-2.2199999999999993,1412967.2240441893,20.6814337969452,16.236298529902076,16.99222747592053,13.455126120231858,9.011258710326496,9.389223183335723,6.175299545626323,6.582499672366929,4.40835657778489,4.752562625690624,3.2418243916616563,3.4951063186357274,22.073152905231186,10.35861168253191,4.785572463038592
CC(C)c1ccc2oc3nc(N)c(C(=O)O)cc3c(=O)c2c1,1,2.457249378045698,2.4259921320675346,973.1896128999354,-2.8899999999999997,88207.88092370641,16.016143379015546,12.083273677529261,12.083273677529261,10.37991785310972,6.784751922648753,6.784751922648753,5.420520336788797,5.420520336788797,3.613611099228869,3.613611099228869,2.3440307584407147,2.3440307584407147,14.06439713611295,4.836153844469817,2.0885787063748293
C=c1c(C(=O)N2CCCC2CN2CCCC2)c(C)[nH]c1=Cc1c(O)[nH]c2ccc(S(=O)(=O)Cc3c(Cl)cccc3Cl)cc12,1,3.751818082009816,1.3421464875295588,1923.1962843536883,-3.239999999999999,5490000815.145884,30.465526368391863,23.920432859756268,26.2487873327209,20.529714325805905,14.461549219588488,16.8697433919271,11.517849503205728,14.32182516427991,8.676793116985777,11.025895279508832,6.418493554091148,8.53853422317124,29.814927441439238,11.688963529467896,5.7117146039702416
CN(C)CCC(c1ccc(Cl)cc1)c1ccccn1,0,2.417396896337034,2.25847511572667,493.91719964890143,-1.3800000000000001,22742.870000738818,13.664925939000156,11.382757649088873,12.138686595107327,9.164703797946448,6.477083780312729,6.855048253321955,4.950691187122832,5.387126967594817,3.182153368865324,3.4341296842048092,2.1497904176041396,2.275778575273882,14.03810833666951,6.68985926125854,4.049073463055102
CC1C(=O)O[C@@H]2C[C@@]34[C@H]5C[C@H](C(C)(C)C)[C@]36C(O)C(=O)O[C@@H]6O[C@@]4(C(=O)O5)[C@]12O,0,3.313933446728988,1.6835784650148211,892.8729871513374,-1.71,3962844.6967333313,20.93879310982592,16.630480401757808,16.630480401757808,13.402408775198477,10.107208488230532,10.107208488230532,10.599702017015682,10.599702017015682,8.96617387511154,8.96617387511154,8.059618691900992,8.059618691900992,18.09041866635029,4.476195044430214,1.3474948844572274
CN(C)CCC(CSc1ccccc1)Nc1ccc(S(=O)(=O)NC(=O)c2ccc(N3CCN(Cc4ccccc4-c4ccc(Cl)cc4)CC3)cc2)cc1[N+](=O)[O-],1,3.1973808704223012,1.0585139842646754,2217.385045824551,-4.919999999999999,2355276046475.4976,39.65791452381696,31.305766790730623,33.694688898604525,26.94553056377787,18.309170299264313,21.15589657952141,13.90206711515538,17.114318125756064,9.61552113574339,12.370692383893875,6.5342222617525,8.64717925845547,40.73460591248288,18.81158110620648,10.888101212645315
O=S1(=O)CCN(CN2CCS(=O)(=O)NC2)CN1,0,2.2406420922065324,1.796907369613432,402.1021625165233,-0.2600000000000001,5485.091841721592,12.518661569058182,9.293664402088929,10.926657563944381,7.863703305156274,5.256738603607731,8.56126905624804,4.172922681519785,8.025761036051405,2.768626642434982,5.346541672237677,1.7045432342739582,3.748873799381176,13.178248075356297,4.782741287189473,3.861582165010455
O=C(O)CCNC(=O)c1ccccc1,0,2.1826534320885638,2.3993417942255073,321.3988126104432,-1.8399999999999994,1458.0124926351607,10.38890505706126,7.5646750847489095,7.5646750847489095,6.698377302757663,4.249645471923349,4.249645471923349,2.765664787536361,2.765664787536361,1.6604003686317814,1.6604003686317814,0.9745534122994108,0.9745534122994108,10.242236842105264,5.012486407084328,3.2643892755612196
C=CC1(C)CC(=O)C2(O)C(C)(O1)C(OC(C)=O)C(O)C1C(C)(C)CCC(O)C12C,1,2.590578839839212,2.3277274493227122,747.4428112822482,-1.28,1062924.8603013882,22.206742302257037,18.189812419049645,18.189812419049645,13.104660581597228,10.233526656147754,10.233526656147754,10.360307886367012,10.360307886367012,8.019937640636135,8.019937640636135,6.658633053737068,6.658633053737068,22.40621625978853,6.359567468988971,2.634894408090422
NC(=O)NC(CCC(=O)O)C(=O)O,0,1.9581376109346877,4.023176700858032,227.06450089168595,-1.79,436.66468723843536,10.430721420318147,6.688086163143852,6.688086163143852,5.93042811032654,3.4374131160373285,3.4374131160373285,2.3318255409768383,2.3318255409768383,1.261463641866586,1.261463641866586,0.6969162507669344,0.6969162507669344,11.21,4.962943913638706,5.476471490266513
CC12CCC(CC1)C(C)(C)O2,0,1.8374538503178093,2.2239918531978673,160.9567031494677,-0.04,293.9926160508495,8.112884175122364,7.814025684399679,7.814025684399679,5.019385277895634,4.7205267871729495,4.7205267871729495,4.9296915177288065,4.9296915177288065,3.5358886933172697,3.5358886933172697,2.744104673446887,2.744104673446887,7.600932428048904,2.0070319396307648,1.0992889094512
CCCC(=O)Nc1ccc(OCC(O)CNC(C)C)c(C(C)=O)c1,1,2.511420988553401,2.7300914999194297,557.949784082855,-1.92,131163.9839691785,18.11251969619286,14.887136937585868,14.887136937585868,11.328606258093465,8.321366148025241,8.321366148025241,6.093077728728182,6.093077728728182,3.3126242824908747,3.3126242824908747,2.0759200164706675,2.0759200164706675,20.125289855072463,10.050998753143157,7.103162169389493
Nc1ncnc2c1ncn2[C@@H]1O[C@@H]2COP(=O)(O)O[C@H]2[C@H]1O,0,3.0148347305514536,1.7121030702404194,782.2529242018633,-1.6200000000000003,160006.3236545573,15.482763184195939,11.012046995869088,11.906474186869003,10.461126976610041,6.384048427828086,7.879493542838417,4.972999450797773,6.3791283952794195,3.6275132256935194,4.612718733812376,2.6218335583306853,3.586089216520354,14.003052318923194,4.685610591667546,2.0235505741883006
COc1ccc(-c2ccc3c(N4CCOCC4C)nc(N4CCOCC4C)nc3n2)cc1CO,1,2.8758190576014693,1.6360051166676874,1173.4963235240318,-3.0100000000000002,74834218.41861852,23.656125291633366,19.89922579702455,19.89922579702455,16.58404999576855,11.744476417755509,11.744476417755509,8.83427384845601,8.83427384845601,6.538569559804628,6.538569559804628,4.618518119187474,4.618518119187474,22.765994300743742,9.693996811360208,4.263117324823139
O=C(O)/C=C/C(=O)O,0,1.6135681581652277,3.668626461933803,118.97373660251155,-1.32,40.339203954130696,6.568914100752346,3.8656243103068935,3.8656243103068935,3.625897657686229,1.7661454884867802,1.7661454884867802,1.009808669311066,1.009808669311066,0.3684872953212738,0.3684872953212738,0.1425769809939702,0.1425769809939702,6.68,2.7879637132919783,4.68
O=C1CCc2ccc(OCCCCN3CCN(c4cccc(Cl)c4Cl)CC3)cc2N1,0,2.755340481072627,1.1543969516664407,898.0121087625583,-1.949999999999999,8073775.827172481,20.924074484064487,17.00202214494933,18.51388003698624,14.597356788324023,10.568791114657495,11.32472006067595,7.824330846087763,8.609495445837593,5.758419358128084,6.567346235473263,4.017137067374732,4.43219956801867,21.288457529152762,9.90458795852269,5.203217187725054
CC1=CC(=O)c2ccccc2C1=O,0,2.146239890526001,2.690389534648589,427.4713488019866,-1.7,1131.0684223072026,9.422285251880869,7.203247926875856,7.203247926875856,6.198377302757661,4.0629488288431155,4.0629488288431155,3.066308966515398,3.066308966515398,2.1429066593067634,2.1429066593067634,1.4483417997305061,1.4483417997305061,7.92396721528191,2.6601182477828544,1.1085425487040885
Cc1cc(C(=O)NOCCO)c(Nc2ccc(I)cc2F)n(C)c1=O,0,2.567980124388877,2.4540211994155197,854.0039641187758,-1.9799999999999993,290877.67666965246,18.560113453385565,13.598715647541558,15.756213938717881,11.845443010499073,7.3050511412188,8.383800286806961,5.206224711240985,6.451856930427793,3.3803946718725135,4.051385775198602,2.153238196339399,2.606434929324507,19.34612290202239,8.406478749402517,4.554549059832165
COc1cccc2cc(-c3nc(C4CCC(C(=O)O)CC4)n4ncnc(N)c34)[nH]c12,1,3.3572959387789916,1.6269983750467685,1252.5842500793906,-3.6200000000000006,12927388.874922303,20.827698166887178,16.499793836690717,16.499793836690717,14.562881945713375,9.944920917607734,9.944920917607734,7.718597144637947,7.718597144637947,6.020585655284614,6.020585655284614,4.453870157163941,4.453870157163941,18.41121661499869,7.012898152223572,2.8501290322194306
CC1(C)CCC2=C(O1)c1ccccc1C(=O)C2=O,1,2.3481392531819134,2.227572144737797,593.5112067701166,-1.9000000000000001,13978.472974191931,12.91384908344359,10.448359510523188,10.448359510523188,8.494800481421251,6.1009536313039,6.1009536313039,5.373264319835561,5.373264319835561,3.5261383535213984,3.5261383535213984,2.5011457118945684,2.5011457118945684,11.20527761667837,3.5451057498140086,1.504779821021014
CCCCC(=O)OC1(C(=O)CO)C(C)CC2C3CC=C4CC(=O)C=CC4(C)C3(F)C(O)CC21C,0,3.002290699630797,1.808091546756178,956.7669810831956,-1.86,26030664.979706515,25.104083527755577,20.603690959684357,20.603690959684357,15.917740416105751,12.564887682920487,12.564887682920487,11.293578152591117,11.293578152591117,9.711532673169195,9.711532673169195,7.974364705588985,7.974364705588985,25.239431852231696,8.368643149182981,3.0810893609144334
c1cc(CN2CCCNCCNCCCNCC2)ccc1CN1CCCNCCNCCCNCC1,0,2.8924149582554146,1.4528875864837867,557.9417729250035,-1.1,142431826.1206622,24.936818074728013,22.76017745386246,22.76017745386246,17.898979485566358,14.668481269452773,14.668481269452773,10.283005886817447,10.283005886817447,7.072059477261144,7.072059477261144,4.916313528599075,4.916313528599075,29.455886046665345,19.937785058764078,14.001015803714436
CC(=O)Nc1cccc2c1c(Sc1ccc(Cl)cc1)c(C)n2CC(=O)O,0,2.8249838762412174,2.20630986498945,996.1820345540467,-2.4399999999999995,675058.1470666013,18.844570503761737,14.245695200914662,15.818120727860844,12.363081100704115,7.911464508194601,9.105925562131551,5.83128534277987,7.351498079738682,3.931430066317384,5.394933697641614,2.866049619617671,4.074392238209592,18.35404439154489,7.433364703800864,3.7104995371700356
Cn1cc(-c2ccc(F)c(C(F)(F)F)c2)nc1C1CCN(c2ncnc3[nH]ncc23)CC1,0,3.397499420383458,1.3609948964803547,1268.8781580312016,-3.500000000000001,26619489.498690482,22.45745467888409,17.06501847411023,17.06501847411023,15.30868165372921,10.104197073215337,10.104197073215337,7.878513628926889,7.878513628926889,5.86645067127384,5.86645067127384,4.254599573942022,4.254599573942022,20.40532544378698,7.572541907656112,3.5674395735210394
CC(C)NC(=O)COc1cccc(-c2nc(Nc3ccc4[nH]ncc4c3)c3ccccc3n2)c1,0,3.303669086561964,1.4634048079970998,1476.9752641531768,-4.459999999999999,83884244.74646835,23.49298858481683,18.870797648079286,18.870797648079286,16.546846531107196,11.045511847666015,11.045511847666015,8.24872267222023,8.24872267222023,5.217998436461601,5.217998436461601,3.6956683984993277,3.6956683984993277,21.38909020246209,9.187181507178972,4.657017295481675
CC(=O)NCC1CN(c2ccc(N3CCOCC3)c(F)c2)C(=O)O1,0,2.9438326535437565,1.692165277075504,633.7485798888887,-2.3500000000000005,354672.9580989518,17.10408352775558,13.457426589742386,13.457426589742386,11.541713895658194,7.891994736319587,7.891994736319587,5.788594620118465,5.788594620118465,4.0474680835341506,4.0474680835341506,2.8206520080734285,2.8206520080734285,16.505767468678624,7.041659619940431,3.587168117208504
CCc1cc2c(cc1CC)CC(NCC(O)c1ccc(O)c3[nH]c(=O)ccc13)C2,0,3.128450448825779,1.4812357695078997,1070.2114623649807,-2.63,5020437.169861248,20.543241116511002,16.957011540913527,16.957011540913527,13.99473359829151,10.39607323207492,10.39607323207492,7.911128112692299,7.911128112692299,6.081957650109902,6.081957650109902,4.514916170694535,4.514916170694535,19.67628802398896,8.010371929840606,3.801854922363388
Nc1nc(=O)c2ncn(COCCO)c2[nH]1,1,2.6210368602518486,2.3607877514506095,546.0876253223264,-1.9300000000000004,5884.2277512654,11.543605595440512,8.381371844866454,8.381371844866454,7.71954535281284,4.6134300515442845,4.6134300515442845,3.09972151534539,3.09972151534539,1.9747780908789903,1.9747780908789903,1.3067853805687546,1.3067853805687546,10.5832429991603,4.289049481140565,1.8772308667996151
CCCCOC(=O)c1ccc(N)cc1,0,2.188857824938596,2.4810725342253392,292.660770563408,-1.5099999999999998,1497.1787522579998,10.38890505706126,8.324568270435499,8.324568270435499,6.736382105218448,4.764072545885955,4.764072545885955,3.111481049616022,3.111481049616022,1.8774332421727036,1.8774332421727036,1.0117397297813047,1.0117397297813047,10.570064051240992,5.269484963122046,3.0883626680736613
O=C(C[S+]([O-])Cc1ccco1)NCC=CCOc1cc(CN2CCCCC2)ccn1,0,3.242175374986408,1.2981980228936267,791.4401502707476,-2.2899999999999996,8461156.95090803,21.020450801241797,17.125538608701717,17.942035189629443,14.68667318580106,10.279999767103476,11.76803363881606,7.233486509520466,8.690489589964983,4.740742259069436,5.9313993042884015,3.2627249271283434,4.240887360157371,22.396440369776688,12.415521790779906,8.216482875921306
CNC(=O)c1cc(Oc2ccc(NC(=O)Nc3cc(C(C)(C)C)nn3-c3ccc4ncccc4c3)c(F)c2)ccn1,1,3.3802599626978447,1.344920750287032,1761.1226963089582,-5.319999999999999,1560377053.1139038,29.147689123196077,22.897117225865788,22.897117225865788,19.600706651613482,12.798029136670607,12.798029136670607,10.235775028867543,10.235775028867543,6.1660920682538505,6.1660920682538505,4.021781783449444,4.021781783449444,27.25459270941727,11.04499759216267,6.137969848574678
CN1CCN(C2=Nc3cc(Cl)ccc3Nc3ccccc32)CC1,0,2.71956702625972,1.8304332090303408,763.3669443617505,-2.0399999999999996,295595.17921822146,15.81119030894213,13.089484268582675,13.845413214601129,11.20350993820667,7.887311430224071,8.265275903233299,6.057789066332256,6.494224846804241,4.426249106226114,4.6613462090138515,3.0688181488680373,3.235161703909333,14.545837274701016,5.870760385193409,2.799077045717136
O=C(N[C@H]1C[N@]2CC[C@@H]1CC2)c1ccc(Cl)cc1,0,2.4054721591927364,1.6564690789919536,437.6121429894786,-1.06,20282.941246313152,12.535169427003234,10.233061880043543,10.988990826061999,8.720346690612274,6.509910224152712,6.88787469716194,5.224885908814679,5.661321689286664,4.07906699996539,4.331043315304876,2.9815960755380004,3.107584233207743,11.998586610972906,4.902237290489631,2.3781012637905077
CNC(=O)C1O[C@@H](n2cnc3c(NCc4cccc(I)c4)nc(Cl)nc32)[C@H](O)[C@@H]1O,0,3.266732993385694,1.644672311932705,1095.7238939098008,-2.0599999999999996,7681611.565024684,21.413484604514085,15.658966303839112,18.572393541033886,14.384249150759294,9.00327749509515,10.45999111369254,6.6914538086293955,8.275147729707609,4.7603856223736045,5.600407576645398,3.280394014833905,4.052559241736128,21.182682941606853,8.589256123098993,3.9465499707508482
CN1CCC(OC(c2ccccc2)c2ccccc2)CC1,1,2.558274684220704,1.7983765084959908,492.5075161262828,-1.6399999999999997,102330.98736882817,14.493353063746348,12.612092240985525,12.612092240985525,10.326499840494924,7.7662877034879365,7.7662877034879365,5.840124458628178,5.840124458628178,4.198767498474104,4.198767498474104,2.918678033731247,2.918678033731247,14.303693978033076,6.879544203978269,3.71699114465902
CC[C@@]1(O)C(=O)OCc2c1cc1n(c2=O)Cc2cc3c(CN(C)C)c(O)ccc3nc2-1,1,3.0967545147230604,1.7487721103238782,1327.262093253442,-3.2299999999999995,12269942.157708623,22.076621311330612,17.598641050396072,17.598641050396072,14.740237853411664,10.206275564285928,10.206275564285928,8.466876053848996,8.466876053848996,6.25254668624455,6.25254668624455,4.582035556834457,4.582035556834457,19.71687996398413,6.633166188512516,2.715664946185649
O=C(O)C(O)C(O)C(O)C(O)C(O)CO,0,2.2294928237357348,4.422734581135943,207.1668656997656,-0.7700000000000002,1286.417359295519,12.171208396324303,7.632601586098247,7.632601586098247,6.823473622644457,4.065209916126563,4.065209916126563,3.004774268784254,3.004774268784254,1.857614880339167,1.857614880339167,0.8704736043585484,0.8704736043585484,14.229999999999999,5.954419399945056,3.7018546995215806
CN(C)CCN(Cc1ccc(Cl)cc1)c1ccccn1,0,2.4598810174619037,2.1150368066003713,511.0050109847871,-1.5799999999999998,36799.82002123008,14.372032720186704,11.959727756585753,12.715656702604209,9.647867045540842,6.7011009410361675,7.079065414045395,5.039233729755828,5.475669510227814,3.077098086339032,3.3290744016785165,1.9463223738579856,2.072310531527728,14.821340204764113,7.268476050812133,4.510831073077922
NC(=O)C1CC[C@@H]2CN1C(=O)N2OS(=O)(=O)O,0,2.4159337305584216,2.1979918095839523,462.22949024474264,-1.3900000000000001,5411.6915564508645,12.792528739883947,8.644501680411574,9.4609982613393,7.793512317148132,4.855330943726308,6.220479315396419,3.9123386992064244,4.9168717836702305,2.8257908296952583,3.1747755160843427,2.1273369647219798,2.5157697030348154,12.077139146064711,3.821877099038388,2.1846345184524414
Cc1c(N(C)C)c(=O)n(-c2ccccc2)n1C,0,2.5117362998439665,2.73026047273788,578.7023102137921,-1.9699999999999995,7726.100858320041,12.576985790260121,10.636640422911869,10.636640422911869,8.036581260209188,5.550875725254682,5.550875725254682,4.304556105345102,4.304556105345102,2.971038346477763,2.971038346477763,2.0691153529681183,2.0691153529681183,11.513497683888872,4.125142550519024,1.7533355056803268
Cc1sc2c(c1C)C(c1ccc(Cl)cc1)=N[C@@H](CC(N)=O)c1nnc(C)n1-2,1,3.0833503750004083,2.0352550531645957,1080.462805030506,-2.51,1537728.4990202037,19.29216426095444,15.154523832261091,16.72694935920727,12.863081100704116,8.511713503740125,9.706174557677077,6.575057568098393,8.214688260565092,4.751676963014897,6.196073210650653,3.323078411358795,4.6630037347726505,17.881557312219492,6.5809480951064545,2.9647541028588353
CCC1OC(=O)CC(O)C(C)C(OC2OC(C)C(O)C(N(C)C)C2O)C(CCN2CC(C)CC(C)C2)CC(C)C(=O)C=CC(C)=CC1COC1OC(C)C(O)C(OC)C1OC,1,3.194445935131383,1.6847781485927997,1421.2768726502266,-1.8600000000000003,6120326593197.996,45.29143530309539,38.92318314002519,38.92318314002519,28.78744147152272,22.637283589561843,22.637283589561843,18.948346648450272,18.948346648450272,13.469928298456255,13.469928298456255,10.010029169489611,10.010029169489611,51.771276966398226,23.889674915726772,13.821888772514562
CC(=O)CC(c1ccccc1)c1c(O)c2ccccc2oc1=O,0,2.5418948439378184,2.2580724675530317,909.5509726944721,-2.88,187785.02349075026,16.396976746569035,12.652567939974356,12.652567939974356,11.07538740046941,7.367289200637053,7.367289200637053,5.517369609663823,5.517369609663823,3.86185397401564,3.86185397401564,2.8145578316488793,2.8145578316488793,15.032579420487952,6.084896581778482,2.8788855581374135
NCCc1ccc(O)cc1,1,1.9451446018149496,2.693803452362809,192.91749419417292,-1.02,210.07561699601456,7.397341225498538,5.748178503821183,5.748178503821183,4.825698502695489,3.3067756838530347,3.3067756838530347,2.2051223148058376,2.2051223148058376,1.3693530069141389,1.3693530069141389,0.829281263622071,0.829281263622071,7.091358574610246,3.2248465665342856,1.739178486124621
COc1ccc(COc2cc3oc(=O)c4cc(C(C)O)ccc4c3cc2OC)cc1,1,2.7692572053763174,1.7458943644812595,1254.9078291138724,-3.5099999999999993,7142434.953020133,21.250347897697548,16.96906452090208,16.96906452090208,14.49473359829151,9.52179588617676,9.52179588617676,7.006490745658226,7.006490745658226,5.058003526627327,5.058003526627327,3.3717014425505814,3.3717014425505814,19.791198019778076,8.082925768860528,3.6930709365551917
CNC(C)C(=O)NC(C(=O)N1CCCC1C(=O)Nc1snnc1-c1ccccc1)C1CCCCC1,1,3.570311662486881,1.498237092858353,1023.2193037741162,-2.849999999999999,122718866.71297228,24.78588180363028,20.327640620554337,21.144137201482064,16.99040230064194,12.460198767438314,13.233595429572288,9.390314453948745,10.14443624643321,7.121841472764462,7.763126212934524,4.992586318140093,5.588090576345627,25.249130125109012,11.721566063568973,5.870068039845889
O=C(Nc1ccc([N+](=O)[O-])cc1O)Nc1ccccc1Br,0,2.4316442829565057,2.0974054531373163,705.5657699475773,-2.6099999999999994,46918.576439645774,15.405412915006313,10.538588419728114,12.124584958842819,9.969234250586762,5.770852489808825,6.5638507593661775,4.017532211057945,4.871869110232466,2.56239132376118,3.2538925298675574,1.5777552980054312,1.9616590480916072,14.791944718770356,6.226921985129271,3.694400578316055
CC1(C)OCCn2c1nc1c(N3CCOCC3)nc(-c3cnc(N)nc3)nc12,0,3.0875124631940936,1.7453621690069678,1024.2367892579948,-2.85,4261804.6033954825,19.30275414050485,15.921683244115599,15.921683244115599,13.526806570407935,9.360930805595414,9.360930805595414,7.418213289091369,7.418213289091369,5.1331872556522615,5.1331872556522615,3.6925866196746613,3.6925866196746613,17.262160146400735,6.348974992917664,2.7599749163016085
COc1cc2nc(N(C)CCCNC(=O)C3CCCO3)nc(N)c2cc1OC,0,3.243648111566589,1.623838903838658,838.674059007786,-2.81,2734641.875307114,20.0956473593183,16.526675712233118,16.526675712233118,13.528407103102726,9.328574250506556,9.328574250506556,6.700985099426981,6.700985099426981,4.751804712830485,4.751804712830485,3.163408103354387,3.163408103354387,19.93799528903237,8.919449457553679,4.357577240881707
CC1(C)CC(=O)c2c(C(F)(F)F)nn(-c3ccc(C(N)=O)c(NC4CCC(OC(=O)CN)CC4)c3)c2C1,1,3.1895202228695108,1.676212715855393,1229.6459054967445,-3.41,106046814.1624005,27.120591385700617,20.65251312451626,20.65251312451626,17.285844044945417,12.114358490274912,12.114358490274912,10.426897769390665,10.426897769390665,6.8253037427215055,6.8253037427215055,5.137225683612979,5.137225683612979,26.647342611796102,9.805945049401528,5.631261673162943
Clc1ccc(C(Cn2ccnc2)OCc2ccc(Sc3ccccc3)cc2)c(Cl)c1,0,3.2638268780501893,1.448963342707504,1070.3333469925055,-2.2399999999999984,11174664.354453214,20.760937777247957,16.118670587353208,18.447025060317845,14.669836433395455,9.513508311735647,11.08593383868183,6.784023623926542,8.77459271795313,4.598654127321021,6.176813640205594,3.0648175586340702,4.432555360469379,21.009659683340633,10.182556920773328,5.67332372664981
Cc1c(O)c(=O)ccn1C,0,1.9321601728882982,3.492167040964919,300.96468344759177,-1.25,171.96225538705855,7.723614639131599,5.957376019843031,5.957376019843031,4.625897657686228,2.978758693907155,2.978758693907155,2.224910762023451,2.224910762023451,1.5546746631773463,1.5546746631773463,0.7155786231589824,0.7155786231589824,6.864285714285714,2.172145328719723,0.8996598639455783
Cc1nc(Nc2[nH]nc3c2CN(C(=O)NC(CN(C)C)c2ccccc2)C3(C)C)c2sccc2n1,1,3.4974438079157615,1.3960236463645395,1360.5691844069138,-3.4999999999999987,100167979.7896021,24.741911729260266,20.58558027431762,21.402076855245348,16.735220574297664,11.581531676590672,12.461184487845566,9.625324241357436,10.541440319192724,6.38896569965763,7.299320875677832,4.632414573180557,5.408173875252771,23.25163658004364,8.936158572510731,4.346059383360379
Nc1nc(Nc2ccc3c(c2)CCC(N2CCCC2)CC3)nn1-c1cc2c(nn1)-c1ccccc1CCC2,1,3.4898018389244405,1.104767861453337,1469.111825919451,-3.779999999999999,1114788085.5174723,25.47611624794227,21.73495885794803,21.73495885794803,18.70864257365567,14.018021694018158,14.018021694018158,10.875233432780098,10.875233432780098,8.487106324800013,8.487106324800013,6.493611060702572,6.493611060702572,23.34506722721699,9.833630694468823,4.427523340871836
Cc1c(Cn2c(C)nc3c(C(=O)O)cc(N4CCOCC4)cc32)cccc1C(F)(F)F,0,3.0323995365540126,1.8429954733556364,1148.334242616254,-3.069999999999999,8989220.926964423,22.336134335324456,17.161529633836114,17.161529633836114,14.663722363586341,9.891016073314605,9.891016073314605,7.598254270572288,7.598254270572288,5.716070066415544,5.716070066415544,4.022985712697695,4.022985712697695,21.17306849765263,7.881820298823188,3.9699963243952676
CCc1c(Cl)c(O)c(Cl)c(O)c1C(=O)OC1C(C)OC(OCC2=CC=CCC(O)C(C)=CC(CC)C(OC3OC(C)(C)C(OC(=O)C(C)C)C(O)C3O)C(C)=CC(C)=CCC(C(C)O)OC2=O)C(OC)C1O,1,3.3154511045541235,1.6062679272830525,2216.0248346550975,-3.89,700838364573350.0,54.10083637985388,43.03704486853551,44.54890276057242,33.69782962115,24.16902664687311,24.92495559289156,19.3643684073464,20.12029735336485,12.986083257972995,13.751224628356988,8.600981777871066,9.160942896441345,60.66301630506202,26.548102207525574,14.693061531026752
CCNC(=O)CCCC=CCC1C(O)CC(O)C1C=CC(O)CCc1ccccc1,0,3.0034149923662543,1.7762542516079391,672.9860136970174,-1.9499999999999993,4671223.351287205,21.76937394568523,17.989647095110886,17.989647095110886,14.507239053047547,11.189994446079256,11.189994446079256,8.140965675480329,8.140965675480329,5.7664707738692735,5.7664707738692735,4.055649449144133,4.055649449144133,24.320647379288488,13.372305816446026,8.424252249211184
Clc1ccc(Nc2nnc(Cc3ccncc3)c3ccccc23)cc1,0,2.662569742975343,1.7228607370096363,1001.0158395508939,-2.9799999999999986,887125.6372434967,17.062267164498692,13.354915270971162,14.110844216989618,12.29282633568371,7.952434802777279,8.330399275786505,5.705016163004,6.141451943475985,3.991684673957611,4.243660989297095,2.746192292598227,2.8721804502679693,15.542043755882588,6.869554517431666,3.439445936559934
CC1CCC(C(=O)N(c2cc(C#CC(C)(C)C)sc2C(=O)O)C2CCC(O)CC2)CC1,1,3.121730353432063,1.9919724320549816,856.30878802735,-1.8399999999999999,6432362.854011008,22.758784066134822,19.10999125333197,19.926487834259692,14.547532512571626,11.463076750356956,12.279573331284682,10.257550717191476,11.309749558514717,6.360856367676139,7.388565567901663,4.539787737496663,5.381471834703773,23.81540232120111,9.749011470914219,6.110178975820003
CCC(NC(=O)C(C)NC)C(=O)N1CC(O)CC1Cc1c(-c2[nH]c3cc(F)ccc3c2CC2CC(O)CN2C(=O)C(CC)NC(=O)C(C)NC)[nH]c2cc(F)ccc12,0,3.962938349677151,1.3976241816568566,2006.0642417523636,-4.8999999999999995,5233804616255.01,41.998542084281944,33.91753450802087,33.91753450802087,27.665875111486056,20.20089834722042,20.20089834722042,15.77263471946015,15.77263471946015,11.915011611995533,11.915011611995533,8.42132734480271,8.42132734480271,42.69899988446532,17.932598027261907,8.745971656730454
O=S(=O)(O)CCS,0,1.2958363892911637,3.602196822415083,123.87033355475133,0.2599999999999999,18.14170945007629,5.914213562373096,3.5333856247646,5.244309396692242,3.0606601717798214,1.6208104197800397,3.862431259340118,1.0096452284949702,3.0289356854849094,0.34924085250172204,1.595445115010332,0.11536042829637928,1.0382438546674133,7.26,2.5385500296067867,6.26
Cc1ccc(Nc2nccc(N(C)c3ccc4c(C)n(C)nc4c3)n2)cc1S(N)(=O)=O,0,3.0113151908564273,1.627309736469276,1396.378075971583,-3.5,8680579.780183043,22.336134335324456,17.656965271598015,18.47346185252574,14.630048858775128,9.539109615311027,11.08542909323259,7.358217830081463,8.888062772385465,5.236889034523945,6.289766090233646,3.370209800003597,4.178268778672682,20.759876377317926,7.637285318559557,4.072096
O=C(O)C=C(CC(=O)O)C(=O)O,0,1.831371518279692,4.552105266699234,250.7639251168273,-1.85,249.0665264860381,9.723614639131599,5.850842708267637,5.850842708267637,5.43042811032654,2.817649879321905,2.817649879321905,1.883481446040721,1.883481446040721,0.9140833019061172,0.9140833019061172,0.5003524752474259,0.5003524752474259,10.15,4.117027384036986,4.0442464024848945
O=C(NCC(O)CO)c1ccncc1Nc1ccc(I)cc1F,0,2.549533531513252,2.1816929360678365,699.4173610814971,-1.7799999999999996,136502.0252772195,16.81962647737941,11.961483469682669,14.118981760858992,11.007239053047547,6.741680499256025,7.820429644844186,4.716849678386247,5.9624818975730545,2.9751627611676374,3.6461538644937264,1.7982895349458883,2.251486267930996,17.571934383357327,8.178977207077503,4.8453500614006035
CC(C(=O)O)c1ccc(C(=O)c2cccs2)cc1,0,2.9069894977518422,2.227831911383743,555.234856974764,-1.94,17348.913322582994,13.120955864630139,9.790760620408555,10.607257201336282,8.592224152875014,5.5030910385279395,6.382743849782835,3.988359537829361,4.936053730828233,2.788265723008285,3.656895389882882,1.6157634730759476,2.301531173208223,12.51518953174026,5.14285603530658,2.485814813693787
CCC(=C(c1ccc(O)cc1)c1ccc(OCCN(C)C)cc1)c1ccccc1,1,2.7379000972743373,2.016220012980417,926.707051921062,-3.0399999999999987,3819392.5388984787,20.63961743368831,17.429549324488562,17.429549324488562,14.07971869811898,10.041139218988098,10.041139218988098,7.296121242116241,7.296121242116241,4.883781551231743,4.883781551231743,3.3716973931382053,3.3716973931382053,20.68804803919763,9.944107279472263,5.489155453030887
CN1[C@@H]2C[C@@H](OC(=O)C(CO)c3ccccc3)C[C@H]1[C@@H]1O[C@@H]12,0,3.2706250854574517,1.4200028178766766,545.0371822548029,-1.4299999999999997,257123.46171832303,15.267220234572113,12.591345367037036,12.591345367037036,10.685871848001629,7.924469536693429,7.924469536693429,6.541621623120015,6.541621623120015,5.3267911941334,5.3267911941334,4.044514131084522,4.044514131084522,14.180670892667724,5.333924974919479,2.2416588494484997
NC1CCC(N[C@@H]2C[C@H]2c2ccccc2)CC1,0,3.1266813178400943,1.4940151547852862,354.4443860643436,-0.8600000000000001,21211.4060602272,11.664925939000156,10.309036597828998,10.309036597828998,8.326499840494924,6.892865415757243,6.892865415757243,5.637742292997142,5.637742292997142,4.239781773704537,4.239781773704537,3.0364394883496924,3.0364394883496924,11.24296128725617,4.789543779971381,2.695748605031909
CN(C)CCC=C1c2ccccc2C(C)(C)c2ccccc21,0,2.5056806059568966,2.1565418148147186,655.8520090135859,-1.8599999999999994,106040.40324409587,15.742276208189782,14.057579580579688,14.057579580579688,10.514873883685391,8.06227892045468,8.06227892045468,6.92591790367059,6.92591790367059,4.7059352602615085,4.7059352602615085,3.503149304743531,3.503149304743531,15.051788250673834,5.734710394518746,2.503247191178015
CC(NC(=O)C(C#N)=Cc1cccc(Br)n1)c1ccccc1,1,2.529893662205538,2.1441579098417796,735.0693119531961,-2.449999999999999,93950.13103966486,15.94938298937633,11.954142646369268,13.540139185483971,10.596555450524583,6.7006781209346125,7.493676390491964,4.660825446122993,5.473302817872827,3.041117913079388,3.4827704732754996,1.900275291391179,2.2576391522942565,15.929822520586548,7.527572537639863,4.270591860803436
C=c1c(C(=O)NCCN(CC)CC)c(C)[nH]c1=Cc1c(O)[nH]c2ccc(F)cc12,1,3.142800937803256,1.9209054170727589,1141.9640836428216,-3.059999999999999,3245583.099673174,21.129027554137906,17.025574937164247,17.025574937164247,13.849774308148644,9.752100961998893,9.752100961998893,7.02153731511547,7.02153731511547,5.22779436401808,5.22779436401808,3.548472157382695,3.548472157382695,20.668552696774814,8.528036778117754,4.19409585759501
CN(CC=Cc1ccccc1)Cc1cccc2ccccc12,1,2.561353289545777,1.6596884470097102,753.7238558262384,-2.379999999999999,159111.26634658367,15.200459844932896,12.944330926527819,12.944330926527819,10.826499840494925,7.695530084087794,7.695530084087794,5.648075207750833,5.648075207750833,3.847153862067766,3.847153862067766,2.7185944990290407,2.7185944990290407,14.552813948095137,7.057521761572762,3.6293701501628157
CCCCCCCCCCCCCCCCO,0,2.34985075765385,2.846262262649495,108.69358616951132,-0.04,6072.014357777548,12.606601717798217,12.053815313298175,12.053815313298175,8.414213562373096,8.023334547203385,8.023334547203385,5.319800875462537,5.319800875462537,3.5116672736016925,3.5116672736016925,2.306347047137994,2.306347047137994,16.96,15.959999999999999,15.960000000000003
CNC1CCC(c2ccc(Cl)c(Cl)c2)c2ccccc21,1,2.4882229364431137,2.0462380294045226,624.1371109583481,-1.02,50560.69006852407,14.11251969619286,11.366294931098183,12.878152823135093,9.702708600407234,6.914545733218416,7.670474679236871,5.27366039658918,6.088060650070392,4.1853468278815935,4.92437610661961,3.1651046749616722,3.4716354628601556,13.940059105726002,5.767688568006868,2.460403676879641
CN=C(N)NCCCC(N)C(=O)O,0,2.1079612151129967,3.410136070434466,192.93156363813893,-1.3,577.581372940961,10.267584713501616,7.6560466325923,7.6560466325923,6.074586062669972,4.021036619811944,4.021036619811944,2.6225831695636592,2.6225831695636592,1.5561243396062179,1.5561243396062179,0.7409663352040844,0.7409663352040844,11.7,6.2419430838861665,5.916305062458908
Nc1ccn(CC(CO)OCP(=O)(O)O)c(=O)n1,0,2.2533403299766817,2.681021614453369,497.8508195677134,-1.2500000000000002,6417.513259773589,13.759148545064338,9.338747864709484,10.233175055709399,8.31468036720331,4.915958490555615,6.7135623942594,3.552375663779822,5.139942938794453,1.978063122086615,2.4634836836013974,1.1660177754124847,1.571027681368729,14.809701492537313,6.074875346260388,4.943905817174516
O=C(NOCCO)c1cc(CN2OCCCC2=O)c(F)c(F)c1Nc1ccc(I)cc1F,0,2.760232200395958,2.0018005660902816,1024.4602336904475,-2.42,11522012.432023043,23.25034789769755,16.59132000877007,18.74881829994639,15.311769505687861,9.506779088611346,10.585528234199506,6.705768361380646,7.951400580567454,4.449896566833799,5.120887670159889,2.9211307523881995,3.3743274853733083,24.22692903734536,10.938823622943293,5.6781319473819964
C#CC1(O)CCC2C3CC=C4CC(=O)CCC4C3CCC21C,0,2.790408774112263,1.657810076547503,583.0048893946201,-1.07,148000.49097014032,15.535169427003234,13.47641775059396,13.47641775059396,10.483112013795045,8.891439886646847,8.891439886646847,8.308992533727046,8.308992533727046,7.663653364604481,7.663653364604481,6.357696483564382,6.357696483564382,14.517720418011233,4.7123736531989255,1.7524204432637707
COc1ccc2c(c[n+](C)c3c4cc5c(cc4ccc23)OCO5)c1OC,1,3.1166138562699603,1.942681922093592,1199.655923325648,-3.2099999999999995,1892174.1874878998,17.83613433532446,14.82876542286934,14.82876542286934,12.707039898056806,8.40410559206216,8.40410559206216,6.390646526718251,6.390646526718251,5.034164055312272,5.034164055312272,3.8671740712509957,3.8671740712509957,15.07694527452191,5.39288881593899,1.9396801341463374
O=C(NC1CCNCC1)c1[nH]ncc1NC(=O)c1c(Cl)cccc1Cl,1,3.0354444734220425,1.7276213511633824,766.332305886145,-2.0899999999999994,611945.6058418838,17.81119030894213,13.234817593140459,14.74667548517737,12.058550648063802,7.862989018130421,8.618917964148876,5.707195659625164,6.521595913106376,3.9787965505001632,4.608737338848874,2.677385348798553,3.246472823497706,17.724026440589572,7.860510380623547,4.120693495048056
CO[C@]12C[C@@H](COC(=O)c3cncc(Br)c3)CN(C)[C@@H]1Cc1cn(C)c3cccc2c13,0,3.0924851578932087,1.4354577178884635,1160.1770757197842,-2.2199999999999998,15114536.671628846,21.75034789769755,17.968929678353515,19.55492621746822,14.924689265279175,10.531503097481636,11.324501367038986,8.77849750080432,9.694173029596008,6.925622745519061,7.359292900488111,5.626529785343723,5.991368807153572,20.669852329635958,7.72623642736912,3.3016204494939636
COc1ccc2[nH]cc(CCN)c2c1,0,2.6137074181072,2.5180904320887714,433.7801939429931,-1.48,2660.75415163313,9.966255326250886,8.209213198785088,8.209213198785088,6.846866552750666,4.689558257655143,4.689558257655143,3.2641029191300808,3.2641029191300808,2.3882654821013323,2.3882654821013323,1.6468299438505933,1.6468299438505933,9.089832989041001,3.717080734621144,1.4639569186623556
NC(=O)c1nc(F)c[nH]c1=O,1,1.9361507976020194,3.352040865501479,345.8259212279461,-1.72,267.18881006907867,8.430721420318147,5.296375187816163,5.296375187816163,5.109060905280621,2.6604695262528733,2.6604695262528733,1.7651840620272718,1.7651840620272718,0.9894475324967613,0.9894475324967613,0.5503061045630656,0.5503061045630656,7.387758620689654,2.488266802148352,1.3986302458814173
CCC1(c2ccccc2)C(=O)NCNC1=O,1,2.3130142910378164,2.524396870109536,398.28675391292165,-1.84,5356.941098043583,11.596011838247808,9.117461489248951,9.117461489248951,7.714379275798965,5.336698845953192,5.336698845953192,3.8134872566213978,3.8134872566213978,3.0700477997819497,3.0700477997819497,2.119740124797372,2.119740124797372,10.670299983987857,3.9626300355797675,1.3773138680608406
CCN(CC)CCOCCOC(=O)C(CC)(CC)c1ccccc1,0,2.634051654677682,2.445205636246184,453.2115822544685,-1.3899999999999997,208701.1807034221,17.838652525367092,15.71556406233206,15.71556406233206,11.639724187095169,9.169174500754513,9.169174500754513,5.930413315981523,5.930413315981523,4.831325853733213,4.831325853733213,2.9889452044116247,2.9889452044116247,20.654228217602828,11.214373976292437,5.603075987119516
OCCc1ccc(O)c(O)c1,0,1.9759469291265472,2.864712197425543,245.09252842272394,-1.2200000000000002,310.2236678728679,8.267584713501616,5.9879051564418475,5.9879051564418475,5.236382105218448,3.355028623822655,3.355028623822655,2.296673477603202,2.296673477603202,1.4403036646908645,1.4403036646908645,0.853617537112034,0.853617537112034,7.882249488752557,3.253808596667817,1.8475875859012925
OC1OC[C@H](O)[C@H](O)[C@H]1O,0,1.9321601728882982,2.515835979311492,102.6059378176129,-0.2,171.96225538705855,7.723614639131599,5.213610530408746,5.213610530408746,4.625897657686229,2.9654212444428367,2.9654212444428367,2.2724291688504716,2.2724291688504716,1.4740401314392162,1.4740401314392162,0.7906384719647612,0.7906384719647612,7.90204081632653,2.811342155009452,1.2778911564625854
CC1OC(OC2C(CO)OC(OC3C(CO)OC(O)C(O)C3O)C(O)C2O)C(O)C(O)C1NC1C=C(CO)C(O)C(O)C1O,0,3.004733423831376,1.4210571433946444,958.0590345627957,-1.02,2893816093.27738,32.618073195658,23.523343921170927,23.523343921170927,20.74572757586453,14.123128911900501,14.123128911900501,11.371665745324817,11.371665745324817,8.475984148209033,8.475984148209033,5.813814239640653,5.813814239640653,35.82723940529772,14.81630679946309,6.964551819240929
O=C1C(c2[nH]c3ccccc3c2O)=Nc2ccccc21,0,2.984674377393652,1.9393846597962074,890.3831933657242,-2.879999999999999,86919.68721845793,13.689869965382487,10.421477634980787,10.421477634980787,9.754020195423491,6.2796450768611205,6.2796450768611205,4.700873980023463,4.700873980023463,3.511468048683113,3.511468048683113,2.529865059364243,2.529865059364243,10.989498713484503,3.8053047495060173,1.357721267954376
COc1cc2c(Nc3ccc(NC(=O)c4ccccc4)cc3)ncnc2cc1OCCCN1CCOCC1,0,2.968283626506428,1.240093120398916,1359.0269198307763,-4.209999999999999,622673716.183252,26.158279002746486,21.352584646936663,21.352584646936663,18.69100448345063,12.685692148937019,12.685692148937019,8.921020250549137,8.921020250549137,6.342171742695197,6.342171742695197,4.297425462450114,4.297425462450114,25.44000786718373,12.354655799310725,6.3688245767845775
CC(C)CC(C(=O)NC(C(=O)OC1CCCC1)c1ccccc1)C(O)C(O)=NO,1,3.218063670654718,2.220880779851278,700.3826865158636,-2.61,2813874.8736204854,21.388540578131753,16.82263585122042,16.82263585122042,13.828606258093464,9.97857349040349,9.97857349040349,7.8347152666490185,7.8347152666490185,5.050459455466926,5.050459455466926,3.5379286817417177,3.5379286817417177,22.67674557501805,10.803771025300854,6.454675289927136
Cc1ccc(C(=O)Nc2ccc(CN3CCN(C)CC3)c(C(F)(F)F)c2)cc1C#Cc1cnc2cccnn12,0,3.325826375085234,1.3494025634080442,1575.4238531712836,-4.2,636966205.1347522,27.57033885400645,21.587246284820328,21.587246284820328,18.668854999035343,12.510279522948915,12.510279522948915,9.62003339215849,9.62003339215849,6.765780781404439,6.765780781404439,4.449942039297786,4.449942039297786,26.408831969391006,10.88450569317896,6.1089665131974025
CCOc1cc(C(CS(C)(=O)=O)N2C(=O)c3cccc(NC(C)=O)c3C2=O)ccc1OC,0,2.964222407210044,2.1316849521197563,1190.7606526293955,-3.4,8963346.140707647,23.62902755413791,18.16886536591134,18.985361946839067,15.067899224827372,9.839294408671563,11.899807925455582,7.341153168191874,9.52599072166048,4.90161968757963,5.822856413055523,3.6557451240599566,4.5708031648344605,23.267051134179162,8.992915691944964,4.5940968122786305
CCCc1nc(C(C)(C)O)c(C(=O)O)n1Cc1ccc(-c2ccccc2-c2nn[nH]n2)cc1,0,3.4330174269681852,1.701973578335491,1254.5991174652468,-3.849999999999999,32461788.865228686,23.58721119088101,18.778865956040217,18.778865956040217,15.791043563524166,10.769350925357195,10.769350925357195,8.403476770741817,8.403476770741817,5.4212843898644065,5.4212843898644065,3.905351480551308,3.905351480551308,22.347729345094564,8.950050465348749,4.535163466561904
CC#CC(=O)N1CCC[C@H]1c1nc(-c2ccc(C(=O)Nc3ccccn3)cc2)c2c(N)nccn12,0,3.5060335673348337,1.5065823179528741,1466.860285600489,-4.709999999999999,155708644.52385333,24.36323207281991,19.10208813226267,19.10208813226267,17.06288194571337,11.251493432346752,11.251493432346752,8.12772591763548,8.12772591763548,5.9810176455371735,5.9810176455371735,4.385023404860567,4.385023404860567,22.10054820271506,9.268767649521818,4.174168664733032
C[N+]1(C)CCC(OC(=O)C(O)(c2ccccc2)C2CCCC2)C1,0,3.170320658768709,1.8197636228721978,550.9929696777579,-1.3899999999999997,221909.76483117457,16.501789232183626,14.20212312456086,14.20212312456086,10.916468777871517,8.726791970616175,8.726791970616175,7.771691908625966,7.771691908625966,5.499077048415931,5.499077048415931,4.1207710134264826,4.1207710134264826,16.46716269299884,6.250132607601729,3.2855836764607798
NCC1OC(OC2C(CO)OC(OC3C(O)C(N)CC(N)C3OC3OC(CO)C(O)C(O)C3N)C2O)C(N)C(O)C1O,0,3.265486332450181,1.495599606093632,866.3787489054952,-0.7600000000000001,1343092814.1564348,31.04072292646837,22.712032092080054,22.712032092080054,19.835043973341573,13.792899071379352,13.792899071379352,11.193387790479322,11.193387790479322,8.318897877690931,8.318897877690931,5.698744761998775,5.698744761998775,34.11963401992747,14.121320888468812,6.6002477270430955
NCc1ccc(S(N)(=O)=O)cc1,0,2.031264688559135,3.090461034734354,355.49769522287335,-0.9100000000000001,430.6281139745366,9.19023444431199,6.395953267715893,7.212449848643619,5.537023368100676,3.3563286250638362,4.902648102985397,2.3930839644295876,3.954507021897174,1.487586983623233,2.416818217034802,0.8152150075136259,1.3306548334874795,9.180171325518485,3.2203779509371033,2.036933266590908
Cc1cccc(C)c1NC(=O)CN1CCCC1=O,0,2.6993671966111554,2.008433178256518,462.432377529722,-1.8399999999999996,14074.500563130565,13.120955864630139,10.824188108742753,10.824188108742753,8.57538740046941,6.215434337290358,6.215434337290358,4.733832340399498,4.733832340399498,3.251391186904168,3.251391186904168,2.2351146540497013,2.2351146540497013,12.612616536532622,5.207530810052191,2.6959532537342836
CC12CC=C3C4=C(CCC3C1CCC2(O)CC#N)CC(=O)CC4,0,2.7874980230717985,1.7149761321506454,667.6193835220353,-1.4000000000000001,232067.57291479644,16.242276208189782,13.898687319711588,13.898687319711588,10.983112013795047,9.007421864580715,9.007421864580715,8.23542718338541,8.23542718338541,7.349825908550668,7.349825908550668,5.9367057572882675,5.9367057572882675,15.146698393813207,5.046485052545659,2.006321787306878
O=C(NOCCO)c1ccc2cncn2c1Nc1ccc(I)cc1F,0,3.062798335988708,1.9976653917366949,915.5312612080183,-2.2399999999999993,621689.8690373239,17.81119030894213,12.869731760146532,15.027230051322855,12.096555450524587,7.3003185376565405,8.3790676832447,5.036546758848733,6.282178978035541,3.3709411374492366,4.041932240775325,2.239215289400049,2.6924120223851573,17.578781138999013,7.761649979275945,3.885829728786349
COc1cc(C(=O)O)ccc1O,0,2.045916443788426,3.1343002499495434,305.92621196610224,-1.7099999999999997,482.83628073406857,9.137828201504695,6.4429745794965205,6.4429745794965205,5.647065707741407,3.2517440481402695,3.2517440481402695,2.191780592689741,2.191780592689741,1.426673055057378,1.426673055057378,0.8106562618465746,0.8106562618465746,8.387181729834792,3.126513566573835,1.4737356883778612
C[C@@H]1COCCN1c1cc(C2([S@](C)(=N)=O)CC2)nc(-c2ccnc3[nH]ccc23)n1,0,3.3935379147422475,1.7171214849171719,1184.6545153913437,-2.52,7061049.719493296,20.22540387131522,16.513234774461917,17.32973135538964,13.888778337204013,9.78752752927582,11.753854024464605,7.988720670061939,10.457482477309815,5.992169951999813,8.100803680940146,4.117526032969229,5.502283976235696,18.504906827591434,6.496763062444859,2.9954915958817363
Cc1cc2c(cc1S(N)(=O)=O)S(=O)(=O)CCC2,0,2.134849960768007,2.790493724042408,674.5026033857368,-0.9200000000000002,4303.857520908302,12.844934982691242,9.3028608939117,10.935854055767152,7.716162047958507,5.107546281093383,8.3061309853351,4.1928624648023165,7.800277855404762,2.8588405871439275,5.788011074067242,2.083209181676661,4.549794811514587,12.534672597337776,3.7915120818824515,2.221353402102757
O=P(O)(O)O,0,0.7219280948873623,3.4720664956001186,49.78353986569366,0.10999999999999996,3.6096404744368114,4.5,2.1971026724636946,3.091529863463611,2.0,0.7825741858350553,2.347722557505166,0.5132771315782926,1.5398313947348776,0.0,0.0,0.0,0.0,5.109999999999999,1.0648297577687837,1512.2422314049604
O=c1ccc2ccccc2o1,0,2.0412258289597847,2.935350797972025,428.5108208761056,-1.57,487.8529731213885,7.681798275874712,5.7805981960654815,5.7805981960654815,5.360173345306137,3.35040630740838,3.35040630740838,2.2922570838438423,2.2922570838438423,1.5285353991729589,1.5285353991729589,1.0113830342838968,1.0113830342838968,6.160248407637458,2.234974333040861,1.02612164813026
CC(=O)SCC(Cc1ccccc1)C(=O)NCC(=O)OCc1ccccc1,0,2.687682427927343,1.8380371842163656,749.2916285849511,-2.599999999999999,1075847.0237101803,19.484916895309063,15.220521538151393,16.037018119079118,13.041713895658194,8.688723478290838,9.674322037944329,6.053318310586219,7.2502417356448925,3.8331028248637824,4.808664683385205,2.4365835967289344,3.1417019539457374,20.70876061752124,11.184636488340194,8.087990580847727
Nc1ncnc2c1ncn2C(C=O)OC(C=O)CO,1,2.8577287177945383,2.382435469202104,598.6175788415977,-2.39,28211.497902067684,13.828062645816686,9.709371514405309,9.709371514405309,9.206238560257372,5.308048539059967,5.308048539059967,3.602799921265614,3.602799921265614,2.423590998398629,2.423590998398629,1.5166987789127657,1.5166987789127657,13.051388775220314,5.5014872085806354,2.413881547646825
On1ccccc1=S,1,1.7681772153059907,3.3466073908691203,229.8703210229147,-0.8300000000000001,72.49526582754562,5.983127663125442,4.112076558222282,4.928573139150008,3.804530452640311,2.174604967323885,2.5828532577877477,1.3834452113267752,1.8017216575573465,0.8029817823538806,1.1261234592735534,0.4189146405380621,0.5583401226149192,5.309470013947001,1.961225714690048,0.8692020605459402
CC(C)(Oc1ccc(CCNC(=O)c2ccc(Cl)cc2)cc1)C(=O)O,0,2.562932195480897,1.8419609698915258,739.0243388895045,-2.53,287089.4128089881,18.44938298937633,14.082938655790878,14.838867601809334,11.775694130382417,7.828926806460704,8.20689127946993,6.074269416323031,6.5107051967950165,3.6170419717047277,3.869018287044213,2.086138697558333,2.212126855228076,18.80359904829144,8.030753673607165,5.499454014008261
CC(=O)O[C@H]1CC[C@@]2(C)C(=CC[C@@H]3[C@@H]2CC[C@]2(C)C(=O)CC[C@@H]32)C1,0,2.8274463949277124,1.5973719061421656,606.2051148204893,-1.12,326490.8901150928,17.11251969619286,15.268350466832102,15.268350466832102,11.343007698439976,9.74447007169869,9.74447007169869,9.151606540740158,9.151606540740158,8.100332343845448,8.100332343845448,6.733856023448858,6.733856023448858,16.353929131958463,5.438698204448237,2.226455231290179
C#C[C@]1(O)CC[C@H]2[C@@H]3CCc4cc(OC5CCCC5)ccc4[C@H]3CC[C@@]21C,0,3.277916208069798,1.3964738962213608,771.0188142490723,-1.46,2844421.6233011917,18.648053602125596,16.545331851346308,16.545331851346308,13.038754906460873,11.036060769640253,11.036060769640253,9.799881415839168,9.799881415839168,8.693304260354124,8.693304260354124,7.083831270282086,7.083831270282086,17.625807706429757,6.278193797185522,2.57817865857305
Nc1ncnc2c1ncn2[C@@H]1O[C@H](COP(=O)(O)OP(=O)(O)OP(=O)(O)O)[C@@H](O)[C@H]1O,0,3.1335678968196685,1.6894094002007245,1104.7844074952266,-1.3600000000000005,3947352.3460558397,23.189869965382485,14.920073440260428,17.603355013260167,14.190889127115623,7.91941598635501,12.440602959715893,6.0159991044178085,10.435969513204663,3.816292070346049,7.618911986708959,2.6238660259734874,5.653748352261359,24.285736405612447,8.53221316282703,5.714341420757948
Cc1[nH]nc(C(F)(F)F)c1Cc1sc2c(c1C(=O)N1C[C@](C)(O)CO1)c(=O)n(C)c(=O)n2C(C)C,0,3.40671371238679,2.017191578022287,1446.5932664827128,-2.97,38095405.75307966,26.032651236960596,19.609873461596056,20.426370042523782,16.13655345715298,10.688225490119503,11.504722071047228,9.153333029932325,10.236954786057986,5.845010943168443,7.034041954633052,4.078678778628499,5.498706248619086,25.132761802228327,8.30973738470202,4.186893203815099
O=C(C(O)CO)C(O)C(O)CO,0,2.1228001749259824,4.087177094460275,146.97373660251154,-0.5299999999999999,358.753229562491,9.723614639131599,6.2905806379056255,6.2905806379056255,5.540111220059325,3.3383565299577764,3.3383565299577764,2.2955000294436516,2.2955000294436516,1.3443896598743206,1.3443896598743206,0.5765460815211716,0.5765460815211716,11.47,5.175013037303056,2.8388089924448727
CCS(=O)(=O)c1cccc(-c2cc(C(=O)NC3CCN(C)CC3)c(C)c3[nH]c4ncc(C)cc4c23)c1,1,3.248344077972472,1.7066569582004776,1581.6908723291483,-3.2299999999999995,145168262.96381617,25.61215521726335,21.181756412305113,21.99825299323284,17.17387227814934,12.418752948151853,14.07101817447201,9.862789223176591,12.141039765364377,7.306775487820866,9.039022549685505,5.098728710326462,6.024490944808805,24.46378274744646,9.33328266352252,4.395046502957455
COc1cc(NC(=O)Nc2cccc(CNC(=O)OC3CCOC3)c2)ccc1-c1cnco1,0,3.5224225704053005,1.314128511955383,1096.090892295306,-4.05,47802476.16251642,23.045394827624126,17.998633154925585,17.998633154925585,16.101688085973592,10.365701159566093,10.365701159566093,7.30470700384584,7.30470700384584,4.940486871905988,4.940486871905988,3.346922190555177,3.346922190555177,22.154934353119234,10.509488818222172,6.012517519711921
CC(C)(C)NCC(O)c1cc(O)cc(O)c1,0,2.109761559104854,2.6907793139141805,337.5217724119264,-1.2600000000000002,2177.2739289962096,12.344934982691244,9.858148644444928,9.858148644444928,7.276675564742527,5.2379401084679476,5.2379401084679476,4.9294424311890115,4.9294424311890115,2.1353803393486994,2.1353803393486994,1.3311355836319576,1.3311355836319576,12.807842605156038,4.718527703418083,4.082142092621231
CC(OC1OCCN(Cc2nc(=O)n(P(=O)(O)O)[nH]2)C1c1ccc(F)cc1)c1cc(C(F)(F)F)cc(C(F)(F)F)c1,0,3.238519870873834,1.6815719304176906,1453.0759214792222,-3.0799999999999983,530004024.0947356,30.327698166887174,20.856849081375707,21.75127627237562,18.929708687297246,11.735442790082057,13.300591161752168,9.101526989922345,10.528081253078922,6.201138404068552,6.993300973846827,4.298462641977706,4.811761432177097,30.86885091574147,11.302573138976868,7.228297341017061
CC(=O)NCC1CN(c2ccc(-c3ccc(CNCc4c[nH]nn4)cc3)c(F)c2)C(=O)O1,1,3.422944341008842,1.3830306534531351,1087.5554282336043,-3.7899999999999996,25038071.114947293,22.501424753254113,17.468929678353515,17.468929678353515,15.491203638441373,10.168726769454905,10.168726769454905,7.4828600496416,7.4828600496416,5.084626188129875,5.084626188129875,3.4510472311854348,3.4510472311854348,21.442362428714905,9.563603314484585,5.089426148144136
CCCCCCCCCCCCCCCC(=O)NCCO,1,2.4945340300382517,3.0373752699096688,219.26386583101495,-0.5700000000000001,39615.69493103748,15.598165549360939,14.169170384948586,14.169170384948586,10.308060412490448,9.184565473621863,9.184565473621863,6.066200515375908,6.066200515375908,3.941364341029569,3.941364341029569,2.587033515305503,2.587033515305503,20.43,17.481466803911477,17.37868471837979
Nc1ccc(C(=O)O)c(O)c1,0,1.8537307459098344,3.1960696621259195,295.7372022742226,-1.71,252.1073814437375,8.430721420318147,5.612076558222283,5.612076558222283,5.109060905280622,2.928046747039288,2.928046747039288,2.081739010680013,2.081739010680013,1.252196824619504,1.252196824619504,0.7295191212567517,0.7295191212567517,7.397642626480085,2.4943628247787246,1.402945662258468
CCOC(=O)NC1CCC2C(C1)CC1C(=O)OC(C)C1C2C=Cc1ccc(-c2cccc(F)c2)cn1,0,3.146840774364326,1.338811487254554,1134.349019022684,-3.219999999999999,171524082.25912738,25.233475560822985,20.731309443331394,20.731309443331394,17.42305529101951,12.965693372360626,12.965693372360626,10.278822606194842,10.278822606194842,8.179114348825065,8.179114348825065,6.638716982857105,6.638716982857105,24.473342334134948,10.409971202041955,5.0146508536694965
O=C1CCC(N2C(=O)c3ccccc3C2=O)C(=O)N1,0,2.639663815863205,1.9609777993868625,587.8241612955018,-2.5,29031.02264686353,13.568549621822843,9.881171665676636,9.881171665676636,9.092224152875016,5.899736151016422,5.899736151016422,4.492791215278348,4.492791215278348,3.347259916133943,3.347259916133943,2.4194251052412237,2.4194251052412237,11.58254200146092,4.012157586949831,1.6402235447815359
O=S(=O)(c1ccccc1)c1cnc2c(N3CCNCC3)cccc2c1,0,2.6817728056950014,1.7900534845416483,997.6127580833145,-2.4399999999999995,817790.5264598565,17.27781011412252,13.721101879033958,14.537598459961684,12.159833173828256,8.30728236442823,9.790445612022623,6.073415293772589,8.023097910741203,4.486075453828272,6.2227062460514135,3.1681267790970282,4.429325240774794,16.05147362001955,6.460167966964608,2.9859033381288973
CC(C)CN(CC(OP(=O)(O)O)C(Cc1ccccc1)NC(=O)OC1CCOC1)S(=O)(=O)c1ccc(N)cc1,0,3.352451922039083,1.958845053687745,1217.109308670177,-2.5099999999999993,258708232.07067928,28.631181265251026,21.88038516148479,23.591308933412428,18.330355588688136,12.516868439932306,15.48722851207317,9.75080125234522,12.880708644406923,5.955031282284636,8.34630923478993,4.164096023050306,6.3461687622207075,31.023446247438624,13.710804503179316,9.874739334237846
COc1cc(C=O)ccc1O,0,2.054947782314328,3.116164133858052,268.03972257956417,-1.51,343.17627964649273,8.267584713501616,6.073111253186188,6.073111253186188,5.274386907679232,3.098390500148688,3.098390500148688,2.049137357217536,2.049137357217536,1.3398615046902285,1.3398615046902285,0.7675205674503293,0.7675205674503293,7.595374077976819,3.0531381005525,1.490370509139573
CCOc1ccccc1OC(c1ccccc1)C1CNCCO1,0,2.6254284072614293,1.8648144587804325,596.5735373337268,-2.0399999999999996,287746.95343585266,15.907566626119443,13.404024957223667,13.404024957223667,11.381341395361314,8.139507272922211,8.139507272922211,5.442249695661326,5.442249695661326,3.8250019001519804,3.8250019001519804,2.7405118634783934,2.7405118634783934,15.840489018927025,7.993805643840208,4.032015959903848
COc1cc(C=Cc2ccc(O)cc2)cc(OC)c1,0,2.458962005750467,2.241199965871132,548.7979589951823,-2.42,23655.21449531949,13.664925939000156,10.959862599134318,10.959862599134318,9.207039898056806,5.912453284279325,5.912453284279325,4.070864402894275,4.070864402894275,2.735095095002577,2.735095095002577,1.7035533696678675,1.7035533696678675,13.022119949627315,5.9565514830138095,3.517568344612081
O=C(NCc1ccc(Oc2ccccc2)cc1)c1nc(-c2cc(Br)c(O)c(Br)c2)no1,0,3.275790079665785,1.370462105032645,1188.1704484681015,-3.169999999999999,15290444.66433694,21.794317972067567,15.880274346182352,19.05226742441176,14.991203638441375,9.115320557906603,10.701317097021306,6.453378630695887,8.162052429044929,4.250692303449109,5.459668809977615,2.68549355482048,3.8719497900211577,21.0769372340908,9.318082337910944,5.121754995411423
C[C@@H]1CC[C@@]2(NC1)O[C@H]1C[C@H]3[C@@H]4CC=C5C[C@@H](O[C@@H]6O[C@H](CO)[C@H](O)[C@H](O[C@@H]7O[C@H](CO)[C@@H](O)[C@H](O)[C@H]7O)[C@H]6O[C@@H]6O[C@@H](C)[C@H](O)[C@@H](O)[C@H]6O)CC[C@]5(C)[C@H]4CC[C@]3(C)[C@H]1[C@@H]2C,0,3.7029756597608836,0.939869406538955,1614.4894936263568,-0.9400000000000003,52875434315041.27,44.2056488654685,36.72434822753624,36.72434822753624,29.438399475139683,23.475359252582574,23.475359252582574,21.221591555182133,21.221591555182133,17.903129304602743,17.903129304602743,14.196475531443223,14.196475531443223,46.18216702734976,17.29470649828754,7.487772307338935
CN(c1ncccc1CNc1nc(Nc2ccc3[nH]c(O)cc3c2)ncc1C(F)(F)F)S(C)(=O)=O,1,3.151017610602627,1.6298583548816261,1489.297538798272,-4.069999999999999,48460180.453261696,25.380104409694475,18.420615202622617,19.237111783550343,16.413853369251747,10.062862538585298,11.911174157849803,7.605431875705705,9.61919463203557,5.066360407072285,6.234233311087704,3.2962533967272156,3.7747872158395404,24.06720373484391,8.941282078226507,5.371337441553371
Nc1ncnc2c1ncn2C1OC(CO)C(O)C1O,0,2.9431942741768258,2.035435145869755,602.6175788415977,-1.8100000000000003,35227.09226762243,13.568549621822843,9.787302124477499,9.787302124477499,9.1302289553358,5.68637513109659,5.68637513109659,4.311819367749401,4.311819367749401,3.178383097649782,3.178383097649782,2.1660908223461037,2.1660908223461037,12.23544093091737,4.3842388535215,1.7476128588760207
Cc1cccn2c(=O)c(-c3nn[nH]n3)cnc12,0,2.841304021936385,2.3843841992594252,730.1359792766608,-2.57,15536.250391948155,11.828062645816686,8.953717344722158,8.953717344722158,8.270856947829095,4.979786444832401,4.979786444832401,3.5972465285363038,3.5972465285363038,2.5136440295999667,2.5136440295999667,1.6764235568591748,1.6764235568591748,9.64146945172885,3.476732969753775,1.3977392757612235
CC(O)(COc1ccc(C#N)cc1)C(=O)Nc1ccc(C#N)c(C(F)(F)F)c1,0,2.6569037775119373,2.0980208961261733,955.604973629921,-3.5599999999999987,993565.109023254,20.94938298937633,14.540589451969211,14.540589451969211,13.063028600709176,7.847644995174232,7.847644995174232,6.022759678214831,6.022759678214831,3.6957607783057194,3.6957607783057194,2.134878211578802,2.134878211578802,20.7482848779716,7.987972379621039,4.99569331481849
C[S+](CCC(N)C(=O)O)C[C@H]1O[C@@H](n2cnc3c(N)ncnc32)[C@H](O)[C@@H]1O,0,3.1681294330470195,1.681684873653056,819.0914489926447,-1.9900000000000002,1252386.909918951,19.714813991764817,14.672712806157575,15.489209387085301,12.79060145563268,8.313733626107163,10.28493074541414,6.514916283112295,8.819446735752601,4.541736950470183,6.371931082871045,2.9683119359717653,4.627866912782385,19.76281674029981,7.941239509542758,3.987345702642858
C[C@H]1CN(CC(Cc2ccccc2)C(=O)NCC(=O)O)CC[C@@]1(C)c1cccc(O)c1,0,2.7464608017752323,1.6942583852414328,901.4048216278088,-2.8599999999999994,7123341.5797595205,22.43251065250177,18.25163101563277,18.25163101563277,14.77471269602231,10.82985496372715,10.82985496372715,8.876607247882468,8.876607247882468,6.660857495136226,6.660857495136226,4.530175687652614,4.530175687652614,22.816933875050694,9.964619695145712,5.85199420184559
CCN(CC)CC(=O)Nc1c(C)cccc1C,0,2.307845583406121,2.680267656047493,363.55864155890856,-1.35,5511.135253173818,12.836498814253964,11.208833037092342,11.208833037092342,8.078917360319544,6.164591332105107,6.164591332105107,4.276374970349688,4.276374970349688,3.007185260971884,3.007185260971884,1.8408792833076064,1.8408792833076064,13.713897763578274,6.4012209135305955,3.858200815473424
O=c1c(O)c(-c2ccc(O)c(O)c2)oc2cc(O)ccc12,1,2.4544886896176776,2.339908290764475,909.9162849554009,-3.15,61045.58819948126,15.14589989101247,10.569452578065315,10.569452578065315,9.96923425058676,5.982867370120882,5.982867370120882,4.492873046564493,4.492873046564493,3.089596133392951,3.089596133392951,2.032338164253242,2.032338164253242,12.862251838410245,4.447829199162572,2.0237234307623813
CC#CC(=O)Nc1ccc2ncnc(Nc3cccc(Br)c3)c2c1,0,2.5552956529449857,1.974329433254532,975.4049710371681,-2.9099999999999993,319498.83667032333,16.94094682093905,12.799442107990016,14.38543864710472,11.652198343190413,7.166118833489329,7.959117103046681,4.918675482624761,5.834351011416451,3.21908531432257,3.71233695303961,2.2128297999185422,2.612068207409011,15.965722899509535,7.109717740333963,3.7000771499159453
CCCCCCCCCCCCCCCCCCCC(=O)O,0,2.4982645775037025,2.953023693552656,225.74713374688884,-0.53,61147.52379898062,16.30527233054749,15.083383947321682,15.083383947321682,10.770055610029663,9.988391114761729,9.988391114761729,6.800592792715732,6.800592792715732,4.4941955573808645,4.4941955573808645,3.001099459305828,3.001099459305828,21.47,18.51885197850513,19.470000000000002
O=C1C(c2[nH]c3ccc(S(=O)(=O)O)cc3c2O)=Nc2ccc(S(=O)(=O)O)cc21,0,3.1012751426558425,1.8487916671276226,1432.7951238035826,-3.0599999999999996,1756813.4440868243,20.43035694138864,13.61069403038463,15.243687192240083,12.96436362646857,7.541075610707681,10.421202268308962,5.974619289479455,8.817693690374147,4.235123455149185,5.93442862279589,2.9118156241830566,3.925398339247607,18.31015150063358,5.717745261835134,2.787489132497053
CN1CCN(c2nc(C3=C(c4c[nH]c5ccccc45)C(=O)NC3=O)c3ccccc3n2)CC1,0,3.3789673846889077,1.6031999175819782,1462.326418666157,-4.039999999999999,73695454.36636908,22.526368779636442,18.12993051038038,18.12993051038038,16.097356788324024,10.970457746349942,10.970457746349942,8.460869080120418,8.460869080120418,6.404115990362029,6.404115990362029,4.619235531154592,4.619235531154592,19.630778758631024,7.52729016991219,3.18138643721284
NC(=O)c1cnc(N[C@@H]2CCCC[C@H]2N)nc1Nc1cccc(-n2nccn2)c1,1,3.2488429071273637,1.596735509722754,989.1047090676313,-3.53,6321494.565715396,20.216967702877938,15.823596353795732,15.823596353795732,14.097356788324023,9.527037195231415,9.527037195231415,7.01313766112839,7.01313766112839,4.946707521634737,4.946707521634737,3.4254134113812484,3.4254134113812484,18.815767992707087,8.22988449042261,4.321353018419568
COc1ccc2c3c1O[C@H]1C[C@@H](O)C=C[C@@]31CCN(C)C2,0,2.7221383529460517,1.9544414132421675,612.2979382510543,-1.52,95968.98763311305,14.61251969619286,12.50345251181159,12.50345251181159,10.136995565044469,7.568370759097564,7.568370759097564,6.427880333115064,6.427880333115064,5.1466993482506895,5.1466993482506895,4.077317248572899,4.077317248572899,13.164375831106495,4.485569614461171,1.7548240767209549
CN(C)CCCOc1ccc(-c2ccc3ncc4c(c3c2)n(C2CCOCC2)c(=O)n4C)cn1,1,3.1236699580106,1.5055050255625617,1351.1271308678656,-3.23,77914374.47536933,23.656125291633362,20.02936247071422,20.02936247071422,16.52487714325259,11.840944026859267,11.840944026859267,9.169516746795686,9.169516746795686,6.540745439536197,6.540745439536197,4.682631719357436,4.682631719357436,22.556711459147824,9.559699296580154,4.307306028583676
CC(=O)c1cc([N+](=O)[O-])c(Sc2cccc(Cl)c2Cl)s1,0,2.79117286583428,2.445362085633499,700.0060362996846,-1.0799999999999994,31933.808758009996,14.861442840636295,10.05378507059623,13.198636124488594,9.396754605515326,5.308707573634893,7.697629681508801,3.7506604355313176,6.89864109413044,2.3421133546765143,5.747478615096582,1.4012741651474439,4.114886626564742,15.311525943129952,6.133977032075896,3.146031746777021
CC(O)C1C(=O)N2C(C(=O)O)=C(SC3CNC(CNS(N)(=O)=O)C3)C(C)C12,0,3.0721840334403594,1.7088703292602774,783.176644313658,-1.18,702064.7118738913,20.093493648205172,14.953902757170079,16.586895919025533,12.508726372311406,8.669278493002043,11.095250782178502,7.246109109760535,9.966998113721532,5.3172618426692635,7.397815609230664,4.102388911570162,6.054453416985454,20.55159537976754,7.333993910193582,3.866133822675868
OCCN1CCN(CCCN2c3ccccc3Sc3ccc(Cl)cc32)CC1,0,2.6914667018993104,1.4100209962913943,779.772078576297,-1.2399999999999998,2100937.3757689865,18.63961743368832,15.480480060479234,17.052905587425414,13.241514740667455,9.639650391505347,10.8341114454423,7.093913129241469,8.614125866200277,5.324947942519045,6.690313424140709,3.8737179026751773,5.116168279079214,19.092789127226233,8.842005109125582,4.437891045741215
CO[C@H]1/C=C/O[C@@]2(C)Oc3c(C)c(O)c4c(O)c(c5c(nc6cc(C)ccn65)c4c3C2=O)NC(=O)C(C)=CC=CC(C)[C@H](O)[C@@H](C)[C@H](O)[C@@H](C)[C@H](OC(C)=O)[C@@H]1C,0,3.6680723885393207,1.5777662839216349,2378.8100422585153,-5.4399999999999995,1942134955002.366,41.83325166635229,33.778623913280796,33.778623913280796,26.820200425103565,18.957896492486384,18.957896492486384,15.596646192187581,15.596646192187581,11.527269486448452,11.527269486448452,8.029985895405904,8.029985895405904,41.201045595769926,15.48251433787455,7.102684809373565
CC(C)=CCC/C(C)=C/CC/C(C)=C/CC/C=C(\C)CC/C=C(\C)CCC=C(C)C,0,2.643301787563986,4.050488145915912,577.5257954347983,-1.5599999999999996,1647583.2206975704,22.777810114122516,21.53516942700323,21.53516942700323,14.201285058155639,12.095754112725151,12.095754112725151,9.496906899019793,9.496906899019793,5.397736039875436,5.397736039875436,3.337222523091417,3.337222523091417,28.44,18.228264324842907,19.743314035916825
NCCc1ccc(O)c(O)c1,0,1.9759469291265472,2.864712197425543,247.8474159248874,-1.2200000000000002,310.2236678728679,8.267584713501616,6.118041830131515,6.118041830131515,5.236382105218448,3.4470491482696803,3.4470491482696803,2.361741814448036,2.361741814448036,1.4728378331132814,1.4728378331132814,0.8911847589051202,0.8911847589051202,7.882249488752557,3.253808596667817,1.8475875859012925
CC(=O)Oc1ccc(C(c2ccc(OC(C)=O)cc2)c2ccccn2)cc1,0,2.647080833442553,1.9671554961425302,859.2913062763904,-3.4699999999999993,1286184.8119997352,19.22540387131522,15.085760256820551,15.085760256820551,13.024877143252588,8.503985507359817,8.503985507359817,6.0129743280900545,6.0129743280900545,3.9335618102795364,3.9335618102795364,2.8692647772497035,2.8692647772497035,18.3249450497859,8.2729202232068,4.788877194748414
O=C(C=Cc1ccc(O)cc1)c1ccc(O)cc1O,0,2.3749842307428963,2.184653520912675,627.0938758768984,-2.7499999999999996,19370.371385939063,13.828062645816686,9.946041499670372,9.946041499670372,9.058550648063802,5.595029217763333,5.595029217763333,3.9905683292103156,3.9905683292103156,2.5670207357125667,2.5670207357125667,1.5755182438793889,1.5755182438793889,12.700325561856753,5.265942183016261,3.1293191613704434
CCn1c(=O)c2c(nc(C=Cc3ccc(OC)c(OC)c3)n2C)n(CC)c1=O,0,3.027422510637171,2.137393155616101,1167.6331269432403,-3.29,2168700.1703399587,20.421920772951363,16.72281245217651,16.72281245217651,13.45945741788143,9.064447707997557,9.064447707997557,6.225231555208123,6.225231555208123,4.7414264327917355,4.7414264327917355,3.219519502171887,3.219519502171887,19.470991954154616,7.754718695559173,3.1053647606820354
O=[N+]([O-])c1cn2c(n1)OC[C@@H](OCc1ccc(-c3ccc(OC(F)(F)F)cc3)nc1)C2,0,3.159353777298206,1.3305715552372734,1067.6424547984998,-3.6699999999999986,10724868.706567582,22.00986092169139,15.781462019613107,15.781462019613107,14.764971447785923,9.037630629005447,9.037630629005447,6.6590321379163875,6.6590321379163875,4.407015257348672,4.407015257348672,2.98210500854146,2.98210500854146,20.59664716473555,8.22147613678333,5.091124722672624
CC(C)(Oc1ccc(Cl)cc1)C(=O)O,0,2.0822988712945274,2.7864582134523794,329.7252768616324,-1.22,1007.8326537065512,10.767584713501616,7.951075726195415,8.70700467221387,6.41552078507628,4.096328674996306,4.4742931480055335,3.371445150735785,3.8078809312077695,1.701685235129128,1.9536615504686128,0.8409209752209224,0.9669091328906649,10.858247261345852,3.881428910052045,2.635383945340095
CO[C@H]1O[C@@H]2OC3(C)CC[C@H]4[C@H](C)CC[C@@H]([C@H]1C)[C@@]24OO3,0,2.691088580943568,1.794549734805476,428.8903984751722,-0.2,83609.43112133571,14.828062645816686,13.333770192203263,13.333770192203263,9.999784318970374,8.229120638556942,8.229120638556942,7.509396426389674,7.509396426389674,6.329433795316151,6.329433795316151,5.141746039605197,5.141746039605197,14.395932490643316,4.648549261345521,1.8144731361932536
NC(=O)CN1CC(c2ccccc2)CC1=O,0,2.608935144218982,2.066697763521364,402.73960428819504,-1.8399999999999996,5781.400279589264,11.543605595440512,8.92648240431471,8.92648240431471,7.664703797946449,5.275947854074378,5.275947854074378,4.052305191374307,4.052305191374307,2.832173552306406,2.832173552306406,2.0615850652599828,2.0615850652599828,10.670299983987857,4.346019918453693,2.2130258395757934
Cn1cc(C2=C(c3cn(C4CCN(Cc5ccccn5)CC4)c4ccccc34)C(=O)NC2=O)c2ccccc21,1,3.597083126789985,1.2880995753131783,1770.535810520901,-4.489999999999999,1845199184.7492604,26.509496442761883,21.80113890670469,21.80113890670469,19.08052003591841,13.448537049937608,13.448537049937608,10.49966739671304,10.49966739671304,8.169642359866694,8.169642359866694,6.292467747163313,6.292467747163313,23.61398747736295,9.360885062141596,3.973142333687492
Cc1cccc(/C=N/Nc2cc(N3CCOCC3)nc(OCCc3ccccn3)n2)c1,0,2.803624131957998,1.4646847680784196,1005.95835195654,-3.5199999999999996,16344545.535495682,21.30490785161797,17.56870793744306,17.56870793744306,15.259152830872495,10.363871578812665,10.363871578812665,7.19705533662046,7.19705533662046,4.777547468257455,4.777547468257455,3.205404813645868,3.205404813645868,20.740669188005043,10.491457373181895,6.22733336514626
COc1ccc(O)cc1,1,1.9003726279897948,2.881555877646136,178.61256853719752,-1.1800000000000002,129.22533870330605,6.69023444431199,5.164862962722325,5.164862962722325,4.325698502695489,2.6573464384916923,2.6573464384916923,1.698025295374609,1.698025295374609,1.0724230685098737,1.0724230685098737,0.5822209453229111,0.5822209453229111,5.947877237851663,2.3955617406597787,1.3533930115039927
CN(C)C1C(=O)C(C(N)=O)C(=O)C2(O)C(=O)C3C(=O)c4c(O)cccc4C(C)(O)C3CC12,1,2.6791515820519587,1.9492744804083555,1093.401796136032,-2.9499999999999997,7541988.52748068,23.911330893400947,17.73335503821233,17.73335503821233,14.772521257536154,10.169323594960675,10.169323594960675,9.278913546312111,9.278913546312111,7.37945774887016,7.37945774887016,5.878264068444582,5.878264068444582,22.25132106376299,6.772558387594138,2.5376638253736696
c1ccc2c(c1)CCCC2C1=NCCN1,0,2.815518533543842,1.981667229892278,395.2773558566262,-1.31,7292.193001878551,10.087575669810528,8.869498847380827,8.869498847380827,7.449489742783178,5.80989017379648,5.80989017379648,4.337365891930906,4.337365891930906,3.3995612345963737,3.3995612345963737,2.6875841548406134,2.6875841548406134,8.95531373273035,3.6861375779801757,1.5396544290698104
CN[C@@]1(C)[C@@H]2CC[C@@H](C2)C1(C)C,0,2.550318610504126,2.344959806871241,197.18079342368463,-0.04,744.6930342672048,8.983127663125442,8.776020881938894,8.776020881938894,5.5210036028249,5.210343431045079,5.210343431045079,5.380937485379152,5.380937485379152,5.127595378713238,5.127595378713238,3.6377933857371527,3.6377933857371527,8.55346898338668,2.2545743378422767,0.7360392119898203
CS(=O)(=O)c1ccc(C(O)C(CO)NC(=O)C(Cl)Cl)cc1,1,2.4236982787739865,2.9005153152498657,588.1702785757097,-0.8600000000000001,26873.966515045962,16.206742302257044,11.031907964387752,13.36026243735239,9.662921025786904,5.839666583124598,8.603949682126823,4.384390526402923,7.496390760691616,2.753449334212987,4.278311612950619,1.6146493344992352,2.371108004855062,18.189652432969215,7.417155841041921,5.119865598261104
O=c1cc(-c2ccc(O)c(O)c2)oc2cc(O)cc(O)c12,0,2.400453972613347,2.2943459565950697,909.9162849554009,-3.15,56060.202076412104,15.14589989101247,10.569452578065315,10.569452578065315,9.952397498181154,5.976884305977174,5.976884305977174,4.5164265762855536,4.5164265762855536,3.0545529549351516,3.0545529549351516,2.072890025324916,2.072890025324916,12.862251838410245,4.447829199162572,2.1215920915712805
c1ccc(CN(CC2=NCCN2)c2ccccc2)cc1,0,3.016145906646929,1.7935916677564712,563.3036923427362,-2.289999999999999,86237.643762849,13.623109575743268,11.496357007642368,11.496357007642368,9.915816237971963,7.027924270376211,7.027924270376211,4.932401401609011,4.932401401609011,3.421753199779263,3.421753199779263,2.414735859552735,2.414735859552735,12.729115068029813,6.239139077957309,3.1771699203724757
Cc1ccc(Sc2ccccc2N2CCNCC2)c(C)c1,1,2.51411623782475,1.8763118055050072,618.365433214249,-1.4500000000000002,87270.00284737273,14.656489770562878,12.725340895037395,13.54183747596512,10.237183443017884,7.536801542336278,8.353298123264004,5.575786234323314,6.6595631908101405,3.873288589461341,5.116394020609669,2.742758950073759,3.783997204676171,14.485718476967717,6.543094385322993,3.418937371412807
Fc1ccc(C(c2ccc(F)cc2)N2CCN(CC=Cc3ccccc3)CC2)cc1,1,2.7827531565767134,1.4309030833191965,899.0884732838085,-2.819999999999999,9459757.866542637,20.760937777247953,16.923494349985127,16.923494349985127,14.686673185801062,10.378327233037009,10.378327233037009,7.655268373273362,7.655268373273362,5.616998333278755,5.616998333278755,4.010353058511324,4.010353058511324,20.452681999454565,9.788325641747186,5.205610297525657
CCOc1nc2cccc(C(=O)O)c2n1Cc1ccc(-c2ccccc2-c2nn[nH]n2)cc1,0,3.4850869274079743,1.5251377806690443,1424.913779430258,-4.529999999999999,64441627.146884084,22.785881803630282,17.764844677386456,17.764844677386456,16.152198343190413,10.42900695269698,10.42900695269698,7.369911069031325,7.369911069031325,5.354428105795907,5.354428105795907,3.900833906479136,3.900833906479136,20.376998277247036,8.54138068507916,3.8011577516793493
C=C[C@@H]1C[N@@]2CC[C@H]1C[C@H]2[C@H](O)c1ccnc2ccccc12,0,2.6044571136619483,1.6692310274474265,693.3995911118029,-1.7099999999999995,208236.76406572742,15.104083527755582,12.728027653518499,12.728027653518499,10.77518824547867,8.159934323057039,8.159934323057039,6.608463198804099,6.608463198804099,5.519813758049864,5.519813758049864,4.288712319350921,4.288712319350921,13.918983667945433,5.488133515608595,2.1619239901907568
CCCC1CC(C(=O)NC(C(C)O)C2OC(SC)C(O)C(O)C2O)N(C)C1,0,2.9865070936692497,2.094099659349725,494.47230643250566,-0.42000000000000004,784871.9832588409,20.30060042939172,16.485392396344206,17.30188897727193,12.704815018005776,9.618715508556196,10.906616610274956,7.797319456821317,8.73333959431813,5.655838794697984,6.510416486668594,4.132293066921216,4.8115498812238915,22.86480664857352,9.865354994496276,5.144545091390018
Cc1cc(C2CCCCC2)n(O)c(=O)c1,0,2.244837110481013,2.3732051649079926,402.573413213669,-1.25,3070.937167138026,10.836498814253964,9.070260194965396,9.070260194965396,7.181540550352054,5.611209994633681,5.611209994633681,4.442532559756912,4.442532559756912,3.2034709298927924,3.2034709298927924,2.4083614685660346,2.4083614685660346,10.273987359954036,4.0883655102337055,2.05910996593589
CCn1cc(C(=O)O)c(=O)c2cc(F)c(N3CCN(C)CC3)cc21,0,2.556383584788097,2.183159031345674,854.2600816822633,-2.41,254288.58794604157,17.43035694138864,13.750900149438403,13.750900149438403,11.417922655570505,7.955084689710336,7.955084689710336,6.074159375342378,6.074159375342378,4.563823088297221,4.563823088297221,3.1030483978794545,3.1030483978794545,16.447862009987272,6.238342898078794,2.752992314352158
NC(=O)N1c2ccccc2CC(=O)c2ccccc21,0,2.5270589702903616,2.316402369360868,679.3507213541042,-2.619999999999999,29788.971141782782,13.405412915006313,10.166969380320866,10.166969380320866,9.181540550352056,5.979551137874412,5.979551137874412,4.41946228521939,4.41946228521939,3.2492738043137046,3.2492738043137046,2.418278455091216,2.418278455091216,11.4692641265699,4.2423570760462965,1.775485536222831
O=C1CC2(CCCC2)CC(=O)N1CCCCN1CCN(c2ncccn2)CC1,0,3.1501177776136364,1.1554697996172785,661.2961743702642,-2.02,3863909.2650786657,19.39913045768216,16.684110302608065,16.684110302608065,13.65139700539098,10.728033665035415,10.728033665035415,8.584362324298539,8.584362324298539,6.6321112686277965,6.6321112686277965,4.993323883158901,4.993323883158901,19.303108533478504,8.553559552791647,4.345937406866898
Clc1ccc(CCCOCCCN2CCCCC2)cc1,0,2.4910130784117155,1.4406265144308528,359.7576827915435,-0.5700000000000001,46233.202735321436,14.045759306553643,12.321002028783578,13.076930974802034,9.843336592900531,7.889936399383946,8.267900872393172,5.598246355861893,6.0346821363338785,3.8790843103485217,4.131060625688007,2.7047160286271255,2.8307041862968685,15.811997527941235,9.381519281450892,6.253467523935582
CC(NCCc1ccc(O)cc1)C(O)c1ccc(O)cc1,0,2.489935705236443,1.8188506940659017,551.252833129036,-2.0399999999999996,55615.20391216119,15.242276208189782,12.02935704076923,12.02935704076923,10.0585506480638,7.04328754823809,7.04328754823809,5.195615993158498,5.195615993158498,3.524544502679947,3.524544502679947,2.1785964285448345,2.1785964285448345,15.350761482885613,7.107522651427766,4.47876798438599
COC(=O)C1=C(C)N=C(C)C(C(=O)OC)C1c1ccccc1[N+](=O)[O-],0,2.5932665724561046,2.7822773772237,796.0827401686532,-3.03,291739.89613473933,18.723250160202095,14.308018548920852,14.308018548920852,11.82780492029403,7.484346067677712,7.484346067677712,5.538278781518188,5.538278781518188,4.157212764323659,4.157212764323659,3.0972943668194746,3.0972943668194746,18.31069916487387,7.247086857968931,3.2793944346861563
CNCCC(Oc1ccc(C(F)(F)F)cc1)c1ccccc1,1,2.5164737412640332,2.130456050091155,566.707963548519,-2.0099999999999993,84553.51770647151,16.001789232183626,12.2298579637609,12.2298579637609,10.503349863289461,7.0393007383621145,7.0393007383621145,4.931541664038123,4.931541664038123,3.2878685536430825,3.2878685536430825,2.1235066311368174,2.1235066311368174,16.362054933938236,7.312920644092164,4.4948540227076474
COc1ccccc1OCC(O)CN1CCN(CC(=O)Nc2c(C)cccc2C)CC1,0,2.7630690321134272,1.3840486993991417,845.4029554588266,-2.6099999999999994,8558341.072344258,22.216967702877938,18.634935279714306,18.634935279714306,14.956728795830728,10.706278523169576,10.706278523169576,8.007428146877192,8.007428146877192,5.546914270523043,5.546914270523043,3.7984129883907003,3.7984129883907003,23.06152681478392,11.134736906161526,6.685904957192955
CNC(=O)c1cccc(-c2ccc3c(N4CCOCC4C)nc(N4CCOCC4C)nc3n2)c1,1,2.8767096544887303,1.6314334705511915,1202.4845786572241,-3.3000000000000003,73865141.46966302,23.656125291633362,19.822255689527672,19.822255689527672,16.546045193307766,11.74978030401487,11.74978030401487,8.809462678501841,8.809462678501841,6.439645018218286,6.439645018218286,4.52114223891786,4.52114223891786,22.490148576933613,9.517093239032246,4.283542927391949
OCc1ccc(OC2OC(CO)C(O)C(O)C2O)cc1,0,2.482676728481204,2.063357989721587,419.23277752692184,-1.2200000000000002,33496.2744206684,14.698306133819765,10.662930543507247,10.662930543507247,9.562080607913936,6.234785347130027,6.234785347130027,4.6171922359690925,4.6171922359690925,3.206612225725029,3.206612225725029,1.972283773789144,1.972283773789144,15.174225254339698,6.4871088740546545,3.0887481937041112
CCc1c(C(=O)C(N)=O)c2c(OCC(=O)O)cccc2n1Cc1ccccc1,0,2.9987098063970374,2.2729712679584364,1053.5932325366562,-3.609999999999999,2158267.406377753,20.258784066134826,15.344893119121648,15.344893119121648,13.434759407976113,8.803362500729747,8.803362500729747,6.273054172708598,6.273054172708598,4.47983249699546,4.47983249699546,3.3621802520669855,3.3621802520669855,19.15990994527679,7.956135752797154,3.5938158604263455
N=C(N)NN,0,1.3787834934861756,2.8473789230876716,38.912609383243264,-0.77,9.65148445440323,4.284457050376173,2.6547005383792515,2.6547005383792515,2.270055610029662,1.0773502691896257,1.0773502691896257,0.5580127018922193,0.5580127018922193,0.1555021169820366,0.1555021169820366,0.0,0.0,4.230000000000002,1.5395975232198151,3.2300000000000026
COC(=O)N1CCN(Cc2cccc(NC(=O)Nc3ccc(C)nc3)c2F)CC1,0,2.724104765910202,1.5838153039626102,866.9204332335128,-3.1999999999999993,3291328.756687088,20.802754140504845,16.443985651971186,16.443985651971186,13.956728795830726,9.293083341562918,9.293083341562918,6.779286444206298,6.779286444206298,4.695189682823331,4.695189682823331,3.083415006782886,3.083415006782886,20.532104963511205,9.331299819321927,5.413544746036013
CC1(C)SC2C(NC(=O)C(N)c3ccccc3)C(=O)N2C1C(=O)O,0,2.8039531202147367,1.711293315571299,693.8227554205865,-2.0599999999999996,206112.98596074487,17.64589989101247,13.30092304475163,14.117419625679355,11.2368879901222,7.575211293076027,8.454864104330921,6.472759659838315,8.243644799210875,4.413850051011857,5.98538064585934,3.2002018181598064,4.8255984077691325,16.785786144559395,5.784053910830547,2.5522148388756962
CNCCC(Oc1ccccc1C)c1ccccc1,0,2.460814740308613,2.167710157478689,495.62506844693434,-1.7999999999999994,27068.962143394743,13.501789232183626,11.595964544733219,11.595964544733219,9.308861750289884,6.728337092991982,6.728337092991982,4.674902184801593,4.674902184801593,3.1907040796268387,3.1907040796268387,2.0786712405076684,2.0786712405076684,13.62748460330878,6.953864447086801,3.831122161756427
O=C1NC(=O)C(c2ccccc2)(c2ccccc2)N1,0,2.7647753330153657,2.2308361050041707,583.6085383833889,-2.619999999999999,37379.76250236775,13.294682450997078,10.089999272823986,10.089999272823986,9.232017366004005,5.9796154955097816,5.9796154955097816,4.390299098032741,4.390299098032741,3.282289758329615,3.282289758329615,2.4046750788218687,2.4046750788218687,11.4692641265699,4.2423570760462965,1.688635569813371
CC#CCn1c(N2CCCC(N)C2)nc2c1c(=O)n(Cc1nc(C)c3ccccc3n1)c(=O)n2C,1,3.2366459626376343,1.6887731387089389,1618.5069405202871,-3.9699999999999993,106545937.93847826,24.689505486452973,20.153734051684474,20.153734051684474,16.88424915075929,11.71154828541813,11.71154828541813,8.920545076841996,8.920545076841996,6.506588176047466,6.506588176047466,4.7474873493811005,4.7474873493811005,22.804059492581253,8.999246537447146,3.976323702614706
CS(=O)(=O)CCNCc1ccc(-c2ccc3ncnc(Nc4ccc(OCc5cccc(F)c5)c(Cl)c4)c3c2)o1,0,3.3922507391730585,1.291877087026654,1760.5816038855614,-3.989999999999999,1089671666.2054772,28.11430892837647,21.525578213549018,23.0980037404952,19.23129794297471,12.395212290053273,14.833690279846518,9.21561269991148,11.882565337251219,6.008345079265792,7.249420413511956,4.026938249729609,4.777163731713349,27.572125089822265,12.033712839100877,7.14680707641382
CCN(CCO)CCCC(C)Nc1ccnc2cc(Cl)ccc12,0,2.535748642022221,1.914106434394462,620.2382291388919,-1.3599999999999994,148135.89991829614,16.656489770562878,13.926347561766145,14.6822765077846,11.134560252985372,8.277121803144688,8.655086276153915,5.865465663102048,6.3019014435740335,4.081594676579745,4.316691779367483,2.775269670050694,2.94161322509199,17.985553072207168,9.062254640025788,5.341836349421254
CO[C@H]1/C=C/O[C@@]2(C)Oc3c(C)c(O)c4c(O)c(c(C=NN5CCN(C)CC5)c(O)c4c3C2=O)NC(=O)C(C)=CC=CC(C)[C@H](O)[C@@H](C)[C@@H](O)[C@@H](C)[C@H](OC(C)=O)[C@@H]1C,0,3.4615674983505844,1.7035908752452276,2072.6280698397927,-5.16,3443399886748.2905,43.67011495953575,35.346777690647656,35.346777690647656,27.730884027626526,19.78851715628079,19.78851715628079,16.119126113187438,16.119126113187438,11.863078208578587,11.863078208578587,7.923298320291884,7.923298320291884,44.93389855929172,17.991844748290085,8.905370775160415
N#C[C@@H]1C[C@@H]2C[C@@H]2N1C(=O)C(N)[C@@]12C[C@@H]3C[C@@H](C[C@@](O)(C3)C1)C2,0,3.135432970357458,1.429914447688683,597.8781806405583,-1.12,338391.6033258287,15.982763184195939,13.448195210783501,13.448195210783501,10.929200659489414,9.127837636625571,9.127837636625571,9.214648127498142,9.214648127498142,7.5091107438912745,7.5091107438912745,6.959713592540346,6.959713592540346,14.242287958452874,4.285781409313042,1.8823891381621114
Cc1nnc(NS(=O)(=O)c2ccc(N)cc2)s1,1,2.634906015665867,2.2767262836744524,618.7003402944883,-1.6699999999999997,7651.767069493677,12.466255326250886,8.914171698803498,10.54716486065895,7.971163677742107,4.657085849401749,6.956745677923868,3.300767126961977,6.164814320969334,1.938105361972876,4.176282214206043,1.1586534589321902,2.9805120306166546,11.804896022745806,4.3015232176290885,2.7144334253812876
CCOC(=O)CCC(=O)OC1C(OC2C(C)C(OC3CC(C)(OC)C(O)C(C)O3)C(C)C(=O)OC(CC)C(C)(O)C(O)C(C)C(=O)C(C)CC2(C)O)OC(C)CC1N(C)C,0,3.171975488090707,2.215056633356373,1441.0756099942073,-2.3200000000000003,1725288024656.1074,45.65360710159071,38.24504896921636,38.24504896921636,27.751217298317396,21.49100611431093,21.49100611431093,18.24075788831894,18.24075788831894,12.902057325892896,12.902057325892896,9.169374876927076,9.169374876927076,52.02682291254879,21.370036890316925,12.228224333400046
COc1cccc(C=NCCN=Cc2cccc(OC)c2O)c1O,1,2.601453307162166,1.9123325973863154,678.2937739062429,-3.02,266235.3329082832,17.363596551749424,13.638366678817663,13.638366678817663,11.668233757796589,7.386195919321756,7.386195919321756,4.866774731752688,4.866774731752688,3.3191966926405994,3.3191966926405994,2.0576581497964077,2.0576581497964077,17.33568773332693,8.570203567249205,4.253688294135575
CC(C)NCC(O)c1ccccc1Cl,0,2.1469509789560512,2.602226377809166,288.37094987019805,-0.5700000000000001,1277.4358324788504,10.55204176387779,8.49638646483349,9.252315410851946,6.609060905280622,4.768383884067415,5.146348357076643,3.6002595495059557,4.007459676246562,1.9836697136877466,2.3278757615934813,1.2026262552631242,1.4643063094717987,11.50446016381236,5.345259760458109,3.2935878057314896
COCC(NC(=O)c1cnc(C)s1)C(=O)NC(COC)C(=O)NC(Cc1ccccc1)C(=O)C1(C)CO1,1,3.480430444365819,1.6992726197745103,1103.469626594226,-3.1899999999999995,154661001.3940261,27.001424753254106,21.23777946666369,22.05427604759141,17.662052804857726,11.706457886097615,12.522954467025341,8.876111812153452,10.11088483931175,5.780727127291407,6.692265484881782,3.6176221446143852,4.298325300307764,28.382391709291987,12.859828557723084,7.894634719037644
O=c1[nH]c2ccccc2n1CCCN1CCC(n2c(=O)[nH]c3cc(Cl)ccc32)CC1,0,3.234706662111864,1.207580166237282,1306.5523076910547,-2.7699999999999996,12343200.702512827,20.664561460070644,16.60465146225967,17.360580408278125,14.597356788324023,10.39664839361284,10.77461286662207,7.986933394236682,8.423369174708666,6.138449688540684,6.3735467913284225,4.6481664107991785,4.820269434752047,19.20880085457703,7.812409595225632,3.4812027806465258
Nc1nccs1,0,1.8638263900908159,3.049648321313926,112.35361803232176,-0.5700000000000001,33.548875021634686,4.405777393935816,3.087512693532698,3.904009274460424,2.893846850117352,1.543640561052734,2.4232933723076284,0.8703422050481453,1.796486438650141,0.45142127927190484,1.0561214408157424,0.23446201321965904,0.6173197430765899,3.614162062615101,1.2605788622054956,0.48987437386473287
CCN1CCC[C@H]1CNC(=O)c1c(O)c(Cl)cc(Cl)c1OC,0,2.951539446319746,2.156818397491488,566.2088082609113,-1.17,97598.55487145504,16.275656403009393,12.657087162258087,14.168945054294998,10.489600962842504,7.263229295364943,8.019158241383398,5.2317346672470855,6.0461349207282975,3.995133298501727,4.56400052569623,2.843271044442233,3.3834711208143524,17.188074480918957,7.397352338359762,3.421190655984981
CC(C)CN(CC(O)C(Cc1ccccc1)NC(=O)OC1CCOC1)S(=O)(=O)c1ccc(N)cc1,0,3.314546855993951,1.7954909911935653,1040.6316495890258,-2.6599999999999993,54709008.84829132,25.424074484064484,20.169461389557146,20.985957970484872,16.645904176820626,11.77421669761384,13.214280026414482,9.183711000465616,11.121645980407283,5.705116055463028,7.5509785806795,3.8967004232692424,5.518242736398508,26.936267616072655,12.345732221204479,7.9265893890495
NC1=NCC2c3ccccc3Cc3ccccc3N12,0,2.7514999395933737,1.979721827312193,675.1991927860686,-2.2899999999999996,50264.40089649175,12.819626477379408,10.58214344526927,10.58214344526927,9.343336592900533,6.592652928233225,6.592652928233225,5.088989771995565,5.088989771995565,4.030863224183186,4.030863224183186,3.147002626831035,3.147002626831035,10.615869506628458,3.8512013652449393,1.4772083534831517
CN1C[C@@H]2c3ccccc3Oc3ccc(Cl)cc3[C@H]2C1,0,2.7772253547878853,1.9338761727862148,669.789621984745,-1.5099999999999993,70252.69257471435,13.689869965382487,11.343792344052778,12.099721290071233,9.720346690612276,6.969463978855008,7.347428451864236,5.756233031729663,6.192668812201648,4.412145565993687,4.647242668781426,3.5310592946184385,3.711601924847179,12.247394275389922,4.505382814003145,1.8306461171577504
CCNC(=O)Nc1ccc(-c2nc3c(c(N4CCOCC4C)n2)CCN(C2COC2)C3)cc1,0,2.78013996812672,1.4652636919963884,994.4392294863156,-2.75,32949729.597603492,22.785881803630282,19.341661899208106,19.341661899208106,16.118524838379198,11.833169048499418,11.833169048499418,8.886959730987044,8.886959730987044,6.587671283647573,6.587671283647573,4.623580038484092,4.623580038484092,22.062563269220522,9.623882346878302,4.66287284144427
CS(=O)(=O)c1cccc(CNc2nc(Nc3ccc4c(c3)CCC(=O)N4)ncc2C(F)(F)F)c1,0,2.7661610661161378,1.577930206166755,1360.1313861170238,-3.6699999999999995,27711692.00726341,24.509860921691395,17.901436268959706,18.717932849887433,15.986333014323181,10.158085680498415,12.049497218556668,7.771876459405084,9.787612034147926,5.137589105880286,6.247827699816776,3.446390243986074,4.137602428856983,23.486911370705034,8.93434427474835,5.446676532316145
C[C@]12CC[C@@H]3c4ccc(O)cc4CC[C@H]3[C@@H]1CC[C@H]2O,1,2.7412569097074844,1.7111998765070118,538.2198018097884,-1.02,62569.18896407333,13.905412915006313,12.178519762446586,12.178519762446586,9.593172145670254,8.092631572702832,8.092631572702832,7.436274352474407,7.436274352474407,6.660103851837375,6.660103851837375,5.541204479556272,5.541204479556272,12.700482099286223,4.2366779154371,1.604791759224291
O=S(=O)(O)CCCS(=O)(=O)O,0,1.5536739848063479,3.79040446164697,264.7190971761778,-0.18000000000000013,100.98880901241262,9.121320343559644,5.465237277342737,7.09823043919819,4.707106781186548,2.6091653075264034,5.827495922579209,1.925630252083256,5.06978397506322,0.8045826537632016,2.4137479612896042,0.4237272703679753,1.6247352016971992,10.82,3.47818157976692,9.819999999999999
COCCOC(=O)C1=C(C)N=C(C)C(C(=O)OC(C)C)C1c1cccc([N+](=O)[O-])c1,0,2.663542062312108,2.5926277213319393,889.0960017782329,-3.07,2673650.2044385825,22.421920772951356,17.707830670947434,17.707830670947434,14.166810215544993,9.537867781034532,9.537867781034532,7.174068225262728,7.174068225262728,4.614737305830337,4.614737305830337,3.400508561654592,3.400508561654592,23.21130271461478,10.1076094641957,5.2938426744974985
COc1ccc(CCNCC(O)COc2cccc(C)c2)cc1OC,0,2.630570522388835,1.680977803148378,659.8944549022189,-2.2399999999999998,410542.61914713593,18.07070333293597,15.119187745154747,15.119187745154747,12.117723500579766,8.412300870431546,8.412300870431546,5.924794427187414,5.924794427187414,3.8502903277803147,3.8502903277803147,2.4940117093696443,2.4940117093696443,19.089614891904453,9.91153518747432,6.287554552009863
COc1ccc(-c2cc3c(C)nc(N)nc3n(C3CCC(OCCO)CC3)c2=O)cn1,0,2.7783836902911085,1.80811749663268,1121.4348080421414,-3.0400000000000005,11594261.820793362,21.957454678884098,17.744905420338046,17.744905420338046,15.011570350697118,10.437124408436732,10.437124408436732,7.7518313311734275,7.7518313311734275,5.809673618448172,5.809673618448172,4.267643473726522,4.267643473726522,21.201912545319793,8.988281366750673,4.237206318043041
Nc1nc(=O)c2c(CCc3ccc(C(=O)NC(CCC(=O)O)C(=O)O)cc3)c[nH]c2[nH]1,0,3.1205266111359657,1.63555268110309,1180.9837366758736,-4.1499999999999995,7704717.506065589,22.543241116511,16.3445129574289,16.3445129574289,14.74009119841586,9.44457511219131,9.44457511219131,6.984732257906552,6.984732257906552,4.800220356910458,4.800220356910458,3.194104335711211,3.194104335711211,21.556276713653663,9.114280891675197,5.264381216720714
C=CC(=O)Nc1cc2c(Nc3ccc(F)c(Cl)c3)ncnc2cc1OCCCN1CCOCC1,1,2.8489167064702583,1.5584181185757717,1186.7273174671227,-3.2699999999999996,52821570.92832902,23.915638315627202,18.52062073772968,19.27654968374813,16.529208440902156,10.904190675452837,11.282155148462063,7.691083530165595,8.098283656906201,5.342227868323347,5.63187432998791,3.590038840880624,3.7705814711093653,23.873698027859223,11.237626644753938,5.990027316260755
O=C(O)CCC1CCC(c2cc(F)ccc2F)(S(=O)(=O)c2ccc(Cl)cc2)CC1,0,2.686006869078256,2.0507920124873618,997.8412045279,-1.9899999999999993,2324835.641434517,21.233840039752494,15.575543017019386,17.147968543965565,13.653521215223995,9.331065396222861,11.192193116826482,7.451605109716992,10.147793400788112,5.736908598139656,8.538622768256376,4.128988078132138,6.419650134785295,21.71249997593812,8.399723659198111,4.305994224997152
CCCCc1nc2cc(C=CC(O)=NO)ccc2n1CCN(CC)CC,0,3.014325046261088,2.32502313216123,760.502108291238,-2.34,770666.4559274799,18.94094682093905,16.019780387253714,16.019780387253714,12.621253460429902,9.430143058955686,9.430143058955686,6.3497891869636875,6.3497891869636875,4.666854791216756,4.666854791216756,3.060970370485861,3.060970370485861,19.977834306503567,9.966540807720737,5.08015992741482
CN(C)C/C=C/C(=O)Nc1ccc(C(=O)Nc2cccc(Nc3ncc(Cl)c(-c4c[nH]c5ccccc45)n3)c2)cc1,1,3.383763664905374,1.2413374190541964,1728.616638490674,-4.989999999999998,2046982166.6208713,28.76900946675572,22.48081292865739,23.236741874675847,19.851376983747507,12.853271608440242,13.23123608144947,9.529229583809284,9.936429710549888,6.119461469385654,6.396058020405666,4.150161966912952,4.343014714981955,27.572125089822276,12.45957683516474,6.9646989864919835
CNC1C(O)C(OC2C(N)CC(N)C(OC3OC(C(C)O)C(O)C(O)C3N)C2O)OCC1(C)O,1,2.7457163650867638,1.725844275454501,675.2654622436033,-0.5599999999999999,16593522.68652538,25.532651236960596,19.545442873451936,19.545442873451936,15.794637300386569,11.444609380416129,11.444609380416129,9.817134468631355,9.817134468631355,6.947077556731923,6.947077556731923,4.945242394612785,4.945242394612785,28.018219506850986,10.819562181716883,5.401401953664545
CC(C)(Sc1cc(C(C)(C)C)c(O)c(C(C)(C)C)c1)Sc1cc(C(C)(C)C)c(O)c(C(C)(C)C)c1,0,2.596277436739646,2.5663884762528664,913.6082582149352,-1.2599999999999998,7180431.040803116,27.36144284063629,24.520324848686144,26.1533180105416,15.432324095917016,12.573111253186187,14.20610441504164,14.337956316686187,17.98867347725423,6.126201376772017,8.55217366594847,4.209136666085344,6.795519514440124,29.966967730345903,9.559267957026048,7.381438594853741
Fc1ccccc1-c1nc2ccn(Cc3ccc(-c4ccc(C(F)(F)F)cc4C(F)(F)F)nn3)cc-2n1,1,3.2641459640695007,1.4074476919177663,1538.6605153438452,-4.349999999999999,193120532.42106533,26.37166824125719,18.517129300026436,18.517129300026436,17.48633301432318,10.687446724084731,10.687446724084731,8.080503785526624,8.080503785526624,5.534477934766458,5.534477934766458,3.766565361587849,3.766565361587849,24.349085594531065,8.946147385793235,4.993022069052765
COC1C(OC(N)=O)C(O)C(Oc2ccc3c(=O)c(NC(=O)c4ccc(O)c(CC=C(C)C)c4)c(O)oc3c2C)OC1(C)C,0,2.939599416761917,1.6287825822091524,1673.310532488681,-4.589999999999999,2331624222.2142544,32.50734273164875,25.165586852483212,25.165586852483212,20.637973893287093,13.71600753822562,13.71600753822562,11.215876561374921,11.215876561374921,7.319142953231739,7.319142953231739,5.059532049200818,5.059532049200818,32.326486476403616,12.564101184019586,6.490928505265249
Clc1ccc2nsnc2c1NC1=NCCN1,0,2.9231891281501468,2.0617148602417172,564.0247287194559,-1.4,10804.107017642942,10.957819157813608,8.196767650725311,9.769193177671493,7.84333659290053,4.805415760557732,5.913676976907181,3.336446190529841,4.272094005126103,2.294634562519513,3.1521748069709425,1.5457812834800015,2.288106948651807,9.79973871389171,3.8766446423441536,1.5953329067710489
Cc1cc(OCCCS(C)(=O)=O)cc(C)c1-c1cccc(COc2ccc3c(c2)OCC3CC(=O)O)c1,0,3.2097141493917594,1.4152065792937145,1372.109252401068,-3.5199999999999996,148651475.3522098,26.578775022443732,21.321095007762544,22.137591588690267,17.58633865283184,12.212765652700995,14.273279169485013,9.55843645375462,11.818188964353752,6.341455304449407,7.371712062841414,4.683443386125922,5.325671911314008,26.540422437673133,11.253890126758746,7.037665231592724
CCC1C(=O)N(C)c2cnc(Nc3ccc(C(=O)NC4CCC(N5CCN(CC6CC6)CC5)CC4)cc3OC)nc2N1C(C)C,1,3.8703793410482805,1.0569119015020574,1365.206934127352,-3.4400000000000004,22951877969.493046,31.664196981141128,27.589460241336532,27.589460241336532,21.74875379371499,16.905262416006046,16.905262416006046,13.523699707408767,13.523699707408767,10.129118254091468,10.129118254091468,7.324774346512794,7.324774346512794,31.538823466893394,13.50420102689227,6.889561329801692
CCOC(=O)C(CCc1ccccc1)NC(C)C(=O)N1C(C(=O)O)C[C@H]2CCCC[C@@H]21,0,3.16405145467158,1.6957215363829772,768.4929777374001,-2.41,10010552.554348132,22.380104409694468,18.457777294244007,18.457777294244007,14.917922655570507,11.435427592635941,11.435427592635941,8.664392161837878,8.664392161837878,6.5848244096122635,6.5848244096122635,5.061955405851741,5.061955405851741,23.25726290975103,10.754075842651565,5.641737617465946
CC12CCC3C(CC(=O)C4CC(=NOCCN)CCC43C)C1CCC2=O,0,2.9155551698343696,1.5708956978481277,645.1674477788637,-1.2300000000000002,936196.4272544954,18.526733258565955,16.129777624705156,16.129777624705156,12.397849253306367,10.337033409568587,10.337033409568587,9.507213484023177,9.507213484023177,8.409542744831587,8.409542744831587,6.893248521806181,6.893248521806181,18.14816046181083,6.43283111466678,2.5723620545510992
Cc1nc2n(c(=O)c1CCN1CCC(c3noc4cc(F)ccc34)CC1)CCCC2O,0,3.1769648222021667,1.239667270275592,1163.573356693954,-2.579999999999999,18087426.530102886,21.53480494807372,17.6812414080638,17.6812414080638,15.008040390846983,11.064631058255014,11.064631058255014,8.722993143887885,8.722993143887885,6.770434872129037,6.770434872129037,4.976742477186207,4.976742477186207,20.32979285221992,8.163633643455372,3.784882514168512
CC(=O)NCCCS(=O)(=O)O,1,1.7762106053744897,3.3690222824837357,220.63691681930965,-0.6200000000000001,147.42548024608266,8.905777393935816,6.201527100915053,7.018023681842779,4.9165022194363885,3.112260189588407,4.72142549711481,2.122554734482799,3.694631595972781,0.9530135011235777,1.757596154886779,0.5189890202395527,1.0281282928060553,10.379999999999999,4.2978334955801865,9.379999999999997
CC1=C[C@]23C(=O)C(=CC(CO)[C@@H](O)[C@]2(O)[C@H]1O)[C@H]1[C@@H](C[C@H]3C)C1(C)C,0,3.051721162325629,2.002207900246992,706.8750738452063,-1.0100000000000002,409022.1873865041,18.524579547452824,15.2301183883538,15.2301183883538,11.545618734746675,9.199202975022418,9.199202975022418,9.269931714151362,9.269931714151362,7.835361199059805,7.835361199059805,6.270004570300637,6.270004570300637,17.40613796006123,4.827118163943387,1.7088156357222883
OCc1ccc(-c2ccc(-c3ccc(CO)s3)o2)s1,1,3.1635054750296066,1.8981406700667551,621.4973732234172,-1.3999999999999997,48525.010481479134,13.242276208189782,9.997487239902357,11.63048040175781,9.296356295533846,5.796357992180691,7.429351154036143,4.012042749763448,6.348698641462864,2.726674878419476,4.895777549798414,1.7933732198026973,3.452342406630259,12.624573094543939,5.3032136105860115,2.5028689452240838
NC(CCC(=O)NC(CS)C(=O)NCC(=O)O)C(=O)O,0,2.384622424478198,4.208861414299984,389.18921854622977,-1.81,13668.655737109031,15.706742302257043,10.535111880670396,11.42953907167031,9.272963365427639,5.656453432269843,6.288908964303518,3.8976225249092913,4.262770896579402,2.247728644699627,2.6128770163697372,1.1565999836685754,1.4137097687536238,18.19,9.15071374245247,7.586610574291715
CC1CC(OC(=O)C(O)c2ccccc2)CC(C)(C)C1,0,2.359295814938826,1.9736831307621756,452.56273773139947,-1.35,24546.113658623548,14.75071237662706,12.503832673504336,12.503832673504336,9.371810579132996,7.307633524550751,7.307633524550751,6.7854510801772925,6.7854510801772925,3.9679562802347217,3.9679562802347217,3.3483450887083883,3.3483450887083883,15.046765275268859,5.961066034374057,3.825397329793695
CC1C=CC=CCCC=CC=CC=CC=CC(OC2OC(C)C(O)C(N)C2O)CC2OC(O)(CC(O)C(O)CCC(O)CC(O)CC(O)CC(=O)OC(C)C(C)C1O)CC(O)C2C(=O)O,0,3.214935172459611,1.8373051498792177,1619.9529543863414,-3.1800000000000006,26516073899290.016,48.43178169464272,37.837765450026566,37.837765450026566,30.615495514411247,22.63434457235524,22.63434457235524,17.846577875765625,17.846577875765625,12.242820865530218,12.242820865530218,8.112273994347573,8.112273994347573,56.144631099238,27.587839806766706,18.791478081854194
COc1cc(C(=O)OC2C3C=COC(OC4OC(CO)C(O)C(O)C4O)C3C3(CO)OC23)ccc1O,1,3.5614823968953506,1.3477067596434908,1013.7221549696895,-2.49,184972981.920216,25.77529192407988,19.115487206464277,19.115487206464277,17.249586430175224,11.40154110887354,11.40154110887354,9.177571928323031,9.177571928323031,7.256475984438779,7.256475984438779,5.284819502341296,5.284819502341296,25.171798033987344,9.42873825242774,3.9192249790990212
O=c1c(O)c(-c2ccc(O)cc2O)oc2cc(O)cc(O)c12,1,2.4221630187789254,2.407728670949308,956.2426827834671,-3.3499999999999996,83673.62148371797,16.016143379015546,10.939315904375647,10.939315904375647,10.379917853109722,6.123140834537528,6.123140834537528,4.648401035680913,4.648401035680913,3.1612940133888032,3.1612940133888032,2.1697212527655796,2.1697212527655796,13.624737496262508,4.589937946900745,1.9568672179507631
COc1nc(C)cnc1NS(=O)(=O)c1cccnc1-c1ccc(-c2nnco2)cc1,0,3.2982844747384954,1.707413937021442,1274.8947053278853,-3.8599999999999994,9301399.695244739,21.13961743368831,15.973461852525741,16.789958433453467,14.47549497539168,8.701795264014029,10.184958511608423,6.146144274144117,7.796968400390048,4.110878470746687,5.481418263794525,2.743469534863144,3.9308036786192093,19.456155788753698,7.87189918259469,3.823965101378604
O=C(O)COCCN1CCN([C@H](c2ccccc2)c2ccc(Cl)cc2)CC1,0,2.6870616776272667,1.6288871781572638,715.9663955992833,-1.919999999999999,1515588.7721554625,19.06226716449869,15.259352000638923,16.015280946657377,13.131030293135234,9.196355635859275,9.574320108868504,6.6887052355413985,7.125141016013384,4.850473661122381,5.102449976461866,3.492763809201432,3.6187519668711747,19.83093437247043,9.853602391335345,5.776793002915453
Cc1ccc(F)c(NC(=O)Nc2ccc(-c3cccc4[nH]nc(N)c34)cc2)c1,0,3.065715574808105,1.5242046044083266,1167.3584609865861,-3.869999999999999,3147705.072140773,19.672997628507925,15.084279320058936,15.084279320058936,13.50804039084698,8.682413124446112,8.682413124446112,6.476755917219902,6.476755917219902,4.441239977630858,4.441239977630858,3.0910377610221333,3.0910377610221333,17.539168480547648,7.033963998390729,3.372130349072744
COc1c(C)cnc(Cn2cnc3c(Cl)nc(N)nc32)c1C,1,2.8573635308510217,2.0775107213742645,860.1506143437185,-2.4099999999999997,119846.3985744844,15.853006672199017,12.461438329728306,13.217367275746762,10.507239053047547,6.638330351491483,7.016294824500711,4.963453980317514,5.321467067767831,3.5085316283659016,3.772053597563912,2.4331478306149177,2.653049710683545,14.524056539393355,5.415547230079499,2.3292678219869907
CCC1OC(=O)C(C)C(OC2CC(C)(OC)C(O)C(C)O2)C(C)C(OC2OC(C)CC(N(C)C)C2O)C(C)(O)CC(C)C(=NOCOCCOC)C(C)C(O)C1(C)O,0,3.1520763178436684,2.2197529565589083,1303.8127067323928,-1.5800000000000005,814413428747.8557,43.913120125584555,37.32297957928854,37.32297957928854,26.9635235980827,20.759123132963154,20.759123132963154,17.73363585802785,17.73363585802785,12.596289630220674,12.596289630220674,8.932908111750324,8.932908111750324,50.77419182369555,21.476425115493377,12.072216598749993
CC(C)C(N)C(=O)N1CCC[C@H]1B(O)O,0,2.630827490567862,2.660880457309778,235.39734645359903,-0.5850649350649353,2299.343226756311,11.585421958697399,9.257960766471511,9.257960766471511,6.947264862732147,5.370179341678161,5.370179341678161,4.424620959131943,4.424620959131943,2.929854736975248,2.929854736975248,1.8527050166642474,1.8527050166642474,12.484307559191564,4.961139898138206,2.7061848385821667
O=c1[nH]cnc2c1ncn2C1CCC(CO)O1,1,2.942920493316597,2.016013441752289,590.4936898575354,-1.7300000000000002,16439.15387566651,11.828062645816686,9.036072383245706,9.036072383245706,8.292024997884274,5.458792390264785,5.458792390264785,4.02837957901656,4.02837957901656,2.9641836838478897,2.9641836838478897,2.0994484276712355,2.0994484276712355,10.425630003932902,3.935096028973356,1.6331195862845582
OCC1OC(Oc2ccc(O)cc2)C(O)C(O)C1O,1,2.41582397121452,2.080327832573296,405.0438550870565,-1.38,19133.325852019,13.991199352633217,9.9558237623207,9.9558237623207,9.02407580545315,5.788610988269895,5.788610988269895,4.30902895224397,4.30902895224397,2.9374069779944443,2.9374069779944443,1.8235589875024325,1.8235589875024325,14.03810833666951,5.722383716959226,2.963955217679046
COC(=O)C(Cc1cccc(C(=N)N)c1)C(C)NC(=O)c1ccc(-c2cc[n+]([O-])cc2)cc1,0,2.823413722890436,1.7183922493749404,1143.8283243613416,-4.199999999999999,20210898.920841064,23.95745467888409,18.447567576386348,18.447567576386348,15.778096000876642,10.394854724801702,10.394854724801702,7.734024196920709,7.734024196920709,5.442313278992386,5.442313278992386,3.5453605929940633,3.5453605929940633,23.462843649856637,10.407973144846858,5.94313793502139
CCOC(=O)c1ncn2c1CN(C)C(=O)c1cc(F)ccc1-2,0,2.858404673841041,2.1972538126479084,769.3883195618481,-2.6999999999999997,119729.99657317968,15.853006672199017,12.16796477003229,12.16796477003229,10.524075805453153,6.812990182298662,6.812990182298662,4.953028640087493,4.953028640087493,3.517408720468749,3.517408720468749,2.4941094474861925,2.4941094474861925,14.24624082523309,5.249745516586953,2.1441705657067955
CN1CCN(c2cc3c(cc2F)c(=O)c(C(=O)O)cn3-c2ccc(F)cc2)CC1,1,2.695006206649873,1.9710874718676128,1150.530441830211,-3.2599999999999993,3652617.372046359,20.706377823327532,15.731158918019586,15.731158918019586,13.846244348298507,9.165706381807459,9.165706381807459,7.134563164213791,7.134563164213791,5.251301882095269,5.251301882095269,3.5916786042403634,3.5916786042403634,19.073676195623275,7.287919503555219,3.4676163406234757
C=C1CCC(O)CC1=CC=C1CCCC2(C)C1CCC2C(C)CCCC(C)C,0,2.9935679211271844,1.6958985314070005,609.7518254928543,-0.8200000000000001,1818820.0232467703,20.311190308942127,18.97394685406591,18.97394685406591,13.308386200833526,12.06754873270632,12.06754873270632,10.831498475819457,10.831498475819457,8.35335621661202,8.35335621661202,6.658702919909749,6.658702919909749,21.87853115614787,9.329705668834215,4.835094053781089
CCC[S+]([O-])c1ccc2[nH]c(NC(=O)OC)nc2c1,1,2.793087622448968,2.251443255249491,584.603337754902,-1.73,24922.72085511214,13.828062645816686,10.726471127297383,11.54296770822511,9.134560252985372,5.868316775820229,7.18724866880705,3.930593369816307,5.501290242728194,2.512793114534009,4.071549533645391,1.6373911000480932,2.7067822030408326,13.695892821566906,5.940939684411912,3.1815413228310976
COc1ccc2cc(C(C)C(=O)Oc3ccc(C(N)=S)cc3)ccc2c1,0,2.664304893720105,1.767524036487893,966.6570628434632,-2.919999999999999,786939.7506287451,18.681433796945203,14.561196392130967,15.377692973058693,12.47356554823633,8.169679638068674,8.577927928532537,6.003932144011863,6.44375854963931,4.282296157895842,4.517998418291357,2.66647777693709,2.802560540425045,17.888704013186512,7.5371511447829675,3.834644564576358
NS(=O)(=O)c1cc2c(cc1Cl)NC(C(Cl)Cl)NS2(=O)=O,0,2.243642670553122,2.6743266515390722,763.4169308306106,-0.29000000000000015,15328.566725218929,15.292528739883949,9.470134507758988,13.370914507669806,9.02069250059882,4.9555435206367875,9.235862280105938,3.9015500194607715,8.684778839667723,2.475235858627396,5.835795395779402,1.629964064862239,4.541713689494008,16.086960723854123,5.16408527073321,2.9837968849530996
O=C(O)c1cn(C2CC2)c2cc(N3CCNCC3)c(F)cc2c1=O,0,3.403898859383535,1.948598124702446,882.7602568968719,-2.41,672746.5705685618,16.844570503761737,13.088143604314618,13.088143604314618,11.558550648063802,8.13388326683475,8.13388326683475,6.373312034026569,6.373312034026569,4.729110360732636,4.729110360732636,3.3138575734326077,3.3138575734326077,15.137295119421712,5.592172599010578,2.4478616810646066
Cc1nc(-c2cccnc2)sc1C(=O)Nc1ccccc1-c1cn2c(CN3CCOCC3)csc2n1,0,3.6092764997604294,1.259274529415478,1518.0287133496843,-3.439999999999999,375612612.2108762,24.48455241637955,19.67809773718424,21.311090899039687,17.652999680989847,11.696740729133555,13.392890121316174,8.569240474717862,10.404864133941782,6.135203285648913,8.2292015978814,4.275665246245062,6.091383616435113,22.98831916218396,9.901362733378626,4.555734012921345
CC(C)(CCCCCC(O)CCCCCC(C)(C)C(=O)O)C(=O)O,0,2.454486493421066,3.6257754031564553,351.2183858439851,-1.1,71818.27479750039,18.803118619434354,15.806555448482705,15.806555448482705,10.98770497725203,9.137264137825255,9.137264137825255,8.230566200797526,8.230566200797526,4.836162197537806,4.836162197537806,2.6055643608895,2.6055643608895,22.9,10.700259504927237,9.909614348487207
CC(NC(=O)CCC(F)(F)F)C(=O)NC1C(=O)N(CCO)c2ncccc2-c2ccccc21,1,2.8683609446784875,1.8543545302955857,1044.2961568720361,-3.4699999999999993,15620743.764683792,24.172997628507915,17.72485862437197,17.72485862437197,15.619210819843623,10.251318754041755,10.251318754041755,7.521282564594484,7.521282564594484,5.1338125188708705,5.1338125188708705,3.566855561337538,3.566855561337538,24.17792626477796,9.98729985978556,5.666364481624905
CCCCCCCCCCCCCCCCCCCCCCO,1,2.5679945729479505,2.9219621943934726,170.4117611359987,-0.04,119072.77235845057,16.849242404917504,16.29645600041746,16.29645600041746,11.414213562373096,11.023334547203383,11.023334547203383,7.441121219022181,7.441121219022181,5.011667273601692,5.011667273601692,3.367007218917816,3.367007218917816,22.96,21.96,21.960000000000004
Cn1nnc(-c2ccc(-c3ccc(N4CC(CO)OC4=O)cc3F)cn2)n1,1,3.272093760899636,1.5849748079366082,990.5887522258445,-3.3999999999999995,2267364.6506777937,18.965890847321376,14.280621669137139,14.280621669137139,13.046045193307766,8.142723983152766,8.142723983152766,5.997702547501234,5.997702547501234,4.153970210173417,4.153970210173417,2.805561642583813,2.805561642583813,17.035920628639268,6.723966942148762,3.2170483972681776
Oc1c(C2=CCC(c3ccc(Cl)cc3)CC2)c(O)c2ccccc2c1O,0,2.6757831670910823,1.7164442417531434,1006.0662506495319,-2.6499999999999995,1130293.6223099467,18.258784066134833,14.114428294965006,14.87035724098346,12.5585506480638,8.664168635164584,9.042133108173811,6.718618771908885,7.15505455238087,5.208645333486818,5.4606216488263035,3.7919761248809274,3.91796428255067,16.79889442586118,6.579362464056162,2.7844464223712717
CC1(F)C(O)C(CO)OC1n1ccc(=O)[nH]c1=O,0,2.5183619408733295,2.4499949162046155,551.6892876898331,-1.51,10211.95767024135,13.499635521070497,9.538208258035368,9.538208258035368,8.374245891192093,5.324006641682778,5.324006641682778,4.322934130853977,4.322934130853977,3.000780008045009,3.000780008045009,1.9749544719711314,1.9749544719711314,12.934328066581212,4.303667485289468,1.876123416142054
CCN(CC)Cc1ccc2cc(COC(=O)Nc3ccc(C(O)=NO)cc3)ccc2c1,1,2.8059879434840007,1.5787369114952596,1060.1124003789382,-3.579999999999999,9459726.138301646,22.216967702877938,17.70728077957001,17.70728077957001,15.015901648346688,10.211575610639882,10.211575610639882,7.179334806437214,7.179334806437214,5.123822194702787,5.123822194702787,3.3013962848630385,3.3013962848630385,22.11300378354972,10.449398392582976,5.958816173757471
CC[N+](CC)(CC)CCOc1cccc(OCC[N+](CC)(CC)CC)c1OCC[N+](CC)(CC)CC,0,2.9313591736188087,3.069462393008844,644.3467231953877,-1.5000000000000002,52886409.6667611,27.08129321248637,25.405038183258547,25.405038183258547,17.31450983678419,14.881108998217506,14.881108998217506,10.17058689300651,10.17058689300651,9.438581407516118,9.438581407516118,5.34062310321284,5.34062310321284,32.528985507246375,16.3646086252746,8.810361314117888
O=C1NC(=O)C(=Cc2cccc(C(F)(F)F)c2)S1,0,2.564847784561271,2.3296729617906027,551.4644613081332,-1.7599999999999998,10369.679592981218,13.336498814253964,8.745389636367399,9.561886217295125,8.359191910946029,4.782160764677111,5.598657345604837,3.4754538944864293,4.490195257244404,2.1537546571026547,2.9643718746287,1.3771917006326015,2.0593932982906966,12.690578969751456,4.488252528256991,2.7297469275776165
C[C@@H]1C[C@H]2[C@H]3CC=C4CC(=O)C=C[C@]4(C)[C@@]3(F)[C@@H](O)C[C@]2(C)[C@@]1(O)C(=O)CO,0,2.842931476530693,1.8509558403837272,804.7488254884713,-1.3700000000000003,1500075.6365228966,20.698306133819763,16.613087630696945,16.613087630696945,12.963233394208578,10.11546187319485,10.11546187319485,9.746685188647604,9.746685188647604,8.754576107377199,8.754576107377199,7.167446312298822,7.167446312298822,19.925309492060308,5.832747547893353,2.0142638085946416
CN(C)c1cc(NC(=O)CNC(C)(C)C)c(O)c2c1CC1CC3C(N(C)C)C(=O)C(C(N)=O)C(=O)C3(O)C(=O)C1C2=O,0,2.851439540738728,1.81099391393484,1397.0058246223468,-3.6800000000000006,586754689.2029972,31.634945532532555,24.901116352670034,24.901116352670034,19.322016638827986,13.781441592174728,13.781441592174728,12.980973180625647,12.980973180625647,8.572972773397481,8.572972773397481,6.686353429192492,6.686353429192492,31.25994034237069,10.547210153074937,4.883759643933291
COc1cc(Nc2nc3ccccc3nc2NS(=O)(=O)c2ccc(NC(=O)c3ccc(C)c(OC)c3)cc2)cc(OC)c1,1,3.0099529304298875,1.4059124157801783,1890.7913523237562,-5.359999999999999,3814880322.1950746,30.561902685569173,23.83506899290172,24.651565573829448,20.682534873448482,13.046052420633439,14.529215668227831,9.404276095535907,11.086678336945416,6.5085021679447665,7.863348039592067,4.242813605226949,5.251914129198425,29.14332524054588,12.249139922372732,6.596373519719826
CC(=O)SC1C=C2CC(=O)CCC2(C)C2CCC3(C)C(CCC34CCC(=O)O4)C12,0,3.168858604901374,1.5686111584152331,817.6983003627337,-1.1,4382705.73780187,20.604083527755577,17.791953828946376,18.6084504098741,13.683924628611805,11.304729574578795,12.18438238583369,10.652386962428594,12.007335233906455,9.574063575111094,10.628508851362758,8.041471929469402,9.193548278658886,19.839348080305815,6.448229172994664,2.679149619048995
OCc1cc(C(O)CNCCCCCCOCCOCc2c(Cl)cccc2Cl)ccc1O,0,2.7831211427303835,1.4158222542737458,785.7041921247451,-1.3800000000000001,11433593.230474677,23.18358750805833,18.23369279082546,19.74555068286237,15.524075805453155,10.923886259903108,11.679815205921562,7.545569454505671,8.359969707986881,5.068681173450054,5.7769009672065765,3.168027158624254,3.674580785208051,26.86900372505412,15.455938131074081,9.628046869721995
CC(O)C1C(=O)N2C(C(=O)OCOC(=O)C(C)(C)C)=C(SC3CN(C4=NCCS4)C3)C(C)C12,0,3.285851884121032,1.4661650747172332,906.2974584144739,-1.7200000000000002,14308833.482744176,24.076621311330605,19.56887766712774,21.201870828983193,15.50192632103787,11.188652337844832,13.053903708753216,9.8557923250492,12.260059454467614,6.275999253567853,8.758738622438727,4.454129414448569,6.848962386289756,24.40601419567594,9.144702540378217,4.50965958172041
OCC1OC(OC2C(CO)OC(O)(CO)C2O)C(O)C(O)C1O,0,2.7976648253313146,2.1281884089863876,393.2032272794937,-0.43999999999999995,117627.81758105512,17.361442840636293,12.042576132467905,12.042576132467905,10.784241369346551,7.046446208114461,7.046446208114461,5.5846165152555,5.5846165152555,4.041430151927063,4.041430151927063,2.627593606050522,2.627593606050522,18.89235232228663,7.207281294562587,3.3583338121229525
CC1(C)[C@@H]2CC[C@]1(C)C(=O)C2,1,2.1988013603871117,2.4741517243797513,216.91266689075218,-0.33,358.4046217430992,8.276020881938894,7.606918903213131,7.606918903213131,4.982998800364114,4.516402641941018,4.516402641941018,4.9166936577690095,4.9166936577690095,4.4827638015220295,4.4827638015220295,2.9014656470740956,2.9014656470740956,7.326147454014241,1.701311022684903,0.6047691790209927
Cc1ccc(N(CC2=NCCN2)c2cccc(O)c2)cc1,0,2.9889584187218805,1.9500928807175926,649.3397259653516,-2.4899999999999993,107291.65139844062,14.656489770562878,12.081763283576526,12.081763283576526,10.220346690612276,7.1267239143119765,7.1267239143119765,5.196737663260386,5.196737663260386,3.5384617111416636,3.5384617111416636,2.419898256186465,2.419898256186465,13.491100893571794,5.871997445683246,3.1599926743092435
Cc1cc(Nc2cc(N3CCN(C)CC3)nc(Sc3ccc(NC(=O)C4CC4)cc3)n2)[nH]n1,0,3.579564568527281,1.3466040076453327,1119.745004771924,-3.1100000000000003,61462440.921374634,22.785881803630282,18.836657129874183,19.653153710801906,16.013173026295984,11.220984138460663,12.03748071938839,8.622246745052266,9.662923782745338,5.767180989672358,6.640197148713892,3.6455086909912846,4.4116574524067085,21.720902244699992,9.40165901420201,5.634264073709728
CC(C)CC(NC(=O)C(NC(=O)c1cccc(-c2ccccc2)n1)C(C)O)B(O)O,1,2.7091089060776756,2.1438643624006652,845.5452959028532,-2.745064935064934,3059385.8511978947,22.258784066134833,17.318011243579242,17.318011243579242,14.184448305750033,9.865998552532265,9.865998552532265,7.624072053608565,7.624072053608565,4.515638062601791,4.515638062601791,2.986801701950357,2.986801701950357,23.533061055757408,10.8671317991938,6.65353042753354
Nc1cc(N)c(N)cc1N,0,1.8411270751217121,3.2824629074535228,205.9198833722299,-1.5799999999999998,156.49580138534554,7.723614639131599,5.464101615137755,5.464101615137755,4.6090609052806215,2.8094010767585034,2.8094010767585034,2.1100423396407315,2.1100423396407315,1.2886751345948129,1.2886751345948129,0.668393828513641,0.668393828513641,6.538764845605701,1.982580223575813,0.9069912146213939
CNC1CCCN(c2c(F)cc3c(=O)c(C(=O)O)cn(C4CC4)c3c2OC)C1,0,3.522419024995324,1.9913871283083169,999.3339682792376,-2.61,4113466.8477134397,19.999271042140986,15.996391894778482,15.996391894778482,13.455927458031292,9.56697036767691,9.56697036767691,7.525750003527682,7.525750003527682,5.718854841887318,5.718854841887318,4.1400385173900816,4.1400385173900816,18.73939287866469,7.087497907384857,3.012370859168299
Clc1ccc2c(c1)CCc1cccnc1C2=C1CCNCC1,0,2.720815836575432,1.977851367572985,740.850445001187,-1.6400000000000001,212865.7477903155,14.940946820939052,12.531920370766228,13.287849316784683,10.826499840494925,7.985483940535462,8.36344841354469,6.041154995893523,6.477590776365508,4.68904123999017,4.924138342777908,3.611808170059275,3.8065083964341904,13.984366672921752,5.864062936700998,2.4668840166179695
Cc1onc(-c2ccccc2)c1C(=O)NC1C(=O)N2C1SC(C)(C)C2C(=O)O,1,3.1526431832942783,1.5772951508892683,971.2036477342563,-2.81,2035775.1986077141,20.214813991764817,15.501684392336198,16.318180973263924,13.220051237716591,8.774832819370035,9.65448563062493,7.377671137022791,9.148556276395349,5.098542093073077,6.670072687920556,3.791430451134663,5.416827040743991,18.54854092000502,6.370194356291926,2.6869116788216574
CNC(=O)Nc1ccc(-c2nc(N3CC4CCC(C3)O4)c3cnn(C4CCC5(CC4)OCCO5)c3n2)cc1,1,3.675013989509347,1.250581691603927,1315.1946791178223,-3.2800000000000002,1173914951.888892,25.691659197566093,21.558931104737724,21.558931104737724,18.588381293418117,13.61826018731478,13.61826018731478,10.679929444446282,10.679929444446282,8.281134702130654,8.281134702130654,6.304810035641533,6.304810035641533,23.808898838587158,9.476813220830048,4.278410055291377
CNCC(O)c1cccc(O)c1,0,2.0475282271997086,2.732558067587228,250.0387806177137,-1.06,526.2147543903251,8.974691494688164,6.988285318134594,6.988285318134594,5.736382105218448,3.853649708195009,3.853649708195009,2.668461858540216,2.668461858540216,1.6524573156723987,1.6524573156723987,1.0432662168604951,1.0432662168604951,9.031407678244971,4.088235211780761,2.2182060707578133
O=C(O)C=Cc1ccc(Cn2ccnc2)cc1,0,2.8079718499433644,2.0515851770592106,512.8623077459382,-2.36,11321.742498971646,12.08757566981053,9.15314828085692,9.15314828085692,8.237183443017882,5.195691799482878,5.195691799482878,3.648169727635795,3.648169727635795,2.3224194785755916,2.3224194785755916,1.4927502389974951,1.4927502389974951,11.135156363446079,5.115512288924944,3.306932927929089
CCCCCCCC/C=C\CCCCCCCC(=O)O,1,2.4255496579484808,3.066157800884338,233.57272136052188,-0.79,22676.463752160347,14.891058768174391,13.409657360954743,13.409657360954743,9.770055610029663,8.63822102902279,8.63822102902279,5.728027239136747,5.728027239136747,3.652443847844729,3.652443847844729,2.3469655523185775,2.3469655523185775,19.210000000000004,16.264914881933006,17.21
COc1ccc2nc3cc(Cl)ccc3c(Nc3cc(CN4CCCC4)c(O)c(CN4CCCC4)c3)c2n1,1,3.6059854290148965,1.4673446666751317,1408.7052404036087,-3.1299999999999994,526260109.8199429,25.35479590438263,21.134800437165733,21.890729383184183,18.068014581162373,13.077280050852671,13.455244523861897,10.104230011422194,10.540665791894178,7.486756492485682,7.721853595273419,5.595204553189576,5.761548108230872,24.220634919363714,10.322796705110934,5.035577465612
O=P(O)(O)C(O)(Cn1ccnc1)P(=O)(O)O,0,2.517472310042988,3.1761221328810336,423.35205919507035,-0.53,2336.2143037198925,12.612884175122366,7.780576529182775,9.569430911182607,7.078298261984863,3.871878813852138,7.096602748192274,3.0974170079477847,7.105989052793719,1.8869100767212237,5.598988066819798,0.9791318992086452,3.031753526236641,13.53464124111183,4.047117678804553,2.411794114297736
NC(O)=NO,0,1.3787834934861756,3.1431973062780685,45.60964047443681,-0.9299999999999999,9.65148445440323,4.284457050376173,2.4189910556894993,2.4189910556894993,2.270055610029662,0.9358887300947708,0.9358887300947708,0.4581988897471611,0.4581988897471611,0.10245638646895837,0.10245638646895837,0.0,0.0,4.07,1.3957328990228017,3.0700000000000016
O=C(O)CCCc1ccccc1,0,2.0547646865867337,2.290572056240154,241.27530899395387,-1.31,567.1150534979386,8.811554787871634,6.863533575471594,6.863533575471594,5.787693700234704,4.045521326691418,4.045521326691418,2.7328904934701166,2.7328904934701166,1.698918658756531,1.698918658756531,1.0884154558755201,1.0884154558755201,8.783545369504209,4.544018446795469,3.191164645691246
NC(=O)c1cccnc1,0,1.9003726279897948,2.981454614041131,207.5576620543373,-1.38,129.22533870330605,6.69023444431199,4.7422132319119505,4.7422132319119505,4.304530452640311,2.5032139951773598,2.5032139951773598,1.6059511696427042,1.6059511696427042,0.9460547340291837,0.9460547340291837,0.5085121970419809,0.5085121970419809,5.751233595800525,2.2593342006647616,1.2528322001978998
COc1cc(NC(C)CCCN)c2ncccc2c1,0,2.444937412043485,2.2939285575857626,541.901766770341,-1.8099999999999996,23720.782771645892,13.664925939000156,11.518234113850847,11.518234113850847,9.24071340286802,6.636742447545831,6.636742447545831,4.726368137636221,4.726368137636221,3.15726447225402,3.15726447225402,2.154345973315322,2.154345973315322,13.617712971713582,6.38396738750566,3.351049863381168
CCNC1(C(N)=O)CCN(c2ncnc3c2nc(-c2ccccc2Cl)n3-c2ccc(Cl)cc2)CC1,0,3.247319376034646,1.6316459036585034,1378.6017310251823,-3.199999999999999,118000052.34414664,24.578775022443736,19.209281811811106,20.721139703848014,16.931489316552707,11.474955873565715,12.230884819584169,8.560308584578078,9.403944491790668,6.527900177283569,7.109464713663099,4.718677993171606,5.064914951894403,23.537617427670796,9.449714625281572,4.220622385524813
CC1=C(C(=O)O)N2C(=O)C(NC(=O)C(N)c3ccc(O)cc3)[C@H]2SC1,1,2.584810714478698,1.7068590078804566,776.4797957092851,-2.5199999999999996,328694.86969596916,18.300600429391718,13.300542883058885,14.117039463986611,11.807438208038285,7.535663712118311,8.584418502098968,5.899359217700862,7.00435172328281,4.193883292538199,5.618067986980747,2.8514049892614297,4.144160892511423,17.307806612841215,6.413498790959588,2.9595421484607374
Fc1ccc2c(CCNCc3cccc(OCC(F)(F)C(F)F)c3)c[nH]c2c1,0,3.0569224064450085,1.4933409563758335,925.8549751169415,-2.61,2069729.0552748768,20.148053602125593,14.822650202962823,14.822650202962823,13.348173775453853,8.689375203321884,8.689375203321884,6.428404322517736,6.428404322517736,4.278693393768244,4.278693393768244,2.8089272682531923,2.8089272682531923,20.132709961622854,8.600036259352692,5.007571565944385
CCCCCCCCc1ccc(CCC(N)(CO)CO)cc1,1,2.5664835671170927,2.277627630851439,384.926586112925,-0.9000000000000001,75557.27621592721,16.26130225617747,14.059353130000073,14.059353130000073,10.631470258122642,8.717371605827324,8.717371605827324,6.512863735606726,6.512863735606726,4.383330461222678,4.383330461222678,2.5834479549428417,2.5834479549428417,19.147393364928913,10.764200466816403,7.389321099183998
CCn1cc(C(=O)O)c(=O)c2cnc(N3CCCC3)nc21,0,3.0093145747074534,2.226502579319583,762.6385507433039,-2.4400000000000004,95238.78766034149,14.982763184195939,11.742799002739508,11.742799002739508,10.113392202930193,6.999427204884747,6.999427204884747,5.064505730262967,5.064505730262967,3.7621642980349015,3.7621642980349015,2.626523355009348,2.626523355009348,13.53881875577223,5.156303555275349,2.2406186921388516
COc1cc(O)c2c(c1)oc(=O)c1c3cc(O)c(O)cc3oc21,1,2.8530689617469407,2.2810941378577247,1150.429872785566,-3.35,236439.53099789246,16.30060042939172,11.78403502511383,11.78403502511383,10.99040230064194,6.613214631863894,6.613214631863894,5.052447018467872,5.052447018467872,3.7095927791561825,3.7095927791561825,2.6530977621873673,2.6530977621873673,13.322441267195883,4.3253404592314375,1.731119224140312
Cc1ccc(C(=O)Nc2ccc(CN3CCN(C)CC3)c(C(F)(F)F)c2)cc1C#Cc1cnc2[nH]ncc2c1,1,3.3756868079825395,1.3372616099901216,1575.4238531712836,-4.2,635357728.1413524,27.57033885400645,21.562682420130745,21.562682420130745,18.652018246629737,12.497356327721896,12.497356327721896,9.714762939948406,9.714762939948406,6.795513150633321,6.795513150633321,4.4484745664656415,4.4484745664656415,26.408831969391006,10.88450569317896,6.275642805208539
COc1ccc(-c2ccc3c(N4CCOCC4)nc(N4CC(C)OC(C)C4)nc3n2)cc1CO,1,2.8679227418655797,1.6060516349520229,1157.496323524032,-3.0100000000000002,70558711.6714421,23.656125291633366,19.89922579702455,19.89922579702455,16.550376490957337,11.754588421896266,11.754588421896266,8.861333308108266,8.861333308108266,6.287413741970574,6.287413741970574,4.7038927406045765,4.7038927406045765,22.765994300743742,9.693996811360208,4.506710489431451
CCOC(=O)C1=C(C)N=C(C)C(C(=O)OCC)C1c1ccccc1C=CC(=O)OC(C)(C)C,1,2.705327370435102,2.6298654273817843,996.2796373911544,-3.2199999999999993,9159697.41081917,24.758784066134826,20.42971905417324,20.42971905417324,15.495419579755934,11.09371418711137,11.09371418711137,8.675850935343163,8.675850935343163,5.000974520402436,5.000974520402436,3.823989211815552,3.823989211815552,26.035686987786896,11.076105759266534,6.633686067055679
CC1CCN(C(=O)CC#N)CC1N(C)c1ncnc2[nH]ccc12,0,3.030636671606416,1.849797986294538,748.3535718086016,-2.62,249697.18601032422,16.396976746569035,13.359494738657975,13.359494738657975,11.113392202930193,7.771394497917138,7.771394497917138,6.05608503907966,6.05608503907966,4.666127630914037,4.666127630914037,3.255869701711656,3.255869701711656,15.282399930999288,6.244405505804488,2.8426561734889986
COC(=O)C1=COC(OC2OC(CO)C(O)C(O)C2O)C2C(CO)=CCC12,0,3.120615822103097,1.8018884795132621,614.8353814919833,-1.5300000000000002,1401259.48444642,19.71481399176481,14.672132465275011,14.672132465275011,12.921452615420643,8.620761144940097,8.620761144940097,6.7077390671004435,6.7077390671004435,5.237806138196209,5.237806138196209,3.7327586414876457,3.7327586414876457,20.2106166623973,8.22988449042261,3.613881655377861
N#CC(C(=N)Sc1ccccc1N)C(C#N)C(=N)Sc1ccccc1N,0,2.6271863003641,2.178026293762428,836.8827169699714,-2.9399999999999995,573104.9283066262,19.104083527755577,13.639127002203155,15.272120164058608,12.472764210436898,7.483794855709148,9.1167880175646,5.221818544794221,7.389372457767875,3.4542926919461188,5.585383338339377,2.0799253453290176,3.8502837454641234,19.38559222614011,8.951927233441264,4.570589033243885
CC1CC(=O)NN=C1c1ccc(NN=C(C#N)C#N)cc1,0,2.490833564527751,2.133349462429733,673.6597969068536,-3.19,58026.458719238486,15.242276208189782,11.290960799598373,11.290960799598373,10.134560252985372,6.2449592216193,6.2449592216193,4.510365921968066,4.510365921968066,2.948695643837481,2.948695643837481,1.9132235140117193,1.9132235140117193,14.224000380423613,6.307473640187337,3.4250378064537337
CN(C)N=Nc1[nH]cnc1C(N)=O,1,2.472976383560267,2.8844544589148327,327.62039676887485,-1.92,939.7310257529015,9.844934982691242,7.351803210842947,7.351803210842947,6.109060905280622,3.5313140906685927,3.5313140906685927,2.5006571372556055,2.5006571372556055,1.1762206813098635,1.1762206813098635,0.6781775158240048,0.6781775158240048,9.170252707581227,3.654513294260848,2.2558359887894963
NC(Cc1ccc([N+]([O-])(CCCl)CCCl)cc1)C(=O)O,0,2.394801196880378,2.8533517275743647,433.74733833091216,-0.8500000000000001,20719.81995540903,15.173362107437434,10.966488239016591,12.4783461310535,9.424869361839846,6.206067296456672,7.27511226410637,4.529800680666627,5.285729626685082,3.0711504030326235,3.4092121049240296,1.8879985041734222,2.4340881888544756,17.20221932114882,7.80659217121402,4.609916677187224
CC(C=CC1C(C)C(=O)C(=O)CC1(C)C)=C/C=C/C(C)=C/C=C/C=C(C)/C=C/C=C(C)C=CC1C(C)C(=O)C(=O)CC1(C)C,0,2.9179527720208642,1.908193348420205,1288.011802514392,-3.659999999999999,1153310284.7419758,33.241911729260266,28.439511569641816,28.439511569641816,20.456939227838784,15.682845630151165,15.682845630151165,13.998588722905557,13.998588722905557,8.889923787767444,8.889923787767444,6.130601019655662,6.130601019655662,36.53117661859399,15.882832687470156,10.503511753733589
CCc1c2c(nc3ccc(O)cc13)-c1cc3c(c(=O)n1C2)COC(=O)C3(O)CC,1,3.079164301451204,1.8378360528605546,1276.6583729672354,-3.19,5499159.584233543,20.49927104214099,16.151427454896115,16.151427454896115,13.884395805755094,9.70272738845572,9.70272738845572,7.575586562035366,7.575586562035366,6.1428425788785725,6.1428425788785725,4.5535672501959485,4.5535672501959485,17.87794434752313,5.903749744219742,2.2460754530401563
CC(=O)Nc1ccc(CC(=O)O)cc1,0,2.0625249305021165,2.679983362198753,307.8896728870035,-1.8399999999999999,1130.26366191516,10.55204176387779,7.780218034372735,7.780218034372735,6.575387400469408,4.160329074446309,4.160329074446309,2.948624881426564,2.948624881426564,1.6296542471788338,1.6296542471788338,1.0838136865503156,1.0838136865503156,10.242236842105264,4.411323399666699,3.2643892755612196
Cc1cccc(C)c1OCC(=O)NC(Cc1ccccc1)C(O)CC(Cc1ccccc1)NC(=O)C(C(C)C)N1CCCNC1=O,0,3.0210665896856193,1.5215253926910406,1411.9399871126961,-4.369999999999999,11848943881.176159,33.05346651713189,27.369472666574467,27.369472666574467,22.1171012961276,16.211387532744794,16.211387532744794,12.539353366501999,12.539353366501999,8.411735501010686,8.411735501010686,6.115929898972015,6.115929898972015,34.50215976368346,16.800052215267485,9.813282839260593
Oc1c(Cl)cc(Cl)c2cccnc12,0,2.146239890526001,2.9668729339241464,470.3665095200525,-0.9900000000000001,1131.0684223072026,9.422285251880869,6.459757213776875,7.971615105813784,6.198377302757662,3.616069028707452,4.371997974725907,2.5883889584977053,3.402789211978918,1.7689870956662064,2.3698115929976606,1.1572067134578936,1.673273500904384,8.601279338721884,3.0527500020061975,1.3211623734461102
Clc1ccc(C(Cn2ccnc2)OCc2ccsc2Cl)c(Cl)c1,1,3.155582689260103,1.8195699684158084,773.4906611732326,-1.0399999999999996,267063.27415746107,16.233840039752504,11.955183176035053,15.039466595018146,11.131030293135236,6.874026323763114,8.887572554045692,4.944502304893726,7.306325781062655,3.378430746282406,5.192147927717069,2.2019816395567275,3.6341479870489475,16.80510634028333,7.686664860024509,4.279538968067096
CCOc1cc(C(C)(C)C)ccc1C1=NC(C)(c2ccc(Cl)cc2)C(C)(c2ccc(Cl)cc2)N1C(=O)N1CCN(CCCS(C)(=O)=O)CC1,1,3.2829736686876503,1.6488007304436927,1800.5298840083562,-3.1099999999999994,34914855902.74881,35.777445635193,29.593731990915856,31.92208646388049,22.97434909380129,16.86579933603494,19.682241798837413,14.417677719896378,17.550301791439487,9.961052834824045,11.495262223895027,6.8703635179226605,7.775816673126053,37.152689723364546,14.253363448401847,7.650929591513107
O=NN(CCCl)C(=O)NC1CCCCC1,1,2.2675475136812033,2.341813687064413,219.4029963976061,-0.8400000000000001,2621.284925815471,11.096011838247808,8.61598598243233,9.371914928450783,7.274386907679233,5.248965852268768,5.783488336093616,3.6781979293271054,4.056162402336333,2.562081321590716,2.7311121725364194,1.7555610466519658,1.9156693667266629,12.230621468926552,6.608280546182645,4.032767857142857
CNC(=O)C(c1ccccc1)N1CCc2cc(OC)c(OC)cc2[C@H]1CCc1ccc(C(F)(F)F)cc1,0,2.913011536382095,1.7298888165647524,1213.5616710570775,-3.5199999999999987,175211118.76754153,26.578775022443736,21.139832510130564,21.139832510130564,17.760900018563085,12.196573093031505,12.196573093031505,9.070457776603815,9.070457776603815,6.973476193552341,6.973476193552341,5.107203211297038,5.107203211297038,26.540422437673133,11.253890126758746,5.743935792289814
COc1ccc(CNC(=O)Nc2ncc([N+](=O)[O-])s2)cc1,0,2.9415745784108056,1.843316700285184,640.9619128759133,-2.68,68844.6114331265,15.242276208189782,11.02952677045391,11.846023351381636,10.07971869811898,5.862454849136099,6.678951430063825,3.916513211762042,4.92561213429153,2.506019802680954,3.370458973123577,1.4748434382225841,2.102024855706603,14.723362353132812,6.659113644552434,4.14402065605483
CC(=O)Oc1ccccc1C(=O)Nc1ncc([N+](=O)[O-])s1,0,2.869400303873796,2.1948856079562464,712.4233906667993,-2.81,57763.89751728339,15.405412915006313,10.730668279731225,11.54716486065895,9.96923425058676,5.6613311320932596,6.477827713020986,3.8046882389896464,4.8137871615191345,2.2792680748172005,3.1437072452598236,1.470328773299516,2.097510190783535,14.596021787554912,6.094683522610224,3.6006169333194515
Cn1c([N+](=O)[O-])cnc1COC(N)=O,1,2.431121316114461,2.7930632523454495,371.908451003585,-2.12,1327.3922385984956,10.71517847069432,7.336441267921126,7.336441267921126,6.519744507803581,3.592815132758722,3.592815132758722,2.456463053294818,2.456463053294818,1.5904479283204198,1.5904479283204198,0.8770647404980063,0.8770647404980063,9.964175084175084,3.7273304732598094,1.9712881716860515
Cc1cnc(C(=O)NCCc2ccc(S(=O)(=O)NC(=O)NC3CCCCC3)cc2)cn1,0,2.7455671639766868,1.4808622529805018,1001.0705398115275,-3.01,7718338.411371262,22.269373945685228,17.426867995952446,18.24336457688017,14.831337023048244,10.324437260199971,11.807600507794364,7.606765398013322,9.289167639422836,5.113916264423449,6.460808376486555,3.3987880001588153,4.314024862705542,22.670220071134082,10.34007512930902,6.744800730100012
Oc1[nH]c(O)c(-c2cn3c4c(cccc24)CCC3)c1-c1c[nH]c2ccccc12,0,3.366009566108023,1.6920228850067582,1369.7957358331012,-3.5999999999999988,7338600.984105241,18.827698166887178,15.159113552766152,15.159113552766152,13.720346690612278,9.536193048437568,9.536193048437568,7.473173691434972,7.473173691434972,5.915366833364037,5.915366833364037,4.7317036280063505,4.7317036280063505,15.457059558517289,5.4535077288941745,1.9570342785629253
O=C(O)Cc1ccccc1Nc1c(Cl)cccc1Cl,0,2.3509148477009196,2.3558879442321037,593.8950014443018,-1.7099999999999995,18978.935565489523,13.828062645816686,9.859949497496205,11.371807389533116,9.07538740046941,5.584169402223604,6.3400983482420585,3.9493209781324894,4.763721231613702,2.581472082516677,3.2114128708653893,1.7112313592468358,2.203167158964943,13.715440199973633,5.9544053534163845,3.397616957868233
CC(Oc1ccc2[nH]nc(C=Cc3cnn(CCO)c3)c2c1)c1c(Cl)cncc1Cl,0,3.32798900709592,1.5700057852676137,1181.055292287561,-2.8699999999999988,9336307.080616822,21.08721119088102,16.087961468251464,17.599819360288375,14.546045193307767,9.29969898155819,10.055627927576646,6.686818913570399,7.501219167051611,4.589510215626598,5.19189035695691,3.1520637705284873,3.8240220633408963,20.404706386276796,8.870854798758133,4.330185351299042
Cc1ccc(C(=O)NCCCCCC(=O)Nc2ccccc2N)cc1,0,2.601311615700996,1.5845838577584017,711.136134626377,-2.8199999999999994,389999.0426723561,18.07070333293597,14.5481829095671,14.5481829095671,12.058550648063802,8.552747680480769,8.552747680480769,6.068013199952214,6.068013199952214,3.9148067854028454,3.9148067854028454,2.4197986281633135,2.4197986281633135,18.517680649097247,9.469560186923522,6.295518307374628
O=C(Nc1cc(Oc2cc(F)c(NC(=O)C3(C(=O)Nc4ccc(F)cc4)CC3)cc2F)ccn1)C1CC1,1,3.769221089824756,1.252104154544313,1389.0691889916761,-4.409999999999999,380809766.5373848,26.15612529163336,19.316029993025538,19.316029993025538,17.730021055718915,11.557078100422666,11.557078100422666,9.002095149538588,9.002095149538588,6.149769944487383,6.149769944487383,3.6545176674170814,3.6545176674170814,24.291749462832463,9.565666419793287,5.396781453911368
O=c1[nH]c(C2CCCN2)nc2c1oc1ccc(Cl)cc12,1,3.059341134878806,2.031206225924907,861.8483497623898,-1.8499999999999996,86001.13864257812,13.689869965382487,10.572396069755058,11.328325015773514,9.720346690612276,6.575754089659714,6.953718562668942,5.020380861171405,5.45681664164339,3.694292358818383,3.929389461606122,2.7262083179407974,2.898311341893665,11.933947822879464,4.327601106787052,1.740421267499991
CC(N)C12CC3CC(CC(C3)C1)C2,0,2.0015448359636068,1.911265472660675,183.88015384665158,-0.04,1242.9593431334,9.05204176387779,8.629392033067417,8.629392033067417,6.178270458928654,5.934253523072361,5.934253523072361,6.068602998526267,6.068602998526267,5.051530024451221,5.051530024451221,4.735311104184703,4.735311104184703,8.28331493608625,2.502526358622189,1.0921327999811485
CON=C(C(=O)NC1C(=O)N2C(C(=O)OCOC(=O)C(C)(C)C)=C(C)CS[C@H]12)c1csc(N)n1,0,3.1977865023327103,1.6648741947271843,1075.6143871803777,-3.13,21266827.969179653,25.20637782332753,19.23949003980624,20.87248320166169,15.950614726021612,10.074941558300827,12.003349159536379,8.414769941432954,10.409443414036502,4.793447066606627,6.891522388528064,3.085485226614727,4.926004954282056,25.49222051098033,10.010368245989806,5.1682723859825845
CN1CCC(COc2cnc(-c3cccc(Cn4nc(-c5cccc(C#N)c5)ccc4=O)c3)nc2)CC1,1,2.9426008275138953,1.2793773320356059,1466.969733560741,-4.349999999999999,336422420.71382046,25.61430892837647,20.747972340511897,20.747972340511897,18.068014581162377,12.38631863064265,12.38631863064265,9.407475611661742,9.407475611661742,6.623569610910701,6.623569610910701,4.428536476604802,4.428536476604802,24.349085594531065,11.145357931718909,6.079775009300181
O=C(C=Cn1cnc(-c2cc(C(F)(F)F)cc(C(F)(F)F)c2)n1)NNc1ccccn1,1,3.1886945180122876,1.7660416513573298,1058.6599219288391,-3.8999999999999995,6699664.013571042,22.648053602125586,15.238392202415318,15.238392202415318,14.520006519134395,8.38436792659003,8.38436792659003,5.987710382222994,5.987710382222994,3.7116887833238748,3.7116887833238748,2.3110317365793622,2.3110317365793622,21.8003932405144,8.454944698968024,5.8054086036741595
CC(=O)OCC(=O)NCCCOc1cccc(CN2CCCCC2)c1,0,2.6072233223888324,1.6263946586255487,556.1100035826124,-2.0799999999999996,418209.0498044583,17.90756662611944,14.960675645979395,14.960675645979395,12.131030293135234,8.974557524993605,8.974557524993605,6.31643781011273,6.31643781011273,4.071849327736495,4.071849327736495,2.817546044672634,2.817546044672634,19.247457187279785,10.716198061139869,8.026007567961805
O=C(Nc1ccccc1)c1ccccc1O,0,2.3053727909859516,2.1868113457628673,494.2955976569277,-2.2899999999999996,5744.988995136991,11.380468888623982,8.551614308670455,8.551614308670455,7.770856947829096,4.915764814694497,4.915764814694497,3.337298607450245,3.337298607450245,2.180333395956896,2.180333395956896,1.385563419174829,1.385563419174829,10.235362076049029,4.486277072858324,2.1998362076575533
COC1=CC(=O)C[C@@H](C)[C@]12Oc1c(Cl)c(OC)cc(OC)c1C2=O,0,2.871118292790089,2.2581731710520927,768.8345393102228,-2.21,270347.3695674076,17.64589989101247,13.766611804547832,14.522540750566286,11.399449786001158,7.375123747740551,7.753088220749778,5.75022744848258,6.1281919214918075,4.497994813727226,4.855898227059621,3.2993734712819163,3.564146574564789,16.64091969614327,5.7015415541703725,2.0215869901261305
O=c1cc(O)[nH]cc1Cl,1,1.7965675742516065,3.3426403430450002,267.90565931309794,-0.96,104.20091930659318,6.8533711511285205,4.388126897352299,5.1440558433707535,4.198377302757662,2.2714137178657756,2.649378190875003,1.530441513717036,1.937641640457642,0.8499771589413374,1.1453467241583757,0.44321752424477384,0.5523264693627701,6.164378109452736,2.1072127704263806,1.2336181719848565
CC(=Cc1ccccc1)C=C1SC(=S)N(CC(=O)O)C1=O,0,2.6685717152849553,2.184382796949049,650.1423930773599,-1.9199999999999997,51151.182638582024,15.405412915006313,11.275979018369299,12.908972180224751,9.96923425058676,6.176606416921919,7.401351288313508,4.460632190401633,6.136397779597786,2.7196403544731993,4.0974186155686185,1.8321597402611773,3.13706163578421,15.468485897049254,6.689288885642163,4.025050585201351
Cc1cncc(CN2CCC(=C3c4ccc(Cl)cc4CCc4cccnc43)CC2)c1,0,2.9105454166488296,1.4723306255069524,1108.7665028701927,-2.489999999999999,11538717.598124286,20.501424753254113,17.365505150521567,18.121434096540025,14.669836433395457,10.751712165866273,11.129676638875502,8.43784241618321,8.874278196655196,6.279326404136702,6.514423506924441,4.826527790359457,5.021228016734372,19.472120098892105,8.329462435569324,3.9219141545255503
O=C(O)c1cccnc1,1,1.9003726279897948,2.981454614041131,207.5576620543373,-1.38,129.22533870330605,6.69023444431199,4.612076558222283,4.612076558222283,4.304530452640311,2.438145658332526,2.438145658332526,1.546852963940057,1.546852963940057,0.9084875122360977,0.9084875122360977,0.48926718806899333,0.48926718806899333,5.751233595800525,2.2593342006647616,1.2528322001978998
CC(C)N=c1cc2n(-c3ccc(Cl)cc3)c3ccccc3nc-2cc1Nc1ccc(Cl)cc1,0,2.7984857021588656,1.8034503309429022,1469.6398244257896,-3.3399999999999985,37709572.4487051,22.949018510446816,18.25782377036272,19.76968166239963,15.974366886035769,10.757289905296231,11.513218851314686,8.12515673108404,8.998028292028009,5.302657102963571,5.80660973364254,3.88393028736067,4.135906602700154,21.502813864413945,8.891337736154783,4.4497180080647025
Cc1[nH]c2ccccc2c1CCNCc1ccc(C=CC(O)=NO)cc1,1,2.990767312876745,1.5179527922280331,924.08411522182,-3.05,1089046.0462416864,18.355160383312146,14.736463821955779,14.736463821955779,12.669035095596021,8.620828234631558,8.620828234631558,6.234027714750314,6.234027714750314,4.414949510124235,4.414949510124235,3.053699636926148,3.053699636926148,17.762767820209557,8.358397517791257,4.316702000023296
Cc1ccc(-c2nc(N)nc3c2nnn3Cc2cccc(CO[C@H]3CCOC3)n2)o1,1,3.4843913492522716,1.4035828513215078,1180.333359627778,-3.37,14894246.854642488,20.50142475325411,16.48501223465146,16.48501223465146,14.652999680989847,9.732037137748826,9.732037137748826,7.1768790699697735,7.1768790699697735,4.884870548937242,4.884870548937242,3.4117752153216507,3.4117752153216507,18.645515080043435,7.805912094007294,3.7412499033935522
CC(=O)OC1CC2CCC3C(CCC4(C)C3CC([N+]3(C)CCCCC3)C4OC(C)=O)C2(C)CC1N1CCCCC1,0,3.2149269216916436,1.288785713967552,957.5883692364077,-1.1400000000000001,1012586911.6684866,28.28588180363028,26.167037786543677,26.167037786543677,19.04913304526641,16.977550517390423,16.977550517390423,15.773480827336172,15.773480827336172,13.701152203165133,13.701152203165133,11.721572308946717,11.721572308946717,28.955212786861313,10.848188792052536,4.849921274898807
Cc1ncc(CO)c(CO)c1O,0,2.0917167227349722,3.2532934621839313,285.87661626856533,-1.1300000000000001,518.7457472382731,9.137828201504695,6.7804182135625535,6.7804182135625535,5.701907262607798,3.583649933062156,3.583649933062156,2.5122354485581955,2.5122354485581955,1.7586649133471297,1.7586649133471297,0.9969373943692378,0.9969373943692378,8.961996320147193,3.511902541144525,1.3914812233214935
CNC1C(O)C(OC2C(NC(=O)C(O)CN)CC(N)C(OC3OC(CN)C(O)C(O)C3O)C2O)OCC1(C)O,0,2.8870943147828183,1.8393425248375312,811.3940004425167,-1.1300000000000003,192017100.411481,29.23132184970986,21.815118321788848,21.815118321788848,18.264493755425487,12.789925577250676,12.789925577250676,10.502038434348794,10.502038434348794,7.495957936437546,7.495957936437546,5.222675795594568,5.222675795594568,32.38538833035809,13.234799753064436,6.854916139126234
CC1CC2C3CC(F)C4=CC(=O)C=CC4(C)C3(F)C(O)CC2(C)C1(O)C(=O)CO,0,2.8649164675528827,1.8702143281922918,839.0592591842881,-1.4400000000000002,2207587.168321082,21.568549621822843,16.86129559170925,16.86129559170925,13.373916996731536,10.20392325143392,10.20392325143392,9.843817833499054,9.843817833499054,8.778791524579889,8.778791524579889,7.254277920879638,7.254277920879638,20.81750390614292,6.048791753791716,2.188483334830496
CN1CCC(=C2c3ccccc3CC(=O)c3sccc32)CC1,0,2.963339215311797,1.958174478975456,761.2473019729697,-1.71,212281.76802807587,15.104083527755582,12.76334569749818,13.579842278425906,10.737183443017885,7.83719197788388,8.716844789138776,6.202329241776528,7.118445319611816,4.76968327457412,5.725135165390006,3.5580961569565743,4.398988106293765,13.918983667945433,5.488133515608595,2.2505364732662927
O=c1ncccn1C1OC(CO)C(O)C1O,0,2.56995233866477,2.3009479751296285,420.3604138051044,-1.2800000000000002,5574.226622563886,11.706742302257043,8.301123223941445,8.301123223941445,7.647065707741406,4.804879433406096,4.804879433406096,3.538393036345358,3.538393036345358,2.5299027562941188,2.5299027562941188,1.6719394039630595,1.6719394039630595,11.212719279503265,4.300427990478078,1.7365047571038512
COCCCOc1cc(CC(CC(N)C(O)CC(C(=O)NCC(C)(C)C(N)=O)C(C)C)C(C)C)ccc1OC,0,2.8703669491495503,2.867822381624609,889.4486344862585,-2.36,113229431.7073057,29.75034789769755,25.289055477210997,25.289055477210997,18.2264889529647,14.028562495885428,14.028562495885428,11.907301854130504,11.907301854130504,7.496766685195254,7.496766685195254,4.390102547168238,4.390102547168238,34.667292576419214,16.676544552009165,11.729020527127858
COc1cc2c(c(OC)c1OC)-c1c(cc3c(c1OC)OCO3)CC(C)C(C)C2,0,3.187021063388833,2.122149865429993,935.9409074832148,-2.7600000000000002,4911760.374389348,20.706377823327536,17.880211163101325,17.880211163101325,14.03193706295286,9.851426074642777,9.851426074642777,7.719988975966334,7.719988975966334,6.122202592718824,6.122202592718824,4.430903151834764,4.430903151834764,19.551847234360288,7.577472082247414,3.0151310178036996
O=C(C=Cc1ccccc1)OCC1OC(OC2OC=CC3C(O)C4OC4(CO)C23)C(O)C(O)C1O,0,3.568615997826841,1.2242375776280165,967.4768718778066,-2.35,133796606.51333867,24.741911729260273,18.569426397258955,18.569426397258955,16.852209620207738,11.39383920669072,11.39383920669072,9.103094739016973,9.103094739016973,7.046077351583034,7.046077351583034,5.101906822000883,5.101906822000883,24.349085594531065,9.600731734488027,4.385827531703555
CC(CSC(=O)c1ccccc1)C(=O)N1C[C@@H](Sc2ccccc2)CC1C(=O)O,0,3.1628262968958567,1.594650193407483,859.63069000433,-2.25,4170983.504684005,20.80275414050485,16.062542486344014,17.695535648199463,13.952397498181153,9.425699277694566,11.290950648602951,6.99878388618136,9.365356613861318,4.772288573178685,7.1560318732510435,3.264626399537245,5.324151267144886,21.458657844990547,9.982823068707726,5.639393093741658
CCC(C(N)=O)N1CCCC1=O,0,2.376275387923727,2.6471642061485827,203.23454122869492,-1.06,584.5637454292369,9.137828201504695,7.246837839553127,7.246837839553127,5.663902460147013,4.252540475411151,4.252540475411151,3.0171012387502736,3.0171012387502736,2.2013501101063317,2.2013501101063317,1.5737475927688398,1.5737475927688398,9.031407678244971,3.559264205416041,1.571153344803631
CC1(C(=O)O)CCC2(C)CCC3(C)C4=CC(=O)c5c(cc(O)c(O)c5C=O)C4(C)CCC3(C)C2C1,1,2.797022621411007,1.6827704918436965,1214.0141133324942,-2.63,38890622.055726714,25.767220234572108,21.325534202955797,21.325534202955797,16.166939078306317,12.718618910889786,12.718618910889786,12.978883088297973,12.978883088297973,11.370695621634257,11.370695621634257,8.66950394750561,8.66950394750561,24.08158870403618,6.982920284796155,2.796385676648305
O=P(O)(O)C(O)(Cc1cccnc1)P(=O)(O)O,0,2.153047381904976,3.2024805503253835,456.2553939471819,-0.5900000000000002,3100.3882299431652,13.319990956308914,8.410713202872442,10.199567584872275,7.578298261984863,4.303490261457211,7.528214195797347,3.4004501561286475,7.409022200974579,2.097099424188192,5.842562467828986,1.1522223676187904,3.2868836246426096,14.470938452163317,4.587687189215127,2.996590194882371
COCC(c1ccc(C(F)(F)F)cc1)N1CCN(C2(C)CCN(C(=O)c3c(C)ncnc3C)CC2)CC1C,1,2.8717704491326685,1.400614249500357,1096.2124432740015,-2.5600000000000005,195425173.71998492,27.66456146007064,22.884764111274954,22.884764111274954,17.941526017684776,13.187351830821829,13.187351830821829,10.832401800954475,10.832401800954475,8.358028423258004,8.358028423258004,5.928918091150682,5.928918091150682,28.44809835401685,11.276524447405295,5.868096825694964
COc1ccc(CNc2nc(N(CCO)CCO)nc3c2ncn3C(C)C)cc1,1,3.163854081703152,1.9621574453315664,919.8612768919812,-2.91,4271316.909046196,20.80275414050485,17.038378980034064,17.038378980034064,14.06641190556351,9.650302277866203,9.650302277866203,6.925904668093836,6.925904668093836,4.60764803557889,4.60764803557889,3.0300175948259924,3.0300175948259924,20.814784712110708,9.528903315979592,4.745949103724715
O=C1Nc2ccc(Cl)cc2C(C#CC2CC2)(C(F)(F)F)O1,0,3.1894533619900485,2.218109084297208,673.0222975253698,-1.87,81905.16233590445,15.25071237662706,10.551969112096232,11.307898058114688,9.816298692132575,6.211506968949373,6.5894714419586,4.926981826340496,5.36341760681248,3.272306335994556,3.507403438782295,2.0518967467416793,2.223999770694547,14.083531974442574,4.567094032752005,2.422136888883137
O=c1cccc2n1C[C@@H]1CNCC2C1,0,2.204985537323392,2.1469341613539936,409.99371289415467,-1.09,2789.306704714091,9.543605595440512,8.070640356658142,8.070640356658142,6.84333659290053,5.248605810705697,5.248605810705697,4.35639137789528,4.35639137789528,3.384141990910828,3.384141990910828,2.741377411021035,2.741377411021035,8.237481994583195,2.953088807142451,1.1214348531302354
COc1cc(Nc2ncc3c(n2)-c2ccc(Cl)cc2C(c2c(F)cccc2OC)=NC3)ccc1C(=O)O,0,3.0421082346381074,1.5963725262913526,1574.5338937420374,-4.499999999999999,251607344.96582726,26.103719048826065,19.75013767249268,20.506066618511134,17.88858044840886,11.11160733861619,11.489571811625416,8.084505867750485,8.520941648222468,5.884083746909237,6.119180849696975,4.1769469719644565,4.3490499959173246,24.205760930756238,9.86545745307634,4.564058272632674
CC(COc1ccccc1)N(CCCl)Cc1ccccc1,0,2.54023234276253,1.9041693414958267,503.14148024802915,-1.5099999999999998,73239.97890652926,14.916002794556722,12.412706444805126,13.168635390823582,10.292024997884276,7.311234098812687,7.845756582637535,5.1181347759318845,5.496099248941112,3.4579727855637716,3.6270036365094747,2.220720961337672,2.437833829565966,15.870906921468439,8.705162031710836,5.40833237400151
Cc1cc2c(F)c(Oc3ncnn4cc(OCC(C)O)c(C)c34)ccc2[nH]1,1,3.162462774177259,1.7464477060552706,1133.092853287399,-3.13,1792477.5754781219,19.129027554137906,15.154523832261091,15.154523832261091,12.93556074577555,8.53234652724471,8.53234652724471,6.530073179358558,6.530073179358558,4.270745180277341,4.270745180277341,3.0070739668397946,3.0070739668397946,17.292166771076165,6.548690344560497,3.079956666522067
CCC1=C(C)CN(C(=O)NCCc2ccc(S(=O)(=O)NC(=O)NC3CCC(C)CC3)cc2)C1=O,1,3.0809486826840504,1.4606470073677091,1057.3391753589833,-2.88,27869275.879981462,24.880104409694464,20.017659202913272,20.834155783841,16.101392633077907,11.809101535255241,13.292264782849633,9.165370541748736,10.847772783158252,6.51415525595841,7.861047368021515,4.411603994908982,5.3268408574557125,25.737648603234618,11.03027833574833,6.370654601199023
CCNC1CN(CCCOC)S(=O)(=O)c2sc(S(N)(=O)=O)cc21,0,2.904357424182922,2.4442307034681394,756.9042640271008,-0.56,109671.44069457133,17.25071237662706,12.98078463271248,15.430274375495658,10.712891956535108,7.104427651540254,10.907307039190181,5.17291285672407,10.146572142371417,3.525094696176807,8.488453939447107,2.485265184291766,6.792151241187453,18.77401670374728,7.1317997034379825,3.9241053362428095
Nc1ccc2cc3ccc(N)cc3nc2c1,1,2.259899090012346,2.4397721399992816,632.1378427386805,-2.29,6454.27180107526,11.120955864630139,8.643366018206592,8.643366018206592,7.720346690612274,5.0779818773043806,5.0779818773043806,3.8926471920487886,3.8926471920487886,2.6608932488204182,2.6608932488204182,1.8564545760574553,1.8564545760574553,8.973795860765685,3.100246549005887,1.3358058857067674
O=C(Nc1c[nH]nc1-c1nc2cc(CN3CCOCC3)ccc2[nH]1)NC1CC1,1,3.22240942065036,1.3456632523006677,985.2518365698107,-2.9099999999999997,5368998.121760074,18.92407448406449,15.494636181681566,15.494636181681566,13.742316078466889,9.64869415049001,9.64869415049001,7.3456896576495465,7.3456896576495465,5.0827873644076424,5.0827873644076424,3.416584535084261,3.416584535084261,17.20627337830072,7.24981316213585,3.712528701939936
CN1CCCC(n2nc(Cc3ccc(Cl)cc3)c3ccccc3c2=O)CC1,0,2.9017608369522687,1.7878180711241383,996.6056778388242,-2.1699999999999995,2003166.7550515858,18.80275414050485,15.566646659798886,16.32257560581734,13.114193540729628,9.550508830867114,9.928473303876341,7.433245789610674,7.869681570082659,5.4568263998535285,5.708802715193014,3.9146019134047205,4.040590071074463,18.205323124111292,7.829161513005722,3.919067594989891
Cc1ccc(NC(=O)c2ccc(CN3CCN(C)CC3)cc2)cc1Nc1nccc(-c2cccnc2)n1,0,2.927880367656223,1.2352995604028638,1350.5562649808828,-4.139999999999999,321337165.8084787,25.61430892837647,21.185403673361527,21.185403673361527,18.03000977870159,12.456873504443717,12.456873504443717,9.392360222954535,9.392360222954535,6.57299526449469,6.57299526449469,4.2778297250256205,4.2778297250256205,24.549827238551874,11.281649166992505,6.354664605160738
OB1OCc2cc(F)ccc21,0,2.3204859085399065,2.5049692350341144,289.7691046148454,-0.8650649350649352,510.50689987877945,7.8449349826912425,5.7499342169181,5.7499342169181,5.270856947829096,3.3518209181427756,3.3518209181427756,2.506499730995211,2.506499730995211,1.7677769607153475,1.7677769607153475,1.1987264062512202,1.1987264062512202,6.821133071481234,2.3220908222470182,1.0410789820905963
Cc1cc(C)c(CNC(=O)c2cc(-c3ccc(CN4CCOCC4)cc3)cc3c2cnn3C2CCCC2)c(=O)[nH]1,0,3.6286207664632344,1.3220221341882217,1574.8866659425792,-3.7499999999999996,2073231459.8626192,27.6392529547588,23.333605892463567,23.333605892463567,19.457530133630158,14.34353633486546,14.34353633486546,11.19518894540104,11.19518894540104,8.348120976396707,8.348120976396707,6.12486848113515,6.12486848113515,26.471487603305786,11.391113272843098,5.463555898240583
Nc1nc(=O)c2[nH]nnc2[nH]1,0,2.337841088205032,3.0243071363836074,441.02416352868136,-1.9200000000000002,514.325039405107,7.8449349826912425,5.3272393461533625,5.3272393461533625,5.270856947829096,2.8372264708266606,2.8372264708266606,1.9626065709544178,1.9626065709544178,1.230941119535171,1.230941119535171,0.7791232139692477,0.7791232139692477,5.834283194759385,1.781046232647806,0.7407831621720292
CN1CCCC1c1cccnc1,0,2.53042684663605,2.194591657785846,245.27530899395384,-0.89,1072.9009829736851,8.38890505706126,7.4024988805076894,7.4024988805076894,5.877010097711745,4.478978391673248,4.478978391673248,3.4249925387477815,3.4249925387477815,2.5896294359397087,2.5896294359397087,1.9044874511330439,1.9044874511330439,7.743335629015882,3.2329339260923793,1.344570624512911
CC(=O)NS(=O)(=O)c1ccc(N)cc1,0,2.0192017449044513,3.047486126365013,436.159125541551,-1.56,944.9864166152831,10.767584713501616,7.519744507803583,8.336241088731308,6.41552078507628,3.80574810866986,5.2889113562642525,2.730720671885988,4.4131229132955045,1.4684940281958299,2.917448212874901,0.8951240792505072,1.8857997463396712,10.520385852090032,3.6669516894800975,2.461795458009449
C=C[C@@H]1C[N@@]2CC[C@H]1C[C@@H]2[C@H](O)c1ccnc2ccc(OC)cc12,0,2.6616583780599465,1.6870853618182944,760.3873010425311,-1.9099999999999997,512499.65903706464,16.681433796945207,14.058925674792736,14.058925674792736,11.707039898056808,8.682990361275793,8.682990361275793,6.97439365893587,6.97439365893587,5.8194843766095925,5.8194843766095925,4.44430603425086,4.44430603425086,15.60801064990268,6.187607918654215,2.5024063339993896
CC(C)(C)c1ccc(C(=O)CCCN2CCC(OC(c3ccccc3)c3ccccc3)CC2)cc1,0,2.884677656548076,1.2372372975163823,1006.7271730241747,-2.7499999999999987,83447955.24862275,24.675151339621042,21.451061951767535,21.451061951767535,16.897998051206248,13.014346614875944,13.014346614875944,10.73256931483735,10.73256931483735,7.018862944602727,7.018862944602727,4.830338944867121,4.830338944867121,25.346121925456465,11.789307892499163,7.126718034152437
CCOc1cc2ncc(C#N)c(Nc3ccc(OCc4ccccn4)c(Cl)c3)c2cc1NC(=O)C=CCN(C)C,1,2.9354774906570857,1.6436705717042663,1567.7562393853873,-4.649999999999999,786267411.0343012,28.484552416379554,22.4410873002358,23.197016246254258,19.371743696003254,12.58757968060434,12.965544153613568,8.99102092047252,9.398221047213125,5.690173057710676,5.985542622927713,3.8320476178296907,4.06714472061743,28.36038775159828,13.422999387785037,7.256905662790078
COc1nc(C)nc(Cl)c1NC1=NCCN1,0,2.7397563300005077,2.306892058151882,434.1526759276675,-1.56,6331.576878631173,11.543605595440512,9.042067112346059,9.797996058364514,7.702708600407234,4.839169817560415,5.217134290569642,3.2280112192955133,3.5860243067458306,2.0543882793203236,2.3278859412977893,1.3668374003296997,1.617228382456576,10.94135574109372,4.524707061706391,2.1622415830138797
CC(=O)NC(C=O)C(O)C(O)[C@H](O)CO,0,2.218076028850328,4.4213335089866685,221.1774339084234,-1.0200000000000002,1370.7709858295027,12.008071689507773,8.199209090062237,8.199209090062237,6.933958070176676,4.310907599277778,4.310907599277778,3.093496775721774,3.093496775721774,1.8156709191974219,1.8156709191974219,0.9826399477527168,0.9826399477527168,13.98,6.4611966132122465,4.343971392436829
O=C(NCC1CN(c2ccc(N3CCOCC3=O)cc2)C(=O)O1)c1ccc(Cl)s1,0,3.3218172253213845,1.349612045239759,932.180757191145,-2.6199999999999997,5913219.991870201,20.38010440969447,15.298867197052443,16.871292723998625,14.008040390846983,9.009316530198088,10.203777584135043,6.544515523259657,8.259599624598911,4.620242185705022,5.850162309235637,3.1721928413280787,4.13166339184211,19.685862339495472,8.399184390047482,4.364459706287882
CCCN1CCCCC1C(=O)Nc1c(C)cccc1C,0,2.4368361938267085,2.0985414736655117,447.807850229236,-1.35,34417.87440160843,14.535169427003234,12.907503649841612,12.907503649841612,9.6302289553358,7.7428257091142845,7.7428257091142845,5.803608053600754,5.803608053600754,4.156456369844468,4.156456369844468,3.0608952665039775,3.0608952665039775,15.046765275268859,6.889358088486353,3.3965377335507196
CON=C(C(=O)NC1C(=O)N2C(C(=O)OC(C)OC(C)=O)=C(COC(N)=O)CS[C@H]12)c1ccco1,0,3.319778876037903,1.8038593704512902,1083.6634599982663,-4.01,42836209.00410391,25.697941654890247,18.840823832802887,19.657320413730613,16.633136710733776,10.066275965910519,11.115030755891176,7.102951362838865,8.207943868420811,4.672990716521273,6.012624421600937,3.317858296581995,4.645131996696413,25.610017584576735,10.943881871184095,5.737966948949698
COc1cc(OC)c(C=CS(=O)(=O)Cc2ccc(OC)c(NCC(=O)O)c2)c(OC)c1,0,2.74876033384801,2.3058565460287106,1038.0396809817958,-3.4000000000000004,4802029.328025796,23.01829709012867,17.66886536591134,18.48536194683907,14.722207091733802,9.060334463888557,10.77575592053588,6.337468409673697,8.22402986831649,4.257001542732984,5.543458878568548,2.8029225528576607,3.8867405120906557,23.87483006503986,10.575709189740104,6.543174427679502
OCC1OC(c2ccc(F)c(Cc3cc4ccccc4s3)c2)C(O)C(O)C1O,0,3.1059191823851533,1.6271331937335052,939.3392755361789,-1.8699999999999997,3109282.8928596764,19.83613433532446,14.903082497775019,15.719579078702745,13.473565548236335,9.039557432688223,9.856054013615951,7.027648861642294,8.195976807492,5.131810963170434,6.247886584857954,3.5959059094504626,4.68336526476426,19.446588198151474,7.86589629140872,3.5704765062360444
Cc1ccsc1C(=CCCN1CCCC(C(=O)O)C1)c1sccc1C,0,3.2055223615535455,1.7280746485418799,717.0941254992241,-1.4300000000000002,664633.0064445122,17.81119030894213,14.825914364648549,16.458907526504,12.058550648063804,8.802179128724827,10.561484751234616,6.749947022195197,8.582179177865772,4.861974110455924,6.961486641685599,3.437493154889215,5.451186822823376,18.363744624898807,8.299732951035029,4.403395219555609
O=C(O)c1ccc2c(c1)nc(Nc1cccc(Cl)c1)c1ccncc12,1,2.611910563785967,1.95592732342067,1128.0819611094419,-3.1799999999999993,681632.9117417877,17.388540578131753,12.901356241869225,13.65728518788768,12.114193540729628,7.550409233762268,7.928373706771496,5.554097134821062,5.9905329152930475,3.9306603305870498,4.165757433374788,2.779431087873065,2.9697189360122653,15.353685565889066,6.032821244387821,2.855292745607225
Cc1cnc(Nc2ccc(OCCN3CCCC3)cc2)nc1Nc1cccc(S(=O)(=O)NC(C)(C)C)c1,1,3.3469729612557115,1.3938414809387556,1300.4619157422019,-3.21,165392195.10012132,26.468044558434503,21.91342705818125,22.729923639108975,17.57143132758158,12.543493029358201,14.026656276952595,10.280145840213937,11.962548081623451,5.804721765199885,7.56035927371929,4.030981872875462,5.494856690714716,26.841788465214105,11.453003249400933,7.884602953428437
CCC(CC)OC1C=C(C(=O)O)CC(N)C1NC(C)=O,0,2.379884939849065,2.9578148119925975,390.6351420454831,-1.4000000000000001,19067.63813807071,15.284092571446669,12.257380425588947,12.257380425588947,9.383447812959856,7.006455035885791,7.006455035885791,5.130547031912087,5.130547031912087,3.541180705130917,3.541180705130917,2.404285185211743,2.404285185211743,16.653763440860217,7.40029296875,4.314340638216071
Cc1nc(-c2cn3c(n2)-c2ccc(-c4cnn(C(C)(C)C(N)=O)c4)cc2OCC3)n(C(C)C)n1,0,3.5002937634286835,1.5336814001750938,1391.8573408692098,-3.9500000000000006,56852534.369649105,24.19794165489025,19.980007465317534,19.980007465317534,16.145904176820626,11.282236080535078,11.282236080535078,9.320334030703592,9.320334030703592,6.135870230787202,6.135870230787202,4.024361124061395,4.024361124061395,21.8727060921466,7.823849204277741,3.5486973949195164
CCN(C(=O)c1c(O)c2c(Cl)cccc2n(C)c1=O)c1ccccc1,0,2.610810888742396,2.2655451184396824,1012.5932080746604,-2.789999999999999,457821.3542063116,18.137463722575184,13.862010775140385,14.617939721158839,11.968432912787327,7.840513196800967,8.218477669810195,5.606698475564239,6.013898602304846,4.188190736991727,4.503161131166085,2.9091749980768795,3.1682297519802134,17.04669994118993,6.607181634243952,2.7644508977329565
Cc1ncc(C[n+]2csc(CCO)c2C)c(N)n1,0,2.6577767192559736,2.230916753508816,553.005593291334,-1.5299999999999998,14107.478825810707,13.120955864630139,10.550473823592217,11.366970404519943,8.613392202930193,5.767563958531536,6.64721676978643,4.161049814841195,5.100369865741347,2.854594441277382,3.9985373307010748,1.7667778339458633,2.750856101131986,12.914821755112781,5.409528799265306,2.6510031070491573
CCCC(=O)OCOC(=O)C1=C(C)N=C(C)C(C(=O)OC)C1c1cccc(Cl)c1Cl,0,2.6876110138705513,2.461218628359577,908.7577051097481,-2.379999999999999,2895320.343466523,22.42192077295136,17.160703973809365,18.672561865846273,14.221651770411384,9.328232478902963,10.084161424921417,6.6898089503184,7.474973550068233,4.683889142407063,5.517409539397386,3.3339704364847016,3.7593553874116403,23.894641425439787,10.589768441447081,5.205372711243126
Nc1cc(C(Cl)=C(Cl)Cl)c(S(N)(=O)=O)cc1S(N)(=O)=O,1,2.234249598058626,3.9147224598523858,798.5011573953258,-0.5500000000000003,10197.115165539568,15.878315177510851,9.47013450775899,13.370914507669806,8.853077841136916,4.556641860409468,8.783174235280272,3.5506051917877186,7.937652593842749,2.1274440521249183,5.008873947197671,1.3330338659085652,3.2428206422691157,17.50141388174807,5.6799685826292015,3.757463381349204
CC1(C)O[C@@H]2C[C@H]3[C@@H]4CC=C5CC(=O)CC[C@]5(C)[C@@]4(F)[C@@H](O)C[C@]3(C)[C@]2(C(=O)CCl)O1,0,3.0937248503157817,1.6318137340948018,887.1954360999135,-0.8200000000000003,7459632.671229317,22.612519696192855,18.672634517627827,19.42856346364628,14.354791587262637,11.41003615690573,11.944558640730579,11.267593918813358,11.534855160725781,9.54843327613323,9.79117284220744,8.18614748213468,8.384668940152828,21.996100423154733,6.398274941432487,2.4303387985603933
CCCCCCCCCCCCCCCC[n+]1ccccc1,0,2.5596830471364136,1.7306980473419378,319.9388418843403,-0.8500000000000001,101967.53386572617,15.719485892920583,14.940566659246306,14.940566659246306,10.931851652578137,9.873065660031044,9.873065660031044,6.709513111822233,6.709513111822233,4.547172082578516,4.547172082578516,3.0723105827730084,3.0723105827730084,19.197281323877068,15.061393179073523,11.771181234226963
C#CC1(O)CCC2C3CC=C4CC(=O)CCC4C3CCC21CC,0,2.8809595799769823,1.6774088498752657,597.4530522903293,-1.07,264546.99439096637,16.242276208189782,14.183524531780508,14.183524531780508,11.043772185574866,9.45210005842667,9.45210005842667,8.401218239660803,8.401218239660803,7.991593981007155,7.991593981007155,6.884105316468042,6.884105316468042,15.457260686118481,5.214170225517998,1.9555471707233982
COc1cc(F)c(C(C)C)cc1-c1ccc(C(F)(F)F)cc1CN1C(=O)OC(c2cc(C(F)(F)F)cc(C(F)(F)F)c2)C1C,0,3.19067862334421,1.8143734385768089,1528.0781510717804,-3.969999999999999,1723022567.8801436,32.93842863089641,23.509562939256263,23.509562939256263,20.216601049732514,13.065251823461118,13.065251823461118,10.610468938721693,10.610468938721693,7.334825682661469,7.334825682661469,5.043520823017892,5.043520823017892,32.933660218141156,11.510202105912915,6.579016911447753
O=c1ccn(C2OC(CO)C(O)C2O)c(=O)[nH]1,0,2.5654067136030916,2.3515193982482376,508.6978096265309,-1.48,7816.79425634862,12.576985790260121,8.684807649715726,8.684807649715726,8.040912557858759,4.982539692402366,4.982539692402366,3.7462681185931404,3.7462681185931404,2.6424671703560385,2.6424671703560385,1.7375215972884068,1.7375215972884068,11.98960467611348,4.414475063137193,2.025663273733915
Clc1ccc(CSC(Cn2ccnc2)c2ccc(Cl)cc2Cl)cc1,0,3.062673500491499,1.7958913326646333,788.5333762573993,-1.1299999999999997,409013.9206436387,16.94094682093905,12.701635423950442,15.785918842933535,11.614193540729628,7.383558655253439,9.56620686426178,5.351424651565909,7.822540400907484,3.6096520959373617,5.72942636866645,2.3671095009294794,4.346711095255944,17.685288959768116,8.303540110509548,4.700155880145588
COCC1(CO)C(=O)C2CCN1CC2,0,2.2428421290096874,2.260386536863545,235.52160994650563,-0.45,2045.4720216568348,10.181798275874712,8.530914728236555,8.530914728236555,6.74234737712768,5.135616162800187,5.135616162800187,4.248283764011947,4.248283764011947,3.574419314901241,3.574419314901241,2.730266207814335,2.730266207814335,10.080933739563774,3.605065379708335,1.2133467122541008
CNCC(O)c1ccc(O)c(O)c1,0,2.0993716925496053,2.8351682624881787,288.1883450849283,-1.2600000000000002,795.6618714763005,9.844934982691242,7.358148644444926,7.358148644444926,6.147065707741406,3.993923172611655,3.993923172611655,2.8216270344884666,2.8216270344884666,1.781717076266536,1.781717076266536,1.0589310066052204,1.0589310066052204,9.82517887563884,4.112564658547651,2.3360814106192827
Oc1cc(Cl)ccc1Oc1ccc(Cl)cc1Cl,0,2.251279230597277,2.3122378354877973,505.9421592432012,-1.0899999999999994,6760.591529483623,12.41384908344359,8.453456920129257,10.721243758184622,8.0585506480638,4.674869541152853,5.808762960180536,3.28885256961871,4.568924257303285,2.0348262969219864,2.8003900677145026,1.2532758781535325,1.8666891995174282,12.369104292002639,5.046296347606327,2.9732672324480336
NCC1CCC(C(=O)O)CC1,0,2.0456060352867365,2.297820229194632,139.02748440752183,-0.5700000000000001,335.4793897870248,8.267584713501616,6.623046599465436,6.623046599465436,5.236382105218448,4.165895820359902,4.165895820359902,3.2915892956067476,3.2915892956067476,2.529327525154791,2.529327525154791,1.6451014179148813,1.6451014179148813,8.525877277085332,3.715479048307071,2.1865402089758734
CC1=C[C@H](O)CC(C)(C)[C@H]1/C=C/C(C)=C/C=C/C(C)=C/C=C/C=C(C)/C=C/C=C(C)/C=C/C1=C(C)C[C@@H](O)CC1(C)C,0,2.8392309987048128,1.8950980943761921,1274.3714459161579,-2.9399999999999986,462381263.59470403,31.501424753254106,27.908052379972826,27.908052379972826,19.601898517981653,15.432571104470156,15.432571104470156,13.72668617449553,13.72668617449553,8.329930018587245,8.329930018587245,6.143769431498045,6.143769431498045,35.2572079324847,16.055213283586475,11.743106270668628
COC(=O)C1=C(C)N=C(C)C(C(=O)OCCN(C)Cc2ccccc2)C1c1cccc([N+](=O)[O-])c1,0,2.832732546929254,1.8279932937366632,1158.6869120222173,-3.849999999999999,46735509.32853685,25.534804948073717,20.263303833928585,20.263303833928585,16.722453108210818,11.20269596831482,11.20269596831482,8.44216874068504,8.44216874068504,5.94030752179892,5.94030752179892,4.27540637371023,4.27540637371023,25.76710448189022,11.523941381997622,6.1853153848195115
Cc1c(CN2CCN(C(=O)C(C)O)CC2)sc2c(N3CCOCC3)nc(-c3cnc(N)nc3)nc12,0,3.190961137947956,1.4543397448496866,1201.6919395060547,-2.93,118131525.65271802,24.52636877963644,19.975815742828683,20.792312323756413,16.90188724096433,11.80237231640675,12.618868897334474,8.905555977752856,10.010727693275394,6.49559718557278,7.757329984808113,4.43520663088433,5.739939193159577,23.7951902682221,9.974931780712492,4.917598890243415
CC(C)=CCCC(C)=CCCC(C)=CCSc1ccccc1C(=O)O,0,2.544486490568781,2.394099370599529,649.7459952674814,-1.7399999999999998,237092.70670470846,18.656489770562878,15.840695966687806,16.65719254761553,11.896754605515328,8.795757548360855,9.781356108014345,6.572094530786667,7.63392940434226,3.9108352272106917,4.911168760809774,2.381772655126069,3.414828340370319,21.302992261392948,11.751763336135033,9.350311829581138
CC(=O)OC1(C(C)=O)CCC2C3=C(C4=C(CC3)CC(=O)CC4)C(c3ccc(N(C)C)cc3)CC21C,0,3.1030223524681757,1.689693935857544,1157.3015119711267,-2.6899999999999995,69842330.6257773,25.120591385700624,21.70116262198555,21.70116262198555,16.57002343466038,13.00964616400864,13.00964616400864,11.464714513326202,11.464714513326202,9.430851295029349,9.430851295029349,7.826222474356996,7.826222474356996,24.024291868856885,8.459970672542727,3.610708856899537
Cn1cc(-c2cnn3c(N)c(Br)c([C@@H]4CCCNC4)nc23)cn1,0,3.173413597566068,1.8923541576709952,860.2080480849402,-1.93,360410.9291027734,15.97432701575866,12.82921092120334,14.415207460318044,11.147867045540842,7.672198727334311,8.465196996891663,5.9358770713131905,6.728875340870543,4.347591218420845,5.160068590170677,3.1328864702081995,3.71324628872852,14.648970351845616,5.60991749247086,2.417066071883482
c1ccc(C2CN3CCSC3=N2)cc1,0,2.778117793342941,1.8656342600982672,360.8100978010117,-0.96,4244.963988228014,9.38046888862398,7.888097440161177,8.704594021088903,6.932652990377571,4.938274324689176,5.923872884342663,3.6326322690533526,4.694704065782139,2.7068324024528856,3.7153377683531392,1.9603749702858355,3.0047954910015604,8.356701561792665,3.314920846043748,1.3196029415112809
Cc1onc(-c2ccccc2Cl)c1C(=O)NC1C(=O)N2C1SC(C)(C)C2C(=O)O,0,3.148303864901545,1.5979754118001421,1036.6019885542453,-2.52,2912873.7018842073,21.085057479767897,15.8022985961558,17.374724123101977,13.630734840239553,8.880481722541315,10.138099006805437,7.491492011293958,9.66957727740712,5.180293646419484,7.081412462307007,3.8354617747405273,5.686095011792634,19.78162067422846,6.773308085557597,2.9954915958817363
Nc1nc(F)nc2c1ncn2C1OC(COP(=O)(O)O)C(O)C1O,1,2.9950236056040906,1.8875645524842577,812.2360674845535,-1.7300000000000002,229769.22595112902,17.64589989101247,11.798840100224744,12.69326729122466,11.170522414859882,6.543768923854925,8.074065667195145,5.034556949286266,6.273909740475576,3.4394433723313202,3.924863933846102,2.3642006299389595,2.7053163837447176,17.104707195472443,5.9670278225437245,3.1006450553152125
COC(=O)CCc1ccc(OCC(O)CNC(C)C)cc1,0,2.48954450775405,2.3174642298261956,416.79008229776605,-1.5899999999999999,39404.5104687311,15.664925939000156,12.964487206775495,12.964487206775495,10.007239053047545,7.209394381229163,7.209394381229163,5.247859733091569,5.247859733091569,2.972932860791678,2.972932860791678,1.7238913329296777,1.7238913329296777,17.461519835136524,9.365172299785801,7.678238898592016
CN(C)CCOc1ccc(C(=C(CCCl)c2ccccc2)c2ccccc2)cc1,1,2.7546622285753446,2.0213468643223833,902.4579562850507,-2.549999999999999,4344521.0431220615,20.47648072687178,17.144757252374003,17.90068619839246,14.185871848001627,9.967003279441034,10.501525763265885,7.200701467470044,7.5786659404792704,4.781203635946346,4.97018587245096,3.331347957287711,3.5203301937923244,21.165898455959802,10.847804995000011,5.961916895376913
CC1=C2CC(=O)C=CC2(C)C2C(O)CC3(C)C(CCC3(O)C(=O)CO)C2C1,0,2.8734572320100003,1.8004379341253887,766.6648264739566,-1.3,1040099.5673561958,19.77565640300939,16.364879669684644,16.364879669684644,12.581188225148365,10.04038083064166,10.04038083064166,9.687431816542977,9.687431816542977,8.577228873017763,8.577228873017763,7.271316820260622,7.271316820260622,19.035453872209203,5.849728674489499,2.2809064011512357
COC(=O)C1C(O)CCC2CN3CCc4c([nH]c5ccccc45)C3CC21,0,3.04933738748874,1.5224844729137557,844.8938109892276,-1.8499999999999996,1806939.7570294277,17.83613433532446,15.149716881753564,15.149716881753564,12.669035095596023,9.764845273747566,9.764845273747566,8.17682383836293,8.17682383836293,7.021976395412429,7.021976395412429,5.8036630750903955,5.8036630750903955,16.33286330839924,6.1000986211832116,2.3343481805079356
FC(F)(F)Oc1ccc(-c2ccc3nnc(C(F)(F)F)n3c2)cc1,0,2.8897132396661886,1.973547878418453,866.832543545475,-2.779999999999999,216335.49197436954,17.535169427003233,11.559127799346482,11.559127799346482,11.132959720290582,6.415493732402314,6.415493732402314,4.739521831465466,4.739521831465466,3.0771067487121546,3.0771067487121546,2.1038906902912182,2.1038906902912182,16.091008019015952,5.391817454980353,3.262966778704645
CCC(C)SSc1ncc[nH]1,0,2.5175949977372087,2.2307954820968985,186.330460484538,-0.09000000000000008,480.86064456780684,8.104448006685086,6.70286776518311,8.335860927038562,5.325698502695489,3.6530125685594372,5.865998713147665,2.2927513279343024,4.920654538711822,1.3393625419388284,4.2264635834732385,0.4921089857415773,2.551570555607347,9.001659028414297,4.720375830767855,3.20458917628526
COc1cccc(-c2cc(F)ccc2C2Cc3nc(N)nc(C)c3C(=O)N2)n1,1,2.6662115149495977,1.8078041623354473,1086.1863536499802,-3.5500000000000007,2391853.0176382544,19.83613433532446,15.362010775140384,15.362010775140384,13.456728795830726,8.70699749634267,8.70699749634267,6.515843016419355,6.515843016419355,4.711395483797629,4.711395483797629,3.493987213114146,3.493987213114146,17.843492390536195,6.879018350185741,3.129614695035073
CN(C)CC=CC(=O)Nc1cc2c(Nc3ccc(F)c(Cl)c3)ncnc2cc1OC1CCOC1,1,3.2985868749281733,1.6802607790026551,1214.67784504622,-3.2699999999999996,52867959.29867568,24.078775022443732,18.846894151362736,19.602823097381194,16.385050488558726,10.763019374480841,11.14098384749007,8.098992989897502,8.506193116638109,5.098208904847835,5.387855366512398,3.419665972850485,3.6002086030792255,23.873698027859223,10.771676263256955,5.990027316260755
COc1cc(C(C)=O)ccc1O,0,2.045916443788426,3.1343002499495434,304.64199945095794,-1.51,482.83628073406857,9.137828201504695,6.995760983996563,6.995760983996563,5.647065707741407,3.528137250390291,3.528137250390291,2.442814246129155,2.442814246129155,1.5862487447786104,1.5862487447786104,0.8966157179852196,0.8966157179852196,8.585328884652048,3.2579530539373915,1.5570110928371719
Oc1ccc(C=Cc2cc(O)cc(O)c2)cc1,0,2.2694300221617674,2.2225089719112674,521.6438223871525,-2.42,7380.186432070068,12.25071237662706,9.037793209206509,9.037793209206509,8.131030293135234,5.134922008387694,5.134922008387694,3.7076093711337035,3.7076093711337035,2.286187203563191,2.286187203563191,1.4921450140336467,1.4921450140336467,11.077000037901195,4.6148561852743555,3.0140685932121816
Cc1cc(C(N)=O)ccc1-n1c(CCC(=O)O)ccc1-c1ccc(-n2ccnc2)cc1,0,3.4235915500512517,1.7989459672904613,1238.5823788859386,-4.129999999999999,14928872.230054887,21.957454678884094,17.025118024765792,17.025118024765792,14.935560745775547,9.85827776659856,9.85827776659856,7.321404304210117,7.321404304210117,5.244541818423941,5.244541818423941,3.694652408562234,3.694652408562234,20.155337679660633,8.314051884858433,4.112280690061471
O=C(Nc1cc(C(F)(F)F)cc(C(F)(F)F)c1)c1cc(Cl)ccc1O,1,2.4719357869105956,2.445635244935243,784.3944848576831,-2.42,169080.40782468475,18.991199352633213,11.965314812166167,12.721243758184622,11.375047228991528,6.470691277795669,6.848655750804896,4.91015139216805,5.346587172640035,3.04876066292368,3.2838577657114185,1.9156471474913646,2.0877501714442315,18.912076535871957,6.4718527825400525,4.563157942576964
CC(C)c1cc(-c2n[nH]c(=O)n2-c2ccc3c(ccn3C)c2)c(O)cc1O,1,3.17309885980889,1.9435801336193537,1213.9132290344921,-3.479999999999999,1707958.5384784527,19.29216426095444,15.263118421480662,15.263118421480662,12.863081100704115,8.656509563472932,8.656509563472932,6.940411454345122,6.940411454345122,4.807250519229729,4.807250519229729,3.360780294093495,3.360780294093495,16.96004695508555,6.049761175522811,2.6766849310613936
Cc1cn[nH]c1,0,1.8638263900908159,3.049648321313926,109.10850553448523,-0.79,33.548875021634686,4.405777393935816,3.6019141338792093,3.6019141338792093,2.893846850117352,1.8478310912815787,1.8478310912815787,1.2756528377744405,1.2756528377744405,0.634940988877887,0.634940988877887,0.31543844299856305,0.31543844299856305,3.401938579654511,1.1248871618940932,0.4065428987063098
CC(C)CC(NC(=O)C(CCc1ccccc1)NC(=O)CN1CCOCC1)C(=O)NC(Cc1ccccc1)C(=O)NC(CC(C)C)C(=O)C1(C)CO1,1,3.8727839032263467,1.5098221152722768,1475.6552130047153,-4.13,248622842994.75226,37.674786860691526,31.32073052883304,31.32073052883304,24.823226642954037,18.593326236945735,18.593326236945735,15.04901704913282,15.04901704913282,9.381515216787964,9.381515216787964,6.3277489170107,6.3277489170107,40.63776918264617,19.634849114999568,13.128877410376184
Cc1cc(C=CC#N)cc(C)c1Nc1ccnc(Nc2ccc(C#N)cc2)n1,0,2.6988425427183893,1.799889479588001,1078.1013900921569,-4.159999999999999,2196555.5594079844,19.932510652501765,15.562357073896093,15.562357073896093,13.584049995768549,8.634992692373332,8.634992692373332,6.196774902361961,6.196774902361961,4.084129267476338,4.084129267476338,2.7977036993277933,2.7977036993277933,18.625735509781553,8.481357421874998,4.513971839222243
CCCNCC(O)COc1ccccc1C(=O)CCc1ccccc1,0,2.655201967576752,1.8899771393046099,642.5992384237759,-2.1699999999999995,475089.9776545731,17.90756662611944,14.779853555443232,14.779853555443232,12.202708600407234,8.880973111005792,8.880973111005792,6.073886197823454,6.073886197823454,3.9089912945053737,3.9089912945053737,2.550429478771192,2.550429478771192,19.15866740897415,10.644512318042269,6.6866031377900255
C[C@]12CCC(=O)C=C1C=CC1[C@@H]2CC[C@@]2(C)[C@H]1CC[C@@]21CCC(=O)O1,1,3.0961416685556076,1.534690869394722,718.783976814856,-1.3800000000000001,800888.2538302847,17.44938298937633,15.345700736021728,15.345700736021728,11.879394175971493,10.031022511722496,10.031022511722496,9.596090655026288,9.596090655026288,8.847540479771205,8.847540479771205,7.293387268160367,7.293387268160367,15.842282229974291,4.864737843193443,1.875000073692479
CN1C2CCCC1CC(NC(=O)c1nn(C)c3ccccc13)C2,1,2.8611170093589404,1.5354917180568541,723.6968546501204,-1.8799999999999994,287645.25965291046,15.97432701575866,13.826874867223859,13.826874867223859,11.131030293135234,8.577677857793745,8.577677857793745,7.035171962619931,7.035171962619931,5.6479198644325415,5.6479198644325415,4.368963954590542,4.368963954590542,14.695868584110958,5.637781873881697,2.5279161982851734
CC1(C)CC(=O)c2c(C(F)(F)F)nn(-c3ccc(C(N)=O)c(NC4CCC(O)CC4)c3)c2C1,1,3.082051092148928,1.8060963370375012,1099.101722196936,-2.88,15995241.086238874,24.1290275541379,18.498773088712323,18.498773088712323,15.353992392367282,10.966805148105559,10.966805148105559,9.764729064369607,9.764729064369607,6.383021182974017,6.383021182974017,4.798357954053047,4.798357954053047,23.283971154519364,8.160295217012631,4.6155287705127455
COc1ccc(-c2coc3cc(O)ccc3c2=O)cc1,0,2.4754825757515855,2.183645225925827,815.9947509008107,-2.7499999999999996,49163.08395442649,14.11251969619286,10.790760620408555,10.790760620408555,9.685871848001627,6.07800599565847,6.07800599565847,4.387465442195032,4.387465442195032,3.159213949912787,3.159213949912787,2.0868388506011515,2.0868388506011515,12.292334289087536,4.735394314355078,2.0101119720881173
NC(=O)c1cn(Cc2c(F)cccc2F)nn1,0,2.721230096286935,2.2822461406411994,546.9335828894835,-2.31,8988.223008035748,12.41384908344359,8.599676150116869,8.599676150116869,8.075387400469408,4.70504266739433,4.70504266739433,3.3658248990412893,3.3658248990412893,2.1729007739905106,2.1729007739905106,1.3339710587948148,1.3339710587948148,11.183630372729114,4.282108828421316,2.272853135784854
CN1C(=O)CCS(=O)(=O)C1c1ccc(Cl)cc1,0,2.267914857089292,2.460046269675074,538.3399004379567,-1.07,5932.865266145588,12.629392033067417,9.259136138685863,10.831561665632044,7.915520785076279,5.143432123291311,7.2368180529478625,4.025539273341649,6.642464912422979,2.8409204173477085,5.134770312702025,1.947592498431487,3.9271608520073227,12.388578441719476,4.308806656920966,2.3018307955044373
CCCc1nn(C)c2c(=O)[nH]c(-c3cc(S(=O)(=O)N4CCN(C)CC4)ccc3OCC)nc12,0,3.100516930069805,1.8517024716417807,1322.639953437774,-2.7599999999999993,25919155.741017863,23.750347897697544,19.459107705693818,20.27560428662154,15.75558728655341,11.176521360205134,12.616584689005773,8.230388694686837,10.168323674628502,5.855397240837824,7.750034107434231,4.0930963393690565,5.5420459929218735,23.399926494545742,9.238628240496574,4.397669312114405
CC(Oc1ccc(S(C)(=O)=O)cc1C(=O)N1CCN(c2ncc(C(F)(F)F)cc2F)CC1)C(F)(F)F,0,2.766905032973689,1.8227814303698677,1241.0472890959197,-3.0999999999999988,33975723.37711461,27.05167728494828,18.821162289767727,19.637658870695454,16.480218944514064,10.326547001766716,12.217958539824975,8.038254103108725,10.053989677851566,5.389795698025148,6.50003429196164,3.3770019875022523,4.024164549105746,27.486940993916306,9.747293115421416,6.172322655459254
CC1(C)SC2C(NC(=O)C(C(=O)O)c3ccsc3)C(=O)N2C1C(=O)O,1,3.0875213479922636,1.7671216934608431,747.2125440256156,-2.07,330222.7582531646,18.516143379015546,13.332582413610435,14.965575575465888,11.64757159264516,7.429688558110449,9.252150410947408,6.412338850406036,8.963257304125927,4.358347382116034,6.631343871179007,3.2273564845022293,5.538807778522389,17.743396644177704,6.025297123083352,2.7846049474565744
COc1cc2c(Nc3ccc(Br)cc3F)ncnc2cc1OCC1CCN(C)CC1,0,2.745192105338734,1.584797088896538,1041.0664233482823,-2.4499999999999997,7246165.158178437,21.087211190881018,16.991052103706174,18.577048642820877,14.52920844090216,9.893895972543108,10.68689424210046,7.549316162042534,8.464991690834223,5.417615029122943,5.910866667839983,3.5907391860551834,3.9238882100855017,20.807898698439143,9.138396883374352,4.649467769121553
C[n+]1cc2c3c(ccc2c2ccc4cc5c(cc4c21)OCO5)OCO3,1,3.2751480801513657,1.7932999160675818,1215.3925419163916,-3.21,1824221.4540154291,16.54324111651101,13.535872204055888,13.535872204055888,12.29282633568371,8.16495928032406,8.16495928032406,6.388924501046957,6.388924501046957,5.027817521743817,5.027817521743817,3.9102981789430924,3.9102981789430924,13.122626914072248,4.446942405999047,1.6454517905910593
CN(Cc1cnc2nc(N)nc(N)c2n1)c1ccc(C(=O)NC(CCC(=O)O)C(=O)O)cc1,0,2.7616596075412105,1.674622124193935,1201.0294275064248,-4.55,15580631.75408013,24.120591385700628,17.595362536967947,17.595362536967947,15.633938048533212,9.750178614129936,9.750178614129936,7.200234726002427,7.200234726002427,4.7208769971295785,4.7208769971295785,3.0272990123675156,3.0272990123675156,23.12024193744085,9.71963980458573,5.782489078211631
CC(=O)Nc1cc([As](=O)(O)O)ccc1O,0,2.0551643976208296,3.1667995223105794,438.6582112286902,-1.2315584415584417,1370.7946532130934,11.637828201504695,7.837401770496437,9.713978182720929,6.803549018280202,3.971945798279531,7.354804085689887,2.9266673487363195,6.292938389821298,1.627186254926924,3.622182658976222,0.9949808396483781,2.1824943270275416,11.841071419690227,4.099850168934559,3.1245604224456303
CC(C)=CCCC(C)(OC1OC(CO)C(O)C(O)C1O)C1CCC2(C)C1C(O)CC1C3(C)CCC(OC4OC(CO)C(O)C(O)C4OC4OC(CO)C(O)C(O)C4O)C(C)(C)C3CCC12C,0,3.6519478364019795,1.1283768970422012,1678.759789484371,-0.9800000000000003,109523191689557.0,48.63673476471614,40.003040185193,40.003040185193,30.842298675719494,24.38383823533059,24.38383823533059,22.89597001489788,22.89597001489788,18.801116703793056,18.801116703793056,14.878287632077818,14.878287632077818,52.83442299403447,19.557367389178083,8.794701497756359
CCOc1ccc(Cc2cc(C3OC(CO)C(O)C(O)C3O)ccc2Cl)cc1,1,2.6989188570966482,1.8229182228378968,778.9653170535856,-1.67,1930018.4660606699,20.25878406613483,15.532839009771942,16.288767955790398,13.439090705625684,9.24788186990432,9.62584634291355,6.85407354758773,7.261273674328337,4.9195075602793406,5.288235284023291,3.3743332820695175,3.5586971439414934,21.048836256020984,9.218557388158157,4.48633992444276
OCC1OC(OC2(CCl)OC(CCl)C(O)C2O)C(O)C(O)C1Cl,1,2.8005781288655607,2.1772696581273263,402.5020875823405,0.55,120494.87399444074,17.361442840636293,11.834828764995713,14.102615603051078,10.806896738665586,6.911546137228063,8.417026885349745,5.46046318243268,6.54028375494826,3.95893989008937,5.174832337936289,2.5564033514483575,3.3741554361453767,19.86922880691552,7.839102310984525,3.5835449748391532
Cc1nc(C(=O)NCC(=O)O)c(O)c2ccc(Oc3ccccc3)cc12,0,2.6321338370917,1.9595729776338842,986.136080996692,-3.609999999999999,729701.1993892578,18.681433796945203,13.89229459259502,13.89229459259502,12.452397498181153,7.816748027349734,7.816748027349734,5.5933479691321315,5.5933479691321315,3.7339097955943554,3.7339097955943554,2.523670368653012,2.523670368653012,17.220750004917022,7.100421180977701,3.562247570098978
CC(=O)N1CCN(CCOc2ccc(C3CCN(C4=Nn5c(nnc5C(F)(F)F)CC4)CC3)cc2)CC1,0,3.336573632562785,1.088824001191702,1116.2953682058712,-3.1499999999999995,286897926.36222804,25.99298858481683,20.95291788864181,20.95291788864181,17.77500814891799,12.826357782695238,12.826357782695238,9.792150939140628,9.792150939140628,7.451807502569286,7.451807502569286,5.246314448062056,5.246314448062056,25.49750309310373,10.683360717294132,5.890967115418951
Cc1cnc(C(=O)O)c[n+]1[O-],0,1.9415183650407188,3.1515496683060507,297.8789117242989,-1.65,271.8125711057006,8.430721420318147,5.812837905806853,5.812837905806853,5.109060905280622,2.9012667730008723,2.9012667730008723,2.044868480423628,2.044868480423628,1.1967542140831404,1.1967542140831404,0.5765188806482683,0.5765188806482683,7.456951871657753,2.531037747759121,1.4289504397924644
N#Cc1cnc(Nc2cc(NC[C@H]3CNCCO3)c(C(F)(F)F)cn2)cn1,1,2.6688187436387847,1.77301143024481,814.2441058987557,-2.9699999999999998,1226162.0835774033,19.277810114122516,14.046174562185698,14.046174562185698,12.95283960607264,8.080880390427183,8.080880390427183,5.7143924723713155,5.7143924723713155,3.7564758535791007,3.7564758535791007,2.4520410282889866,2.4520410282889866,18.81019555142571,8.15108661704325,5.0230625863015606
N#CC1CC2CC2N1C(=O)C(N)C12CC3CC(CC(O)(C3)C1)C2,0,3.135432970357458,1.429914447688683,597.8781806405583,-1.12,338391.6033258287,15.982763184195939,13.448195210783501,13.448195210783501,10.929200659489414,9.127837636625571,9.127837636625571,9.214648127498142,9.214648127498142,7.5091107438912745,7.5091107438912745,6.959713592540346,6.959713592540346,14.242287958452874,4.285781409313042,1.8823891381621114
CNCc1ccc(-c2[nH]c3cc(F)cc4c3c2CCNC4=O)cc1,1,2.840825412794096,1.9122344431223892,927.930050686058,-2.6599999999999997,451418.52139463305,16.681433796945207,13.371634722170489,13.371634722170489,11.669035095596021,8.03338768753481,8.03338768753481,6.087617702757528,6.087617702757528,4.495042319880834,4.495042319880834,3.430803552778009,3.430803552778009,14.902363909258659,5.760949153548595,2.3745848672643772
COc1cnc(NS(=O)(=O)c2ccc(N)cc2)nc1,1,2.39503121557312,2.22609992235484,653.3445828576388,-2.3499999999999996,18853.6857289916,13.880468888623982,10.06887223718275,10.885368818110477,9.009168480202892,5.25495804331763,6.738121290912022,3.621032103576506,5.303434344986026,2.279904039650258,3.6239749315991214,1.3003903570629298,2.258396783215279,13.090417626335174,5.105224589522321,3.103978375012307
CN1CCN(S(=O)(=O)c2ccc(-c3cnc(N)c(C(=O)Nc4cccnc4)n3)cc2)CC1,1,2.802194748195348,1.552858889343921,1209.9005018136315,-3.4099999999999997,17565860.416095342,22.71696770287793,17.470990955997692,18.28748753692542,15.341373724180313,9.974431941782818,11.414495270583458,7.416653396326786,9.354588376268449,5.185379644536245,7.098248144422849,3.306788936661546,4.728968342282307,21.80812383076496,8.986756081799548,4.590272847476599
O=C(O)c1cc(=O)[nH]c(=O)[nH]1,1,1.8460467916839207,3.420649106648635,359.7091580824157,-1.85,243.67817650227752,8.430721420318147,5.249308736081173,5.249308736081173,5.092224152875015,2.663329502635399,2.663329502635399,1.806540181643764,1.806540181643764,0.9907706155474908,0.9907706155474908,0.5839258624257574,0.5839258624257574,7.259289617486338,2.409451488383525,1.5395541210403427
C[N+]1(C)C2CCC1CC(OC(=O)C(O)c1ccccc1)C2,0,2.6699324775971016,1.6180182458726402,498.02632250409135,-1.3899999999999997,68499.78764523123,15.035169427003234,12.735503319380468,12.735503319380468,9.981200378874172,7.750498025596542,7.750498025596542,6.857597406921377,6.857597406921377,5.40667093494667,5.40667093494667,3.926942020414378,3.926942020414378,14.54322777837141,5.427045809427971,2.6996873073075167
COc1ccc(Cc2cnc(N)nc2N)cc1OC,0,2.4145218311965237,2.277678879838442,586.8510544693684,-2.5,20904.930014499503,13.828062645816686,10.882132168251946,10.882132168251946,9.134560252985374,5.71493021107226,5.71493021107226,4.004792380985294,4.004792380985294,2.75918645765308,2.75918645765308,1.7809800122286936,1.7809800122286936,12.944081632653061,5.429196168263224,2.8469387755102042
N=C1CCCN1Cc1[nH]c(=O)[nH]c(=O)c1Cl,0,2.601192072430575,2.307067264491833,533.0459024185316,-1.56,5139.955535122816,11.706742302257043,8.470101774183101,9.226030720201557,7.575387400469406,4.910399637938679,5.2883641109479065,3.6725865298602844,4.050551002869512,2.528089269958974,2.9278538024008456,1.7229183001691106,1.8771708488881371,10.94135574109372,4.130421039587442,2.012858496481847
CCCCOc1cc(C(=O)OCCN(CC)CC)ccc1N,0,2.530306635406915,2.556549888287164,459.2173141767613,-1.7499999999999998,71223.07117343384,16.372032720186702,13.931107011955886,13.931107011955886,10.61692216278033,8.036435352802975,8.036435352802975,5.117422290515636,5.117422290515636,3.5398202315059457,3.5398202315059457,2.003410469783949,2.003410469783949,18.299382716049383,10.056195471032252,5.934584386312411
OC[C@H]1O[C@H](n2cnc3c(NC4CCCC4)ncnc32)[C@H](O)[C@@H]1O,1,3.297400149783503,1.6537420177485425,716.9523651171965,-1.81,627815.0963183297,16.681433796945207,13.11572924922369,13.11572924922369,11.68587184800163,8.252871712024316,8.252871712024316,6.400903797185663,6.400903797185663,4.846094781028544,4.846094781028544,3.5171098082839602,3.5171098082839602,15.702285904615989,6.245270273699711,2.531908264582448
Oc1ccc(OC2CCCCO2)cc1,0,2.2313130946307376,1.92306659037975,275.0890475295752,-1.2200000000000002,2284.8646089018753,9.803118619434356,7.978888647122005,7.978888647122005,6.843336592900531,4.917426093877537,4.917426093877537,3.407883386218664,3.407883386218664,2.242157042432461,2.242157042432461,1.4806112873706634,1.4806112873706634,9.33948651945037,4.3303131006262,2.387840884985099
CC12CCC3c4ccc(O)cc4CC(CCCCCCCCC[S+]([O-])CCCC(F)(F)C(F)(F)F)C3C1CCC2O,0,3.2015054305088424,1.1482195558305015,988.5703683111383,-1.0600000000000003,781031347.5040076,29.838288046437583,24.240363570662097,25.056860151589824,19.33215401017807,15.626694705472667,17.11472857718525,13.192683446783283,14.888832838965902,10.559530831654973,12.047564703367557,8.283545498228262,9.480081906848909,32.845499794017236,13.710248812985352,7.724345079597983
CCCc1cc2c(N3CCN(C4=NCC(C)(C)S4)CC3)ncnc2s1,0,3.1727611369085595,1.483281615241433,789.8603750910924,-1.34,808521.066040682,17.44094682093905,15.157012565112604,16.790005726968054,12.05477467173665,9.023631010818855,10.656624172674306,7.313468904928054,10.103113008641882,4.668213816971306,7.02260723667297,3.3583397260239005,5.513786014193615,17.092841331112975,6.758827934569408,3.4878582812527728
COCCOc1ccc(N2CCN(CCn3ncc4c3nc(N)n3nc(-c5ccco5)nc43)CC2)cc1,0,3.683233675802501,1.082660056521554,1469.1799033817567,-4.16,643431457.2932905,25.191659197566096,20.655460307590268,20.655460307590268,18.19100448345063,12.30163505160789,12.30163505160789,8.88696865838288,8.88696865838288,6.597057876443498,6.597057876443498,4.5922523484188185,4.5922523484188185,23.251287763320807,10.06947679902705,4.679129254517397
CC(C)(O)CC(=O)NCCn1ccc2ncnc(Nc3ccc(Oc4cccc(C(F)(F)F)c4)c(Cl)c3)c21,0,3.2337834781312074,1.477488663131554,1450.3307789272042,-3.8299999999999987,198813292.8084527,27.501424753254113,20.512031890420378,21.26796083643883,17.88697991571407,11.595622724438961,11.973587197448188,9.202273075276851,9.609473202017458,5.401974380692497,5.697343945909536,3.742605397210761,3.9617238649300246,27.211394565422964,10.880246771473043,6.927459075893042
O=C(O)c1cc2ccccc2c(Cc2c(O)c(C(=O)O)cc3ccccc23)c1O,1,2.7024450948654413,2.0461310095112766,1204.7524213668532,-4.059999999999999,3761373.8832826107,20.706377823327532,15.085960436010367,15.085960436010367,13.879917853109722,8.81918333940883,8.81918333940883,6.731928501883301,6.731928501883301,5.067802561106443,5.067802561106443,3.6840763977025968,3.6840763977025968,18.31015150063358,6.832614102410858,3.003689182684213
COC(=O)Nc1nc2cc(C(=O)c3ccc(F)cc3)ccc2[nH]1,0,2.955068545383051,1.9119920914556308,887.2267814529613,-3.219999999999999,227032.00620468904,16.396976746569035,12.091374824228158,12.091374824228158,11.062881945713372,6.716217634922733,6.716217634922733,4.769937238017911,4.769937238017911,3.257516087413511,3.257516087413511,2.1218859949267537,2.1218859949267537,14.706242135858965,5.878294164451086,3.0293024048785493
Cc1nc(=O)c2cc(CN(C)c3ccc(C(=O)NC(CCC(=O)O)C(=O)O)s3)ccc2[nH]1,0,3.213035145732411,1.6958501823381806,1234.4980767269817,-3.73,11623678.364415752,23.413484604514082,17.415517793016548,18.232014373944274,15.133938048533212,9.697643036733863,10.51413961766159,7.297947376789928,8.360174373879877,4.761079149282646,5.959365138845496,3.172307625617729,4.041798079429368,22.944111391922647,9.60254253462119,5.491508086574946
COc1cc(C(=O)NS(=O)(=O)c2ccccc2C)ccc1Cc1cn(C)c2ccc(NC(=O)OC3CCCC3)cc12,1,3.555863399099867,1.3506887919896555,1721.201688480479,-4.309999999999999,1711400272.1357656,29.147689123196077,23.268688764955247,24.085185345882973,19.640198773338124,13.496744547905285,14.979907795499676,10.337468070366127,11.98829219661205,7.434620430843313,8.925832574203154,5.328071818818364,6.549592612452302,28.227045802618033,11.660599325964185,6.221701040970508
CCCC1CC(C(=O)NC(C(C)Cl)C2OC(SC)C(OP(=O)(O)O)C(O)C2O)N(C)C1,0,3.034049361363372,2.149782927985857,654.0492858296864,0.05999999999999992,3716042.976810631,23.507707210578268,18.127067045781114,20.593919763727207,14.389266429873286,10.321386251363494,13.576019876894458,8.304264752515861,11.120669397944184,5.86608795683412,7.499587739865082,4.36794022808621,5.9332407610181495,27.305640484602907,11.46242086808008,7.021182256610542
Cc1nc2ccc(NC(=O)Nc3ccnc4cccnc34)cc2o1,0,2.9428720611513004,1.5649591795364874,1051.9165856607763,-3.4799999999999995,519658.23430221895,16.518297090128677,12.776939520944609,12.776939520944609,11.686673185801062,7.338581547092244,7.338581547092244,5.224158588872762,5.224158588872762,3.49779720447766,3.49779720447766,2.4826519223724786,2.4826519223724786,14.133910870470636,5.618497654977582,2.6268167317157194
CCOC(=O)C(CCc1ccccc1)NC(C)C(=O)N1C(C(=O)O)CC2CCCC21,0,3.3223006375306996,1.6824837055129525,753.2201749557545,-2.41,6461476.063920707,21.67299762850792,17.75067051305746,17.75067051305746,14.417922655570507,10.935427592635941,10.935427592635941,8.310838771244605,8.310838771244605,6.3348244096122635,6.3348244096122635,4.891131401454686,4.891131401454686,22.27914114161994,10.066559581820979,5.007189124717851
O=C(O)CC(O)CC(O)C=Cc1c(C2CC2)nc2ccccc2c1-c1ccc(F)cc1,1,3.5637711004032266,1.789369935045194,1122.3202018887212,-3.0899999999999985,16927884.216746524,21.957454678884098,16.90904776968425,16.90904776968425,14.918723993369941,10.367853807485233,10.367853807485233,7.997887578271586,7.997887578271586,5.46538106036151,5.46538106036151,3.8594598939349134,3.8594598939349134,21.15384032665566,8.95699668765275,4.979136392369667
COCCCCC(=NOCCN)c1ccc(C(F)(F)F)cc1,1,2.4896586651809254,2.7832054113468665,458.8505183043104,-1.6,60369.24331330708,16.424438962994,12.526995628522782,12.526995628522782,10.485711773084422,7.041895138855419,7.041895138855419,4.684895194043451,4.684895194043451,2.9413736260678456,2.9413736260678456,1.809394085756957,1.809394085756957,18.449019607843134,9.423875114784204,6.444981257809245
CC12CCC3c4ccc(O)cc4CCC3C1CC(O)C2O,0,2.701312865177746,1.7102706989281617,569.5819082919402,-1.06,89570.1319835637,14.77565640300939,12.495976845949622,12.495976845949622,10.003855748193214,8.184163795783327,8.184163795783327,7.59101352251052,7.59101352251052,6.68331450200389,6.68331450200389,5.556316996095034,5.556316996095034,13.592466652326033,4.467155494987557,1.8006507095340074
CC(C)NCC(O)c1ccc(O)c(O)c1,0,2.182165711599146,2.652574355517288,325.60911457507285,-1.2600000000000002,1870.1160148404683,11.422285251880869,8.935498913634552,8.935498913634552,7.002907755397974,4.93729884558572,4.93729884558572,3.8268983275063753,3.8268983275063753,2.103692351696225,2.103692351696225,1.212914294235595,1.212914294235595,11.812780203784571,4.9999590646139,3.416335285841419
CCCCN1CCC(CNC(=O)c2c3n(c4ccccc24)CCCO3)CC1,0,3.0572941991973037,1.4100377543685116,790.1969527911887,-2.01,2646198.1919964375,18.639617433688315,16.3758497109278,16.3758497109278,13.275188245478668,10.521803396987021,10.521803396987021,7.8995495244344855,7.8995495244344855,6.001442024077062,6.001442024077062,4.3843157093954614,4.3843157093954614,18.357813569920662,8.340685009361474,3.836306232140408
C[C@H](Nc1ncnc2[nH]cnc12)c1nc2ccc(F)cc2c(=O)n1-c1ccccc1,0,3.2444513866215456,1.6981415574283587,1428.31169864686,-4.14,13206383.635576444,20.664561460070644,15.873133702058768,15.873133702058768,14.614193540729632,9.29865058018747,9.29865058018747,6.7956364094306085,6.7956364094306085,4.828308224670034,4.828308224670034,3.4319281712221086,3.4319281712221086,17.924669731351802,7.032722229499256,2.9639372356256963
CN=C(NC#N)NCCSCc1[nH]cnc1C,0,2.7307249421932687,2.1309410302229006,405.17377615680056,-1.6800000000000002,8399.709922186494,12.510225400620904,9.948559689713006,10.765056270640732,8.274386907679233,5.1993650634680435,6.354065601847294,3.2548795916956643,4.360051307218202,2.1168695702912026,3.1024681299446906,1.183426256772223,2.0705082322824624,13.38527415143603,7.570081043458362,4.7817848631942805
O=c1[nH]c(=O)c2[nH]cnc2[nH]1,0,2.337841088205032,3.1460114722514017,490.6419937097255,-1.8500000000000003,514.325039405107,7.8449349826912425,5.34106044561731,5.34106044561731,5.270856947829096,2.9287291125558164,2.9287291125558164,2.03439154525841,2.03439154525841,1.3253967368969666,1.3253967368969666,0.866545969009257,0.866545969009257,5.899350869955592,1.8152833600191707,0.7592026919690413
CCCCC/C=C\C/C=C\CCCCCCCC(=O)O,1,2.4255496579484808,3.1737658828976505,266.5917875070114,-1.05,22676.463752160347,14.891058768174391,13.1501443369609,13.1501443369609,9.770055610029663,8.28805094328385,8.28805094328385,5.374473848543474,5.374473848543474,3.341276041487305,3.341276041487305,2.087652976290381,2.087652976290381,18.95,16.005710306406684,16.95
C=C1C[C@]2(O)OC3(C[C@H]2C(C)C)[C@@H](C)CC[C@@H]13,0,2.6548135820796364,2.0398642144655836,361.9333205532757,-0.33999999999999997,8383.90129220749,12.422285251880869,11.200396868655064,11.200396868655064,7.8892998714381575,6.99089820125999,6.99089820125999,6.822472957350382,6.822472957350382,5.575341192626561,5.575341192626561,4.635435541361925,4.635435541361925,11.733706847530526,3.3576689709719787,1.342158133300165
CNC(=O)c1ccccc1Sc1ccc2c(C=Cc3ccccn3)[nH]nc2c1,0,3.148758471355444,1.6025368729960088,1151.6453529302132,-3.3799999999999994,4402971.945665744,19.346724214874865,15.216477271392783,16.032973852320506,13.741514740667453,8.806134596712877,9.622631177640601,6.081519320272574,7.196874391922986,4.251259842588036,5.3168051657846656,2.8510566455838053,3.828933548626006,18.00530517350135,8.102901424896904,3.818583505931169
Nc1ncnc2[nH]cnc12,0,2.3571021521226503,2.950090305322589,351.5657969317911,-1.6500000000000004,372.42214003537873,6.974691494688164,5.073691594068752,5.073691594068752,4.877010097711744,2.772767331681046,2.772767331681046,1.8586594071755886,1.8586594071755886,1.2454958206289215,1.2454958206289215,0.7832699380516649,0.7832699380516649,5.159860161857645,1.6629234524260401,0.5397705083562873
Cc1cccc(Cc2c[nH]cn2)c1C,0,2.6551695373960964,2.2948234963206557,415.8917024379818,-1.5700000000000003,2615.341994335155,9.966255326250886,8.541071722634635,8.541071722634635,6.770856947829096,4.79895480832442,4.79895480832442,3.596351824903206,3.596351824903206,2.643234874722995,2.643234874722995,1.5860782258164523,1.5860782258164523,9.003504046519028,3.6607003166944834,1.6895191422985334
O=C(c1ccccc1)c1ccc2[nH]c(NC(=O)c3csc(C4CCN(c5ncnc6ccsc56)CC4)n3)nc2c1,0,3.7620589796350337,1.0091023795252325,1852.2759391796249,-4.4799999999999995,3592573655.462874,27.053466517131895,21.203041763566567,22.83603492542202,19.61932617617863,12.916574789777652,14.67588041228744,9.63115858819205,11.43695563304894,7.13584910364236,9.042653260776348,5.052799570670706,6.885852575606251,24.552733023711678,10.248166044091514,4.627969262288236
CNC(=O)c1ccc(Nc2ncc(C(F)(F)F)c(NCc3nccnc3N(C)S(C)(=O)=O)n2)cc1,0,2.8092580652659245,1.8792012268802962,1317.9353349698347,-4.010000000000001,33542810.988049403,25.80275414050484,18.751513223896854,19.56800980482458,16.396215279046704,9.909160169779952,11.757471789044455,7.145808130366458,9.159570886696327,4.695443321021545,5.863316225036969,2.834380198342308,3.301034218831547,25.610017584576728,10.085713401532075,6.316332677568761
Cn1cnc2c(F)c(Nc3ccc(Br)cc3Cl)c(C(=O)NOCCO)cc21,0,3.00169473027451,2.0867106284228685,1011.497467706933,-2.1999999999999993,1278262.6958032092,19.551677284948283,14.092995694776508,16.434921179909665,12.917922655570507,7.806307011985805,8.977269754552383,5.588739729198151,6.911615384730448,3.7540798090686054,4.560040456273943,2.4685363648734,3.189204819985329,19.558520828692362,8.21832288234669,4.05715966483012
CC1(C)O[C@@H]2C[C@H]3[C@@H]4C[C@H](F)C5=CC(=O)C=C[C@]5(C)[C@@]4(F)[C@@H](O)C[C@]3(C)[C@]2(C(=O)CO)O1,1,3.1146213385179586,1.6603057972661495,960.1361070217898,-1.4800000000000002,10966924.34126897,23.482763184195935,18.73057857713702,18.73057857713702,14.765475189785596,11.251040880585624,11.251040880585624,11.02042435518571,11.02042435518571,9.17928307440054,9.17928307440054,7.919416319277111,7.919416319277111,22.319047758432475,6.344285842319665,2.3185248435870838
CCN(CC)C(=O)C1(c2ccccc2)CC1CN,0,3.1655118994349585,2.324807176888777,413.76159501340936,-1.35,22791.6856759317,13.173362107437434,11.225340895037395,11.225340895037395,8.701072483243493,6.752057036491317,6.752057036491317,4.951570565099557,4.951570565099557,4.110895397764463,4.110895397764463,2.8817400074937756,2.8817400074937756,13.090417626335174,5.105224589522321,1.925630545546896
NC(=O)NN=Cc1ccc([N+](=O)[O-])o1,0,2.5173443076325333,2.6374009499939137,382.93815266453123,-2.38,1517.9586175024176,10.55204176387779,6.836821429613872,6.836821429613872,6.592224152875016,3.42096716432561,3.42096716432561,2.1673648448186777,2.1673648448186777,1.159074777969159,1.159074777969159,0.6692355067926761,0.6692355067926761,9.70605851979346,4.028214623557901,2.587781267693948
NCCC(O)(P(=O)(O)O)P(=O)(O)O,0,1.8241421553952433,5.2174153304994375,242.91122001449332,0.21999999999999995,277.26960762007695,10.914213562373096,6.438555580990154,8.227409962989986,5.560660171779821,3.097770445977185,6.322494380317321,2.4010750400262,6.40964708487213,1.412760113856086,5.28920898698,0.6546326012285871,2.8529764048163146,13.22,3.762656887002616,2.585144885325617
CC(C)c1cc(-c2ccc(F)c3ccccc23)nc(N)n1,0,2.469702723480814,2.2829104880986884,812.2394361788146,-2.4899999999999998,68316.91673692629,14.982763184195939,11.968544086715777,11.968544086715777,10.058550648063802,6.880844375975618,6.880844375975618,5.3314796412121686,5.3314796412121686,3.501603531685073,3.501603531685073,2.404707608585162,2.404707608585162,13.491100893571794,5.12738439535651,2.4445801161536265
Nc1nc(N)nc(-c2cc(Cl)ccc2Cl)n1,0,2.199468804604183,2.6175512223300976,523.1677085952953,-1.5899999999999992,4025.0279124256544,11.706742302257043,7.984321078466458,9.496178970503367,7.558550648063801,4.2849894004113125,5.040918346429767,2.9995829966651915,3.8432189038777813,1.8393125234289935,2.403997847256777,1.1986748830131055,1.5728418838326943,10.912299045640236,4.112336342245376,2.1504284607073987
Cc1cc(O)ccc1Cl,0,1.7965675742516065,3.1716780304409156,220.15617759993404,-0.6900000000000002,104.20091930659318,6.8533711511285205,5.057228876078062,5.8131578220965165,4.198377302757662,2.6506229059671775,3.028587378976405,1.9334867896044965,2.3406869163451023,1.1415272877747467,1.565606627067099,0.6288708929411898,0.7464194443350591,6.4303369434416355,2.2753640159448265,1.3601609847422498
CCCc1ncc(C[n+]2ccccc2C)c(N)n1,1,2.3539634269898086,2.221076988239577,537.0672427020315,-1.9699999999999998,13591.784827439154,12.957819157813608,10.927062745197274,10.927062745197274,8.702708600407233,6.257291702668611,6.257291702668611,4.41662969208119,4.41662969208119,2.9297995506034002,2.9297995506034002,1.8467842798902538,1.8467842798902538,12.485967138919989,5.578101939568338,2.826522394961489
COC1C(O)CC(=O)OC(C)CC=CC=CC(OC2CCC(N(C)C)C(C)O2)C(C)CC(CC=O)C1OC1OC(C)C(OC2CC(C)(O)C(O)C(C)O2)C(N(C)C)C1O,1,3.1345558248774292,1.661970696652526,1365.2148245062956,-1.9000000000000001,2113151912898.0642,43.766491276713076,36.9945681373056,36.9945681373056,27.768202848622888,21.287168948380867,21.287168948380867,17.808901719358122,17.808901719358122,12.378645153052032,12.378645153052032,9.100541063297493,9.100541063297493,49.75226840457252,22.450692883722347,13.302377663508928
Cc1ccnc2c1NC(=O)c1cccnc1N2C1CC1,0,3.2711651994369526,2.0018389097081015,708.7697433173414,-2.43,110375.65615940165,13.689869965382487,11.12820425447459,11.12820425447459,9.754020195423491,6.766994855590685,6.766994855590685,5.256326351105965,5.256326351105965,3.777533228333562,3.777533228333562,2.6070043736203012,2.6070043736203012,11.401137803518536,4.030422454929436,1.5916576426488964
COc1cc(Nc2ncc(F)c(Nc3ccc4c(n3)NC(=O)C(C)(C)O4)n2)cc(OC)c1OC,0,2.8095453684276515,1.5822898521094333,1227.4450584033964,-4.3500000000000005,35160434.80181258,24.457454678884098,19.147598057776545,19.147598057776545,16.233045130665303,10.118764133281871,10.118764133281871,7.663899863839234,7.663899863839234,4.9135380660908075,4.9135380660908075,3.1858711688922057,3.1858711688922057,22.83008766231482,8.885387896544694,4.420681792728751
O=C(Oc1ccccc1C(=O)O)c1ccccc1O,1,2.391233681372062,2.2986999802018677,633.2383798242596,-2.8199999999999994,20557.435958755617,13.828062645816686,9.737974215908514,9.737974215908514,9.092224152875016,5.418410714806937,5.418410714806937,3.707980591522615,3.707980591522615,2.4440871703975455,2.4440871703975455,1.5334230503953463,1.5334230503953463,12.632105420792783,5.220494471775989,2.712378981773566
C=CC(=O)N1CCC(Oc2cc3c(Nc4ccc(Cl)c(Cl)c4F)ncnc3cc2OC)CC1,0,2.8385833278917563,1.6251472296870042,1216.0210423828073,-3.099999999999999,28914718.124570355,23.53480494807372,17.777264867179262,19.289122759216173,15.90541720081447,10.221747547735562,10.977676493754018,7.437022518433047,8.22218711818288,5.430904559112511,6.212126755547719,3.667964228021081,3.9787122622164137,23.071459982816133,9.804720603553859,4.815391186812226
CCCCOc1c(C(=O)c2c(F)cc(C)cc2F)cnc2[nH]ncc12,1,3.02524042602325,2.110634323181031,914.2110321515989,-2.83,549153.7430934445,17.974327015758657,13.897574138264243,13.897574138264243,12.024075805453155,7.97765686181761,7.97765686181761,5.767988970681916,5.767988970681916,3.8336439172546197,3.8336439172546197,2.5639756595302963,2.5639756595302963,17.00803372505024,6.962864084588856,3.2178416391786397
CN1CCN(C2CCN(C(=O)Nc3cc(Oc4ccc(NC(=O)C5(C(=O)Nc6ccc(F)cc6)CC5)c(F)c4)ccn3)CC2)CC1,0,3.867592831743682,1.0046451899251982,1585.069879926732,-4.619999999999999,35665033164.38522,32.260573298318434,25.599697262825092,25.599697262825092,22.179510798502097,15.4891399417547,15.4891399417547,12.105366166831883,12.105366166831883,8.91819701066766,8.91819701066766,5.8577077532084045,5.8577077532084045,31.366179750271538,13.392434940884439,7.261142367542178
CN(C)CCCC1(c2ccc(F)cc2)OCc2cc(C#N)ccc21,0,2.939911705364029,2.018403095211889,764.1985832338869,-2.2199999999999998,348132.58450238686,17.156489770562878,14.05051896354658,14.05051896354658,11.547679167567427,8.132551129043144,8.132551129043144,6.513142221613115,6.513142221613115,4.5881904390397406,4.5881904390397406,3.40870910235363,3.40870910235363,16.631264146178772,6.721078415843811,3.0558017290424
NC1CONC1=O,1,1.9053999311004344,2.4784387393909566,92.93569696954751,-0.6100000000000001,49.54039820861129,5.276020881938894,3.678303900493525,3.678303900493525,3.304530452640311,1.9771801834506855,1.9771801834506855,1.3838101489852834,1.3838101489852834,0.772422847972463,0.772422847972463,0.3539500200592189,0.3539500200592189,4.546494522691706,1.4756857516681554,0.7025172248364275
CC(O)(P(=O)(O)O)P(=O)(O)O,0,1.5812853946781595,5.079498628795793,206.82512869394384,0.26000000000000006,88.55198210197693,9.5,5.446991749427433,7.235846131427265,4.5,2.3359687649200476,5.560692699260184,2.0588786496560663,6.329422353468237,1.103644378420567,4.874143713018236,0.16969634100068878,1.5272670690061991,11.259999999999998,2.638564941834449,2.0994518030301026
CN(NC(=O)CC(=O)NN(C)C(=S)c1ccccc1)C(=S)c1ccccc1,0,2.672626391044817,1.8337417670413516,758.6179991947008,-2.8399999999999985,916090.8028056499,19.81119030894212,15.008029825938177,16.64102298779363,12.87991785310972,8.133824949160022,8.95032153008775,5.707126088602374,6.480522750736347,3.5566761973624668,4.575803275658667,2.2492873930257216,2.6127400129191583,20.471646164072986,9.746357628243448,6.120954477584452
Cc1cc(OCC(=O)O)cc(C)c1Cc1ccc(O)c(C(C)C)c1,0,2.4969662426020256,2.267701398638678,724.2943352618283,-2.4899999999999993,159069.23448496204,17.853006672199015,14.589238949438494,14.589238949438494,11.273764703227073,8.040907275404358,8.040907275404358,6.44268183759749,6.44268183759749,4.126707723637949,4.126707723637949,2.841422494896335,2.841422494896335,17.857503385138468,7.38662854795832,4.2820925298459676
Oc1cc2c(cc1O)C(c1ccccc1)CNCC2,1,2.6278592436370745,2.1083178885481204,580.802846497346,-1.9999999999999996,34288.30741097655,13.242276208189782,10.634549688076568,10.634549688076568,9.254020195423491,6.55885646783548,6.55885646783548,4.95712977129038,4.95712977129038,3.7333262889163765,3.7333262889163765,2.7393018898209234,2.7393018898209234,12.055401662049862,4.938271604938271,2.2907231555880205
CN1N=C(N)c2cn([C@@H]3O[C@H](CO)[C@@H](O)[C@H]3O)c3ncnc1c23,0,3.0537320706837674,1.8932486174998453,805.1038069941093,-2.27,281441.10883042804,16.30060042939172,12.234515719977459,12.234515719977459,11.024075805453153,7.08767176919418,7.08767176919418,5.583631246256268,5.583631246256268,4.220872009100599,4.220872009100599,3.0749941461593595,3.0749941461593595,14.330389548880873,4.862157575598351,1.8609788673501722
COc1cc2nc(N3CCN(C(=O)C4CCCO4)CC3)nc(N)c2cc1OC,0,3.2691265431683525,1.522317490011783,876.2432965501941,-2.81,3978710.0741223022,19.67299762850793,16.180996088919624,16.180996088919624,13.600886748174158,9.450097360213816,9.450097360213816,6.947182985423139,6.947182985423139,5.298041278987528,5.298041278987528,3.7109205614215255,3.7109205614215255,18.54854092000502,7.667499948279405,3.3722412674068383
CC12CCC(=O)C=C1CCC1C2C(O)CC2(C)C1CCC2(O)C(=O)CO,0,2.86203587147837,1.7350832012021686,683.8889217536757,-1.0400000000000003,715692.1381653671,18.90541291500631,15.701742962868114,15.701742962868114,12.170504622625403,9.957047497308324,9.957047497308324,9.557340138479042,9.557340138479042,8.653266583245497,8.653266583245497,7.281019867932493,7.281019867932493,18.329215372052044,5.727622740292945,2.138229150219643
NCCc1c[nH]c2ccc(O)cc12,0,2.492249867894039,2.576000355142546,419.7820090914246,-1.48,1482.8886713969532,9.259148545064338,7.248178503821183,7.248178503821183,6.30886175028988,4.300792619709327,4.300792619709327,3.0824754032497945,3.0824754032497945,2.1646815965497432,2.1646815965497432,1.5287342630986562,1.5287342630986562,8.133459359593342,3.106142907779237,1.3804487713452729
CCCC(NC(=O)C(C#N)=Cc1cccc(Br)n1)c1ccccc1,1,2.597195539082316,2.197095183290181,765.6814098783693,-2.449999999999999,258337.8458814398,17.363596551749424,13.368356208742362,14.954352747857067,11.634560252985372,7.7386829233953955,8.531681192952748,5.280398601992044,6.092875973741878,3.4785616146497547,3.920214174845866,2.3330219042865092,2.690385765189586,17.896900949356198,8.994776555266391,5.0356997423090375
CCC(=C(c1ccccc1)c1ccc(OCCN(C)C)cc1)c1ccccc1,1,2.7348712069781036,1.9959473772927907,880.7355335102352,-2.839999999999999,2692338.48996718,19.769373945685235,17.059685998178228,17.059685998178228,13.685871848001627,9.90684881871516,9.90684881871516,7.115272621558707,7.115272621558707,4.790265908287313,4.790265908287313,3.348420112266566,3.348420112266566,19.908794575753564,9.910993617354528,5.113643813383921
Cn1nccc1Nc1nccc(-c2ccn([C@H](CO)c3ccc(Cl)c(F)c3)c(=O)c2)n1,0,3.164423489573454,1.6399393011893266,1288.8576580437837,-3.559999999999999,13316356.049954573,21.957454678884098,16.4054185517545,17.161347497772955,14.956728795830728,9.324692497241818,9.702656970251047,6.763386159215049,7.170586285955655,4.797435078934423,5.103960753150733,3.1709918248483353,3.2885403762422047,20.702257801046763,8.664580963946982,4.323295716696576
C=CC(C)(C)c1cc(C=CC(=O)c2ccc(O)cc2)c(OC)cc1O,1,2.5992191238436266,2.4001747445725186,814.5348482490757,-3.01,287837.52577444323,18.61251969619286,14.614182975820825,14.614182975820825,11.779224090232555,7.847384947434491,7.847384947434491,6.281577506345547,6.281577506345547,4.118613627070079,4.118613627070079,2.4062857473323924,2.4062857473323924,18.330409365344277,7.259984569644379,4.095693772890919
c1ccc(-c2ccc(C(c3ccccc3)n3ccnc3)cc2)cc1,0,3.184169370342436,1.7398895194531807,879.8896624448298,-3.129999999999999,844492.6637247396,16.192023676495616,13.286732036413186,13.286732036413186,11.915816237971963,8.094412461350604,8.094412461350604,5.811151176117955,5.811151176117955,4.271862179363887,4.271862179363887,3.0826725776754826,3.0826725776754826,14.461500111710391,6.548506444939078,2.863937426311997
C=CC(=O)Nc1cccc(Nc2nc(Nc3ccc(OCCOC)cc3)ncc2F)c1,0,2.7744046125145703,1.6834725592445527,1043.5712957110898,-3.9799999999999995,9552030.933281764,22.05383099606141,16.89195957085664,16.89195957085664,15.067213243362943,9.390181339364391,9.390181339364391,6.27997141036287,6.27997141036287,3.988992674467433,3.988992674467433,2.5261731727840053,2.5261731727840053,21.722265269181502,10.69811772853149,6.51041970399325
Nc1ncnc2c1C(=O)N(c1ccc(C3CCC(CC(=O)O)CC3)cc1)CCO2,0,2.8791172574344754,1.4761819691969968,907.3971548154274,-3.1599999999999997,4688999.464271965,20.380104409694468,16.082148875214266,16.082148875214266,14.024877143252588,9.895219421699798,9.895219421699798,7.651358437377319,7.651358437377319,5.8407232000128575,5.8407232000128575,4.28238960825138,4.28238960825138,19.16925259839066,8.064561198264167,4.010842905824514
C[C@H]1O[C@@H](O[C@H]2[C@@H](O)C[C@H](O[C@H]3[C@@H](O)C[C@H](O[C@H]4CC[C@@]5(C)[C@H](CC[C@@H]6[C@@H]5C[C@@H](O)[C@]5(C)[C@@H](C7=CC(=O)OC7)CC[C@]65O)C4)O[C@@H]3C)O[C@@H]2C)C[C@H](O)[C@@H]1O,1,3.673753658404126,0.8374981988041249,1409.0037418555946,-1.2700000000000002,1464396350590.4775,39.189141007523446,32.904204385552106,32.904204385552106,26.010750257449796,20.940873252225263,20.940873252225263,18.815636027838842,18.815636027838842,15.951628518858236,15.951628518858236,12.762329157364425,12.762329157364425,40.506602762877655,15.080660135484404,6.950374051685667
CCS(=O)(=O)N1CCC([C@@H](C)n2c(C)c(C(=O)NCc3c(OC)cc(C)[nH]c3=O)c3ccccc32)CC1,0,3.1835690801722194,1.6073490286396428,1465.9182858965985,-3.1099999999999994,159033385.13276568,26.905048436076797,22.12800950522976,22.944506086157485,17.58375454287286,12.709165681406688,14.318330988933091,9.736283849125007,11.993860468835072,7.604869114346384,9.486406289580579,5.525164767444286,6.657472936539423,26.93903318981997,10.707909518034764,5.172926198250325
CCC(=O)NCCC1CCc2ccc3c(c21)CCO3,0,3.033267518173161,1.7117046375333898,495.7674548036703,-1.51,43770.050287238715,13.242276208189782,11.498294856802438,11.498294856802438,9.292024997884276,7.334099086663818,7.334099086663818,5.441292864336084,5.441292864336084,4.320488655193871,4.320488655193871,3.349491389219999,3.349491389219999,12.520089761993955,5.235691048605127,2.337015562342011
Cn1cnc(-c2cc3nccc(Oc4ccc(NC(=S)NC(=O)Cc5ccccc5)cc4F)c3s2)c1,0,3.477694628791091,1.2641186033200817,1565.4259211907406,-4.1499999999999995,206929938.82089114,25.070338854006454,19.06525870201624,20.698251863871693,17.44069338122455,10.934807985019443,12.159552856411032,7.970420289758238,9.430867421545344,5.203242613973716,6.568716147210719,3.555703868543607,4.814337361136457,23.585302642149514,10.224599788537702,5.396799286865942
N=c1cc(N2CCCCC2)nc(N)n1O,1,2.262866989782502,2.316398284375318,407.45399773490533,-1.72,3149.9108497772427,10.836498814253964,8.479088826311823,8.479088826311823,7.181540550352055,5.06651492456801,5.06651492456801,3.71729088663428,3.71729088663428,2.620167825387671,2.620167825387671,1.7888411342386177,1.7888411342386177,9.820608400222834,3.7990994713070263,1.8790306939202912
CC(=O)N(CC(O)CO)c1c(I)c(C(=O)NCC(O)CO)c(I)c(C(=O)NCC(O)CO)c1I,0,2.790683181132388,3.7255157310356872,850.4986796486622,-0.4200000000000004,11636813.983340321,26.162407748957516,17.96382495360714,24.436319827136103,15.902390982964006,9.822636997988155,13.058884434752638,7.09941994171108,10.335667378475557,4.419984719459991,7.59928886747138,2.6592134218326184,7.387536279908805,31.60977963073258,14.975328673633785,8.31928667732424
COc1cc(CNC(=O)CCCC/C=C/C(C)C)ccc1O,0,2.4920250055706985,2.229830766701327,495.10567763230114,-1.9699999999999995,62666.952815086355,16.372032720186702,13.76334569749818,13.76334569749818,10.524075805453153,7.818412917679893,7.818412917679893,5.700882111716634,5.700882111716634,3.279427365105586,3.279427365105586,2.0371673687433556,2.0371673687433556,18.079925112331505,9.874350582736595,7.1570315426235425
CCn1cc(C(=O)O)c(=O)c2cc(F)c(N3CCNCC3)nc21,1,2.554556529077141,2.243584852361737,827.5622879687312,-2.4800000000000004,179503.57818519254,16.560113453385565,12.673549880248776,12.673549880248776,11.024075805453153,7.452385669673582,7.452385669673582,5.365082055044353,5.365082055044353,3.971247419273164,3.971247419273164,2.7682786037573632,2.7682786037573632,15.417012010638263,5.958730697592291,2.653353739414346
Nc1ncnc2c1ncn2[C@@H]1O[C@H](CSCCC(N)C(=O)O)[C@@H](O)[C@H]1O,1,3.151609492888807,1.638365324236696,788.2731733035782,-1.9900000000000002,865189.292816314,18.844570503761737,13.672712806157573,14.4892093870853,12.396754605515332,7.905485335643298,9.06018587402255,5.93756601392267,7.087395928183729,4.170946138571584,5.259558647175258,2.6861943791650957,3.7815142423623698,18.790775027970344,7.7154447309279925,3.5916866448671128
O=C(O)CCCCC(CCSCc1ccccc1)SCc1ccccc1,0,2.6699013046940987,1.720573510201553,616.5540785180496,-1.3899999999999997,803020.8756102347,18.451536700489456,15.179665677469817,16.81265883932527,12.737183443017884,9.227982564915331,11.431437893275241,6.384991272559993,8.778838122677348,4.190985884207192,6.6956297993448555,2.7265849371346826,5.137910807205826,20.916279227306667,12.881619080226615,9.347017830849529
O=C(C=Cc1ccc(O)c(O)c1C=Cc1ccc(O)c(O)c1)OC(Cc1ccc(O)c(O)c1)C(=O)O,0,2.8276621044006647,1.793449733192045,1357.0711470346778,-5.119999999999999,62025257.445572644,26.4050484360768,18.567900320542982,18.567900320542982,17.044621651056172,10.421917646987161,10.421917646987161,7.641973026471926,7.641973026471926,5.06517333700736,5.06517333700736,3.183065112714513,3.183065112714513,25.50203633651234,10.870929705215422,6.260645950105511
CC(C)Nc1cccnc1N1CCN(C(=O)c2cc3cc(NS(C)(=O)=O)ccc3[nH]2)CC1,0,3.154406242142405,1.4512595603079386,1229.4469408727928,-3.27,15606298.706749864,22.88010440969447,18.421863226618523,19.23835980754625,15.192491802714489,10.557861876463265,12.449273414521521,8.312126259966197,10.060581459149946,5.251674803837988,5.8581678761321,3.8897385316912763,4.444857828659523,21.942960480750312,8.696908849708903,4.960135055262494
OC[C@H](O)c1oc(O)c(O)c1O,0,2.3151802572988025,3.0848505406802733,277.8108319623798,-1.4000000000000001,518.6003776349318,9.300964908321225,5.928773318339827,5.928773318339827,5.574586062669973,3.1004187645364754,3.1004187645364754,2.16705096441116,2.16705096441116,1.3424904611709427,1.3424904611709427,0.7275589400923238,0.7275589400923238,8.694339622641508,2.9175542406311634,1.1705533037986613
N=C(N)NCCCC(NC(=O)C1CCCN1C(=O)C1CSSCCC(=O)NC(Cc2ccc(O)cc2)C(=O)NC(Cc2ccccc2)C(=O)NC(CCC(N)=O)C(=O)NC(CC(N)=O)C(=O)N1)C(=O)NCC(N)=O,0,3.8464001189446977,1.6805257860651002,2366.4392959279194,-7.620000000000001,4001322116121412.0,54.32068675170396,40.35526206862084,41.988255230476284,35.19539645199496,23.586716038345397,26.07474991005797,17.374638443116716,20.00183815007802,11.532653835167004,13.947775701017415,7.80847554703736,9.95375035484988,58.94656324546837,29.78737444215039,20.11789498213632
C[C@H]1O[C@H](O[C@H]2[C@H](O)[C@@H](O)[C@@H](O)[C@H](O)[C@@H]2O)[C@@H](N)C[C@@H]1N=C(N)C(=O)O,0,2.5838851648066945,2.0677446589079516,531.7556033054155,-1.3800000000000001,353449.65169390774,19.756630355021702,13.990550051353358,13.990550051353358,12.039489015607163,8.075862105509085,8.075862105509085,6.549649442363601,6.549649442363601,4.642004127919735,4.642004127919735,3.021922932651979,3.021922932651979,20.926162059914894,8.102901424896904,4.1262895325151066
Cc1cc(C(C)Nc2ccccc2C(=O)O)c2nc(N3CCOCC3)cc(=O)n2c1,0,2.741437083060743,1.7825025302863415,1151.572966896397,-3.39,6712628.0128408745,21.250347897697548,16.960828531654624,16.960828531654624,14.435560745775547,9.893320248477142,9.893320248477142,7.435164704707512,7.435164704707512,5.243820198478405,5.243820198478405,3.7377134449608973,3.7377134449608973,19.906147451486,8.155688549478157,3.860693675979929
N=C(N)NCCCCC1NC(=O)CCSSCC(C(N)=O)NC(=O)C2CCCN2C(=O)C(Cc2c[nH]c3ccccc23)NC(=O)C(CC(=O)O)NC(=O)CNC1=O,0,3.8191023520935303,1.6093593285792651,1826.5945811234706,-5.510000000000001,1950729657304.1704,41.48418793745002,31.097501481339176,32.73049464319462,27.226162201408226,18.39133916377685,20.879373035489426,13.526590255285749,16.153789962247064,9.28286635751321,11.697988223363621,6.4200074121581,8.586971665585574,44.207913459769316,21.700084629056875,13.582490794536504
O=C(O)CN1C(=O)c2cccc3cccc(c23)C1=O,1,2.4016942337281466,2.2766691941885733,684.5534258945194,-2.689999999999999,25539.61648146511,13.568549621822843,9.79038045871581,9.79038045871581,9.092224152875017,5.6910078572684295,5.6910078572684295,4.299447636518089,4.299447636518089,3.1491946881799273,3.1491946881799273,2.359323133006596,2.359323133006596,11.403223956253148,3.911782680299022,1.5893549970023728
N=C(N)NCCCCN,0,1.8005768964064195,2.8288681349096856,81.02718014856455,-0.77,84.62711413110172,7.112884175122364,5.483127663125442,5.483127663125442,4.2700556100296625,3.0504768156519497,3.0504768156519497,1.83623374567281,1.83623374567281,0.9463512607928524,0.9463512607928524,0.49239469859442797,0.49239469859442797,8.23,5.3683125864453665,7.23
CN(C)C1C(=O)C(C(N)=O)C(=O)C2(O)C(=O)C3C(=O)c4c(O)cccc4C(C)(O)C3C(O)C12,1,2.700849752442377,2.00521906134248,1126.8632968266938,-2.9899999999999998,11236188.57580038,24.781574381404027,18.050812121715367,18.050812121715367,15.200041612464721,10.277692570446778,10.277692570446778,9.372384474184631,9.372384474184631,7.396098166612342,7.396098166612342,5.970244082327843,5.970244082327843,23.177703580226538,7.002802279507892,2.6712792774596887
Fc1ccc(C(OCCN2CCN(CCCc3ccccc3)CC2)c2ccc(F)cc2)cc1,1,2.8495646330048627,1.2229127412398182,909.9522562084375,-2.5999999999999988,40631782.52639689,22.8822581208076,19.005469226815933,19.005469226815933,16.169836433395453,11.78403013649828,11.78403013649828,8.626366609976682,8.626366609976682,6.285070908221652,6.285070908221652,4.347671901803357,4.347671901803357,23.55457707339812,12.028682736790849,7.191656348968451
CC(C)(C#N)c1cc(Cn2cncn2)cc(C(C)(C)C#N)c1,0,2.9942419224814234,2.547796960808831,698.0918659440513,-2.66,84222.03679555748,16.380468888623984,13.329926104634469,13.329926104634469,10.2811535173879,7.081841118667592,7.081841118667592,6.485278898228159,6.485278898228159,3.8063427761314053,3.8063427761314053,2.1355112621508807,2.1355112621508807,15.723645190077436,5.614350648689528,3.1495534314097644
CC1OC(n2cc(F)c(=O)[nH]c2=O)C(O)C1O,0,2.514854304313185,2.4558487803979276,538.9231302453505,-1.51,6697.057012386012,12.740122497076651,8.83110147684882,8.83110147684882,7.9135913579209305,4.941062808282571,4.941062808282571,3.8565331849201914,3.8565331849201914,2.6755741031199505,2.6755741031199505,1.707154941116015,1.707154941116015,11.960432307137284,4.058379110355049,1.9002330769164162
Cc1nccn1CC1CCc2c(c3ccccc3n2C)C1=O,0,3.054160919462463,1.7679612527097788,871.7199680624578,-2.36,209851.39677626584,15.267220234572113,12.912661304850763,12.912661304850763,10.664703797946451,7.747799185881738,7.747799185881738,6.124526496679106,6.124526496679106,4.915714830643346,4.915714830643346,3.6681988749261443,3.6681988749261443,13.313138633270487,4.833784702035854,1.8316089521630117
CCC(C)(C)C(=O)OC1CC(C)C=C2C=CC(C)C(CCC3CC(O)CC(=O)O3)C21,0,2.6612407051297957,1.7612771112578929,706.3275441224729,-1.62,3230269.853941354,22.051677284948283,19.096350136370955,19.096350136370955,14.101392633077909,11.588777529249747,11.588777529249747,10.251589771157755,10.251589771157755,7.347585098808047,7.347585098808047,5.079221881093926,5.079221881093926,23.051741439679358,9.25239239827976,5.161036599818663
COc1ccc(CCCO[C@H](Cn2ccnc2)c2ccc(OC)cc2)cc1,1,3.2380229681934467,1.5644852011078378,783.4399169777458,-2.7899999999999996,2309927.872957968,18.89913045768216,15.87580241741321,15.87580241741321,13.279519543128238,9.124690150464522,9.124690150464522,6.343697984983359,6.343697984983359,4.511298814388249,4.511298814388249,2.953192865848065,2.953192865848065,18.98501866545865,9.782866097519483,5.592267598255502
O=S(=O)(c1cccc2cnccc12)N1CCCNCC1,1,2.759566206433509,2.0858410396261764,701.9357259714062,-1.5,56228.92102228918,14.001789232183626,11.118807583462,11.935304164389727,9.693506678639473,6.730692295494118,8.17075562429476,4.860598650989379,6.766955515767466,3.557609446297445,5.514402800025191,2.5181833875556925,4.211792809011604,13.481558596073766,5.474719908072393,2.4167809785093737
Nc1ccc(S(=O)(=O)Nc2ccccn2)cc1,1,2.3003123655293725,2.285509074399646,594.3734869483202,-2.0799999999999996,7471.414563239402,12.303118619434356,8.868110889598182,9.684607470525908,8.077316827624754,4.872104785529881,6.355268033124273,3.389512354584053,5.071914595993568,2.094226706549378,3.4648616357784725,1.266702438224671,2.275017082706583,11.406730133077446,4.423184305985764,2.7292394172155015
CCC(C)C(NC(=O)C(Cc1ccc(O)cc1)NC(=O)C(NC(=O)C(CCCN=C(N)N)NC(=O)C(N)CC(=O)O)C(C)C)C(=O)NC(Cc1c[nH]cn1)C(=O)N1CCCC1C(=O)O,1,3.9502495428315387,1.9089656529881653,1957.0591648001516,-6.780000000000002,28469588228794.195,47.67226867064887,36.412640553989384,36.412640553989384,30.211431866601156,21.051639256359476,21.051639256359476,16.101892711284012,16.101892711284012,10.762472536295899,10.762472536295899,6.975716161269979,6.975716161269979,51.56947734941268,24.75302172280906,15.844654106289358
C[C@@H]1CN(Cc2ccc(F)cc2)CCN1C(=O)COc1ccc(Cl)cc1NC(N)=O,0,2.6842852323502644,1.5417728360176706,909.6245302335948,-2.84,4235501.456702694,21.672997628507925,16.606787337049333,17.36271628306779,14.312570843487292,9.566510347057681,9.944474820066908,7.216142928224997,7.652578708696982,4.902022657076516,5.137119759864255,3.47607293921967,3.6481759631725375,21.85899574929296,9.774809022317799,5.836996609255487
CCCCCCC(=O)O[C@H]1CC[C@H]2[C@@H]3CC=C4CC(=O)CC[C@]4(C)[C@H]3CC[C@]12C,0,3.020173028866192,1.432781686987651,679.4409241196659,-1.12,4029898.417087939,20.648053602125596,18.803884372764838,18.803884372764838,13.88101250090076,12.289110478202733,12.289110478202733,10.885830064168015,10.885830064168015,9.357439594907712,9.357439594907712,7.536085225846609,7.536085225846609,21.12499986576821,8.191861524304299,3.7199532977724865
CC12CCC3C(CCC4C(=O)C(=O)CCC43C)C1CCC2=O,0,2.7933742109821047,1.6816582014398376,565.0276043299014,-0.99,131512.0578530375,15.698306133819765,13.691000197642476,13.691000197642476,10.37668120325119,8.980946364970261,8.980946364970261,8.718016141708295,8.718016141708295,8.059931242453127,8.059931242453127,6.717731949581774,6.717731949581774,14.592708579185995,4.51725096781291,1.656561228337895
CN(C)Cc1c(C(=O)NCCOc2ccc(C(O)=NO)cc2)oc2ccccc12,0,3.0871253448305294,1.595749644722228,1008.8334020057001,-3.519999999999999,3941987.398318241,20.80275414050484,16.253721750468074,16.253721750468074,13.99040230064194,9.068864523461343,9.068864523461343,6.696028782280466,6.696028782280466,4.242442203596388,4.242442203596388,2.927106597703095,2.927106597703095,20.220355828454835,9.114597015054393,4.854732834205259
CN(Cc1ccc(C(C)(C)C)cc1)Cc1cccc2ccccc12,1,2.5465686135160746,1.7202730639469443,804.0582515332234,-2.119999999999999,264170.84169170354,17.156489770562878,15.21228011895894,15.21228011895894,11.431671556017463,8.679510318812017,8.679510318812017,7.757485800397729,7.757485800397729,4.592649909372204,4.592649909372204,3.198892750793079,3.198892750793079,16.72783212545138,6.782820154027441,3.8539919803965255
CC(C)Oc1ccc(C(=O)NC(CNC(=O)CN(C)C)Cc2ccc(-c3cn4cccc(C(C)O)c4n3)cc2)cc1Cl,0,3.367851705817237,1.503321120771671,1531.9532853721564,-3.919999999999999,1650066037.6574185,30.388176099202234,24.595787838615053,25.351716784633506,19.994111393839347,13.933104794184949,14.311069267194176,10.921623283173957,11.328823409914563,6.59225887010886,6.887628435325898,4.610779982229203,4.835866152776681,31.025266509217058,13.82903290306936,8.090656274927811
C=CCn1c(=O)c2cnc(Nc3ccc(N4CCN(C)CC4)cc3)nc2n1-c1cccc(C(C)(C)O)n1,1,3.1540630319860554,1.4975485220918536,1475.3063340990172,-4.02,241184185.4197905,26.156125291633362,21.424750164289446,21.424750164289446,17.740533306307345,12.34729929448778,12.34729929448778,9.820872767674635,9.820872767674635,6.547659389897677,6.547659389897677,4.439902392278441,4.439902392278441,24.66458181684164,9.794347261520059,4.979011598970955
COc1ccc(-c2cc(=O)c3c(O)c(OC)c(O)cc3o2)cc1OC,0,2.6016815827867052,2.242891034771476,1004.4577061501074,-3.35,440774.2920741408,18.137463722575188,13.822419989267361,13.822419989267361,11.993932260492075,7.289437748374975,7.289437748374975,5.195347549382332,5.195347549382332,3.7994156809518747,3.7994156809518747,2.6041964069442844,2.6041964069442844,16.505767468678624,6.273733941290676,2.692384468399543
CC(C)(c1ccc(OCC(O)CO)cc1)c1ccc(OCC(O)CCl)cc1,0,2.702530410021618,2.036614372730205,625.2230840615078,-1.7899999999999996,908742.0655522292,19.86359655174942,15.63803165707928,16.393960603097735,12.861740436436056,8.861212919024364,9.395735402849212,6.940287806235801,7.248894506159985,4.4256462884502294,4.781877290554693,2.5844069087323076,2.6734939893697827,21.50940429201468,9.946906158428227,6.110135997299804
Cc1nnc(C(=O)NC(C)(C)c2nc(C(=O)NCc3ccc(F)cc3)c(O)c(=O)n2C)o1,0,3.1737268223470125,1.877667777528864,1232.2676100630656,-4.089999999999999,10134826.895595478,23.62902755413791,17.763533470309522,17.763533470309522,14.990908185545692,9.450538128646548,9.450538128646548,7.511293885589237,7.511293885589237,4.553649625454249,4.553649625454249,2.957342210926042,2.957342210926042,22.59198577678874,8.571048215849093,4.632728215901846
C=CC1=C(C(=O)O)N2C(=O)C(NC(=O)C(=NO)c3csc(N)n3)C2SC1,0,3.041159228357099,1.7805932854020337,876.8334656726947,-2.86,680003.2034606474,19.007707210578264,13.078274338140332,14.711267499995785,12.383447812959856,7.164926599925142,9.093334201160694,5.263652472333749,7.258325944937298,3.8129982472134074,5.789065101206697,2.6185355183942702,4.506464754457628,17.946842066290348,6.8018367623600735,2.8202680787875463
Nc1cccc(C=CC(=O)NCc2cc3cc(-c4ccc(C(=O)N5CCC(F)(F)CC5)cc4)cc(-c4ccc(F)cc4)c3o2)n1,0,3.4565740746608125,1.2477719867345836,1890.407430688989,-5.379999999999999,15126750829.696589,31.55346651713189,24.103553963575564,24.103553963575564,21.630963410005492,14.419093668733057,14.419093668733057,10.92572100133768,10.92572100133768,7.70437574255742,7.70437574255742,5.284796392611686,5.284796392611686,29.681092213323492,12.315175214664677,6.902598148021484
C[N+]1(C)CCC(=C(c2ccccc2)c2ccccc2)CC1,0,2.5138225770933156,2.0555896479983407,569.9026948753506,-1.8599999999999994,81246.74569165596,14.708896013370174,13.04914341214241,13.04914341214241,10.156596523969725,7.805356709266058,7.805356709266058,6.5935492509793985,6.5935492509793985,4.516296941840187,4.516296941840187,3.1466021548359873,3.1466021548359873,14.093099980398282,5.866410130296616,3.248500710406751
COc1cc(C(=O)NC2CCCNC2)cc(OC)c1OC,1,2.5369328498622723,2.194067207749172,473.44213899246836,-1.95,63118.889304573335,15.242276208189782,12.693471094170523,12.693471094170523,10.189401807851764,7.008220487407654,7.008220487407654,4.930752865014312,4.930752865014312,3.5590112328030807,3.5590112328030807,2.4559262660290084,2.4559262660290084,15.43905230688864,7.1711933811897595,3.5778056174868866
CCCCC1=NC2(CCCC2)C(=O)N1Cc1ccc(-c2ccccc2-c2nn[nH]n2)cc1,1,3.5754900569996533,1.3836088791531862,1113.598605256763,-3.3499999999999996,44096039.75730909,21.968044558434503,18.419972670973042,18.419972670973042,15.699438508983834,11.529244111043784,11.529244111043784,8.739490908131835,8.739490908131835,6.601481684713501,6.601481684713501,4.876039692815728,4.876039692815728,20.547004988168638,8.648957288465539,3.72041056606736
CCS(=O)(=O)N1CC(CC#N)(n2cc(-c3ncnc4[nH]ccc34)cn2)C1,1,3.260521282836669,1.685278128274849,1103.0235450751004,-2.77,1034201.4851816802,18.36359655174942,14.12320491508566,14.939701496013386,12.488260298574447,8.173615151057668,9.78278045858407,6.363663918820833,8.621240538530895,4.803633111714622,6.578220805025864,3.281289567756913,4.520449061448006,16.685205273040665,5.894035963254354,2.476613833577966
Cc1cc2nc3c(=O)[nH]c(=O)nc-3n(C[C@H](O)[C@H](O)[C@H](O)COP(=O)(O)OP(=O)(O)OC[C@H]3O[C@@H](n4cnc5c(N)ncnc54)[C@H](O)[C@@H]3O)c2cc1C,0,3.6349074908418886,1.0705047998824462,2354.73225907628,-4.130000000000001,291794313071.27466,38.5678206639638,27.470927425545383,29.25978180754521,24.852682063546602,15.421520047475417,18.412410277496075,12.055710197423602,15.099528329773287,8.397672102656886,10.999295690027344,5.55348178779375,7.650160438626285,38.590041258770874,14.599733561135485,7.906128298130692
Clc1ccc(CCC(Cn2ccnc2)Sc2c(Cl)cccc2Cl)cc1,0,3.10146651364203,1.7332910161191606,783.7963445161292,-1.13,674308.4435299956,17.648053602125596,13.40874220513699,16.493025624120083,12.114193540729628,7.924563885903314,9.938110116185893,5.715261148394169,8.276714399873413,3.845344504570771,6.345004084622584,2.55785629149001,4.525506766294979,18.654855561444343,8.996215204344972,5.420060018927688
COc1ccc(-n2nc(C(N)=O)c3c2C(=O)N(c2ccc(N4CCCCC4=O)cc2)CC3)cc1,1,3.258192617422268,1.490393719188536,1263.7081799817347,-4.14,79350127.26686567,23.81926199844989,18.8606406536812,18.8606406536812,16.47356554823633,11.260964313548314,11.260964313548314,8.375518044050278,8.375518044050278,6.363494382159523,6.363494382159523,4.605828052080912,4.605828052080912,21.692447215855985,8.659759666570226,3.6844657360340016
CCN1CCN(Cc2ccc(Nc3ncc(F)c(-c4cc(F)c5nc(C)n(C(C)C)c5c4)n3)nc2)CC1,1,3.2317466397847845,1.347617661609908,1392.051065150041,-3.5,263232330.71964273,26.10371904882607,21.670516685964824,21.670516685964824,17.816902141136865,12.696877240602479,12.696877240602479,9.725819839572864,9.725819839572864,6.841925959893509,6.841925959893509,4.915553859554298,4.915553859554298,25.162222222222223,10.469320672023375,5.303824393666944
Clc1ccc(CO/N=C(\Cn2ccnc2)c2ccc(Cl)cc2Cl)c(Cl)c1,1,3.0902655928802503,1.8308384336402947,926.1905705417456,-1.7199999999999993,953343.8451379644,18.518297090128677,13.372112954080375,16.395828738154197,12.524877143252588,7.566316247148835,9.078174139185746,5.406334903607965,7.093606718033151,3.5434754910618533,4.678227216317834,2.25839775682223,3.2390131102599113,19.053023915264486,8.77968212445405,4.920911985416225
CC(C)(CO)C(O)C(=O)NCCC(=O)NCCSSCCNC(=O)CCNC(=O)C(O)C(C)(C)CO,0,2.8369163108268607,3.742354088751286,651.535599876701,-1.5800000000000003,22599797.32984779,27.777810114122513,21.464112475027736,23.097105636883185,16.77892863733687,11.692494491437458,14.18052836315004,9.524374614010386,12.226489278102232,5.193221065617965,7.601469356081825,2.4333824293690567,4.246982282849717,34.42,17.80226896021988,14.233190845875786
CC(C)n1cnc2c(NCc3ccccc3)nc(NCCCO)nc21,0,3.0498140823925857,1.9058449072602128,815.0492838896115,-2.67,691673.4353739793,17.648053602125596,14.605946986573365,14.605946986573365,12.185871848001629,8.558509534440228,8.558509534440228,6.1567104582791465,6.1567104582791465,3.8985491511980044,3.8985491511980044,2.5576430772943697,2.5576430772943697,17.162723905729024,7.935878049551129,4.055637227794799
C[C@H](CCC(=O)NCC(=O)O)[C@H]1CC[C@H]2[C@@H]3[C@H](O)C[C@@H]4C[C@H](O)CC[C@]4(C)[C@H]3C[C@H](O)[C@]12C,0,3.1079609358717026,1.4868660433893965,759.0641407508059,-1.1800000000000002,18548683.820594627,24.129027554137906,20.37257119749967,20.37257119749967,15.478942057258273,13.007207499964077,13.007207499964077,12.212125331549707,12.212125331549707,10.784214358439613,10.784214358439613,8.954230867059163,8.954230867059163,24.929175241440266,9.119475275190034,4.227057294571867
CC(=O)OCC(CCn1cnc2cnc(N)nc21)COC(C)=O,1,2.8800191653215537,2.0104372505781534,681.5324964048717,-2.71,144286.0801634445,16.81962647737941,13.05967574535998,13.05967574535998,10.952397498181154,7.154800414706784,7.154800414706784,5.134884451245598,5.134884451245598,3.199761398641746,3.199761398641746,2.0391498787022124,2.0391498787022124,16.65693839198825,7.521784648190865,4.904415360517963
COc1ccc2c(c1)c(CC(=O)O)c(C)n2C(=O)c1ccc(Cl)cc1,0,2.856211887899643,2.232371733378278,973.2479304430422,-2.7899999999999996,468921.44290781184,18.137463722575188,13.745695200914662,14.501624146933118,11.917922655570504,7.62053801160924,7.998502484618467,5.665014130168136,6.101449910640121,4.16415369580813,4.416130011147616,2.947004689894498,3.0729928475642407,17.04669994118993,6.607181634243952,3.1046664994872564
O=C(NC(CO)C(O)c1ccc([N+](=O)[O-])cc1)C(Cl)Cl,1,2.4316702479283396,2.821158149823159,480.20675753303044,-1.4099999999999997,20854.00404623344,15.284092571446669,10.070873269423847,11.582731161460758,9.362279762904677,5.48271598351556,6.355587544459529,3.8918314138637067,4.988096073409549,2.549103929777519,2.945495981288462,1.495665801296222,1.6216539589659646,16.64379236148467,7.392954608862727,4.309031435917423
N=C1NC2(c3cc(NC(=O)c4ccc(F)cn4)ccc3F)COCC2CS1,0,3.072832851752241,1.6431147090146225,908.7346782783089,-2.519999999999999,1876726.5185419777,19.018297090128673,14.090659640797028,14.907156221724755,12.976000860295427,8.280161569700839,9.265760129354328,6.45893965728651,7.489196415678519,4.776013036229224,5.73578583716885,3.38856583912174,4.391453979753127,17.87204057893633,6.8962533976709395,3.2789374174624406
O=C(O)C1O[C@@H](OC2[C@H](O)C(NS(=O)(=O)O)C(O)O[C@@H]2COS(=O)(=O)O)C(OS(=O)(=O)O)[C@@H](O)C1O,0,2.6820098156734704,2.461811141618594,1104.7642655235231,-1.2000000000000006,15998435.295395292,27.800600429391718,17.182042594040418,19.631532336823593,16.198996401092344,9.13656272172457,13.306922793865432,7.220406312906395,10.54531737501126,4.671691029734389,6.141081369404181,3.237514513054804,4.62877086287387,31.02034268593364,11.27113667923031,8.410247880238547
Nc1nc(N)nc(NC2CC2)n1,0,2.680973744832066,2.1770477836157407,273.83982642577905,-1.5899999999999999,1077.7514454224906,8.55204176387779,6.4879051564418475,6.4879051564418475,5.737183443017882,3.774162771212039,3.774162771212039,2.794026035414978,2.794026035414978,1.5805761479172886,1.5805761479172886,0.8841644241272912,0.8841644241272912,7.08041457706196,2.4715218422202843,1.5234733779796714
Nc1ccc(C(=O)NCC(=O)O)cc1,0,2.1506746099149447,2.6082838277210323,345.5796288228962,-2.0399999999999996,1264.5966706299876,10.55204176387779,7.357568303562362,7.357568303562362,6.592224152875016,3.9490042090411213,3.9490042090411213,2.6984245469767054,2.6984245469767054,1.5730435041163766,1.5730435041163766,0.8924477949575012,0.8924477949575012,10.04361204013378,4.268383741308158,2.779864720541118
COc1cc(OC)cc(N(CCNC(C)C)c2ccc3ncc(-c4cnn(C)c4)nc3c2)c1,0,3.2646785532247495,1.75664561215145,1214.5345999056497,-3.6499999999999995,35607408.24841766,23.37166824125719,19.740280812696874,19.740280812696874,15.961060093480295,10.963856037533006,10.963856037533006,8.162266716383566,8.162266716383566,5.374012403315564,5.374012403315564,3.680888170110783,3.680888170110783,22.54060985310875,9.871161278160054,5.229801053317472
O=P1(N(CCCl)CCCl)NCCCO1,0,2.186110700925019,2.5822640284816734,201.8664756744443,0.69,1442.8330626105126,10.441311299868556,7.91660018625193,10.322885269288754,6.726492059082182,4.597961710466701,7.244517016956578,2.9469275437115807,5.883786772984459,1.9566243352797223,4.5951889486174045,1.278310390784733,3.920544174917886,12.758073519400952,6.311144001092418,3.36838444118429
OCc1cc(C(O)CNCCCCCCOCCCCc2ccccc2)ccc1O,0,2.77418370835907,1.3851337618374868,692.8029085332719,-1.9199999999999997,5469292.084295073,21.443100532052174,17.931322873908943,17.931322873908943,14.702708600407234,11.135238184370921,11.135238184370921,7.735476862592536,7.735476862592536,5.23553632636815,5.23553632636815,3.3836432849190823,3.3836432849190823,24.350373054269493,14.9673413952666,9.720794934054153
CCC1OC(=O)CC(O)C(C)C(OC2OC(C)C(OC3CC(C)(O)C(O)C(C)O3)C(N(C)C)C2O)C(CC=O)CC(C)C(=O)C=CC(C)=CC1COC1OC(C)C(O)C(OC)C1OC,0,3.2254186293085794,1.6176453809298859,1559.2767842610244,-2.2700000000000005,20498346728423.69,47.79143530309539,39.68130820623638,39.68130820623638,30.076263261113336,22.672433399642962,22.672433399642962,18.7434188304981,18.7434188304981,13.413790962495622,13.413790962495622,9.508826069522968,9.508826069522968,54.3364955694582,24.14422313016189,13.457441189619809
Oc1c(Cl)cc(Cl)c(Cl)c1Cc1c(O)c(Cl)cc(Cl)c1Cl,1,2.4231059252326683,2.641450020385574,615.5770288071316,-0.22000000000000003,36043.700637835944,15.894823035455904,10.024021348621078,14.559595024731808,9.734958562966852,5.442914334093439,7.710701172148804,4.139487202258022,6.524216655238901,2.8338485851017077,5.063169629610221,1.7698728616155308,3.1959947796048547,17.1388771933375,6.492314723370736,3.2624080951290786
NC(=O)C(CCC(F)(F)F)N(Cc1ccc(-c2ncon2)cc1F)S(=O)(=O)c1ccc(Cl)cc1,1,3.280301343432515,2.0332314578424384,1252.5779313453454,-3.0299999999999994,24804037.971981082,25.095647359318296,17.16752763932123,18.73995316626741,15.880865845904959,9.56928899699555,11.387316798805417,7.137203260872466,9.464193642216847,4.796275712807983,6.91717594802872,3.1135117254609805,4.843675727550524,25.590383655916824,10.073143815446763,6.096787215022437
COc1ccc(C(Cl)=C(c2ccc(OC)cc2)c2ccc(OC)cc2)cc1,0,2.745774981346392,2.1384911314610315,861.8471018927728,-2.9099999999999993,1649046.5551970908,19.22540387131522,15.530912574676329,16.286841520694782,13.155728303040549,8.490201158729752,8.86816563173898,5.874486857171397,6.252451330180627,4.3203435098869996,4.7275436366276065,2.81716753009977,3.161373578005505,18.868462264875795,8.6505077697063,4.261780012026584
CC1=C(CC(=O)O)c2cc(F)ccc2C1=Cc1ccc([S+](C)[O-])cc1,0,2.799410528882768,2.0864588896211838,895.6573271795393,-2.369999999999999,426585.37403327174,18.137463722575188,13.87583187460433,14.692328455532056,11.863081100704113,7.739610408983663,9.297688613708585,5.945146796689292,7.324799607944186,4.3046105549734035,5.24063069247022,3.0549744422507508,3.5743338438257255,17.452946972068467,6.86090076898431,3.5244274858450364
Nc1nc(NC2CC2)c2ncn(C3C=CC(CO)C3)c2n1,0,3.007394698504424,1.7339568373952159,704.7972989715104,-2.1500000000000004,128289.44304880172,14.396976746569035,11.605946986573365,11.605946986573365,10.241514740667453,7.301056943267136,7.301056943267136,5.803680855058162,5.803680855058162,4.098384016973035,4.098384016973035,2.7921243136477862,2.7921243136477862,12.580123737360514,4.696423830473371,2.2293171590176106
COc1ncc(-c2ccc3nccc(-c4ccnnc4)c3c2)cc1NS(=O)(=O)c1ccc(F)cc1F,1,2.877575893411334,1.5805957460521645,1699.7845555757008,-4.51,151418089.5525187,25.28588180363029,18.683329989338883,19.49982657026661,17.352505073103423,10.536712904651539,12.019876152245933,7.6826327323083765,9.333456858554301,5.44238284208907,6.841140312062447,3.766284658020634,4.874831983244093,23.24210777330551,9.267482480043812,4.432034947877254
CC(C)NCC(C(=O)N1CCN(c2ncnc3c2C(C)CC3O)CC1)c1ccc(Cl)cc1,1,3.0834161926219648,1.4687164966468385,943.9057985227573,-2.2199999999999993,18587375.490375105,22.827698166887174,18.961073850798805,19.71700279681726,15.346244348298507,11.402133253619024,11.78009772662825,9.128158790298667,9.564594570770652,6.470514776087618,6.722491091427103,4.709538161453597,4.835526319123341,22.955585494064188,9.728883022349716,4.7475713396118495
CC(=O)O[C@H]1C[C@@]2(C)[C@@H](C[C@@H](O)[C@H]3[C@@]4(C)CC[C@@H](O)[C@@H](C)[C@@H]4CC[C@@]32C)/C1=C(\CCC=C(C)C)C(=O)O,0,3.050269441322801,1.8204996345856932,993.6572721139337,-1.6599999999999997,81703040.92486295,27.499271042140983,23.842042060900848,23.842042060900848,17.169081080373807,14.299858789845201,14.299858789845201,13.645763035673326,13.645763035673326,11.568248813139416,11.568248813139416,9.789008064506522,9.789008064506522,28.350642770434703,9.82195377600086,4.400683647621715
COc1cc(NS(=O)(=O)c2ccc(N)cc2)nc(OC)n1,0,2.4631697535856043,2.3363061545836903,709.1726880162948,-2.5500000000000003,45765.694021620526,15.457819157813608,11.399770258456988,12.216266839384714,9.941020132781029,5.798146295019061,7.281309542613452,3.956779374419237,5.639181615828755,2.5031723867297093,3.8738073159588033,1.4955262591464988,2.487664005772605,14.850737505038957,5.833949888961301,3.5097319267527647
S=c1[nH]cnc2[nH]cnc12,0,2.3571021521226503,3.0929120500200673,400.94019739120694,-1.23,372.42214003537873,6.974691494688164,4.957376019843031,5.773872600770757,4.877010097711744,2.7450857894158376,3.1533340798797007,1.831410654821025,2.239658945284888,1.223590315406629,1.5347906111378808,0.7758550882628743,0.977938926368567,5.5469276784676005,1.878150869481981,0.6397521436200604
CCN(CC)C(=S)SSC(=S)N(CC)CC,1,2.2924875731149372,4.041784405967148,200.8589190857419,0.4799999999999999,2714.3052865680856,12.55204176387779,10.355847477601559,13.621833801312464,7.599284072575288,5.5237150319078925,8.490041527096679,3.0430618966044296,6.440025306611316,2.2275241501885508,5.9590137618538765,1.140309120830211,4.199059082202097,16.48,9.503950075898128,5.702690372404801
COc1ccc2cc(CCC(C)=O)ccc2c1,0,2.350461158917119,2.2794935782808614,543.6131589013072,-1.8299999999999996,8299.478352136348,12.25071237662706,10.194811758438577,10.194811758438577,8.185871848001629,5.749671105539444,5.749671105539444,4.249448536331696,4.249448536331696,2.8775573640200314,2.8775573640200314,1.876132645617337,1.876132645617337,11.64944516537148,5.000460648830569,2.842966419126076
CC(C)(C(=O)NCC(F)(F)C(F)(F)F)C(=O)NC1C(=O)Nc2ccccc2-c2ccccc21,1,2.8564182317819027,1.8289348189590635,1098.6791469260297,-3.4999999999999987,11187356.241213582,24.60408352775557,17.517826440330907,17.517826440330907,15.253855748193214,9.785116341569102,9.785116341569102,8.038444765174862,8.038444765174862,5.305526722565146,5.305526722565146,3.237545682720872,3.237545682720872,24.148526077097507,8.451377315949417,4.665025348173184
COc1ccc(-c2oc3c(CC=C(C)C)c(OC4OC(CO)C(O)C(O)C4O)cc(O)c3c(=O)c2OC2OC(C)C(O)C(O)C2O)cc1,0,3.0633205854191914,1.7130231246397767,1679.2800745986501,-3.7699999999999996,26625144652.868324,35.023850589593806,26.587264666653812,26.587264666653812,22.76336566606957,15.237694142685987,15.237694142685987,11.994388977501423,11.994388977501423,8.366787199606351,8.366787199606351,5.520519001051121,5.520519001051121,35.534719089782016,14.376372931848461,6.736524542560579
C=c1c(C(=O)N2CCN(C)CC2)c(C)[nH]c1=Cc1c(O)[nH]c2ccc(S(=O)(=O)N(C)c3cccc(Cl)c3)cc12,0,3.367818098026517,1.55695621611938,1803.1596189656073,-3.729999999999999,518876299.18848544,28.05974897445605,21.95414807631426,23.526573603260438,18.46727138186654,12.433601430995475,14.251629232805342,9.804120290679517,12.209815829104015,7.236695570807171,9.253338642348698,4.878716186957132,6.277368227852081,26.860362283302564,10.104712128986026,4.908169013117903
Nc1nc(Cl)nc2c1ncn2C1CC(O)C(CO)O1,1,2.918930051542239,2.023467355311035,618.4760858872266,-1.4800000000000002,32508.123984025915,13.568549621822843,9.770459244794065,10.52638819081252,9.096555450524585,5.697804208120736,6.075768681129964,4.316739895040157,4.654801596931565,3.1154626273852766,3.2844934783309796,2.171713556439066,2.342820432860267,12.548579346949742,4.566261411123596,2.0203591834007146
CC(Cc1ccc(O)c(O)c1)(NN)C(=O)O,0,2.2285003925825153,2.948160261851516,407.8055448072955,-1.79,2745.5124836616587,12.344934982691242,8.766396934908789,8.766396934908789,7.386864559379061,4.6087603259758145,4.6087603259758145,3.781440288042297,3.781440288042297,2.388095022997688,2.388095022997688,1.2756024097794156,1.2756024097794156,12.280372976776919,4.3777686661371735,2.4142442058702147
CCN(CC)CCOC(=O)c1ccc(N)cc1,0,2.3504301300761905,2.3694575785961214,344.94202439465573,-1.5499999999999998,6430.776835888457,12.673362107437434,10.478888647122005,10.478888647122005,8.168233757796584,5.919862625123017,5.919862625123017,3.7848103820563397,3.7848103820563397,2.6814843342163033,2.6814843342163033,1.5098109339343555,1.5098109339343555,13.51472491909385,6.909922945262059,4.443998045644615
C=CCc1cc(OC)c(O)c(C(=O)NCCO)c1,1,2.375766141059959,3.1083968076599953,442.86253895696314,-2.01,9609.974040587533,13.543605595440512,10.271401704242711,10.271401704242711,8.633758915185936,5.534635045188069,5.534635045188069,3.6665538575184886,3.6665538575184886,2.3766749680530386,2.3766749680530386,1.5427562044927952,1.5427562044927952,14.05253908692933,6.6590486020589665,3.240635964824978
CN(CC(=O)O)C(=N)NP(=O)(O)O,0,1.8095653257517152,4.123832226353019,260.50511347606124,-1.11,314.86436668079847,10.646264369941973,6.759671339614064,7.65409853061398,5.721032672076699,3.0745134764269944,4.686875443597062,2.2542401978350415,3.5659052519911487,1.0056971517227302,1.508787643515247,0.5052584286992753,0.9518802014230716,11.889999999999999,4.21864196543179,6.087902556445013
CCOC(=O)C(C)(C)Oc1ccc(Cl)cc1,0,2.214308296074174,2.715496102823987,357.0315516842347,-1.2199999999999998,2887.458018080723,12.181798275874712,9.619217202345869,10.375146148364324,7.453525587537065,5.072627938259619,5.450592411268846,3.7867627667847863,4.223198547256771,1.9536576188639718,2.2056339342034565,1.1438272339193019,1.269815391589044,12.847658998646821,5.212185200658441,3.417543059890344
Cc1cc(C)nc(NS(=O)(=O)c2ccc(N)cc2)n1,0,2.2671049329375124,2.3305090060525346,675.9193645265303,-2.15,14228.350559115828,14.043605595440512,10.583273677529261,11.399770258456988,8.865010527859459,5.57340142362747,7.056564671221863,4.148848371272201,5.831250612681719,2.398336602797666,3.74240749474653,1.5976707738693903,2.541555037600322,13.285625230484353,4.8483458693548895,3.194614632941851
OCCOCCN1CCN(C2=Nc3ccccc3Sc3ccccc32)CC1,0,2.8832795748644706,1.5034017677237106,803.5186584789169,-1.859999999999999,2561736.2366755847,18.476480726871788,15.381007365936949,16.197503946864675,13.347667890550102,9.458486087383703,10.274982668311429,6.666024559902575,7.749801516389401,4.898789906170252,6.039833264702616,3.453586328466684,4.471266596296782,18.50084730171864,8.885924063609108,4.352616912155156
C[Se]CCC(N)C(=O)O,1,1.822759080813784,3.2659073992264416,96.95878455585174,-0.050519480519480575,80.20139955580649,7.276020881938894,5.332624277180031,7.0456963302758115,4.180739212552622,2.654911126432596,5.579308044933562,1.7262051547045378,3.794066046657614,0.9501769166385938,2.3012342486845205,0.36829336457628337,1.3955873316726348,8.949480519480522,4.793445335869847,4.452658052930391
O=C(OC1Cc2c(O)cc(O)cc2OC1c1cc(O)c(O)c(O)c1)c1cc(O)c(O)c(O)c1,0,2.745814850273822,1.7472605732203803,1221.4274042533714,-4.67,17548920.071957238,24.02421506852332,16.62836257009481,16.62836257009481,15.544621651056174,9.4705431026097,9.4705431026097,7.398788707989219,7.398788707989219,5.15145508456535,5.15145508456535,3.5510570821658263,3.5510570821658263,21.557830262348368,7.786084613077349,3.8680562614814904
CCCCN1CCCCC1C(=O)Nc1c(C)cccc1C,0,2.4887575491955327,2.065054948314816,463.8567122649591,-1.35,57281.24375228438,15.242276208189782,13.61461043102816,13.61461043102816,10.1302289553358,8.242825709114285,8.242825709114285,6.157161444194027,6.157161444194027,4.444516845696183,4.444516845696183,3.134886313422913,3.134886313422913,16.02802883290633,7.599376898652427,4.068068371596222
N=c1cc(N2CCCCC2)nc(N)n1OS(=O)(=O)O,0,2.333931327045427,2.332555750486375,619.9874054522134,-1.81,15095.867823329821,14.043605595440512,10.112081988167276,10.928578569095002,8.865991962219567,5.731663296238122,7.096811667908232,4.202131614701239,5.206664699165047,2.7705810373721906,3.1080350264288805,1.9569027794107783,2.301952999508198,13.617712971713582,5.052938138047801,3.351049863381168
c1ccc2c(c1)sc1ccccc12,0,2.559015159153801,2.6424382599070015,512.8841359099093,-1.3399999999999999,2395.2381889679577,8.673362107437432,7.027050443980871,7.843547024908597,6.449489742783178,4.3129488288431155,5.129445409770841,3.0943809076140205,4.178157864100847,2.284206705392188,3.4360250436229918,1.6747664356189278,2.780816756735679,7.100869988359856,2.5736200453487514,0.9732863141706627
CCCCCCCCCCCCCCCc1cccc(O)c1C(=O)O,1,2.583620066988616,2.009168856460893,482.1607180447509,-1.51,311969.5394688084,18.330216356929817,15.934221225644327,15.934221225644327,12.163902460147018,10.206014848368003,10.206014848368003,7.109055493462926,7.109055493462926,4.892291839289002,4.892291839289002,3.3750404288498848,3.3750404288498848,21.532571306939122,13.743989247851097,9.521997233617995
CN1CCN(C2=Nc3ccccc3Oc3ccc(Cl)cc32)CC1,0,2.7204479247594175,1.8381648390067984,766.6120568595869,-2.0399999999999996,296082.67033911595,15.81119030894213,12.997732559046538,13.753661505064994,11.20350993820667,7.795559720687935,8.173524193697162,5.9360024099808575,6.372438190452843,4.296848611921893,4.531945714709632,2.9538724304536372,3.125975454406505,14.545837274701016,5.870760385193409,2.799077045717136
CCc1oc2ccccc2c1C(=O)c1cc(Br)c(O)c(Br)c1,0,2.894291071568224,2.207612444438483,857.7365897543922,-1.5899999999999999,129479.00537767608,15.853006672199017,11.690847518770441,14.86284059699985,10.524075805453151,6.7566546858037,8.342651224918404,4.8675743560918985,6.57624815444094,3.495653392528215,4.704629899056724,2.434972469946293,3.6214287051469705,15.311239944158608,5.8935932727369975,2.482626690271749
O=C(Cc1cccc(OC(F)(F)F)c1)Nc1ccc(CCCCc2nnc(NC(=O)Cc3ccccn3)s2)nn1,0,3.338754316364607,1.1540115529550814,1417.0772874655975,-4.460000000000001,793349992.8483424,28.37382195237031,21.019097937398467,21.835594518326193,19.214461190569104,12.209970745125819,13.026467326053545,8.584159888952941,9.646231685681725,5.338549325229708,6.2370086850115785,3.6030349961281614,4.4007873204410775,28.545566703085022,13.554756369683835,9.68976673434301
O=C(O)c1ccccc1,0,1.9003726279897948,2.981454614041131,203.415952604261,-1.31,129.22533870330605,6.69023444431199,4.7422132319119505,4.7422132319119505,4.304530452640311,2.5884145455048704,2.5884145455048704,1.671177968192922,1.671177968192922,1.0207396434199782,1.0207396434199782,0.5807298335466442,0.5807298335466442,5.820039011703511,2.306763635550358,1.2877050319358112
COC(=O)C(c1ccccc1Cl)N1CCc2sccc2C1,0,2.966112806780096,1.9432242287829182,655.2314628845675,-1.3599999999999999,102654.19812985235,14.819626477379408,11.7126951677878,13.285120694733981,10.202708600407234,6.81977543233457,8.077392716598691,5.036700294294473,6.444567488233247,3.826599134800867,5.19380134927403,2.7718951289521048,3.9006562580739024,14.571987385583622,6.178250993598703,2.838691255205235
COC(=O)NC(C(=O)NC(Cc1ccccc1)C(O)CN(Cc1ccc(-c2ccccn2)cc1)NC(=O)C(NC(=O)OC)C(C)(C)C)C(C)(C)C,0,3.0843282360055215,1.955024999083035,1574.2277692726852,-5.01,54729404126.64799,37.76900946675572,30.72740544906634,30.72740544906634,24.009607481976893,16.78569693912226,16.78569693912226,14.51054448006219,14.51054448006219,8.205934810718173,8.205934810718173,5.3795451057587576,5.3795451057587576,40.419775408600145,18.291597116963185,12.676170892886663
CC(Cc1cc2c(c(C(N)=O)c1)N(CCCO)CC2)NCCOc1ccccc1OCC(F)(F)F,0,3.209690786138012,1.5332875834884898,1000.4077094250956,-2.979999999999999,49217639.24144924,25.424074484064484,19.735828665615127,19.735828665615127,16.674853712509446,11.638172708984845,11.638172708984845,8.587914887665587,8.587914887665587,5.702343116368692,5.702343116368692,4.222894040438639,4.222894040438639,26.621731318956485,12.12324432708085,7.760347353745652
C=c1c(O)c(O)cc2c1=CC=C1C2(C)CCC2(C)C3CC(C)(C(=O)O)CCC3(C)CCC12C,1,2.7547797708404267,1.6760964841991388,1212.9564316523142,-2.23,15827044.481748816,24.189869965382478,20.71614440321462,20.71614440321462,15.21825067332257,12.427004094594132,12.427004094594132,12.789330344618289,12.789330344618289,11.255021355160755,11.255021355160755,8.562535076343746,8.562535076343746,22.556711459147824,6.458079036089558,2.6109752924459477
CC(C)CC(N)=O,0,1.2729055953200563,3.126006652390634,68.48040587771368,-0.53,19.093583929800843,5.8618073195657985,4.7700556100296625,4.7700556100296625,3.125897657686229,2.409301499263133,2.409301499263133,2.0642838380763795,2.0642838380763795,0.6094327539949542,0.6094327539949542,0.4023689270621825,0.4023689270621825,6.47,2.610921480426842,5.47
Clc1ccc(Cn2c(CN3CCCC3)nc3ccccc32)cc1,0,3.1864922690614046,1.7052872915468742,801.0977189072518,-1.8399999999999994,421458.2134751376,15.6480536021256,13.081048100145397,13.836977046163852,11.29282633568371,8.204144746993972,8.582109220003199,6.212611381321828,6.649047161793814,4.551263467459876,4.80323978279936,3.3356535919550496,3.4616417496247918,14.733395903688434,6.342285867854263,3.120258793917021
Cc1c(C(=O)NN2CCCCC2)nn(-c2ccc(Cl)cc2Cl)c1-c1ccc(Cl)cc1,0,3.062759261483527,1.7998166544360326,1072.7318546646063,-2.0499999999999985,7664689.8132700315,21.250347897697548,16.46076828625154,18.728555124306904,14.435560745775549,9.807354654537868,10.941248073565552,7.3252793936063565,8.60535108129093,5.2085841606016405,5.9983908944377085,3.6878881068203304,4.302424353359497,21.192297624236293,8.982021737166871,4.348415570798966
NC(=O)CCC(N)C(=O)O,0,1.820356593835518,3.4907296603908136,145.8284895747849,-1.1,111.0417522239666,8.146264369941973,5.409974546369657,5.409974546369657,4.536581260209188,2.8043403717939386,2.8043403717939386,1.9497187176048891,1.9497187176048891,1.018938848419683,1.018938848419683,0.4212363029499181,0.4212363029499181,8.9,3.8375573921028465,3.8485659349463233
Cc1ccc2c(c1)c1c(n2CCc2ccc(C)nc2)CCN(C)C1,0,2.8677717934129374,1.7267213137677113,874.2304031004406,-2.13,466334.1068704646,16.681433796945207,14.84127630757037,14.84127630757037,11.614193540729628,8.82296895715775,8.82296895715775,7.1431002805144,7.1431002805144,5.197199822013226,5.197199822013226,3.8413655892149374,3.8413655892149374,15.400758496655467,6.061385532805027,2.7341239059202205
CC1(C)[C@@H](O)CC[C@]2(C)C3C(=O)C=C4C5C[C@@](C)(C(=O)O)CC[C@]5(C)CC[C@@]4(C)[C@]3(C)CC[C@@H]12,0,2.7349767200799553,1.6220208595337786,964.8521460012702,-1.16,20345642.24439439,25.11251969619285,22.461636148554696,22.461636148554696,15.551584006655903,13.726423929453638,13.726423929453638,14.934107381991433,14.934107381991433,13.069962597109802,13.069962597109802,10.362697529680004,10.362697529680004,24.530704646438927,6.98589660268496,2.8109073655864942
CC(c1ncncc1F)C(O)(Cn1cncn1)c1ccc(F)cc1F,0,3.0685019838816165,2.1271464030010665,873.966564339529,-2.809999999999999,537334.5879034615,18.026733258565955,13.143083926730986,13.143083926730986,11.914539350716172,7.372743234540689,7.372743234540689,5.619090216597149,5.619090216597149,4.089727485281649,4.089727485281649,2.7241958121180234,2.7241958121180234,17.02736630276947,6.5951765875062565,3.2249817480260945
O=c1c(CC[S+]([O-])c2ccccc2)c(O)n(-c2ccccc2)n1-c1ccccc1,1,3.031808214680532,1.7553151926474102,1139.473836277784,-3.219999999999999,6455568.595354963,20.216967702877938,15.640853258108951,16.457349839036677,14.16470379794645,9.267228278637388,10.586160171624213,6.514716574020861,8.08541344693275,4.666149429765662,6.039013336935308,3.2493538702758475,4.3352717229572555,19.111903235636287,8.426176651903862,3.8517107573504545
COc1cc2ncnc(Nc3ccc(F)c(Cl)c3)c2cc1OCCCN1CCOCC1,0,2.794230401534003,1.5078739571774324,1046.6849035998564,-2.6799999999999993,13732178.246809222,21.63118126525103,17.236163687353507,17.99209263337196,15.135361590784806,10.115515540858024,10.49348001386725,7.15240839557078,7.559608522311387,5.083026254841418,5.372672716505981,3.4416255033402745,3.6221681335690152,21.548206671462058,10.08499225416898,5.330841061237727
C=C(c1ccc(C(=O)O)cc1)c1cc2c(cc1C)C(C)(C)CCC2(C)C,0,2.5807019811161327,2.0860908096690323,883.1718169872788,-2.349999999999999,449754.41846099513,19.27565640300939,16.440883844661222,16.440883844661222,12.026511117512246,9.214458858186903,9.214458858186903,8.841536417429223,8.841536417429223,6.003212418440121,6.003212418440121,4.0167435063269625,4.0167435063269625,18.441354604835677,6.120036273813249,3.091132918539254
NC1CCCCN(c2c(F)cc3c(=O)c(C(=O)O)cn(C4CC4)c3c2Cl)C1,0,3.437750603835581,1.9767555251185864,986.5493122119224,-2.1199999999999997,2153090.705187055,19.29216426095444,14.750565127700018,15.506494073718473,12.879917853109722,9.188238367224251,9.566202840233478,7.434518435894062,7.81248290890329,5.37859104617387,5.736604133624186,3.8923620574911957,4.301543715677923,18.252967565442383,6.798871129427487,3.1883454818789203
C#Cc1cccc(Nc2ncnc3cc4c(cc23)OCCOCCOCCO4)c1,0,2.739729173530562,1.6740411595146676,1032.2313793343992,-3.34,5826275.183680011,19.890694289244877,15.888863193491664,15.888863193491664,14.330831138144495,9.368653351047005,9.368653351047005,6.310178418424176,6.310178418424176,4.335280127731113,4.335280127731113,2.955773198392132,2.955773198392132,18.997236284197285,9.236317500198718,4.744648890291791
CS(=O)(=O)Nc1ccc([N+](=O)[O-])cc1OC1CCCCC1,1,2.3988977441424266,2.280329220310139,623.4488322566128,-1.8299999999999998,40099.974691084804,15.45781915781361,11.74163832097438,12.558134901902108,9.849155209813961,6.778817796716978,8.670229334775232,5.189669785522787,6.938124984706535,3.3171997398883524,3.9079037546006745,2.3686851402255615,2.9367903347470805,15.55679651322706,6.295390283032251,4.59063586466403
CCCCCCCCCCCC(CC1OC(=O)C1CCCCCC)OC(=O)C(CC(C)C)NC=O,0,2.813294436444706,2.5779952741401506,579.4194352374099,-1.59,26290810.420640815,25.89069428924488,23.02615834762838,23.02615834762838,16.92145261542064,14.530041077362387,14.530041077362387,10.809519269875329,10.809519269875329,7.056267367979539,7.056267367979539,4.904239028951727,4.904239028951727,31.439931158335824,19.58110530205703,13.915176986678182
CCN1CCN(Cc2ccc(-c3cc4c(NC(C)c5ccccc5)ncnc4[nH]3)cc2)CC1,0,3.3090133351267963,1.3034327850199747,1176.453515058019,-3.2199999999999998,65358360.734303795,22.622745096813752,19.45969829939463,19.45969829939463,16.19100448345063,11.885739758012884,11.885739758012884,8.851612433463199,8.851612433463199,6.661697971060541,6.661697971060541,4.552076589767388,4.552076589767388,21.616579882855703,9.728883022349716,4.918470235926171
O=c1cc(-c2cccc3c2Sc2ccccc2S3)oc(N2CCOCC2)c1,1,2.717400942014855,1.5838918784225355,1057.2875241187648,-2.149999999999999,2979401.8712401595,18.21696770287794,14.5130345952721,16.146027757127552,13.275989583278104,8.838349359021972,10.471342520877423,6.378707838583887,8.514683636393956,4.601831925687968,7.216139302514559,3.2791904895355892,5.662999006052936,16.982887192164096,7.110004367878112,3.2877465569550632
NC(=O)OCC(COC(N)=O)c1ccccc1,0,2.2928626630778592,2.643963962615987,362.31763766703165,-2.2399999999999993,5713.813756390025,12.673362107437434,9.166008877745556,9.166008877745556,8.092224152875014,4.987052437352476,4.987052437352476,3.3676866829674807,3.3676866829674807,2.124530402796154,2.124530402796154,1.3312179480771067,1.3312179480771067,12.827750677506778,6.365816485649731,4.873704535396418
NC(=O)c1ccc(-c2nc(-c3ccc4c(c3)OCO4)c(-c3ccccn3)[nH]2)cc1,0,3.4091595691214613,1.6392565926964626,1200.7218117048078,-4.13,10032965.69898859,19.794317972067564,15.254482073853566,15.254482073853566,14.186673185801062,9.005493333830648,9.005493333830648,6.533636441128717,6.533636441128717,4.713706555677671,4.713706555677671,3.2510525898208877,3.2510525898208877,17.001492786422755,6.7932528740716895,3.0813666765366947
CC1(C)SC2C(NC(=O)C(N)c3ccc(O)cc3)C(=O)N2C1C(=O)O,0,2.803609090216051,1.7043464837064854,735.7906646381692,-2.2600000000000002,291485.62989158236,18.516143379015546,13.670786371061961,14.487282951989688,11.630734840239551,7.709501693348966,8.58915450460386,6.653608280395852,8.424493419768412,4.507365693956287,6.078896288803769,3.2214847443168755,4.846881333926201,17.55941929290163,5.921357991514545,2.827120047618735
CN1CCN2c3ccccc3Cc3ccccc3C2C1,0,2.6141296973388872,1.9017661245550799,634.8202783238603,-1.7999999999999994,76322.13064350616,13.526733258565956,11.919006738452742,11.919006738452742,9.826499840494925,7.436433325672088,7.436433325672088,5.975738149618502,5.975738149618502,4.679497501823577,4.679497501823577,3.6398866710785605,3.6398866710785605,11.97999288002848,4.637130177514793,1.831999373482653
CC12CCC3c4ccc(O)cc4CCC3C1CCC2=O,0,2.7412569097074844,1.7284412573952113,576.7809963203815,-1.3099999999999998,62569.18896407333,13.905412915006313,12.062204188220864,12.062204188220864,9.593172145670254,7.9451867937222,7.9451867937222,7.216626093249667,7.216626093249667,6.419141686010243,6.419141686010243,5.33978664756897,5.33978664756897,12.43213917090245,4.094792569960965,1.5377621231173344
CCCCCC(O)C=CC1C(O)CC(=O)C1CCCCCCC(=O)O,0,2.8177026854760974,2.3892234453698933,431.80244996317316,-1.2,271685.7106362908,18.656489770562878,15.400413575617383,15.400413575617383,11.95159616038172,9.742553102734329,9.742553102734329,7.216284954336255,7.216284954336255,5.047496422818042,5.047496422818042,3.542498753851746,3.542498753851746,21.84201680672269,12.201558488356381,8.634319526627221
CC#CC1(O)CCC2C3=C(C4=C(CC3)CC(=O)CC4)C(c3ccc(N(C)C)cc3)CC21C,0,3.0317561981066934,1.673400354914807,1080.3938876478394,-2.3099999999999996,20203271.620464023,22.672997628507925,19.923631346093917,19.923631346093917,15.270805714029752,12.166756380830892,12.166756380830892,10.723143567294205,10.723143567294205,8.90797145974337,8.90797145974337,7.191680782283755,7.191680782283755,21.53125141484778,7.631144053139787,3.1060786587995866
Oc1c2c(c(O)n1CCCCN1CCN(c3nsc4ccccc34)CC1)CCCC2,0,3.3210500825331417,1.1029835002371036,990.3019565239363,-2.2499999999999996,15661833.073620355,20.50142475325411,17.38621231446069,18.20270889538841,14.720346690612276,11.16016276404406,11.933559426178032,8.501201248552114,9.306176025849673,6.6553151934219,7.4722313519078805,4.9260348170899,5.721771725556049,19.698043896087793,8.474148227776285,3.64868293599734
CC1OC(OC2C(O)C(OCCc3ccc(O)c(O)c3)OC(CO)C2OC(=O)C=Cc2ccc(O)c(O)c2)C(O)C(O)C1O,0,2.993493194203024,1.5219036978486047,1301.5247605549519,-3.5100000000000002,3384188757.8803873,32.128663075208394,23.488037291255708,23.488037291255708,20.887156906157262,13.718561987089766,13.718561987089766,10.425004119812959,10.425004119812959,7.270448947831284,7.270448947831284,4.756599656120727,4.756599656120727,33.38437337317867,14.513504829507843,7.76086036928261
CC12CCC3c4ccc(OC(=O)c5ccccc5)cc4CCC3C1CCC2O,0,3.028334062166549,1.371829448188123,889.9208988191018,-2.1299999999999994,4301990.802032556,19.30275414050485,16.434554093822484,16.434554093822484,13.55949864085904,10.642080813171606,10.642080813171606,9.169322678088431,9.169322678088431,7.868025638910014,7.868025638910014,6.334851154434492,6.334851154434492,17.93401604811566,6.734775805255079,2.792042995422955
c1cn2cc(-c3ccc4c[nH]nc4c3)nc(Nc3ccc(N4CCOCC4)cc3)c2n1,0,3.4891051272481786,1.3342895252986113,1349.6589341164527,-3.9099999999999997,40565850.48101255,20.622745096813755,16.823596353795732,16.823596353795732,15.33163247594393,10.308409868590914,10.308409868590914,7.562998724965402,7.562998724965402,5.611618853985665,5.611618853985665,3.961718347611872,3.961718347611872,17.906789527661612,7.406585163051498,3.3638149418356944
O=C1Nc2ccccc2C1=O,0,2.296848604041449,2.635219718518805,343.70022420887335,-1.64,519.0877845133675,7.8449349826912425,5.625897657686229,5.625897657686229,5.287693700234703,3.2355985596534893,3.2355985596534893,2.328832072446573,2.328832072446573,1.626119379099943,1.626119379099943,1.0915115908062705,1.0915115908062705,6.094932395164055,1.919461805555555,0.7411703067794468
CC(C)[N+]1(C)C2CCC1CC(OC(=O)C(CO)c1ccccc1)C2,0,2.740208808746377,1.6645575411751574,557.5065100703199,-1.3899999999999997,286965.6272871556,17.31962647737941,15.019960369756642,15.019960369756642,11.462580854309024,9.182461024956536,9.182461024956536,7.876698953909935,7.876698953909935,6.5411564455148055,6.5411564455148055,4.81963079804538,4.81963079804538,17.433591629584043,6.848749672552722,2.9755377262907485
CC1C(=O)O[C@@H]2OC3(C)CC[C@H]4[C@H](C)CC[C@@H]1[C@@]24OO3,0,2.628280997552574,1.837117533356764,451.54482686786565,-0.6500000000000001,48486.527842849886,14.120955864630139,12.256419923013636,12.256419923013636,9.461779516509589,7.71305791902739,7.71305791902739,7.135665932790236,7.135665932790236,5.973959377506209,5.973959377506209,4.762194699347521,4.762194699347521,13.043617404621415,3.95962278386191,1.460653327339192
CCN(CC)CC(=O)Oc1ccc(NC(C)=O)cc1,0,2.3739420082318783,2.526417078971675,424.8221466156208,-1.88,14205.66897725956,14.25071237662706,11.602679887209694,11.602679887209694,9.04524385550833,6.3543140369905275,6.3543140369905275,4.141023961674369,4.141023961674369,2.65350489402303,2.65350489402303,1.6030822617111034,1.6030822617111034,15.178411214953275,7.531792981893928,5.524332676033873
CC(C)(C)c1ccc(S(=O)(=O)NCc2ccc(C(=O)Nc3cccnc3)cc2)cc1,0,2.727479594598706,1.6180219749264637,1103.1098535393348,-3.029999999999999,4034575.095677433,21.77781011412251,17.215516768817473,18.0320133497452,14.148815038336078,9.555961675658128,11.039124923252524,7.991676415099832,9.758629645872224,4.63248575417412,6.049631115995622,2.809700072569566,3.8274410689474916,21.673440372356204,8.769570563786408,5.522367992666809
Cc1ccc(Cl)c(Nc2ccccc2C(=O)O)c1Cl,0,2.3930773530840237,2.4792257516581118,641.3382452943695,-1.7099999999999995,18508.06024875184,13.991199352633217,10.075492447120032,11.587350339156941,9.002907755397974,5.543729287703723,6.2996582337221785,4.0290022487890695,4.814166848538902,2.7013371654984764,3.5033809778000564,1.6845329539413543,2.1496694044056976,13.715440199973633,5.510041665937221,2.8291148066246747
CCCCCCOC(=O)N=C(N)c1ccc(NCc2nc3cc(C(=O)N(CCC(=O)OCC)c4ccccn4)ccc3n2C)cc1,0,3.3826451305831533,1.405762039342767,1651.932147673626,-5.26,16725636331.496096,32.890329810315365,26.569473690773545,26.569473690773545,22.299264050931818,15.4936975064641,15.4936975064641,10.593266632550153,10.593266632550153,7.302696400354231,7.302696400354231,4.789915795156726,4.789915795156726,33.629405722679785,16.711547165268897,9.130074796960628
OCCN1CC(O)C(O)C(O)C1CO,0,2.155133141042913,2.659759423062189,179.11457394522589,-0.24000000000000002,1243.5118223817608,10.71517847069432,7.821109774504443,7.821109774504443,6.612590865130757,4.614203203983723,4.614203203983723,3.5169973995109673,3.5169973995109673,2.6032175904774766,2.6032175904774766,1.7638942004908216,1.7638942004908216,11.832674418604652,5.01417687680998,2.220908077805413
CNS(=O)(=O)CCc1ccc2[nH]cc(C3CCN(C)CC3)c2c1,0,2.9689912142538244,1.8222823844320006,774.2324300330147,-1.37,211677.19761144067,16.449382989376332,13.801350499958964,14.61784708088669,10.982295026665216,8.179910987711736,9.832176214031891,6.474498848906533,8.520491182041392,4.907017562924556,6.270607654649899,3.356497732424396,4.065052877334475,16.486464513485423,6.628798902868981,3.761443231949283
O=C(c1ccc(F)c(F)c1Nc1ccc(I)cc1F)N1CC(O)(C2CCCCN2)C1,0,2.70832504139306,1.5677877068772115,976.2092157542286,-1.85,4576527.654945993,21.465890847321372,16.02127567575773,18.17877396693405,14.281512747295848,9.734698424452874,10.813447570041035,7.800378872217371,9.046011091404177,5.691533966140903,6.36252506946699,4.036103426665051,4.489300159650159,21.384641060059927,8.351218106514597,4.019336348156143
CN(C)CCOC(c1ccccc1)c1ccccc1,0,2.451170833411098,2.1446055624492186,427.63544259070466,-1.6399999999999997,26276.551334166972,13.501789232183626,11.620528409422803,11.620528409422803,9.270856947829095,6.633749826242627,6.633749826242627,4.875473769921051,4.875473769921051,3.027662328414849,3.027662328414849,1.9936928907532845,1.9936928907532845,13.783863566244703,7.073267029461437,4.194495435474983
NC(=O)Cc1cccc(C(=O)c2ccccc2)c1N,0,2.408504369711069,2.4064052858396368,621.297630273375,-2.6199999999999997,20828.745789261324,13.828062645816686,10.297106054010534,10.297106054010534,9.092224152875016,5.847405879219289,5.847405879219289,4.216611187118913,4.216611187118913,2.841709085233016,2.841709085233016,1.8979142881026445,1.8979142881026445,12.82705698519918,5.350651988847621,2.796164282397844
CC(=O)O[C@@H]1CC[C@]2(C)C3C(=O)C=C4C5[C@@H](C)[C@H](C)CC[C@]5(C)CC[C@@]4(C)[C@]3(C)CC[C@H]2[C@@]1(C)C(=O)O,0,2.7949751840043704,1.6206276114989164,1061.3966796574236,-1.65,86406006.58427724,27.34457050376173,24.27851289117517,24.27851289117517,17.05969128063262,14.726436014425227,14.726436014425227,15.01308566858915,15.01308566858915,13.508048052939648,13.508048052939648,11.02096145826566,11.02096145826566,26.93726058294813,8.177892174674334,3.3013411450949355
C=CCc1cccc(C=NNC(=O)CN2CCN(Cc3ccccc3)CC2)c1O,0,2.729928813734223,1.4181590536658306,843.2112687278563,-2.9599999999999995,4021949.522698356,20.476480726871785,16.627459613852334,16.627459613852334,14.152198343190415,9.877435652261688,9.877435652261688,7.178842636729664,7.178842636729664,4.989059934923571,4.989059934923571,3.394990365776381,3.394990365776381,20.76603637355235,10.547785640647668,6.270882223065955
CC1OC(OC2CC(O)C3(CO)C4C(O)CC5(C)C(C6=CC(=O)OC6)CCC5(O)C4CCC3(O)C2)C(O)C(O)C1O,1,3.4488716189248274,1.2820328741188138,1084.0151789255772,-1.1900000000000002,1204589290.6701365,29.69794165489025,23.50286618680955,23.50286618680955,19.219835556686963,14.86305457458948,14.86305457458948,13.827519523854084,13.827519523854084,12.171637429982852,12.171637429982852,10.08836591637096,10.08836591637096,29.862734646286807,9.913743724622808,3.9894758802941084
COC1CCN(C(=O)c2cc(Cc3n[nH]c(=O)c4ccccc34)ccc2F)CC1,0,2.765065242711331,1.6036472771284087,1103.8979542744314,-3.059999999999999,4985788.681481538,20.38010440969447,16.15147259485048,16.15147259485048,14.062881945713373,9.633444506127953,9.633444506127953,7.263245741653639,7.263245741653639,5.4702784140070735,5.4702784140070735,3.81078642937319,3.81078642937319,19.264858189070733,8.126207150619834,3.9095457038448957
COc1ccccc1OCC(O)CO,0,2.2574522041786462,2.569521757324299,274.57943773881374,-1.2600000000000002,1632.1379436211612,10.38890505706126,8.011888680248868,8.011888680248868,6.774386907679234,4.32344522140389,4.32344522140389,2.7982611243113285,2.7982611243113285,1.7110462467365632,1.7110462467365632,0.9767227693673842,0.9767227693673842,10.818492935635792,5.46596949475999,2.901235761171523
Cc1cn(C2CC(N=[N+]=[N-])C(CO)O2)c(=O)[nH]c1=O,0,2.770402711217943,2.3418569370217903,629.5425620141572,-2.09,22562.15968015893,13.991199352633217,10.18442748802298,10.18442748802298,9.062080607913938,5.690837383582931,5.690837383582931,4.298380370431165,4.298380370431165,3.0401842974485507,3.0401842974485507,2.0380975383013538,2.0380975383013538,13.344207765672458,5.268544354094518,2.525949955530779
CCN1CCN(C(=O)NC(C(=O)NC2C(=O)N3C2SC(C)(C)C3C(=O)O)c2ccccc2)C(=O)C1=O,0,3.1029078753752044,1.5080340161046575,1127.109136648965,-3.609999999999999,71779220.35537256,26.36107836170678,19.964065181513153,20.78056176244088,16.973270095340645,11.469536002520302,12.349188813775196,9.219203811798092,10.990088951170648,6.571314783984495,8.142845378831973,4.699151731877185,6.324548321486511,25.481937967128644,9.4490900004599,4.271776707247516
CCN1CCC[C@@H]1CNC(=O)c1cc(S(N)(=O)=O)ccc1OC,1,2.9809485999643224,2.1429292572333574,675.2996041218233,-1.64,143168.99935908648,17.035169427003233,13.410740299700143,14.227236880627869,10.862721870796165,7.5955013660894775,9.141820844011038,5.541765896369493,7.103188953837079,4.147598673660337,5.058598273781707,2.889874442389188,3.429711912182788,17.709781266701015,7.287380626786722,4.2132847582854405
Cc1nc2c([nH]1)-c1ccccc1N(C(=O)c1ccc(NC(=O)c3ccccc3-c3ccccc3)cc1)CC2,1,3.2668588271664563,1.2282496716747175,1638.1633864936869,-4.969999999999999,777478739.1522615,26.06190268556917,20.940091910524377,20.940091910524377,18.58052003591841,12.609207984022023,12.609207984022023,9.310930758352875,9.310930758352875,6.824897881051071,6.824897881051071,5.013502879147761,5.013502879147761,23.42986575222006,9.823793953412622,4.369047900770811
CC(C)(C)NC(=O)C1CC2CCCCC2CN1CC(O)C(Cc1ccccc1)NC(=O)C(CC(N)=O)NC(=O)c1ccc2ccccc2n1,0,3.0611652911659837,1.3531975435934802,1625.6024314296826,-4.35,48770043313.12044,35.13081678632151,28.730899824447526,28.730899824447526,23.357195600660937,17.394416406729412,17.394416406729412,14.707099894608369,14.707099894608369,9.673452417546752,9.673452417546752,7.2642115304966435,7.2642115304966435,35.943823258820636,15.907355493348835,9.85622067816918
O=C(O)c1cc(-c2ccc(F)cc2F)ccc1O,1,2.2967779949582465,2.575667363709463,623.6285760476572,-2.43,10477.90121299952,13.284092571446669,9.022706042619989,9.022706042619989,8.486071002992368,5.0053699571662875,5.0053699571662875,3.661249034737413,3.661249034737413,2.4690984589629457,2.4690984589629457,1.5984658036932646,1.5984658036932646,12.038231736831621,4.444356970002065,2.1513012979588226
C#CCN(C)Cc1ccccc1,0,2.0612136711785167,2.480668698760722,258.082643467882,-1.2599999999999998,585.3846826146987,8.811554787871634,7.325528773010809,7.325528773010809,5.825698502695489,3.9861346458379545,3.9861346458379545,2.862012800685914,2.862012800685914,1.6565205045968892,1.6565205045968892,1.1068319720150854,1.1068319720150854,8.833109869646183,4.583982660084925,2.7734471119925246
NC(=O)CN1CC(O)CC1=O,0,2.093514055974219,2.46832825639117,192.2664170552278,-1.1,278.4373694445711,8.430721420318147,5.986944653866535,5.986944653866535,5.092224152875015,3.334788006703766,3.334788006703766,2.598521670057596,2.598521670057596,1.540784125580333,1.540784125580333,1.0922692365642697,1.0922692365642697,8.001010101010102,2.874846022462606,1.9086032160713482
C=C(C)C1CCC2(C(=O)O)CCC3(C)C(CCC4C5(C)CCC(O)C(C)(C)C5CCC43C)C12,0,3.1293786579500087,1.5651917176450345,860.6030229407056,-0.8300000000000001,18890622.573240202,24.18986996538248,22.04495168965356,22.04495168965356,15.255160827992318,13.824559372033201,13.824559372033201,14.52287890325912,14.52287890325912,13.472202448686204,13.472202448686204,11.50172808891443,11.50172808891443,23.89063250911185,7.109935629798443,2.7520231225622642
C[C@H](CCC(=O)NCCS(=O)(=O)O)[C@H]1CC[C@H]2[C@@H]3[C@@H](O)C[C@@H]4C[C@H](O)CC[C@]4(C)[C@H]3CC[C@]12C,0,3.093908776910952,1.38682603571531,863.352151298812,-0.7000000000000002,25422960.90466376,24.888540578131746,21.078717476110906,21.89521405703863,15.848826315353405,13.428936895939529,15.03810220346593,12.604616835162428,14.17669369665241,10.924666770336339,11.644698434736657,9.143239108642549,9.50325494084271,26.365500990369508,9.637889738646296,4.936061006340083
CC1(C)SC2C(NC(=O)Cc3ccccc3)C(=O)N2C1C(=O)O,0,2.741987834077,1.66490359617118,661.3038986246086,-2.02,129114.72313101777,16.775656403009393,12.853329287558925,13.669825868486651,10.809367635193633,7.371634471739616,8.25128728299451,6.30570597673362,8.076591116106181,4.198926417267647,5.770457012115132,3.151138395146921,4.776534984756248,15.859752401338886,5.559882097428595,2.692385835603269
CC1(C)C(C(=O)O)N2C(=O)CC2S1(=O)=O,0,2.1869373169177084,2.5715224627809734,451.6524873640715,-1.11,1401.826820144251,11.593858127134677,8.29747596288503,9.113972543812757,6.709230991019562,4.484171354665688,6.030490832587249,4.349015967766058,7.035385189777079,3.2095621755655994,6.0095926898197725,2.228282988536022,4.355376298653307,10.409231922840476,2.520200086547386,0.9606841030180705
CCOC(=O)c1c(C)n(C)c2ccc(O)cc12,0,2.514991551019955,2.724312611275823,583.8523669684112,-1.9699999999999998,7615.394416488424,12.576985790260121,10.15008136068307,10.15008136068307,8.057749310264365,5.510098066707704,5.510098066707704,3.941349374142758,3.941349374142758,2.9553036599650677,2.9553036599650677,2.0209529605448715,2.0209529605448715,11.513497683888872,4.125142550519024,1.7533355056803268
Cc1cc2c(C(C)C)c(O)c(O)c(C=O)c2c(O)c1-c1c(C)cc2c(C(C)C)c(O)c(O)c(C=O)c2c1O,0,2.828542129330573,2.274743429153191,1554.0159185858968,-4.46,141736305.72085428,28.375432508538708,21.963879769065226,21.963879769065226,17.791906535431785,12.181847460807912,12.181847460807912,10.273495469602024,10.273495469602024,7.2247590556496055,7.2247590556496055,5.6021295342562505,5.6021295342562505,26.598740314728083,9.13110351007032,3.5105724335597293
CCCCCCCCCCCCCCCCCC(=O)OC,1,2.504167673057648,2.9775135900228027,213.61189310154847,-0.53,40352.15788365094,15.598165549360939,14.630205079912491,14.630205079912491,10.308060412490448,9.377156752707545,9.377156752707545,6.2758800814659095,6.2758800814659095,4.212125131752582,4.212125131752582,2.742719983473014,2.742719983473014,20.47,17.52136106831022,17.418789488448905
Clc1ccc(COC(Cn2ccnc2)c2ccc(Cl)cc2Cl)cc1,0,3.062673500491499,1.7958913326646333,788.5333762573993,-1.5199999999999991,409013.9206436387,16.94094682093905,12.701635423950442,14.969422262005809,11.614193540729628,7.383558655253439,8.517452074281122,5.351424651565909,6.631496339250487,3.6096520959373617,4.424052349418573,2.3671095009294794,3.0232868027310813,17.307806612841215,8.037542511872491,4.516794811827381
CCCCCCCCCCCCCCCC[N+](C)(C)C,0,2.377400524330807,2.994006783312741,180.69549589470012,-0.04,17533.3288669397,15.106601717798217,15.053815313298175,15.053815313298175,9.560660171779821,9.36497533370326,9.36497533370326,7.610124960012926,7.610124960012926,4.182487666851629,4.182487666851629,2.780688696163251,2.780688696163251,19.960000000000004,13.92093613425791,17.959999999999997
Clc1ccc(C(Cn2ccnc2)OCc2c(Cl)cccc2Cl)c(Cl)c1,0,3.064298900748768,1.857108340568973,832.0373328004229,-1.229999999999999,599588.3016106107,17.811190308942127,13.002249627770043,16.025965411843863,12.041713895658196,7.495190622568426,9.007048514605337,5.425170545857955,7.083206706551759,3.7357540981805686,5.006397830078816,2.44381375020829,3.480556520923945,18.55779640619558,8.434163357217534,4.6889348534237705
CO[C@H]1/C=C/O[C@@]2(C)Oc3c(C)c(O)c4c(O)c(c(C=NN5CCN(C6CCCC6)CC5)c(O)c4c3C2=O)NC(=O)C(C)=CC=CC(C)[C@H](O)[C@@H](C)[C@@H](O)[C@@H](C)[C@H](OC(C)=O)[C@@H]1C,0,3.892300951662391,1.4724672499900213,2189.66564605718,-5.16,40679198916371.44,46.07589235347156,37.752555084583456,37.752555084583456,29.80336367269796,21.915999031455712,21.915999031455712,17.79009950946496,17.79009950946496,13.515156752994997,13.515156752994997,9.473327139792119,9.473327139792119,47.322106658681925,19.295288586152214,9.40181007478149
COC1C(=O)C(C)C[C@H](C)/C=C/C=C/C=C(\C)[C@@H](OC)C[C@@H]2CC[C@@H](C)[C@@](O)(O2)C(=O)C(=O)N2CCCCC2C(=O)O[C@H]([C@@H](C)C[C@@H]2CC[C@@H](OCCO)[C@H](OC)C2)CC(=O)C(C)=CC(C)[C@H]1O,1,3.319188802289922,1.6977469632012776,1809.0647202043679,-3.41,212329021275346.72,50.29358901420851,42.433192678693025,42.433192678693025,32.28758812651852,25.012409570543472,25.012409570543472,20.16827957993764,20.16827957993764,14.888229815978029,14.888229815978029,10.51387884181456,10.51387884181456,57.171296578998714,27.263010126317436,15.295334812898565
Cc1ccc(C(=O)c2cc(O)c(O)c([N+](=O)[O-])c2)cc1,0,2.4107462419365646,2.498650958063002,691.4556053660622,-2.8900000000000006,27193.21760904445,14.861442840636295,10.53048727302922,10.53048727302922,9.396754605515326,5.716160653577151,5.716160653577151,4.315363889799644,4.315363889799644,2.842322246554257,2.842322246554257,1.7460589350316071,1.7460589350316071,13.539548732956249,5.004554624716358,2.4403764926133196
Cc1cc(-c2ccc(N=Nc3ccc4c(S(=O)(=O)O)cc(S(=O)(=O)O)c(N)c4c3O)c(C)c2)ccc1N=Nc1ccc2c(S(=O)(=O)O)cc(S(=O)(=O)O)c(N)c2c1O,1,3.0944442113744937,1.3012734820664704,3079.5347357599344,-6.12,1399919185138.4043,42.86071388277726,29.454019209220696,32.72000553293161,26.783767962794258,15.90125320014112,21.661506515343678,12.587536826650615,18.147373167785663,8.807633529984553,12.381943280642545,6.0368083066807205,8.909086699931478,41.512128042158494,14.363286734881164,7.76580436930591
CNCc1ccc(-c2cc(-c3nc(-c4ccc(S(=O)(=O)C(C)C)cc4)cnc3N)on2)cc1,0,3.3002809160157414,1.6330049067572312,1362.2424204965753,-3.5599999999999996,32886692.076408315,23.58721119088101,18.609943959817386,19.426440540745112,15.79006212916406,10.471726418811734,12.018045896733295,7.910887807011505,10.415119906061154,5.27416106430394,7.444597177426042,3.326710001741296,4.386480881666968,22.627433577459144,9.12619065120786,4.6426496583592884
CCC(C(=O)O)c1ccc(N2Cc3ccccc3C2=O)cc1,0,2.859467168480629,1.8599834279041585,721.367057001119,-2.619999999999999,142412.90285900925,15.689869965382487,12.321289757007373,12.321289757007373,10.613392202930195,7.340272655399493,7.340272655399493,5.439048706817095,5.439048706817095,4.134857415211116,4.134857415211116,2.9023836916067305,2.9023836916067305,14.322848067093647,5.638183064887291,2.367570778891223
OC(CC1c2ccccc2-c2cncn21)C1CCCCC1,0,3.1130544904452515,1.6020766576060719,627.6534933598022,-1.61,166971.7906495215,14.233840039752504,12.280433896325794,12.280433896325794,10.343336592900531,8.135628280053822,8.135628280053822,6.490339422575927,6.490339422575927,5.256317727837583,5.256317727837583,4.112971681444915,4.112971681444915,13.080763099474359,5.301014561742258,2.199714000561311
O=C(C(O)CO)C(O)C(O)CO[C@H]1O[C@H](CO)[C@H](O)[C@H](O)[C@H]1O,0,2.5616085122386165,2.571100215594137,376.01843836179484,-0.7300000000000001,82255.81093649422,17.731686328639373,12.042576132467905,12.042576132467905,10.738488522816992,6.850316738777817,6.850316738777817,5.143535848845465,5.143535848845465,3.4370323642470715,3.4370323642470715,1.9663869469091877,1.9663869469091877,20.314903457566228,8.937565236662351,4.870433971610426
O=S(=O)(O)NC1CCCCC1,0,1.8549845694438387,2.3624570277062533,205.86728533313538,-0.13000000000000006,244.8579631665867,8.319990956308914,6.284842642013912,7.101339222941638,5.0782982619848624,3.8252033799228595,5.2652667087235,2.927851336054038,4.113686276105869,1.9207680547236163,2.551960733125771,1.4310581699513056,2.0879971558227157,8.961996320147193,3.511902541144525,3.690706617909415
COc1ncnc(NS(=O)(=O)c2ccc(N)cc2)c1OC,1,2.4659398480476185,2.3899975449548014,731.4226880162947,-2.55,47849.096811515985,15.457819157813608,11.399770258456988,12.216266839384714,9.974693637592244,5.789980209823797,7.27314345741819,3.9393351954774336,5.621737436886953,2.590056262338286,3.944902133985588,1.592848506023127,2.6050332314132127,14.850737505038957,5.833949888961301,3.135142847465663
Nc1nc(CC(=O)Nc2ccc(CCNCC(O)c3ccccc3)cc2)cs1,0,3.1109301641637606,1.3844210166167135,880.9359450299479,-2.7399999999999984,2825172.563004334,19.769373945685235,15.467554126949347,16.28405070787707,13.59735678832402,9.123454490890047,10.003107302144942,6.479562779634083,7.3692437466556875,4.261362851240895,4.9840690151886955,2.7928043850036284,3.3555852941984283,20.006136898613338,9.982851660602822,6.158670939768121
COC(=O)C1=CCCN(C)C1,0,2.030811816681678,2.573324204324121,186.53107956171817,-0.8300000000000001,328.9915143024319,8.267584713501616,6.962380789176953,6.962380789176953,5.236382105218448,3.69664252411331,3.69664252411331,2.7474023219919683,2.7474023219919683,1.7894027525923664,1.7894027525923664,1.1725466412472951,1.1725466412472951,8.268328416912487,3.5289206965279107,2.048502439285113
O=C(NC1CN2CCC1CC2)c1cc2cccc(Cl)c2s1,0,2.941536856695746,1.5475888087721654,690.6418466771576,-1.0999999999999999,137781.58636762874,14.396976746569035,11.641310170507406,13.213735697453588,10.20350993820667,7.418158514616575,8.612619568553528,5.986830294232705,7.446229262296553,4.692504146437851,6.302427397070066,3.507540060459244,4.77290565899712,13.555193455502373,5.269488605215757,2.454084587722369
COC(=O)c1ccc2c(C(=Nc3ccc(N(C)C(=O)CN4CCN(C)CC4)cc3)c3ccccc3)c(O)[nH]c2c1,0,3.3113607565941607,1.4438553491218142,1537.5053331667784,-4.469999999999999,1276533492.3181849,28.225039392385703,22.92454998509963,22.92454998509963,19.333738893542467,13.187858805868398,13.187858805868398,9.975564107172978,9.975564107172978,7.290683535346994,7.290683535346994,4.8558429905055105,4.8558429905055105,27.110325720717036,11.729376777520892,5.753478374899378
CC(C)(C)[C@]1(O)C[C@@H]2OC(=O)C[C@@]23C(=O)O[C@@H]2OC(=O)C(O)[C@]213,0,2.996531999079888,2.0498904363654957,650.3525423213082,-1.6700000000000002,143749.6330598604,16.999635521070495,12.99018130372507,12.99018130372507,10.520528053368542,7.537266340698214,7.537266340698214,7.886705153373465,7.886705153373465,6.218481198119952,6.218481198119952,5.148829789573288,5.148829789573288,14.892972749843779,3.6968314362469417,1.2037224868483885
CN1CC(=O)N2C(Cc3c([nH]c4ccccc34)[C@H]2c2ccc3c(c2)OCO3)C1=O,0,3.339663472832097,1.5913979833793046,1184.014141782871,-3.479999999999999,10567249.612177245,19.697941654890258,15.844893119121647,15.844893119121647,14.11419354072963,9.667664202965488,9.667664202965488,7.7932780202764596,7.7932780202764596,6.1655656594894825,6.1655656594894825,4.836353017773126,4.836353017773126,16.47223551923926,5.761738136388627,2.2392962136056878
CC/C=C\C/C=C\C/C=C\C/C=C\C/C=C\CCCC(=O)O,0,2.4982645775037025,3.4564769754666655,397.93030678352864,-1.8299999999999996,61147.52379898062,16.30527233054749,13.785818827352465,13.785818827352465,10.770055610029663,8.237540686067028,8.237540686067028,4.994047004412524,4.994047004412524,2.919130680318675,2.919130680318675,1.7397267642779166,1.7397267642779166,20.17,17.222164840897236,18.17
Fc1ccc(-c2c3cccc(C(F)(F)F)c3nn2Cc2ccc(F)cc2Cl)cc1,0,3.0155964682055005,1.962328072748182,1196.3889516770219,-2.9299999999999993,3601297.6766462456,20.75878406613483,14.642823502138086,15.398752448156541,13.736202008657775,8.504306183752547,8.882270656761774,6.448379999907464,6.85558012664807,4.528252204143785,4.880100715335989,3.2187917359042326,3.445780628982811,19.38918862089764,7.150417469578299,3.697722016451092
COc1cc2nccc(Oc3ccc(NC(=O)C4(C(=O)Nc5ccc(F)cc5)CC4)cc3)c2cc1OC,0,3.72839577115851,1.2698894949856234,1468.185545486659,-4.659999999999999,426667470.81488234,25.99298858481683,20.208836313477107,20.208836313477107,17.912183810523132,11.588579573906852,11.588579573906852,8.6571161551606,8.6571161551606,6.268239282575882,6.268239282575882,3.986668960719309,3.986668960719309,24.052939222272133,9.76991706006254,4.881733843781697
COC(=O)Nc1nc2cc(Sc3ccccc3)ccc2[nH]1,0,2.8926269211743487,1.8423566081333518,770.9445949998749,-2.469999999999999,101137.80767193993,14.656489770562878,11.290760620408557,12.107257201336283,10.241514740667453,6.320675941127092,7.137172522054817,4.296061795956984,5.44299498277098,2.839289277386617,3.8367932188392704,1.8806341822808246,2.752655834363551,13.510186765284027,5.884696644519412,3.168294060081642
CC(C)CC(NC(=O)C1OC1C(=O)O)C(=O)NCCCCN=C(N)N,0,3.294173848481347,2.4032635814262258,518.4414648186118,-2.3600000000000003,307698.8966650972,18.98276318419594,14.527055873925864,14.527055873925864,11.718121810561245,8.237352968806087,8.237352968806087,6.3109653416307925,6.3109653416307925,3.5119738673618475,3.5119738673618475,2.2360925287352047,2.2360925287352047,20.68416961130742,9.819720360763247,7.835016640234525
N#CC(c1ccc(Cl)cc1)c1c(Cl)cc(-n2ncc(=O)[nH]c2=O)cc1Cl,0,2.5869784619381244,2.1241843975373262,1107.2205392143892,-2.5899999999999994,648007.060973957,18.844570503761737,12.91083293997229,15.178619778027654,12.401085903164898,7.234982564779226,8.368875983806907,5.287530689380107,6.538366723333304,3.6424614878372554,4.519855820153335,2.4671119517061184,3.286862252551587,18.208568180772755,7.3400627842025346,3.5096942311687287
C/C=C/C[C@@H](C)[C@@H](O)C1C(=O)NC(CC)C(=O)N(C)CC(=O)N(C)C(CC(C)C)C(=O)NC(C(C)C)C(=O)N(C)C(CC(C)C)C(=O)NC(C)C(=O)NC(C)C(=O)N(C)C(CC(C)C)C(=O)N(C)C(CC(C)C)C(=O)N(C)C(C(C)C)C(=O)N1C,0,3.6235714976617714,4.320268725023782,2325.0756756660257,-6.130000000000002,7.704497105315536e+16,65.97699784625158,56.065192811200475,56.065192811200475,39.20908852409762,30.561842569458122,30.561842569458122,26.092602009282324,26.092602009282324,16.076565622203677,16.076565622203677,10.681299011251538,10.681299011251538,76.88267909217701,34.871505276546664,21.65558178074552
O=C(O)c1cccnc1Nc1cccc(C(F)(F)F)c1,0,2.3823312318143866,2.337930511639871,641.5085495074974,-2.569999999999999,26005.527726485845,14.75071237662706,9.978020784818842,9.978020784818842,9.376028663351637,5.50319234630029,5.50319234630029,3.9082855584495926,3.9082855584495926,2.490758463221081,2.490758463221081,1.5874863150051501,1.5874863150051501,13.852298565439053,5.198975853293884,3.0549541102261673
O=C(O)C(=O)CBr,0,1.6457113704075785,3.577919926272439,98.3531421217447,-0.3800000000000001,27.977093296928835,5.861807319565799,3.348781430623459,4.934777969738163,3.1807392125526213,1.50266972071954,2.6241386284659427,0.8619595205747042,1.4226939744479057,0.35990572131544735,0.8691918304499704,0.05715795151285888,0.2970014282304899,6.619999999999999,2.7371858599319103,2.331743772241993
Cc1noc(-c2ccc(-c3ccc(CC(=O)O)cc3)cc2)c1NC(=O)OC(C)c1ccccc1,0,3.1937248020991147,1.4780929736158235,1279.11720978499,-4.39,55305502.44976462,24.078775022443736,18.81743090269668,18.81743090269668,16.401887240964335,10.808536820244042,10.808536820244042,7.900118196934317,7.900118196934317,5.432300047782321,5.432300047782321,3.601857960892546,3.601857960892546,22.79147987971925,10.039046485370418,5.321910758468576
FC(F)(F)c1ccc(CNc2ccc(Cc3c[nH]c4ncc(Cl)cc34)cn2)cn1,0,3.0883816007506795,1.3931155218969034,1121.778107410945,-3.1299999999999994,4606778.237996549,20.432510652501765,14.963864663616514,15.71979360963497,13.881161298800643,8.70765271809258,9.085617191101807,6.495080826159354,6.931516606631339,4.391511015089513,4.598209967502363,2.921464443656115,3.079368392421538,19.197931224008727,7.710342252351122,4.482436680664137
CC(C)(ON=C(C(=O)NC1C(=O)N2C(C(=O)O)=C(C[n+]3ccccc3)CS[C@H]12)c1csc(N)n1)C(=O)[O-],0,3.279136562262607,1.55104493151272,1323.7814590181501,-3.9799999999999995,130887863.90568937,26.905048436076797,19.612420286290426,21.24541344814588,17.490908185545685,10.832462065835083,12.760869667070635,8.566011456717378,10.560684929320928,5.523524570560925,7.537048903119478,3.5724942949441827,5.4554855790601335,26.093498250863785,10.178030370239119,5.26677228913719
CC1COC2(CCN(c3nc(=O)c4cc(C(F)(F)F)cc([N+](=O)[O-])c4s3)CC2)O1,0,3.0040652082107826,1.7142428114388715,1033.3710374667742,-2.31,3004690.0537740905,20.974327015758654,15.19260866181235,16.009105242740077,13.577935925959435,8.851381804586818,9.667878385514545,7.0657220460688,8.043242853434704,5.007113040216336,6.1723487798770185,3.5802008296816825,4.6972261943055855,19.98280208953846,6.885756159346898,3.6685773978004943
NCC(=O)Nc1ccc(-n2nc(C(F)(F)F)cc2-c2ccc3c(ccc4ccccc43)c2)cc1,1,3.3006809614668304,1.621848209262739,1521.457484706288,-4.169999999999999,68474092.04797629,23.871668241257183,17.803929719522397,17.803929719522397,16.329849703784387,10.52847814671356,10.52847814671356,7.846168781822125,7.846168781822125,5.621566038674328,5.621566038674328,3.9924724342469045,3.9924724342469045,21.663994790072504,8.312059385510201,3.993190857186414
C=c1[nH]cc(CO)c(=CNNC(=O)c2ccncc2)c1=O,1,2.5200549014706257,2.194397491084108,799.2042122664562,-2.9299999999999997,60521.63851371855,15.242276208189782,11.089238949438494,11.089238949438494,10.130228955335802,6.096698091397116,6.096698091397116,4.172068105770741,4.172068105770741,2.8003560369659324,2.8003560369659324,1.6642328681695253,1.6642328681695253,14.478507942339226,6.486093610060196,3.3397638427902154
CCCCC(F)(F)C1(O)CCC2C(CC(=O)C2CCCCCCC(=O)O)O1,0,2.8967413514087395,1.8423205694918616,524.5014601434747,-1.08,731493.8162817891,20.07913950137325,16.09243319021741,16.09243319021741,12.699307503318424,10.224659780813207,10.224659780813207,8.074772712054484,8.074772712054484,6.044780768245204,6.044780768245204,4.41901175951277,4.41901175951277,22.21165719130372,9.412927754404905,5.4702146444977675
O=c1[nH]c(=O)n(C2CC(O)C(CO)O2)cc1I,0,2.645469496889508,2.335396041923273,524.8528777321774,-0.71,7965.508655134308,12.576985790260121,8.66796477003229,10.825463061208612,8.024075805453151,4.979819620087545,6.058568765675706,3.758392526268739,4.920583208656224,2.6186830775142353,3.387100942880697,1.7248777727695057,2.1597977598349702,12.739314771557625,4.881735942153658,2.4368559472763676
CC(O)(COc1ccc(NC=O)cc1)C(=O)Nc1ccc([N+](=O)[O-])c(C(F)(F)F)c1,0,2.665364730398068,2.095954080438105,945.1732818438147,-3.669999999999999,2229193.7844568067,22.526733258565955,15.39547099705047,15.39547099705047,13.935707400771351,8.263563964084693,8.263563964084693,6.290016639496227,6.290016639496227,3.8454833957221144,3.8454833957221144,2.2706315972166213,2.2706315972166213,22.61736336216205,8.777858932451004,5.669411707967274
CC(C)Cn1cnc2c(N)nc3ccccc3c21,0,2.7323088387852037,2.3960082511257843,712.2091703961677,-2.099999999999999,19956.783758487127,12.698306133819765,10.590199452013804,10.590199452013804,8.66470379794645,6.1560269691386305,6.1560269691386305,5.002184512235766,5.002184512235766,3.0422741972297005,3.0422741972297005,2.3379700326531734,2.3379700326531734,11.01700633563247,3.978426224070977,1.6103334006307395
C[C@@H](Oc1cc(-c2cnn(C3CCNCC3)c2)cnc1N)c1c(Cl)ccc(F)c1Cl,1,3.2353351785330964,1.5835351944627225,1051.8711432560124,-2.349999999999999,8625144.759154953,21.25034789769755,16.408362043444246,17.920219935481157,14.43556074577555,9.745538647870463,10.501467593888918,7.314510887094133,8.099675486843966,5.28911762390943,6.002843424866345,3.6302128039485813,4.308163107034087,20.903961875513946,8.794861928474424,4.237011144043406
O=C(NOCC1CC1)c1ccc(F)c(F)c1Nc1ccc(I)cc1Cl,0,3.380819194499131,1.8462304222577437,815.4751232376426,-1.4499999999999997,719742.59831692,17.97432701575866,12.913776431662033,15.82720366885681,11.952397498181153,7.576314716704264,9.033028335301653,5.718662682682426,7.37149502860984,3.711091207348236,4.694791319162623,2.1521487178108805,3.055220835178129,18.344344384404163,7.839102310984525,4.589796558949588
CN(C)CCOC(C)(c1ccccc1)c1ccccn1,0,2.4829703838733295,2.287167069228301,471.52791768785835,-1.7099999999999997,37542.51220416474,14.424438962994,12.41304146654351,12.41304146654351,9.626845650481467,6.88461866145841,6.88461866145841,5.265989232607214,5.265989232607214,3.407563662961657,3.407563662961657,2.138650487450622,2.138650487450622,14.693972974229522,6.638286463373893,3.4364376203332885
C[C@H]1[C@@H](OC(=O)CCC(=O)O)O[C@@H]2O[C@]3(C)CC[C@H]4[C@H](C)CC[C@@H]1[C@@]24OO3,0,2.8368247944302896,1.5828939887311115,622.8309079866845,-1.2200000000000002,1192632.3486512324,19.396976746569027,16.011693931004043,16.011693931004043,12.749473216744295,9.8639583627254,9.8639583627254,8.657292307343415,8.657292307343415,6.887715363628395,6.887715363628395,5.404116389593041,5.404116389593041,19.111903235636287,6.686108592751132,3.0642687640338915
C[N+](C)(C)CCOP(=O)(O)OP(=O)([O-])OC[C@H]1O[C@@H](n2ccc(N)nc2=O)[C@H](O)[C@@H]1O,0,2.8589184776541634,1.955477787904636,920.2581345258594,-1.2200000000000002,2478359.2623381848,23.61251969619286,17.006467315597593,18.795321697597426,14.101572729638585,8.911314633800094,11.867353235490869,7.728873348929504,10.730007128222503,4.079525563443152,6.679139308980266,2.4845215992311083,4.514482416054072,26.035686987786896,9.728883022349716,7.698176120530141
C=c1c(C=CC(=O)OC)c2[nH]c1=CC1=NC(=Cc3[nH]c(c(CC)c3C)C=c3[nH]/c(c(CCC(=O)O)c3C)=C\2)C2=CC=C(C(=O)OC)C(C(=O)OC)[C@]21C,0,3.791237200762958,1.75795963967836,2497.3571000808683,-6.169999999999999,446941799427.1926,38.352277714339984,30.77674477169978,30.77674477169978,25.261043567441398,17.19254831041355,17.19254831041355,13.372260213240258,13.372260213240258,10.565508338200873,10.565508338200873,7.635770499390881,7.635770499390881,36.61520370157427,14.097502405950365,6.2350595298607265
Cc1cccc(Nc2nc(-c3ccncc3)cs2)c1,1,2.8824979647310234,1.8238678910601163,676.6223851813356,-2.1999999999999993,43087.57957679934,13.079139501373252,10.498827904170414,11.31532448509814,9.309663088089316,6.007497056118752,6.8871498673736475,4.268267092298124,5.126369944156145,2.749612778123088,3.507333844927748,1.8327080442870738,2.5725853180755514,11.866093254866454,5.1992548524728095,2.7968396787626415
CN1CCCC1Cc1c[nH]c2ccc(CCS(=O)(=O)c3ccccc3)cc12,0,3.2731079051915204,1.5187786189274477,1024.9072136275274,-2.1099999999999994,2292301.48275345,18.855160383312143,15.688101845907095,16.50459842683482,13.026806570407935,9.597443969963479,11.249709196283638,7.5565580363263,9.665706599788328,5.720675196557103,7.452655860123295,4.038869623557633,5.350810035847069,18.262497419496587,7.486408380159214,3.9417702345564782
COc1cc(N)c(Cl)cc1C(=O)NC1CCN(CCCOc2ccc(F)cc2)CC1OC,0,2.7960321571933626,1.4913845319226127,912.8596657522187,-2.5499999999999994,13242824.737857666,23.087211190881018,18.274928813199786,19.03085775921824,15.405417200814469,10.483142109549448,10.861106582558675,7.6733319151648685,8.080532041905474,5.526974527682419,5.854301363036408,3.7581425085802427,3.921805926257237,24.099528233929245,11.35500701174981,6.245836345142334
Oc1ccc(C2CNCCc3c2cc(O)c(O)c3Cl)cc1,0,2.6840195865884,2.1447089101189727,670.2125734025041,-1.9099999999999997,74991.5072492799,14.982763184195939,11.3050272182065,12.060956164224956,10.075387400469408,6.804778835423406,7.1827433084326335,5.224304430526425,5.602268903535652,3.927267518712705,4.334395801646383,2.82363084215453,3.1240430908202574,14.045263866097136,5.466146261266822,2.522305383805159
CN1CCN(CCOc2cc(OC3CCOCC3)c3c(Nc4c(Cl)ccc5c4OCO5)ncnc3c2)CC1,0,3.4119402077140464,1.2928846283235809,1280.4382791500213,-3.05,865332454.1074038,25.898765978752643,21.45033651551815,22.206265461536603,18.63616292858424,13.058401273210285,13.436365746219513,9.741943855609986,10.149143982350589,7.141242312564698,7.456212706739053,4.92109091009112,5.117151944668822,25.24022197646934,11.364835649773651,5.53560260294156
COc1ccc(-c2ccc3cc(C(=O)O)ccc3c2)cc1C12C[C@H]3C[C@@H](C1)C[C@@H](C2)C3,0,2.767004788431164,1.4279429813022033,1156.7976717268523,-2.809999999999999,19101480.758005586,21.164561460070644,17.93455409382248,17.93455409382248,15.025938349478755,11.489099779770049,11.489099779770049,10.194809836671546,10.194809836671546,8.229592207426515,8.229592207426515,7.300830263676266,7.300830263676266,18.919035243230137,6.847083289017121,3.051724841555359
CNC(=O)c1ccccc1Nc1cc(Nc2ccc(N3CCOCC3)cc2OC)ncc1C(F)(F)F,1,2.8848581670596074,1.6550935535332982,1229.8019345863534,-3.9899999999999993,112272910.1456258,25.70853153444066,19.777645028872016,19.777645028872016,17.295374861173734,11.23007112159864,11.23007112159864,7.971601235482461,7.971601235482461,5.7015335102772,5.7015335102772,3.862315106524907,3.862315106524907,25.11336941312153,10.733048949545008,5.6244779323062835
O=C(Nc1cccc(Cl)c1)Nc1ncc(CCNc2ncnc3ccsc23)s1,0,3.3121192130970756,1.29212870112365,1112.115235002441,-2.7499999999999996,4135889.6310633016,19.346724214874865,14.477365846790795,16.866287954664703,13.669836433395455,8.375755729074703,10.44986959426655,5.755215416517382,8.2229671461139,3.763533067386868,5.8815279377492535,2.525386219165649,4.333713373185502,18.605783538256716,8.50899630816666,4.558383455855053
NS(=O)(=O)c1cc(C(=O)O)c(NCc2ccco2)cc1Cl,0,2.869009627455771,2.406625749127726,771.1955159056122,-2.03,47413.25310333407,15.62095586463014,10.537627917152804,12.110053444098986,9.786712265874595,5.646848444902032,7.57113239583282,4.111292520712664,6.0483375897572715,2.642156894921915,4.017734395559861,1.6901315366699092,2.7892549794758037,15.360570833716773,5.761535947024768,3.5422322582320587
O=C(O)c1cc(O)c(O)c(O)c1,0,1.9867269983816982,3.306535412749064,307.56377472599723,-1.9100000000000001,405.29230766986643,9.300964908321225,5.851803210842947,5.851803210842947,5.519744507803582,3.0032518746110997,3.0032518746110997,2.168257120106708,2.168257120106708,1.3166322322523756,1.3166322322523756,0.7276642880601062,0.7276642880601062,8.189108027750247,2.612657296776004,1.2426930179273767
O=c1[nH]oc2c1CCNC2,1,2.340584889374277,2.5466144283644048,286.18307748866977,-1.03,367.4718276317615,6.974691494688164,5.437816924487368,5.437816924487368,4.877010097711745,3.2765859980688896,3.2765859980688896,2.361754711563783,2.361754711563783,1.7149387210429863,1.7149387210429863,1.1688127160756043,1.1688127160756043,5.732166137328737,1.9839515650932131,0.6903141547192265
CC12CCC(=O)C=C1C1CC1C1C2CCC2(C)C1C1CC1C21CCC(=O)O1,0,3.5286601666518336,1.3334926927509607,827.4829214489885,-1.12,4592067.78045453,18.344570503761737,16.50040127440098,16.50040127440098,12.889430877103562,11.35755579378229,11.35755579378229,11.524887581358156,11.524887581358156,10.871628548052927,10.871628548052927,9.741925728873218,9.741925728873218,15.762619736181318,4.385305417579091,1.5769785260860938
N#Cc1ccc(Oc2ccc3c(c2)COB3O)cc1,0,2.8084120114627478,1.8178767511465266,648.7309197283847,-2.285064935064934,38475.244557039645,13.242276208189782,10.036832706631198,10.036832706631198,9.25835149307306,5.866060974897923,5.866060974897923,4.262226967636019,4.262226967636019,2.996313337714471,2.996313337714471,2.0036055669735076,2.0036055669735076,11.785641494960993,4.767833106681266,2.317396638034073
CC[C@]1(O)C[C@H]2CN(CCc3c([nH]c4ccccc34)[C@@](C(=O)OC)(c3cc4c(cc3OC)N(C=O)[C@H]3[C@@](O)(C(=O)OC)C(OC(C)=O)[C@]5(CC)C=CCN6CC[C@]43C65)C2)C1,0,3.9248799441539317,1.3790970017416169,2310.1764691569483,-4.76,27977548254752.816,42.56997437507694,35.28578239372784,35.28578239372784,28.758719325909148,21.259764842829107,21.259764842829107,18.105721852569054,18.105721852569054,15.501373008289514,15.501373008289514,13.364986680028897,13.364986680028897,40.63584631061215,14.149039827212606,5.194742988591859
CC1=NC(=N)C(C(=O)OC2CN(C(c3ccccc3)c3ccccc3)C2)C(c2cccc([N+](=O)[O-])c2)C1C(=O)OC(C)C,0,2.9583999833918426,1.401511948778694,1495.7072997060282,-4.699999999999998,2755714083.7297006,30.672633149578413,24.252349475448668,24.252349475448668,20.63393804853321,14.265848426648814,14.265848426648814,11.193990652266224,11.193990652266224,7.840245382733758,7.840245382733758,5.940400536710232,5.940400536710232,29.780754936315528,12.663273550803988,6.387930468149792
O=c1[nH]c2cc(Cl)ccc2o1,1,2.2743875411105208,2.920939354744553,442.88245407860506,-1.22,479.89577117431986,7.8449349826912425,5.426511861505831,6.182440807524286,5.254020195423489,3.0393885439129935,3.417353016922221,2.1550009134205728,2.5914366938925575,1.3809964243352697,1.6160935271230081,0.9242291942205679,1.0963322181734352,6.4876941081711825,2.134222588474927,1.0315762364778995
Cc1ccc(C(=O)Nc2ccc(Oc3cc4cnn(C)c4cc3-c3cn[nH]c3)c(F)c2)c(=O)n1-c1ccc(F)cc1,1,3.6080717710039614,1.2734136102200881,1979.0162638286674,-5.579999999999999,2678079249.9325495,28.67263314957841,21.852431968064643,21.852431968064643,19.778897338676078,12.505592173721098,12.505592173721098,9.3690939579314,9.3690939579314,6.673287701240547,6.673287701240547,4.579482298371236,4.579482298371236,25.68488765537316,10.190702725181666,4.844047164804577
CCN(Cc1ccncc1)C(=O)C(CO)c1ccccc1,0,2.5489357245016584,2.1467826667170877,557.5174956355265,-2.1999999999999997,71533.33217241454,15.079139501373252,12.144712112419642,12.144712112419642,10.257550155273625,7.093771290339308,7.093771290339308,4.853719412864044,4.853719412864044,3.4987962975670555,3.4987962975670555,2.2859543485429397,2.2859543485429397,15.193837363534334,7.547431043807464,3.8895626903819904
CC1=C2CC(=O)C=C[C@]2(C)[C@@H]2[C@@H](C1)[C@@H]1CC[C@](O)(C(=O)COC(=O)CCC(=O)O)[C@@]1(C)C[C@@H]2O,1,3.0261751432150215,1.5741112307215794,994.7596621428257,-2.3200000000000003,24229180.226456225,25.05167728494828,20.003838103449322,20.003838103449322,15.830877122922283,12.055914213851953,12.055914213851953,11.083740079280865,11.083740079280865,9.340862595910775,9.340862595910775,7.687126185603781,7.687126185603781,24.79349241508124,8.412468776909481,3.6592386331696463
CC(C)(C)NC(=O)NC(C(=O)N1CC2C(C1C(=O)NC(CC1CCC1)C(=O)C(N)=O)C2(C)C)C(C)(C)C,0,3.055531445745426,1.8326249985523426,959.2141082793445,-2.6500000000000004,35028707.215500385,28.085057479767894,23.565440838079397,23.565440838079397,16.841078271284626,13.374638510012936,13.374638510012936,13.858887255545365,13.858887255545365,8.306740854608798,8.306740854608798,5.85767529490204,5.85767529490204,28.91409392862076,9.90838701916082,6.261723084579349
CS(=O)(=O)c1ccc(C(=O)Nc2ccc(Cl)c(-c3ccccn3)c2)c(Cl)c1,0,2.627800831243896,1.8890331450820033,1117.0536127005307,-2.409999999999999,968733.5208363998,19.60408352775558,14.109638395270126,16.437992868234762,12.753038761063381,7.774342952787411,10.42168343686412,5.777545632863989,8.607681461088049,3.7784038702836646,5.5309396937485005,2.4304484975999086,3.6230299463551847,19.35431191348689,7.680498332842168,4.471415304630861
CCOC(=O)/C=C(C)/C=C/C=C(C)/C=C/c1c(C)cc(OC)c(C)c1C,0,2.575996924558629,2.8916404649473697,762.1478766152201,-2.5499999999999994,337514.84504644526,19.689869965382485,16.97330353690552,16.97330353690552,12.294131415482816,8.825803718699522,8.825803718699522,6.302936810155104,6.302936810155104,4.191703118485833,4.191703118485833,2.5736054351564444,2.5736054351564444,21.49264392324094,10.443104860214182,6.396026834176765
COc1ccc(Cl)cc1NC(=O)Nc1cc(C)nc2ccccc12,0,2.545364803777669,1.870821537729827,911.9045034003017,-2.789999999999999,287750.9457022617,17.10408352775558,13.260476802953919,14.016405748972375,11.562881945713373,7.345426823024135,7.723391296033362,5.252076189122661,5.688511969594646,3.502174746211895,3.737271848999634,2.464980438793439,2.6370834627463067,16.08136890177743,6.76212651761835,3.411761969244244
CCC(=O)OCC(=O)C1(OC(=O)CC)C(C)CC2C3CC=C4CC(=O)C=CC4(C)C3(Cl)C(O)CC21C,1,3.050582763009733,1.8102328098225147,1048.4984065372726,-1.9899999999999998,63315769.5728442,26.6814337969452,21.765867163925577,22.52179610994403,16.8115872662231,13.006243513742147,13.384207986751374,11.399701262698931,12.025119279675527,9.77507281740711,10.699839982170806,7.912258218794036,8.414941995756879,27.055745831636234,9.086880622937908,3.482900769495616
CC1(C)CCC(c2ccc(Cl)cc2)=C(CN2CCN(c3ccc(C(=O)NS(=O)(=O)c4ccc(N[C@H](CCN5CCOCC5)CSc5ccccc5)c(S(=O)(=O)C(F)(F)F)c4)cc3)CC2)C1,1,3.2777945379499758,1.0171796458665916,2532.5519184582818,-4.099999999999998,129333756398073.45,46.40899137937352,36.449289586733386,39.654708275535015,30.86507465039512,21.681185366562108,26.011074894413596,17.489832496612074,22.611693538113034,12.180753606315841,16.462138644640437,8.49126715311817,11.633001663465109,48.82235248379551,20.82219146073,12.668712766098391
CCC(C(=O)O)C1CCC(C)C(C(C)C(O)C(C)C(=O)C(CC)C2OC3(C=CC(O)C4(CCC(C)(C5CCC(O)(CC)C(C)O5)O4)O3)C(C)CC2C)O1,1,3.4679074087038537,1.310858788366572,1323.5318339767116,-1.4400000000000004,211206741272.72238,39.2584195872053,33.95526453414635,33.95526453414635,24.80296885832106,20.737766324671412,20.737766324671412,17.915498760674005,17.915498760674005,14.445669510232475,14.445669510232475,10.490305202929845,10.490305202929845,42.69751159086539,16.197879167004924,7.937192563859594
Cc1csc(-c2nnc(Nc3ccc(Oc4ncccc4-c4ccnc(N)n4)cc3)c3ccccc23)c1,0,3.3597309610274504,1.2551521194363136,1716.3389489803521,-4.889999999999999,538438869.7027379,25.191659197566096,19.790168865461535,20.60666544638926,18.136162928584238,11.536881543889931,12.416534355144826,8.338739487231074,9.249970413649553,5.704151885116571,6.758922228614759,3.979149398374434,4.87639575581031,22.566199282562906,9.633108553078168,4.672925939660751
CCCCCCCCCCCCCCCCOP(=O)([O-])OCC[N+](C)(C)C,0,2.565939987797566,3.311005116749057,371.68333286188033,0.06999999999999998,395519.12159909244,20.435028842544405,18.54823563302668,19.442662824026595,12.767766952966367,11.172622346233105,12.63321583291355,8.723785735723906,10.134610706218146,4.75880039591004,5.756404299613826,2.936716148489705,3.66921444620601,27.070000000000004,16.973335377853036,22.22343306482547
O=c1ccn([C@H]2C[C@H](O)[C@@H](CO)O2)c(=O)[nH]1,1,2.5907605405992813,2.2658980772377593,479.2779559208222,-1.44,5282.560742281935,11.706742302257043,8.367350566212687,8.367350566212687,7.613392202930193,4.8741707169162645,4.8741707169162645,3.6322199407733,3.6322199407733,2.5455182781873638,2.5455182781873638,1.704297653540074,1.704297653540074,11.05761764725319,4.203013429907953,1.9208632519167
CC1(C(=O)Nc2ccc(F)nc2)CCCN1c1nc(Nc2cc(C3CC3)[nH]n2)c2cccn2n1,0,3.1959687464598945,1.3063836951251804,1360.5431701584275,-4.0200000000000005,87602487.69883962,23.285881803630282,18.62383039592258,18.62383039592258,16.49215163123661,11.378969020682206,11.378969020682206,9.058975836678828,9.058975836678828,6.5979847699873835,6.5979847699873835,4.4901997036402514,4.4901997036402514,20.577318536345693,7.786244569881042,3.622769715918198
Nc1nc(=O)c2ncn(COC(CO)CO)c2[nH]1,0,2.7380815018170126,2.265207858895495,588.1457870436972,-1.9700000000000004,15234.685476109858,13.120955864630139,9.405935709556038,9.405935709556038,8.651397005390978,5.193181524289552,5.193181524289552,3.621689933396472,3.621689933396472,2.3653742856391853,2.3653742856391853,1.4281922470799815,1.4281922470799815,12.485967138919989,5.123500477711226,2.321841797939783
O=c1cc(-c2ccccc2)oc2ccccc12,0,2.396697722196647,2.2999923570762784,711.5733834430602,-2.3499999999999996,13651.5902256321,11.664925939000156,9.089999272823986,9.089999272823986,8.34333659290053,5.427756576598006,5.427756576598006,3.8370860014190997,3.8370860014190997,2.692928784884714,2.692928784884714,1.8486225717553693,1.8486225717553693,9.846331466601738,3.905273120605734,1.7378733797832602
Cc1nc(-c2ccc(OCC(C)C)c(C#N)c2)sc1C(=O)O,1,2.866341622213442,2.3540148782117365,744.3345726791583,-2.3900000000000006,86540.58625786824,16.275656403009393,12.582893515836515,13.399390096764241,10.417922655570505,6.800581607078156,7.617078188005882,5.266298031719398,6.2653687984821795,2.9099728768461706,4.104467205324961,1.851021451387074,2.7524222584551605,15.988744272516957,6.5824606305476765,3.43472486449568
CN(C)CCC=C1c2ccccc2C=Cc2ccccc21,0,2.6503485522006267,2.1007180530682668,640.9895318364919,-2.119999999999999,89136.52250761147,14.656489770562878,12.71228011895894,12.71228011895894,10.254020195423491,7.472962522977641,7.472962522977641,5.717584570337258,5.717584570337258,3.869147603234227,3.869147603234227,2.786892248136743,2.786892248136743,13.84446029858634,6.108267125022063,2.98274411929076
CC1c2cccc(O)c2C(=O)C2C(=O)C3(O)C(=O)C(C(N)=O)C(=O)C(N(C)C)C3C(O)C21,1,2.69963765448862,1.9631167409077062,1081.689166739006,-2.9500000000000006,8427682.935942447,23.85892465059366,17.680948795405033,17.680948795405033,14.86670827913139,10.214769375219761,10.214769375219761,9.106770778181765,9.106770778181765,7.354078208781387,7.354078208781387,5.949421537867772,5.949421537867772,22.25132106376299,7.025480099027781,2.5376638253736696
Cc1cccc(-c2nn3c(c2-c2ccnc4ccc(C(N)=O)cc24)CCC3)n1,0,3.2805106232433805,1.8259684891738754,1241.1448909349422,-3.5399999999999996,4962579.32326893,19.250347897697548,15.514575438729974,15.514575438729974,13.61419354072963,9.342872590430936,9.342872590430936,7.1158962750007415,7.1158962750007415,5.267511921553773,5.267511921553773,3.986823934380693,3.986823934380693,16.62044611934542,6.265677933742757,2.568437792916498
CCCNS(=O)(=O)Nc1ncnc(OCCOc2ncc(Br)cn2)c1-c1ccc(Br)cc1,0,2.7716511190619335,1.8069041471940066,1131.5597895993662,-2.349999999999999,12455622.74339271,22.97648072687178,16.955903789411174,20.944393448568313,15.376141876782569,9.49174505246384,12.560904839172938,6.289937705471718,9.62096161826839,3.8684258524814745,5.8528357888029445,2.479046996743412,3.9024629098324333,24.295538060690465,11.49599063937995,7.084232586495962
Cn1c(=O)c2[nH]cnc2n(C)c1=O,0,2.5943160605063236,3.21185381303522,574.1705593822572,-1.8500000000000003,1349.0443514632882,9.585421958697399,7.2354876366172265,7.2354876366172265,6.125897657686227,3.7175834945556487,3.7175834945556487,2.8069039937879805,2.8069039937879805,2.029396145521518,2.029396145521518,1.2689232855293,1.2689232855293,7.781340073498282,2.317238170551303,0.8507940839640471
Cc1cc(Nc2cc(N3CCN(C)CC3)nc(C=Cc3ccccc3)n2)[nH]n1,0,3.119799065849099,1.624870791764085,940.3977687563773,-3.19,3875489.2747753314,19.34672421487486,16.260647524952617,16.260647524952617,13.652999680989847,9.503439987242329,9.503439987242329,7.051924452854937,7.051924452854937,4.750287486864817,4.750287486864817,3.147487688101997,3.147487688101997,18.186267607245497,8.224749517018173,4.554272379623357
NC(=O)C(c1ccccc1)(c1ccccc1)C1CCN(CCc2ccc3c(c2)CCO3)C1,0,3.489165927422118,1.3818341956647633,1041.6012171156515,-3.109999999999999,43023146.511414714,21.968044558434503,18.373711682577905,18.373711682577905,15.674707057513647,11.555961431171593,11.555961431171593,8.98105776203838,8.98105776203838,7.202237433601844,7.202237433601844,5.597684944840162,5.597684944840162,20.77384196342212,8.793068261159673,3.6899868812510204
CCCCOc1ccc(OCCCN2CCOCC2)cc1,0,2.541501289909547,1.590847238704686,374.1265397435573,-1.2600000000000002,79254.1762245393,14.752866087740191,13.05242735551553,13.05242735551553,10.381341395361314,8.040106113126095,8.040106113126095,5.329447949231923,5.329447949231923,3.58146487834448,3.58146487834448,2.26939857309759,2.26939857309759,16.116428928116765,9.635570358568236,6.357801526318312
COc1cc(-c2oc3cc(O)cc(O)c3c(=O)c2O)ccc1O,0,2.504466314286802,2.3466511894778916,972.305186576403,-3.35,149253.66999992199,16.723250160202095,11.900350599339554,11.900350599339554,10.917922655570505,6.511906472483343,6.511906472483343,4.833577061276814,4.833577061276814,3.3772640609875717,3.3772640609875717,2.2896500257773615,2.2896500257773615,14.581574652379608,5.130953968502789,2.2770968466509354
COc1cc(C2Oc3cc(C4Oc5cc(O)cc(O)c5C(=O)C4O)ccc3OC2CO)ccc1O,1,2.845176217457519,1.4927333710697448,1303.645299944127,-4.1499999999999995,81727402.32884549,24.852642193269503,18.412619441281166,18.412619441281166,16.79926405093182,10.702931489543397,10.702931489543397,8.200359007873116,8.200359007873116,6.000358801461572,6.000358801461572,4.279697903394991,4.279697903394991,22.63279941293801,8.567705997522264,3.820124356037685
CC(C)NCC(O)COc1ccc(CCOCC2CC2)cc1,0,3.3261894973602577,1.6027670262068192,414.8453745013075,-1.1,159417.61022948244,15.7862462825598,13.754909529060901,13.754909529060901,10.631030293135234,8.341439550289378,8.341439550289378,6.440017750036086,6.440017750036086,3.7130142704943285,3.7130142704943285,2.0999673311112255,2.0999673311112255,17.256956693980523,9.132049947970861,7.25057051519977
CCCN1CCN(c2ccc(C(=O)NC3(C(=O)NCC#N)CCCCC3)cc2)CC1,0,2.7862666337928226,1.6303020823870222,756.7932963416977,-2.59,6311317.43806908,21.39913045768215,17.952819818424675,17.952819818424675,14.575647268896141,11.129288264653571,11.129288264653571,8.313245487140545,8.313245487140545,6.2293286721683945,6.2293286721683945,4.512177999139757,4.512177999139757,22.10323234538581,10.442392916922262,5.307561900901138
C=CC(C)(O)CCC=C(C)C,0,1.8665184752596773,3.705911539178391,150.2557123669929,-0.56,169.85318124863062,8.905777393935818,7.723234477438853,7.723234477438853,4.9771623912162095,3.9710070384606047,3.9710070384606047,3.3814464903002985,3.3814464903002985,1.6428131966779373,1.6428131966779373,0.7551266139270119,0.7551266139270119,10.44,4.345263593221741,5.863728813559322
CC1(C)Cc2c(-c3ccccc3)c(-c3ccc(Cl)cc3)c(CC(=O)O)n2C1,0,3.0712025145287356,2.034175022280043,1001.1076568118133,-2.5199999999999996,1558844.1178943212,19.181433796945207,15.498112720739286,16.25404166675774,12.854973826727392,9.129972301538567,9.507936774547794,8.013956927065303,8.450392707537288,5.224973900937637,5.476950216277122,4.203645971292095,4.329634128961838,17.87204057893633,6.575392625221219,3.2789374174624406
COC1=C2C(C)[C@@H](OC(=O)C(O)C(NC(=O)OC(C)(C)C)c3ccccc3)C[C@@](O)([C@@H](OC(=O)c3ccccc3)[C@@H]3[C@]4(OC(C)=O)CO[C@@H]4C[C@H](OC)[C@@]3(C)C1=O)C2(C)C,1,3.1776451170373483,1.5183953344090595,2011.5655091479493,-4.829999999999999,4105251294389.829,44.1641969811411,35.80703186553917,35.80703186553917,28.06642444877641,20.157921525551913,20.157921525551913,18.03345043071153,18.03345043071153,13.04078228833283,13.04078228833283,10.091482652461195,10.091482652461195,44.71576160852102,16.219137318648364,7.471659626731406
CN(C)C(=O)Oc1ccc[n+](C)c1,1,2.035249264451089,2.6927851604506556,310.2379407824653,-1.58,726.5839874090387,9.844934982691242,8.020324848686148,8.020324848686148,6.092224152875016,3.9380347352962626,3.9380347352962626,2.9675220876108694,2.9675220876108694,1.4828802491749515,1.4828802491749515,0.8128750604868012,0.8128750604868012,9.50756567425569,3.8886672016230377,2.7399686665944647
CC1(N)CCN(c2cnc(-c3cccc(Cl)c3Cl)c(N)n2)CC1,1,2.5033525011536346,1.8831478662028913,722.4056887924672,-1.5599999999999992,148348.66921836438,16.61251969619286,12.890098472402276,14.401956364439187,10.871810579132994,7.48019520661726,8.236124152635716,6.204505177507611,6.989669777257444,4.223122290229337,5.04202486035397,2.6868537942143074,3.0768845521771113,16.303143426248415,6.150153937090127,3.3660927581333073
NS(=O)(=O)OCC1CC(n2ccc3c(NC4CCc5ccccc54)ncnc32)CC1O,1,3.4330166049582678,1.3665960506728425,1211.4554006779852,-2.53,17407872.8251272,21.58721119088102,16.885584680063534,17.70208126099126,14.887961350074182,10.399277709993255,11.870682230784286,8.34695031249121,9.568251132540212,6.4253825805363665,6.889998197242148,4.915181017314389,5.279652013554112,20.376998277247036,7.86471014545163,4.033343328140717
COc1ccc(C(=O)N2CCCC2=O)cc1,0,2.745786553199507,2.167410214860391,410.77697890859474,-1.8399999999999999,6787.584359509181,11.543605595440512,9.102679887209694,9.102679887209694,7.719545352812841,5.2089826833156465,5.2089826833156465,3.682584001089177,3.682584001089177,2.655537478405895,2.655537478405895,1.7522924052333975,1.7522924052333975,10.670299983987857,4.346019918453693,1.909838584710744
CCCCCCCCCCC(=O)O,0,2.0907917048139995,2.8729187591669154,121.25868639907948,-0.53,673.2349289501078,9.941311299868556,8.71942291664275,8.71942291664275,6.270055610029663,5.488391114761732,5.488391114761732,3.618612277376269,3.618612277376269,2.244195557380866,2.244195557380866,1.4101092016360965,1.4101092016360965,12.47,9.557183958151702,11.47
CC12C=CC(=O)C=C1CCC1C2C(O)CC2(C)C1CCC2(O)C(=O)CO,1,2.86203587147837,1.7472814479871785,723.9130815015496,-1.3,715692.1381653671,18.90541291500631,15.44222993887427,15.44222993887427,12.170504622625403,9.660624318644738,9.660624318644738,9.191954693584504,9.191954693584504,8.252706604226965,8.252706604226965,6.919333408949082,6.919333408949082,18.081485487885935,5.599719839148237,2.0792514525694963
CC(C)OC(=O)C1=CN(C(=O)c2ccc(F)c(F)c2)CC(C)(C)c2c1[nH]c1ccccc21,0,3.0637406811941252,1.8890364102454957,1257.3055493002528,-3.479999999999999,12460358.963784436,23.20637782332753,18.331146616803185,18.331146616803185,15.080224583022728,10.386385827084068,10.386385827084068,8.863247161039565,8.863247161039565,5.492817251430246,5.492817251430246,4.175601632994327,4.175601632994327,21.740721997474814,7.892856318884227,3.788523561914602
CC(C)C(=O)c1c(C(C)C)nn2ccccc12,0,2.6662441780578194,2.722786604398608,552.3475935993229,-1.6399999999999997,8244.026998554778,12.576985790260121,10.766777096601537,10.766777096601537,8.019744507803582,6.034963111021993,6.034963111021993,4.964340212299496,4.964340212299496,2.8846970450925613,2.8846970450925613,1.962223363831108,1.962223363831108,11.83405264196173,4.3192942210574286,1.971239066300916
CCN(CC)CCCC(C)Nc1ccnc2cc(Cl)ccc12,0,2.512560409810659,1.9543317629987866,595.902004288487,-1.3199999999999998,92030.06269054482,15.94938298937633,13.772027185079638,14.527956131098094,10.634560252985372,8.168000818314397,8.545965291323624,5.734479833618928,6.170915614090913,4.112580506062865,4.347677608850603,2.7456517126883737,2.91199526772967,17.040493457333096,8.348732456831405,4.586608819803334
CCCNC(C)C(=O)Nc1c(C)csc1C(=O)OC,0,2.761925723905828,2.784967282221192,456.7408482704334,-1.4,16919.5569846471,14.41384908344359,11.701907262607799,12.518403843535525,9.00643771524811,6.2144829765409915,7.094135787795887,4.279483483146957,5.159136294401852,2.6877504937499808,3.765648086835127,1.527460078276064,2.4493672163870723,15.656818181818181,7.253260557311118,4.03859569028488
O=C(O)c1ccc(-n2nc(-c3ccccc3O)nc2-c2ccccc2O)cc1,0,3.1339030289687475,1.9207884215026836,1166.5015843476542,-4.129999999999999,3538214.1265420634,19.672997628507925,14.519733093739125,14.519733093739125,13.541713895658196,8.419046270656935,8.419046270656935,6.057145098868142,6.057145098868142,4.255878967880133,4.255878967880133,2.851209563794974,2.851209563794974,17.292166771076165,6.8813121595524045,3.0516613581946297
Cn1cc(C2=C(c3cccc(N)c3)C(=O)NC2=O)c2ccccc21,0,3.038986778951936,2.049733040558268,1043.7014489366873,-3.34,469465.716599274,16.844570503761737,13.037212868323945,13.037212868323945,11.5585506480638,7.563335316886132,7.563335316886132,5.829539852358947,5.829539852358947,4.272784278244188,4.272784278244188,3.222680207780726,3.222680207780726,14.264871492380433,5.093565215993743,2.0211181457664242
O=C1CCC(C(=O)N2CSCC2C(=O)O)N1,1,2.8372328901195725,2.034801939212448,346.4006868646771,-1.24,6151.120905779233,11.706742302257043,8.510548015980811,9.327044596908538,7.592224152875015,4.997438331454817,6.152138869834069,3.8207257772710324,4.820506290815389,2.743841935918132,3.756026890688923,1.8639188298402376,3.018991736063675,11.251509701357932,4.324892003669373,1.9925052029136314
CCCCCc1ccc(C=CC(=O)Nc2ccccc2C(=O)O)cc1,0,2.6137272701775274,1.95069328553627,747.991408264415,-2.8799999999999994,403444.4865155224,18.07070333293597,14.365639993070136,14.365639993070136,12.096555450524587,8.501916336752167,8.501916336752167,5.8720088548193985,5.8720088548193985,3.891224616568648,3.891224616568648,2.499460866845935,2.499460866845935,18.45853761329486,9.424100993105931,5.917989720496096
C=C(c1ccc[nH]1)c1c(O)[nH]c2ccc(NC(N)=O)cc12,0,3.0354545342342605,2.1441553378298,830.8558991287136,-3.1499999999999995,88006.93331105392,14.982763184195939,11.10402055147775,11.10402055147775,10.058550648063802,6.302010275738876,6.302010275738876,4.660570054491657,4.660570054491657,3.271165905542677,3.271165905542677,2.3559275387313403,2.3559275387313403,12.862251838410245,4.750833031713567,2.2267357963951473
Nc1nc(Nc2ccc(S(N)(=O)=O)cc2)nn1C(=O)c1c(F)cccc1F,1,2.9429829711628814,1.8759414809028752,1108.7040636167628,-3.3799999999999986,973939.0125447593,19.767220234572108,13.426715317080415,14.243211898008141,12.663722363586343,7.277341621448858,8.823661099370419,5.301610397382837,6.863033454850422,3.440166817600606,4.3693980510121735,2.1916563959660955,2.7070962219399477,18.412249175940197,6.735580600255685,3.7534068377874923
CNCCCC12CCC(c3ccccc31)c1ccccc12,1,2.5597837814598803,1.8805976481796658,610.8929198710235,-1.5999999999999996,130037.01609816191,14.2862462825598,12.731686328639373,12.731686328639373,10.366138617215372,8.20095926981256,8.20095926981256,6.554975452027931,6.554975452027931,5.593670330364824,5.593670330364824,4.7183355274118455,4.7183355274118455,13.090051020408161,4.993710782028756,1.8023658294971152
CNC(=O)c1cc(COc2nnc(Nc3ccc(Cl)cc3)c3ccoc23)ccn1,0,3.247618393990602,1.5416131446749974,1160.4703822048093,-3.649999999999999,6589261.83572402,20.216967702877938,15.347609334793873,16.103538280812327,14.135361590784807,8.701039150872946,9.079003623882173,6.066181752509285,6.5026175329812705,4.121977096990882,4.3739534123303665,2.6807538566029288,2.8067420142726713,18.701212638690595,8.154280697551936,4.117702097803853
O=C(Nc1ccccc1Br)NC1CCN(c2ccc(C(F)(F)F)cn2)C1,0,3.045040156469028,1.55137435384179,782.3226094847391,-2.29,780273.2698542497,18.7338400397525,13.554655870577339,15.140652409692043,12.325518406134814,7.929801830361119,8.722800099918471,5.912754080722056,6.767090979896577,4.044718214898264,4.736219421004638,2.7333444121539805,3.117248162240157,18.49957150190143,7.527031201774966,4.456537637214362
CCNC(=O)c1noc(-c2cc(C(C)C)c(O)cc2O)c1-c1ccc(CN2CCOCC2)cc1,1,3.2508020872511234,1.7610356844141142,1147.9879365630268,-3.359999999999999,53390965.429678865,24.24191172926026,19.797691824838086,19.797691824838086,16.384249150759292,11.621333415561326,11.621333415561326,8.763076523373906,8.763076523373906,6.008620256245376,6.008620256245376,4.173603645150951,4.173603645150951,23.78664468577553,10.276307565789475,4.926960882792493
COc1cc2c(cc1Cc1cccc(Cl)c1F)c(=O)c(C(=O)O)cn2C(CO)C(C)C,0,2.7234418753870426,2.3221304469453905,1204.771594089371,-2.9000000000000004,6026756.271439619,22.869514530144066,17.35533031980002,18.111259265818475,14.68797826560017,9.719205892373356,10.097170365382585,7.649182540540645,8.05638266728125,5.391128874739868,5.683036722090488,3.6868034160558274,3.8809124958382624,22.777807088221987,9.076057148194945,4.288031977014324
CC(O)C1C(=O)N2C(C(=O)O)=C(SC3CN(C4=NCCS4)C3)C(C)C12,0,3.0820226052753528,1.4871230171365806,686.8673126770027,-1.19,429596.96690412087,17.877950698581348,14.084239610049565,15.717232771905017,11.896754605515328,8.47253643070939,10.337787801617775,6.929503667534582,9.333770796952999,5.292814106849886,7.775553475720757,4.042256885339293,6.441066736972577,17.235200420548207,6.206921907461579,2.585544152730074
O=c1c(-c2ccc(O)cc2)coc2cc(OC3OC(CO)C(O)C(O)C3O)ccc12,0,2.7499986174505677,1.6182381879820489,1089.822503007,-2.9499999999999997,6365696.799674574,21.413484604514085,15.58172142000693,15.58172142000693,14.384249150759295,9.209270545436672,9.209270545436672,6.998469099064398,6.998469099064398,5.025067919565462,5.025067919565462,3.321052851052292,3.321052851052292,20.327958809637845,8.05440748410017,3.644749707726645
OCC(O)c1oc(O)c(O)c1O,0,2.3151802572988025,3.0848505406802733,277.8108319623798,-1.4000000000000001,518.6003776349318,9.300964908321225,5.928773318339827,5.928773318339827,5.574586062669973,3.1004187645364754,3.1004187645364754,2.16705096441116,2.16705096441116,1.3424904611709427,1.3424904611709427,0.7275589400923238,0.7275589400923238,8.694339622641508,2.9175542406311634,1.1705533037986613
CCC(=O)NS(=O)(=O)c1ccc(-c2c(-c3ccccc3)noc2C)cc1,0,3.033626620184933,1.981363499587382,1023.1608981124448,-2.9299999999999993,870092.6526949618,18.7338400397525,14.391714251712456,15.208210832640182,12.419852082725852,8.098721877194793,9.581885124789185,5.7349985863202235,7.417400827729739,3.932559544117379,5.321727150861927,2.5868939737861503,3.6431983827365495,17.879015172355857,7.129945863180421,3.524740629343449
NCC(=O)CCC(=O)O,0,1.825884775835532,3.2762115375101843,121.3715149046361,-0.8999999999999999,78.51304536092788,7.276020881938894,4.962380789176953,4.962380789176953,4.163902460147014,2.6007635504575264,2.6007635504575264,1.6365378230500975,1.6365378230500975,0.8453751400342976,0.8453751400342976,0.3484141923177446,0.3484141923177446,8.1,4.026688004877305,4.96294006987369
Cc1nc(NC(=O)N2CCCC2C(N)=O)sc1-c1ccnc(C(C)(C)C(F)(F)F)c1,0,3.275047690332705,1.8429631823908117,973.3197515033992,-2.689999999999999,3799474.5268903,22.26722023457211,16.708350766426918,17.524847347354648,13.91372236358634,9.295453323723907,10.111949904651633,7.670010640510424,8.669081407273206,5.22370675266882,6.3456427275127085,3.2453810335139477,4.197812876890019,22.005526275262465,7.858788055820341,4.112286896576829
OC[C@H]1O[C@H](O[C@H]2O[C@H](CO)[C@@H](O)[C@H](O)[C@H]2O)[C@H](O)[C@@H](O)[C@@H]1O,0,2.5498514745687513,2.070727962317048,344.01843836179484,-0.43999999999999995,109799.154346405,17.309036597829,11.99016988966061,11.99016988966061,10.810968167888422,7.079025680484131,7.079025680484131,5.5306361072950265,5.5306361072950265,3.9651449558061613,3.9651449558061613,2.491815902845902,2.491815902845902,18.89235232228663,7.630403592249655,3.6467229106733217
CCc1cnn2c(NCc3ccc[n+]([O-])c3)cc(N3CCCCC3CCO)nc12,1,3.157385883323904,1.69308233450483,970.9597645452121,-2.8699999999999997,6351258.517915498,20.21696770287794,16.789835997283376,16.789835997283376,14.1902031456512,10.360165139142095,10.360165139142095,7.539278883251159,7.539278883251159,5.605950216121591,5.605950216121591,4.067463424821522,4.067463424821522,19.446588198151474,8.649474315692315,4.1192230215302725
C[C@@H]1O[C@@H](O[C@H]2[C@H](Oc3cc(O)c(C(=O)CCc4ccc(O)cc4)c(O)c3)O[C@H](CO)[C@@H](O)[C@@H]2O)[C@H](O)[C@H](O)[C@H]1O,0,2.9304355905766393,1.5167405418755133,1166.0306396124702,-3.05,780922110.0953197,30.00734273164876,21.92508846241259,21.92508846241259,19.40399365856287,12.921646472166934,12.921646472166934,10.03275124747031,10.03275124747031,7.102576149058264,7.102576149058264,4.696725568131776,4.696725568131776,30.898176772352603,12.854784849669677,6.720643940169475
CC(C)c1c(CN(C)C(C)Cc2ccccc2)n(C)n(-c2ccccc2)c1=O,0,2.9271020907177725,1.9159848116112308,954.7653832711552,-2.5899999999999994,2083394.1840892818,20.25878406613483,17.592305869612346,17.592305869612346,13.396754605515328,10.001246604105804,10.001246604105804,7.945040365663322,7.945040365663322,5.5279747309096425,5.5279747309096425,3.7992446316172144,3.7992446316172144,20.15218552947852,8.613065245355543,4.121354487463683
CCCCC(=O)OC1CCC2C3CCc4cc(O)ccc4C3CCC12C,0,2.9564195944560483,1.5129824305223407,682.0305457489966,-1.5099999999999998,1105420.0684650887,18.311190308942127,16.169123091433995,16.169123091433995,12.525023798248391,10.53904340559487,10.53904340559487,9.002531507349373,9.002531507349373,7.631318230715377,7.631318230715377,6.252992060533169,6.252992060533169,17.881557312219492,6.902001637485237,2.9347718760130697
CCCS(=O)(=O)Nc1ccc(F)c(C(=O)c2c[nH]c3ncc(Cl)cc23)c1F,0,2.999738411653434,2.088807323809325,1145.776296870093,-2.5199999999999996,1032455.9659997021,19.76722023457211,14.015065084704316,15.587490611650498,12.7311825866397,7.890175212086563,9.920404911415945,5.786039789765509,8.06434375814042,3.798836198461933,5.482158356681703,2.6271629614943515,3.917295212163791,19.247380728543913,7.241185926979019,3.78777217550763
Clc1ccccc1CN1CCc2sccc2C1,0,2.792906788080226,1.741225139957795,520.445691001938,-0.8300000000000001,15922.361598845368,11.664925939000156,9.525955098856995,11.098380625803177,8.326499840494924,5.837510849080169,7.095128133344292,4.421079811691885,5.828947005630659,3.2385157141927174,4.630239604504097,2.309388739394961,3.394561822777054,11.271230384229662,4.807937906226536,2.3914768858210183
COc1cc(C=CC(=O)CC(=O)C=Cc2ccc(O)c(OC)c2)ccc1O,0,2.6624414187063987,1.9588614829982387,822.0399999194264,-3.5399999999999996,881033.8147469718,19.811190308942127,15.008029825938177,15.008029825938177,12.922253953220077,8.084748487013046,8.084748487013046,5.638641501457053,5.638641501457053,3.679371064943775,3.679371064943775,2.263683901851912,2.263683901851912,19.780378892165626,9.238837190939822,5.7434025122363215
COc1cc(N2CCC(N3CCN(C)CC3)CC2)ccc1Nc1ncnc(Nc2ccccc2S(=O)(=O)C(C)C)n1,1,2.9806772055706627,1.2558011746347995,1435.479072960934,-3.48,1646934703.4339914,28.98455241637955,24.246631676243844,25.06312825717157,19.739551871947235,14.159324284458126,15.705643762379689,10.914662545685424,13.387316529571486,7.947981154347549,10.158232650442011,5.385734437035899,6.5874459188752,29.02750294214827,12.579947954912898,6.71219879526249
CN1c2ccccc2C(NCCCCCCC(=O)O)c2ccc(Cl)cc2S1(=O)=O,0,2.7505859026190724,1.8466744320912427,993.9256565537944,-2.089999999999999,2697785.6556323967,21.018297090128677,16.26682766650089,17.83925319344707,13.819404336325704,9.646081563009977,11.464109364819848,7.158587123057868,9.53270454631878,5.17794945976988,7.2401842803129215,3.654109168477505,5.37081670206456,21.614855692489524,9.153338986218834,4.738573056430823
COc1ccc2c(c1OC)C(=O)OC2C1c2c(cc3c(c2OC)OCO3)CCN1C,0,3.3547356494161944,1.6852290238580119,1034.8766093427325,-3.13,12269811.448313754,20.990834873703704,17.31302331825477,17.31302331825477,14.583248657969117,9.74057753369303,9.74057753369303,7.483053039224098,7.483053039224098,6.06147510450154,6.06147510450154,4.711956449443157,4.711956449443157,18.87066760626845,6.982663994195339,2.52792949442361
NCC1OC(OC2C(N)CC(N)C(OC3OC(CO)C(O)C(N)C3O)C2O)C(N)CC1O,1,2.7472419311249547,1.6991706468763768,607.1880034640932,-0.5599999999999999,8788058.80724996,23.739758018147146,17.667143378704328,17.667143378704328,15.081825115717525,10.75904610808332,10.75904610808332,8.784966984839405,8.784966984839405,6.414988289339922,6.414988289339922,4.428017313305889,4.428017313305889,26.05189361507292,10.793525832364557,5.235544635959526
O=C(NC[C@@H](O)CN1CCc2ccccc2C1)c1cc(NC2COC2)ncn1,0,2.689046700197847,1.2471099111830397,826.9933870080159,-2.5499999999999994,2454198.806636068,19.34672421487486,15.673900584750402,15.673900584750402,13.669836433395455,9.58899698382285,9.58899698382285,7.284879884209641,7.284879884209641,5.066694720156893,5.066694720156893,3.46224990704301,3.46224990704301,18.796672391053892,8.639140607304812,4.643582828871179
COc1ccc(/C=C\c2cc(OC)c(OC)c(OC)c2)cc1O,0,2.5841117027630514,2.3354269007566826,681.5483998383075,-2.8200000000000003,151080.0907020418,16.81962647737941,13.621658641682794,13.621658641682794,11.1212534604299,6.976514553147955,6.976514553147955,4.723292816097912,4.723292816097912,3.3581988789595942,3.3581988789595942,2.200724344923315,2.200724344923315,16.548798044728354,7.4450185725338835,3.687788948586399
C=C1c2cccc(O)c2C(=O)C2C(=O)C3(O)C(=O)C(C(N)=O)C(=O)C(N(C)C)C3C(O)C12,1,2.69963765448862,1.9740875357967511,1124.9276159008452,-3.210000000000001,8427682.935942447,23.85892465059366,17.310705307401953,17.310705307401953,14.86670827913139,9.907639163290074,9.907639163290074,8.750100538619844,8.750100538619844,6.950057326267135,6.950057326267135,5.566322910634307,5.566322910634307,22.00076096960224,6.893358820274297,2.4784840440451306
CCC(C)(C)c1ccc(CC(C)CN2CC(C)OC(C)C2)cc1,0,2.461625602851299,1.887041831747436,469.1198661635265,-0.8600000000000001,100345.70607463035,17.035169427003233,15.932447676223944,15.932447676223944,10.796862180437596,9.27071255568489,9.27071255568489,8.219516302184754,8.219516302184754,5.2685631238441974,5.2685631238441974,3.6372923811706324,3.6372923811706324,18.478251475928342,7.807624303033636,5.323870370772655
NCC1OC(OC2C(N)CC(N)C(O)C2OC2OC(CO)C(O)C2O)C(N)C(O)C1O,0,3.0156938478604216,1.7751316047001908,591.1155010951544,-0.5599999999999999,6336048.166700942,23.0326512369606,16.829899923828112,16.829899923828112,14.59866186812313,10.200748416902755,10.200748416902755,8.299247442652119,8.299247442652119,6.1271215967417545,6.1271215967417545,4.16311523091329,4.16311523091329,25.07024443495039,10.148193063720194,4.873835831753793
CN1C(=O)CC[C@H]1c1cccnc1,0,2.494104956937373,2.236360159695857,309.96060133940625,-1.38,1536.3686534734218,9.259148545064338,7.603640389785005,7.603640389785005,6.287693700234704,4.444034959231595,4.444034959231595,3.345475184399548,3.345475184399548,2.5617311779403185,2.5617311779403185,1.767362672120297,1.767362672120297,8.22879895318728,3.1656496783528167,1.414422843770367
CCc1cc(C(C)=NOCc2ccc(C3CCCCC3)c(C(F)(F)F)c2)ccc1CN1CC(C(=O)O)C1,0,2.851834959200743,1.4020576153144757,1133.702168486051,-2.8699999999999997,117449309.33401287,26.578775022443736,21.48190075183776,21.48190075183776,17.651216908830303,13.092395196162729,13.092395196162729,10.270716679515253,10.270716679515253,7.606104647548661,7.606104647548661,5.3950468488785726,5.3950468488785726,27.172478987759575,11.672579292572783,6.718101537387796
CNC(=O)c1cnn(-c2nc(N)c3ncn([C@@H]4O[C@H](CO)[C@@H](O)[C@H]4O)c3n2)c1,1,3.4006824586088404,1.770808227691828,1032.784989556204,-3.1300000000000003,3407834.093819295,19.99927104214099,14.667327875130907,14.667327875130907,13.439090705625686,8.338669938768087,8.338669938768087,6.2144616107043005,6.2144616107043005,4.504651750364061,4.504651750364061,3.0187117330921316,3.0187117330921316,18.243438032878313,6.7932528740716895,2.7674310541906855
CC(C)(C)NCC(O)c1cc(Cl)c(N)c(Cl)c1,1,2.20359925101989,2.793868570618487,378.9774815422807,-0.48000000000000004,3516.944404627744,13.215178470694322,10.219650399463465,11.731508291500376,7.704195919671092,5.380015851382404,6.1359447974008585,5.044924146994181,5.859324400475393,2.3118989260179843,2.937316942994583,1.317000550328073,1.8209429536426975,14.580532687651333,5.442319297227818,4.355958766128477
Cc1ccc(-c2nn(C(C)(C)C)c3ncnc(N)c23)cc1,0,2.8041232130015534,2.3513512259264133,793.8856670729588,-2.43,64999.576077376005,15.198306133819765,12.75295599713759,12.75295599713759,9.876028663351637,6.9444741078849495,6.9444741078849495,6.254772146040388,6.254772146040388,3.45442840158769,3.45442840158769,2.3557743397957074,2.3557743397957074,13.548363599022416,4.547589564301598,2.243746904474524
CCCc1nc(C(C)(C)O)c(C(=O)OCc2oc(=O)oc2C)n1Cc1ccc(-c2ccccc2-c2nn[nH]n2)cc1,0,3.6742163431476134,1.4794908396238187,1707.829134039481,-4.839999999999999,1824279380.6681302,29.147689123196074,23.17175230358226,23.17175230358226,19.6512169088303,13.162717524186895,13.162717524186895,10.107943517783248,10.107943517783248,6.582048568112799,6.582048568112799,4.601234828040178,4.601234828040178,27.71652291233473,11.33623748019466,5.86940169902117
COc1cc2c(Oc3ccc(NC(=O)C4(C(=O)Nc5ccc(F)cc5)CC4)cc3F)ccnc2cc1OCCCN1CCOCC1,1,3.882663753054754,1.100038116413333,1725.3092570121505,-4.809999999999999,41249734674.13735,32.0974365915019,25.314659871566352,25.314659871566352,22.34050550325113,15.10068888844922,15.10068888844922,11.229844042927672,11.229844042927672,8.097944541354815,8.097944541354815,5.281549850109988,5.281549850109988,31.184004169924002,13.672856348020767,7.026803458409573
COc1cc(CC2C(=O)OCC2Cc2ccc(OC)c(OC)c2)ccc1O,0,3.0220253922890827,1.7639341669827024,816.3142857361564,-2.8899999999999997,1519374.6404050053,19.388540578131753,15.728577544895925,15.728577544895925,13.049575153157903,8.787575393827494,8.787575393827494,6.600397718434446,6.600397718434446,4.957044931624785,4.957044931624785,3.4692917188557253,3.4692917188557253,18.88788621072706,8.203430856330248,4.101357309668081
CS(=O)(=O)c1ccc(C2=C(c3ccccc3)C(=O)OC2)cc1,0,2.8900007776587042,2.0911663860087306,847.2917680589487,-2.3999999999999995,126558.91405522998,15.742276208189784,11.944500656212497,12.760997237140224,10.465345060828676,6.728233392249956,8.61964493030821,5.092254329504028,7.107989904246876,3.546896082101481,4.675366309328172,2.433140005637548,3.063610518323634,14.533641975308644,5.421295494749522,2.672450351561639
CN(C)C(=O)C(O)C(Cc1ccccc1)NC(=O)c1cc2cc(Cl)ccc2[nH]1,0,3.0992772579136703,1.8367197084987,984.9843078955242,-2.8299999999999996,2158547.4332646183,20.25878406613483,15.646847987209304,16.40277693322776,13.346244348298507,8.872016432470799,9.249980905480028,6.861764754019801,7.298200534491786,4.517264826438926,4.752361929226664,3.018228748548842,3.198771378777583,19.918527957330237,8.457102122683676,4.524485679524777
CCCCCCCCCCCCc1ccc(S(=O)(=O)Nc2nncs2)cc1,0,3.1577703551212792,1.6274618901070397,729.0971335552756,-1.4700000000000002,1368337.6813625733,19.374186431299826,16.192346291855525,17.825339453710978,13.115321630085539,9.995241093747525,12.358057152596812,6.925312930291196,9.440934273841105,4.634368021671268,6.725085357162563,3.043242680002847,4.73617470559132,21.82586231774823,12.08020476119022,8.38729490787478
O=CN1CC/C(=C\c2ccc3c(c2)OCO3)C1=O,0,2.9676633904905048,1.8828620809287946,549.9222677816364,-2.3,26067.955222068595,12.535169427003234,9.588278446863184,9.588278446863184,8.775188245478667,5.6423959502904,5.6423959502904,4.136230811983415,4.136230811983415,3.0223692344219706,3.0223692344219706,2.0724111324244765,2.0724111324244765,10.828985923585178,4.177266877621159,1.7337703708934549
CNCCc1ccccn1,0,2.029573889867405,2.4265223465879537,171.872282370036,-0.8900000000000001,251.66716234355823,7.234204518682008,6.170828234631557,6.170828234631557,4.931851652578137,3.4775876032785007,3.4775876032785007,2.1746283532071886,2.1746283532071886,1.3572884395960962,1.3572884395960962,0.7990780964900966,0.7990780964900966,7.219769484083424,4.011046940626403,2.1504230342026096
C=C1C(=CC=C2CCCC3(C)C2CCC3C(C)C=CC(O)C2CC2)CC(O)CC1O,0,3.48858093822626,1.4835572427136636,743.2071381686682,-1.1600000000000001,8390162.745347932,21.465890847321376,18.763561559451233,18.763561559451233,14.291549448427919,12.105949341620123,12.105949341620123,10.736013347862075,10.736013347862075,8.653616335856848,8.653616335856848,6.626313353802967,6.626313353802967,22.048934117825304,8.762981845840649,4.397256235827665
Cc1nc2cc(-n3ncc(C(=O)c4cc5ccccc5[nH]4)c3N)ccc2[nH]1,0,3.35140373326616,1.5583320608703644,1290.0196346072148,-3.869999999999999,3163671.501743523,18.543241116511005,14.523391768859998,14.523391768859998,13.097356788324023,8.52683490526047,8.52683490526047,6.478341337186129,6.478341337186129,4.655275261449357,4.655275261449357,3.3328788644310783,3.3328788644310783,15.390008975093506,5.566695805918511,2.3997177956276814
C[C@@]12N[C@@H](Cc3ccccc31)c1ccccc12,0,2.607118545368002,2.0499758737909843,588.9791034010993,-1.5999999999999996,17488.55120232856,11.457819157813608,9.903259203893182,9.903259203893182,8.288641693029941,6.243852488626015,6.243852488626015,5.270445074153857,5.270445074153857,4.3178642758455865,4.3178642758455865,3.549999261304812,3.549999261304812,9.432136105860117,2.991420241566015,1.074222282598149
NCCCNCCSP(=O)(O)O,0,1.9426157775298116,3.0623984211130764,151.62875863456512,0.42,304.9906770721804,9.449747468305834,6.771021542549964,8.481945314477604,5.560660171779821,3.6691785779153347,6.872270705455512,2.216029066014674,6.065236309522559,1.0959780781627335,3.375796418794071,0.5887918604412018,2.0496174611508717,12.42,6.884882140897875,10.42
CCCCCOC(=O)Nc1nc(=O)n(C2OC(C)C(O)C2O)cc1F,0,2.81919622200402,2.073729479994452,667.1570459543575,-2.0399999999999996,322177.7442506194,18.560113453385565,14.014990487558833,14.014990487558833,11.845443010499073,8.088182464795821,8.088182464795821,5.808266830020952,5.808266830020952,3.859745069256091,3.859745069256091,2.4222957165362535,2.4222957165362535,19.286922165768768,8.365261646418361,4.527287160716046
CC(=O)OCC=C(C)C=CC=C(C)C=CC1=C(C)CCCC1(C)C,0,2.451976926077252,2.665028163801521,595.459454640942,-1.8299999999999996,111893.51504460932,18.164925939000156,16.109025320811675,16.109025320811675,11.22005123771659,8.755654169683151,8.755654169683151,7.285302718663511,7.285302718663511,4.4654972318313915,4.4654972318313915,2.9908652655848997,2.9908652655848997,20.215105999097883,9.461980182127816,7.162225692522309
O=C(C(O)CO)C(O[C@H]1O[C@H](CO)[C@@H](O[C@H]2O[C@H](CO)[C@@H](O)[C@H](O)[C@H]2O)[C@H](O)[C@H]1O)[C@H](O)CO,1,2.8431524098423173,2.174031737439226,633.0746547602489,-0.9300000000000003,18205725.57193549,25.739758018147146,17.79457162703018,17.79457162703018,16.012875430496226,10.37238895173862,10.37238895173862,7.912005280514717,7.912005280514717,5.559404921845629,5.559404921845629,3.534965744372811,3.534965744372811,29.301364680306925,12.85728735985146,6.245273996673785
CNC(=O)c1ccc(-c2cnc3ncc(Cc4ccc5ncccc5c4)n3n2)cc1F,0,3.2002197037753595,1.5057574723791063,1445.0284042418796,-4.2,21157926.149101004,21.371668241257193,16.58024048324532,16.58024048324532,15.118524838379201,9.675210432540727,9.675210432540727,7.085760840051367,7.085760840051367,5.089771881391636,5.089771881391636,3.5096878862663994,3.5096878862663994,18.80497554393658,7.564707004061709,3.4803555098308188
C=CC(=O)Nc1ccc2ncnc(Nc3cccc(Br)c3)c2c1,1,2.551391569011981,2.000782706191377,894.6506920789523,-2.7299999999999995,202174.8193200784,16.233840039752504,12.083899158366188,13.669895697480893,11.152198343190413,6.863042258548005,7.656040528105358,4.782926252735891,5.6986017815275805,3.175618467612589,3.668870106329629,2.1302443496031724,2.5294827570936413,15.17667883986564,6.578139011052114,3.544076849899877
NCCCC(=O)O,0,1.6121972227029933,2.8219389370591843,62.71013448036486,-0.5700000000000001,29.01955000865388,5.698670612749268,4.05413249871309,4.05413249871309,3.270055610029662,2.1895326240390474,2.1895326240390474,1.28596706841144,1.28596706841144,0.5947663120195235,0.5947663120195235,0.2532877977688784,0.2532877977688784,6.43,3.614162062615101,5.43
NC(=O)c1cccc(-c2cccc(OC(=O)NC3CCCCC3)c2)c1,0,2.6255507986424087,1.6944787152545977,767.0415122450217,-2.82,555051.9410361998,17.648053602125596,14.033781469220589,14.033781469220589,12.114193540729627,8.603077841136916,8.603077841136916,6.341678066185743,6.341678066185743,4.452153944364195,4.452153944364195,3.141268217690075,3.141268217690075,17.01769988116422,7.834576331413834,4.5946292907079895
O=S(=O)(O)CCSSCCS(=O)(=O)O,0,1.9177908590097643,3.4084654000021937,306.02779400832594,0.5199999999999998,531.2280679457048,11.242640687119287,6.9888406394570115,10.254826963167917,6.207106781186548,3.353182243382696,9.059546730148085,2.2160274123493613,8.062295799421177,0.9325741858350555,5.297722557505164,0.3965108746796825,4.793342743508729,14.520000000000001,6.1787892838983245,12.520000000000001
CC(=O)C(O)C(O)C(O)CO,0,1.996624029577288,4.004971045712462,134.93433232624653,-0.48999999999999994,197.6657789281515,9.01650785794505,6.136260261219121,6.136260261219121,5.00210641759854,3.1585386722155957,3.1585386722155957,2.2960020373601955,2.2960020373601955,1.3212896238253549,1.3212896238253549,0.5588945091036452,0.5588945091036452,10.509999999999998,4.400732977167427,2.9386623774587015
Cn1cc[nH]c1=S,0,1.9053999311004344,3.391829211284276,197.4547535417141,-0.5700000000000001,49.54039820861129,5.276020881938894,4.010162424343072,4.826659005270798,3.304530452640311,2.005151896157176,2.413400186621039,1.3761331292432628,1.7628314603102497,0.8252958597677551,1.2311304311395144,0.3898740416562636,0.5187734853452592,4.58552099533437,1.4995195518462698,0.7183972880486792
Cn1cnc([N+](=O)[O-])c1Sc1ncnc2[nH]cnc12,0,2.974707334056786,2.083457965754208,764.8623146411958,-2.49,37430.74238443653,13.405412915006313,9.640077251960216,10.456573832887942,9.16470379794645,5.141920627464425,5.958417208392151,3.621977411479799,4.599498218845703,2.41476363412136,3.5707780130698428,1.5583854916899134,2.497086815416447,11.591985557764996,4.314847409507476,1.9088660706621567
CC(C)OC(=O)OCOP(=O)(COC(C)Cn1cnc2c(N)ncnc21)OCOC(=O)OC(C)C,0,3.1521621563566122,1.9529164466884614,998.6173712074259,-3.0000000000000004,29574067.63174766,26.009860921691388,20.11107962202237,21.005506813022283,16.48669010132705,10.566302936086414,12.29420358313042,7.661130734925971,9.6575376689089,3.916718620491768,5.379621488712375,2.454874292919425,3.542148777347094,28.238751147842056,13.185255198487713,9.64164201183432
CC(C)(OCc1nn(Cc2ccccc2)c2ccccc12)C(=O)O,0,2.919976665269676,1.9047137910754304,853.4342208303951,-2.6599999999999997,335645.4777194187,17.156489770562878,13.768503352507333,13.768503352507333,11.471163677742107,7.829112237224583,7.829112237224583,6.2112287796046814,6.2112287796046814,3.994391430284342,3.994391430284342,2.4902136292474175,2.4902136292474175,16.2067005901362,6.4515386950665325,3.308748480444606
CN1C2CCC1CC(OC(=O)C(CO)c1ccccc1)C2,0,2.7161839716030087,1.632677623313254,476.06840462966727,-1.3899999999999997,86059.57295626972,14.819626477379408,12.442610100567016,12.442610100567016,10.185871848001627,7.7695615968301235,7.7695615968301235,6.226609618478852,6.226609618478852,5.006836850664758,5.006836850664758,3.705569432943791,3.705569432943791,14.54322777837141,6.1594002436145106,2.965447272746595
Cc1cc(SCc2sc(-c3ccc(C(F)(F)F)cc3)nc2C)ccc1OCC(=O)O,0,3.0536146924476864,1.677214499958373,1046.6404197067425,-2.5200000000000005,4212400.395937734,21.88854057813175,16.116979218583527,17.749972380438976,14.130048858775128,8.852245956058113,10.654341096639326,6.501106018075929,8.633482564182247,4.219315842665656,6.628812121979909,2.6492011576959444,4.855955207681928,22.171635568303785,9.093639999018256,5.54414522605592
CC(=O)OCC(=O)C1(O)C(C)CC2C3CC=C4CC(=O)C=CC4(C)C3(F)C(O)CC21C,1,2.891439717004348,1.768347776021696,909.7455961968411,-1.86,5473275.634870739,22.982763184195935,18.482370616124715,18.482370616124715,14.319075441865143,10.996157532236687,10.996157532236687,10.368828064031192,10.368828064031192,9.017495708228767,9.017495708228767,7.324123616309974,7.324123616309974,22.338087551777402,6.817266256275943,2.6525768062982285
COc1cc(C=CC(=O)N2CCN(CC(=O)N3CCCC3)CC2)cc(OC)c1OC,0,3.3192897550073845,1.5399090352774676,755.972838218825,-2.74,7709448.770775251,21.509860921691395,18.056244346256623,18.056244346256623,14.549575153157903,10.325111086664554,10.325111086664554,7.481333771768762,7.481333771768762,5.6070165864112855,5.6070165864112855,3.8547050793999764,3.8547050793999764,21.95667893713654,10.337460737693812,5.24098135969628
O=C(O)CCCCCCCC(=O)O,0,2.0135356038424623,2.9961049979124525,146.99763683370963,-1.06,553.7222910566771,10.104448006685086,7.6606712402334765,7.6606712402334765,6.125897657686229,4.5625686671503685,4.5625686671503685,3.0552440394130747,3.0552440394130747,1.7812843335751838,1.7812843335751838,1.0827815361957358,1.0827815361957358,11.94,7.581959097553653,10.939999999999998
CC(C)C(=O)Nc1ccc([N+](=O)[O-])c(C(F)(F)F)c1,0,2.2672573134759912,3.1948197402285663,512.3971412886738,-2.12,8776.553060465561,14.792528739883947,10.115252962677733,10.115252962677733,8.62491622332612,5.291235568852513,5.291235568852513,4.1307484101510745,4.1307484101510745,2.2905650928070447,2.2905650928070447,1.2866527588650267,1.2866527588650267,14.939241706161136,5.249619382287528,3.6680483575172067
CC(C)Nc1cc(-c2c[nH]c(C(=O)NC(CO)c3cccc(Cl)c3)c2)c(Cl)cn1,1,3.168650029576948,1.7947345081879047,1003.8511034555229,-2.539999999999999,3526574.399617901,20.965890847321376,16.03921390056504,17.551071792601952,13.867412398353682,9.151189451592298,9.907118397610754,6.914084680167177,7.757720587379768,4.269480597162721,4.805767770615616,2.9092648564191914,3.320450732158686,21.175654721721106,9.305067927435578,5.29145188101679
CN(C(=O)CN(CCO)CC(=O)N(C)C(C)(C)Cc1ccccc1)C(C)(C)Cc1ccccc1,0,2.7839108682478577,2.010329079971739,839.5082824160329,-2.699999999999999,16990185.75762973,25.355160383312132,21.621494341943105,21.621494341943105,15.958362770090382,11.904701285136609,11.904701285136609,10.289391859253433,10.289391859253433,6.657265804744468,6.657265804744468,4.053263226060227,4.053263226060227,27.543843993520497,12.134332389477954,7.95867613592042
Cc1ncc([N+](=O)[O-])n1CC(C)O,0,2.316877102218205,3.0132683327205707,318.78271070124214,-1.43,766.8863208342258,10.008071689507773,7.467158282493358,7.467158282493358,6.019744507803581,3.866474802429489,3.866474802429489,2.880347876852291,2.880347876852291,1.6678866447368967,1.6678866447368967,1.0918803941502921,1.0918803941502921,9.656430423509077,3.525768927492189,2.027005746179549
N#Cc1cc(-c2n[nH]c(-c3ccncc3)n2)ccn1,0,2.9802564297260536,1.9967993879544759,741.0799383005018,-3.07,49484.1777591714,13.079139501373252,9.777519861827173,9.777519861827173,9.364504642955708,5.559613128715423,5.559613128715423,3.785073010739783,3.785073010739783,2.5718518904937797,2.5718518904937797,1.660556801889708,1.660556801889708,11.045231228589588,4.661411932552744,2.16814906802193
N=C(N)N=C(N)NCCc1ccccc1,0,2.1785591426768476,2.309355596806296,344.09019744221484,-2.0399999999999996,2239.558798671799,11.096011838247808,8.402879042200436,8.402879042200436,7.1815405503520555,4.64235424839909,4.64235424839909,3.0446594759170686,3.0446594759170686,1.8035216545410473,1.8035216545410473,1.1488821307586008,1.1488821307586008,11.037160493827162,5.6400962305513165,4.657834812595399
CCC(C)C(=O)OC1CC(O)C=C2C=CC(C)C(CCC(O)CC(O)CC(=O)O)C21,0,2.65283062399124,2.089698683529156,655.9370596949925,-1.7000000000000002,2487572.5402697055,22.421920772951363,18.107092901596594,18.107092901596594,14.11629995832817,10.982325735332003,10.982325735332003,8.880784623971424,8.880784623971424,6.442822633794981,6.442822633794981,4.520329375124461,4.520329375124461,24.568378198930684,11.070673451799568,6.653663308419858
CC1C(=O)O[C@@H]2CCN3CC=C(COC(=O)[C@](C)(O)[C@]1(C)O)[C@H]23,0,3.0554983096978754,1.9654078757442548,566.9177689624568,-1.4400000000000002,150553.56821374342,16.991199352633217,13.612462149860022,13.612462149860022,10.658720733802744,7.914176105622062,7.914176105622062,7.000382503017211,7.000382503017211,5.631484363608565,5.631484363608565,3.524581917862175,3.524581917862175,16.418913124313605,5.290378695270396,2.379196601336417
COC(=O)NC(C(=O)N1CCCC1c1nc(-c2ccc(-c3ccc(-c4c[nH]c(C5CCCN5C(=O)C(NC(=O)OC)C(C)C)n4)cc3)cc2)c[nH]1)C(C)C,0,4.0170467856251575,1.1054287979220734,1795.7645982570257,-5.659999999999999,1265686436097.831,38.517568132269645,31.718589118936308,31.718589118936308,25.98080460128387,18.603785630740045,18.603785630740045,14.591149865835133,14.591149865835133,10.37597185942663,10.37597185942663,7.363027705636216,7.363027705636216,38.076509595468174,16.564303454193016,8.115988043030017
CC(=O)Oc1ccccc1C(=O)O,0,2.0325369160995868,3.0435273546341013,343.22286772671646,-1.8399999999999999,729.6807528797516,9.844934982691242,6.9813595436500515,6.9813595436500515,6.109060905280622,3.6174536478673316,3.6174536478673316,2.3949556783206725,2.3949556783206725,1.3711546649445037,1.3711546649445037,0.8871712192374142,0.8871712192374142,9.249605734767023,3.7092512583454584,2.297415032519928
CNC(=O)c1ccc(N2C(=S)N(c3ccc(C#N)c(C(F)(F)F)c3)C(=O)C2(C)C)cc1F,0,2.897920940526675,2.0964965325480622,1187.2977230033416,-3.5199999999999987,7229985.281547775,24.007707210578268,17.042345165066127,17.858841745993853,14.838789614221337,9.159616709389272,9.567864999853136,7.400286699559265,7.765435071229374,5.037814188111929,5.402962559782038,3.4213818420331714,3.943329431088642,23.14960133920268,7.870336622948183,3.665973529347541
O=c1[nH]c2ccc(Cl)cc2c(NC2CN3CCC2CC3)c1-c1nc2ccccc2[nH]1,1,3.1858204932185843,1.5640644789588545,1285.4204878781213,-2.8299999999999996,17632012.722692065,20.24191172926027,16.412326283112378,17.168255229130835,14.65299968098985,10.451140755508964,10.829105228518191,8.385457865765739,8.821893646237724,6.58829374960533,6.823390852393068,5.026394882024822,5.19849790597769,17.980218368012878,6.857561910881092,2.902970247053361
CCN1CCN(C(=O)NC(C(=O)NC2C(=O)N3C(C(=O)O)=C(CSc4nnnn4C)CSC23)c2ccc(O)cc2)C(=O)C1=O,0,3.4225521941687838,1.3149886827209931,1562.591958886522,-4.65,5274769017.989464,31.706013344398016,23.367894473470646,25.000887635326098,21.010146808445512,13.27076828298252,15.305121632616663,9.84276823074382,11.890259377185505,7.196478414204155,9.632983790878328,4.864559873263209,7.199481553646899,30.796209802192134,12.527239969114575,5.786628970610092
CC(NC(CCc1ccccc1)C(=O)O)C(=O)N1CCCC1C(=O)O,0,3.078589597647201,1.9462076496610747,619.152256622041,-2.41,421077.17080779356,18.396976746569035,14.220721717341211,14.220721717341211,11.896754605515326,8.459079000917383,8.459079000917383,6.331347671725558,6.331347671725558,4.505156898907565,4.505156898907565,3.142805283949742,3.142805283949742,18.921938814145353,8.617804043675026,5.029020566379821
Cn1c(=O)n(-c2ccc(C(C)(C)C#N)cc2)c2c3cc(-c4cnc5ccccc5c4)ccc3ncc21,0,3.177706822516373,1.5920983929372514,1903.202178983859,-4.759999999999999,234470212.05205664,25.026368779636435,20.227220036618416,20.227220036618416,17.36934182550903,11.748041786553426,11.748041786553426,9.601347129534645,9.601347129534645,6.9339053584279755,6.9339053584279755,4.736960261960972,4.736960261960972,21.751951230209205,7.89109502524953,3.286018746240337
CC(C)(C)NC(=O)C1CN(Cc2cccnc2)CCN1C[C@@H](O)CC(Cc1ccccc1)C(=O)N[C@H]1c2ccccc2C[C@H]1O,0,3.317933722622015,1.285219856564186,1413.7019903455487,-3.629999999999999,9690025118.395958,31.97611624794227,26.601723653333167,26.601723653333167,21.552665148020626,16.010616163128326,16.010616163128326,13.579090160787672,13.579090160787672,8.70448262056763,8.70448262056763,6.564980489820981,6.564980489820981,32.754084204864384,14.643085866126452,8.976638083300317
NCC(O)c1ccc(O)cc1,0,2.0456060352867365,2.8057445316140472,220.03859680452527,-1.06,335.4793897870248,8.267584713501616,6.065635587324219,6.065635587324219,5.236382105218448,3.4083446080655984,3.4083446080655984,2.343032259416578,2.343032259416578,1.5011219787884849,1.5011219787884849,0.8325536685142131,0.8325536685142131,8.040603621730382,3.3659679080000666,1.9291023263065645
NCCC(=O)NC(Cc1c[nH]cn1)C(=O)O,0,2.693204802436518,2.544729271478486,349.64588802313415,-1.8900000000000001,4451.867538427564,11.966255326250886,8.64164519224579,8.64164519224579,7.6302289553358005,4.830639810799321,4.830639810799321,3.2616773049094614,3.2616773049094614,1.9728293582670264,1.9728293582670264,1.2093478203365886,1.2093478203365886,12.180871722182847,5.862111536316656,3.696137506765994
NS(=O)(=O)c1ccccc1,0,1.8822423779323865,3.2186466288823383,303.7795180972205,-0.8700000000000001,165.63732925805002,7.612884175122366,5.188846486529345,6.005343067457071,4.605171715522539,2.683843341483741,4.230162819405302,1.8580617979234193,3.419484855391005,1.0717380183877572,2.000969251799326,0.6101737590625248,1.1466656618121016,7.239529025191675,2.3973980796638448,1.5541073940424677
Cc1nnc(SCC2=C(C(=O)O)N3C(=O)C(NC(=O)Cn4cnnn4)[C@H]3SC2)s1,0,3.3458062780360796,1.4374120949777263,990.9137443081793,-2.5200000000000005,4550942.278740729,20.543241116511,14.880569657911366,17.330059400694545,13.935560745775547,8.267999599287728,11.118849529849602,6.095372750865018,9.604477185504212,4.140728477698629,7.538646066948282,2.8988858510512423,6.199438782691767,19.78162067422846,8.076871617315621,3.970577608495778
COc1ccccc1O,0,1.8934931172271934,3.0065240073265844,195.86256853719752,-1.1800000000000002,130.65102508867633,6.69023444431199,5.164862962722324,5.164862962722324,4.342535255101096,2.6633295026354,2.6633295026354,1.6718488391821222,1.6718488391821222,1.0851702186431136,1.0851702186431136,0.6297770429967046,0.6297770429967046,5.947877237851663,2.3955617406597787,1.1340794947334671
CS(=O)(=O)n1cc2c(n1)CN([C@H]1CO[C@H](c3cc(F)ccc3F)[C@@H](N)C1)C2,0,3.1573393138857453,1.4437956141687383,955.0532923993388,-1.8800000000000001,1437006.156607447,19.344570503761737,14.67779217263698,15.494288753564707,12.719365256252168,8.562860247056799,10.411171866321302,7.114712992328174,8.954871018016311,5.104549004841908,5.971191671635172,3.7319844257765045,4.297576385342091,18.481772043811425,6.623414819387331,3.4937862996984195
Clc1ccccc1C(c1ccccc1)(c1ccccc1)n1ccnc1,1,3.2063001130879054,2.153583648156872,908.2706613028778,-2.8399999999999994,1236605.8276157433,17.11467340730599,13.587346240232787,14.343275186251242,12.331370464613116,8.177435400812115,8.555399873821344,5.892261019834486,6.299461146575091,4.538475267103274,4.868063488143322,3.485757822956155,3.7582400295250897,15.673998801944185,6.577182238233219,2.5530431664020705
