SMILES,binaryLabel,LabuteASA,PEOE_VSA1,PEOE_VSA10,PEOE_VSA11,PEOE_VSA12,PEOE_VSA13,PEOE_VSA14,PEOE_VSA2,PEOE_VSA3,PEOE_VSA4,PEOE_VSA5,PEOE_VSA6,PEOE_VSA7,PEOE_VSA8,PEOE_VSA9,SMR_VSA1,SMR_VSA10,SMR_VSA2,SMR_VSA3,SMR_VSA4,SMR_VSA5,SMR_VSA6,SMR_VSA7,SMR_VSA9,SlogP_VSA1,SlogP_VSA10,SlogP_VSA11,SlogP_VSA12,SlogP_VSA2,SlogP_VSA3,SlogP_VSA4,SlogP_VSA5,SlogP_VSA6,SlogP_VSA7,SlogP_VSA8
COc1cc2c(cc1OC)C(=O)C(CC1CCN(Cc3ccccc3)CC1)C2,0,167.00458662052273,9.473725907600098,0.0,17.28226861293275,0.0,0.0,0.0,9.694446914922299,0.0,0.0,0.0,30.33183534230805,67.9503424700078,18.026113943770966,14.219595082555067,14.268263091671919,5.783244946364939,0.0,4.899909730850477,11.835812092322787,32.22804289761662,27.30910789438022,59.15492395432226,11.49902366656781,9.473725907600098,0.0,11.49902366656781,0.0,37.99226257159563,12.965578028838586,11.835812092322787,40.74735652794084,42.46456947923127,0.0,0.0
C#Cc1cccc(Nc2ncnc3cc(OC)c(OCCCCCCC(O)=NO)cc23)c1,0,186.47288548736648,25.104294931224427,12.14518285259957,11.49902366656781,5.897745344357611,0.0,0.0,0.0,9.967957041894415,0.0,6.423349895620259,29.984157359919813,37.107111519698464,29.124250672232975,19.233380223406712,19.787506327218093,28.30591932895726,0.0,9.967957041894415,5.15571272675054,32.10410811463005,19.033468109796782,48.288973977231194,23.84280788104371,14.790514511606428,11.50524905251859,11.49902366656781,0.0,39.89616231166047,0.0,12.343784214475903,37.667559606327046,47.881235212284736,0.0,10.902924932081056
Cn1c(=O)c2c(ncn2CC(O)CO)n(C)c1=O,1,101.34730875133458,14.780154437472765,0.0,11.16387793838399,0.0,5.559266895052007,5.689743398203474,13.928736479654532,9.778515705019029,0.0,0.0,0.0,0.0,14.09534396535438,25.582924832938335,10.213054789681411,11.16387793838399,0.0,18.685277464321274,14.09534396535438,12.648722793660877,6.606881964512918,27.165404736163666,0.0,11.24901029325548,0.0,0.0,0.0,41.609180606263905,20.640100371266954,0.0,0.0,15.916394442908185,0.0,11.16387793838399
COc1cc(C)c(C=CC(C)=CC=CC(C)=CC(=O)O)c(C)c1C,0,144.21642378845576,9.843390348640755,5.749511833283905,0.0,0.0,0.0,5.9693052879518484,0.0,4.794537184071822,0.0,0.0,35.953205064238674,68.51196356377197,6.076020106833881,7.109797541277533,14.637927532712576,12.04532539478573,0.0,0.0,0.0,34.61868599845312,7.109797541277533,69.84648262955753,5.749511833283905,4.736862953800049,0.0,5.749511833283905,0.0,18.18563022407009,4.794537184071822,20.771211599071872,36.101280366169235,47.59267666276955,0.0,6.076020106833881
OCC1NCC(O)C(O)C1O,0,64.28492763867544,25.742898183369157,6.103966387748303,0.0,0.0,0.0,0.0,0.0,0.0,0.0,0.0,0.0,0.0,6.544756405912575,24.856655569157482,20.426109579362823,0.0,0.0,5.316788604006331,0.0,24.353739992392867,13.151638370425493,0.0,0.0,5.316788604006331,0.0,0.0,0.0,57.93148794218118,0.0,0.0,0.0,0.0,0.0,0.0
OCCN(CCO)c1nc(N2CCCCC2)c2nc(N(CCO)CCO)nc(N3CCCCC3)c2n1,0,211.7652250166962,40.02574850276473,11.033401435232523,11.635725555670057,11.896678561972989,0.0,0.0,0.0,9.967957041894415,9.967957041894415,0.0,0.0,38.524929737556064,52.358051247300594,26.427527858051672,20.426109579362823,34.565805552875574,0.0,19.93591408378883,0.0,38.524929737556064,98.3852180287542,0.0,0.0,19.59963892340191,23.532404117643047,0.0,0.0,119.14760276850394,0.0,0.0,38.524929737556064,0.0,0.0,11.033401435232523
O=C(Nc1ccc(OC(F)(F)F)cc1)c1sccc1NCc1ccnc2ccccc12,0,179.05349156345346,15.37044016181271,10.626659026985205,0.0,0.0,5.907179729351506,6.362358859030383,9.778515705019029,0.0,0.0,24.508031020959194,18.19910120538483,53.40808374139418,23.81521046667401,11.204086992299825,22.702645280896327,39.52166308873442,0.0,4.983978520947208,0.0,12.90711526494296,10.633577208012662,82.6811757120934,5.749511833283905,15.37044016181271,24.546017692391583,5.749511833283905,11.336785877934735,17.253517109329096,6.544756405912575,0.0,15.235135869470117,72.2405770266951,0.0,10.902924932081056
I,1,24.512270176537566,0.0,0.0,0.0,0.0,0.0,0.0,0.0,0.0,0.0,23.97664012526206,0.0,0.0,0.0,0.0,0.0,23.97664012526206,0.0,0.0,0.0,0.0,0.0,0.0,0.0,0.0,0.0,0.0,23.97664012526206,0.0,0.0,0.0,0.0,0.0,0.0,0.0
OCCn1cc(-c2cnc3nnn(Cc4ccc5ncccc5c4)c3n2)cn1,0,158.85949309659375,5.106527394840706,0.0,5.647177220767728,5.647177220767728,0.0,0.0,9.665781456092391,14.649759977039599,5.098681808301038,5.098681808301038,17.346119232578086,23.762552697081826,23.343362849387944,43.30071063202894,5.106527394840706,22.197279373616514,0.0,39.72629014538894,0.0,13.08951281182515,6.606881964512918,60.682661120457354,11.257379486545457,0.0,0.0,0.0,0.0,51.43969950474255,13.08951281182515,0.0,5.563451491696996,55.11920962876036,0.0,33.45465886016197
C=C1C(CO)C(O)CC1n1cnc2c(=O)[nH]c(N)nc21,0,113.14018441819258,20.513821914634953,0.0,11.16387793838399,5.948339280986494,5.559266895052007,0.0,9.778515705019029,4.983978520947208,4.983978520947208,0.0,6.578935683598497,11.993926152995275,5.917906046161393,25.080009256173724,10.213054789681411,17.112217219370482,0.0,19.51903521063298,5.917906046161393,18.566628839822272,12.340549441675103,28.83316436755613,0.0,11.29293437221419,5.948339280986494,0.0,0.0,42.44293835257561,0.0,5.917906046161393,12.462662452073971,23.273897472504125,0.0,11.16387793838399
O=NN(CCCl)C(=O)NCCCl,0,79.94163789749994,5.316788604006331,0.0,0.0,0.0,0.0,6.031114512338072,0.0,4.794537184071822,5.008912523954531,28.108945024453313,0.0,0.0,18.304763295853252,11.830641126875284,4.794537184071822,29.232994292803106,0.0,10.325701127960862,5.2858847209627084,0.0,24.84951970176583,4.907065243988282,0.0,5.316788604006331,4.794537184071822,0.0,23.20187978046503,35.889546738058435,0.0,4.907065243988282,0.0,5.2858847209627084,0.0,0.0
CN1c2c([nH]c(N)nc2=O)NCC1CNc1ccc(C(=O)NC(CCC(=O)O)C(=O)O)cc1,0,187.55525010049814,41.78097633066027,17.54708988166655,0.0,5.948339280986494,11.466446624403513,11.938610575903697,14.383611552215466,4.794537184071822,4.983978520947208,0.0,0.0,30.68628989677245,37.8088441838089,6.041840829147961,24.596666341896878,40.98676491344385,0.0,15.284745645900745,0.0,24.92532490414794,41.40433921052767,40.182723844667265,0.0,32.14320991508366,23.140974608188646,0.0,0.0,70.2476685896293,9.589074368143644,0.0,23.19963192162084,29.060005457918262,0.0,0.0
O=C(O)CNC(=O)c1ccccc1,0,75.19336959857839,10.423315998847038,6.544756405912575,0.0,0.0,5.907179729351506,5.9693052879518484,9.589074368143644,0.0,0.0,0.0,18.19910120538483,12.13273413692322,5.563451491696996,0.0,14.69560176298435,11.876485017303354,0.0,5.316788604006331,0.0,0.0,6.544756405912575,35.89528683400505,0.0,5.316788604006331,0.0,0.0,0.0,23.527768818056636,4.794537184071822,0.0,10.357988675768818,30.33183534230805,0.0,0.0
O=C(NCCS(=O)(=O)c1ccc(C(F)(F)F)cn1)c1ccc(Cl)cc1,0,146.30456886519266,5.316788604006331,0.0,14.863213115086744,0.0,5.907179729351506,6.176298517443475,4.794537184071822,13.401775505276145,13.171245143024459,0.0,11.600939890232516,36.39820241076966,23.327684782963974,11.316305098443785,26.383579311425223,27.345372756001524,0.0,10.300767124953538,0.0,11.202258496112716,12.297610012659364,58.74458227951805,0.0,5.316788604006331,13.171245143024459,0.0,11.600939890232516,31.606565247287016,16.013551653860976,0.0,15.921440167465814,47.62100596105198,5.022633313741326,0.0
COc1cccc2c1c(=O)c(C(=O)N(C)c1ccc(C(F)(F)F)cc1)c(O)n2C,0,162.9117549575936,19.310399727282586,11.3129633249809,0.0,11.308778728335913,5.907179729351506,6.176298517443475,9.589074368143644,0.0,13.171245143024459,0.0,6.06636706846161,36.39820241076966,19.782730240037942,23.576173965055585,27.80917267573703,22.497490936116122,0.0,4.567099647791355,7.04767198267719,6.176298517443475,19.057379254805202,63.814800038597625,11.629500169719275,15.065563076551069,18.858631417708022,11.629500169719275,0.0,29.738276295938288,13.223970500120664,0.0,15.921440167465814,47.25910666330309,0.0,10.902924932081056
CCOC(=O)C(CCc1ccccc1)NC1CSC(c2cccs2)CN(CC(=O)O)C1=O,0,195.69242809060998,14.743300079491233,12.586597235060536,0.0,5.907179729351506,0.0,11.938610575903697,19.700400156221797,0.0,0.0,23.09867082732585,36.39820241076966,36.77526177616716,17.174757206360663,17.898660823643052,24.227001900856216,40.944461132581054,0.0,10.216698334856808,0.0,37.09900013382074,25.449248383084857,58.28523093509548,0.0,5.316788604006331,0.0,0.0,23.09867082732585,65.38515747232717,25.54129612894152,0.0,29.0350955379971,47.844632249697185,0.0,0.0
CCOc1ccc(Cc2cc([C@@H]3O[C@H](CO)[C@@H](O)[C@H](O)[C@H]3O)ccc2Cl)cc1,0,168.4744368962807,29.89983548696292,36.269343772025415,0.0,0.0,0.0,0.0,0.0,0.0,0.0,0.0,35.866408164078955,48.234014503092446,5.022633313741326,13.213763929025836,29.89983548696292,11.600939890232516,0.0,0.0,0.0,43.86439076135814,13.213763929025836,64.17755726806358,5.749511833283905,4.736862953800049,0.0,5.749511833283905,11.600939890232516,58.05573905938186,11.157684576726059,0.0,29.718058062529913,42.46456947923127,5.022633313741326,0.0
COc1cc2ncc(-c3ccccc3)nc2cc1OC,1,116.5664325069962,9.473725907600098,0.0,11.49902366656781,0.0,0.0,0.0,4.983978520947208,4.983978520947208,0.0,0.0,30.33183534230805,0.0,17.696185628620217,37.14376808424913,9.473725907600098,11.033401435232523,0.0,9.967957041894415,0.0,0.0,14.219595082555067,48.661413050844345,22.756403153113265,9.473725907600098,0.0,11.49902366656781,0.0,24.187552124449482,0.0,0.0,0.0,48.661413050844345,0.0,22.29078092177798
CCC(C)C(C(CC(=O)N1CCCC1C(OC)C(C)C(=O)NC(Cc1ccccc1)c1nccs1)OC)N(C)C(=O)C(NC(=O)C(C(C)C)N(C)C)C(C)C,1,333.63817143549284,29.907122577313714,11.049464526000726,0.0,23.628718917406022,0.0,0.0,24.078058467137765,4.983978520947208,0.0,11.336785877934735,85.21881736306841,56.674978464313575,39.388929813223825,48.714023761175845,28.651874643887382,34.965504795340756,0.0,30.317284921511302,23.671624184645573,122.9874054337008,41.90736743649921,52.47981687293681,0.0,10.633577208012662,0.0,0.0,11.336785877934735,121.59509015949233,35.072696266813395,23.671624184645573,90.76236290723612,41.90874168438704,0.0,0.0
CCc1cccc2c3c([nH]c12)C(CC)(CC(=O)O)OCC3,0,123.6701770300334,14.827368869587962,5.601050810983688,0.0,0.0,0.0,5.9693052879518484,4.794537184071822,0.0,0.0,0.0,32.046575604766076,30.38936785217202,10.902924932081056,18.72163158228739,14.637927532712578,16.872230220032904,0.0,4.983978520947208,0.0,45.13181170206897,6.606881964512918,35.01993218362728,0.0,0.0,0.0,0.0,0.0,22.66669316825268,27.97409419470758,0.0,43.50994862347572,18.19910120538483,0.0,10.902924932081056
O=c1[nH]c(=O)c2c[nH]nc2[nH]1,0,59.27266978357826,0.0,5.386224214464796,5.647177220767728,0.0,5.559266895052007,5.689743398203474,19.861176034267274,4.794537184071822,5.098681808301038,0.0,0.0,0.0,6.196843571613076,0.0,0.0,11.033401435232523,0.0,20.16532065849649,0.0,0.0,0.0,27.0349282330122,0.0,11.24901029325548,0.0,0.0,0.0,20.16532065849649,0.0,0.0,0.0,15.78591793975672,0.0,11.033401435232523
NCCCCCC(=O)O,0,54.85960814906508,10.84019487200289,0.0,0.0,0.0,0.0,5.9693052879518484,4.794537184071822,0.0,0.0,0.0,6.4208216229260096,19.386399651764595,6.4208216229260096,0.0,9.901064578912528,5.9693052879518484,0.0,0.0,5.733667477162185,25.683286491704038,6.544756405912575,0.0,0.0,5.733667477162185,0.0,0.0,0.0,17.62058908870513,4.794537184071822,0.0,25.683286491704038,0.0,0.0,0.0
CCCCCOc1ccc(-c2cc(-c3ccc(C(=O)NC4CC(O)C(O)NC(=O)C5C(O)C(C)CN5C(=O)C(C(O)CC(N)=O)NC(=O)C(C(O)C(O)c5ccc(O)c(OS(=O)(=O)O)c5)NC(=O)C5CC(O)CN5C(=O)C(C(C)O)NC4=O)cc3)no2)cc1,0,507.4373797024616,101.51921983588427,66.00638396626503,23.48717225617712,41.35025810546054,5.907179729351506,10.399000581649608,42.909047346264934,0.0,8.417796984328938,0.0,50.04488210774354,67.43894686200652,54.605783647391156,37.44356913843214,110.72863420758334,57.65643841646165,0.0,41.540425738858055,11.651573523323577,144.50285219648867,19.696394776338067,83.92330780493333,39.82961389696861,41.2375588836436,0.0,17.248535499851716,0.0,219.9423532136746,43.960760870152356,5.917906046161393,81.32154789184204,77.31949975851268,0.0,22.581078397116894
O=C(O)CNC(=O)c1nc(Cl)c2ccccc2c1O,0,112.19218209033778,15.529843393687743,11.697866222805366,11.443439828132366,0.0,5.907179729351506,5.9693052879518484,9.589074368143644,4.983978520947208,0.0,0.0,35.866408164078955,0.0,10.772448428929591,0.0,19.802129157825057,34.24987333646546,0.0,10.300767124953538,0.0,0.0,6.544756405912575,35.11250608558769,5.749511833283905,5.316788604006331,0.0,5.749511833283905,11.600939890232516,33.61827473384455,4.794537184071822,0.0,10.488465178920283,24.26546827384644,5.153109816892792,10.772448428929591
COc1cc2ncnc(Nc3ccc(O)cc3)c2cc1OC,0,126.91052844280028,19.897041906447136,17.894694685883476,11.49902366656781,0.0,0.0,0.0,0.0,9.967957041894415,0.0,0.0,0.0,30.33183534230805,17.139977557609967,19.736295800171327,14.580253302440804,22.40817398459965,0.0,9.967957041894415,0.0,0.0,19.536383686561397,42.7255224855342,17.248535499851716,14.790514511606428,11.50524905251859,17.248535499851716,0.0,29.29407951929019,0.0,0.0,0.0,42.7255224855342,0.0,10.902924932081056
COC(=O)C1=C(C)N=C(C)C(C(=O)OC2CCCN(Cc3ccccc3)C2)C1c1cccc([N+](=O)[O-])c1,0,215.48457235432855,9.473725907600098,12.021872433909696,0.0,0.0,5.687386274683562,11.938610575903697,24.80116991632354,4.794537184071822,0.0,0.0,42.46456947923127,44.36077703453983,42.5488773107363,17.60621312016447,23.98611132456141,23.33768185335796,0.0,4.899909730850477,10.910310778797061,45.25574648505553,20.199310353102685,87.10866871143917,0.0,0.0,5.687386274683562,0.0,0.0,53.776793099193526,25.607556681656316,16.032224314926967,43.73392667478865,70.85985219191527,0.0,0.0
CCc1ccc(OCc2ccccc2C(=O)Nc2ccc3nc(C)cc(N)c3c2)cc1,1,181.43643482646118,15.787319034968565,12.356393797796823,0.0,0.0,5.907179729351506,0.0,9.778515705019029,0.0,0.0,0.0,37.255572541998674,61.372579793544894,33.581827742074374,5.516700717616262,9.53140013787187,28.184877210799687,0.0,4.983978520947208,0.0,26.875177986820177,11.050456081168516,95.1806872914788,5.749511833283905,15.787319034968565,11.374772549367124,5.749511833283905,0.0,10.891158250298712,13.027703587438928,6.923737199690624,34.10255685370189,72.79640482153933,0.0,10.902924932081056
CC(=O)OC1=C2C(C)[C@@H](OC(=O)C(O)C(NC(=O)c3ccccc3)c3ccccc3)C[C@@](O)([C@@H](OC(=O)c3ccccc3)[C@@H]3[C@]4(OC(C)=O)CO[C@@H]4C[C@H](O)[C@@]3(C)C1=O)C2(C)C,0,357.8854073908184,44.32068555752869,23.912949974228596,17.46418207038817,5.783244946364939,5.907179729351506,23.877221151807394,19.178148736287287,9.589074368143644,0.0,0.0,87.50124935214959,42.325761495303325,43.58546565248843,35.64903718866435,67.77112005795328,35.56764582752384,0.0,5.316788604006331,22.665793031116344,102.14784083385258,6.606881964512918,119.01812990374063,0.0,5.316788604006331,0.0,0.0,0.0,99.21604353726777,42.86246350528753,22.665793031116344,86.70533611637835,102.32777542864963,0.0,0.0
COc1cccc(-c2ccc(C(Oc3cc(-c4ccc(CC(N)C(=O)O)cc4)nc(N)n3)C(F)(F)F)cc2)c1,0,221.59086830001937,26.047588256765174,11.791352662431866,0.0,17.932294005170167,0.0,12.145603805395323,4.794537184071822,4.983978520947208,18.155223663971668,0.0,60.6636706846161,35.243910234940216,17.193270051855603,12.803725536125995,32.54603562953709,11.917644568938343,0.0,9.967957041894415,5.733667477162185,24.742927357265746,12.84346501843972,89.98967487339495,34.01378263965873,20.94106086192447,19.119584424010952,11.629500169719275,0.0,40.37172661255594,11.21535880699783,0.0,17.230869371142294,78.86277189000094,0.0,22.384282469939446
CCOc1cc2ncc(C#N)c(Nc3ccc(F)c(Cl)c3)c2cc1NC(=O)C=CCN(C)C,1,195.98069251387466,20.270349892663187,17.635953987122072,0.0,5.907179729351506,0.0,0.0,9.778515705019029,4.39041504767482,5.261891554738487,0.0,17.676959997066398,45.28454943889144,35.9575976419695,34.08444003693462,13.921815185546691,45.47320337571576,5.261891554738487,9.883888251797686,0.0,6.923737199690624,37.880559543792536,65.0840247740731,11.818733146076179,15.37044016181271,21.452573871725505,5.749511833283905,11.600939890232516,43.03805031692906,4.794537184071822,17.148333708576654,12.487188691387619,48.68071912758889,5.022633313741326,10.902924932081056
CCCCCCCCCCCCCCCCCC(=O)O,1,125.89902282481172,5.106527394840706,0.0,0.0,0.0,0.0,5.9693052879518484,4.794537184071822,0.0,0.0,0.0,96.81523992065479,6.4208216229260096,6.4208216229260096,0.0,9.901064578912528,5.9693052879518484,0.0,0.0,0.0,109.65688316650682,0.0,0.0,0.0,0.0,0.0,0.0,0.0,11.075832682792555,4.794537184071822,0.0,109.65688316650682,0.0,0.0,0.0
COc1cc(-c2ncn(C=CC(=O)OC(C)C)n2)cc(C(F)(F)F)c1,1,141.43053141429317,9.473725907600098,12.076831908048447,5.824404497999927,0.0,0.0,12.145603805395323,0.0,14.460318640164214,13.171245143024459,5.098681808301038,0.0,32.046575604766076,17.839426488351325,18.777215420722833,27.439508234696383,12.169260177772298,0.0,14.764463264393429,0.0,26.127739304573023,7.109797541277533,36.165892878680246,17.137367822980828,4.736862953800049,13.171245143024459,5.749511833283905,0.0,33.94753248137111,15.707698655315344,0.0,19.410925891078243,30.60244138698325,0.0,17.58781087951737
CC(C(=O)O)c1cccc(Oc2ccccc2)c1,0,105.6526247504975,9.843390348640755,11.49902366656781,0.0,0.0,0.0,5.9693052879518484,4.794537184071822,0.0,0.0,0.0,30.33183534230805,36.75265696523406,0.0,5.917906046161393,14.637927532712578,5.9693052879518484,0.0,0.0,0.0,12.841643245852017,0.0,60.160755107851486,11.49902366656781,4.736862953800049,0.0,11.49902366656781,0.0,11.075832682792555,4.794537184071822,0.0,18.405094737549014,54.59730361615449,0.0,0.0
Oc1cccc2cccnc12,0,64.12694938437468,5.106527394840706,11.266212550900168,0.0,0.0,0.0,0.0,4.983978520947208,0.0,0.0,0.0,18.19910120538483,12.13273413692322,11.583067786077873,0.0,5.106527394840706,10.902924932081056,0.0,4.983978520947208,0.0,0.0,0.0,36.52867891392113,5.749511833283905,0.0,0.0,5.749511833283905,0.0,10.090505915787913,0.0,0.0,0.0,36.52867891392113,0.0,10.902924932081056
CC(=O)Nc1ccc(C(=O)NC(C)(C)C)cc1,1,101.40876648757683,10.633577208012662,0.0,0.0,5.907179729351506,5.907179729351506,0.0,9.589074368143644,0.0,0.0,0.0,0.0,45.03667987291831,23.713500218454527,0.0,9.589074368143644,17.501745733386574,0.0,5.316788604006331,0.0,33.23387405114584,5.316788604006331,29.828919765543436,0.0,10.633577208012662,5.687386274683562,0.0,0.0,17.353284711086356,4.794537184071822,0.0,38.05293747453131,24.26546827384644,0.0,0.0
OCCOc1ccc(C(=C(CCCl)c2ccccc2)c2ccccc2)cc1,1,165.25668639440494,9.843390348640755,12.356393797796823,0.0,0.0,0.0,0.0,0.0,0.0,0.0,11.600939890232516,72.79640482153933,46.39011929507875,5.880003444970339,6.606881964512918,9.843390348640755,22.74714895037105,0.0,0.0,0.0,6.4208216229260096,19.093767373996176,101.61949343355357,5.749511833283905,4.736862953800049,0.0,5.749511833283905,11.600939890232516,24.20029476883688,0.0,0.0,23.111176098016994,84.92913895846256,0.0,11.146209060138533
CC(C)(C)NC(=O)C1CCC2C3CCC4NC(=O)C=CC4(C)C3CCC12C,0,163.4778184655574,10.633577208012662,0.0,0.0,11.814359458703011,0.0,0.0,9.589074368143644,0.0,0.0,0.0,19.92349450621513,88.54087005134278,22.913662597089477,0.0,9.589074368143644,11.814359458703011,0.0,10.633577208012662,34.50160512343913,84.72438181754049,0.0,12.152040213667762,0.0,10.633577208012662,0.0,0.0,0.0,23.395125540234318,9.589074368143644,34.50160512343913,73.14361573600918,12.152040213667762,0.0,0.0
O=C(Nc1cccc2c(=O)cc(-c3nn[nH]n3)oc12)c1ccc(OCCCCc2ccccc2)cc1,1,205.67379434768677,14.470802494859727,5.749511833283905,16.772057952417224,5.824404497999927,5.907179729351506,0.0,9.589074368143644,0.0,5.213385095654868,10.197363616602075,36.39820241076966,66.43750386689956,11.629818560158606,17.680492453661277,13.948551074925218,22.563810360142107,0.0,20.62413380791181,0.0,19.26246486877803,11.923670568519249,100.21300244936732,17.33416375015827,15.48244194970692,5.687386274683562,5.749511833283905,0.0,33.13819550177623,6.4208216229260096,0.0,28.763083413317833,88.07446001112612,0.0,22.553896272981405
Nc1nc(=S)c2[nH]cnc2[nH]1,0,66.67984295930358,15.701624519056601,5.516700717616262,10.287766488206419,5.948339280986494,0.0,0.0,0.0,9.967957041894415,0.0,0.0,12.217873443046695,0.0,0.0,6.3273200747645415,0.0,29.33009066241718,0.0,19.93591408378883,0.0,0.0,5.733667477162185,10.967909342203233,0.0,5.733667477162185,5.948339280986494,0.0,12.217873443046695,19.93591408378883,0.0,4.640589267438692,0.0,6.3273200747645415,0.0,11.16387793838399
CC(C)c1ccc(C(=O)N=C(N)N)cc1S(C)(=O)=O,0,111.98308016759252,11.46733495432437,0.0,15.796807705161337,0.0,5.907179729351506,0.0,4.794537184071822,8.417796984328938,4.992404732635668,0.0,19.913841467842857,23.61409167478161,11.819220675208399,4.895483475517775,13.212334168400758,21.703987434512843,0.0,0.0,16.459739686960038,24.660863921060415,6.255769183511404,29.32600418877882,0.0,11.46733495432437,0.0,0.0,0.0,26.540300465935683,9.837253136417502,0.0,35.68682061300845,28.086989413538273,0.0,0.0
Cc1c(Cl)cccc1Nc1ccccc1C(=O)O,1,110.02726581708374,10.423315998847038,0.0,0.0,0.0,0.0,5.9693052879518484,0.0,4.794537184071822,0.0,0.0,29.800041095617345,36.75265696523406,10.710019588424888,11.250837766380558,9.901064578912528,28.945017727551487,0.0,0.0,0.0,6.923737199690624,5.316788604006331,58.614105776366586,0.0,5.316788604006331,11.374772549367124,0.0,11.600939890232516,11.075832682792555,0.0,6.923737199690624,15.921440167465814,42.46456947923127,5.022633313741326,0.0
O=C(O)c1cc(N=Nc2ccc(O)c(C(=O)O)c2)ccc1O,0,123.16513860771491,20.426109579362823,22.6259266499618,0.0,0.0,0.0,11.938610575903697,0.0,9.589074368143644,10.228500251258795,0.0,0.0,36.39820241076966,0.0,11.374772549367124,30.015183947506465,23.31338312527082,0.0,0.0,10.228500251258795,0.0,0.0,47.52510539416365,11.49902366656781,0.0,11.374772549367124,11.49902366656781,0.0,32.36472015526652,0.0,0.0,20.715977351537635,46.62670266202846,0.0,0.0
CON=C(C(=O)NC1C(=O)N2C(C(=O)O)=C(CSC(=O)c3ccco3)CSC12)c1csc(N)n1,0,204.11991284328303,25.411722996799202,29.91647849129853,16.603490901484477,0.0,16.92963638888873,5.9693052879518484,19.28352128306594,9.778515705019029,0.0,23.09867082732585,16.917597676141654,17.705838666992488,16.88576998395949,6.263162995639057,33.53941565191798,68.60274093616758,0.0,15.200676855804016,5.15571272675054,11.4157136421167,24.3491722319333,46.500279159876186,0.0,11.050456081168516,5.131558479839333,0.0,34.860555776716964,73.63226072313748,19.2212001359521,0.0,16.248712597794725,44.61896740995718,0.0,0.0
NCCCC(O)(P(=O)(O)O)P(=O)(O)O,0,80.07101766170787,30.413841283012793,0.0,0.0,0.0,5.083227620067512,15.19152465357577,9.130096569862658,0.0,0.0,0.0,0.0,12.965578028838586,6.4208216229260096,0.0,33.810270375713266,15.19152465357577,0.0,0.0,5.733667477162185,17.92487086591953,6.544756405912575,0.0,0.0,5.733667477162185,0.0,0.0,15.19152465357577,36.3081578318307,9.130096569862658,0.0,12.841643245852019,0.0,0.0,0.0
CCOC(=O)C1=CCCCC1S(=O)(=O)Nc1ccc(F)cc1Cl,0,139.07495499873463,4.736862953800049,11.067158871028068,0.0,10.023291153407584,0.0,5.9693052879518484,4.722094864452088,17.60274921607558,0.0,0.0,17.676959997066398,44.38530327385348,0.0,22.890006083007073,22.33961216987563,33.28092260627551,0.0,0.0,0.0,31.436140098450828,11.328976828965006,40.6880799970752,0.0,4.722094864452088,10.077801322358383,0.0,11.600939890232516,26.24392226677588,19.554691291279454,5.817220841045894,26.186202068468653,29.848225842287977,5.022633313741326,0.0
CC(CN1CC(=O)NC(=O)C1)N1CC(=O)NC(=O)C1,0,109.64248997253509,0.0,0.0,0.0,23.628718917406022,0.0,0.0,39.6115454060009,0.0,0.0,0.0,0.0,6.923737199690624,12.586597235060536,26.1790256236503,19.178148736287287,23.628718917406022,0.0,20.433396669713616,0.0,12.965578028838586,32.72378202956288,0.0,0.0,10.633577208012662,0.0,0.0,0.0,72.19416123781781,19.178148736287287,0.0,6.923737199690624,0.0,0.0,0.0
CC(C)Nc1cc(-c2c[nH]c(C(=O)N[C@H](CO)c3cccc(Cl)c3)c2)c(Cl)cn1,1,178.82606529318468,20.724083123800575,11.51179077268349,0.0,0.0,5.907179729351506,0.0,4.794537184071822,4.983978520947208,0.0,0.0,35.33461391738825,43.67639416492468,34.58506426950943,17.671356107402204,9.901064578912528,34.926922287651564,0.0,15.284745645900745,0.0,25.93115605767717,11.923670568519249,70.09453566802391,11.126902983393991,10.633577208012662,5.817862777835028,0.0,23.20187978046503,33.63038695974751,0.0,0.0,35.94123189914649,48.791889553995816,10.045266627482652,11.126902983393991
COc1cc(OC)c2c(=O)[nH]c(-c3cc(C)c(OCCO)c(C)c3)nc2c1,0,156.09550204632927,24.301094777188062,35.06604617682935,0.0,0.0,5.559266895052007,0.0,4.794537184071822,4.983978520947208,0.0,0.0,0.0,37.107111519698464,17.696185628620217,26.34317776468425,19.31711625624085,10.902924932081056,0.0,9.967957041894415,0.0,13.847474399381248,27.433359011580905,45.74617533636426,28.636391489548636,19.769855756452152,0.0,17.248535499851716,0.0,42.507843448316024,0.0,13.847474399381248,11.126902983393991,29.060005457918262,0.0,22.29078092177798
CSc1nc2cc(Cl)c(Oc3cccc(Cl)c3Cl)cc2[nH]1,0,140.11036630917073,9.720841474747257,16.521656980309135,5.156436481820707,0.0,0.0,0.0,0.0,4.983978520947208,0.0,0.0,52.63107168855027,24.454870388896232,6.06636706846161,21.078668062715174,4.736862953800049,57.59810605532119,0.0,9.967957041894415,0.0,5.156436481820707,6.255769183511404,45.399735283532024,11.49902366656781,4.736862953800049,0.0,11.49902366656781,46.56470462008866,16.22372622540582,0.0,0.0,0.0,35.48827182412876,15.067899941223978,11.033401435232523
N=C(CCSCc1csc(N=C(N)N)n1)NS(N)(=O)=O,0,124.28559613101791,11.46733495432437,5.835619785757269,5.959554568743835,5.131558479839333,10.209329170397666,0.0,10.131378470243611,10.122952258555149,25.17208666635572,11.336785877934735,0.0,0.0,23.306591606885505,5.693927994848461,8.417796984328938,50.234732832063955,5.409283605791522,9.706073385399296,21.59871342456798,12.1736752296728,5.752853606746789,11.073990765314376,0.0,21.328403556384398,5.131558479839333,0.0,23.09867082732585,30.94980346652404,15.962182777144456,5.409283605791522,12.114749617774471,10.372467503101582,0.0,0.0
O=c1[nH]c(=O)n(C2CCCO2)cc1F,0,78.13673270456316,4.736862953800049,6.22790117073487,0.0,5.817220841045894,5.559266895052007,5.689743398203474,14.345615352810384,4.794537184071822,4.39041504767482,0.0,0.0,12.841643245852019,6.606881964512918,6.196843571613076,9.127278001474869,0.0,0.0,9.551078168738563,0.0,19.06954441658689,6.606881964512918,32.85214907405809,0.0,11.24901029325548,4.39041504767482,0.0,0.0,16.157960133251482,4.736862953800049,5.817220841045894,19.06954441658689,15.78591793975672,0.0,0.0
CCCNC1CCc2nc(N)sc2C1,0,88.72993089872274,11.050456081168516,0.0,5.131558479839333,0.0,0.0,0.0,0.0,4.983978520947208,0.0,11.336785877934735,6.923737199690624,32.22804289761662,10.918988022849259,5.693927994848461,0.0,16.46834435777407,0.0,10.300767124953538,0.0,38.64886452054263,12.27842388307476,10.57107518854976,0.0,11.050456081168516,5.131558479839333,0.0,11.336785877934735,17.57057575600774,12.841643245852019,0.0,30.336455634092403,0.0,0.0,0.0
CN1CCC(c2c(O)cc(O)c3c(=O)cc(-c4ccccc4Cl)oc23)C(O)C1,1,165.7661234678725,24.636642852425943,28.22851544154929,5.428790391900541,0.0,0.0,0.0,4.794537184071822,0.0,0.0,0.0,23.733674027155736,32.14598414843899,35.72229957239118,11.126599701489628,19.736733121575462,22.57018424633955,0.0,4.899909730850477,0.0,18.442694056835705,20.13718479450234,57.20761479218034,22.822722577139245,5.428790391900541,0.0,11.49902366656781,11.600939890232516,46.460643097623226,0.0,0.0,17.9021791607844,45.609890531894834,5.022633313741326,22.292943266678478
CN(C)C(=O)COC(=O)Cc1ccc(OC(=O)c2ccc(N=C(N)N)cc2)cc1,0,167.4546285499678,25.840970592774948,5.749511833283905,12.566436533256752,0.0,5.907179729351506,11.938610575903697,9.589074368143644,9.786941916707491,0.0,0.0,12.13273413692322,41.96165390246666,14.09534396535438,17.671659389306566,23.85733745981556,29.4927311486826,0.0,4.899909730850477,16.459739686960038,6.4208216229260096,20.702225929867296,59.65783953108687,5.749511833283905,16.20419790812442,5.687386274683562,5.749511833283905,0.0,49.40748053471681,20.7467589448697,0.0,15.921440167465814,53.523341280328545,0.0,0.0
CCC(=O)OC1(C(=O)CCl)C(C)CC2C3CC(F)C4=CC(=O)C=CC4(C)C3(F)C(O)CC21C,0,197.12201340943105,9.843390348640755,6.171675395510292,22.836300522459243,0.0,0.0,5.9693052879518484,14.383611552215466,8.78083009534964,0.0,11.600939890232516,26.847231705905752,49.82925285836707,29.08661465404235,11.983969832718643,33.00783199620586,29.13673507091424,0.0,0.0,28.583699077277736,76.92368770345448,5.880003444970339,23.80116485057091,0.0,0.0,8.78083009534964,0.0,11.600939890232516,52.067778433480726,19.120474506015512,28.583699077277736,53.378235290466534,23.80116485057091,0.0,0.0
OCC(CO)NC1CC(O)(CO)C(O)C(O)C1O,0,104.12739735284994,41.06248036789126,17.808983586480295,0.0,0.0,0.0,0.0,0.0,0.0,0.0,0.0,0.0,6.4208216229260096,6.041840829147961,31.96645311043502,35.745691763884935,0.0,0.0,5.316788604006331,0.0,42.41745325545052,19.820645893538753,0.0,0.0,5.316788604006331,0.0,0.0,0.0,91.56296928994821,0.0,0.0,6.4208216229260096,0.0,0.0,0.0
OC(c1cc(C(F)(F)F)nc2c(C(F)(F)F)cccc12)C1CCCCN1,1,144.58372974718378,10.423315998847038,5.693927994848461,0.0,0.0,0.0,12.35259703488695,0.0,4.983978520947208,26.34249028604892,0.0,18.553555759849232,37.08258528038481,11.428065043612756,17.18411859706156,31.449017680889625,10.902924932081056,0.0,10.300767124953538,0.0,43.76086912056124,6.544756405912575,41.08629925208889,0.0,5.316788604006331,26.34249028604892,0.0,0.0,22.67710315084845,12.35259703488695,0.0,42.18726223476878,24.26546827384644,0.0,10.902924932081056
COC(=O)C=CC(=O)OC,1,58.42449322672962,9.473725907600098,0.0,0.0,0.0,0.0,11.938610575903697,0.0,9.589074368143644,0.0,0.0,0.0,0.0,12.152040213667762,14.219595082555067,19.06280027574374,11.938610575903697,0.0,0.0,0.0,0.0,14.219595082555067,12.152040213667762,0.0,0.0,0.0,0.0,0.0,26.158205658458762,19.06280027574374,0.0,0.0,12.152040213667762,0.0,0.0
CC(C)(C)c1cnc(CSc2cnc(NC(=O)C3CCNCC3)s2)o1,1,155.75537441940088,15.05072814506601,5.7602474188744415,5.131558479839333,11.797903651377414,0.0,0.0,4.794537184071822,9.967957041894415,0.0,11.761884949391115,32.107997477006606,25.93115605767717,11.332896515558172,22.35571992749502,9.211688121125169,34.13740903651669,0.0,15.284745645900745,5.917906046161393,48.98987809858954,18.406301415831482,24.044658484126504,0.0,10.633577208012662,5.131558479839333,0.0,23.09867082732585,28.964649583071072,15.962381260215388,5.917906046161393,45.26382618582424,21.02001725780158,0.0,0.0
O=C(O)c1cc(-c2ccccc2)nc2ccccc12,0,109.7105078048791,5.106527394840706,0.0,0.0,0.0,0.0,5.9693052879518484,0.0,9.778515705019029,0.0,0.0,48.53093654769288,12.13273413692322,10.949675706161791,16.77408020416172,9.901064578912528,16.872230220032908,0.0,4.983978520947208,0.0,0.0,0.0,66.2271221763131,11.257379486545457,0.0,0.0,0.0,0.0,16.059811203739763,0.0,0.0,10.357988675768818,60.6636706846161,0.0,22.160304418626517
CC12CCC3c4ccc(O)cc4CCC3C1CCC2OC(=O)CCC1CCCC1,0,174.77622187505887,9.843390348640755,11.853478221032208,0.0,0.0,0.0,5.9693052879518484,4.794537184071822,0.0,0.0,0.0,38.673390759856275,91.87701266544485,11.835812092322788,0.0,14.637927532712578,5.9693052879518484,0.0,0.0,23.16870860788096,95.99546910871247,0.0,29.32600418877882,5.749511833283905,0.0,0.0,5.749511833283905,0.0,17.179799070540856,15.95222176079788,23.16870860788096,94.59758408143215,18.19910120538483,0.0,0.0
CC(=O)OCC(=O)C1(O)CCC2C3CC=C4CC(=O)C=CC4(C)C3C(O)CC21C,0,170.5520259000997,14.94991774348146,5.601050810983688,12.390126910877857,5.783244946364939,0.0,5.9693052879518484,14.383611552215466,0.0,0.0,0.0,31.572619143118278,43.5951186908607,30.09244580757158,6.103966387748303,29.33352929569692,17.535795180681728,0.0,0.0,28.583699077277736,64.5803369124339,6.606881964512918,23.80116485057091,0.0,0.0,0.0,0.0,0.0,46.06074913360804,19.120474506015512,28.583699077277736,52.87531971370191,23.80116485057091,0.0,0.0
O=C(Nc1cc(Cl)cc2c1[nH]c1cnccc12)c1cccnc1,1,135.8798753968688,10.300767124953538,0.0,0.0,0.0,5.907179729351506,0.0,14.762494225966236,0.0,0.0,0.0,11.600939890232516,30.33183534230805,34.38561245751015,28.48108277322616,4.794537184071822,45.001355758429696,0.0,14.951935562841623,0.0,0.0,5.316788604006331,65.70529443419868,0.0,5.316788604006331,5.687386274683562,0.0,11.600939890232516,20.859115292193128,0.0,0.0,10.357988675768818,55.11920962876036,5.022633313741326,21.805849864162113
CCCC(NC(C)C(=O)N1C(C(=O)O)CC2CCCCC21)C(=O)OCC,1,154.99858791555567,14.743300079491231,12.083681658295921,0.0,5.907179729351506,0.0,11.938610575903697,14.905862972149976,4.794537184071822,0.0,0.0,26.186202068468653,45.448666937246685,6.041840829147961,12.648722793660879,24.22700190085622,17.845790305255203,0.0,10.216698334856808,5.917906046161393,89.88432627614579,6.606881964512918,0.0,0.0,5.316788604006331,0.0,0.0,0.0,58.62647271205114,19.120474506015515,5.917906046161393,65.71696295955395,0.0,0.0,0.0
O=C(NS(=O)(=O)c1ccc(Br)s1)c1ccc(Cl)cc1Cl,0,137.44004294584067,0.0,4.2091791775220795,0.0,0.0,15.930470882759089,0.0,4.794537184071822,13.139891848781026,0.0,11.336785877934735,23.20187978046503,46.2617792402574,5.022633313741326,14.372500023275041,13.212334168400758,66.3990804391082,0.0,4.722094864452088,0.0,4.2091791775220795,0.0,49.72696867932441,0.0,4.722094864452088,0.0,0.0,50.468609556349115,14.324976713680442,10.023291153407584,0.0,10.357988675768818,38.32742973766685,10.045266627482652,0.0
Oc1cn2c(n1)Nc1ccc(Cl)c(Cl)c1C2,0,101.4370165645519,14.99041564663839,0.0,0.0,11.828327617421866,0.0,0.0,0.0,0.0,4.983978520947208,0.0,23.20187978046503,12.13273413692322,11.250837766380558,22.786866605008306,5.106527394840706,34.83760533613509,0.0,9.551078168738563,0.0,6.544756405912575,5.316788604006331,33.93829582771595,5.879988336435371,5.316788604006331,11.635725555670057,5.879988336435371,23.20187978046503,14.657605563579267,6.544756405912575,0.0,5.563451491696996,18.329577708536295,10.045266627482652,0.0
O=C(O)c1cc(I)ccc1NC(=O)C(Cc1ccccc1)NCc1ccccc1,0,182.8491425441513,15.740104602853368,0.0,0.0,5.907179729351506,0.0,5.9693052879518484,4.794537184071822,4.794537184071822,0.0,0.0,60.6636706846161,58.33769643877288,10.114938676977971,17.292678595528518,14.69560176298435,40.15474191905497,0.0,5.316788604006331,0.0,19.007418857986547,5.316788604006331,99.12330863615735,0.0,10.633577208012662,5.687386274683562,0.0,22.590870627068057,23.02485324129202,17.760115212910407,3.5701822710653963,21.48489165916281,78.86277189000094,0.0,0.0
C[S+]([O-])CCCCN=C=S,0,69.91245534846037,4.552749873690364,5.752853606746789,0.0,0.0,0.0,0.0,0.0,4.992404732635668,0.0,0.0,11.175854473385288,25.059516688898714,6.544756405912575,11.417031035636953,4.552749873690364,28.55498976855753,0.0,0.0,4.992404732635668,12.841643245852019,18.55337919617077,0.0,0.0,0.0,0.0,0.0,12.217873443046695,28.26739092198668,11.175854473385288,0.0,12.841643245852019,4.992404732635668,0.0,0.0
CC(=O)OCC(=O)C1(O)CCC2C3CC=C4CC(=O)CCC4(C)C3C(=O)CC21C,0,170.60891728013172,9.843390348640755,17.167540703713566,6.606881964512918,5.783244946364939,0.0,5.9693052879518484,19.178148736287287,0.0,0.0,0.0,25.496599036284397,42.9340890534236,37.51909858402683,0.0,29.021539084928037,23.319040127046666,0.0,0.0,28.583699077277736,71.31801377053763,6.606881964512918,11.649124636903148,0.0,0.0,0.0,0.0,0.0,40.633500297383975,23.915011690087333,28.583699077277736,65.71696295955394,11.649124636903148,0.0,0.0
C=CCNc1c(O)cc2c(O)c1C=C(C)CC(OC)C(O)C(C)C=C(C)C(OC(N)=O)C(OC)C=CCC(C)C(=O)N2,1,247.27670890657092,45.89741573109711,17.602990054316113,6.103966387748303,5.907179729351506,0.0,6.093240070938415,4.794537184071822,4.794537184071822,0.0,6.578935683598497,43.724659356786034,38.33824228213641,44.22998214094903,23.58270532486373,39.11924541406591,29.451212456490925,0.0,0.0,17.56947956948497,64.95245759560771,31.397928696480303,53.65904373123116,11.49902366656781,16.367244685174846,16.169309733438947,11.49902366656781,0.0,72.5002190242729,19.005126045471968,11.835812092322787,46.1000435363115,48.09559223953416,0.0,6.076020106833881
CCCC(NC(=O)C1C2CCCC2CN1C(=O)C(NC(=O)C(NC(=O)c1cnccn1)C1CCCCC1)C(C)(C)C)C(=O)C(=O)NC1CC1,0,288.4539371328627,26.1670641468758,23.819450482292343,0.0,23.504784134419456,11.814359458703011,0.0,33.75120162537814,4.983978520947208,0.0,0.0,59.79905691339253,68.11445996836302,24.98028437828669,12.238684400761038,28.76722310443093,35.31914359312247,0.0,36.13502118877022,23.16870860788096,134.95401241961443,6.544756405912575,24.28445870968769,0.0,21.267154416025324,0.0,0.0,0.0,86.94097091751973,23.97268592035911,23.16870860788096,115.2332734527949,18.59053071483923,0.0,0.0
CNS(=O)(=O)Cc1ccc2[nH]cc(CCN(C)C)c2c1,0,119.58235250485261,9.883888251797686,0.0,0.0,10.023291153407584,0.0,0.0,0.0,13.139891848781026,0.0,0.0,6.06636706846161,50.82347469127478,23.64452490960671,5.752853606746789,8.417796984328938,20.92621608548864,0.0,14.605983116249774,0.0,12.1736752296728,27.687772353944144,35.5228477603919,0.0,4.722094864452088,0.0,0.0,0.0,45.989457590070764,22.196966383080383,0.0,11.126902983393991,24.395944776997908,0.0,10.902924932081056
COc1cc2c(c(OC)c1OC)-c1ccc(OC)c(=O)cc1C(NC(C)=O)CC2,0,169.10472006325654,24.264240419206526,0.0,17.248535499851716,17.08548195453595,0.0,0.0,9.589074368143644,0.0,0.0,0.0,6.06636706846161,47.731098926327846,12.487188691387619,34.48103099425809,23.741988999272017,5.907179729351506,0.0,5.316788604006331,0.0,25.807221274690605,28.439190165110134,45.6156988332128,34.12495031652961,29.693030811107068,0.0,22.99804733313562,0.0,34.34636989446164,11.21535880699783,0.0,30.513302635158585,29.060005457918262,0.0,11.126902983393991
O=C(C=Cc1ccc(O)c(O)c1)OC(Cc1ccc(O)c(O)c1)C(=O)O,0,147.39630517033086,30.269499928003576,0.0,22.99804733313562,6.103966387748303,0.0,11.938610575903697,0.0,9.589074368143644,0.0,0.0,12.13273413692322,41.468391364074314,12.49684172975989,0.0,39.85857429614722,18.01463068273758,0.0,0.0,0.0,12.524788010674312,0.0,53.60112550099753,22.99804733313562,0.0,0.0,22.99804733313562,0.0,43.57521393785552,20.7467589448697,0.0,11.126902983393991,42.47422251760354,0.0,6.076020106833881
CC(N)(Cc1ccc(O)c(O)c1)C(=O)O,0,86.77528563072794,21.0532496616843,5.538925252383345,11.49902366656781,0.0,0.0,5.9693052879518484,4.794537184071822,0.0,0.0,0.0,6.06636706846161,24.619922828310838,6.4208216229260096,0.0,20.11411936859394,5.9693052879518484,0.0,0.0,5.733667477162185,18.883484074999977,0.0,23.762552697081826,11.49902366656781,5.733667477162185,0.0,11.49902366656781,0.0,26.82781272485731,11.21535880699783,0.0,12.487188691387619,18.19910120538483,0.0,0.0
O=C(Nc1ncc([N+](=O)[O-])s1)c1ccccc1O,1,104.87204444966325,5.106527394840706,11.94635540489698,5.131558479839333,0.0,5.907179729351506,5.001081976687867,20.225644056843727,4.983978520947208,0.0,0.0,12.13273413692322,23.469520014857956,0.0,10.486762540514666,14.824375627730198,27.37660606381344,0.0,4.983978520947208,0.0,0.0,5.316788604006331,46.140081605922084,5.749511833283905,5.316788604006331,10.132640456527199,5.749511833283905,11.336785877934735,20.920996693957086,0.0,10.114318268765572,10.357988675768818,30.462311845459514,0.0,0.0
O=C(NN=Cc1ccc([N+](=O)[O-])o1)c1ccc(O)cc1,0,112.03676308287378,9.523678331894054,10.672822882101576,5.7602474188744415,0.0,5.907179729351506,5.884182201861008,14.908855452837393,5.425791397110385,5.101407525739722,0.0,0.0,30.33183534230805,5.563451491696996,12.280967647996928,19.24152656478355,18.005962510747832,0.0,5.425791397110385,5.101407525739722,0.0,0.0,57.836219590106666,5.749511833283905,5.425791397110385,5.884182201861008,5.749511833283905,0.0,22.151618752545197,0.0,10.114318268765572,16.118236094643258,45.91676087356273,0.0,0.0
N#CCC(C1CCCC1)n1cc(-c2ncnc3[nH]ccc23)cn1,1,133.7321371402767,4.983978520947208,11.97449729553227,0.0,0.0,0.0,0.0,4.681802935145184,9.967957041894415,10.360573363039524,0.0,12.841643245852019,24.82591636047502,23.343362849387944,30.422655331327782,0.0,11.033401435232523,5.261891554738487,24.732420306287842,5.917906046161393,38.14594894377801,0.0,30.98421785806538,17.32660079933773,0.0,0.0,0.0,0.0,24.732420306287842,0.0,17.249018913692154,38.14594894377801,30.98421785806538,0.0,22.29078092177798
Cc1ccnc(NS(=O)(=O)c2ccc(N)cc2)n1,1,104.94326417488648,5.733667477162185,0.0,0.0,5.948339280986494,10.023291153407584,0.0,0.0,23.10784889067544,0.0,0.0,0.0,37.255572541998674,17.5781578411451,4.895483475517775,8.417796984328938,21.65901670907764,0.0,9.967957041894415,0.0,11.819220675208399,10.455762341614273,42.222606908769585,0.0,10.455762341614273,11.635725555670057,0.0,0.0,18.385754026223353,10.023291153407584,6.923737199690624,5.693927994848461,41.4241623894389,0.0,0.0
CO[C@@H](C)Cn1c(=O)n(C)c2cnc3ccc(-c4cncc(C(C)(C)O)c4)cc3c21,0,174.12871172299538,9.843390348640755,0.0,0.0,0.0,0.0,5.689743398203474,19.102156337477126,4.794537184071822,0.0,0.0,6.06636706846161,44.53376429615369,43.06428386503966,40.996719329106426,9.843390348640755,21.936326367313583,0.0,19.102156337477126,7.04767198267719,39.020985203716435,7.109797541277533,58.903731062657954,11.126902983393991,5.689743398203474,0.0,0.0,0.0,37.42244766134366,23.930342153373502,0.0,26.334663090768867,47.650536172757484,0.0,33.06322935070757
CCn1c(C(=O)N(C2CC2)C2CC2)cc2c3c(ncn3C)c(Nc3cc(C)n(C)n3)nc21,0,185.5754806426605,19.350897630439515,16.85780593323245,11.635725555670057,0.0,5.907179729351506,0.0,9.476340119217006,9.967957041894415,5.098681808301038,0.0,0.0,45.597127959546896,49.87030130733774,11.844020792380803,4.794537184071822,39.60970815548661,0.0,33.78255081177382,14.09534396535438,58.15919895529379,5.316788604006331,29.847910201384682,0.0,5.316788604006331,11.635725555670057,0.0,0.0,51.773412199421244,20.640100371266954,6.923737199690624,48.78941686516341,18.460054211687762,0.0,22.066802870465043
CCOC(=O)C(CCc1ccccc1)NC(C)C(=O)N1CCCC1C(=O)O,0,159.23680270316586,14.743300079491233,12.083681658295921,0.0,5.907179729351506,0.0,11.938610575903697,14.905862972149976,4.794537184071822,0.0,0.0,30.33183534230805,45.09421238278229,6.544756405912575,12.648722793660879,24.227001900856216,17.845790305255203,0.0,10.216698334856808,0.0,57.65628337852917,13.151638370425493,35.89528683400505,0.0,5.316788604006331,0.0,0.0,0.0,59.129388288815754,25.54129612894152,0.0,38.673390759856275,30.33183534230805,0.0,0.0
CC1(C)CCC2(C(=O)O)CCC3(C)C(C(=O)C=C4C5(C)C=C(C#N)C(=O)C(C)(C)C5CCC43C)C2C1,1,214.95053236150918,5.106527394840706,6.069221312792274,11.566489892729878,0.0,0.0,5.9693052879518484,14.383611552215466,0.0,5.261891554738487,0.0,60.11528503473751,79.10255496782908,16.747886984954953,10.988094999466046,19.49013894705617,17.535795180681728,5.261891554738487,0.0,50.24366095486484,93.41191175831644,0.0,23.298249273806295,6.069221312792274,0.0,0.0,0.0,0.0,22.64232257552243,14.383611552215466,61.5747738223956,93.41191175831644,23.298249273806295,0.0,0.0
CCCSc1ccc2[nH]c(NC(=O)OC)nc2c1,0,109.31462616369996,9.720841474747257,0.0,0.0,5.948339280986494,0.0,6.093240070938415,5.316788604006331,9.778515705019029,0.0,11.761884949391115,6.923737199690624,30.372776435057627,4.895483475517775,18.143198976510057,9.53140013787187,34.836865736548546,0.0,9.967957041894415,0.0,18.24004229813441,18.179439752030653,18.19910120538483,0.0,5.316788604006331,10.742876465058316,0.0,11.761884949391115,28.923848260857152,4.736862953800049,0.0,13.344558822616634,23.094584680902603,0.0,11.033401435232523
COc1c2ccoc2cc2oc(=O)ccc12,0,90.03388771500052,13.571164827906742,16.915552116568392,0.0,0.0,0.0,5.625586319077987,0.0,4.794537184071822,0.0,0.0,0.0,12.13273413692322,12.13273413692322,24.145408965846183,13.571164827906742,21.938488712214074,0.0,0.0,0.0,0.0,7.109797541277533,40.948754772635304,5.749511833283905,10.362449272878036,0.0,5.749511833283905,0.0,7.109797541277533,0.0,0.0,0.0,44.15747032766401,0.0,21.938488712214074
O=C(O)C(CC(=O)N1CC2CCCCC2C1)Cc1ccccc1,0,137.04109992208134,10.006437125691182,0.0,0.0,5.907179729351506,0.0,5.9693052879518484,9.589074368143644,0.0,0.0,0.0,43.173478588160066,36.66172845279781,19.51033443475116,5.917906046161393,14.69560176298435,11.876485017303354,0.0,4.899909730850477,17.75371813848418,38.524929737556064,13.08951281182515,35.89528683400505,0.0,0.0,0.0,0.0,0.0,34.97243495481969,16.009895991069655,17.75371813848418,37.667559606327046,30.33183534230805,0.0,0.0
CC(=O)O[C@@]12CO[C@@H]1C[C@H](O)[C@@]1(C)C(=O)C(=O)C3C(C)[C@@H](OC(=O)C(O)C(NC(=O)OC(C)(C)C)c4ccccc4)C[C@@](O)([C@@H](OC(=O)c4ccccc4)[C@H]21)C3(C)C,0,336.24780044573185,44.32068555752869,29.514000785212282,11.70501719873199,11.566489892729878,0.0,24.00115593479396,14.383611552215466,14.383611552215466,0.0,0.0,69.30214814676475,45.39113442738271,37.01618300726221,35.64903718866435,67.77112005795328,35.56764582752384,0.0,5.316788604006331,28.583699077277736,121.59636604421753,6.606881964512918,71.7905736680101,0.0,5.316788604006331,4.794537184071822,0.0,0.0,104.81709434825147,42.86246350528753,28.583699077277736,90.19482183999078,60.6636706846161,0.0,0.0
Nc1nc(=O)c2ncn(CCC(CO)CO)c2[nH]1,0,102.10573437511287,25.49780043558216,5.647177220767728,5.516700717616262,5.948339280986494,0.0,5.559266895052007,4.794537184071822,4.983978520947208,4.983978520947208,0.0,0.0,6.4208216229260096,25.676426381099805,6.3273200747645415,10.213054789681411,17.112217219370482,0.0,19.51903521063298,5.917906046161393,12.965578028838586,18.94743140618802,16.68112415388837,0.0,11.29293437221419,5.948339280986494,0.0,0.0,42.94585392934022,6.544756405912575,5.917906046161393,6.4208216229260096,11.121857258836364,0.0,11.16387793838399
Cc1nc(N(C)C(=O)Cc2ccc(-c3ccccn3)cc2)sc1S(N)(=O)=O,0,161.10704158119094,0.0,0.0,9.340737657361412,15.930470882759089,0.0,0.0,14.678425435869507,18.540749242884086,0.0,0.0,41.668621220242784,24.619922828310838,18.80796704598726,17.808677612622933,13.212334168400758,32.39881524053316,0.0,9.967957041894415,5.138973737607942,17.553738000138715,11.947581713527667,59.918792537389805,11.257379486545457,10.038883468458419,5.131558479839333,0.0,11.336785877934735,31.340605738252048,21.238649960405414,6.923737199690624,11.257379486545457,52.87059222836643,0.0,11.257379486545457
O=C(O)CNC(=O)c1ncc(-c2cccc(Cl)c2)cc1O,0,124.56761176466661,15.529843393687743,12.29426823919648,5.693927994848461,0.0,5.907179729351506,5.9693052879518484,9.589074368143644,4.983978520947208,0.0,0.0,23.733674027155736,23.762552697081826,16.782928377051398,0.0,19.802129157825057,23.47742490753587,0.0,10.300767124953538,0.0,0.0,6.544756405912575,47.24524022251091,16.876414816677897,5.316788604006331,0.0,5.749511833283905,11.600939890232516,33.61827473384455,4.794537184071822,0.0,10.488465178920283,36.52867891392113,5.022633313741326,11.126902983393991
CN1CCC(=C2c3ccccc3CCn3c(C=O)cnc32)CC1,0,135.99678878908762,9.467009378641832,11.518332492848387,6.2861605231295545,0.0,0.0,0.0,4.794537184071822,4.983978520947208,0.0,0.0,29.838572803915707,37.43703983484921,25.207373747806994,6.196843571613076,4.794537184071822,11.859265053198822,0.0,14.45098789958904,0.0,25.807221274690605,20.13718479450234,58.68065185177117,0.0,0.0,0.0,0.0,0.0,40.87433321722093,12.965578028838586,0.0,40.28141590616622,36.03541637552878,0.0,5.5731045300692665
CCC1(O)CC2CN(CCc3c([nH]c4ccccc34)C(C(=O)OC)(c3cc4c(cc3OC)N(C)C3C(O)(C(=O)OC)C(OC(C)=O)C5(CC)C=CCN6CCC43C65)C2)C1,0,345.13959571880326,39.0443948566793,11.164502302680685,6.103966387748303,5.601050810983688,0.0,17.907915863855546,19.388893829844598,4.794537184071822,0.0,0.0,44.19861581843384,74.24722930994723,90.93631433573132,32.97228426396425,43.544118157097074,34.49822707062016,0.0,14.783797982648164,11.332896515558172,99.51587194343308,66.00075636692314,70.93452509437687,5.749511833283905,9.636772684650527,5.687386274683562,5.749511833283905,0.0,133.39536494026942,45.84500297533518,11.332896515558172,75.25960218364138,48.55024262443742,0.0,10.902924932081056
Cc1cc(Nc2ncc(Cl)c(Nc3ccccc3S(=O)(=O)C(C)C)n2)c(OC(C)C)cc1C1CCNCC1,1,230.05015810174743,20.687228765819043,10.772145147025231,15.65511591425253,5.948339280986494,0.0,0.0,0.0,13.401775505276145,4.983978520947208,0.0,23.733674027155736,101.86011935953212,0.0,33.82100401422845,13.154659938128987,44.57916763483867,0.0,15.284745645900745,0.0,69.62762318371479,23.723090019837812,58.744582279518056,5.749511833283905,20.687228765819043,23.140974608188646,5.749511833283905,11.600939890232516,42.829171255778974,9.837253136417502,6.923737199690624,57.581401074169904,47.490529457900514,5.022633313741326,0.0
COc1cc(O)c(C(=O)Nc2nc(C(=O)NCCN(C(C)C)C(C)C)cs2)cc1OC,0,185.9317403983951,19.897041906447136,11.443439828132366,16.630582146407143,0.0,11.814359458703011,0.0,19.805772703000454,4.983978520947208,0.0,11.336785877934735,0.0,27.694948798762496,42.685991377510206,19.78304657425206,24.169327670584448,28.28270381647708,0.0,15.200676855804016,0.0,39.77863045705841,32.62589649838655,28.77017639393459,17.248535499851716,20.10730311561276,5.131558479839333,17.248535499851716,11.336785877934735,66.19756465801753,0.0,0.0,48.541402653451584,17.512796907389134,0.0,0.0
COc1ccc2c(OCc3nnc4ccc(-c5ccccc5)nn34)ccnc2c1,0,166.11789020697506,9.473725907600098,18.105905631080727,11.471581718767656,0.0,0.0,0.0,4.983978520947208,0.0,9.61407970191666,10.197363616602075,30.33183534230805,30.33183534230805,23.212886346236477,18.320426253742255,9.473725907600098,16.550102152848787,0.0,24.79542183946594,0.0,6.606881964512918,7.109797541277533,78.75128582269072,22.756403153113265,9.473725907600098,0.0,11.49902366656781,0.0,31.90521938074348,6.606881964512918,0.0,5.824404497999927,72.9268813246908,0.0,27.80748163939424
CCC1[C@@H](O)[C@@H](O)O[C@@H](O[C@H]2C(C(=O)O)OC(OC)[C@@H](O)[C@@H]2O)[C@@H]1NC(C)=O,0,160.49997649942333,49.79687739341006,24.41586555099321,24.974046575753942,5.907179729351506,0.0,5.9693052879518484,4.794537184071822,4.794537184071822,0.0,0.0,6.923737199690624,6.4208216229260096,19.95144078712955,6.041840829147961,54.069163157547365,11.876485017303354,0.0,5.316788604006331,5.917906046161393,75.70004897820236,7.109797541277533,0.0,0.0,5.316788604006331,0.0,0.0,0.0,99.95067248867953,28.536526183343838,5.917906046161393,20.268296022307258,0.0,0.0,0.0
Clc1ccc(COC(Cn2ccnc2)c2ccc(Cl)cc2Cl)c(Cl)c1,0,165.60580790040453,9.303962601591405,6.103966387748303,0.0,0.0,0.0,0.0,0.0,4.983978520947208,0.0,0.0,58.53649369785329,29.828919765543436,38.04767188988845,19.478958445190035,4.736862953800049,46.40375956093006,0.0,9.551078168738563,0.0,19.255604758173796,0.0,86.33664586711966,0.0,0.0,0.0,0.0,46.40375956093006,9.551078168738563,17.888501324225544,0.0,17.230869371142294,55.11920962876035,20.090533254965305,0.0
CN(C)CCN1C(=O)c2cccc3cc(N)cc(c23)C1=O,1,122.47949142158957,10.633577208012662,0.0,0.0,0.0,11.814359458703011,0.0,14.48898409899412,0.0,0.0,0.0,12.13273413692322,37.680669385204006,29.726574792670505,5.563451491696996,9.589074368143644,28.274194162316164,0.0,9.799819461700954,0.0,0.0,32.91852425434171,41.45873832570204,0.0,5.733667477162185,5.687386274683562,0.0,0.0,48.79903569758349,0.0,0.0,20.715977351537635,30.33183534230805,0.0,10.772448428929591
CCN(C)C(=O)Oc1cccc(C(C)N(C)C)c1,0,109.1456747046272,14.536682415501005,5.749511833283905,0.0,0.0,0.0,6.093240070938415,0.0,4.794537184071822,0.0,0.0,12.13273413692322,45.639003993355836,19.634269217737724,0.0,9.53140013787187,6.093240070938415,0.0,9.799819461700954,0.0,19.88931522852921,27.687772353944144,29.828919765543436,5.749511833283905,4.736862953800049,4.794537184071822,5.749511833283905,0.0,43.58083188658351,0.0,0.0,25.452766720226204,24.26546827384644,0.0,0.0
CC(C)(Oc1ccc(C2CC2(Cl)Cl)cc1)C(=O)O,0,115.656000302254,9.843390348640755,10.082865946769346,5.601050810983688,0.0,0.0,5.9693052879518484,0.0,4.794537184071822,0.0,23.20187978046503,12.13273413692322,37.964481650927475,5.917906046161393,0.0,14.637927532712576,29.17118506841688,0.0,0.0,0.0,36.12060699293777,0.0,29.828919765543436,5.749511833283905,4.736862953800049,0.0,5.749511833283905,23.20187978046503,21.01023760726168,4.794537184071822,0.0,31.749653560165644,24.26546827384644,0.0,0.0
COCC(=O)Nc1c(I)c(C(=O)NCC(O)CO)c(I)c(C(=O)N(C)CC(O)CO)c1I,0,225.23082743122887,40.69645947202601,6.606881964512918,0.0,5.907179729351506,11.814359458703011,0.0,14.383611552215466,0.0,0.0,0.0,0.0,67.77261188120417,30.81716460684527,49.37635050473079,39.54658408537833,91.18153734394225,0.0,10.216698334856808,0.0,12.207932775496605,52.38441683332495,21.837449796590178,0.0,10.633577208012662,5.687386274683562,0.0,67.77261188120417,102.32311950308305,9.53140013787187,10.710546813196189,20.715977351537635,0.0,0.0,0.0
CC(=O)C1CCC2C3CC=C4CC(=O)CCC4(C)C3CCC12C,0,139.6482098695481,0.0,11.566489892729878,0.0,0.0,0.0,0.0,9.589074368143644,0.0,0.0,0.0,25.496599036284397,74.03236601452443,18.75954929201341,0.0,9.589074368143644,11.566489892729878,0.0,0.0,34.50160512343913,72.13778458247995,0.0,11.649124636903148,0.0,0.0,0.0,0.0,0.0,11.566489892729878,9.589074368143644,34.50160512343913,72.13778458247995,11.649124636903148,0.0,0.0
O=C(C=Cc1ccc(O)c(O)c1)OC1CC(O)(C(=O)O)CC(O)C1O,0,141.58738202052004,35.37602732284428,12.207932775496605,17.100074477551498,0.0,0.0,11.938610575903697,0.0,9.589074368143644,0.0,0.0,6.06636706846161,23.772205735454097,18.9176633526859,6.103966387748303,44.96510169098792,18.01463068273758,0.0,0.0,0.0,36.754593220080615,0.0,29.838572803915707,11.49902366656781,0.0,0.0,11.49902366656781,0.0,66.49072491917651,14.325937321943691,0.0,18.405094737549014,24.27512131221871,0.0,6.076020106833881
CCCOc1ccc(C(=O)OCCN(CC)CC)cc1N,0,126.56916118973666,20.107303115612762,12.356393797796823,0.0,0.0,0.0,5.9693052879518484,0.0,4.794537184071822,0.0,0.0,20.771211599071872,37.70943564013599,6.544756405912575,17.857719730893475,14.268263091671919,11.65669156263541,0.0,4.899909730850477,0.0,27.19203322199788,38.58170062392575,23.762552697081826,5.749511833283905,10.470530430962235,5.687386274683562,5.749511833283905,0.0,43.717248165565884,4.736862953800049,0.0,37.5500218977667,18.19910120538483,0.0,0.0
COc1cc2nc(N3CCN(C(=O)C4COc5ccccc5O4)CC3)nc(N)c2cc1OC,1,190.357535597191,34.48093875406334,12.424744742347947,22.99804733313562,12.052305668734796,5.907179729351506,0.0,4.794537184071822,4.983978520947208,4.983978520947208,0.0,12.13273413692322,18.19910120538483,37.63161690657671,19.736295800171327,23.741988999272017,28.576306720254085,0.0,14.867866772744893,0.0,6.103966387748303,57.63907987873095,36.39820241076966,22.99804733313562,29.58102902321286,11.766202058821523,22.99804733313562,0.0,73.88451556056297,4.794537184071822,0.0,0.0,36.39820241076966,0.0,10.902924932081056
COc1cc2c(cc1OC)CC(=O)N(CCCN(C)CC1Cc3cc(OC)c(OC)cc31)CC2,0,202.08633709292977,28.747271276901152,0.0,22.99804733313562,5.907179729351506,0.0,0.0,4.794537184071822,0.0,0.0,0.0,0.0,79.37416749800221,25.55217526389912,34.86001178803615,23.741988999272017,5.907179729351506,0.0,9.799819461700954,0.0,31.60119253786543,61.66588777143762,46.519274240634424,22.99804733313562,18.947451815200196,0.0,22.99804733313562,0.0,77.37288696249007,24.05700205284985,0.0,34.592533635875384,24.26546827384644,0.0,0.0
C#C[C@]1(O)CC[C@H]2[C@@H]3CCC4=CCCC[C@@H]4[C@H]3CC[C@@]21C,0,128.75368269911922,5.106527394840706,5.601050810983688,0.0,0.0,0.0,0.0,0.0,0.0,0.0,6.423349895620259,24.493296155449414,81.45901879097967,5.414990469396779,0.0,5.106527394840706,0.0,0.0,0.0,29.08661465404235,70.3121826170084,0.0,11.649124636903148,12.343784214475903,0.0,0.0,0.0,0.0,10.707578205824394,0.0,41.430398868518246,64.71113180602472,11.649124636903148,0.0,0.0
Clc1ccc2c(c1)C(N1CCNCC1)=Nc1ccccc1O2,0,133.92337538654567,14.953561288656857,17.272517893724736,5.749511833283905,0.0,0.0,0.0,0.0,4.992404732635668,0.0,0.0,23.733674027155736,30.33183534230805,31.201658937391628,5.563451491696996,4.736862953800049,23.123945950673345,0.0,10.216698334856808,4.992404732635668,0.0,26.1790256236503,53.05065428466959,11.49902366656781,10.05365155780638,5.687386274683562,11.49902366656781,11.600939890232516,36.914555140258045,0.0,0.0,5.563451491696996,47.456974211866935,5.022633313741326,0.0
COc1cc(N2CCC(N3CCN(C)CC3)CC2)ccc1Nc1ncc(Cl)c(Nc2ccccc2S(=O)(=O)C(C)C)n1,1,253.5038500040134,25.170259623513665,10.772145147025231,15.65511591425253,5.948339280986494,0.0,0.0,4.899909730850477,13.401775505276145,4.983978520947208,0.0,23.733674027155736,58.00225790175689,57.06413260776858,34.82683516775768,13.154659938128987,50.26655390952223,0.0,19.76777650359537,0.0,42.87637997988118,68.95949489829331,53.684046364585676,5.749511833283905,20.270349892663187,28.828360882872207,5.749511833283905,11.600939890232516,92.9033603064846,9.837253136417502,0.0,26.689117645233267,53.556896526362124,5.022633313741326,0.0
NC1CN(c2c(F)cc3c(=O)c(C(=O)O)cn(C4CC4F)c3c2Cl)CC12CC2,0,163.0259541543862,20.307204250644723,17.55234772825318,0.0,5.428790391900541,0.0,5.9693052879518484,4.794537184071822,13.575367279421462,0.0,0.0,11.600939890232516,18.90801031431363,37.16400930490897,27.65478534965391,18.681894674262168,34.16055638494898,0.0,4.567099647791355,11.148657946558963,37.51782192258424,17.989422542675626,38.889843862531265,0.0,16.062367599913202,14.468216370033202,0.0,11.600939890232516,40.945961367067305,0.0,11.232211310442672,35.662294373694806,17.05774782414651,5.022633313741326,10.902924932081056
OC(c1ccccc1)(c1ccccc1)C12CC[N+](CCOCc3ccccc3)(CC1)CC2,0,191.42587662143086,14.326421206335379,12.145807216896262,0.0,0.0,0.0,0.0,0.0,0.0,0.0,0.0,90.99550602692418,16.690354475090988,24.677455338174806,32.84803314676356,14.326421206335379,0.0,0.0,0.0,5.414990469396779,31.470397644274634,32.78590758816322,107.68586050201517,0.0,0.0,0.0,0.0,0.0,42.375465840698546,16.944795729296654,5.414990469396779,35.95281934386902,90.99550602692418,0.0,0.0
CC1=CC(=O)c2c(O)cccc2C1=O,1,80.67795745805006,5.106527394840706,5.749511833283905,11.566489892729878,0.0,0.0,0.0,9.589074368143644,0.0,0.0,0.0,12.13273413692322,19.066124374986114,11.136556021766262,5.563451491696996,14.69560176298435,11.566489892729878,0.0,0.0,0.0,6.923737199690624,0.0,40.97512882568197,5.749511833283905,0.0,0.0,5.749511833283905,0.0,16.673017287570584,0.0,0.0,27.639714551228256,29.848225842287977,0.0,0.0
O=C(O)C1(Cc2cccc(Nc3nccs3)n2)CCC(Oc2cccc(Cl)c2F)CC1,0,187.62692142073575,15.160178952647087,5.817862777835028,16.698291154169134,0.0,0.0,5.9693052879518484,4.794537184071822,14.358372089569235,0.0,11.336785877934735,23.733674027155736,49.94875476555049,23.691655959853463,16.54159017088641,19.028342580387395,39.85645231379346,0.0,9.967957041894415,5.414990469396779,38.20807450237835,5.316788604006331,64.50889090248432,5.749511833283905,10.05365155780638,15.33983630534918,5.749511833283905,22.93772576816725,27.147756112435275,11.21535880699783,11.232211310442672,31.3772144865525,47.975108752848655,5.022633313741326,0.0
O=C(O)c1nn(Cc2ccc(Cl)cc2Cl)c2ccccc12,1,130.0695678490534,5.106527394840706,0.0,5.693927994848461,0.0,0.0,5.9693052879518484,4.681802935145184,4.794537184071822,5.098681808301038,0.0,47.46734805431147,23.762552697081826,15.431490841947447,12.061457123528836,9.901064578912528,40.07411000049794,0.0,9.780484743446221,0.0,6.544756405912575,0.0,63.76721559325937,0.0,0.0,0.0,0.0,23.20187978046503,20.856317426238775,6.544756405912575,0.0,16.051916670617278,42.46456947923127,10.045266627482652,10.902924932081056
O=C(O)C(=O)c1cn(Cc2ccccc2)c2ccc(-c3ccc(OC(F)(F)F)cc3)cc12,1,179.83358581912543,14.410489996432108,5.749511833283905,0.0,0.0,5.783244946364939,12.33166414698223,4.794537184071822,4.794537184071822,0.0,13.171245143024459,48.53093654769288,40.95582274893743,23.64452490960671,5.563451491696996,32.60370985980886,22.655475166397846,0.0,4.567099647791355,0.0,12.90711526494296,0.0,90.12015137654642,16.876414816677897,4.736862953800049,13.171245143024459,5.749511833283905,0.0,27.788536135979232,11.339293589984397,0.0,15.921440167465814,78.99324839315241,0.0,22.02982791547505
Cc1ccccc1C(OCCN(C)C)c1ccccc1,0,121.5515289116509,9.636772684650527,6.103966387748303,0.0,0.0,0.0,0.0,0.0,0.0,0.0,0.0,54.59730361615449,37.709435640135986,6.544756405912575,6.606881964512918,4.736862953800049,0.0,0.0,4.899909730850477,0.0,13.027703587438927,27.246982335779872,71.28765809124549,0.0,0.0,0.0,0.0,0.0,32.14689206663035,4.736862953800049,6.923737199690624,22.79432086283929,54.59730361615449,0.0,0.0
OC1(c2ccc(Cl)c(C(F)(F)F)c2)CCN(CCCC(c2ccc(F)cc2)c2ccc(F)cc2)CC1,1,211.87419218597407,10.006437125691182,11.634441682091788,0.0,0.0,0.0,6.176298517443475,0.0,8.78083009534964,13.171245143024459,0.0,41.932775232540564,85.31659978347727,19.007418857986544,16.187135616422008,27.058602633214804,11.600939890232516,0.0,4.899909730850477,0.0,43.37854186629259,19.634269217737724,105.64091871569883,0.0,0.0,21.9520752383741,0.0,11.600939890232516,29.64070634342891,11.777349328427164,11.634441682091788,53.85499850465341,66.73003775307771,5.022633313741326,0.0
CCC(CO)NCCNC(CC)CO,0,86.71192192900713,20.846631997694075,0.0,0.0,0.0,0.0,0.0,0.0,0.0,0.0,0.0,13.847474399381248,12.841643245852019,25.17319447012107,13.213763929025836,10.213054789681411,0.0,0.0,10.633577208012662,0.0,38.77279930352919,26.303276740850986,0.0,0.0,10.633577208012662,0.0,0.0,0.0,48.600013188828314,0.0,0.0,26.689117645233267,0.0,0.0,0.0
Oc1ccc(OCc2ccccc2)cc1,0,88.7612184216605,9.843390348640755,18.105905631080727,0.0,0.0,0.0,0.0,0.0,0.0,0.0,0.0,30.33183534230805,29.828919765543436,0.0,0.0,9.843390348640755,0.0,0.0,0.0,0.0,6.606881964512918,0.0,60.160755107851486,11.49902366656781,4.736862953800049,0.0,11.49902366656781,0.0,5.106527394840706,6.606881964512918,0.0,5.563451491696996,54.59730361615449,0.0,0.0
C[C@@H]1C/C=C\C=C/C=C\C=C/[C@H](O[C@@H]2O[C@H](C)[C@@H](O)[C@H](N)[C@@H]2O)C[C@@H]2O[C@](O)(C[C@@H](O)C[C@H]3O[C@@H]3/C=C\C(=O)O1)C[C@H](O)C2C(=O)O,0,272.9421224712935,60.057146615206655,24.2298052094063,12.07713788190581,0.0,0.0,11.938610575903697,4.794537184071822,4.794537184071822,0.0,0.0,48.60816085467105,19.92349450621513,38.18012822146393,48.76960554338608,63.91255350618812,11.938610575903697,0.0,0.0,11.651573523323577,125.1102251025481,0.0,60.76020106833881,0.0,5.733667477162185,0.0,0.0,0.0,121.73641753348474,33.27338913714389,5.917906046161393,45.95158251401131,60.76020106833881,0.0,0.0
CC1(C)[C@@H](O[C@H]2OC(C(=O)O)[C@@H](O)[C@H](O)[C@H]2O[C@@H]2OC(C(=O)O)[C@@H](O)[C@H](O)[C@H]2O)CC[C@]2(C)C3C(=O)C=C4C5C[C@@](C)(C(=O)O)CC[C@]5(C)CC[C@@]4(C)[C@]3(C)CC[C@@H]12,0,337.4255959469721,59.799670973925835,36.62379832648981,30.571231180531967,0.0,0.0,17.907915863855546,9.589074368143644,9.589074368143644,0.0,0.0,47.11552772821301,109.6979163521653,5.917906046161393,11.518956857145081,78.97781971021314,23.691160810220484,0.0,0.0,50.24366095486484,173.76930595257363,0.0,11.649124636903148,0.0,0.0,0.0,0.0,0.0,132.0591309173513,38.12560055148748,50.24366095486484,106.25355500416846,11.649124636903148,0.0,0.0
NC(=O)Nc1[nH]c(=O)[nH]c1O,0,60.23218446875869,10.84019487200289,0.0,5.817862777835028,5.879988336435371,0.0,11.720857910541547,15.284745645900745,9.589074368143644,0.0,0.0,0.0,0.0,0.0,0.0,9.901064578912528,11.8489772901731,0.0,9.967957041894415,5.733667477162185,0.0,5.316788604006331,10.484280582275296,5.879988336435371,16.740199479371988,10.61239996190685,5.879988336435371,0.0,21.10559894907319,0.0,0.0,0.0,4.794537184071822,0.0,0.0
CN(C)CCC(c1ccc(Br)cc1)c1ccccn1,0,123.16023715433528,4.899909730850477,0.0,0.0,0.0,0.0,0.0,4.983978520947208,0.0,0.0,0.0,34.12904510333418,56.8898417597364,22.281397128455346,0.0,0.0,15.929943897949348,0.0,9.883888251797686,0.0,12.338727669087403,20.640100371266954,64.39151205322221,0.0,0.0,0.0,0.0,15.929943897949348,30.52398862306464,0.0,0.0,23.59610715563286,53.134132566676755,0.0,0.0
COc1ccc(-c2cc(=O)c3c(O)cc(O)cc3o2)cc1O,0,123.99768938184056,24.47359607537551,28.22851544154929,16.92781405846835,0.0,0.0,0.0,4.794537184071822,0.0,0.0,0.0,0.0,18.19910120538483,23.762552697081826,7.109797541277533,24.47359607537551,10.969244356107037,0.0,0.0,0.0,0.0,7.109797541277533,46.621529986742026,34.321746243707054,10.16565334570059,0.0,22.99804733313562,0.0,22.42937972579965,0.0,0.0,0.0,45.609890531894834,0.0,22.292943266678478
O=S(=O)(O)c1cc(O)ccc1O,0,68.6485066339296,10.213054789681411,16.394507142085583,0.0,0.0,10.118126859033554,0.0,4.552749873690364,0.0,8.417796984328938,0.0,0.0,12.13273413692322,6.06636706846161,0.0,23.183601647700712,10.118126859033554,0.0,0.0,0.0,4.895483475517775,0.0,18.19910120538483,11.49902366656781,0.0,0.0,11.49902366656781,0.0,23.183601647700712,10.118126859033554,0.0,0.0,23.094584680902603,0.0,0.0
O=C1C(Cc2ccc(O)cc2)N2C(=O)CCN(C(=O)NCc3ccccc3)C2CN1Cc1cccc2ccccc12,0,238.33812026120984,25.123045191398468,17.957128274566394,0.0,11.814359458703011,0.0,6.031114512338072,9.589074368143644,4.794537184071822,0.0,0.0,84.92913895846256,39.595537040943796,32.475912463589744,6.544756405912575,19.49013894705617,28.617922399970677,0.0,20.016517796557764,0.0,38.13877249895966,13.08951281182515,113.75222757047679,5.749511833283905,5.316788604006331,4.794537184071822,5.749511833283905,0.0,62.94885981154085,29.099408802894803,0.0,23.111176098016994,97.06187309538579,0.0,10.772448428929591
CC(O)Cn1cnc2c1c(=O)n(C)c(=O)n2C,0,96.55307499913856,9.67362704263206,0.0,11.16387793838399,0.0,5.559266895052007,5.689743398203474,13.928736479654532,9.778515705019029,0.0,0.0,0.0,6.923737199690624,14.09534396535438,18.976042868425417,5.106527394840706,11.16387793838399,0.0,18.685277464321274,14.09534396535438,19.5724599933515,0.0,27.165404736163666,0.0,11.24901029325548,0.0,0.0,0.0,29.895771246910282,20.640100371266954,0.0,6.923737199690624,15.916394442908185,0.0,11.16387793838399
NC(=O)c1ccccc1,0,53.29775803095004,5.733667477162185,0.0,0.0,5.907179729351506,0.0,0.0,4.794537184071822,0.0,0.0,0.0,18.19910120538483,12.13273413692322,5.563451491696996,0.0,4.794537184071822,5.907179729351506,0.0,0.0,5.733667477162185,0.0,0.0,35.89528683400505,0.0,5.733667477162185,0.0,0.0,0.0,5.907179729351506,0.0,0.0,10.357988675768818,30.33183534230805,0.0,0.0
O=C(O)C(Cc1ccccc1[N+](=O)[O-])=NNc1nc(-c2ccc(Cl)c(Cl)c2)cs1,0,178.13101384437888,5.106527394840706,5.711685002770702,0.0,5.131558479839333,5.687386274683562,5.9693052879518484,15.540109665875956,9.778515705019029,5.101407525739722,11.336785877934735,47.46734805431147,12.13273413692322,28.994154445247524,20.662505671148786,14.824375627730198,57.038600703645216,0.0,4.983978520947208,5.101407525739722,6.4208216229260096,5.425791397110385,73.5676686376424,11.257379486545457,5.425791397110385,10.818944754522896,0.0,34.538665658399765,26.694807255328136,11.21535880699783,10.114318268765572,5.563451491696996,52.9460397754369,10.045266627482652,11.257379486545457
CC(C)C(N)C(=O)OCCOCn1cnc2c(=O)[nH]c(N)nc21,0,131.34059646998088,20.94106086192447,19.379539541160362,11.16387793838399,5.948339280986494,5.559266895052007,5.9693052879518484,19.140152536882205,4.983978520947208,4.983978520947208,0.0,13.847474399381248,5.917906046161393,0.0,12.934202039277459,14.268263091671919,23.081522507322333,0.0,19.51903521063298,11.651573523323577,26.620131976028695,18.94743140618802,16.68112415388837,0.0,17.026601849376377,5.948339280986494,0.0,0.0,44.74394525675862,20.999079839171404,5.917906046161393,13.847474399381248,11.121857258836364,0.0,11.16387793838399
Cc1c[nH]c(-c2cnc(NCCNc3ccc(C#N)cn3)nc2-c2ccc(Cl)cc2Cl)n1,0,194.24904304252397,15.617555728959868,17.71148858862723,0.0,5.948339280986494,0.0,0.0,0.0,19.93591408378883,5.261891554738487,0.0,23.20187978046503,37.255572541998674,42.2661283321027,27.53739228683224,0.0,34.968081839286555,5.261891554738487,24.919892604736038,0.0,6.923737199690624,23.723090019837812,70.2250121711754,28.714456789034653,10.633577208012662,11.766202058821523,0.0,23.20187978046503,38.009405416561194,0.0,18.254850067221383,11.257379486545457,48.92236605714728,10.045266627482652,22.64523547624238
Nc1nc(=O)n(C2CSC(CO)O2)cc1F,0,94.23244507909337,15.577057825802939,11.663899542303952,11.635083618880923,0.0,0.0,5.689743398203474,4.567099647791355,9.184952231746642,4.983978520947208,11.761884949391115,0.0,0.0,5.752853606746789,12.803725536125995,14.233805396315574,17.57974772722614,0.0,9.551078168738563,0.0,11.663899542303952,18.09340304842189,22.498344994934268,0.0,11.423410875365658,10.208277825509848,0.0,11.761884949391115,32.453339506408064,4.736862953800049,5.817220841045894,6.22790117073487,10.991380755684897,0.0,0.0
CNC(=O)c1ccc2cc(C3(O)CCn4cncc43)ccc2c1,0,133.13343920015396,14.990415646638393,5.601050810983688,0.0,0.0,5.907179729351506,0.0,4.794537184071822,4.983978520947208,0.0,0.0,18.19910120538483,34.535001126011416,25.57670150321277,18.218091641226078,9.901064578912528,16.679628158281098,0.0,14.867866772744893,0.0,18.566628839822272,7.04767198267719,65.74319703538973,0.0,5.316788604006331,0.0,0.0,0.0,27.612457275607966,12.145807216896262,0.0,28.036189785240285,48.92236605714728,0.0,10.772448428929591
CCCCCCCCCCCCCCCC(=O)OCC=C(C)C=CC=C(C)C=CC1=C(C)CCCC1(C)C,0,236.33344604681102,4.736862953800049,6.606881964512918,0.0,0.0,0.0,5.9693052879518484,4.794537184071822,0.0,0.0,0.0,144.92048519856124,63.518613197075844,6.4208216229260096,0.0,9.53140013787187,5.9693052879518484,0.0,0.0,5.414990469396779,150.69639078788595,6.606881964512918,58.74853876128035,0.0,0.0,0.0,0.0,0.0,12.576187252464766,9.53140013787187,5.414990469396779,150.69639078788595,58.74853876128035,0.0,0.0
Nc1ccn(C2CSC(CO)O2)c(=O)n1,0,90.06690967616713,15.577057825802939,17.481762320138984,0.0,0.0,0.0,5.689743398203474,4.567099647791355,4.794537184071822,4.983978520947208,11.761884949391115,0.0,6.06636706846161,11.949697178359866,6.606881964512918,9.843390348640755,17.57974772722614,0.0,9.551078168738563,0.0,11.663899542303952,18.09340304842189,22.74749122234998,0.0,11.423410875365658,5.817862777835028,0.0,11.761884949391115,32.45333950640806,4.736862953800049,0.0,6.22790117073487,17.057747824146507,0.0,0.0
Cc1c[nH]c(=Cc2c(O)[nH]c3ccccc23)c1=CCC(=O)O,0,125.78397681137514,20.181011831575827,0.0,5.879988336435371,0.0,0.0,5.9693052879518484,4.794537184071822,0.0,0.0,0.0,24.27512131221871,29.848225842287977,28.012346474147463,6.4208216229260096,15.007591973753234,29.024270433700668,0.0,9.967957041894415,0.0,13.344558822616634,0.0,52.15699128321471,5.879988336435371,10.567776454361201,0.0,5.879988336435371,0.0,26.150317119527678,4.794537184071822,6.923737199690624,17.547724606320003,30.462311845459514,0.0,23.05496514574882
CN1[C@@H]2C[C@@H](O)C[C@H]1[C@@H]1O[C@@H]12,0,65.94396501992436,9.843390348640755,12.207932775496605,0.0,0.0,0.0,0.0,4.899909730850477,0.0,0.0,0.0,0.0,19.88931522852921,12.083681658295921,6.103966387748303,9.843390348640755,0.0,0.0,4.899909730850477,0.0,43.237224067392845,7.04767198267719,0.0,0.0,0.0,0.0,0.0,0.0,47.44968992990919,4.736862953800049,0.0,12.841643245852019,0.0,0.0,0.0
CC(=CC(C)C=CC(O)=NO)C(=O)c1ccc(N(C)C)cc1,1,130.42574457346842,15.213690150468473,0.0,5.783244946364939,5.897745344357611,0.0,0.0,4.794537184071822,0.0,0.0,0.0,19.075777413358384,53.911948883352146,25.346181731734937,0.0,15.108317603689816,17.368376565406113,0.0,0.0,11.073618772911933,13.847474399381248,18.995253696204855,53.630084616114345,0.0,4.899909730850477,5.687386274683562,0.0,0.0,36.09011467569493,0.0,5.917906046161393,24.205463075150064,53.22234585116789,0.0,0.0
CN[C@@H]1[C@H](O)[C@H](NC)[C@H]2O[C@@]3(O)C(=O)C[C@@H](C)O[C@H]3O[C@@H]2[C@H]1O,0,133.45058846676628,40.163748253934926,18.31189916324491,5.783244946364939,6.290026729335213,5.7871111525705965,0.0,4.794537184071822,0.0,0.0,0.0,0.0,21.019081165045,6.4208216229260096,24.291614433792525,34.32470822999409,5.783244946364939,0.0,10.633577208012662,0.0,68.02521030155987,14.09534396535438,0.0,0.0,10.633577208012662,0.0,0.0,0.0,89.87882257518467,19.005126045471968,0.0,13.344558822616634,0.0,0.0,0.0
COC(=O)C1C=C2CC(=O)CCC2(C)C23OC2CC2(C)C(CC[C@]24CCC(=O)O4)C13,0,176.23353169424385,14.210588861400147,16.985346568332318,0.0,0.0,0.0,11.938610575903697,14.383611552215466,0.0,0.0,0.0,25.496599036284397,38.02201416079144,36.01035185373298,19.13166997518723,28.59420041361561,17.721855522268637,0.0,0.0,28.583699077277736,82.52011539250502,7.109797541277533,11.649124636903148,0.0,0.0,0.0,0.0,0.0,42.137721073261844,28.59420041361561,28.583699077277736,65.21404738278933,11.649124636903148,0.0,0.0
C[C@H]1CCC/C=C/[C@@H]2C[C@H](O)C[C@H]2[C@H](O)/C=C/C(=O)O1,1,119.68604920629436,14.94991774348146,0.0,0.0,0.0,0.0,5.9693052879518484,0.0,4.794537184071822,0.0,0.0,12.152040213667762,56.939677513477335,6.076020106833881,18.31189916324491,19.74445492755328,5.9693052879518484,0.0,0.0,11.835812092322787,57.339744477565574,0.0,24.304080427335524,0.0,0.0,0.0,0.0,0.0,34.494259240878165,9.53140013787187,11.835812092322787,39.02784531432067,24.304080427335524,0.0,0.0
CCOC(=O)C1=C(C)N=C(C)C(C(=O)OC)C1c1cccc(Cl)c1Cl,0,156.16726390526756,9.473725907600098,5.917906046161393,0.0,0.0,0.0,11.938610575903697,9.786941916707491,4.794537184071822,0.0,0.0,35.33461391738825,32.40103015923048,17.32663036198793,29.335050663342372,19.06280027574374,40.85217535913943,0.0,0.0,10.910310778797061,26.689117645233267,13.716679505790452,45.077963167689575,0.0,0.0,0.0,0.0,23.20187978046503,31.36697508446485,19.06280027574374,5.917906046161393,32.25256913693026,34.461649781145596,10.045266627482652,0.0
C=CC(=O)Nc1cccc(Oc2nc(Nc3ccc(N4CCN(C)CC4)cc3)nc3ccsc23)c1,1,207.42547706229755,25.170259623513665,10.449431749753005,0.0,17.73550734677337,0.0,0.0,4.794537184071822,4.983978520947208,4.983978520947208,11.336785877934735,12.645302752060108,60.96832433920825,49.3075515161626,5.516700717616262,9.53140013787187,50.47108434640878,0.0,14.867866772744893,0.0,0.0,48.760184545190626,72.63232217705279,11.629500169719275,20.270349892663187,23.01049810503718,11.629500169719275,11.336785877934735,54.00174410842388,4.794537184071822,0.0,0.0,72.63232217705279,0.0,10.216620634085363
CC(C(=O)O)c1ccc2c(c1)[nH]c1ccc(Cl)cc12,0,114.35774102629294,10.090505915787913,0.0,0.0,0.0,0.0,5.9693052879518484,4.794537184071822,0.0,0.0,0.0,23.733674027155736,36.75265696523406,26.82848317790344,5.917906046161393,9.901064578912528,39.37609504234648,0.0,4.983978520947208,0.0,12.841643245852017,0.0,46.98428721620798,0.0,0.0,0.0,0.0,11.600939890232516,16.059811203739763,4.794537184071822,0.0,18.405094737549014,36.39820241076966,5.022633313741326,21.805849864162113
C=C1C(=CC=C2CCCC3(C)C2CCC3C(C)C=CC(C)C(C)C)CC(O)CC1O,1,184.40525003160528,10.213054789681411,0.0,0.0,0.0,0.0,0.0,0.0,0.0,0.0,0.0,71.0748066394564,84.67565949789834,6.4208216229260096,12.207932775496605,10.213054789681411,0.0,0.0,0.0,35.00452070020374,91.77237013443178,0.0,47.60232970114182,0.0,0.0,0.0,0.0,0.0,22.420987565178017,0.0,35.00452070020374,79.56443735893518,47.60232970114182,0.0,0.0
CCCCCCCCCCCCCCCC(=O)OC,1,119.85339218772596,4.736862953800049,0.0,0.0,0.0,0.0,5.9693052879518484,4.794537184071822,0.0,0.0,0.0,83.97359667480276,6.4208216229260096,6.4208216229260096,7.109797541277533,9.53140013787187,5.9693052879518484,0.0,0.0,0.0,96.81523992065479,7.109797541277533,0.0,0.0,0.0,0.0,0.0,0.0,13.079102829229381,9.53140013787187,0.0,96.81523992065479,0.0,0.0,0.0
Cn1cc(-c2ccc3nnc(Sc4ccc5ncccc5c4)n3n2)cn1,0,152.2562011158908,0.0,0.0,5.647177220767728,5.156436481820707,0.0,0.0,9.665781456092391,0.0,14.712761510217698,10.197363616602075,6.06636706846161,48.16008736016077,35.28651830758291,17.407472284077798,0.0,28.311987102239904,0.0,34.57590658291216,7.04767198267719,10.051919957338482,0.0,61.05510019407049,11.257379486545457,0.0,0.0,0.0,11.761884949391115,34.57590658291216,7.04767198267719,0.0,0.0,71.10702015140899,0.0,27.80748163939424
CC(C)(C)c1nc(-c2cccc(NS(=O)(=O)c3c(F)cccc3F)c2F)c(-c2ccnc(N)n2)s1,0,203.508896390341,5.733667477162185,11.634441682091788,10.71270431656367,5.948339280986494,10.023291153407584,0.0,4.722094864452088,36.54097769019502,0.0,11.336785877934735,32.903945735995094,30.33183534230805,17.17528553270685,26.960013154934547,21.589042127353395,32.99580258701238,0.0,14.951935562841623,0.0,31.081685543986424,10.455762341614273,71.12069927083479,21.82845467509522,10.455762341614273,24.806970698694517,0.0,11.336785877934735,23.36973254717056,15.438281622804363,17.45166252313768,25.778835295924637,53.556896526362124,0.0,21.82845467509522
c1ccc2[nH]c(-c3cscn3)nc2c1,0,84.458981510615,4.983978520947208,5.693927994848461,5.824404497999927,0.0,0.0,0.0,0.0,9.967957041894415,0.0,11.336785877934735,12.13273413692322,12.13273413692322,5.380062770465915,16.543940708849902,0.0,22.370187313167257,0.0,14.951935562841623,0.0,0.0,0.0,35.15607031792974,11.518332492848387,0.0,0.0,0.0,11.336785877934735,14.951935562841623,0.0,0.0,0.0,35.15607031792974,0.0,22.551733928080914
Cc1ccc(C2OC(CO)C(O)C(O)C2O)cc1Cc1ccc(-c2ccc(F)cc2)s1,0,183.5556762048973,25.162972533162872,36.337052779787406,0.0,0.0,0.0,0.0,0.0,4.39041504767482,0.0,11.336785877934735,30.33183534230805,53.443011440325044,16.17511601032861,6.606881964512918,29.553387580837693,11.336785877934735,0.0,0.0,0.0,43.86439076135814,6.606881964512918,81.98202612599269,10.440598685398296,0.0,4.39041504767482,0.0,11.336785877934735,51.44885709486894,11.157684576726059,12.740958040736519,27.67146805654059,54.59730361615449,0.0,10.440598685398296
COC(=O)C1C2CC3c4[nH]c5cc(OC)ccc5c4CCN3CC2CC(OC(=O)c2cc(OC)c(OC)c(OC)c2)C1OC,0,256.1734234680975,38.14201919754755,17.957444608780513,11.49902366656781,5.749511833283905,0.0,11.938610575903697,9.694446914922299,4.794537184071822,0.0,0.0,0.0,60.927196726644254,42.862530348493806,53.07218607339401,42.747115044743985,22.841535507984755,0.0,9.883888251797686,17.75371813848418,37.51223847342259,55.74829805949034,47.1526663205505,22.99804733313562,18.947451815200196,0.0,22.99804733313562,0.0,89.77872966268832,25.425947668397978,17.75371813848418,40.49885223731425,30.33183534230805,0.0,10.902924932081056
O=C(Nc1c(Cl)cncc1Cl)c1ccc(OC(F)F)c(OCC2CC2)c1,0,157.76804484163927,14.790514511606428,0.0,11.49902366656781,0.0,5.907179729351506,6.611505086446099,9.778515705019029,0.0,8.78083009534964,0.0,23.20187978046503,36.958650497398246,17.957138634923147,22.339534866679134,23.04909318702156,34.7964457845001,0.0,4.983978520947208,5.917906046161393,19.45314833229812,11.923670568519249,46.20150646779063,11.49902366656781,14.790514511606428,14.468216370033202,11.49902366656781,23.20187978046503,24.10954530125773,0.0,5.917906046161393,23.19963192162084,30.59278834861098,10.045266627482652,0.0
CC(=O)Oc1cc2c(s1)CCN(C(C(=O)C1CC1)c1ccccc1F)C2,0,155.12857793560414,4.736862953800049,5.817220841045894,10.846452481653149,0.0,0.0,5.9693052879518484,14.48898409899412,4.39041504767482,0.0,11.336785877934735,18.19910120538483,36.958650497398246,36.371754743075456,6.041840829147961,18.716352369618512,23.089336112251523,0.0,4.899909730850477,5.917906046161393,38.77279930352919,6.544756405912575,52.153106360449236,5.0632075352882095,4.736862953800049,4.39041504767482,5.0632075352882095,11.336785877934735,23.19721637107984,22.554652396982227,11.735126887207286,41.8112714517859,30.33183534230805,0.0,0.0
CCc1nc(-c2cccc(C)c2)c(-c2ccnc(NC(=O)c3ccccc3)c2)s1,0,173.85349771123177,5.316788604006331,5.817862777835028,0.0,0.0,5.907179729351506,0.0,4.794537184071822,9.967957041894415,0.0,11.336785877934735,48.88539110215728,49.239845656621675,17.323746555007066,15.578698885402526,4.794537184071822,23.061828385121267,0.0,9.967957041894415,0.0,20.268296022307258,5.316788604006331,89.06140800493756,21.697978171943753,5.316788604006331,5.817862777835028,0.0,11.336785877934735,15.87513677124592,6.4208216229260096,6.923737199690624,27.8528010640092,72.9268813246908,0.0,21.697978171943753
CCC1C(O)C2C3CCC(C(C)CCC(=O)O)C3(C)CCC2C2(C)CCC(O)CC12,0,182.38370263025962,15.319582184522117,0.0,0.0,0.0,0.0,5.9693052879518484,4.794537184071822,0.0,0.0,0.0,34.11577042168851,103.6218962453314,6.4208216229260096,12.207932775496605,20.11411936859394,5.9693052879518484,0.0,0.0,52.2553232619233,104.11109780351921,0.0,0.0,0.0,0.0,0.0,0.0,0.0,33.49682024797057,4.794537184071822,52.2553232619233,91.90316502802261,0.0,0.0,0.0
O=C(O)c1cc(N=Nc2ccc(S(=O)(=O)Nc3ccccn3)cc2)ccc1O,0,159.6375871519161,10.213054789681411,17.130826102815927,0.0,0.0,10.023291153407584,5.9693052879518484,4.722094864452088,18.196312689347966,10.228500251258795,0.0,6.06636706846161,54.59730361615449,6.196843571613076,16.2702560248849,23.425388958082173,33.185231768561586,0.0,4.983978520947208,10.228500251258795,4.895483475517775,4.722094864452088,72.42396574792619,5.749511833283905,4.722094864452088,17.192635327202154,5.749511833283905,0.0,29.584135582909404,10.023291153407584,0.0,10.357988675768818,81.98449798300575,0.0,0.0
Cc1cc(SCc2sc(-c3ccc(C(F)(F)F)c(F)c3)nc2C)ccc1OCC(=O)O,0,183.4498081881795,9.843390348640755,16.574356371182564,6.606881964512918,0.0,0.0,12.145603805395323,0.0,14.16893075269385,13.171245143024459,23.09867082732585,6.06636706846161,49.74276123338629,21.08893576766286,11.257379486545457,32.19958772341185,29.0679761152777,0.0,4.983978520947208,0.0,30.672109999089287,6.606881964512918,63.913401423759304,16.320587021833667,4.736862953800049,17.56166019069928,5.749511833283905,23.09867082732585,22.666693168252678,16.723689308262085,19.664695240427143,21.697978171943753,41.293685886287435,0.0,10.571075188549761
Cc1cn(C2C=CC(CO)O2)c(=O)[nH]c1=O,0,90.8057122504419,9.843390348640755,6.103966387748303,6.22790117073487,0.0,5.559266895052007,5.689743398203474,14.345615352810384,4.794537184071822,0.0,0.0,6.076020106833881,12.999757306524504,11.760295063310071,6.606881964512918,9.843390348640755,0.0,0.0,9.551078168738563,0.0,19.255604758173796,6.606881964512918,44.75041993837695,0.0,11.24901029325548,0.0,0.0,0.0,27.368453915840487,4.736862953800049,6.923737199690624,11.791352662431866,27.93795815342448,0.0,0.0
CNC(=O)c1c(F)cccc1Nc1nc(Nc2cc3c(cc2OC)CCN3C(=O)CN(C)C)nc2[nH]ccc12,1,223.9257390460593,35.47102674846721,23.031772672932554,0.0,11.855519010338,5.907179729351506,0.0,9.589074368143644,4.39041504767482,9.967957041894415,0.0,6.06636706846161,56.41145242228543,25.476658234886404,35.97900220271902,18.716352369618512,51.67612177680775,0.0,25.16863389769843,0.0,6.4208216229260096,56.875813239997385,59.53916980682262,5.749511833283905,25.58713849666952,33.21877593054703,5.749511833283905,0.0,73.00853105352935,11.21535880699783,5.817220841045894,15.921440167465814,42.595045982382736,0.0,11.033401435232523
Nc1nc(F)nc2c1ncn2C1OC(CO)C(O)C1O,1,111.01169550616899,25.790112615484354,18.31189916324491,23.209641886953886,0.0,0.0,6.078173847348825,4.567099647791355,4.983978520947208,14.358372089569235,0.0,0.0,0.0,0.0,12.934202039277459,24.446860185996982,16.981740716219015,0.0,19.51903521063298,0.0,24.539800333979777,12.340549441675103,12.405493922113367,0.0,5.733667477162185,10.208277825509848,0.0,0.0,59.75739852291291,4.736862953800049,6.078173847348825,6.22790117073487,6.3273200747645415,0.0,11.16387793838399
CCOc1cc(CC(=O)NC(CC(C)C)c2ccccc2N2CCCCC2)ccc1C(=O)O,0,196.49731692358273,20.06008868349756,11.3129633249809,0.0,5.907179729351506,0.0,5.9693052879518484,4.794537184071822,4.794537184071822,0.0,0.0,38.112942673227685,67.85093392633489,18.776899086508713,19.06954441658689,19.432464716784395,17.563871291986917,0.0,5.316788604006331,5.917906046161393,58.917160542849885,24.596304507188545,59.15492395432226,5.749511833283905,14.953561288656857,5.687386274683562,5.749511833283905,0.0,36.67940718848213,11.21535880699783,5.917906046161393,73.9812305790867,42.46456947923127,0.0,0.0
NC1(C(=O)NC(CCO)c2ccc(Cl)cc2)CCN(c2ncnc3[nH]ccc23)CC1,1,179.0058747461893,26.04087172780691,17.7923600733673,0.0,5.907179729351506,0.0,0.0,4.794537184071822,9.967957041894415,0.0,0.0,23.733674027155736,43.025017565859855,30.91587166169247,16.9669902959961,9.901064578912528,34.359383832651574,0.0,20.268724166847953,5.733667477162185,30.843230950309334,24.596304507188545,53.442083794123995,0.0,15.950365812018994,5.817862777835028,0.0,11.600939890232516,51.200962715755246,4.794537184071822,0.0,30.867757189622985,42.85599898868566,5.022633313741326,11.033401435232523
C[N+]1(C)[C@@H]2C[C@@H](OC(=O)C(O)(c3cccs3)c3cccs3)C[C@H]1[C@@H]1O[C@@H]12,0,159.91874513221123,19.063284160135428,30.395580821540825,0.0,5.601050810983688,0.0,5.9693052879518484,0.0,4.794537184071822,0.0,22.67357175586947,12.13273413692322,22.89285967785505,12.841643245852019,23.849638352756976,23.857821344207252,28.642877043821322,0.0,0.0,0.0,48.83827487837653,14.09534396535438,44.779888202180864,0.0,0.0,0.0,0.0,22.67357175586947,60.04978832738238,19.869313902655605,0.0,22.595937633254618,35.02559381477827,0.0,0.0
CNc1ncc2cc(-c3cc(NC(=O)NCCC(C)(C)C)c(F)cc3C)c(C)nc2n1,1,181.45517099789595,15.950365812018994,5.817220841045894,5.647177220767728,5.948339280986494,0.0,6.031114512338072,0.0,19.152909273641058,4.983978520947208,0.0,20.771211599071872,55.00929068048285,36.432875661213096,5.687386274683562,9.184952231746642,28.70024150324065,0.0,20.268724166847953,5.414990469396779,41.03950762137913,24.226005596602427,41.470545104589256,11.126902983393991,15.950365812018994,20.8206777874167,0.0,0.0,34.57547846376946,0.0,25.07968570982392,38.449412708543335,24.395944776997904,0.0,22.160304418626513
COC(=O)C(Cc1ccccc1)NC(=O)C(N)CC(=O)O,0,121.6330381971248,20.893846429809273,6.041840829147961,0.0,5.907179729351506,0.0,11.938610575903697,9.589074368143644,4.794537184071822,0.0,0.0,30.33183534230805,5.563451491696996,6.4208216229260096,19.572459993351504,24.227001900856216,17.845790305255203,0.0,5.316788604006331,5.733667477162185,24.925324904147942,7.109797541277533,35.89528683400505,0.0,11.050456081168516,0.0,0.0,0.0,42.145796899669364,25.54129612894152,0.0,11.984273114623004,30.33183534230805,0.0,0.0
C[N+](C)(C)CCOC(N)=O,0,61.14872478317464,14.953561288656857,13.151638370425493,0.0,0.0,0.0,6.093240070938415,0.0,4.794537184071822,0.0,0.0,0.0,0.0,0.0,21.143015948031568,14.014430995566496,6.093240070938415,0.0,0.0,5.733667477162185,0.0,34.29465431845706,0.0,0.0,5.733667477162185,4.794537184071822,0.0,0.0,44.8709252470901,4.736862953800049,0.0,0.0,0.0,0.0,0.0
COc1cc2ncnc(Nc3ccc(O)c(Br)c3)c2cc1OC,0,140.77807604844165,19.897041906447136,17.894694685883476,11.49902366656781,0.0,0.0,0.0,0.0,9.967957041894415,0.0,0.0,0.0,40.19541217179579,17.139977557609967,24.209015316003743,14.580253302440804,38.338117882549,0.0,9.967957041894415,0.0,0.0,19.536383686561397,41.131874932905006,17.248535499851716,14.790514511606428,11.50524905251859,17.248535499851716,15.929943897949348,29.29407951929019,0.0,0.0,0.0,41.131874932905006,0.0,10.902924932081056
c1cnc2cc3c(cc2n1)C1CNC[C@@H]3C1,0,93.91527406165781,5.316788604006331,0.0,0.0,0.0,0.0,0.0,9.967957041894415,0.0,0.0,0.0,0.0,41.516270835566004,25.483199955051305,11.033401435232523,0.0,11.033401435232523,0.0,15.284745645900745,0.0,18.256633715248796,13.08951281182515,35.65332426354336,0.0,5.316788604006331,0.0,0.0,0.0,23.057469853719567,0.0,0.0,29.38353669864279,24.52642128014937,0.0,11.033401435232523
COc1ccc(C=Cc2cc(OC)c(OC)c(OC)c2)cc1OP(=O)(O)O,0,156.6943513061579,23.471198976912014,0.0,22.99804733313562,5.749511833283905,0.0,7.822697123132171,9.78682320550495,4.565048284931329,0.0,0.0,18.218407282129373,35.392371257240434,0.0,28.439190165110134,37.82307046734829,19.974737336799933,0.0,0.0,0.0,0.0,28.439190165110134,41.45873832570204,28.747559166419524,23.471198976912014,0.0,28.747559166419524,7.822697123132171,38.22601337061508,4.565048284931329,0.0,11.126902983393991,30.33183534230805,0.0,12.152040213667762
COc1ccc(C2Sc3ccccc3N(CCN(C)C)C(=O)C2OC(C)=O)cc1,0,175.32499934087113,19.273545369301054,5.749511833283905,6.103966387748303,0.0,5.907179729351506,5.9693052879518484,9.589074368143644,0.0,0.0,11.761884949391115,24.26546827384644,43.92426373089781,24.90873348703355,18.04712184594327,19.06280027574374,29.32575624137803,0.0,4.899909730850477,0.0,23.17312509293888,39.19456404930754,54.09438803938988,5.749511833283905,9.636772684650527,5.687386274683562,5.749511833283905,11.761884949391115,57.17501545435919,14.325937321943691,0.0,17.737126721369794,53.42642002321065,0.0,0.0
Cc1cc(NS(=O)(=O)c2ccc(N)cc2)no1,0,98.46930176378612,10.256762414135533,5.7602474188744415,5.817862777835028,0.0,10.023291153407584,0.0,4.722094864452088,8.417796984328938,0.0,0.0,5.156663257125445,31.18920547353706,11.753753343145172,4.895483475517775,12.940891921302285,21.528540205926173,0.0,5.156663257125445,0.0,11.819220675208399,10.455762341614273,36.09208276118249,0.0,10.455762341614273,11.50524905251859,0.0,0.0,13.574460241454382,10.023291153407584,6.923737199690624,5.7602474188744415,39.750413754799176,0.0,0.0
NC(=O)N1CCC(CC(=O)N2CCC(C3c4ncc(Br)cc4CCc4cc(Cl)cc(Br)c43)CC2)CC1,0,233.75068935193693,15.533486938863138,0.0,0.0,5.907179729351506,0.0,6.031114512338072,9.778515705019029,4.794537184071822,0.0,0.0,27.530883788181864,101.18014140830402,58.68266920975693,5.693927994848461,9.589074368143644,55.399121927820794,0.0,14.783797982648162,17.56947956948497,50.86365740664347,26.1790256236503,60.74829959234351,0.0,5.733667477162185,4.794537184071822,0.0,43.46082768613121,52.90111784798803,17.63618042992384,11.835812092322787,60.40629663073089,33.341383808662734,5.022633313741326,0.0
CC(=O)N(O)CCCCCNC(=O)CCC(=O)N(O)CCCCCNC(=O)CCC(=O)N(O)CCCCCN,0,230.26940510342789,16.367244685174846,0.0,0.0,29.535898646757527,0.0,0.0,39.594444994690974,15.189653174896048,0.0,0.0,6.4208216229260096,57.91132938932066,65.33080572095754,0.0,39.594444994690974,29.535898646757527,0.0,25.823230382908708,5.733667477162185,90.39441829772878,39.26853843547545,0.0,0.0,16.367244685174846,0.0,0.0,0.0,99.61584933146092,23.97268592035911,0.0,90.39441829772878,0.0,0.0,0.0
N=C(N)NC(=O)Cc1c(Cl)cccc1Cl,0,96.86938789637945,5.733667477162185,0.0,5.959554568743835,5.907179729351506,0.0,0.0,15.520609393869673,0.0,0.0,0.0,29.268246848926644,17.696185628620217,10.045266627482652,6.4208216229260096,4.794537184071822,35.06861407856037,5.409283605791522,5.316788604006331,5.733667477162185,6.4208216229260096,0.0,33.80781932456448,0.0,11.050456081168516,0.0,0.0,23.20187978046503,11.866734298095341,11.21535880699783,5.409283605791522,5.563451491696996,18.19910120538483,10.045266627482652,0.0
NC(=O)c1cc[n+](CC2=C(C(=O)O)N3C(=O)C(NC(=O)C(c4ccccc4)S(=O)(=O)[O-])[C@H]3SC2)cc1,1,209.0728694508239,20.709733349699583,27.23087981420609,24.188381579120904,11.814359458703011,5.907179729351506,5.9693052879518484,19.28352128306594,17.779433816192114,0.0,11.761884949391115,30.33183534230805,5.563451491696996,23.458692273739274,5.563451491696996,41.822322636938644,45.57085628443104,0.0,10.216698334856808,5.733667477162185,23.210408078011447,5.752853606746789,77.25530344897652,0.0,15.617555728959871,0.0,0.0,11.761884949391115,63.83639570858034,31.046494817161594,0.0,21.171378197447986,66.12840046558253,0.0,0.0
CNC(C)C(=O)NC1CN(C(=O)CC(C)C)CC[C@H]2CCC(C(=O)NC(c3ccccc3)c3ccccc3)N2C1=O,1,242.59101959784053,25.750185273719946,12.083681658295921,0.0,23.628718917406022,0.0,0.0,19.178148736287287,0.0,0.0,0.0,74.51114508399735,50.27868308070123,25.552175263899123,12.083681658295921,19.178148736287287,23.628718917406022,0.0,25.750185273719946,5.917906046161393,76.66370223651572,20.13718479450234,71.7905736680101,0.0,15.950365812018994,0.0,0.0,0.0,77.73308649020116,19.178148736287287,5.917906046161393,63.62324190331786,60.6636706846161,0.0,0.0
Cc1cc(C(C#N)c2ccc(Cl)cc2)c(Cl)cc1NC(=O)c1cc(I)cc(I)c1O,0,211.03376640237857,10.423315998847038,5.749511833283905,0.0,0.0,5.907179729351506,0.0,4.794537184071822,0.0,5.261891554738487,0.0,41.40098098584986,99.12766827122577,19.30283517323161,21.120761121716058,9.901064578912528,79.97818703863621,5.261891554738487,0.0,0.0,12.841643245852017,5.316788604006331,87.97037368409431,11.818733146076179,5.316788604006331,5.687386274683562,5.749511833283905,68.38362103460115,11.013707124192212,0.0,25.395214609352173,32.9662491970212,48.53093654769288,10.045266627482652,0.0
CC(C)(C)NCC(O)COc1cccc2c1CCC(=O)N2,0,125.24401855889657,20.476967556653417,18.460360185545124,0.0,5.907179729351506,0.0,0.0,4.794537184071822,0.0,0.0,0.0,6.06636706846161,39.32476735892111,29.755341047602485,0.0,14.637927532712578,11.594566004035068,0.0,5.316788604006331,0.0,45.25574648505554,18.468426974431825,23.762552697081826,5.749511833283905,15.37044016181271,5.687386274683562,5.749511833283905,0.0,35.808237134749355,11.21535880699783,0.0,32.75548471369488,18.19910120538483,0.0,0.0
O=S(=O)(c1ccccc1)N(CC(F)(F)F)c1ccc(C(O)(C(F)(F)F)C(F)(F)F)cc1,0,169.1178698386946,5.106527394840706,6.544756405912575,0.0,0.0,15.624341964391272,18.528895552330425,4.305215991296233,8.417796984328938,39.513735429073385,0.0,30.33183534230805,24.26546827384644,5.563451491696996,10.582869750201336,53.03805980824303,15.710677428091145,0.0,0.0,0.0,29.025429838831883,10.84997239720881,60.160755107851486,0.0,4.305215991296233,45.20112170375695,0.0,0.0,38.597976337412646,15.624341964391272,0.0,5.563451491696996,59.49278709167226,0.0,0.0
Oc1cccc(-c2nc(N3CCOCC3)c3oc4ncccc4c3n2)c1,0,148.4266495519112,19.160451016544577,11.266212550900168,17.225287417477197,5.713496644793708,0.0,0.0,0.0,14.951935562841623,0.0,0.0,12.13273413692322,24.26546827384644,24.849807875135223,18.59998814349063,14.260541285694103,28.01730449635204,0.0,14.951935562841623,0.0,0.0,31.203186471701464,42.595045982382736,17.137367822980828,4.899909730850477,5.817862777835028,5.749511833283905,0.0,46.36173969853331,4.736862953800049,0.0,0.0,47.012196919436086,0.0,33.58729770821393
Oc1c(Br)cc(Br)c2cccnc12,0,91.86204459565741,5.106527394840706,5.516700717616262,5.749511833283905,0.0,0.0,0.0,4.983978520947208,0.0,0.0,0.0,21.99631096641096,28.06267803487257,16.055787301910286,4.472719515832414,5.106527394840706,42.76281272797975,0.0,4.983978520947208,0.0,0.0,0.0,33.341383808662734,5.749511833283905,0.0,0.0,5.749511833283905,31.859887795898697,10.090505915787913,0.0,0.0,0.0,33.341383808662734,0.0,10.902924932081056
CN(C)C1CCN(C(=O)c2ccc(NC(=O)Nc3ccc(-c4nc(N5CCOCC5)nc(N5CCOCC5)n4)cc3)cc2)CC1,1,263.08025166575,39.70694203901467,0.0,5.824404497999927,11.896678561972989,5.907179729351506,6.031114512338072,4.794537184071822,4.794537184071822,14.951935562841623,0.0,0.0,75.46792375889927,67.81205479738452,26.427527858051672,19.06280027574374,35.20974535302969,0.0,24.75175502454258,0.0,18.88348407499998,100.22480692859513,54.09438803938988,11.387855989696924,20.433396669713616,28.065988295411938,0.0,0.0,122.52330035426164,9.473725907600098,0.0,23.199631921620835,48.53093654769288,0.0,11.387855989696924
[Mn+2],0,17.964098032124472,0.0,0.0,0.0,0.0,0.0,17.068678152405656,0.0,0.0,0.0,0.0,0.0,0.0,0.0,0.0,17.068678152405656,0.0,0.0,0.0,0.0,0.0,0.0,0.0,0.0,0.0,0.0,0.0,0.0,0.0,17.068678152405656,0.0,0.0,0.0,0.0,0.0
OCC(O)C(O)C(O)C(O)CO,0,69.32936411298864,30.63916436904423,24.41586555099321,0.0,0.0,0.0,0.0,0.0,0.0,0.0,0.0,0.0,0.0,0.0,13.213763929025836,30.63916436904423,0.0,0.0,0.0,0.0,24.41586555099321,13.213763929025836,0.0,0.0,0.0,0.0,0.0,0.0,68.26879384906327,0.0,0.0,0.0,0.0,0.0,0.0
Nc1cc(C(F)(F)F)c(-c2cc(N3CCOCC3)nc(N3CCOCC3)n2)cn1,0,165.00351269612347,25.007212846463236,11.635725555670057,0.0,5.948339280986494,0.0,6.176298517443475,0.0,9.967957041894415,18.155223663971668,0.0,0.0,6.06636706846161,44.00568775542199,37.68490734459713,22.644971050624555,17.58406483665655,0.0,14.951935562841623,0.0,6.176298517443475,68.1400404205651,23.893029200233293,11.257379486545457,15.533486938863138,30.755309979681012,0.0,0.0,67.55848904454358,15.650024425043572,0.0,5.563451491696996,18.3295777085363,0.0,11.257379486545457
CCC1=CC(C)C[C@H](C)C[C@H](OC)[C@H]2O[C@@](O)(C(=O)C(=O)N3CCCCC3C(=O)O[C@H](/C(C)=C/[C@@H]3CC[C@H](Cl)[C@H](OC)C3)[C@H](C)[C@@H](O)CC1=O)[C@H](C)C[C@@H]2OC,0,338.52967110318826,38.797279289532135,18.249773604644567,5.783244946364939,5.7871111525705965,11.690424675716445,5.9693052879518484,14.383611552215466,4.794537184071822,0.0,11.600939890232516,46.77072621212088,100.03188062757346,46.130782744993965,29.79295341919893,53.075518294968944,35.043914800265746,0.0,4.899909730850477,29.589530230806965,166.00129922674395,27.874149029745176,23.298249273806295,0.0,0.0,0.0,0.0,11.600939890232516,120.25992663672437,42.86246350528753,29.589530230806965,112.17146105032987,23.298249273806295,0.0,0.0
C[S+]([O-])c1ccc(-c2nc(-c3ccc(F)cc3)c(-c3ccncc3)[nH]2)cc1,0,158.876010653502,9.53672839463757,17.897394522557224,4.895483475517775,0.0,0.0,0.0,4.983978520947208,9.374393568622027,0.0,0.0,0.0,71.8395251580014,29.08404161831714,11.387855989696922,8.943164921365184,11.175854473385288,0.0,14.951935562841623,0.0,4.895483475517775,6.255769183511404,78.87457866888816,33.90261496278784,0.0,4.39041504767482,0.0,0.0,25.76045462004339,11.175854473385288,5.817220841045894,0.0,77.95284130336005,0.0,33.90261496278784
COc1cc(Cc2cnc(N)nc2N)cc(OC)c1OC,0,122.40797882758649,25.67792381572452,5.817862777835028,11.49902366656781,11.6978511142704,0.0,0.0,0.0,4.983978520947208,4.983978520947208,0.0,0.0,17.696185628620217,18.18111668623608,21.3293926238326,14.210588861400147,11.766202058821523,0.0,9.967957041894415,0.0,6.4208216229260096,32.796727578156975,29.456480691930288,17.248535499851716,25.67792381572452,11.766202058821523,17.248535499851716,0.0,31.297349665727015,6.4208216229260096,0.0,11.126902983393991,18.329577708536295,0.0,0.0
COc1ccc(-c2cc(=O)c3c(O)cc(OC4OC(COC5OC(C)C(O)C(O)C5O)C(O)C(O)C4O)cc3o2)cc1O,0,242.7906821265489,68.95368486477923,70.9562801557874,23.217840787803564,6.290026729335213,0.0,0.0,4.794537184071822,0.0,0.0,0.0,0.0,25.122838405075456,23.762552697081826,19.820645893538753,68.95368486477923,10.969244356107037,0.0,0.0,0.0,68.33552176034746,13.716679505790452,46.621529986742026,34.321746243707054,14.90251629950064,0.0,22.99804733313562,0.0,115.98068322517295,14.210588861400147,0.0,6.923737199690624,45.609890531894834,0.0,22.292943266678478
CC(=O)C(C#N)C(=O)Nc1cc(Br)ccc1Br,0,115.256694967927,5.316788604006331,0.0,11.701150992526333,5.907179729351506,0.0,0.0,9.589074368143644,0.0,5.261891554738487,0.0,15.929943897949348,41.0527823030248,8.945439031664828,11.756607587475836,9.589074368143644,49.237698746298705,5.261891554738487,0.0,5.917906046161393,6.923737199690624,5.316788604006331,27.144540237049657,6.069221312792274,5.316788604006331,5.687386274683562,0.0,31.859887795898697,11.690424675716445,9.589074368143644,17.249018913692154,6.923737199690624,27.144540237049657,0.0,0.0
CNC(=O)C(NC(=O)C(CC(C)C)C(O)C(O)=NO)C(C)(C)C,0,136.50327143861182,26.053885022471366,12.145807216896262,0.0,11.814359458703011,5.897745344357611,0.0,9.589074368143644,0.0,0.0,0.0,39.77439872520365,17.75371813848418,7.04767198267719,5.917906046161393,25.009382182602348,17.712104803060623,0.0,10.633577208012662,22.406515288470104,53.18531483827539,7.04767198267719,0.0,0.0,10.633577208012662,0.0,0.0,0.0,52.32589181709277,9.589074368143644,17.250802561719567,41.03950762137913,5.15571272675054,0.0,0.0
NC(=O)c1cnccn1,1,51.73705399284306,5.733667477162185,5.693927994848461,0.0,0.0,5.907179729351506,0.0,9.778515705019029,4.983978520947208,0.0,0.0,0.0,0.0,12.393687143226153,6.196843571613076,4.794537184071822,5.907179729351506,0.0,9.967957041894415,5.733667477162185,0.0,0.0,24.28445870968769,0.0,5.733667477162185,0.0,0.0,0.0,15.87513677124592,0.0,0.0,10.488465178920283,18.59053071483923,0.0,0.0
NC(C(=O)NC1C(=O)N2C(C(=O)O)=C(Cl)CSC12)c1ccccc1,0,146.36937966522203,16.156983476009223,23.154593784320497,0.0,5.907179729351506,5.907179729351506,5.9693052879518484,14.48898409899412,4.794537184071822,0.0,11.761884949391115,41.932775232540564,5.563451491696996,5.752853606746789,5.032286352113597,19.490138947056174,41.14648958627849,0.0,10.216698334856808,5.733667477162185,17.45755447126466,5.752853606746789,46.624612499174475,0.0,11.050456081168516,0.0,0.0,23.36282483962363,44.95866912120953,14.383611552215466,0.0,11.605292320844956,41.06116100747748,0.0,0.0
CCC1OC(=O)C(C)C(OC2CC(C)(OC)C(O)C(C)O2)C(C)C(OC2OC(C)CC(N(C)C)C2O)C(C)(O)CC(C)CN(C)C(C)C(O)C1(C)O,0,311.5582453783882,63.75363415870476,30.016916361976897,12.580053458670426,0.0,0.0,5.9693052879518484,4.794537184071822,0.0,0.0,0.0,20.771211599071872,94.78954726080535,38.07696327457343,41.535873219121974,58.748351881075635,5.9693052879518484,0.0,9.799819461700954,17.75371813848418,185.21927714051412,34.79756989522168,0.0,0.0,0.0,0.0,0.0,0.0,166.39795027098182,33.215714906872115,17.75371813848418,94.92065848861026,0.0,0.0,0.0
S=P(N1CC1)(N1CC1)N1CC1,0,72.11451460594036,0.0,6.489981155977373,0.0,0.0,0.0,0.0,0.0,14.011248569763898,0.0,0.0,0.0,11.806856088638648,39.26853843547545,0.0,0.0,18.29683724461602,0.0,14.011248569763898,0.0,0.0,39.26853843547545,0.0,0.0,0.0,0.0,0.0,6.489981155977373,53.27978700523934,11.806856088638648,0.0,0.0,0.0,0.0,0.0
CC=Cc1ccc(OC)cc1,0,67.31511377440602,4.736862953800049,5.749511833283905,0.0,0.0,0.0,0.0,0.0,0.0,0.0,0.0,24.284774350590983,24.619922828310838,0.0,7.109797541277533,4.736862953800049,6.076020106833881,0.0,0.0,0.0,6.923737199690624,7.109797541277533,35.90493987237732,5.749511833283905,4.736862953800049,0.0,5.749511833283905,0.0,7.109797541277533,0.0,0.0,12.487188691387619,30.34148838068032,0.0,6.076020106833881
COc1c(O)cc2c(O)c1C=C(C)CC(OC)C(O)C(C)C=C(C)C(OC(N)=O)C(OC)C=CC=C(C)C(=O)N2,1,234.11050772367653,45.317490080890835,11.853478221032208,17.602990054316113,0.0,5.907179729351506,6.093240070938415,4.794537184071822,4.794537184071822,0.0,0.0,36.800922157095414,38.84115785890103,31.776972727247337,30.568568083154695,43.85610836786596,23.763826181807364,0.0,0.0,11.651573523323577,58.5316359726817,26.64618122783893,52.65321257770193,17.248535499851716,15.787319034968565,10.481923458755384,17.248535499851716,0.0,73.06526015963784,19.005126045471968,5.917906046161393,39.679221913385504,47.089761086004934,0.0,6.076020106833881
Cc1ccc(-n2[nH]c(C)c(N=Nc3cccc(-c4cccc(C(=O)O)c4)c3O)c2=O)cc1C,0,189.027977201205,10.213054789681411,5.687386274683562,11.436898107967467,0.0,5.559266895052007,5.9693052879518484,9.893218992372859,9.476340119217006,0.0,10.228500251258795,30.33183534230805,67.7934014164709,5.563451491696996,16.944765761229018,15.007591973753234,17.344077837318974,0.0,9.780484743446221,10.228500251258795,20.771211599071872,0.0,93.40175723367939,22.56380109136146,5.559266895052007,11.374772549367124,5.749511833283905,0.0,25.96284482107948,0.0,20.771211599071872,27.178819654011267,75.68670811994673,0.0,16.814289258077554
NS(=O)(=O)NCCNc1nonc1C(=NO)Nc1ccc(F)c(Br)c1,0,149.28196990324145,15.840830232789951,5.817220841045894,5.693927994848461,11.653482563592299,10.209329170397666,0.0,0.0,18.880522586628196,8.417796984328938,0.0,5.15571272675054,44.44237161758507,18.776899086508713,4.472719515832414,22.644503993674398,43.480141906622876,0.0,15.035421378702978,10.294686464358481,0.0,23.723090019837812,34.1829695571116,0.0,20.49464581007269,15.89566410019341,0.0,15.929943897949348,42.86350912093953,10.209329170397666,5.817220841045894,5.693927994848461,32.45657238486113,0.0,0.0
CC(=O)Oc1c(C)c(C)c2c(c1C)CC[C@@](C)(CCC[C@H](C)CCC[C@H](C)CCCC(C)C)O2,0,209.93773738494053,9.473725907600098,17.100074477551498,0.0,0.0,0.0,5.9693052879518484,4.794537184071822,0.0,0.0,0.0,72.64070015924456,87.82230790404171,12.487188691387619,0.0,14.268263091671919,5.9693052879518484,0.0,0.0,17.75371813848418,138.54372346038545,0.0,22.253805966787983,11.49902366656781,9.473725907600098,0.0,11.49902366656781,0.0,11.570356098935537,11.21535880699783,38.52492973755605,128.00444539419183,0.0,0.0,0.0
CCCCS(=O)(=O)NC(Cc1ccc(OCCCCC2CCNCC2)cc1)C(=O)O,0,180.19444713769127,15.160178952647085,11.791352662431866,0.0,10.023291153407584,0.0,5.9693052879518484,4.794537184071822,13.139891848781026,0.0,0.0,31.898114582465862,75.22853422416281,0.0,12.359735571259707,23.05572451704151,15.992596441359431,0.0,10.038883468458419,5.917906046161393,64.33215101224668,25.449248383084857,29.828919765543436,5.749511833283905,14.775746422258468,0.0,5.749511833283905,0.0,50.984718879354304,21.238649960405414,5.917906046161393,57.43294005186969,24.26546827384644,0.0,0.0
CC(C)(O)CNc1nc(Nc2ccnc(C(F)(F)F)c2)nc(-c2cccc(C(F)(F)F)n2)n1,0,182.72065465970667,15.740104602853368,17.081783984545382,5.824404497999927,11.896678561972989,0.0,12.35259703488695,4.983978520947208,4.983978520947208,41.29442584889054,0.0,6.06636706846161,38.112942673227685,18.428986252209214,5.601050810983688,31.449017680889625,17.58406483665655,0.0,24.919892604736038,0.0,31.801122245251882,17.178333613925236,47.91653490361804,11.518332492848387,10.633577208012662,43.92655512270548,0.0,0.0,42.172227216473004,12.35259703488695,0.0,25.23533038907817,36.52867891392113,0.0,11.518332492848387
O=c1n(CCCN2CCN(c3cccc(Cl)c3)CC2)nc2ccccn12,0,156.7575980522456,4.899909730850477,0.0,5.647177220767728,0.0,0.0,5.689743398203474,9.30060433711227,9.476340119217006,0.0,5.098681808301038,23.733674027155736,36.75265696523406,56.17540159551341,0.0,0.0,22.935503385683806,0.0,19.081089080558492,0.0,12.965578028838586,37.62369176041335,64.16832694686096,0.0,10.58965312905395,5.687386274683562,0.0,11.600939890232516,51.80487111012137,6.544756405912575,0.0,6.4208216229260096,53.45595023491617,5.022633313741326,5.647177220767728
OCCN1CCN(CCCN2c3ccccc3Sc3ccc(C(F)(F)F)cc32)CC1,0,178.81970715941875,14.90634685654166,0.0,0.0,0.0,0.0,6.176298517443475,4.899909730850477,0.0,13.171245143024459,0.0,23.894619086314336,43.29741337114663,49.05950538651099,23.545106005577036,18.277772537865165,23.13665749875824,0.0,9.799819461700954,0.0,22.388087091405033,57.32008653675141,48.02802097092827,0.0,4.899909730850477,24.546017692391583,0.0,11.761884949391115,67.3265236624426,6.176298517443475,0.0,11.984273114623004,52.25553643026682,0.0,0.0
CC(=O)Nc1ccc(C(=O)Nc2ccccc2N)cc1,0,116.34598293306716,16.367244685174846,0.0,0.0,5.907179729351506,5.907179729351506,0.0,9.589074368143644,0.0,0.0,0.0,12.13273413692322,36.39820241076966,18.17457496607118,11.374772549367124,9.589074368143644,28.876518282753697,0.0,0.0,0.0,6.923737199690624,16.367244685174846,54.09438803938988,0.0,16.367244685174846,17.062158824050687,0.0,0.0,11.814359458703011,4.794537184071822,0.0,17.28172587545944,48.53093654769288,0.0,0.0
O=C1c2ccccc2C(=O)C1c1ccccc1,0,98.90053671530914,0.0,5.917906046161393,11.566489892729878,0.0,0.0,0.0,9.589074368143644,0.0,0.0,0.0,54.59730361615449,5.563451491696996,11.126902983393991,0.0,9.589074368143644,11.566489892729878,0.0,0.0,0.0,5.917906046161393,0.0,71.28765809124549,0.0,0.0,0.0,0.0,0.0,11.566489892729878,0.0,0.0,32.197334889396025,54.59730361615449,0.0,0.0
CCN1CCN(c2cc3c(cc2F)c(=O)c(C(=O)O)cn3C2CC2)CC1,1,149.98292665129816,19.473446504333015,11.38067233274289,0.0,5.428790391900541,0.0,5.9693052879518484,4.794537184071822,9.184952231746642,0.0,0.0,6.923737199690624,31.519133788687814,43.80393423887613,11.204086992299825,14.291479626587348,22.55961649471647,0.0,9.467009378641832,0.0,25.807221274690605,37.62369176041335,39.933577617251544,0.0,10.328700122751018,10.077801322358383,0.0,0.0,53.266624090997254,0.0,5.817220841045894,36.16520995045942,23.12411489260812,0.0,10.902924932081056
CCC1=C[C@H]2CN3CCc4c([nH]c5ccccc45)[C@@](C(=O)OC)(C2)[C@@H]13,0,147.39428006638448,9.720841474747257,5.414990469396779,0.0,0.0,0.0,5.9693052879518484,9.694446914922299,0.0,0.0,0.0,36.7719630419786,36.81018947509803,29.686365738754667,13.151638370425495,9.53140013787187,16.872230220032904,0.0,9.883888251797686,5.917906046161393,37.643033367013395,20.199310353102682,47.17197239729504,0.0,0.0,0.0,0.0,0.0,42.09434472200017,21.36721223019466,5.917906046161393,31.0227599320881,35.91459291074959,0.0,10.902924932081056
C=CCC1(O)CCC2C3=C(C=CC21C)C1=C(CC3)CC(=O)CC1,0,138.21211242514758,5.106527394840706,5.783244946364939,0.0,0.0,0.0,0.0,4.794537184071822,0.0,0.0,6.578935683598497,36.2980065803308,55.58904484385599,18.256633715248796,5.601050810983688,9.901064578912528,5.783244946364939,0.0,0.0,11.332896515558172,63.891360994082405,0.0,47.099414124377205,0.0,0.0,0.0,0.0,0.0,16.490823152189332,4.794537184071822,11.332896515558172,58.29031018309871,47.099414124377205,0.0,0.0
CCN(CC)CCOc1ccc(C(=C(Cl)c2ccccc2)c2ccccc2)cc1,1,178.95217054120553,9.636772684650527,12.356393797796823,0.0,0.0,0.0,0.0,0.0,0.0,0.0,0.0,98.24481911115312,41.912601423839355,12.117860935981842,5.032286352113597,4.736862953800049,22.206330772415377,0.0,4.899909730850477,0.0,13.847474399381248,26.241151182250643,101.61949343355357,5.749511833283905,4.736862953800049,0.0,5.749511833283905,11.600939890232516,31.14106091310112,0.0,0.0,30.537828874472233,84.92913895846256,0.0,10.605390882182864
CC(NC(=O)C(O)C(C)C)C(=O)NC1C(=O)N(C)CCc2ccccc21,1,153.3081775428704,20.640014333703846,18.187648046044224,0.0,17.721539188054518,0.0,0.0,14.383611552215466,0.0,0.0,0.0,38.112942673227685,30.389367852172015,13.592428388589765,0.0,19.49013894705617,17.721539188054518,0.0,15.533486938863138,5.917906046161393,45.379681268042106,13.592428388589765,35.392371257240434,0.0,10.633577208012662,0.0,0.0,0.0,53.46621191923172,20.804433175141476,5.917906046161393,37.93995541161382,24.26546827384644,0.0,0.0
O=C(O)c1ccccc1O,0,57.54633483832936,10.213054789681411,11.3129633249809,0.0,0.0,0.0,5.9693052879518484,0.0,4.794537184071822,0.0,0.0,12.13273413692322,12.13273413692322,0.0,0.0,15.007591973753234,5.9693052879518484,0.0,0.0,0.0,0.0,0.0,29.828919765543436,5.749511833283905,0.0,0.0,5.749511833283905,0.0,16.182360077633263,0.0,0.0,10.357988675768818,24.26546827384644,0.0,0.0
NC(C=O)C(O)C(O)C(O)CO,1,69.2423094056531,30.95431424059683,24.598059686374462,0.0,0.0,0.0,0.0,0.0,0.0,0.0,0.0,0.0,0.0,0.0,12.648722793660879,25.220646763434644,6.2861605231295545,0.0,0.0,5.733667477162185,24.353739992392867,6.606881964512918,0.0,0.0,5.733667477162185,0.0,0.0,0.0,57.67289205939815,4.794537184071822,0.0,0.0,0.0,0.0,0.0
COC(=O)C1=COC(OC2OC(CO)C(O)C(O)C2O)C2C1CC(O)C2C,0,155.45810014445468,44.480088789403716,24.41586555099321,6.290026729335213,6.290026729335213,0.0,5.9693052879518484,0.0,4.794537184071822,0.0,0.0,6.923737199690624,12.338727669087403,11.835812092322787,31.655830872028808,49.27462597347554,5.9693052879518484,0.0,0.0,17.75371813848418,56.44444422002856,13.716679505790452,11.835184978490057,0.0,0.0,0.0,0.0,0.0,88.31850716535777,23.741988999272017,17.75371813848418,13.344558822616634,11.835184978490057,0.0,0.0
COc1ccc2cc1Oc1ccc(cc1)CC1c3c(cc4c(c3Oc3cc5c(cc3OC)CCN(C)C5C2)OCO4)CCN1C,1,263.52454732817614,28.421177722800294,5.749511833283905,34.49707099970343,12.542454139383732,0.0,0.0,9.799819461700954,0.0,0.0,0.0,18.19910120538483,110.06045739477467,30.73664596181807,14.219595082555067,28.421177722800294,0.0,0.0,9.799819461700954,0.0,37.76696814999996,48.19739416583442,94.04437963479809,45.99609466627124,28.421177722800294,0.0,45.99609466627124,0.0,57.997213627535366,25.683286491704038,0.0,45.46439060847789,60.6636706846161,0.0,0.0
Cc1cc(=O)n(-c2ccccc2)n1C,0,82.19710859795416,0.0,0.0,0.0,0.0,5.559266895052007,0.0,9.476340119217006,4.681802935145184,0.0,0.0,18.19910120538483,19.056471336613843,18.80796704598726,5.687386274683562,0.0,0.0,0.0,9.363605870290368,7.04767198267719,6.923737199690624,0.0,52.44593448474195,5.687386274683562,5.559266895052007,0.0,0.0,0.0,9.363605870290368,7.04767198267719,6.923737199690624,5.693927994848461,41.192739594841484,0.0,5.687386274683562
Oc1c2ccccc2c2c3c(cccc13)N=N2,0,97.02991262612325,5.106527394840706,11.436898107967467,0.0,0.0,0.0,0.0,0.0,0.0,0.0,10.228500251258795,36.39820241076966,6.06636706846161,21.544896857859182,5.687386274683562,5.106527394840706,32.91966940722631,0.0,0.0,10.228500251258795,0.0,0.0,42.46456947923127,5.749511833283905,0.0,11.374772549367124,5.749511833283905,0.0,5.106527394840706,0.0,0.0,0.0,52.693069730490066,0.0,21.544896857859182
COc1c(O)cc2oc3cc(O)c(CC=C(C)C)c(O)c3c(=O)c2c1C=CC(C)C,1,173.8924747871093,24.47359607537551,28.05128816431709,11.49902366656781,5.428790391900541,0.0,0.0,4.794537184071822,0.0,0.0,0.0,37.648639249952154,26.186202068468653,23.259637120317212,12.49602175574233,24.47359607537551,28.014508819047958,0.0,0.0,5.917906046161393,34.11577042168851,7.109797541277533,51.2081094400266,22.99804733313562,10.16565334570059,0.0,22.99804733313562,0.0,22.42937972579965,6.4208216229260096,5.917906046161393,38.821851782156486,39.069567001785416,0.0,28.014508819047958
CCCCCCCC=CCCc1c(O)c(O)cc(O)c1O,0,125.93309835445947,20.426109579362823,0.0,22.99804733313562,0.0,0.0,0.0,0.0,0.0,0.0,0.0,44.75906390506242,25.683286491704038,11.629818560158606,0.0,20.426109579362823,0.0,0.0,0.0,0.0,58.29031018309871,0.0,23.781858773826368,22.99804733313562,0.0,0.0,22.99804733313562,0.0,20.426109579362823,6.4208216229260096,0.0,57.43294005186969,18.218407282129373,0.0,0.0
O=c1cc[nH]c(=O)[nH]1,1,44.19374328147751,4.983978520947208,0.0,0.0,0.0,5.559266895052007,5.689743398203474,9.778515705019029,4.794537184071822,0.0,0.0,0.0,0.0,12.263210640074686,0.0,0.0,0.0,0.0,9.967957041894415,0.0,0.0,0.0,33.10129530147381,0.0,11.24901029325548,0.0,0.0,0.0,9.967957041894415,0.0,0.0,0.0,21.85228500821833,0.0,0.0
CCCN(CCC)CCc1cccc2[nH]c(O)cc12,0,114.79583240981873,14.990415646638391,0.0,5.879988336435371,0.0,0.0,0.0,0.0,0.0,0.0,0.0,25.980208536304467,43.98179624076179,23.51404840645524,0.0,5.106527394840706,10.902924932081056,0.0,9.883888251797686,0.0,33.10993926815928,19.634269217737724,29.828919765543436,5.879988336435371,0.0,0.0,5.879988336435371,0.0,34.624684864376114,6.4208216229260096,0.0,32.25256913693026,24.26546827384644,0.0,10.902924932081056
CCn1cc(C(=O)O)c(=O)c2cc(F)c(N3CCNCC3)cc21,0,131.68395997504226,19.890325377488868,11.38067233274289,0.0,5.428790391900541,0.0,5.9693052879518484,4.794537184071822,9.184952231746642,0.0,0.0,0.0,19.056471336613843,44.306849815640746,11.204086992299825,14.291479626587348,22.559616494716465,0.0,9.883888251797686,0.0,13.4684936056032,31.07893535450078,39.933577617251544,0.0,15.64548872675735,10.077801322358383,0.0,0.0,41.82195795423421,6.544756405912575,5.817220841045894,17.28172587545944,23.124114892608116,0.0,10.902924932081056
CO[C@@]1(NC(=O)C(C(=O)O)c2ccc(O)cc2)C(=O)N2C(C(=O)O)=C(CSc3nnnn3C)CO[C@@H]21,1,206.20360202409108,30.110096696128544,11.446551146339738,12.145807216896262,11.063616211172214,11.63216532332176,11.938610575903697,19.283521283065944,9.476340119217006,0.0,5.098681808301038,23.894619086314336,33.696060349999215,19.910323130701514,6.606881964512918,43.971456828409494,35.51485498399782,0.0,30.423953269612767,7.04767198267719,23.027229292687228,19.469533112537242,41.09906360866854,5.749511833283905,5.316788604006331,0.0,5.749511833283905,11.761884949391115,95.60213676197762,35.69954662656457,0.0,11.48135753785839,40.69204859879225,0.0,0.0
CCC(C)C(N)C1=NC(C(=O)NC(CC(C)C)C(=O)NC(CCC(=O)O)C(=O)NC(C(=O)NC2CCCCNC(=O)C(CC(N)=O)NC(=O)C(CC(=O)O)NC(=O)C(Cc3c[nH]cn3)NC(=O)C(Cc3ccccc3)NC(=O)C(C(C)CC)NC(=O)C(CCCN)NC2=O)C(C)C)CS1,0,579.2787673536302,90.88271038618483,66.46024912062755,0.0,70.88615675221807,0.0,11.938610575903697,72.11592530964117,4.983978520947208,0.0,11.761884949391115,98.56337618568506,80.72558344273722,37.75691845305047,35.94844913120446,77.33657536668693,99.63036926410439,0.0,68.45263168596406,45.86503134876779,217.7834902682647,18.842366418571938,54.11337847523112,0.0,75.68567707555621,0.0,0.0,11.761884949391115,199.3939525146365,79.96516382285753,23.671624184645573,143.6971365591826,47.84840372132133,0.0,0.0
Nc1cc(F)ccc1NC(=O)c1ccc(CNC(=O)/C=C/c2cccnc2)cc1,1,166.82854171961284,16.367244685174846,5.817220841045894,0.0,5.907179729351506,5.907179729351506,0.0,14.573052889090851,4.39041504767482,0.0,0.0,18.19910120538483,53.60112550099753,30.577915147669604,11.374772549367124,13.979489415818463,29.265152114904016,0.0,10.300767124953538,0.0,6.544756405912575,11.050456081168516,95.57458618235141,0.0,16.367244685174846,15.765187597041944,0.0,0.0,16.79833797965022,11.339293589984397,5.817220841045894,21.48489165916281,73.06701086621453,0.0,6.076020106833881
CCC(Nc1c(Nc2cccc(C(=O)N(C)C)c2O)c(=O)c1=O)c1ccc(C)o1,0,167.01189856636043,25.057165270757192,22.895267387116007,5.749511833283905,0.0,16.764760513152588,0.0,14.383611552215466,0.0,0.0,0.0,12.990104268152233,37.61002709646307,14.09534396535438,17.292678595528518,14.318215515965875,22.969338553402192,0.0,4.899909730850477,0.0,26.31013685145522,24.72892117336704,67.86243682369866,5.749511833283905,21.491157991813743,17.062158824050687,5.749511833283905,0.0,30.00896082039707,0.0,6.923737199690624,41.26488316528229,44.338060647505046,0.0,0.0
COc1ccc(C(CN(C)C)C2(O)CCCCC2)cc1,1,122.10754787623671,14.743300079491233,5.749511833283905,0.0,0.0,0.0,0.0,0.0,0.0,0.0,0.0,31.395199005701247,44.63317283982662,12.462662452073968,12.710848352261221,9.843390348640755,0.0,0.0,4.899909730850477,0.0,43.623064971775136,27.74989791254449,29.828919765543436,5.749511833283905,4.736862953800049,0.0,5.749511833283905,0.0,43.357385849219355,0.0,0.0,43.58546565248844,24.26546827384644,0.0,0.0
COc1nc2ccc(Br)cc2cc1[C@@H](c1ccccc1)[C@@](O)(CCN(C)C)c1cccc2ccccc12,0,226.2183236343658,14.743300079491231,5.601050810983688,0.0,5.879988336435371,0.0,0.0,0.0,4.983978520947208,0.0,0.0,88.7263487194887,66.6809852744504,27.885057674068175,12.626498258893795,9.843390348640755,37.60531725896,0.0,9.883888251797686,0.0,17.93977848007109,27.74989791254449,118.22494708630921,5.879988336435371,4.736862953800049,0.0,5.879988336435371,15.929943897949348,42.74031355918287,5.601050810983688,0.0,29.02908214417839,101.53459261121822,0.0,21.67537336101065
Nc1nnc(-c2cccc(Cl)c2Cl)c(N)n1,0,101.40220868459402,11.46733495432437,5.693927994848461,5.817862777835028,5.948339280986494,0.0,0.0,0.0,0.0,4.983978520947208,10.197363616602075,35.33461391738825,6.06636706846161,5.563451491696996,10.045266627482652,0.0,34.968081839286555,0.0,15.181342137549283,0.0,0.0,11.46733495432437,28.244367832867486,11.257379486545457,11.46733495432437,11.766202058821523,0.0,23.20187978046503,15.181342137549283,0.0,0.0,0.0,18.19910120538483,10.045266627482652,11.257379486545457
Cn1c(=O)c2c(ncn2CC2OCCO2)n(C)c1=O,0,107.34504266682367,14.040825555391454,0.0,17.453904667719204,0.0,5.559266895052007,5.689743398203474,13.928736479654532,9.778515705019029,0.0,0.0,0.0,0.0,14.09534396535438,26.085840409702953,9.473725907600098,11.16387793838399,0.0,18.685277464321274,14.09534396535438,12.834783135247788,13.213763929025836,27.165404736163666,0.0,11.24901029325548,0.0,0.0,0.0,38.18906812268232,30.113826278867055,0.0,0.0,15.916394442908185,0.0,11.16387793838399
CO[C@H]1/C=C/O[C@@]2(C)Oc3c(C)c(O)c4c(O)c(c5c(c4c3C2=O)=NC2(CCN(CC(C)C)CC2)N=5)NC(=O)C(C)=CC=CC(C)[C@H](O)[C@@H](C)[C@@H](O)[C@@H](C)[C@H](OC(C)=O)[C@@H]1C,0,356.3748731113149,49.59025972941982,28.64760677730598,11.412371868653818,0.0,11.690424675716445,11.756416440522445,24.368421017486803,0.0,0.0,0.0,59.77048351864538,25.841400552376523,93.62758882512514,40.880885766133794,53.757172946778475,34.119564667281445,0.0,4.899909730850477,39.5743396960783,117.94485198169195,32.060855363021595,57.98062928583218,17.248535499851716,20.768112454418986,5.687386274683562,17.248535499851716,0.0,105.59565277183057,23.79966322954379,36.513267430497585,91.07671821053343,46.124074871096916,0.0,10.772448428929591
C=CC1C2=CCOC(=O)C2=COC1OC1OC(CO)C(O)C(O)C1O,0,142.91971821349352,39.37356139456301,37.284827963926915,6.290026729335213,6.290026729335213,0.0,5.9693052879518484,0.0,4.794537184071822,0.0,6.578935683598497,6.076020106833881,11.649124636903148,0.0,18.09789254074358,44.16809857863483,5.9693052879518484,0.0,0.0,5.917906046161393,36.99591900966363,13.213763929025836,36.13926540582558,0.0,0.0,0.0,0.0,0.0,76.60509780600414,23.741988999272017,5.917906046161393,0.0,36.13926540582558,0.0,0.0
CON=C(C(=O)NC1C(=O)N2C(C(=O)O)=C(Cn3ccc(=N)n3CCO)CSC12)c1csc(N)n1,1,205.70268326321082,26.10109945458656,35.404185442756294,10.843243482610035,0.0,11.814359458703011,5.9693052879518484,29.26187357507601,9.778515705019029,0.0,23.09867082732585,5.15571272675054,11.639471598530877,17.32975994882578,19.696394776338067,29.43425492563351,51.725579056590746,5.409283605791522,24.564282726094383,5.15571272675054,24.50522645394185,25.203200589699428,40.09505219997193,0.0,16.538163032626287,5.131558479839333,0.0,23.09867082732585,83.84114541584896,32.31071294777725,5.409283605791522,5.693927994848461,34.069129980416236,0.0,0.0
C[N+](C)(C)CCCCCC[N+](C)(C)C,0,90.69322459978964,8.966061715389248,0.0,0.0,0.0,0.0,0.0,0.0,0.0,0.0,0.0,0.0,25.683286491704038,0.0,55.37554470788828,8.966061715389248,0.0,0.0,0.0,0.0,25.683286491704038,55.37554470788828,0.0,0.0,0.0,0.0,0.0,0.0,64.34160642327753,0.0,0.0,25.683286491704038,0.0,0.0,0.0
O=c1cc[nH]c(=S)[nH]1,0,50.391001428638624,4.983978520947208,0.0,4.771065770590158,0.0,5.559266895052007,0.0,9.778515705019029,0.0,0.0,0.0,0.0,12.217873443046695,12.263210640074686,0.0,0.0,12.217873443046695,0.0,9.967957041894415,0.0,0.0,0.0,27.388080489788674,0.0,5.559266895052007,0.0,0.0,12.217873443046695,9.967957041894415,0.0,4.771065770590158,0.0,17.05774782414651,0.0,0.0
Cc1cc(C)c(Nc2ccnc(Nc3ccc(C#N)cc3)n2)c(C)c1,0,146.9369599997893,10.633577208012662,5.817862777835028,0.0,5.948339280986494,0.0,0.0,0.0,4.983978520947208,10.245870075685694,0.0,17.696185628620217,62.229949924773905,17.5716161209802,11.63267280448927,0.0,23.140974608188646,5.261891554738487,9.967957041894415,0.0,20.771211599071872,10.633577208012662,70.91521901763234,6.069221312792274,10.633577208012662,23.140974608188646,0.0,0.0,9.967957041894415,0.0,32.10232446660263,22.253805966787983,48.661413050844345,0.0,0.0
Cc1c(-c2ccc(O)cc2)n(Cc2ccc(OCCN3CCCCCC3)cc2)c2ccc(O)cc12,0,206.75182436550895,19.517017391272816,23.85541746436463,0.0,0.0,0.0,0.0,4.899909730850477,0.0,0.0,0.0,24.974377382775238,104.1425513486133,23.99243774390621,5.693927994848461,14.94991774348146,10.902924932081056,0.0,9.467009378641832,0.0,39.15178009730724,26.241151182250643,77.85694073647171,28.50591498639717,4.736862953800049,0.0,17.248535499851716,0.0,45.92121535057388,6.544756405912575,6.923737199690624,36.81018947509803,66.73003775307771,0.0,22.160304418626517
CC(C)OC(=O)C(C)(C)Oc1ccc(C(=O)c2ccc(Cl)cc2)cc1,0,152.2614351267168,9.473725907600098,5.749511833283905,11.384295757348628,0.0,0.0,5.9693052879518484,4.794537184071822,4.794537184071822,0.0,0.0,11.600939890232516,76.22588534645539,16.149536297135317,6.103966387748303,19.06280027574374,23.353490124549303,0.0,0.0,0.0,39.399965997494476,0.0,64.6804728448282,5.749511833283905,4.736862953800049,0.0,5.749511833283905,11.600939890232516,23.45756743304878,9.53140013787187,0.0,43.61638896622831,48.53093654769288,5.022633313741326,0.0
COc1ccc2cccc(CCNC(C)=O)c2c1,0,106.7627077363739,10.05365155780638,5.749511833283905,0.0,5.907179729351506,0.0,0.0,4.794537184071822,0.0,0.0,0.0,24.26546827384644,34.88945568047582,13.4684936056032,7.109797541277533,9.53140013787187,16.679628158281098,0.0,5.316788604006331,0.0,13.344558822616634,13.65455394719011,41.96165390246666,5.749511833283905,10.05365155780638,0.0,5.749511833283905,0.0,19.561733676541614,11.21535880699783,0.0,12.487188691387619,36.39820241076966,0.0,10.772448428929591
Cn1c(CNc2ccc(C(=N)N)cc2)nc2cc(C(=O)N(CCC(=O)O)c3ccccn3)ccc21,0,201.09249423601153,20.724083123800575,17.477887061592224,0.0,0.0,5.907179729351506,5.9693052879518484,19.898267704785642,9.967957041894415,0.0,0.0,6.06636706846161,54.59730361615449,36.60356121828039,23.998979464071105,14.69560176298435,40.25075529081174,5.409283605791522,14.53505668968577,12.781339459839375,12.965578028838586,16.761454740769384,83.8118217376231,0.0,15.950365812018994,11.50524905251859,0.0,0.0,43.89844529349968,18.386965572661587,5.409283605791522,28.16666628839175,66.86051425622918,0.0,11.033401435232523
CCC1(c2c[nH]cn2)Cc2ccccc2C1,0,95.73618514597564,4.983978520947208,0.0,0.0,0.0,0.0,0.0,0.0,4.983978520947208,0.0,0.0,31.18920547353706,30.38936785217202,11.611834041009855,12.021248069613002,0.0,0.0,0.0,9.967957041894415,0.0,31.60119253786543,0.0,53.61046289846651,0.0,0.0,0.0,0.0,0.0,9.967957041894415,18.256633715248796,0.0,30.165389800859085,36.78963192022406,0.0,0.0
O=[N+]([O-])c1ccc(O)c2ncccc12,0,78.77992510687449,5.106527394840706,11.266212550900168,0.0,0.0,5.687386274683562,0.0,15.09829678971278,0.0,0.0,0.0,0.0,18.19910120538483,12.263210640074686,10.309535263282466,10.029838443658377,16.59031120676462,0.0,4.983978520947208,0.0,0.0,0.0,40.57663011422509,5.749511833283905,0.0,5.687386274683562,5.749511833283905,0.0,15.013816964605585,0.0,10.114318268765572,0.0,30.462311845459517,0.0,10.902924932081056
C[C@@H]1CCN(C(=O)C(CCCN=C(N)N)NS(=O)(=O)c2cccc3c2NC[C@H](C)C3)C(C(=O)O)C1,0,205.93647251918446,26.790560684021884,16.979165133813698,5.959554568743835,15.930470882759089,0.0,5.9693052879518484,9.786941916707491,13.212334168400758,4.722094864452088,0.0,25.980208536304467,55.569738767111446,19.634269217737724,5.687386274683562,23.113398747313283,33.54671701413834,0.0,9.622004595302565,28.295551779282825,62.930747647825,24.951057821744058,23.762552697081826,0.0,21.506218422782787,5.687386274683562,0.0,0.0,67.97822457210096,26.033187144477235,11.835812092322787,45.09421238278229,28.086989413538273,0.0,0.0
CC12CCC(CC1=O)C2(C)C,0,68.17358985038432,0.0,5.783244946364939,0.0,0.0,0.0,0.0,4.794537184071822,0.0,0.0,0.0,20.771211599071872,24.174539761410188,11.835812092322788,0.0,4.794537184071822,5.783244946364939,0.0,0.0,16.747886984954953,40.0336764678499,0.0,0.0,0.0,0.0,0.0,0.0,0.0,5.783244946364939,4.794537184071822,16.747886984954953,40.0336764678499,0.0,0.0,0.0
C=CC(=O)N1CCCC(n2nc(-c3ccc(Oc4ccccc4)cc3)c3c(N)ncnc32)C1,0,190.8726799084402,15.370440161812713,29.33813451401584,5.647177220767728,5.907179729351506,0.0,0.0,4.794537184071822,14.649759977039599,5.098681808301038,0.0,24.778036888983326,55.315865763455555,18.652964303522147,11.428065043612756,9.53140013787187,22.758443942419056,0.0,24.648351516191113,0.0,18.88348407499998,18.823180288987334,73.57957948135142,22.756403153113265,10.470530430962235,5.817862777835028,11.49902366656781,0.0,43.64504405736776,4.794537184071822,0.0,18.88348407499998,73.57957948135142,0.0,22.29078092177798
Cc1cc(O)cc(O)c1,0,53.38481273828559,10.213054789681411,11.49902366656781,0.0,0.0,0.0,0.0,0.0,0.0,0.0,0.0,0.0,24.619922828310838,6.06636706846161,0.0,10.213054789681411,0.0,0.0,0.0,0.0,6.923737199690624,0.0,23.762552697081826,11.49902366656781,0.0,0.0,11.49902366656781,0.0,10.213054789681411,0.0,6.923737199690624,5.563451491696996,18.19910120538483,0.0,0.0
Cc1cccc(C(C)c2c[nH]cn2)c1C,0,90.37707418510821,4.983978520947208,0.0,0.0,0.0,0.0,0.0,0.0,4.983978520947208,0.0,0.0,25.122838405075456,30.537828874472233,12.11474961777447,12.021248069613002,0.0,0.0,0.0,9.967957041894415,0.0,26.689117645233264,0.0,53.1075473217019,0.0,0.0,0.0,0.0,0.0,9.967957041894415,0.0,13.847474399381248,35.22592571579147,30.72326485176245,0.0,0.0
CC(C)CC(NC(=O)CNC(=O)c1cc(Cl)ccc1Cl)B1OC(=O)CC(CC(=O)O)(C(=O)O)O1,1,204.75679086861783,30.155348265744763,0.0,5.601050810983688,5.907179729351506,11.876485017303354,19.05700291012806,19.178148736287287,4.794537184071822,0.0,0.0,37.04935417984628,30.537828874472233,5.022633313741326,35.91367705506872,43.49445697809121,60.04254743724795,0.0,10.633577208012662,5.917906046161393,44.65218267700875,6.544756405912575,33.80781932456448,0.0,10.633577208012662,0.0,0.0,23.20187978046503,65.14072226122639,28.48686500433798,5.917906046161393,43.46792794392809,18.19910120538483,10.045266627482652,0.0
C=CCC1=CC(C)C[C@H](C)C[C@H](OC)[C@H]2O[C@@](O)(C(=O)C(=O)N3CCCCC3C(=O)O[C@H](/C(C)=C/[C@@H]3CC[C@@H](O)[C@H](OC)C3)[C@H](C)[C@@H](O)CC1=O)[C@H](C)C[C@@H]2OC,0,338.6959777107149,43.90380668437284,18.249773604644567,5.783244946364939,5.7871111525705965,11.690424675716445,5.9693052879518484,14.383611552215466,4.794537184071822,0.0,6.578935683598497,45.92300911926414,100.03188062757346,46.130782744993965,30.51983193874151,58.18204568980965,23.442974910033232,0.0,4.899909730850477,29.589530230806965,159.8044405465959,27.874149029745176,35.953205064238674,0.0,0.0,0.0,0.0,0.0,126.09333255110766,42.86246350528753,29.589530230806965,105.24772385063925,35.953205064238674,0.0,0.0
CC1OC(OCC2OC(Oc3c(-c4ccc(O)c(O)c4)oc4cc(O)cc(O)c4c3=O)C(O)C(O)C2O)C(O)C(O)C1O,0,240.90066228703742,74.4298767006606,65.19603273691295,23.549297814777464,17.46832895451966,0.0,0.0,4.794537184071822,0.0,0.0,0.0,0.0,25.122838405075452,17.696185628620217,12.71084835226122,74.4298767006606,10.969244356107037,0.0,0.0,0.0,68.33552176034746,6.606881964512918,40.55516291828041,40.07125807699096,10.16565334570059,0.0,28.747559166419524,0.0,119.08394047357683,14.210588861400147,0.0,6.923737199690624,39.54352346343322,0.0,22.292943266678478
CC12C=CC(=O)NC1CCC1C2CCC2(C)C(C(=O)Nc3cc(C(F)(F)F)ccc3C(F)(F)F)CCC12,0,210.79824086038562,10.633577208012662,0.0,0.0,11.814359458703011,0.0,12.35259703488695,9.589074368143644,0.0,26.34249028604892,0.0,19.92349450621513,85.96875965765572,17.374737344706134,16.814289258077554,35.93156465419257,17.501745733386574,0.0,5.316788604006331,34.50160512343913,70.76684200097223,5.316788604006331,41.478044402446585,0.0,10.633577208012662,32.02987656073248,0.0,0.0,17.85620028785097,21.941671403030593,34.50160512343913,63.499307120331295,30.351141419052592,0.0,0.0
COc1ccc(N2CCOCC2)c2sc(NC(=O)N3CCC(C)(O)CC3)nc12,1,167.59309780355935,24.380072764141758,11.266212550900168,5.131558479839333,0.0,0.0,6.031114512338072,5.316788604006331,9.778515705019029,0.0,0.0,11.336785877934735,31.898114582465865,26.1790256236503,36.31191847243972,19.374790486512623,38.40346577888106,0.0,9.883888251797686,0.0,25.36643125652633,56.71928542881048,12.13273413692322,5.749511833283905,14.953561288656857,15.613481938594717,5.749511833283905,11.336785877934735,73.1251680639138,4.736862953800049,0.0,19.765380445542643,12.13273413692322,0.0,10.216620634085363
CN1C2CC(OC(=O)C(CO)c3ccccc3)CC1C1OC12,1,129.3709528987289,14.580253302440804,24.2298052094063,0.0,0.0,0.0,5.9693052879518484,9.694446914922299,0.0,0.0,0.0,30.33183534230805,12.611123474374185,24.925324904147942,6.606881964512918,19.374790486512623,5.9693052879518484,0.0,4.899909730850477,0.0,49.155130113554236,13.654553947190108,35.89528683400505,0.0,0.0,0.0,0.0,0.0,60.025877182373954,14.268263091671919,0.0,24.32300078371041,30.33183534230805,0.0,0.0
COC(=O)N=NC=C1C=[N+]([O-])c2ccccc2N1O,0,107.64419682581308,9.94411597857734,5.687386274683562,5.697039313055833,11.90198685421888,0.0,6.093240070938415,5.20725302477729,9.85775490903717,4.738833853594686,5.114250125629398,17.24698426255262,6.06636706846161,6.06636706846161,13.309752431097982,19.477487016243845,23.682613199840855,0.0,0.0,10.228500251258795,0.0,12.173015266242881,41.36971550150001,0.0,5.063217724965349,16.169309733438947,0.0,0.0,29.36372507012324,4.736862953800049,5.20725302477729,0.0,46.39096272798152,0.0,0.0
Clc1cccc(Cl)c1NC1=NCCN1,0,92.12197761599711,10.633577208012662,0.0,5.959554568743835,0.0,0.0,0.0,4.992404732635668,0.0,0.0,0.0,29.268246848926644,12.13273413692322,6.544756405912575,22.27740930807879,0.0,34.84882062389243,0.0,5.316788604006331,4.992404732635668,0.0,18.406301415831482,28.244367832867482,0.0,10.633577208012662,5.687386274683562,0.0,23.20187978046503,19.049067380568985,0.0,0.0,0.0,23.191505938020498,10.045266627482652,0.0
COc1cc(C(=O)NC2CCN(C)CC2)c(F)cc1Nc1ncc2c(n1)N(C1CCCC1)CC(F)(F)C(=O)N2C,0,230.42673678780798,30.070169354364143,17.25411894901336,5.817862777835028,5.948339280986494,11.814359458703011,5.922529168094576,9.589074368143644,9.374393568622027,13.764808616296847,0.0,12.841643245852019,51.886838354668,25.197720709434723,31.102235285183742,27.497182464968148,34.95533406689166,0.0,20.184655376751223,0.0,56.53114056394656,55.95601879007692,29.710250041279185,5.749511833283905,25.170259623513665,36.31221975121311,5.749511833283905,0.0,85.52784778220803,4.794537184071822,5.817220841045894,48.88291841332489,18.3295777085363,0.0,0.0
COc1cc2c(cc1OC)CN(CCc1ccc(NC(=O)c3cc(OC)c(OC)cc3NC(=O)c3cnc4ccccc4c3)cc1)CC2,0,279.1493135107387,29.581029023212857,0.0,22.99804733313562,0.0,11.814359458703011,0.0,19.472962619941327,0.0,0.0,0.0,30.33183534230805,71.99656720017428,42.971090346960764,50.770180140803944,28.536526183343838,34.092056940151195,0.0,9.883888251797686,0.0,19.386399651764595,52.16228018494794,112.87687292009903,22.99804733313562,29.581029023212857,11.374772549367124,22.99804733313562,0.0,63.22695068743598,19.386399651764595,0.0,37.40633182662862,85.05961546161403,0.0,10.902924932081056
COC1C(N(C)C(=O)c2ccccc2)CC2OC1(C)n1c3ccccc3c3c4c(c5c6ccccc6n2c5c31)C(=O)NC4,0,246.9101195784087,28.824623538039617,12.331867558483172,5.724985593970254,0.0,11.814359458703011,0.0,9.589074368143644,0.0,0.0,0.0,54.59730361615449,36.75265696523406,54.23139590234948,33.67209519131,19.06280027574374,55.426059187027235,0.0,19.350897630439515,0.0,43.98800921013059,14.157469523954724,95.55312636509194,0.0,5.316788604006331,0.0,0.0,0.0,52.15174522598718,21.743467907482927,0.0,45.851888836586134,78.86277189000094,0.0,43.611699728324226
CC1(C)S[C@@H]2CC(=O)N2C1C(=O)OCOC(=O)C1N2C(=O)C(NC(=O)C(N)c3ccccc3)[C@H]2S(=O)(=O)C1(C)C,0,234.53460826632752,30.32400145046957,28.9143857698094,15.211125949386242,24.514481494154342,0.0,11.938610575903697,14.383611552215466,18.00687135247258,0.0,11.761884949391115,30.33183534230805,33.25840029045949,4.747022453217559,11.79469443589475,41.86420881228814,51.25928784976683,0.0,15.116608065707286,5.733667477162185,78.52492427065293,6.792942306099827,35.89528683400505,0.0,11.050456081168516,0.0,0.0,11.761884949391115,93.0380215359044,43.283664964376705,0.0,45.72106274253346,30.33183534230805,0.0,0.0
COc1ccc(-c2nc3cc(C4=NNC(=O)CC4C)ccc3[nH]2)cc1,0,144.4731798113612,9.720841474747257,11.573916331283833,0.0,5.907179729351506,0.0,0.0,4.794537184071822,10.409769918057592,5.101407525739722,0.0,12.990104268152233,36.39820241076966,23.465630652481394,23.854883979280757,9.53140013787187,22.652266167354732,0.0,15.3937484390048,11.019313571901115,13.344558822616634,7.109797541277533,48.02802097092827,17.137367822980828,10.162654350910433,0.0,5.749511833283905,0.0,28.696619315294154,4.794537184071822,5.917906046161393,18.90801031431363,47.56597700497099,0.0,22.421257424929443
CCc1ccc(CCOc2ccc(Cc3sc(=O)[nH]c3O)cc2)nc1,0,149.51926241765923,9.843390348640755,5.749511833283905,0.0,5.879988336435371,0.0,4.872962597056311,14.762494225966236,0.0,0.0,0.0,36.459624283010186,35.74682581170483,24.732414812313557,11.484029158214216,9.843390348640755,11.336785877934735,0.0,9.967957041894415,0.0,26.186202068468653,6.606881964512918,73.96052393545462,11.629500169719275,9.60982555085636,0.0,11.629500169719275,11.336785877934735,21.681366401248038,19.26246486877803,0.0,28.621715371634373,47.38958316645456,0.0,0.0
CC(C)CCC[C@@H](C)[C@H]1CC[C@H]2C3=CC=C4C[C@@H](O)CC[C@]4(C)[C@H]3CC[C@]12C,0,173.61944907585195,5.106527394840706,0.0,0.0,0.0,0.0,0.0,0.0,0.0,0.0,0.0,77.17940014103743,85.36526253008262,0.0,6.103966387748303,5.106527394840706,0.0,0.0,0.0,40.41951116960052,104.93086861546153,0.0,23.298249273806295,0.0,0.0,0.0,0.0,0.0,11.210493782589008,0.0,40.41951116960052,98.82690222771323,23.298249273806295,0.0,0.0
Cc1cc(-c2nc(-c3ccc(OC(F)(F)F)cc3)no2)nn1Cc1ccnc(N2CCN(C3CC3)CC2)c1,0,216.38212632293553,14.159867621623874,11.567374611118932,5.693927994848461,5.824404497999927,5.890723922025908,6.362358859030383,9.58171266599566,4.983978520947208,10.082660329248245,13.171245143024459,5.156663257125445,67.79340141647091,49.67508951095679,6.544756405912575,22.431203033797853,5.817862777835028,0.0,29.805014773316557,0.0,38.714336539633564,31.07893535450078,59.9187925373898,28.722019739855195,9.636772684650527,18.98910792085949,5.749511833283905,0.0,68.3882400851452,6.544756405912575,6.923737199690624,24.099022732397476,53.18450798781769,0.0,22.97250790657129
CCC(C)C(=O)OC1CC(C)C=C2C=CC(C)C(CCC3CC(O)CC(=O)O3)C21,1,174.08058854529264,14.580253302440804,12.207932775496605,0.0,0.0,0.0,11.938610575903697,9.589074368143644,0.0,0.0,0.0,45.92300911926414,49.010109160257485,12.338727669087403,18.442694056835705,24.169327670584448,11.938610575903697,0.0,0.0,29.589530230806965,84.53177769956346,0.0,23.80116485057091,0.0,0.0,0.0,0.0,0.0,35.35703713398931,19.06280027574374,29.589530230806965,66.21987853631856,23.80116485057091,0.0,0.0
CCCC[N@+]1(C)[C@@H]2C[C@@H](OC(=O)C(CO)c3ccccc3)C[C@H]1[C@@H]1O[C@@H]12,0,155.04069284291066,19.063284160135428,36.313486867702224,0.0,0.0,0.0,5.9693052879518484,4.794537184071822,0.0,0.0,0.0,43.67639416492468,11.984273114623004,12.841643245852019,20.199310353102682,23.857821344207252,5.9693052879518484,0.0,0.0,0.0,68.92051055909688,20.199310353102682,35.89528683400505,0.0,0.0,0.0,0.0,0.0,66.15375471513069,14.268263091671919,0.0,44.088381229253045,30.33183534230805,0.0,0.0
CCOC(=O)C(C#N)C1c2cc(Br)ccc2OC(=N)C1C(=O)OCC,0,153.04909339931348,14.210588861400147,11.6674178794453,5.917906046161393,5.897745344357611,0.0,11.938610575903697,14.998357973935164,0.0,5.261891554738487,0.0,15.929943897949348,32.046575604766076,15.954077053690803,19.28298524181811,23.79966322954379,33.766299818210655,10.671175160530009,0.0,11.835812092322787,19.76538044554264,13.213763929025836,28.23527221291424,11.818733146076179,4.736862953800049,0.0,5.749511833283905,15.929943897949348,31.050119849287146,19.06280027574374,28.576208565645068,25.328831937239638,22.671820721217244,0.0,0.0
CCCc1cc(C(N)=S)ccn1,0,77.8094905022475,5.733667477162185,4.988502101738191,0.0,0.0,0.0,0.0,4.983978520947208,0.0,0.0,0.0,25.56243226566333,18.55355575984923,17.454223058158533,0.0,0.0,17.206375544784887,0.0,4.983978520947208,5.733667477162185,19.765380445542643,0.0,29.58695719508175,0.0,5.733667477162185,0.0,0.0,12.217873443046695,9.9724806226854,6.4208216229260096,0.0,24.60193830916209,18.3295777085363,0.0,0.0
CC(C)c1nc(CN(C)C(=O)NC(CCN2CCOCC2)C(=O)NC(CCC(Cc2ccccc2)NC(=O)OCc2cncs2)Cc2ccccc2)cs1,0,326.22651425397703,30.324001450469567,12.648722793660879,0.0,5.907179729351506,0.0,12.124354583276487,14.678425435869507,14.57305288909085,0.0,22.67357175586947,74.51114508399735,43.23101109802404,56.26043524695122,40.847758493958324,23.85733745981556,40.705106068497464,0.0,35.71814231561436,0.0,83.14664941804207,39.89570512944075,104.45671816910901,0.0,15.950365812018994,9.589074368143644,0.0,22.67357175586947,95.82053843310798,40.261544707949426,0.0,65.73344718311719,77.75111630031248,0.0,0.0
Fc1ccc(C2CCNCC2COc2ccc3c(c2)OCO3)cc1,1,140.0874630943337,19.527377465406477,11.5667326743298,11.49902366656781,6.792942306099827,0.0,0.0,0.0,4.39041504767482,0.0,0.0,12.13273413692322,48.712403840543416,18.529029520535577,6.606881964512918,18.60100390907497,0.0,0.0,5.316788604006331,5.917906046161393,12.338727669087403,26.489337082437896,53.845241811974155,17.248535499851716,19.527377465406477,4.39041504767482,17.248535499851716,0.0,26.489337082437896,0.0,11.735126887207286,17.9021791607844,42.46456947923127,0.0,0.0
CN(C)CCCN1c2ccccc2CCc2ccc(Cl)cc21,1,137.86019454009644,9.799819461700954,0.0,0.0,0.0,0.0,0.0,0.0,0.0,0.0,0.0,35.866408164078955,69.2285694288238,22.942162269021026,0.0,0.0,22.97571243959964,0.0,4.899909730850477,0.0,19.26246486877803,32.08476650803001,58.614105776366586,0.0,4.899909730850477,11.374772549367124,0.0,11.600939890232516,32.08476650803001,12.841643245852019,0.0,17.54772460632,42.46456947923127,5.022633313741326,0.0
O=S(=O)(O)Oc1ccc(C(c2ccc(OS(=O)(=O)O)cc2)c2ccccn2)cc1,0,167.03255185817915,8.366170865299415,11.49902366656781,0.0,0.0,0.0,20.798001163299215,14.089478268327936,0.0,16.835593968657875,0.0,30.33183534230805,47.52510539416365,6.196843571613076,11.611834041009853,34.30726458133802,20.798001163299215,0.0,4.983978520947208,0.0,5.917906046161393,0.0,89.74771230293325,11.49902366656781,8.366170865299415,0.0,11.49902366656781,0.0,30.92507223698581,20.798001163299215,0.0,22.738737024403846,72.9268813246908,0.0,0.0
CNC(=O)c1cc(Oc2ccc(NC(=O)Nc3ccc(Cl)c(C(F)(F)F)c3)c(F)c2)ccn1,0,189.27659178916312,20.68722876581904,23.010172502462165,0.0,0.0,5.907179729351506,12.207413029781547,9.778515705019029,9.184952231746642,13.171245143024459,0.0,11.600939890232516,36.39820241076966,31.064635965897047,16.273471080121883,31.887597512642976,34.914006681289216,0.0,10.300767124953538,0.0,6.176298517443475,17.68124919068985,76.82501376063864,11.49902366656781,20.68722876581904,33.73096992413823,11.49902366656781,11.600939890232516,23.969944745313974,6.176298517443475,5.817220841045894,16.051916670617278,54.72778011930596,5.022633313741326,0.0
CCN1CC(CCN2CCOCC2)C(c2ccccc2)(c2ccccc2)C1=O,0,167.65087506121918,9.636772684650527,5.414990469396779,0.0,5.907179729351506,0.0,0.0,9.694446914922299,0.0,0.0,0.0,60.6636706846161,31.0162182119232,32.096931669811696,13.213763929025836,9.53140013787187,5.907179729351506,0.0,9.799819461700954,5.917906046161393,18.75954929201341,45.93754595858871,71.7905736680101,0.0,0.0,0.0,0.0,0.0,61.64454514964116,14.94639060726865,5.917906046161393,24.471461806010623,60.6636706846161,0.0,0.0
CN1CC(C(=O)N[C@]2(C)O[C@@]3(O)[C@@H]4CCCN4C(=O)C(Cc4ccccc4)N3C2=O)C[C@@H]2c3cccc4[nH]cc(c34)C[C@H]21,0,249.5057751602522,25.207113981495198,12.083681658295921,0.0,17.539345052673266,11.81822566490867,0.0,24.02038423686599,0.0,0.0,0.0,42.46456947923127,62.41141721762445,48.56984981375464,5.917906046161393,24.22700190085622,28.624464120135578,0.0,25.00049631750497,5.917906046161393,74.70730537745337,20.13718479450234,71.41813459439695,0.0,5.316788604006331,0.0,0.0,0.0,92.41051310786749,31.96211775186753,5.917906046161393,48.79446258972103,54.72778011930596,0.0,10.902924932081056
CCCCCCCC(=O)O,0,62.24960168084558,5.106527394840706,0.0,0.0,0.0,0.0,5.9693052879518484,4.794537184071822,0.0,0.0,0.0,32.60702369139466,6.4208216229260096,6.4208216229260096,0.0,9.901064578912528,5.9693052879518484,0.0,0.0,0.0,45.448666937246685,0.0,0.0,0.0,0.0,0.0,0.0,0.0,11.075832682792555,4.794537184071822,0.0,45.448666937246685,0.0,0.0,0.0
NCCCNCCCCNCCCN,1,87.80323581864053,22.100912162337032,0.0,0.0,0.0,0.0,0.0,0.0,0.0,0.0,0.0,0.0,64.9518249271795,0.0,0.0,0.0,0.0,0.0,10.633577208012662,11.46733495432437,25.683286491704038,39.26853843547545,0.0,0.0,22.100912162337032,0.0,0.0,0.0,39.26853843547545,0.0,0.0,25.683286491704038,0.0,0.0,0.0
CC(c1nc(-c2ccc(C#N)cc2)cs1)C(O)(Cn1cncn1)c1cc(F)ccc1F,0,180.63217323845464,5.106527394840706,29.890132642604563,0.0,0.0,0.0,0.0,0.0,23.430590072389236,10.360573363039524,11.336785877934735,19.056471336613843,30.33183534230805,22.4248718000213,28.87898090210307,13.887357490190345,11.336785877934735,5.261891554738487,19.74844178534064,0.0,24.98745046274828,0.0,88.26824076156483,17.32660079933773,0.0,8.78083009534964,0.0,11.336785877934735,24.854969180181342,12.145807216896262,22.96555454962255,28.976169926098773,60.49927239922627,0.0,11.257379486545457
CCCCCCCCCC(=O)NC(Cc1c[nH]c2ccccc12)C(=O)NC(CC(N)=O)C(=O)NC(CC(=O)O)C(=O)NC1C(=O)NCC(=O)NC(CCCN)C(=O)NC(CC(=O)O)C(=O)NC(C)C(=O)NC(CC(=O)O)C(=O)NCC(=O)NC(CO)C(=O)NC(C(C)CC(=O)O)C(=O)NC(CC(=O)c2ccccc2N)C(=O)OC1C,1,657.0231702290898,121.57273273251968,72.56421550837585,5.783244946364939,82.7005162109211,0.0,29.84652643975924,91.09620649736465,4.794537184071822,0.0,0.0,82.70423947924537,69.33515441731507,47.61307113885272,51.80050289096812,126.16024360944007,134.92059880380995,0.0,74.10223037302953,17.385241000485763,209.41313189688057,31.97481865941283,65.85468310269995,0.0,86.31925428356888,5.687386274683562,0.0,0.0,247.65226978282243,102.25389107409072,5.917906046161393,146.3495349330445,54.727780119305955,0.0,10.902924932081056
O=C(O)COCCN1CCN(C(c2ccccc2)c2ccc(Cl)cc2)CC1,0,164.6593798506363,9.843390348640755,6.606881964512918,0.0,0.0,0.0,5.9693052879518484,9.799819461700954,4.794537184071822,0.0,0.0,54.06550936946379,23.259637120317212,37.7464153433042,12.648722793660879,14.637927532712578,17.570245178184365,0.0,9.799819461700954,0.0,6.041840829147961,45.93754595858871,70.74683991328982,0.0,0.0,0.0,0.0,11.600939890232516,66.81319810308221,9.53140013787187,0.0,17.16874381254195,54.59730361615449,5.022633313741326,0.0
CN1CCN(C(=O)C2C3CCC(O3)C2C(=O)O)CC1,0,111.85155346219834,19.64320981034171,0.0,0.0,5.907179729351506,0.0,5.9693052879518484,9.589074368143644,0.0,0.0,0.0,0.0,19.88931522852921,26.1790256236503,24.04374486781939,19.432464716784395,11.876485017303354,0.0,9.799819461700954,11.835812092322787,25.04957602134862,33.22669760632749,0.0,0.0,0.0,0.0,0.0,0.0,72.2174622556691,14.325937321943691,11.835812092322787,12.841643245852019,0.0,0.0,0.0
CCC(CC)CC1(C(=O)Nc2ccccc2SC(=O)C(C)C)CCCCC1,0,168.62560431977096,5.316788604006331,0.0,5.11527693018572,5.907179729351506,0.0,0.0,9.589074368143644,0.0,0.0,0.0,71.93179105031577,49.07499000125377,16.228379991075947,5.687386274683562,9.589074368143644,28.471727883611905,0.0,0.0,17.250802561719567,83.95700525768837,5.316788604006331,24.26546827384644,0.0,5.316788604006331,5.687386274683562,0.0,11.761884949391115,11.022456659537227,9.589074368143644,17.250802561719567,79.06152178217059,29.160951749364216,0.0,0.0
CCOC(=O)Nc1ccc(NCc2ccc(F)cc2)nc1N,0,127.04813156079963,15.787319034968565,17.45294639671595,0.0,0.0,0.0,6.093240070938415,5.316788604006331,14.16893075269385,0.0,0.0,12.13273413692322,36.75265696523406,6.544756405912575,12.29426823919648,13.92181518554669,23.416351901292035,0.0,4.983978520947208,0.0,13.4684936056032,22.974126649687765,47.778874743512546,0.0,16.367244685174846,26.508064062100264,0.0,0.0,17.68410055639854,11.281619359712625,5.817220841045894,12.487188691387619,36.39820241076966,0.0,0.0
CC1(C)CNc2cc(NC(=O)c3cccnc3NCc3ccncc3)ccc21,0,163.97981767723633,15.950365812018994,5.817862777835028,0.0,0.0,5.907179729351506,0.0,9.778515705019029,4.983978520947208,0.0,0.0,19.913841467842857,47.52510539416365,48.46980654542827,5.563451491696996,4.794537184071822,23.09981505655366,0.0,9.967957041894415,0.0,25.8072212746906,22.495122217931566,77.74545466916149,0.0,15.950365812018994,17.192635327202154,0.0,0.0,22.419893177158496,11.959746875309353,0.0,35.33236605854405,61.0551001940705,0.0,0.0
CON=C(C(=O)N=C1C(=O)C2C(C(=O)[O-])C(C[N+]3(C)CCCC3)CS[C@H]12)c1csc(N)n1,0,193.04777148721865,24.955351497505973,18.515410538896695,16.626488428974973,0.0,0.0,5.907179729351506,9.589074368143644,9.976383253582876,11.761884949391115,11.336785877934735,5.15571272675054,0.0,47.69758304950075,31.93187923039709,28.81075838848743,57.31332927637489,0.0,4.983978520947208,27.901835597870388,18.091581275834194,45.278259825601424,11.073990765314376,0.0,10.84019487200289,5.131558479839333,0.0,23.09867082732585,83.34463972627292,19.2212001359521,17.75371813848418,18.53557124070048,15.528180229852122,0.0,0.0
CCOC(=O)N1CCC(=C2c3ccc(Cl)cc3CCc3cccnc32)CC1,0,164.35941045226315,9.636772684650527,0.0,0.0,0.0,0.0,6.093240070938415,4.983978520947208,4.794537184071822,0.0,0.0,29.306778557225,67.49647937187048,29.88209422724882,12.300809959361379,9.53140013787187,23.267284491240197,0.0,9.883888251797686,0.0,32.60702369139466,19.696394776338067,69.50869922767117,0.0,0.0,4.794537184071822,0.0,11.600939890232516,35.67352309907417,17.578506199652068,0.0,42.14966291548208,42.1017834439904,5.022633313741326,5.5731045300692665
CN(CCOc1ccc(NS(C)(=O)=O)cc1)CCc1ccc(NS(C)(=O)=O)cc1,0,172.53774717809378,9.636772684650527,12.356393797796823,0.0,20.046582306815168,0.0,0.0,9.444189728904176,16.835593968657875,0.0,0.0,12.13273413692322,55.43014750806985,24.464285361192275,12.511538367022808,21.572456922457924,31.42135485618229,0.0,4.899909730850477,0.0,6.4208216229260096,48.69979485494224,54.09438803938988,5.749511833283905,14.181052682704227,11.374772549367124,5.749511833283905,0.0,60.99110882554642,26.467403929741177,0.0,5.563451491696996,48.53093654769288,0.0,0.0
Cc1ccc(O)c(C(CCN(C(C)C)C(C)C)c2ccccc2)c1,0,146.6919858919264,5.106527394840706,5.749511833283905,0.0,0.0,0.0,0.0,4.899909730850477,0.0,0.0,0.0,48.02802097092827,59.21408258745031,23.565039196154313,0.0,5.106527394840706,0.0,0.0,4.899909730850477,0.0,59.04109532583644,6.544756405912575,65.22129102278387,5.749511833283905,0.0,0.0,5.749511833283905,0.0,28.63487518989968,0.0,6.923737199690624,56.724030942940885,48.53093654769288,0.0,0.0
CCN(CC)CCN(Cc1ccc(-c2ccc(C(F)(F)F)cc2)cc1)C(=O)Cn1c(SCc2ccc(F)cc2)nc(=O)c2c1CCC2,1,275.98327481176506,14.366919109492308,12.36197724695847,5.156436481820707,5.907179729351506,5.559266895052007,6.176298517443475,9.589074368143644,4.39041504767482,18.155223663971668,0.0,74.14029589646525,78.8712519212376,36.64450231102997,5.563451491696996,22.3561973747711,17.66906467874262,0.0,19.350897630439515,0.0,63.2850406859954,26.1790256236503,116.91516370334553,11.126902983393991,5.559266895052007,17.56166019069928,0.0,11.761884949391115,51.43710298344132,42.65484536593925,5.817220841045894,48.2160299839437,82.74737848743187,0.0,11.126902983393991
COc1cc2c(cc1OC)CN(CCc1ccc(NC(=O)c3cccc4c(=O)c5cccc(OC)c5[nH]c34)cc1)CC2,1,243.38059219450176,24.511355986353685,5.749511833283905,16.92781405846835,0.0,5.907179729351506,0.0,14.48898409899412,0.0,0.0,0.0,24.26546827384644,78.0629342686359,36.09410392135088,37.92624555076212,19.005126045471968,33.40041586819718,0.0,9.883888251797686,0.0,19.386399651764595,39.735694039664075,105.2735383642997,17.248535499851716,24.95616785730702,5.687386274683562,17.248535499851716,0.0,50.20997341680694,19.386399651764595,0.0,27.048343150859804,77.59094200561115,0.0,21.805849864162113
CCN(CCCOc1ccc2c(Nc3cc(CC(=O)Nc4cccc(F)c4)[nH]n3)ncnc2c1)CCOP(=O)(O)O,0,234.90007720345852,30.05717309816814,23.711915526929367,5.817862777835028,5.907179729351506,0.0,7.822697123132171,14.416966154084676,18.923420374500566,5.098681808301038,0.0,12.990104268152233,43.29741337114663,41.98978543274519,25.151286269568107,32.79743383769479,41.95591361491835,0.0,25.06523038934697,0.0,19.765380445542643,43.481610354776215,66.36940545835178,5.749511833283905,15.37044016181271,21.71352687802844,5.749511833283905,7.822697123132171,73.60726647096698,20.304154253640977,5.817220841045894,19.038486817465095,54.858256622457425,0.0,10.902924932081056
Oc1cc(O)c2c(c1)O[C@H](c1cc(O)c(O)c(O)c1)[C@H](O)C2,0,124.45644025790456,35.37602732284428,17.248535499851716,23.352501887600017,0.0,0.0,0.0,0.0,0.0,0.0,0.0,0.0,12.13273413692322,29.68045874324322,6.103966387748303,35.37602732284428,0.0,0.0,0.0,0.0,18.628754398422615,0.0,35.392371257240434,34.49707099970343,4.736862953800049,0.0,34.49707099970343,0.0,36.74313075679253,6.4208216229260096,0.0,17.230869371142294,24.26546827384644,0.0,0.0
COC1C(OC(=O)C=CC=CC=CC=CC(=O)O)CCC2(CO2)C1C1(C)OC1CC=C(C)C,0,194.9687541365469,24.0539792100409,23.41003439746398,0.0,0.0,0.0,11.938610575903697,0.0,9.589074368143644,0.0,0.0,48.105245277906434,40.0336764678499,19.261837754945294,18.628754398422615,33.64305357818454,11.938610575903697,0.0,0.0,5.917906046161393,69.54767725306218,13.716679505790452,60.257285491574194,0.0,0.0,0.0,0.0,0.0,60.275818261747126,28.536526183343838,5.917906046161393,40.0336764678499,60.257285491574194,0.0,0.0
O=C(Nc1ccc([N+](=O)[O-])cc1Cl)c1cc(Cl)ccc1O,0,128.61856565206855,10.423315998847038,5.749511833283905,0.0,0.0,11.594566004035068,0.0,14.908855452837393,0.0,0.0,0.0,23.20187978046503,24.26546827384644,17.155367450664546,21.196782128939553,14.824375627730198,40.48383205918366,0.0,0.0,0.0,0.0,5.316788604006331,62.12123879871488,5.749511833283905,5.316788604006331,11.374772549367124,5.749511833283905,23.20187978046503,15.937018173009882,0.0,10.114318268765572,10.357988675768818,36.39820241076966,10.045266627482652,0.0
Cn1cc(CNCC2CCN(c3ncc(C(O)=NO)cn3)CC2)c2ccccc21,1,169.05476194638052,25.097578402266162,0.0,0.0,5.948339280986494,5.897745344357611,0.0,0.0,9.967957041894415,0.0,0.0,18.19910120538483,42.08983698483514,56.17539684733519,5.563451491696996,10.313780419617995,22.74900955742516,0.0,19.8518452936921,18.121290755589122,19.386399651764595,24.534178948588202,53.98290197207966,0.0,10.216698334856808,5.948339280986494,0.0,0.0,50.38085167139909,13.592428388589765,5.917906046161393,23.96854622924601,48.011711715436206,0.0,10.902924932081056
CN1C(C(=O)Nc2ccccn2)C(=O)c2ccccc2S1(=O)=O,0,132.55559855687878,5.316788604006331,5.817862777835028,11.8250857755129,10.023291153407584,5.907179729351506,0.0,9.589074368143644,13.401775505276145,4.305215991296233,0.0,18.19910120538483,24.26546827384644,18.80796704598726,4.895483475517775,18.00687135247258,27.531578606959055,0.0,9.28919451224344,0.0,10.937324304665736,12.36446058668352,54.22486454254134,0.0,5.316788604006331,5.817862777835028,0.0,0.0,42.48692898411397,14.817828337479405,0.0,10.357988675768818,53.556896526362124,0.0,0.0
CN(C)CCc1c[nH]c2ccc(CC3COC(=O)N3)cc12,0,123.82069701725216,19.937539809604065,6.606881964512918,0.0,0.0,0.0,6.093240070938415,0.0,4.794537184071822,0.0,0.0,6.06636706846161,50.1966243315236,23.64452490960671,6.041840829147961,9.53140013787187,16.996165003019474,0.0,15.200676855804016,0.0,18.88348407499998,27.246982335779872,35.5228477603919,0.0,5.316788604006331,4.794537184071822,0.0,0.0,49.265951487663926,17.578506199652068,0.0,11.126902983393991,24.395944776997904,0.0,10.902924932081056
Nc1ncn(C2OC(CO)C(O)C2O)c(=O)n1,0,95.11685725053702,25.790112615484354,24.639219238009446,6.22790117073487,5.948339280986494,0.0,5.689743398203474,4.567099647791355,9.778515705019029,4.983978520947208,0.0,0.0,0.0,0.0,6.606881964512918,20.056445138322168,5.948339280986494,0.0,14.53505668968577,0.0,24.539800333979777,12.340549441675103,16.811600657039836,0.0,11.423410875365658,5.948339280986494,0.0,0.0,54.773420001965704,4.736862953800049,0.0,6.22790117073487,11.121857258836364,0.0,0.0
C#C[C@]1(O)CC[C@H]2[C@@H]3CC=C4CC(=O)CCC4[C@H]3C(=C)C[C@@]21CC,0,144.95548599577197,5.106527394840706,11.384295757348628,0.0,0.0,0.0,0.0,4.794537184071822,0.0,0.0,6.423349895620259,36.645336369117175,62.19655392220163,18.256633715248796,0.0,9.901064578912528,5.783244946364939,0.0,0.0,29.08661465404235,63.89136099408239,0.0,23.801164850570913,12.343784214475903,0.0,0.0,0.0,0.0,16.490823152189332,4.794537184071822,41.430398868518246,58.29031018309871,23.801164850570913,0.0,0.0
Cc1c(-c2ccnn2C)cc(C(=O)NCc2ccc(S(C)(=O)=O)cn2)c(=O)n1-c1cccc(C(F)(F)F)c1,0,215.04375030377884,5.316788604006331,5.563451491696996,9.837253136417502,0.0,11.466446624403513,6.176298517443475,23.82195547202739,8.417796984328938,18.269926951325495,0.0,6.06636706846161,49.38830667892189,42.641894070643765,28.391547362824266,26.383579311425223,15.744432865769006,0.0,24.648351516191116,7.04767198267719,24.54027559856445,6.255769183511404,93.79318674313379,16.944765761229018,10.876055499058339,13.171245143024459,0.0,0.0,39.912308809376626,29.605980042450742,6.923737199690624,27.309296157162734,70.61464435050863,0.0,16.944765761229018
CN1CCC(=C2c3ccccc3CCc3sccc32)CC1,0,130.47190795650263,4.899909730850477,0.0,0.0,0.0,0.0,0.0,0.0,0.0,0.0,11.336785877934735,29.838572803915707,66.440847318469,17.96666000552645,0.0,0.0,16.909890408004003,0.0,4.899909730850477,0.0,25.683286491704038,20.13718479450234,62.85250431163551,0.0,0.0,0.0,0.0,11.336785877934735,25.037094525352817,12.841643245852019,0.0,34.4091449146443,41.28500264284323,0.0,5.5731045300692665
COc1cc(C(=O)OCCCCN=C(N)N)cc(OC)c1O,0,128.2224354553158,30.784451210565223,0.0,17.458578235311645,5.749511833283905,0.0,5.9693052879518484,4.992404732635668,4.794537184071822,0.0,0.0,0.0,24.974377382775238,6.544756405912575,26.38992853876498,24.111653440312672,11.928859856695684,0.0,0.0,16.459739686960038,12.841643245852019,27.37123345298056,17.696185628620217,17.248535499851716,20.94106086192447,0.0,17.248535499851716,0.0,44.406620704516946,4.736862953800049,0.0,23.19963192162084,17.12513886955889,0.0,0.0
CC1(c2nc3c(C(N)=O)cccc3[nH]2)CCCN1,0,104.77697256670793,16.034434602115724,11.341105215616189,0.0,0.0,5.907179729351506,0.0,4.794537184071822,4.983978520947208,0.0,0.0,6.06636706846161,38.44287098837844,0.0,16.619077461696605,4.794537184071822,16.94058116458403,0.0,15.284745645900745,5.733667477162185,25.304305697925987,6.544756405912575,29.58695719508175,0.0,11.050456081168516,0.0,0.0,0.0,22.419893177158496,5.538925252383345,0.0,35.94777361931139,18.19910120538483,0.0,11.033401435232523
N#Cc1ccc(C(c2ccc(C#N)cc2)n2cncn2)cc1,0,127.25245867565965,0.0,18.696480978677045,0.0,0.0,0.0,0.0,0.0,9.665781456092391,15.62246491777801,0.0,24.26546827384644,35.392371257240434,0.0,23.26534560897854,0.0,0.0,10.523783109476973,14.764463264393429,0.0,6.041840829147961,0.0,83.43938266400995,12.138442625584547,0.0,0.0,0.0,0.0,14.764463264393429,0.0,22.66222573506152,28.29564679593594,61.18557669722197,0.0,0.0
CC(Cn1cnc2c(N)ncnc21)OCP(=O)(O)O,0,108.15575580652722,24.82445328425854,18.19199116143563,11.465039998602755,0.0,0.0,7.595762326787885,4.565048284931329,14.951935562841623,0.0,0.0,0.0,6.923737199690624,0.0,18.976042868425417,19.08873444423633,24.577503043006903,0.0,19.51903521063298,0.0,19.5724599933515,12.081637846217014,12.654640149529083,0.0,5.733667477162185,5.817862777835028,0.0,7.595762326787885,41.75779517294105,15.846667644643954,0.0,6.923737199690624,12.654640149529083,0.0,11.16387793838399
NCCS,0,31.599150502640594,5.733667477162185,0.0,0.0,0.0,0.0,0.0,0.0,0.0,12.628789148012991,0.0,0.0,0.0,12.297610012659364,0.0,0.0,12.628789148012991,0.0,0.0,5.733667477162185,0.0,12.297610012659364,0.0,0.0,5.733667477162185,0.0,0.0,12.628789148012991,12.297610012659364,0.0,0.0,0.0,0.0,0.0,0.0
N=C(N)c1ccc(OCCCCCOc2ccc(C(=N)N)cc2)cc1,0,147.320665977906,20.94106086192447,23.17026323808235,0.0,0.0,0.0,0.0,10.818567211583044,0.0,0.0,0.0,0.0,67.79340141647091,11.126902983393991,13.213763929025836,9.473725907600098,11.671239571514539,10.818567211583044,0.0,11.46733495432437,19.26246486877803,13.213763929025836,59.65783953108687,11.49902366656781,20.94106086192447,0.0,11.49902366656781,0.0,24.885003500540375,0.0,10.818567211583044,30.38936785217202,48.53093654769288,0.0,0.0
COc1ccc(C=CC(=O)CC(=O)/C=C/c2ccc(OC)c(OC)c2)cc1OC,1,169.90087963767024,18.947451815200196,0.0,34.5645372258655,0.0,0.0,0.0,9.589074368143644,0.0,0.0,0.0,24.284774350590983,47.544411470908194,0.0,34.86001178803615,28.536526183343838,23.71853010639764,0.0,0.0,0.0,6.4208216229260096,28.439190165110134,59.67714560783141,22.99804733313562,18.947451815200196,0.0,22.99804733313562,0.0,40.00568005784001,9.589074368143644,0.0,17.54772460632,48.55024262443742,0.0,12.152040213667762
CCCC(CCC)C(=O)O,0,62.24960168084558,5.106527394840706,0.0,0.0,0.0,0.0,5.9693052879518484,4.794537184071822,0.0,0.0,0.0,26.689117645233267,12.841643245852019,0.0,5.917906046161393,9.901064578912528,5.9693052879518484,0.0,0.0,5.917906046161393,39.53076089108528,0.0,0.0,0.0,0.0,0.0,0.0,0.0,11.075832682792555,4.794537184071822,5.917906046161393,39.53076089108528,0.0,0.0,0.0
Cc1ccn(-c2cc(Cl)ccc2C(Oc2cc(-c3ccc(CC(N)C(=O)O)cc3)nc(N)n2)C(F)(F)F)n1,0,219.38782275435503,21.310725302965125,6.041840829147961,0.0,17.932294005170167,0.0,12.145603805395323,4.794537184071822,9.665781456092391,23.253905472272706,0.0,41.932775232540564,37.10711151969846,28.412746937210002,17.075242264380485,27.809172675737038,23.51858445917086,0.0,19.74844178534064,5.733667477162185,31.66666455695637,5.733667477162185,82.63761147975136,22.82475409766439,16.20419790812442,19.119584424010952,5.879988336435371,11.600939890232516,43.042413814724625,11.21535880699783,6.923737199690624,22.924797365990756,60.794147187767564,5.022633313741326,16.944765761229018
Nc1nc(OCc2cc(Br)cs2)c2[nH]cnc2n1,0,114.36455513811906,15.454508951909443,12.123582682129179,5.647177220767728,11.828327617421866,0.0,0.0,0.0,4.983978520947208,9.967957041894415,11.336785877934735,0.0,21.99631096641096,14.72992947999963,6.3273200747645415,4.736862953800049,44.378946995254566,0.0,19.93591408378883,0.0,6.606881964512918,5.733667477162185,27.12361662322578,5.879988336435371,10.470530430962235,5.948339280986494,5.879988336435371,27.266729775884084,19.93591408378883,6.606881964512918,0.0,4.877147193701299,22.24646942952448,0.0,11.16387793838399
O=C(NCC1CCCCN1)c1cc(OCC(F)(F)F)ccc1OCC(F)(F)F,0,156.92148456816147,20.10730311561276,11.49902366656781,13.213763929025836,0.0,5.907179729351506,12.35259703488695,4.794537184071822,0.0,26.34249028604892,0.0,6.4208216229260096,37.58550085714943,12.586597235060536,5.563451491696996,40.61075337772084,5.907179729351506,0.0,10.633577208012662,0.0,37.65690273281294,26.303276740850986,23.762552697081826,11.49902366656781,20.10730311561276,26.34249028604892,11.49902366656781,0.0,50.60489433423741,0.0,0.0,29.620453544546844,18.19910120538483,0.0,0.0
OC(CCN1CCCCC1)(c1ccccc1)c1ccccc1,0,132.95627050960408,10.006437125691182,5.601050810983688,0.0,0.0,0.0,0.0,0.0,0.0,0.0,0.0,67.0844923075421,43.47888066399717,6.544756405912575,0.0,5.106527394840706,0.0,0.0,4.899909730850477,0.0,31.284337302687725,19.634269217737724,71.7905736680101,0.0,0.0,0.0,0.0,0.0,29.64070634342891,5.601050810983688,0.0,36.81018947509803,60.6636706846161,0.0,0.0
N=C(N)NN=Cc1c(Cl)cccc1Cl,1,91.20838218803416,5.733667477162185,0.0,0.0,5.959554568743835,0.0,0.0,5.409283605791522,5.425791397110385,5.101407525739722,0.0,29.268246848926644,12.13273413692322,5.563451491696996,16.25986720701797,0.0,35.37603492874418,5.409283605791522,5.425791397110385,10.835075002901906,0.0,0.0,33.80781932456448,0.0,11.15945887427257,0.0,0.0,23.20187978046503,12.174155148279151,0.0,5.409283605791522,5.563451491696996,23.300508731124552,10.045266627482652,0.0
CN1CCC(=C2c3ccccc3C=Cc3ccccc32)CC1,0,132.14194165390688,4.899909730850477,0.0,0.0,0.0,0.0,0.0,0.0,0.0,0.0,0.0,66.25608129142991,47.71622572538645,13.08951281182515,0.0,0.0,17.72514474373703,0.0,4.899909730850477,0.0,12.841643245852019,20.13718479450234,76.35784704455014,0.0,0.0,0.0,0.0,0.0,25.037094525352817,0.0,0.0,35.09544921264,54.10404107776215,0.0,17.72514474373703
CC(C)n1c(=O)cc(N[C@@H](C)c2ccccc2)[nH]c1=O,0,116.83538172972797,5.316788604006331,5.817862777835028,0.0,0.0,5.559266895052007,5.689743398203474,14.345615352810384,4.794537184071822,0.0,0.0,30.33183534230805,26.334663090768867,18.150048726757532,0.0,0.0,5.817862777835028,0.0,9.551078168738563,0.0,32.85489325736779,5.316788604006331,62.79973856386578,0.0,16.565798897261814,5.817862777835028,0.0,0.0,9.551078168738563,0.0,0.0,38.41834474906479,45.987276778913305,0.0,0.0
CC(C)(C(=O)O)c1ccc(C(O)CCCN2CCC(C(O)(c3ccccc3)c3ccccc3)CC2)cc1,0,219.95300700648343,20.219491915372593,5.601050810983688,0.0,0.0,0.0,5.9693052879518484,4.794537184071822,0.0,0.0,0.0,84.92913895846256,87.33674212177239,0.0,11.518956857145081,20.11411936859394,5.9693052879518484,0.0,4.899909730850477,5.917906046161393,56.65076855921404,19.634269217737724,107.18294492525057,0.0,0.0,0.0,0.0,0.0,45.823066421062165,15.81057846445229,5.917906046161393,67.88853324562157,84.92913895846256,0.0,0.0
CC12C=CC(=O)C=C1CCC1C3CC(O)C(O)(C(=O)CO)C3(C)CC(O)C12F,0,162.30107724907413,20.426109579362823,6.606881964512918,22.836300522459243,0.0,0.0,0.0,9.589074368143644,4.39041504767482,0.0,0.0,18.572861836593773,50.676969951223825,16.747886984954953,12.207932775496605,34.405598995181286,11.566489892729878,0.0,0.0,22.665793031116344,63.00850429631125,6.606881964512918,23.80116485057091,0.0,0.0,4.39041504767482,0.0,0.0,62.07722484183158,9.589074368143644,22.665793031116344,39.53076089108529,23.80116485057091,0.0,0.0
Nc1nc(=O)c2c([nH]1)NCC(CNc1ccc(C(=O)NC(CCC(=O)O)C(=O)O)cc1)N2C=O,1,191.7167722005419,41.780976330660266,11.85970360698299,5.687386274683562,12.358434587102614,5.907179729351506,17.497877470955704,19.178148736287287,4.794537184071822,4.983978520947208,0.0,0.0,30.68628989677245,30.761172201131718,6.041840829147961,29.3912035259687,47.39686021955997,0.0,15.284745645900745,0.0,24.92532490414794,34.35666722785047,40.182723844667265,0.0,32.14320991508366,23.140974608188646,0.0,0.0,69.61009191306822,14.383611552215466,0.0,23.19963192162084,29.060005457918262,0.0,0.0
Nc1ccccc1NC(=O)c1ccc(CNc2nccc(-c3cccnc3)n2)cc1,0,173.5926510735943,16.367244685174846,0.0,0.0,5.948339280986494,5.907179729351506,0.0,9.778515705019029,9.967957041894415,0.0,0.0,24.26546827384644,48.02802097092827,36.262190104145795,17.068700544215584,4.794537184071822,23.230291559705126,0.0,14.951935562841623,0.0,6.544756405912575,16.367244685174846,96.44747145131095,11.257379486545457,16.367244685174846,17.323111830353618,0.0,0.0,20.859115292193128,6.544756405912575,0.0,15.921440167465814,85.32056846791696,0.0,11.257379486545457
NC(=O)/C(=C/n1cnc(-c2cc(C(F)(F)F)cc(C(F)(F)F)c2)n1)c1cncnc1,1,163.4415016858381,5.733667477162185,12.654640149529083,5.824404497999927,0.0,5.907179729351506,12.35259703488695,4.794537184071822,19.633738497986805,26.34249028604892,5.098681808301038,0.0,18.19910120538483,29.720545016440592,16.70000751346326,31.137027470120742,17.68023914924122,0.0,24.732420306287846,5.733667477162185,12.35259703488695,0.0,59.93778297323105,11.387855989696924,5.733667477162185,26.34249028604892,0.0,0.0,30.63960003563935,17.147134218958772,0.0,16.690354475090988,43.24742849814007,0.0,23.160915409586636
CCC1C(=O)N(C)c2cnc(Nc3ccc(C(=O)NC4CCN(C)CC4)cc3OC)nc2N1C1CCCC1,1,224.2950726934259,30.070169354364143,17.478738937115427,5.817862777835028,11.855519010338,5.907179729351506,0.0,9.589074368143644,4.983978520947208,4.983978520947208,0.0,19.765380445542643,70.44039411451722,24.69480513267011,18.99402738757417,14.325937321943693,34.95533406689165,0.0,20.184655376751223,0.0,69.99501104761659,49.41126238416435,29.9593962686949,5.749511833283905,25.170259623513665,23.140974608188646,5.749511833283905,0.0,79.10240303734884,4.794537184071822,0.0,62.22747723594152,24.395944776997904,0.0,0.0
CCCSc1nc(NC2CC2c2ccc(F)c(F)c2)c2nnn(C3CC(OCCO)C(O)C3O)c2n1,0,209.63766750651945,25.373233742328495,12.207932775496605,33.77261888013152,0.0,0.0,0.0,0.0,23.43059007238924,0.0,5.098681808301038,29.965374313198215,30.537828874472233,24.133422104982152,25.3595711459221,28.837275233671804,28.74362566561013,0.0,24.961826880995506,0.0,67.65612541799157,24.283406139778958,35.39699437917362,0.0,5.316788604006331,14.598692873184667,0.0,11.761884949391115,83.60176659368311,4.736862953800049,11.634441682091788,43.709400435475004,23.355537687205537,0.0,11.16387793838399
C[C@]12CCC(=O)C=C1CC[C@@H]1C2C(=O)C[C@@]2(C)[C@H]1CC[C@]2(O)C(=O)CO,0,153.39819947398385,10.213054789681411,17.991177721861547,11.566489892729878,0.0,0.0,0.0,14.383611552215466,0.0,0.0,0.0,19.420578929450514,55.4309307831835,24.174539761410188,0.0,24.596666341896878,17.34973483909482,0.0,0.0,28.583699077277736,64.39427657084701,6.606881964512918,11.649124636903148,0.0,0.0,0.0,0.0,0.0,39.77072240427283,14.383611552215466,28.583699077277736,58.79322575986332,11.649124636903148,0.0,0.0
CNC(=O)c1cc(Oc2ccc(NC(=O)Nc3ccc(Cl)c(C(F)(F)F)c3)cc2)ccn1,0,185.11105638623687,20.68722876581904,17.19295166141627,0.0,0.0,5.907179729351506,12.207413029781547,9.778515705019029,4.794537184071822,13.171245143024459,0.0,11.600939890232516,48.53093654769288,30.685655172119,10.586084805438322,27.497182464968155,34.914006681289216,0.0,10.300767124953538,0.0,6.176298517443475,17.68124919068985,77.07415998805435,11.49902366656781,20.68722876581904,29.340554876463408,11.49902366656781,11.600939890232516,23.969944745313974,6.176298517443475,0.0,16.051916670617278,60.794147187767564,5.022633313741326,0.0
CCCc1cc(=O)[nH]c(=S)[nH]1,1,69.48582777182844,4.983978520947208,0.0,4.771065770590158,0.0,5.559266895052007,0.0,9.778515705019029,0.0,0.0,0.0,13.344558822616634,18.638695065972705,11.760295063310071,0.0,0.0,12.217873443046695,0.0,9.967957041894415,0.0,19.765380445542643,0.0,26.88516491302406,0.0,5.559266895052007,0.0,0.0,12.217873443046695,9.967957041894415,6.4208216229260096,4.771065770590158,19.038486817465095,10.860904252533432,0.0,0.0
Cc1[nH]c(=O)c(C#N)cc1-c1ccc2nccn2c1,0,108.32993969297206,9.384673127209002,17.279850025256998,0.0,0.0,5.559266895052007,0.0,4.794537184071822,4.983978520947208,5.261891554738487,0.0,0.0,25.122838405075452,35.41136169308168,0.0,0.0,5.647177220767728,5.261891554738487,14.36865164815621,0.0,6.923737199690624,0.0,58.40081548589333,17.196124296186266,5.559266895052007,0.0,0.0,0.0,14.36865164815621,0.0,18.254850067221383,11.257379486545457,41.58416910429588,0.0,16.77408020416172
O=C1C(O)c2c(O)cc(O)cc2OC1c1cc(O)c(O)c(O)c1,0,128.6179623579483,35.37602732284428,23.352501887600017,23.352501887600017,5.783244946364939,0.0,0.0,4.794537184071822,0.0,0.0,0.0,0.0,12.13273413692322,17.696185628620217,5.563451491696996,40.1705645069161,5.783244946364939,0.0,0.0,0.0,12.207932775496605,0.0,35.392371257240434,34.49707099970343,4.736862953800049,0.0,34.49707099970343,0.0,36.42240931540917,4.794537184071822,0.0,23.3348357588906,24.26546827384644,0.0,0.0
Cc1[nH]c(=O)c(C#N)cc1-c1ccncc1,0,92.21177929775969,4.983978520947208,11.63267280448927,0.0,0.0,5.559266895052007,0.0,9.778515705019029,0.0,5.261891554738487,0.0,0.0,30.686289896772447,23.65106662977161,0.0,0.0,0.0,5.261891554738487,9.967957041894415,0.0,6.923737199690624,0.0,52.20397191428027,17.196124296186266,5.559266895052007,0.0,0.0,0.0,9.967957041894415,0.0,18.254850067221383,11.257379486545457,35.38732553268281,0.0,11.126902983393991
CC1(O)CC(c2nc(-c3ccc4ccc(-c5ccccc5)nc4c3)c3c(N)nccn23)C1,1,184.95736426907467,10.84019487200289,22.852895988299675,0.0,0.0,0.0,0.0,4.400694606261793,14.951935562841623,0.0,0.0,48.53093654769288,31.898114582465862,34.82472038724633,16.81167952344841,5.106527394840706,22.237488427532345,0.0,19.352630169103417,0.0,31.28433730268772,5.733667477162185,78.88176232584217,22.514758973090913,5.733667477162185,5.817862777835028,0.0,0.0,30.06020837492781,0.0,0.0,31.507690989703963,73.05735782784225,0.0,38.93438462278823
COCc1c(-c2ccc(NC(=O)Nc3cc(C(F)(F)F)ccc3F)c(F)c2)c2c(N)ncnn2c1CN1CCOCC1,1,235.76588764129625,25.840970592774944,23.478462474472593,5.817862777835028,0.0,0.0,12.207413029781547,4.899909730850477,23.07474369398429,18.269926951325495,0.0,6.06636706846161,35.89528683400505,37.87096974240925,42.45279792945133,36.22033833004602,28.74045055715649,0.0,19.497967953714344,0.0,19.32793688786897,49.78031896730336,71.18079514586844,11.126902983393991,16.367244685174846,43.939247749648075,0.0,0.0,58.94215674818092,28.801662795469067,11.634441682091788,16.82083097824245,42.725522485534206,0.0,16.643603701010253
Cc1c(O)cccc1C(=O)NC(CSc1ccccc1)C(O)CN1CC2CCCCC2CC1C(=O)NC(C)(C)C,0,242.66985707369898,20.846631997694075,5.749511833283905,0.0,5.907179729351506,5.907179729351506,0.0,14.48898409899412,0.0,0.0,11.761884949391115,43.52793314262448,76.63787241078373,40.403678129867046,18.187648046044224,19.802129157825057,23.576244408094126,0.0,15.533486938863138,11.835812092322787,88.4211136873379,18.842366418571938,59.65783953108687,5.749511833283905,10.633577208012662,0.0,5.749511833283905,11.761884949391115,69.4962636962344,4.794537184071822,18.75954929201341,68.79675988116773,53.42642002321065,0.0,0.0
C[C@]12CC[C@@H](O)C[C@@H]1CC[C@@H]1[C@@H]2CC[C@]2(C)C(=O)CC[C@@H]12,0,128.24064032509136,5.106527394840706,5.783244946364939,0.0,0.0,0.0,0.0,4.794537184071822,0.0,0.0,0.0,13.847474399381248,80.45318763745044,11.835812092322788,6.103966387748303,9.901064578912528,5.783244946364939,0.0,0.0,34.50160512343913,77.73883539346366,0.0,0.0,0.0,0.0,0.0,0.0,0.0,16.993738728953947,4.794537184071822,34.50160512343913,71.63486900571534,0.0,0.0,0.0
NCCc1c[nH]cn1,0,47.92998644726371,10.717645998109393,0.0,0.0,0.0,0.0,0.0,0.0,4.983978520947208,0.0,0.0,0.0,6.544756405912575,12.617665194539086,12.021248069613002,0.0,0.0,0.0,9.967957041894415,5.733667477162185,6.4208216229260096,6.544756405912575,18.21809164122608,0.0,5.733667477162185,0.0,0.0,0.0,16.51271344780699,6.4208216229260096,0.0,5.693927994848461,12.524163646377618,0.0,0.0
CC(N)C(=O)NC(Cc1ccc2ccccc2c1)C(=O)NC(Cc1c[nH]c2ccccc12)C(=O)NC(Cc1ccccc1)C(=O)NC(CCCCN)C(N)=O,0,319.7137704009377,43.45213536845908,24.167363316591842,0.0,29.535898646757527,0.0,0.0,23.97268592035911,0.0,0.0,0.0,90.99550602692418,66.26012844686343,36.36223337247216,6.041840829147961,23.97268592035911,51.21127200776817,0.0,26.25113293697253,17.201002431486554,75.65787108298649,6.544756405912575,119.94907114208988,0.0,38.46815684751188,0.0,0.0,0.0,71.27383771935712,43.23515078913714,0.0,42.876556543559644,103.25871666699888,0.0,21.67537336101065
O=c1[nH]c(=O)n(C2CC(O)C(CO)O2)cc1C(F)(F)F,0,108.78615524360087,14.94991774348146,17.895319050180166,0.0,0.0,5.559266895052007,11.86604191564695,14.345615352810384,4.794537184071822,13.171245143024459,0.0,0.0,0.0,12.617665194539086,12.71084835226122,28.12116288650592,0.0,0.0,9.551078168738563,0.0,31.032954086600956,6.606881964512918,32.5983797247092,0.0,11.24901029325548,13.171245143024459,0.0,0.0,38.578947698429495,10.913161471243523,0.0,18.212174285357875,15.78591793975672,0.0,0.0
COCC1=C(C(=O)OC(C)OC(=O)OC(C)C)N2C(=O)C(=NC(=O)C(NOC)c3csc(N)n3)[C@H]2SC1,0,219.99497919998814,29.518707876099015,16.782597128795274,11.173399308987292,6.290026729335213,11.814359458703011,12.124670917490608,14.48898409899412,19.56545762172652,5.480096598121202,23.09867082732585,0.0,19.420578929450514,25.166451118180863,25.514573888387215,42.96318913522411,57.88094468612951,0.0,15.363984849918886,4.992404732635668,44.580918358272086,32.31299813097696,22.344134608439475,0.0,11.213764075283386,9.926095663911155,0.0,23.09867082732585,83.88180021462902,38.16865195115229,0.0,32.50698042306829,21.642611346226683,0.0,0.0
Cc1ccccc1N1C(=O)c2cc(S(N)(=O)=O)c(Cl)cc2NC1C,1,144.8175853997828,5.316788604006331,11.061259087652303,0.0,10.023291153407584,5.907179729351506,0.0,9.694446914922299,13.556770721936878,0.0,0.0,29.800041095617345,37.61002709646307,5.687386274683562,16.273471080121883,13.212334168400758,38.90618332235873,0.0,0.0,5.138973737607942,24.90873348703355,10.216698334856808,52.547738707904976,0.0,15.355672072464749,11.374772549367124,0.0,11.600939890232516,20.49075232581497,10.023291153407584,6.923737199690624,22.845177367156438,41.293685886287435,5.022633313741326,0.0
CC1CC2C3CC=C4CC(=O)C=CC4(C)C3(F)C(O)CC2(C)C1(O)C(=O)COP(=O)(O)O,0,185.32917526745263,19.999877995186363,12.207932775496605,17.235249711475557,0.0,0.0,7.822697123132171,14.112821529855461,8.955463332606149,0.0,0.0,31.572619143118274,44.09803426762532,23.16870860788096,6.103966387748303,43.06816285764796,19.38918701586205,0.0,0.0,28.583699077277736,63.82827510825357,6.606881964512918,23.80116485057091,0.0,0.0,4.39041504767482,0.0,7.822697123132171,55.547026869906816,18.67786981478679,28.583699077277736,46.454498090775914,23.80116485057091,0.0,0.0
CCC(C)C(=O)OC1CCC=C2C=CC(C)C(CCC3CC(O)CC(=O)O3)C21,0,167.71564643089602,14.580253302440804,12.207932775496605,0.0,0.0,0.0,11.938610575903697,9.589074368143644,0.0,0.0,0.0,38.999271919573516,49.51302473702211,12.338727669087403,18.442694056835705,24.169327670584448,11.938610575903697,0.0,0.0,23.671624184645573,84.02886212279886,0.0,23.80116485057091,0.0,0.0,0.0,0.0,0.0,35.35703713398931,19.06280027574374,23.671624184645573,65.71696295955395,23.80116485057091,0.0,0.0
CNC(=O)C(Cc1c[nH]c2ccccc12)NC(=O)C(CC(O)=NO)CC(C)C,1,163.56213050203954,25.931336148577866,6.041840829147961,0.0,17.712104803060623,0.0,0.0,9.589074368143644,0.0,0.0,0.0,37.20228833151662,23.96854622924601,42.90698977838474,0.0,19.90285478776164,28.615029735141682,0.0,15.617555728959868,16.991524819073327,39.15178009730724,7.04767198267719,36.02576333715651,0.0,10.633577208012662,0.0,0.0,0.0,46.099376555450974,16.00989599106965,11.835812092322787,32.25256913693026,35.618024572210054,0.0,10.902924932081056
O=c1ccn([C@@H]2O[C@H](COP(=O)(O)OP(=O)(O)OP(=O)(O)O)[C@@H](O)[C@H]2O)c(=O)[nH]1,0,159.0910096411555,34.52356415449136,18.31189916324491,6.22790117073487,0.0,5.559266895052007,29.157834767599986,18.8693625145222,18.48968203886581,8.621262739247173,0.0,0.0,0.0,12.263210640074686,6.606881964512918,61.36371891024433,23.46809136939651,0.0,9.551078168738563,0.0,24.539800333979777,6.606881964512918,33.10129530147381,0.0,11.24901029325548,0.0,0.0,23.46809136939651,64.25656049718769,31.577017709553026,0.0,6.22790117073487,21.85228500821833,0.0,0.0
N=C(N)NCCCC(N)C(=O)NC(CCCN=C(N)N)C(=O)N1CCCC1C(=O)N1C[C@H](O)CC1C(=O)NCC(=O)NC(Cc1cccs1)C(=O)NC(CO)C(=O)N1Cc2ccccc2CC1C(=O)N1C(C(=O)NC(CCCN=C(N)N)C(=O)O)C[C@@H]2CCCC[C@@H]21,0,535.8336386263089,101.22195759493515,48.33472663318368,17.878663706231507,53.16461756416355,0.0,5.9693052879518484,58.54492772770925,4.794537184071822,0.0,11.336785877934735,43.173478588160066,99.12027672066903,69.44999132710274,25.297445587321757,63.26495402524033,88.34937243628167,5.409283605791522,51.50037054743989,50.30472037440584,175.80027705195664,45.875420399988364,57.78231535833086,0.0,66.3027364870111,0.0,0.0,11.336785877934735,224.3296027454872,67.33177149248282,11.327189651952915,105.89555289805945,51.763074646506915,0.0,0.0
CCOC(=O)C(CCc1ccccc1)NC(C)C(=O)N1C(=O)N(C)CC1C(=O)O,0,169.158158473413,14.743300079491233,6.041840829147961,6.041840829147961,5.907179729351506,0.0,17.96972508824177,14.905862972149976,14.48898409899412,0.0,0.0,30.33183534230805,32.25256913693026,7.04767198267719,19.193479199573453,29.021539084928037,23.876904817593275,0.0,15.116608065707286,0.0,44.81464013267715,20.199310353102682,35.89528683400505,0.0,5.316788604006331,4.794537184071822,0.0,0.0,77.10808451468151,25.54129612894152,0.0,25.831747514004253,30.33183534230805,0.0,0.0
CCOc1cc(N)c(Cl)cc1C(=O)NCC1CN(Cc2ccc(F)cc2)CCO1,0,174.2741459412908,20.524181988768614,11.5667326743298,0.0,0.0,5.907179729351506,0.0,9.694446914922299,4.39041504767482,0.0,0.0,23.733674027155736,30.686289896772447,32.24539269211191,35.59120139689602,18.65867813934674,23.195505894267583,0.0,10.216698334856808,0.0,19.5724599933515,38.58170062392575,58.36495954895087,5.749511833283905,15.787319034968565,10.077801322358383,5.749511833283905,11.600939890232516,49.75908899471384,11.281619359712625,5.817220841045894,22.845177367156435,36.39820241076966,5.022633313741326,0.0
O=c1c(OC2OC(CO)C(O)C(O)C2O)c(-c2ccc(O)c(O)c2)oc2cc(O)cc(O)c12,0,183.90128279078127,54.74309600337909,46.88413357366806,17.25927108544225,17.46832895451966,0.0,0.0,4.794537184071822,0.0,0.0,0.0,0.0,18.19910120538483,17.696185628620217,6.606881964512918,54.74309600337909,10.969244356107037,0.0,0.0,0.0,30.70589228032842,6.606881964512918,40.55516291828041,40.07125807699096,10.16565334570059,0.0,28.747559166419524,0.0,78.16499340356698,4.736862953800049,0.0,0.0,39.54352346343322,0.0,22.292943266678478
O=C(NCCO[N+](=O)[O-])c1cccnc1,0,85.17782117876975,10.154377187742964,6.606881964512918,0.0,0.0,10.993798772284048,0.0,9.778515705019029,0.0,0.0,10.114318268765572,0.0,12.13273413692322,18.93844354913873,5.563451491696996,14.718744810740997,5.907179729351506,0.0,10.300767124953538,0.0,0.0,13.151638370425493,40.20419104061193,0.0,5.316788604006331,0.0,0.0,0.0,29.12941566365675,4.8375885837366335,10.114318268765572,10.357988675768818,24.526421280149375,0.0,0.0
CN1CCCC1CCOC(C)(c1ccccc1)c1ccc(Cl)cc1,0,149.9437903281932,9.636772684650527,5.601050810983688,0.0,0.0,0.0,0.0,0.0,0.0,0.0,0.0,54.06550936946379,63.03826757737562,17.671356107402204,0.0,4.736862953800049,11.600939890232516,0.0,4.899909730850477,0.0,37.8290937086003,20.199310353102682,70.74683991328982,0.0,0.0,0.0,0.0,11.600939890232516,31.14106091310112,10.337913764783737,0.0,37.31310505186264,54.59730361615449,5.022633313741326,0.0
O[C@@H]1CO[C@H]2[C@@H]1OC[C@@H]2O,0,58.3678572561599,19.68678069728151,24.41586555099321,0.0,0.0,0.0,0.0,0.0,0.0,0.0,0.0,0.0,0.0,0.0,13.213763929025836,19.68678069728151,0.0,0.0,0.0,0.0,24.41586555099321,13.213763929025836,0.0,0.0,0.0,0.0,0.0,0.0,47.84268426970045,9.473725907600098,0.0,0.0,0.0,0.0,0.0
CCC1(c2ccc(N)cc2)CCC(=O)NC1=O,0,100.19296384745229,5.733667477162185,0.0,0.0,11.814359458703011,0.0,0.0,14.905862972149976,0.0,0.0,0.0,19.056471336613843,30.537828874472233,12.10820789760957,5.414990469396779,9.589074368143644,17.501745733386574,0.0,5.316788604006331,0.0,31.60119253786543,5.733667477162185,29.828919765543436,0.0,11.050456081168516,5.687386274683562,0.0,0.0,11.814359458703011,15.004064837540422,0.0,31.749653560165648,24.26546827384644,0.0,0.0
Cc1ncc([N+](=O)[O-])n1CCOC(=O)c1ccccc1,0,114.51508872375403,14.851181222565621,19.34848194203857,5.824404497999927,0.0,0.0,11.787168065786876,0.0,14.345615352810384,0.0,0.0,18.19910120538483,17.056045185740892,6.923737199690624,5.563451491696996,14.45471118668954,11.787168065786876,0.0,9.551078168738563,0.0,13.4684936056032,6.606881964512918,58.03085317238362,0.0,0.0,5.817862777835028,0.0,0.0,27.050576470021,11.281619359712625,17.038055468456196,16.182393173768745,36.52867891392113,0.0,0.0
CCc1ccc(C(=O)COc2ccc(Cc3sc(=O)[nH]c3O)cc2)nc1,0,153.680784517703,9.843390348640755,11.443439828132366,6.606881964512918,11.66323328280031,0.0,4.872962597056311,19.557031410038057,0.0,0.0,0.0,36.459624283010186,35.74682581170483,12.617665194539086,4.877147193701299,14.637927532712576,17.120030824299675,0.0,9.967957041894415,0.0,19.765380445542643,6.606881964512918,73.96052393545462,11.629500169719275,9.60982555085636,0.0,11.629500169719275,11.336785877934735,27.464611347612976,12.841643245852019,0.0,33.416252555706194,47.38958316645456,0.0,0.0
CCCCOc1nc(N)c2c(n1)N(Cc1cccc(CN3CCCC3)c1)CC(=O)N2,1,176.979923903733,20.687228765819043,5.687386274683562,11.635725555670057,5.907179729351506,0.0,6.010464839586836,9.694446914922299,0.0,9.967957041894415,0.0,37.61002709646307,43.47888066399717,13.08951281182515,13.151638370425493,9.53140013787187,23.230291559705122,0.0,14.867866772744893,0.0,45.69653650321982,42.19151699426964,35.392371257240434,6.010464839586836,20.687228765819043,17.323111830353618,6.010464839586836,0.0,47.01619768434704,17.884049995896973,0.0,43.73392667478865,24.26546827384644,0.0,0.0
C=C[C@]1(C)C[C@@H](OC(=O)CSC(C)(C)CNC(=O)C(N)C(C)C)[C@]2(C)[C@H](C)CC[C@]3(CCC(=O)[C@H]32)[C@@H](C)[C@@H]1O,1,239.38562615477605,20.893846429809273,11.887211334113243,0.0,5.907179729351506,0.0,5.9693052879518484,14.383611552215466,0.0,0.0,18.34082063298961,47.61844330497762,62.69946949896624,34.4604874670111,17.898660823643052,24.227001900856216,29.421614913059408,0.0,5.316788604006331,45.65026306999808,110.49080177001716,12.297610012659364,12.654955790432378,0.0,11.050456081168516,0.0,0.0,11.761884949391115,58.060663429030484,19.120474506015512,39.916595592835904,87.49400571215504,12.654955790432378,0.0,0.0
COc1ccc(-c2ccc3cc(C(=O)O)ccc3c2)cc1C12CC3CC(CC(C3)C1)C2,1,182.6012748512145,9.843390348640755,5.749511833283905,0.0,0.0,0.0,5.9693052879518484,0.0,4.794537184071822,0.0,0.0,24.26546827384644,113.92482510006866,5.563451491696996,12.673249032974528,14.637927532712576,16.74175371688144,0.0,0.0,17.75371813848418,43.939920206952834,7.109797541277533,65.72420659954848,16.876414816677897,4.736862953800049,0.0,5.749511833283905,0.0,18.18563022407009,5.414990469396779,17.75371813848418,54.44636990502188,54.59730361615449,0.0,21.899351412323583
O=C(CCc1ccc(O)cc1)c1c(O)cc(O)cc1OC1OC(CO)C(O)C(O)C1O,0,176.71539402603082,45.21941767148503,52.97736437582582,5.783244946364939,6.290026729335213,0.0,0.0,4.794537184071822,0.0,0.0,0.0,12.13273413692322,24.117007251546223,18.55355575984923,6.606881964512918,50.013954855556854,5.783244946364939,0.0,0.0,0.0,43.54753552618044,6.606881964512918,47.52510539416365,22.99804733313562,4.736862953800049,0.0,22.99804733313562,0.0,78.84171095509122,11.157684576726059,0.0,22.34226179039182,36.39820241076966,0.0,0.0
CN(C)CCCN1c2ccccc2Sc2ccc(Cl)cc21,0,135.25342033666848,9.799819461700954,0.0,0.0,0.0,0.0,0.0,0.0,0.0,0.0,0.0,35.49555897654685,57.39275733650101,21.358356670689453,11.374772549367124,0.0,34.73759738899076,0.0,4.899909730850477,0.0,16.21178857396156,32.08476650803001,47.487202792972596,0.0,4.899909730850477,11.374772549367124,0.0,23.36282483962363,32.08476650803001,0.0,0.0,6.4208216229260096,52.25553643026682,5.022633313741326,0.0
O=C1NCC2(CCN(CCc3ccccc3)CC2)O1,0,113.28898302537004,14.953561288656857,5.601050810983688,0.0,0.0,0.0,6.093240070938415,0.0,4.794537184071822,0.0,0.0,30.33183534230805,11.984273114623004,32.47591246358975,6.544756405912575,9.53140013787187,6.093240070938415,0.0,10.216698334856808,0.0,24.863515679761715,26.1790256236503,35.89528683400505,0.0,5.316788604006331,4.794537184071822,0.0,0.0,42.77322623642288,11.157684576726059,0.0,18.405094737549014,30.33183534230805,0.0,0.0
CCOc1ccc(NC(C)=O)cc1,1,77.71610109024209,10.05365155780638,5.749511833283905,0.0,5.907179729351506,0.0,0.0,4.794537184071822,0.0,0.0,0.0,0.0,31.18920547353706,12.611123474374185,6.606881964512918,9.53140013787187,11.594566004035068,0.0,0.0,0.0,13.847474399381248,11.923670568519249,24.26546827384644,5.749511833283905,10.05365155780638,5.687386274683562,5.749511833283905,0.0,12.514061693864424,4.794537184071822,0.0,13.847474399381248,24.26546827384644,0.0,0.0
CN(C)CCC[C@]1(c2ccc(F)cc2)OCc2cc(C#N)ccc21,1,141.8336970713098,9.636772684650527,11.418271652029581,0.0,0.0,0.0,0.0,0.0,4.39041504767482,5.261891554738487,0.0,18.19910120538483,74.4375663660564,0.0,18.239554769002186,9.127278001474869,0.0,5.261891554738487,4.899909730850477,0.0,25.049576021348624,20.640100371266954,70.53559628706515,6.069221312792274,0.0,4.39041504767482,0.0,0.0,25.54001010211743,16.944795729296654,17.148333708576654,35.09544921264,42.46456947923127,0.0,0.0
CCCCC(=O)N(Cc1ccc(-c2ccccc2-c2nn[nH]n2)cc1)C(C(=O)O)C(C)C,0,187.2105314815426,10.006437125691182,6.041840829147961,0.0,11.731584227351433,0.0,5.9693052879518484,4.794537184071822,4.794537184071822,5.213385095654868,10.197363616602075,75.72296976969075,34.24246723983325,18.52902952053558,0.0,14.69560176298435,11.876485017303354,0.0,25.52404353876229,5.917906046161393,52.620273702910424,0.0,54.09438803938988,22.514758973090913,0.0,0.0,0.0,0.0,48.54889678005431,16.133830774056218,5.917906046161393,45.597127959546896,48.53093654769288,0.0,22.514758973090913
C=c1c(N)c(O)c2c(c1O)N1C[C@@H]3N[C@@H]3[C@]1(OC)C=2COC(N)=O,1,136.28573993539663,41.370813986462686,18.105905631080727,5.724985593970254,0.0,0.0,6.093240070938415,0.0,4.794537184071822,0.0,0.0,6.578935683598497,0.0,30.488149282012202,22.635263354119953,24.48131788135333,29.6200528339733,0.0,5.316788604006331,5.733667477162185,17.808667252266176,30.89501311971569,10.437299951209736,11.49902366656781,32.12133324039091,16.169309733438947,11.49902366656781,0.0,54.37639802458902,9.473725907600098,0.0,0.0,0.0,0.0,12.152040213667764
Cc1c(C(=O)Nc2ccc(N3CC(C)OC(C)C3)nc2)cccc1-c1ccc(OC(F)(F)F)cc1,1,201.23880201025938,19.690424242456906,11.567374611118932,0.0,0.0,5.907179729351506,6.362358859030383,4.794537184071822,4.983978520947208,0.0,13.171245143024459,24.26546827384644,67.79340141647091,18.652964303522147,24.092162621793246,27.439508234696383,17.412428781870098,0.0,4.983978520947208,0.0,39.34150323359886,23.30621114668196,71.92105017116157,16.876414816677897,14.953561288656857,24.67649419554305,5.749511833283905,0.0,42.550962696650856,4.736862953800049,6.923737199690624,29.768914566847062,60.794147187767564,0.0,11.126902983393991
CC(C)CC1C(=O)OC(Cc2ccc(N3CCOCC3)cc2)C(=O)N(C)C(CC(C)C)C(=O)OC(C)C(=O)N(C)C(CC(C)C)C(=O)OC(Cc2ccc(N3CCOCC3)cc2)C(=O)N(C)C(CC(C)C)C(=O)OC(C)C(=O)N1C,1,473.52067555462196,57.82063610790315,24.167363316591842,24.41586555099321,0.0,23.628718917406022,23.877221151807394,19.178148736287287,19.178148736287287,0.0,0.0,79.65536587137142,98.5947563329713,78.58612934957819,26.427527858051672,66.77747519537486,58.88071261858054,0.0,19.59963892340191,23.671624184645573,156.34553060204735,90.59706087411168,59.65783953108687,0.0,9.799819461700954,11.374772549367124,0.0,0.0,196.48604927261113,79.6191184412269,23.671624184645573,106.04756147200425,48.53093654769288,0.0,0.0
Cc1cc2c(cc1CC(=O)c1sccc1S(=O)(=O)Nc1onc(C)c1Cl)OCO2,0,174.97268463324534,13.996820844573445,15.612044784107564,17.28226861293275,6.792942306099827,15.907473355268593,0.0,4.794537184071822,13.139891848781026,0.0,11.336785877934735,16.757603147357962,48.55354135862598,6.4208216229260096,4.877147193701299,27.209155012974204,44.628444069800786,0.0,5.156663257125445,0.0,25.163779497825033,11.515037170551915,50.299775461535816,11.49902366656781,14.195820772052187,5.884182201861008,11.49902366656781,22.93772576816725,26.15064749391915,16.444112776333593,13.847474399381248,26.492515356015577,32.99774238834187,5.022633313741326,0.0
C[C@H]1CO[C@@H]2Cn3cc(C(=O)NCc4ccc(F)cc4F)c(=O)c(O)c3C(=O)N12,0,162.8591033427153,24.627188331288917,17.197893173788785,17.671340998867237,5.428790391900541,11.814359458703011,0.0,14.383611552215466,8.78083009534964,0.0,0.0,6.06636706846161,12.990104268152233,24.371418537684256,19.193479199573453,28.213294812134038,11.814359458703011,0.0,14.783797982648164,0.0,32.282992011398605,6.606881964512918,63.0745450133045,5.749511833283905,10.745578995906872,8.78083009534964,5.749511833283905,0.0,45.264520196581294,17.8263757656252,11.634441682091788,33.33364254607672,29.190481961069725,0.0,0.0
NC(Cc1c[nH]c2ccc(O)cc12)C(=O)O,0,91.50693471688481,20.930700787790805,11.791352662431866,0.0,0.0,0.0,5.9693052879518484,4.794537184071822,0.0,0.0,0.0,0.0,23.762552697081826,23.520590126620142,0.0,15.007591973753234,16.872230220032904,0.0,4.983978520947208,5.733667477162185,12.462662452073971,0.0,29.9593962686949,5.749511833283905,5.733667477162185,0.0,5.749511833283905,0.0,27.208179427728425,11.21535880699783,0.0,5.563451491696996,24.395944776997904,0.0,10.902924932081056
CC1CCOC2Cn3cc(C(=O)NCc4ccc(F)cc4F)c(=O)c(O)c3C(=O)N12,0,169.22404545711194,24.627188331288917,17.197893173788785,17.671340998867237,5.428790391900541,11.814359458703011,0.0,14.383611552215466,8.78083009534964,0.0,0.0,6.06636706846161,19.410925891078243,30.413259366832218,13.151638370425493,28.213294812134038,11.814359458703011,0.0,14.783797982648164,0.0,38.70381363432461,6.606881964512918,63.0745450133045,5.749511833283905,10.745578995906872,8.78083009534964,5.749511833283905,0.0,45.264520196581294,17.8263757656252,11.634441682091788,39.75446416900272,29.190481961069725,0.0,0.0
CCOc1nc2cccc(C(=O)OCc3oc(=O)oc3C)c2n1Cc1ccc(-c2ccccc2-c2nc(=O)o[nH]2)cc1,0,236.66566142939416,22.831122718680138,0.0,23.95178130026173,0.0,6.010464839586836,17.547750356436737,4.567099647791355,14.383611552215466,15.12462029901986,0.0,54.59730361615449,42.67056301139545,5.563451491696996,29.748491297355013,27.62565990275196,17.002706723184374,0.0,19.691719946811215,0.0,26.999112769806743,6.606881964512918,110.54495501084915,28.52522381267775,16.315308022284935,0.0,6.010464839586836,0.0,32.26790719927598,17.888501324225544,6.923737199690624,34.36567220490532,89.67650893230142,0.0,33.54816040832343
CC(C)(C)C(=O)Oc1ccc(S(=O)(=O)Nc2ccccc2C(=O)NCC(=O)O)cc1,0,173.6608797821992,15.160178952647085,12.29426823919648,0.0,0.0,15.930470882759089,11.938610575903697,19.10570641666755,8.417796984328938,0.0,0.0,12.13273413692322,57.16941400984153,0.0,21.56131171129511,32.64479888518515,33.556467733346345,0.0,5.316788604006331,5.414990469396779,25.666695074589647,11.266851270364663,54.09438803938988,5.749511833283905,14.775746422258468,5.687386274683562,5.749511833283905,0.0,37.91487109033742,19.612365521551226,5.414990469396779,31.129200274840688,53.42642002321065,0.0,0.0
COc1cc2c(cc1OC)C13CCN4CC5=CCOC6CC(=O)N2C1C6C5CC43,0,169.93265423985082,19.110498592250625,0.0,11.49902366656781,5.907179729351506,0.0,0.0,9.694446914922299,0.0,0.0,0.0,11.649124636903148,36.934124258084594,29.98586081908032,45.080492161573815,19.005126045471968,11.594566004035068,0.0,4.899909730850477,11.835812092322787,42.865103384219026,38.81589958974361,29.345310265523363,11.49902366656781,14.373635638450576,5.687386274683562,11.49902366656781,0.0,62.91072736513933,14.94639060726865,11.835812092322787,24.825916360475023,23.781858773826368,0.0,0.0
C[C@]1(COc2ccc(N3CCC(Oc4ccc(OC(F)(F)F)cc4)CC3)cc2)Cn2cc([N+](=O)[O-])nc2O1,0,215.18572677659816,33.96167981481625,36.15622742372601,5.601050810983688,0.0,0.0,18.19068647645225,4.567099647791355,0.0,0.0,13.171245143024459,0.0,60.377984796201176,36.60252085330794,6.544756405912575,37.042008007042334,11.50524905251859,0.0,9.551078168738563,0.0,44.377512909217586,24.596304507188545,64.84209838807153,23.25900033943855,23.847361546050674,24.67649419554305,23.25900033943855,0.0,52.23816005165668,6.544756405912575,10.114318268765572,19.765380445542643,54.72778011930596,0.0,0.0
Cc1ncc([N+](=O)[O-])n1CCO,1,68.61221882593873,15.220845663606278,12.741599977525652,5.824404497999927,0.0,0.0,5.817862777835028,0.0,9.551078168738563,0.0,0.0,0.0,4.923311048817671,6.923737199690624,6.606881964512918,10.029838443658377,5.817862777835028,0.0,9.551078168738563,0.0,13.4684936056032,6.606881964512918,22.135566338378577,0.0,0.0,5.817862777835028,0.0,0.0,26.187798576909856,6.544756405912575,17.038055468456196,5.824404497999927,6.196843571613076,0.0,0.0
CCCCc1c(O)n(-c2ccccc2)n(-c2ccccc2)c1=O,1,134.77832078500748,5.106527394840706,0.0,0.0,5.879988336435371,5.559266895052007,0.0,4.794537184071822,9.363605870290368,0.0,0.0,49.74276123338629,37.10711151969846,0.0,16.93822404106412,5.106527394840706,0.0,0.0,9.363605870290368,0.0,26.186202068468653,0.0,76.58092625543694,17.254760885802494,5.559266895052007,0.0,5.879988336435371,0.0,14.470133265131073,6.4208216229260096,0.0,25.328831937239638,65.45820786868792,0.0,11.374772549367124
COC(=O)C1=C(C)N=C(C)C(C(=O)OCC(C)C)C1c1ccccc1[N+](=O)[O-],0,162.94359140279718,9.473725907600098,5.917906046161393,0.0,0.0,5.687386274683562,11.938610575903697,19.901260185473063,4.794537184071822,0.0,0.0,32.046575604766076,19.76538044554264,28.956448922146535,24.213095084677388,23.98611132456141,23.33768185335796,0.0,0.0,16.828216824958453,33.61285484492389,13.716679505790452,51.21338187743411,0.0,0.0,5.687386274683562,0.0,0.0,36.29028613328252,19.06280027574374,21.95013036108836,39.17630633662088,40.528016849607205,0.0,0.0
CC1(C)CC(O)CC(C)(C)N1[O],0,73.95529646354655,5.106527394840706,0.0,0.0,0.0,0.0,0.0,0.0,0.0,0.0,10.270470749742639,0.0,40.53659204461451,11.07785050476669,6.103966387748303,10.313780419617995,0.0,0.0,5.063217724965349,0.0,57.71840893712951,0.0,0.0,0.0,0.0,0.0,0.0,0.0,27.351562012321047,5.20725302477729,0.0,40.53659204461451,0.0,0.0,0.0
CCCOc1ccc(S(=O)(=O)NCCC2CCCN2C)cc1-c1nc(=O)c2c([nH]1)c(CCC)nn2C,0,211.6655887999505,14.620751205597735,11.573916331283833,5.516700717616262,10.023291153407584,5.559266895052007,0.0,9.476340119217006,13.139891848781026,10.082660329248245,0.0,20.268296022307258,63.89563770860464,19.634269217737724,28.27644564419241,13.154659938128987,21.056692588640107,0.0,29.3704463806432,7.04767198267719,63.30972844160304,26.744066759015258,34.24683327935712,17.137367822980828,15.018224713304145,0.0,5.749511833283905,0.0,65.85205608868327,23.491784759010784,0.0,51.64551050885974,27.889121864974427,0.0,22.421257424929443
CC1CN(c2c(F)c(N)c3c(=O)c(C(=O)O)cn(C4CC4)c3c2F)CC(C)N1,0,159.27838126464178,25.623992854651053,11.250837766380558,11.634441682091788,5.428790391900541,0.0,5.9693052879518484,4.794537184071822,13.575367279421462,0.0,0.0,0.0,26.689117645233267,37.411878870882106,16.590311206764618,18.681894674262168,28.247002769400027,0.0,9.883888251797686,0.0,44.814640132677155,23.723090019837812,33.61806432137422,0.0,21.379156203919532,20.155602644716765,0.0,0.0,40.81612680070498,0.0,11.634441682091788,43.08894715015005,10.991380755684897,0.0,10.902924932081056
CC1(C)C2CCC1(C)C(O)C2,0,68.80630150253656,5.106527394840706,0.0,0.0,0.0,0.0,0.0,0.0,0.0,0.0,0.0,20.771211599071872,36.010351853732985,0.0,6.103966387748303,5.106527394840706,0.0,0.0,0.0,16.747886984954953,46.1376428555982,0.0,0.0,0.0,0.0,0.0,0.0,0.0,11.210493782589008,0.0,16.747886984954953,40.0336764678499,0.0,0.0,0.0
NC(=O)c1cccc(N)c1,0,58.63764872796276,11.46733495432437,0.0,0.0,5.907179729351506,0.0,0.0,4.794537184071822,0.0,0.0,0.0,6.06636706846161,18.19910120538483,11.250837766380558,0.0,4.794537184071822,11.594566004035068,0.0,0.0,5.733667477162185,0.0,5.733667477162185,29.828919765543436,0.0,11.46733495432437,5.687386274683562,0.0,0.0,5.907179729351506,0.0,0.0,10.357988675768818,24.26546827384644,0.0,0.0
COc1ccc(C(=O)CC(=O)c2ccc(C(C)(C)C)cc2)cc1,0,136.84462367032825,4.736862953800049,5.749511833283905,11.566489892729878,0.0,0.0,0.0,9.589074368143644,0.0,0.0,0.0,45.03667987291831,35.243910234940216,11.126902983393991,13.530619164203543,14.325937321943691,11.566489892729878,0.0,0.0,0.0,32.60702369139466,7.109797541277533,65.22129102278387,5.749511833283905,4.736862953800049,0.0,5.749511833283905,0.0,18.67628743400741,5.414990469396779,0.0,53.4714620652325,48.53093654769288,0.0,0.0
COC(=O)N(C)c1c(N)nc(-c2nn(Cc3ccccc3F)c3ncccc23)nc1N,0,175.8334197174527,16.20419790812442,17.198535110577918,23.107307274437712,0.0,0.0,6.093240070938415,4.899909730850477,28.818690729733447,5.098681808301038,0.0,18.19910120538483,18.19910120538483,18.80796704598726,19.040778161654906,13.92181518554669,34.44975333652456,0.0,24.732420306287846,0.0,6.544756405912575,30.524714209129574,53.97571831512562,11.518332492848387,16.367244685174846,26.508064062100264,0.0,0.0,44.98312990118097,11.281619359712625,5.817220841045894,5.563451491696996,42.595045982382736,0.0,22.55173392808091
COc1cc2c(cc1O)CC1c3cc(O)c(OC)cc3CC[N+]1(C)C2,1,147.18173505387986,24.169811554976135,12.586597235060536,22.99804733313562,0.0,0.0,0.0,0.0,0.0,0.0,0.0,0.0,35.392371257240434,23.96854622924601,27.812023471144833,24.169811554976135,0.0,0.0,0.0,0.0,25.428240480912557,27.812023471144833,46.519274240634424,22.99804733313562,9.473725907600098,0.0,22.99804733313562,0.0,42.50810911852086,19.386399651764595,0.0,28.29564679593594,24.26546827384644,0.0,0.0
C[C@H](O)[C@H](O)[C@H]1CNc2[nH]c(N)nc(=O)c2N1,1,96.87918316850838,31.564277995803465,17.609215440266894,0.0,5.948339280986494,5.559266895052007,0.0,4.794537184071822,0.0,4.983978520947208,0.0,0.0,6.923737199690624,6.544756405912575,12.145807216896262,10.213054789681411,17.453588333505085,0.0,9.967957041894415,0.0,25.17351080433519,22.912001091087422,10.35380407912383,0.0,21.926511580226855,17.453588333505085,0.0,0.0,44.97554184213297,0.0,0.0,6.923737199690624,4.794537184071822,0.0,0.0
CCOC(=O)C(CCc1ccccc1)NC1CCc2ccccc2N(CC(=O)O)C1=O,0,181.5640126804367,9.843390348640755,12.586597235060536,0.0,5.907179729351506,0.0,11.938610575903697,24.60030988707227,0.0,0.0,0.0,48.53093654769288,49.80029374325026,5.687386274683562,12.648722793660879,24.227001900856216,23.533176579938765,0.0,5.316788604006331,0.0,44.69070534969059,18.05154810127597,65.72420659954848,0.0,10.216698334856808,5.687386274683562,0.0,0.0,48.18763772881732,31.96211775186753,0.0,30.892283428936633,54.59730361615449,0.0,0.0
CC(=O)c1ccc2c(c1)c1cc(C(C)=O)ccc1n2CCNC(C)C,1,147.3712495038421,9.883888251797686,0.0,11.566489892729878,0.0,0.0,0.0,9.589074368143644,0.0,0.0,0.0,13.847474399381248,50.245676810150904,52.06410648852921,0.0,9.589074368143644,33.372339756891996,0.0,9.883888251797686,0.0,40.281546033823034,6.544756405912575,47.52510539416365,0.0,5.316788604006331,0.0,0.0,0.0,28.72018677558177,6.544756405912575,0.0,48.41092615030013,36.39820241076966,0.0,21.805849864162113
CCCNC(=O)Nc1ccc(Oc2ncnc3cc(OC)c(OC)cc23)cc1Cl,0,172.704258888231,24.844166069412807,12.076831908048447,11.49902366656781,5.879988336435371,0.0,6.031114512338072,0.0,14.762494225966236,0.0,0.0,18.524677089923138,24.619922828310838,18.677490542835795,35.832539603061015,19.005126045471968,34.222365609335206,0.0,15.284745645900745,0.0,13.344558822616634,26.081140092473973,41.68178873081391,23.128523836287084,24.844166069412807,10.481923458755384,23.128523836287084,11.600939890232516,36.763423042700126,0.0,0.0,13.344558822616634,36.65915541707259,5.022633313741326,10.902924932081056
CCOC(=O)c1ccc(C#Cc2ccc3c(c2)C(C)(C)CCS3)nc1,0,152.7491380437195,4.736862953800049,5.693927994848461,0.0,0.0,0.0,5.9693052879518484,0.0,9.778515705019029,0.0,11.761884949391115,19.767908718236892,66.32812405162088,16.655778538827846,12.170333456209914,9.53140013787187,17.731190237342965,0.0,4.983978520947208,0.0,37.50250716691244,12.359735571259707,58.912961383860576,11.840868637711289,0.0,0.0,0.0,11.761884949391115,23.313019380158764,10.151853423196828,11.840868637711289,54.37085287600915,41.424162389438905,0.0,0.0
CCOC(=O)C(N)CCC(=O)NC(CSCc1ccccc1)C(=O)NC(C(=O)OCC)c1ccccc1,0,221.39853299029292,25.840970592774944,12.083681658295921,6.041840829147961,11.814359458703011,0.0,11.938610575903697,14.383611552215466,4.794537184071822,11.761884949391115,0.0,60.6636706846161,31.395199005701247,17.92652883641959,13.213763929025836,28.651874643887382,35.51485498399782,0.0,10.633577208012662,5.733667477162185,50.56749373942394,18.966617535772624,71.7905736680101,0.0,16.367244685174846,0.0,0.0,11.761884949391115,54.80326922867525,34.40472825063417,0.0,43.857861457775215,60.6636706846161,0.0,0.0
CCCC(=O)OC1(C(=O)COC(C)=O)CCC2C3CC(F)C4=CC(=O)C=CC4(C)C3(F)C(O)CC21C,0,208.82369874089324,14.580253302440804,6.171675395510292,23.65993754060722,5.783244946364939,0.0,11.938610575903697,19.178148736287287,8.78083009534964,0.0,0.0,19.92349450621513,62.670896104219096,30.09244580757158,6.103966387748303,42.53923213407773,23.505100468633575,0.0,0.0,22.665793031116344,89.76533094930653,6.606881964512918,23.80116485057091,0.0,0.0,8.78083009534964,0.0,0.0,58.763962240975154,28.651874643887382,22.665793031116344,66.21987853631856,23.80116485057091,0.0,0.0
Nc1ccn([C@H]2C[C@H](O)[C@@H](CO)O2)c(=O)n1,0,91.10297551739451,20.683585220643643,18.1497303363182,0.0,0.0,0.0,5.689743398203474,4.567099647791355,4.794537184071822,4.983978520947208,0.0,0.0,6.06636706846161,12.617665194539086,12.71084835226122,14.94991774348146,5.817862777835028,0.0,9.551078168738563,0.0,24.856655569157482,12.340549441675103,22.74749122234998,0.0,11.423410875365658,5.817862777835028,0.0,0.0,38.5789476984295,4.736862953800049,0.0,12.64872279366088,17.057747824146507,0.0,0.0
Cc1cc(C(C)(C)C)cc(C)c1CC1=NCCN1,1,110.52017777940199,5.316788604006331,5.835619785757269,0.0,0.0,0.0,0.0,4.992404732635668,0.0,0.0,0.0,32.903945735995094,41.516270835566004,12.965578028838586,6.544756405912575,0.0,5.835619785757269,0.0,5.316788604006331,4.992404732635668,46.454498090775914,13.08951281182515,34.386540103711205,0.0,5.316788604006331,0.0,0.0,0.0,18.92513259758242,11.835812092322788,13.847474399381248,43.025017565859855,17.12513886955889,0.0,0.0
c1ccc2c(CCNc3ccc(Nc4ccncc4)cc3)c[nH]c2c1,1,146.48567306133035,15.61755572895987,0.0,0.0,0.0,0.0,0.0,4.983978520947208,0.0,0.0,0.0,18.19910120538483,54.44884259385427,53.100370876883545,0.0,0.0,27.96508375613174,0.0,9.967957041894415,0.0,6.4208216229260096,17.178333613925236,84.81765289115233,0.0,10.633577208012662,17.062158824050687,0.0,0.0,16.51271344780699,6.4208216229260096,0.0,5.563451491696996,79.25420139945534,0.0,10.902924932081056
CCCNC(C)C(=O)Nc1ccccc1C,0,97.24724438753309,10.633577208012662,0.0,0.0,5.907179729351506,0.0,0.0,4.794537184071822,0.0,0.0,0.0,25.122838405075452,38.44287098837844,5.687386274683562,6.041840829147961,4.794537184071822,11.594566004035068,0.0,5.316788604006331,0.0,33.23387405114585,11.861545009918906,29.828919765543436,0.0,10.633577208012662,5.687386274683562,0.0,0.0,18.493776964412042,4.794537184071822,6.923737199690624,25.831747514004253,24.26546827384644,0.0,0.0
CC1=C2N=C(C=C3N=C(C(C)=C4NC(C(CC(N)=O)C4(C)CCC(=O)NCC(C)OP(=O)(O)OC4C(CO)OC(n5cnc6cc(C)c(C)cc65)C4O)C4(C)N=C1C(CCC(N)=O)C4(C)CC(N)=O)C(CCC(N)=O)C3(C)C)C(CCC(N)=O)C2(C)CC(N)=O,0,522.9485061406363,69.44601106501106,18.31189916324491,6.22790117073487,41.35025810546054,0.0,7.822697123132171,57.586468809833384,9.549026805878537,0.0,0.0,34.61868599845312,107.70757597713741,125.35122746305112,47.34937525684542,67.01763224309165,77.34141167213734,0.0,20.184655376751223,94.7108051231128,189.0146798520424,13.151638370425493,63.90030430122167,0.0,45.035582070985775,0.0,0.0,7.822697123132171,132.29112767789513,51.91116585065776,59.17906046161393,150.2974768035306,67.75061551573468,0.0,11.033401435232523
COc1cc(F)c(F)c(Nc2ccc(I)cc2F)c1NS(=O)(=O)C1(CC(O)CO)CC1,0,190.35821829616046,20.26670634748779,22.94150522369692,11.634441682091788,10.023291153407584,0.0,0.0,4.722094864452088,21.589042127353398,0.0,0.0,0.0,60.05243670123092,9.636549339527006,30.25505462143987,36.53895987083485,49.676320604526325,0.0,0.0,0.0,30.11345370974389,23.75556297424887,45.28731306804952,5.749511833283905,14.775746422258468,30.23340396707514,5.749511833283905,22.590870627068057,43.19852012076665,10.023291153407584,21.02184479420308,19.26246486877803,24.26546827384644,0.0,0.0
O=C(NCCCCCCC(O)=NO)c1cnc(N(c2ccccc2)c2ccccc2)nc1,1,186.81347085227614,15.630569023624329,0.0,0.0,11.846084625344105,5.907179729351506,0.0,9.694446914922299,9.967957041894415,0.0,0.0,54.39555838337222,37.10711151969846,36.73403772143186,5.563451491696996,15.10831760368982,29.128036904062736,0.0,15.284745645900745,5.15571272675054,32.10410811463005,11.444666136763052,78.62080931953925,0.0,10.216698334856808,17.323111830353618,0.0,0.0,38.6314189411341,0.0,0.0,42.46209679039886,78.21307055459279,0.0,0.0
CC(C(=O)O)c1ccc2c(c1)CC(=O)c1ccccc1S2,0,126.54776472166361,5.106527394840706,0.0,5.783244946364939,0.0,0.0,5.9693052879518484,9.589074368143644,0.0,0.0,0.0,42.093720291699164,30.183374320007832,21.775240065658554,5.917906046161393,14.69560176298435,23.514435183707903,0.0,0.0,0.0,29.053431819813575,0.0,59.15492395432226,0.0,0.0,0.0,0.0,11.761884949391115,16.859077629157493,11.21535880699783,0.0,34.326534905014825,52.255536430266815,0.0,0.0
C=C1CCC(O)CC1=CC=C1CCCC2(C)C1CCC2C(C)CCCC(C)(C)O,0,178.72991094939294,10.213054789681411,0.0,0.0,0.0,0.0,0.0,0.0,0.0,0.0,0.0,56.56630260263806,100.37668214366555,0.0,11.70501719873199,10.213054789681411,0.0,0.0,0.0,23.16870860788096,110.0290038496806,0.0,35.45028948747406,0.0,0.0,0.0,0.0,0.0,21.918071988413402,0.0,23.16870860788096,98.32398665094861,35.45028948747406,0.0,0.0
CN(C)C/C=C/C(=O)Nc1ccc(C(=O)N2CCC[C@@H](Nc3ncc(Cl)c(-c4c[nH]c5ccccc45)n3)C2)cc1,1,237.80528576790536,25.417375190660824,0.0,0.0,11.855519010338,5.907179729351506,0.0,9.589074368143644,9.967957041894415,0.0,0.0,35.876061202451226,57.26882255351445,65.66618791549125,16.913404880202865,9.589074368143644,45.95394983668664,0.0,24.75175502454258,0.0,18.88348407499998,44.363190391104766,83.66274871002514,11.257379486545457,10.633577208012662,11.635725555670057,0.0,11.600939890232516,76.33756849548564,4.794537184071822,0.0,23.19963192162084,73.07666390458681,5.022633313741326,22.160304418626517
CC(CCC(=O)O)C1CCC2C3CCC4CC(O)CCC4(C)C3CC(O)C12C,0,169.6538184014664,15.319582184522117,0.0,0.0,0.0,0.0,5.9693052879518484,4.794537184071822,0.0,0.0,0.0,20.771211599071872,104.12481182209602,6.4208216229260096,12.207932775496605,20.11411936859394,5.9693052879518484,0.0,0.0,46.33741721576191,97.18736060382858,0.0,0.0,0.0,0.0,0.0,0.0,0.0,33.49682024797057,4.794537184071822,46.33741721576191,84.97942782833198,0.0,0.0,0.0
CNC(=O)OC1COc2ccc(N3CCN(C4COC4)CC3)cc2C1NC(=O)c1ccc(F)cc1,0,202.66385835128642,29.744075800263285,18.173614638842718,6.103966387748303,0.0,5.907179729351506,6.093240070938415,9.694446914922299,9.184952231746642,0.0,0.0,0.0,42.46456947923127,50.04098686440504,25.297445587321757,28.19007827721861,17.687806074973484,0.0,15.533486938863138,0.0,18.187648046044224,57.94725323071671,59.40869330367116,5.749511833283905,20.270349892663187,14.872338506430204,5.749511833283905,0.0,82.0934802479029,9.473725907600098,5.817220841045894,21.963280996613772,42.46456947923127,0.0,0.0
CC(=O)O[C@H]1Cc2ccccc2N(C(N)=O)c2ccccc21,0,127.84369054082532,10.470530430962235,6.103966387748303,0.0,0.0,0.0,12.00041980028992,9.694446914922299,4.794537184071822,0.0,0.0,36.39820241076966,17.696185628620217,18.90801031431363,11.374772549367124,14.325937321943691,23.375192349657045,0.0,0.0,5.733667477162185,19.448525210364934,4.899909730850477,59.65783953108687,0.0,10.633577208012662,16.169309733438947,0.0,0.0,12.00041980028992,15.95222176079788,0.0,24.154606570832918,48.53093654769288,0.0,0.0
C[C@H]1COc2c(N3CCN(C)CC3)c(F)cc3c(=O)c(C(=O)O)cn1c23,1,148.7315297664084,24.210309458133064,17.857719730893475,11.5667326743298,5.428790391900541,0.0,5.9693052879518484,4.794537184071822,9.184952231746642,0.0,0.0,0.0,20.037776250829424,32.37586919526338,16.944765761229018,19.028342580387395,22.559616494716465,0.0,9.467009378641832,0.0,12.965578028838586,44.73348930169088,33.86721054878994,5.749511833283905,15.065563076551069,10.077801322358383,5.749511833283905,0.0,60.376421632274784,0.0,5.817220841045894,23.3235667046074,17.05774782414651,0.0,10.902924932081056
CCn1cc(C(=O)O)c(=O)c2ccc(C)nc21,1,97.3393815095905,9.67362704263206,11.210628712464723,0.0,5.428790391900541,0.0,5.9693052879518484,4.794537184071822,9.778515705019029,0.0,0.0,0.0,25.980208536304467,18.435527972374114,5.386224214464796,9.901064578912528,17.00270672318437,0.0,9.551078168738563,0.0,20.392230805293824,0.0,39.810284771054114,0.0,5.428790391900541,0.0,0.0,0.0,20.626910851531115,6.544756405912575,6.923737199690624,22.9756538703079,23.124114892608116,0.0,11.033401435232523
C[C@@H]1CC[C@@]2(NC1)O[C@H]1C[C@H]3[C@@H]4CC=C5C[C@@H](O[C@@H]6O[C@H](CO)[C@@H](O[C@@H]7O[C@@H](C)[C@H](O)[C@@H](O)[C@H]7O)[C@H](O)[C@H]6O[C@@H]6O[C@@H](C)[C@H](O)[C@@H](O)[C@H]6O)CC[C@]5(C)[C@H]4CC[C@]3(C)[C@H]1[C@@H]2C,1,358.7531694550573,74.01025983532598,66.76464947145327,18.870080188005637,0.0,0.0,0.0,5.316788604006331,0.0,0.0,0.0,39.344073435665635,112.05438017531587,12.462662452073968,31.022747515506126,74.01025983532598,0.0,0.0,5.316788604006331,46.33741721576191,209.38041301492999,13.151638370425493,11.649124636903148,0.0,5.316788604006331,0.0,0.0,0.0,164.05445273960325,33.15804067660034,46.33741721576191,99.32981780447783,11.649124636903148,0.0,0.0
COc1c(N2CCNC(C)C2)c(F)cc2c(=O)c(C(=O)O)cn(C3CC3)c12,0,154.88650039420972,24.627188331288917,11.250837766380558,11.5667326743298,5.428790391900541,0.0,5.9693052879518484,4.794537184071822,9.184952231746642,0.0,0.0,0.0,25.831747514004253,37.91479444764672,18.012722473358593,19.028342580387395,22.559616494716465,0.0,9.883888251797686,0.0,31.849062103838566,31.64397648986574,33.86721054878994,5.749511833283905,20.3823516805574,10.077801322358383,5.749511833283905,0.0,48.42883991874712,0.0,5.817220841045894,36.16520995045942,17.05774782414651,0.0,10.902924932081056
N=C(N)NC(=O)c1nc(Cl)c(N)nc1N,1,89.32025691101963,17.201002431486554,0.0,28.442317936155142,0.0,5.907179729351506,0.0,15.520609393869673,9.967957041894415,0.0,0.0,11.600939890232516,0.0,0.0,0.0,4.794537184071822,35.10339974399791,5.409283605791522,15.284745645900745,5.733667477162185,0.0,11.46733495432437,10.847037811741252,0.0,22.517791035492888,11.635725555670057,0.0,11.600939890232516,21.834691339989757,0.0,5.409283605791522,10.488465178920283,0.0,5.153109816892792,0.0
Cc1c(OCC(F)(F)F)ccnc1C[S+]([O-])c1nc2ccccc2[nH]1,0,143.9829291516583,9.289612827490412,5.749511833283905,12.359735571259707,0.0,0.0,11.332734999264183,9.967957041894415,0.0,18.155223663971668,0.0,12.13273413692322,25.122838405075452,22.93614953669536,16.727329430080985,22.46085797051487,22.209255908617813,0.0,14.951935562841623,0.0,24.009325805701593,6.606881964512918,47.78605840046659,5.749511833283905,4.736862953800049,13.171245143024459,5.749511833283905,0.0,32.28786591848838,16.928708080132076,6.923737199690624,11.257379486545457,41.68511539574183,0.0,11.033401435232523
CCCC1CC(C(=O)NC(C(C)Cl)C2OC(SC)C(O)C(O)C2O)N(C)C1,0,170.3254453577104,25.373233742328495,29.851863922562288,0.0,5.907179729351506,0.0,0.0,9.694446914922299,0.0,0.0,23.36282483962363,13.344558822616634,38.98672765789263,6.544756405912575,17.460769526501647,24.85098232239399,29.27000456897514,0.0,10.216698334856808,5.917906046161393,80.4225727172232,19.84819757210117,0.0,0.0,5.316788604006331,0.0,0.0,23.36282483962363,93.28750266588922,9.53140013787187,5.917906046161393,33.10993926815928,0.0,0.0,0.0
Cn1c(Nc2ccc(C(F)(F)F)cc2)nc2cc(Oc3ccnc(-c4nc(C(F)(F)F)c[nH]4)c3)ccc21,0,204.32303271474981,19.604729726544942,17.19295166141627,11.518332492848387,5.948339280986494,0.0,12.35259703488695,4.983978520947208,9.967957041894415,26.34249028604892,0.0,0.0,42.46456947923127,37.26147953751013,16.59685292692952,31.07935323984897,22.669126990902576,0.0,24.503013731580186,7.04767198267719,12.35259703488695,5.316788604006331,78.24837024592613,23.017356159416195,10.05365155780638,37.978215841718985,11.49902366656781,0.0,24.503013731580186,19.40026901756414,0.0,11.257379486545457,66.99099075938065,0.0,22.551733928080907
N#Cc1c(Oc2ccc(F)c(NC(=O)Cc3cccc(C(F)(F)F)c3)c2)ccc2nc(NC(=O)C3CC3)sc12,0,222.59200816634595,15.37044016181271,28.948917312102974,5.131558479839333,11.814359458703011,0.0,6.176298517443475,9.589074368143644,9.374393568622027,18.433136697762947,0.0,29.535887083319565,48.736930079857075,11.984273114623004,27.88828002339193,31.887597512642976,44.186710725246,5.261891554738487,4.983978520947208,5.917906046161393,25.438763386221503,10.633577208012662,77.10487893229138,17.568244979360085,15.37044016181271,28.380604945222174,11.49902366656781,11.336785877934735,16.798337979650217,22.186194508513125,23.06623975473805,29.531997720943007,54.59730361615449,0.0,10.216620634085363
COC(=O)Nc1nc2cc(C(=O)c3ccccc3)ccc2[nH]1,1,125.68024821564931,9.720841474747257,0.0,5.783244946364939,5.948339280986494,0.0,6.093240070938415,10.111325788078153,9.778515705019029,0.0,0.0,30.33183534230805,18.19910120538483,11.126902983393991,18.143198976510057,14.325937321943691,28.858225733522367,0.0,9.967957041894415,0.0,0.0,12.426586145283864,59.65783953108687,0.0,5.316788604006331,10.742876465058316,0.0,0.0,28.9542396004753,4.736862953800049,0.0,15.921440167465814,48.53093654769288,0.0,11.033401435232523
CC1COc2c(N3CCN(C)CC3)c(F)cc3c(=O)c(C(=O)O)cn1c23,0,148.7315297664084,24.210309458133064,17.857719730893475,11.5667326743298,5.428790391900541,0.0,5.9693052879518484,4.794537184071822,9.184952231746642,0.0,0.0,0.0,20.037776250829424,32.37586919526338,16.944765761229018,19.028342580387395,22.559616494716465,0.0,9.467009378641832,0.0,12.965578028838586,44.73348930169088,33.86721054878994,5.749511833283905,15.065563076551069,10.077801322358383,5.749511833283905,0.0,60.376421632274784,0.0,5.817220841045894,23.3235667046074,17.05774782414651,0.0,10.902924932081056
O=C1O[C@H]2[C@@H]3OC(=O)c4cc(O)c(O)c(O)c4-c4c(O)c(O)c5oc(=O)c6c(c(O)c(O)c7oc(=O)c4c5c76)-c4c(cc(O)c(O)c4O)C(=O)OC[C@H]3OC(O)[C@@H]2OC(=O)c2cc(O)c(O)c(O)c2-c2c1cc(O)c(O)c2O,0,423.9641922856201,119.32958235539897,12.71084835226122,93.26308450870364,34.49707099970343,0.0,35.12839378996337,0.0,28.76722310443093,0.0,0.0,0.0,24.26546827384644,44.15315737911157,33.02625439571757,138.50773109168625,56.588158292951064,0.0,0.0,0.0,30.705892280328428,6.606881964512918,67.35952124693404,125.37289828272445,11.251172638155975,0.0,91.99218933254248,0.0,148.00096110894074,23.684314769000245,0.0,41.43195470307527,42.68884451609678,0.0,66.09164609132564
C=C[C@H]1C[C@]1(NC(=O)C1C[C@@H]2CN1C(=O)C(C(C)(C)C)NC(=O)O[C@@H]1C[C@H]1CCCCCc1nc3ccc(OC)cc3nc1O2)C(=O)NS(=O)(=O)C1CC1,0,314.93878844733115,29.744075800263285,41.27397951430824,0.0,27.717638948545968,5.907179729351506,6.093240070938415,19.105706416667555,23.180291210295174,0.0,6.578935683598497,39.68887495175777,68.41138201296346,18.405094737549014,29.937893412404804,41.80653458201637,44.87147184763304,0.0,30.223538845209642,17.250802561719567,120.05990554449004,13.65455394719011,36.54798499066567,11.629500169719275,24.829397980064847,4.794537184071822,11.629500169719275,0.0,95.8354746794149,35.56458728234911,17.250802561719567,84.25253420025444,30.854056995817206,0.0,11.033401435232523
CN(C)C(=O)NC1CCC(CCN2CCN(c3cccc(Cl)c3Cl)CC2)CC1,0,178.49129027641294,15.116608065707286,0.0,0.0,0.0,0.0,6.031114512338072,4.899909730850477,4.794537184071822,0.0,0.0,29.268246848926644,56.69950470362724,46.316210418152636,15.732652902166215,4.794537184071822,34.92038056748667,0.0,15.116608065707286,5.917906046161393,38.14594894377801,51.719035725767725,28.244367832867486,0.0,10.216698334856808,10.481923458755384,0.0,23.20187978046503,68.69190079810423,0.0,5.917906046161393,32.10410811463005,18.19910120538483,10.045266627482652,0.0
Nc1nc(OCc2ccccc2)c2[nH]cnc2n1,0,102.85664426206621,15.454508951909443,12.123582682129179,5.647177220767728,11.828327617421866,0.0,0.0,0.0,4.983978520947208,9.967957041894415,0.0,30.33183534230805,5.563451491696996,0.0,6.3273200747645415,4.736862953800049,17.112217219370482,0.0,19.93591408378883,0.0,6.606881964512918,5.733667477162185,42.22260690876959,5.879988336435371,10.470530430962235,5.948339280986494,5.879988336435371,0.0,19.93591408378883,6.606881964512918,0.0,5.563451491696996,36.65915541707259,0.0,11.16387793838399
CNC(=O)CN1CCC(Oc2cc3c(Nc4cccc(Cl)c4F)ncnc3cc2OC)CC1,0,195.60507792151438,20.10730311561276,18.249149240347872,17.316244507613703,5.907179729351506,0.0,0.0,9.694446914922299,14.358372089569235,0.0,0.0,17.667306958694127,31.040744451236847,31.589776077428745,29.881274253231258,18.65867813934674,39.916293604183664,0.0,20.184655376751223,0.0,18.94560963360032,39.108527345698775,47.499009571859816,11.49902366656781,20.10730311561276,15.89566410019341,11.49902366656781,11.600939890232516,60.67075163153714,4.794537184071822,5.817220841045894,12.841643245852019,36.65915541707259,5.022633313741326,10.902924932081056
CNNCc1ccc(C(=O)NC(C)C)cc1,0,96.40230047697948,5.316788604006331,0.0,0.0,0.0,5.907179729351506,0.0,15.646119978292592,0.0,0.0,0.0,12.13273413692322,38.59133201067865,18.150048726757532,0.0,4.794537184071822,5.907179729351506,0.0,16.1683713982271,0.0,26.434071634441782,7.04767198267719,35.392371257240434,0.0,16.1683713982271,0.0,0.0,0.0,18.996692541176657,6.544756405912575,0.0,29.768914566847062,24.26546827384644,0.0,0.0
COc1ccc2c(c1)c(CC(=O)OCC(=O)O)c(C)n2C(=O)c1ccc(Cl)cc1,0,170.95304530390484,14.580253302440804,5.749511833283905,6.606881964512918,0.0,5.907179729351506,11.938610575903697,14.156174015934997,4.794537184071822,0.0,0.0,11.600939890232516,54.95175817061889,21.66623701475158,19.047319881819803,28.963864854656265,40.349655127568774,0.0,4.567099647791355,0.0,13.344558822616634,13.716679505790452,64.30803377121505,5.749511833283905,4.736862953800049,0.0,5.749511833283905,11.600939890232516,41.23609685367771,20.7467589448697,6.923737199690624,21.615368162314272,42.46456947923127,5.022633313741326,10.902924932081056
Nc1ccn(C2CCC(CO)O2)c(=O)n1,0,86.30874176519849,15.577057825802939,12.045763948569899,0.0,0.0,0.0,5.689743398203474,4.567099647791355,4.794537184071822,4.983978520947208,0.0,0.0,18.90801031431363,6.196843571613076,12.71084835226122,9.843390348640755,5.817862777835028,0.0,9.551078168738563,0.0,25.173510804335194,12.340549441675103,22.74749122234998,0.0,11.423410875365658,5.817862777835028,0.0,0.0,27.368453915840487,4.736862953800049,0.0,19.06954441658689,17.057747824146507,0.0,0.0
NCC(CC(=O)O)c1ccc(Cl)cc1,0,87.49008435321755,10.84019487200289,0.0,0.0,0.0,0.0,5.9693052879518484,4.794537184071822,0.0,0.0,0.0,23.733674027155736,24.24094203453279,10.940539359902719,6.4208216229260096,9.901064578912528,17.570245178184365,0.0,0.0,5.733667477162185,12.338727669087403,6.544756405912575,34.85155307928476,0.0,5.733667477162185,0.0,0.0,11.600939890232516,17.62058908870513,4.794537184071822,0.0,17.9021791607844,24.26546827384644,5.022633313741326,0.0
CC(=Cc1csc(C)n1)C1CC2OC2CCCC(C)C(O)C(C)C(=O)C(C)(C)C(O)CC(=O)O1,1,206.12241982622757,19.68678069728151,11.887211334113243,0.0,0.0,0.0,5.9693052879518484,9.589074368143644,4.983978520947208,0.0,11.336785877934735,34.11577042168851,44.256148328297805,17.718790439553317,46.95322933501721,29.275855065425155,29.165356219085403,0.0,4.983978520947208,17.250802561719567,104.16636325151529,0.0,21.654718992236408,0.0,0.0,0.0,0.0,11.336785877934735,57.46941548368691,19.06280027574374,24.174539761410188,77.42434580478438,10.953167300535181,0.0,6.076020106833881
N#CN=C(N=c1cc[nH]cc1)NCCCCCCOc1ccc(Cl)cc1,0,157.7775805148659,15.037630078753587,5.749511833283905,0.0,12.152710664522676,0.0,0.0,0.0,4.992404732635668,5.261891554738487,4.992404732635668,24.442583136084536,49.23984565662168,23.961076862880056,11.964112412819222,4.736862953800049,17.56049445897635,5.261891554738487,10.300767124953538,9.984809465271336,25.683286491704038,13.151638370425493,59.17175331604344,11.942667929062745,15.410882006112685,0.0,5.749511833283905,11.600939890232516,24.095171460116536,0.0,11.455047650517326,25.683286491704038,58.77669901926715,5.022633313741326,0.0
COc1cc(CNC(=O)CCCCC=CC(C)C)ccc1O,0,132.74026872542672,15.160178952647085,0.0,11.49902366656781,5.907179729351506,0.0,0.0,4.794537184071822,0.0,0.0,0.0,32.065881681510625,42.87655654355964,12.965578028838586,7.109797541277533,14.637927532712576,5.907179729351506,0.0,5.316788604006331,5.917906046161393,46.07551729699786,7.109797541277533,35.91459291074959,11.49902366656781,10.05365155780638,0.0,11.49902366656781,0.0,18.123504665469746,11.339293589984397,5.917906046161393,45.094212382782274,30.351141419052592,0.0,0.0
NNc1nncc2ccccc12,0,69.38070608238566,5.425791397110385,0.0,5.817862777835028,0.0,0.0,0.0,0.0,5.842670270266239,5.098681808301038,5.098681808301038,24.26546827384644,0.0,10.772448428929591,6.196843571613076,0.0,16.59031120676462,0.0,10.197363616602075,5.842670270266239,0.0,5.425791397110385,30.462311845459514,0.0,11.268461667376624,5.817862777835028,0.0,0.0,10.197363616602075,0.0,0.0,0.0,30.462311845459514,0.0,10.772448428929591
CC(=O)Oc1ccc(/C=C/c2cc(OC(C)=O)cc(OC(C)=O)c2)cc1,0,150.54363319720153,14.210588861400147,17.248535499851716,0.0,0.0,0.0,17.907915863855546,14.383611552215466,0.0,0.0,0.0,24.284774350590983,35.392371257240434,26.83757866753348,0.0,28.59420041361561,30.059956077523307,0.0,0.0,0.0,20.771211599071872,0.0,53.59147246262526,17.248535499851716,14.210588861400147,0.0,17.248535499851716,0.0,17.907915863855546,14.383611552215466,0.0,31.898114582465862,42.46456947923127,0.0,12.152040213667762
COc1ccc2c(O[C@@H]3CC4C(=O)N[C@]5(C(=O)NS(=O)(=O)C6CC6)C[C@@H]5/C=C\CCCCN(C)C(=O)C4C3)cc(-c3nc(C(C)C)cs3)nc2c1C,1,308.35737910659094,19.690424242456906,33.843466998400686,0.0,21.837650612110593,5.907179729351506,0.0,19.10570641666755,18.385754026223353,0.0,11.336785877934735,25.999514613049012,76.34095036618332,41.90643997984047,35.40617637604722,32.2751344441445,49.98454115147789,0.0,24.906750241203312,17.75371813848418,94.94852029875517,20.7022259298673,46.98858367606396,22.200575358269035,19.512609376058517,0.0,11.49902366656781,11.336785877934735,78.60225854510945,24.406902705623047,24.677455338174806,82.38933291549618,35.73120418951851,0.0,21.604476623782283
CN1C2CCC1CC(OC(c1ccccc1)c1ccccc1)C2,0,138.6346929477823,9.636772684650527,6.103966387748303,0.0,0.0,0.0,0.0,0.0,0.0,0.0,0.0,60.6636706846161,43.857861457775215,12.083681658295921,6.103966387748303,4.736862953800049,0.0,0.0,4.899909730850477,0.0,49.97490092549657,7.04767198267719,71.7905736680101,0.0,0.0,0.0,0.0,0.0,30.135229759571892,4.736862953800049,0.0,42.91415586284633,60.6636706846161,0.0,0.0
Nc1ncnc2nc(-c3ccc(N4CCOCC4)nc3)cc(-c3cccc(Br)c3)c12,0,181.64060249356777,15.370440161812711,17.9630456304346,5.647177220767728,0.0,0.0,0.0,0.0,19.93591408378883,0.0,0.0,28.06267803487257,41.45873832570204,29.322527390967636,24.293916138339092,4.736862953800049,38.59907088885193,0.0,19.93591408378883,0.0,0.0,36.93685394886365,59.461452641441305,22.384282469939446,10.633577208012662,11.635725555670057,0.0,15.929943897949348,46.23919082463982,4.736862953800049,0.0,0.0,59.461452641441305,0.0,33.41768390517197
Cn1cc(-c2ccc3nnc(C(F)(F)c4ccc5ncccc5c4)n3n2)cn1,0,156.82910401077464,0.0,0.0,5.647177220767728,5.824404497999927,0.0,5.922529168094576,9.665781456092391,0.0,23.49359160556734,10.197363616602075,12.13273413692322,30.33183534230805,35.954486323762126,17.407472284077798,8.78083009534964,16.550102152848787,0.0,34.57590658291216,7.04767198267719,5.922529168094576,0.0,72.44295618376742,11.257379486545457,0.0,8.78083009534964,0.0,0.0,34.57590658291216,12.970201150771766,0.0,11.387855989696924,61.05510019407049,0.0,27.80748163939424
OCC1OC(c2ccc(Cl)c(Cc3ccc(OC4CCOC4)cc3)c2)C(O)C(O)C1O,0,185.31203520105154,34.63669844076296,42.373310159773716,0.0,0.0,0.0,0.0,0.0,0.0,0.0,0.0,35.866408164078955,41.310277303401826,11.443454936667337,19.820645893538753,34.63669844076296,11.600939890232516,0.0,0.0,0.0,49.46544157234183,19.820645893538753,64.17755726806358,5.749511833283905,4.736862953800049,0.0,5.749511833283905,11.600939890232516,70.76658741164309,15.894547530526108,0.0,29.2151424857653,42.46456947923127,5.022633313741326,0.0
CC1(C)S[C@@H]2C(NC(=O)C(N)c3ccccc3)C(=O)N2C1C(=O)OCOC(=O)C1N2C(=O)C[C@H]2S(=O)(=O)C1(C)C,0,234.5346082663276,30.32400145046957,34.91510894252932,9.837253136417502,24.514481494154342,0.0,11.938610575903697,14.383611552215466,18.00687135247258,0.0,11.761884949391115,30.33183534230805,33.25840029045949,4.747022453217559,11.167844076143568,41.86420881228814,51.25928784976683,0.0,15.116608065707286,5.733667477162185,78.52492427065293,6.792942306099827,35.89528683400505,0.0,11.050456081168516,0.0,0.0,11.761884949391115,93.03802153590439,43.28366496437671,0.0,45.72106274253346,30.33183534230805,0.0,0.0
O=C(NCCCNc1nc(Nc2cccc(NC(=O)N3CCCC3)c2)ncc1I)c1cccs1,0,215.44806336573646,26.167064146875802,5.817862777835028,0.0,5.948339280986494,5.907179729351506,6.031114512338072,4.794537184071822,9.778515705019029,4.983978520947208,11.336785877934735,12.13273413692322,71.49886654015845,43.7506417446305,8.447329464766696,9.589074368143644,69.00692535488102,0.0,20.184655376751223,0.0,19.26246486877803,42.12939143566929,56.422438217615344,0.0,21.267154416025324,27.935511792260467,0.0,33.927656505002794,52.98518663808477,0.0,3.5701822710653963,28.93414924655115,47.97510875284865,0.0,0.0
CN(Cc1cc(Br)cc(Br)c1N)C1CCCCC1,0,126.17992845963941,5.733667477162185,0.0,0.0,0.0,0.0,0.0,4.899909730850477,0.0,0.0,0.0,35.192408766727375,53.51544475509877,21.532036266725363,5.687386274683562,0.0,37.54727407058226,0.0,4.899909730850477,0.0,44.69070534969059,12.781339459839375,26.641624660285043,0.0,5.733667477162185,5.687386274683562,0.0,31.859887795898697,17.989422542675626,6.544756405912575,0.0,37.667559606327046,21.078173168588048,0.0,0.0
Cc1cc(C#N)cc(C)c1Oc1nc(Nc2ccc(C#N)cc2)nc(N)c1Br,0,170.10066102981088,15.787319034968565,16.040094126951345,0.0,11.828327617421866,0.0,0.0,0.0,0.0,20.49174015137139,0.0,0.0,77.30252369149424,5.687386274683562,23.26534560897854,4.736862953800049,33.38353223145443,10.523783109476973,9.967957041894415,0.0,13.847474399381248,11.050456081168516,63.12472789339006,23.767942795303824,15.787319034968565,17.453588333505085,11.629500169719275,15.929943897949348,9.967957041894415,0.0,36.50970013444277,22.253805966787983,40.87092192660208,0.0,0.0
CC(C)(F)CC(NC(c1ccc(-c2ccc(S(C)(=O)=O)cc2)cc1)C(F)(F)F)C(=O)NC1(C#N)CC1,0,207.16827980140775,5.316788604006331,17.249525900276986,9.837253136417502,5.907179729351506,0.0,6.176298517443475,10.111325788078153,12.808212032003757,18.433136697762947,0.0,36.39820241076966,55.51220625724747,12.676590806437414,17.00654561745801,30.773994359100037,15.744432865769006,5.261891554738487,10.633577208012662,0.0,67.47308799054548,6.255769183511404,54.09438803938988,17.196124296186266,10.633577208012662,17.56166019069928,0.0,0.0,44.0065703149123,14.631790320489323,11.33111286753076,44.71523158900423,53.42642002321065,0.0,11.126902983393991
CC(C)(C)NCC(O)COc1nsnc1N1CCOCC1,0,129.13279449954695,24.796951637297614,12.71084835226122,0.0,5.817862777835028,5.879988336435371,0.0,0.0,0.0,4.3735399814164495,4.3735399814164495,0.0,20.771211599071872,25.17319447012107,24.94195127422445,14.580253302440804,17.54605012303364,0.0,14.06386856683923,0.0,32.41410323920352,44.35482484212695,0.0,5.879988336435371,14.953561288656857,5.817862777835028,5.879988336435371,11.728187345198613,64.95141410908172,4.736862953800049,0.0,20.771211599071872,0.0,0.0,0.0
CNC(=O)C(Cc1ccccc1)NC(=O)C(CC(C)C)C(CSc1cccs1)C(O)=NO,0,196.85681516552737,20.94735762763066,6.041840829147961,0.0,17.712104803060623,0.0,0.0,9.589074368143644,0.0,0.0,23.09867082732585,55.40138953690145,29.348608999711924,19.22134721234999,16.044991269844864,19.90285478776164,40.81077563038647,0.0,10.633577208012662,22.90943086523472,36.94013765190331,12.800525589423978,53.40808374139418,0.0,10.633577208012662,0.0,0.0,23.09867082732585,46.86825164125055,16.00989599106965,17.75371813848418,25.831747514004253,57.209524153969795,0.0,0.0
Oc1cc2cc(CCN3CCN(c4nsc5ccccc45)CC3)c(Cl)cc2[nH]1,0,171.86307690268396,14.99041564663839,5.817862777835028,5.879988336435371,0.0,0.0,0.0,4.899909730850477,0.0,4.3735399814164495,0.0,23.733674027155736,47.78222800003612,60.101931558311655,4.6999199164691,5.106527394840706,49.94035834264917,0.0,14.257428233214135,0.0,6.4208216229260096,37.62369176041335,53.05065428466959,5.879988336435371,4.899909730850477,5.817862777835028,5.879988336435371,23.133426501799192,52.08773765761771,6.4208216229260096,0.0,5.563451491696996,42.46456947923127,5.022633313741326,20.989069063014952
COCCOc1cnc2ccn([C@H](C)c3nnc4c(F)cc(-c5cnn(C)c5)cn34)c(=O)c2c1,0,192.75346754268296,14.040825555391454,12.356393797796823,17.28880255981355,0.0,5.559266895052007,0.0,18.861013246426005,4.39041504767482,5.098681808301038,10.197363616602075,0.0,25.122838405075452,43.87490322218794,35.94533486896809,13.864140955274918,16.550102152848787,0.0,33.929621135048656,7.04767198267719,12.965578028838586,20.32356147030337,71.17874848161986,16.876414816677897,10.296129848852056,4.39041504767482,5.749511833283905,0.0,54.25318260535202,11.78453493647724,5.817220841045894,18.789982526838514,53.97785624752203,0.0,27.677005136242776
CC(O)C1C(=O)N2C(C(=O)O)=C(SC3CNC(C(=O)N(C)C)C3)C(C)C12,0,156.1369017193067,25.329662855388698,5.697039313055833,0.0,11.814359458703011,0.0,5.9693052879518484,9.589074368143644,4.794537184071822,0.0,11.761884949391115,6.923737199690624,13.344558822616634,36.71308096130057,24.10555409220562,24.596666341896878,29.545549696045974,0.0,15.116608065707286,11.835812092322787,43.70588209833365,20.640100371266954,10.60217582694588,0.0,5.316788604006331,0.0,0.0,11.761884949391115,81.87422544533057,14.383611552215466,11.835812092322787,20.268296022307258,10.60217582694588,0.0,0.0
CC(C)n1c(C=CC(O)CC(O)CC(=O)O)c(-c2ccc(F)cc2)c2ccccc21,0,174.25887063624566,19.88668183231347,5.817220841045894,0.0,0.0,0.0,5.9693052879518484,4.794537184071822,4.39041504767482,0.0,0.0,36.407855449141934,43.68604720329695,34.62296687070048,18.628754398422615,24.50453441626876,22.948250326866784,0.0,4.567099647791355,0.0,44.93889124987784,0.0,66.11810549042112,11.126902983393991,0.0,4.39041504767482,0.0,0.0,38.06391989576192,4.794537184071822,5.817220841045894,38.42488646922969,54.60695665452676,0.0,28.105848022308933
NS(=O)(=O)c1cc2c(cc1Cl)N=CNS2(=O)=O,0,102.40040745855705,0.0,16.129502313557435,0.0,10.023291153407584,10.023291153407584,0.0,4.722094864452088,26.966972438901486,0.0,0.0,11.600939890232516,12.13273413692322,0.0,10.710019588424888,16.835593968657875,43.67344383425313,0.0,4.722094864452088,10.131378470243611,9.79096695103555,0.0,17.155367450664546,0.0,9.86106860206003,5.687386274683562,0.0,11.600939890232516,23.17412933117976,20.046582306815168,0.0,0.0,26.91610582059444,5.022633313741326,0.0
Cn1cc(-c2[nH]c3cc(NC(=O)C(N)C4CCCCC4)cc4c3c2C=NNC4=O)cn1,1,178.61737445698702,16.034434602115724,0.0,0.0,5.907179729351506,5.907179729351506,0.0,14.270877303288827,5.425791397110385,10.20008933404076,0.0,19.26246486877803,30.892283428936633,40.961729744448874,29.71066446684181,9.589074368143644,34.61927124500295,0.0,20.190254661503815,23.800653031740488,38.14594894377801,5.316788604006331,35.65332426354336,11.257379486545457,16.4762474782789,5.687386274683562,0.0,0.0,38.83526413177972,11.842209166749011,5.917906046161393,48.02554828209586,29.62782880588909,0.0,22.160304418626517
CCNC(=O)C1OC(n2cnc3c(N)nc(NCCc4ccc(CCC(=O)O)cc4)nc32)C(O)C1O,0,205.88061767738665,36.42368982349701,17.72463349311287,23.796907557085927,5.948339280986494,5.907179729351506,5.9693052879518484,14.156174015934997,4.983978520947208,9.967957041894415,0.0,24.26546827384644,30.892283428936633,19.510334434751158,6.3273200747645415,29.645519506465803,34.80656501450887,0.0,24.83582381463931,0.0,50.72600240244843,24.139968892993668,41.71969133200497,0.0,16.367244685174846,11.766202058821523,0.0,0.0,78.11651438752851,27.16758056779571,0.0,30.699362976745494,30.59278834861098,0.0,11.16387793838399
CC1C(=NC(=O)C(NOC(C)(C)C(=O)O)c2csc(N)n2)C(=O)N1S(=O)(=O)O,1,162.59031069995737,10.84019487200289,5.711685002770702,16.77445011997098,0.0,11.814359458703011,16.27347016397548,18.97941282557064,19.07613642895093,13.89789358245014,11.336785877934735,0.0,20.771211599071872,5.380062770465915,11.735768823996422,37.29827438881211,50.26785898322326,0.0,14.769291110364643,4.992404732635668,38.455944068351485,5.733667477162185,11.073990765314376,0.0,11.213764075283386,5.131558479839333,0.0,11.336785877934735,62.50451015466064,29.525365011975733,0.0,32.50698042306829,10.372467503101582,0.0,0.0
Cn1c(=O)cc(N2CCCC(N)C2)n(Cc2ccccc2C#N)c1=O,0,145.07679027106064,10.633577208012662,5.817862777835028,0.0,0.0,5.559266895052007,5.689743398203474,13.928736479654532,4.794537184071822,5.261891554738487,0.0,18.19910120538483,24.471461806010623,32.24539269211191,18.177429210401844,0.0,5.817862777835028,5.261891554738487,9.13419929558271,12.781339459839375,25.428240480912557,17.989422542675626,62.296822987101166,6.069221312792274,21.88258750126814,5.817862777835028,0.0,0.0,28.26555293655582,13.592428388589765,11.33111286753076,23.96854622924601,39.920909710451696,0.0,0.0
C=C[C@H]1C[N@@]2CC[C@H]1C[C@@H]2[C@@H](O)c1ccnc2ccccc12,0,130.83493885930145,5.106527394840706,0.0,0.0,0.0,0.0,0.0,9.883888251797686,0.0,0.0,6.578935683598497,24.27512131221871,48.918397372707595,24.169665021138407,11.620667105364564,5.106527394840706,10.902924932081056,0.0,9.883888251797686,11.835812092322787,24.987450462748285,13.08951281182515,54.747086196050496,0.0,0.0,0.0,0.0,0.0,34.1217692876115,0.0,11.835812092322787,24.509061125297315,49.1836347043535,0.0,10.902924932081056
CNC(=O)c1cc(Oc2ccc3nc(N[C@@H]4CCCC[C@H]4O)sc3c2)ccn1,0,166.33255230020706,20.476967556653413,17.19295166141627,5.131558479839333,0.0,5.907179729351506,0.0,9.778515705019029,4.983978520947208,0.0,0.0,24.178429123786756,31.04074445123685,25.377249691213486,22.362427850981625,14.637927532712576,32.592144721210936,0.0,15.284745645900745,0.0,37.829093708600304,12.36446058668352,42.22260690876959,11.49902366656781,15.37044016181271,5.131558479839333,11.49902366656781,11.336785877934735,40.17514336566008,0.0,0.0,36.17175167062432,36.52867891392113,0.0,10.216620634085363
O=c1c(-c2ccc(O)cc2)coc2c(C3OC(CO)C(O)C(O)C3O)c(O)ccc12,0,169.19927005688234,39.79317825989762,53.86503874259061,0.0,5.428790391900541,0.0,0.0,4.794537184071822,0.0,0.0,0.0,12.13273413692322,29.828919765543436,0.0,23.120009162371705,39.79317825989762,10.969244356107037,0.0,0.0,0.0,30.51983193874151,6.606881964512918,58.44814447407807,22.6259266499618,5.428790391900541,0.0,11.49902366656781,0.0,61.66191188455035,4.736862953800049,0.0,11.6674178794453,51.873053527533884,0.0,22.09614733950103
N#Cc1ccc2[nH]cc(CCCCN3CCN(c4ccc5oc(C(N)=O)cc5c4)CC3)c2c1,0,191.9125658834913,20.034706666013218,5.583020141642242,5.7602474188744415,0.0,5.907179729351506,0.0,9.694446914922299,0.0,5.261891554738487,0.0,0.0,73.83524224561887,54.352404616492784,11.63267280448927,9.211688121125169,33.46673529222316,5.261891554738487,9.883888251797686,5.733667477162185,19.26246486877803,37.62369176041335,65.54856345311278,6.069221312792274,10.633577208012662,5.687386274683562,0.0,0.0,48.51485001071207,6.4208216229260096,11.33111286753076,34.52333083219228,53.078563987897695,0.0,21.872169288188097
O=C(O)Cc1cccc(OCCCN(Cc2cccc(C(F)(F)F)c2Cl)CC(c2ccccc2)c2ccccc2)c1,0,242.51617195486887,9.843390348640755,5.749511833283905,0.0,0.0,0.0,12.145603805395323,9.694446914922299,0.0,13.171245143024459,0.0,96.53007884869508,46.87372879509882,25.552175263899116,23.61378839287725,27.809172675737038,17.570245178184365,0.0,4.899909730850477,0.0,31.48060421536946,19.696394776338067,135.96813093607372,5.749511833283905,4.736862953800049,13.171245143024459,5.749511833283905,11.600939890232516,35.6721371899811,23.93641373035388,0.0,40.15598512757238,103.12824016384741,5.022633313741326,0.0
CCN(CC)CCOC(=O)C1(C2CCCCC2)CCCCC1,1,136.33144777966405,9.636772684650527,6.606881964512918,0.0,0.0,0.0,5.9693052879518484,4.794537184071822,0.0,0.0,0.0,52.37240413693732,44.69070534969059,6.544756405912575,5.414990469396779,9.53140013787187,5.9693052879518484,0.0,4.899909730850477,11.332896515558172,78.05569062864137,26.241151182250643,0.0,0.0,0.0,0.0,0.0,0.0,37.11036620105297,9.53140013787187,11.332896515558172,78.05569062864137,0.0,0.0,0.0
CN(CC=CC#CC(C)(C)C)Cc1cccc2ccccc12,0,134.19688693947325,0.0,0.0,0.0,0.0,0.0,0.0,4.899909730850477,0.0,0.0,0.0,60.381458223776434,50.23080360920953,18.50450328122193,0.0,0.0,10.772448428929591,0.0,4.899909730850477,5.414990469396779,27.315968004984448,13.592428388589765,60.18006118459603,11.840868637711289,0.0,0.0,0.0,0.0,18.49233811944024,6.544756405912575,17.255859107108066,26.334663090768867,54.61660969289903,0.0,10.772448428929591
COc1ccc(C=CC(=O)Nc2ccccc2C(=O)O)cc1OC,0,138.88277757466176,19.897041906447136,0.0,11.49902366656781,5.907179729351506,0.0,5.9693052879518484,4.794537184071822,4.794537184071822,0.0,0.0,18.19910120538483,35.90493987237732,6.076020106833881,25.470432848935623,24.169327670584444,23.639891398820797,0.0,0.0,0.0,0.0,19.536383686561397,59.66749256945914,11.49902366656781,14.790514511606428,5.687386274683562,11.49902366656781,0.0,31.202607494699127,4.794537184071822,0.0,15.921440167465814,48.54058958606515,0.0,6.076020106833881
CCCC(C(=O)OCCN(CC)CC)(c1ccccc1)c1ccccc1,1,157.53776158367765,9.636772684650527,12.021872433909696,0.0,0.0,0.0,5.9693052879518484,4.794537184071822,0.0,0.0,0.0,87.855703906614,30.63723741814515,6.544756405912575,0.0,9.53140013787187,5.9693052879518484,0.0,4.899909730850477,0.0,39.02784531432067,26.241151182250643,71.7905736680101,0.0,0.0,0.0,0.0,0.0,37.11036620105297,14.94639060726865,0.0,44.73975782831788,60.6636706846161,0.0,0.0
CCCN(CCC)S(=O)(=O)c1ccc(C(=O)O)cc1,0,113.46236333513149,5.106527394840706,0.0,0.0,10.023291153407584,0.0,5.9693052879518484,0.0,13.212334168400758,4.305215991296233,0.0,13.847474399381248,37.10711151969846,13.08951281182515,10.45893496721477,18.318861563241462,15.992596441359431,0.0,4.305215991296233,0.0,31.584601120751042,13.08951281182515,29.828919765543436,0.0,0.0,0.0,0.0,0.0,36.88835847024288,10.023291153407584,0.0,37.04710632100208,29.160951749364212,0.0,0.0
O=C(NCCN1CCOCC1)c1ccc(Cl)cc1,0,111.86819617698772,10.05365155780638,0.0,0.0,0.0,5.907179729351506,0.0,9.694446914922299,0.0,0.0,0.0,11.600939890232516,24.26546827384644,36.76511042908862,13.213763929025836,9.53140013787187,17.508119619584022,0.0,10.216698334856808,0.0,0.0,39.392789552676135,34.85155307928476,0.0,5.316788604006331,0.0,0.0,11.600939890232516,50.199879012878114,4.736862953800049,0.0,10.357988675768818,24.26546827384644,5.022633313741326,0.0
CC(C(=O)O)c1ccc(CC2CCCC2=O)cc1,0,106.82732894782077,5.106527394840706,5.783244946364939,0.0,0.0,0.0,5.9693052879518484,9.589074368143644,0.0,0.0,0.0,24.26546827384644,37.31310505186264,12.338727669087403,5.917906046161393,14.69560176298435,11.752550234316788,0.0,0.0,5.917906046161393,38.52492973755605,0.0,35.392371257240434,0.0,0.0,0.0,0.0,0.0,16.859077629157493,16.00989599106965,5.917906046161393,43.23101109802404,24.26546827384644,0.0,0.0
CC12CCC(=O)C=C1C=CC1C2CCC2(C)C1CCC2(O)CCC(=O)O,0,154.91201645615243,10.213054789681411,0.0,5.783244946364939,0.0,0.0,5.9693052879518484,9.589074368143644,0.0,0.0,0.0,25.99951461304901,78.75775345173695,12.841643245852019,5.601050810983688,19.802129157825057,11.752550234316788,0.0,0.0,28.583699077277736,70.81509819377301,0.0,23.80116485057091,0.0,0.0,0.0,0.0,0.0,27.566655834981887,9.589074368143644,28.583699077277736,65.21404738278933,23.80116485057091,0.0,0.0
O=P(O)(O)C(Cl)(Cl)P(=O)(O)O,0,71.44859932307266,19.5736464110099,0.0,0.0,0.0,0.0,19.007055576145035,9.130096569862658,0.0,0.0,0.0,23.20187978046503,0.0,0.0,0.0,28.703742980872562,38.393404434040804,0.0,0.0,0.0,3.815530922569265,0.0,0.0,0.0,0.0,0.0,0.0,38.393404434040804,23.389177333579166,9.130096569862658,0.0,0.0,0.0,0.0,0.0
CC(C)C(C(=O)Nc1ccc(C(O)=NO)cc1)c1ccccc1,0,134.8273627853226,15.630569023624329,0.0,0.0,5.907179729351506,5.897745344357611,0.0,4.794537184071822,0.0,0.0,0.0,44.179309741689295,40.90253853845537,11.250837766380558,5.917906046161393,15.10831760368982,17.49231134839268,0.0,0.0,11.073618772911933,19.76538044554264,5.316788604006331,65.72420659954848,0.0,5.316788604006331,5.687386274683562,0.0,0.0,22.118705493327116,4.794537184071822,5.917906046161393,30.89228342893663,59.75301634290503,0.0,0.0
O=C(O)c1cccc(-c2noc(-c3ccccc3F)n2)c1,0,118.21680643292684,9.629622331814055,5.817220841045894,0.0,5.824404497999927,5.890723922025908,5.9693052879518484,0.0,9.184952231746642,4.983978520947208,0.0,29.422131530971885,24.26546827384644,5.563451491696996,11.126902983393991,18.814574563560697,5.9693052879518484,0.0,10.140641778072652,0.0,0.0,0.0,59.91160888043577,22.842031403419828,0.0,4.39041504767482,0.0,0.0,21.216474460865207,0.0,5.817220841045894,10.357988675768818,53.054031484666226,0.0,22.842031403419828
O=C(CCCN1CCN(c2ccccn2)CC1)c1ccc(F)cc1,0,141.46857591152786,4.899909730850477,11.635083618880923,5.783244946364939,0.0,0.0,0.0,9.694446914922299,9.374393568622027,0.0,0.0,6.06636706846161,49.36378043960824,44.36014230988638,0.0,9.184952231746642,11.601107724199966,0.0,9.883888251797686,0.0,12.841643245852019,37.62369176041335,60.042085383587235,0.0,4.899909730850477,10.208277825509848,0.0,0.0,48.3909152277255,0.0,5.817220841045894,23.199631921620835,48.661413050844345,0.0,0.0
O=c1oc2cc(O)ccc2s1,1,65.51400359789248,9.523678331894054,5.749511833283905,5.583020141642242,0.0,0.0,4.939282021082292,0.0,4.794537184071822,0.0,0.0,11.336785877934735,12.13273413692322,6.06636706846161,4.6999199164691,9.523678331894054,21.61972593604608,0.0,0.0,0.0,0.0,0.0,27.93292041053894,5.749511833283905,4.939282021082292,0.0,5.749511833283905,11.336785877934735,5.106527394840706,0.0,0.0,0.0,27.41078932651,0.0,10.282940058111343
O=C(O)P(=O)(O)O,0,38.746414800809205,14.893350600345656,0.0,0.0,0.0,0.0,13.306156019281646,0.0,9.35958546900315,0.0,0.0,0.0,0.0,0.0,0.0,24.25293606934881,13.306156019281646,0.0,0.0,0.0,0.0,0.0,0.0,0.0,0.0,4.794537184071822,0.0,7.595762326787885,20.60374429283942,4.565048284931329,0.0,0.0,0.0,0.0,0.0
COc1ccc2[nH]cc(CCNC(C)=O)c2c1,0,99.9718681573882,15.037630078753587,5.749511833283905,0.0,5.907179729351506,0.0,0.0,4.794537184071822,0.0,0.0,0.0,0.0,30.183374320007836,30.568262109297333,7.109797541277533,9.53140013787187,16.810104661432565,0.0,10.300767124953538,0.0,13.344558822616634,13.65455394719011,29.959396268694903,5.749511833283905,10.05365155780638,0.0,5.749511833283905,0.0,24.54571219748882,11.21535880699783,0.0,12.487188691387619,24.395944776997908,0.0,10.902924932081056
Cc1nc2n(c(=O)c1CCN1CCC(c3noc4cc(F)ccc34)CC1)CCCC2,1,174.23929709545143,9.423004667823825,11.64162533904582,5.583020141642242,0.0,5.559266895052007,0.0,9.361636831863176,9.374393568622027,0.0,0.0,5.156663257125445,64.25009226306904,48.138211250384416,5.693927994848461,8.913509984648169,10.969244356107037,0.0,19.607651156714486,0.0,57.911329389320656,19.634269217737724,57.14583810494839,0.0,5.559266895052007,4.39041504767482,0.0,0.0,39.241920374452214,19.386399651764595,12.740958040736519,54.37690451725928,27.51673332643,0.0,10.969244356107037
O=C(C=Cc1cccnc1)NCCCCC1CCN(C(=O)c2ccccc2)CC1,0,172.38969866184885,10.216698334856808,0.0,0.0,5.907179729351506,5.907179729351506,0.0,14.57305288909085,0.0,0.0,0.0,37.10711151969846,55.01894371885513,43.66742795949475,0.0,9.589074368143644,17.890379565536893,0.0,15.200676855804016,5.917906046161393,32.10410811463005,19.634269217737724,72.0611797126853,0.0,5.316788604006331,0.0,0.0,0.0,41.33251692823842,4.794537184071822,5.917906046161393,48.025548282095855,60.934276729291305,0.0,6.076020106833881
Nc1nc(N)c2nc(-c3cccc(O)c3)c(-c3cccc(O)c3)nc2n1,0,147.37409688556374,21.68038974400578,11.49902366656781,16.98174071621902,5.948339280986494,0.0,0.0,0.0,9.967957041894415,9.967957041894415,0.0,24.26546827384644,24.26546827384644,11.126902983393991,11.387855989696922,10.213054789681411,22.930079997205514,0.0,19.93591408378883,0.0,0.0,11.46733495432437,48.53093654769288,34.01378263965872,11.46733495432437,11.766202058821523,11.49902366656781,0.0,30.148968873470242,0.0,0.0,0.0,48.53093654769288,0.0,33.678636911474904
O=C(O)CCNC(=O)c1ccc(N=Nc2ccc(O)c(C(=O)O)c2)cc1,0,147.17711548236048,20.63637078852845,11.3129633249809,0.0,0.0,5.907179729351506,11.938610575903697,9.589074368143644,4.794537184071822,10.228500251258795,0.0,0.0,42.46456947923127,12.10820789760957,17.795594172293132,29.703193736737582,29.220562854622326,0.0,5.316788604006331,10.228500251258795,6.4208216229260096,6.544756405912575,53.59147246262526,5.749511833283905,5.316788604006331,11.374772549367124,5.749511833283905,0.0,39.71012889568989,4.794537184071822,0.0,27.13679897446364,52.693069730490066,0.0,0.0
Cn1c2ccccc2c2c3c(c4c5ccccc5n(CCC#N)c4c21)CNC3=O,0,166.28411055962798,14.450987899589041,0.0,0.0,0.0,5.907179729351506,0.0,4.794537184071822,0.0,5.261891554738487,0.0,36.39820241076966,17.696185628620217,52.71548308759404,29.0868958626478,4.794537184071822,49.51887945767573,5.261891554738487,14.450987899589041,7.04767198267719,19.51033443475116,0.0,59.65783953108687,6.069221312792274,5.316788604006331,0.0,0.0,0.0,15.041379024934216,20.13718479450234,11.33111286753076,22.342261790391824,48.53093654769288,0.0,43.611699728324226
NC(=O)c1ccc(I)c([N+](=O)[O-])c1,0,87.21257187449349,5.733667477162185,0.0,0.0,5.907179729351506,5.687386274683562,0.0,14.908855452837393,0.0,0.0,0.0,0.0,34.723604763991275,11.629818560158606,8.493493319883067,9.717848232889493,34.18543663110312,0.0,0.0,5.733667477162185,0.0,0.0,37.447053236912794,0.0,5.733667477162185,5.687386274683562,0.0,22.590870627068057,10.830490778169176,0.0,13.684500539830967,10.357988675768818,18.19910120538483,0.0,0.0
O=C(C1CCCCC1)N1CC(=O)N2CCc3ccccc3C2C1,0,137.0008686865595,9.799819461700954,0.0,0.0,11.814359458703011,0.0,0.0,9.589074368143644,0.0,0.0,0.0,43.52793314262447,30.38936785217202,19.007418857986544,12.586597235060536,9.589074368143644,11.814359458703011,0.0,9.799819461700954,5.917906046161393,44.56677056670402,19.634269217737724,35.392371257240434,0.0,0.0,0.0,0.0,0.0,41.24844813814169,16.009895991069655,5.917906046161393,49.272851927172,24.26546827384644,0.0,0.0
C#CC1(OC(C)=O)CCC2C3CCC4=CC(OC(C)=O)CCC4C3CCC21C,0,167.96935206361093,9.473725907600098,6.103966387748303,5.601050810983688,0.0,0.0,11.938610575903697,9.589074368143644,0.0,0.0,6.423349895620259,18.417276048615534,81.11421727488754,19.262464868778025,0.0,19.06280027574374,11.938610575903697,0.0,0.0,29.08661465404235,83.84280178121195,0.0,11.649124636903148,12.343784214475903,0.0,0.0,0.0,0.0,23.64362777463569,19.06280027574374,41.430398868518246,72.13778458247995,11.649124636903148,0.0,0.0
C[C@]12CC[C@H](O)C[C@H]1CC[C@@H]1[C@@H]2CC[C@]2(C)[C@@](O)(c3ccoc3)CC[C@]12O,0,161.51900919958047,19.736733121575462,5.601050810983688,0.0,0.0,0.0,0.0,0.0,0.0,0.0,0.0,13.847474399381248,87.02247028267668,10.978441961093775,24.2313431900101,19.736733121575462,0.0,0.0,0.0,28.583699077277736,88.94093701543105,0.0,24.156144551436718,0.0,0.0,0.0,0.0,0.0,27.024599383254106,5.601050810983688,28.583699077277736,77.19832049741234,23.00984399679307,0.0,0.0
C=CC1=C(C)C(Cc2[nH]c(Cc3[nH]c(CC4=NC(=O)C(=C)C4=CC)c(C)c3CCC(=O)O)c(CCC(=O)O)c2C)=NC1=O,1,249.28549746799672,20.181011831575827,0.0,0.0,0.0,11.814359458703011,11.938610575903697,19.178148736287287,9.984809465271336,0.0,0.0,25.309911580864757,68.36350254147176,71.59913368423169,11.423370005541404,29.3912035259687,35.17634004014811,0.0,9.967957041894415,9.984809465271336,72.64070015924457,0.0,92.63184764732364,0.0,0.0,0.0,0.0,0.0,55.357351871723935,51.282256850917335,13.847474399381248,71.7186355914151,57.58713916641315,0.0,0.0
NC(N)=O,0,23.580554521898744,11.46733495432437,0.0,0.0,0.0,0.0,6.031114512338072,0.0,4.794537184071822,0.0,0.0,0.0,0.0,0.0,0.0,4.794537184071822,6.031114512338072,0.0,0.0,11.46733495432437,0.0,0.0,0.0,0.0,11.46733495432437,4.794537184071822,0.0,0.0,6.031114512338072,0.0,0.0,0.0,0.0,0.0,0.0
O=c1[nH]c(O)cn1/N=C/c1ccc(-c2ccc([N+](=O)[O-])cc2)o1,0,127.81783287948929,9.523678331894054,11.520494837748883,0.0,5.879988336435371,5.687386274683562,5.689743398203474,15.09829678971278,4.794537184071822,9.77750996663513,0.0,0.0,24.26546827384644,17.696185628620217,17.334755199966065,14.446989380711724,11.90198685421888,0.0,9.660080961842617,5.101407525739722,0.0,0.0,68.95389225229805,17.20368724700681,5.689743398203474,5.687386274683562,5.879988336435371,0.0,25.904519985036305,0.0,10.114318268765572,5.7602474188744415,56.90814162924762,0.0,11.323698910571437
NCCCCNCCCN,0,63.158547291842666,16.784123558330702,0.0,0.0,0.0,0.0,0.0,0.0,0.0,0.0,0.0,0.0,45.44149049242832,0.0,0.0,0.0,0.0,0.0,5.316788604006331,11.46733495432437,19.26246486877803,26.1790256236503,0.0,0.0,16.784123558330702,0.0,0.0,0.0,26.1790256236503,0.0,0.0,19.26246486877803,0.0,0.0,0.0
COc1nccc(-c2c(-c3ccc(F)cc3)ncn2C2CCC(O)CC2)n1,0,156.24574541395032,14.41048999643211,5.817220841045894,0.0,0.0,0.0,6.010464839586836,0.0,14.358372089569235,4.983978520947208,0.0,0.0,56.01512183401209,17.802135892458033,36.62286798833576,14.233805396315574,0.0,0.0,19.51903521063298,0.0,37.829093708600304,7.109797541277533,48.673219829731565,28.655700315829215,4.736862953800049,4.39041504767482,6.010464839586836,0.0,37.83932653449952,0.0,5.817220841045894,31.725127320852,42.85599898868567,0.0,22.645235476242377
O=S(=O)(F)Cc1ccccc1,0,64.88277606121378,0.0,5.752853606746789,0.0,0.0,0.0,10.223207757287538,0.0,0.0,8.417796984328938,3.8857588025818357,30.33183534230805,5.563451491696996,0.0,0.0,12.303555786910774,10.223207757287538,0.0,0.0,0.0,5.752853606746789,0.0,35.89528683400505,0.0,0.0,3.8857588025818357,0.0,0.0,8.417796984328938,15.976061364034326,0.0,5.563451491696996,30.33183534230805,0.0,0.0
CCCS(=O)(=O)Nc1ccc(F)c(C(=O)c2c[nH]c3ncc(-c4ccc(Cl)cc4)cc23)c1F,1,193.22233013170845,4.983978520947208,11.464398061813622,5.817220841045894,15.806536099772522,0.0,0.0,9.51663204852391,22.182605600625784,0.0,0.0,30.657411226846357,42.316108456931055,33.92944765482626,17.003691373127346,21.9931642637504,44.12826369992112,0.0,9.967957041894415,0.0,13.344558822616634,10.474948471198877,82.64223460168454,11.126902983393991,4.722094864452088,14.468216370033202,0.0,11.600939890232516,29.92185257933508,10.023291153407584,11.634441682091788,29.265998990082444,54.858256622457425,5.022633313741326,22.160304418626517
Cc1cccc(Oc2cnc(=O)[nH]c2)c1,1,86.56780273140126,9.720841474747257,5.749511833283905,5.749511833283905,0.0,0.0,5.689743398203474,0.0,4.794537184071822,4.983978520947208,0.0,12.13273413692322,24.619922828310838,0.0,12.393687143226153,4.736862953800049,0.0,0.0,9.967957041894415,0.0,6.923737199690624,0.0,52.70688749104489,11.49902366656781,10.426606352003523,0.0,11.49902366656781,0.0,9.967957041894415,0.0,6.923737199690624,5.563451491696996,41.45369260114442,0.0,0.0
CC[N+](C)(C)c1cccc(O)c1,0,73.6552104860781,5.106527394840706,11.436898107967467,0.0,0.0,0.0,0.0,4.483030857694624,0.0,0.0,0.0,6.06636706846161,19.056471336613843,6.06636706846161,20.640100371266954,5.106527394840706,5.687386274683562,0.0,4.483030857694624,0.0,6.923737199690624,20.640100371266954,24.26546827384644,5.749511833283905,4.483030857694624,5.687386274683562,5.749511833283905,0.0,25.746627766107657,0.0,0.0,6.923737199690624,24.26546827384644,0.0,0.0
N=C(N)N,1,24.104383421119774,11.46733495432437,0.0,5.959554568743835,0.0,0.0,0.0,5.409283605791522,0.0,0.0,0.0,0.0,0.0,0.0,0.0,0.0,5.959554568743835,5.409283605791522,0.0,11.46733495432437,0.0,0.0,0.0,0.0,11.46733495432437,0.0,0.0,0.0,5.959554568743835,0.0,5.409283605791522,0.0,0.0,0.0,0.0
c1ccc(CC2=NCCN2)cc1,0,72.33052509302233,5.316788604006331,5.835619785757269,0.0,0.0,0.0,0.0,4.992404732635668,0.0,0.0,0.0,30.33183534230805,5.563451491696996,12.965578028838586,6.544756405912575,0.0,5.835619785757269,0.0,5.316788604006331,4.992404732635668,6.4208216229260096,13.08951281182515,35.89528683400505,0.0,5.316788604006331,0.0,0.0,0.0,18.92513259758242,6.4208216229260096,0.0,5.563451491696996,35.32424007494372,0.0,0.0
Cc1c(C(=O)N2CCOc3ccc(-c4ccc(N)nc4)cc3C2)ccc(S(C)(=O)=O)c1F,0,185.1147865269015,15.370440161812713,28.88696089219552,9.837253136417502,0.0,5.907179729351506,0.0,4.794537184071822,17.792190552950963,0.0,0.0,6.06636706846161,54.44884259385427,35.68772363612804,6.544756405912575,22.33961216987563,21.562295643604035,0.0,9.883888251797686,0.0,18.363977081120975,25.14107503109908,71.16898836698124,16.876414816677897,10.470530430962235,10.208277825509848,5.749511833283905,0.0,43.61627251941502,16.382009542330078,12.740958040736519,21.48489165916281,53.556896526362124,0.0,11.126902983393991
O=C(O)Cc1cc(I)c(Oc2ccc(O)c(I)c2)c(I)c1,1,161.8674307514278,14.94991774348146,11.49902366656781,5.749511833283905,0.0,0.0,5.9693052879518484,4.794537184071822,0.0,0.0,0.0,0.0,103.66789871520922,0.0,17.131368436122198,19.744454927553285,73.74191716915601,0.0,0.0,0.0,6.4208216229260096,0.0,46.60583364720124,17.248535499851716,4.736862953800049,0.0,17.248535499851716,67.77261188120417,16.182360077633263,11.21535880699783,10.710546813196189,5.563451491696996,30.33183534230805,0.0,0.0
CCCC=c1ncc(=CC(Cc2cccs2)C(=O)O)n1Cc1ccc(C(=O)O)cc1,1,178.00646147466978,14.780154437472765,5.4796029819078,0.0,0.0,0.0,11.938610575903697,4.794537184071822,9.778515705019029,0.0,11.336785877934735,31.54366002800146,54.136298927067514,11.421903599613874,23.0273275882278,19.802129157825057,35.42743666750619,0.0,9.551078168738563,5.917906046161393,32.730958474381225,0.0,74.80788839060807,0.0,10.828729460664135,0.0,0.0,11.336785877934735,31.702743534323673,17.760115212910407,5.917906046161393,40.563967806709755,47.97510875284865,0.0,12.152040213667762
CN1CCN(Cc2ccc(Nc3ncc(Cl)c(Nc4ccccc4S(=O)(=O)N(C)C)n3)cc2)CC1,1,211.34186075228462,15.533486938863138,9.918116789259102,5.817862777835028,15.97163043439408,0.0,0.0,4.899909730850477,17.70699149657238,4.983978520947208,0.0,35.866408164078955,36.876591748220626,52.506512269600805,11.884229846296638,8.417796984328938,44.76520565182875,0.0,24.072992494891604,0.0,11.440239881430351,57.95561877969452,65.31386492474428,0.0,10.633577208012662,23.140974608188646,0.0,11.600939890232516,79.8128310509024,16.56804755932016,0.0,5.563451491696996,59.623263594823726,5.022633313741326,0.0
Cc1c(-c2ccccc2)oc2c(C(=O)OCCN3CCCCC3)cccc2c1=O,0,169.45004965714327,9.154013890853395,17.930580875084356,11.011810533542782,0.0,0.0,5.9693052879518484,9.694446914922299,4.794537184071822,0.0,0.0,42.81902403369567,44.98762739429101,17.671659389306566,5.386224214464796,13.948551074925218,16.938549644058888,0.0,4.899909730850477,0.0,26.186202068468653,26.241151182250643,69.88116710705924,11.323698910571437,5.428790391900541,0.0,0.0,0.0,37.11036620105297,4.736862953800049,6.923737199690624,35.18390503624384,57.742624668818046,0.0,22.292943266678478
NC1(Cc2ccc(Cl)cc2)CCN(c2ncnc3[nH]ccc23)CC1,1,145.40543036715172,15.61755572895987,17.7923600733673,0.0,0.0,0.0,0.0,0.0,9.967957041894415,0.0,0.0,23.733674027155736,43.025017565859855,29.8479149495629,5.386224214464796,0.0,28.452204103300065,0.0,14.951935562841623,5.733667477162185,24.801390121161372,17.989422542675626,53.442083794123995,0.0,10.633577208012662,5.817862777835028,0.0,11.600939890232516,33.580373627050115,6.4208216229260096,0.0,18.405094737549014,42.85599898868566,5.022633313741326,11.033401435232523
ON=C(O)CCCCCCC(O)=NO,1,82.16950280806607,20.62756083923599,0.0,0.0,11.795490688715223,0.0,0.0,0.0,0.0,0.0,0.0,23.1530686993531,12.841643245852019,12.841643245852019,0.0,20.62756083923599,11.795490688715223,0.0,0.0,10.31142545350108,38.524929737556064,0.0,0.0,0.0,0.0,0.0,0.0,0.0,32.42305152795121,0.0,0.0,38.524929737556064,10.31142545350108,0.0,0.0
O=C(O)c1cn(-c2ccc(F)cc2)c2cc(N3CCNCC3)c(F)cc2c1=O,0,158.1767053552393,19.890325377488868,17.197893173788785,0.0,5.428790391900541,0.0,5.9693052879518484,4.794537184071822,13.575367279421462,0.0,0.0,0.0,36.39820241076966,43.449479684411735,11.204086992299825,18.681894674262168,22.55961649471647,0.0,9.883888251797686,0.0,0.0,31.07893535450078,70.01626673214389,5.687386274683562,15.64548872675735,14.468216370033202,0.0,0.0,41.82195795423421,0.0,11.634441682091788,10.357988675768818,47.38958316645456,0.0,16.59031120676462
O=Cc1ccc(CO)o1,0,51.911372464606785,9.523678331894054,12.36712938338736,12.046407942003995,0.0,0.0,0.0,4.794537184071822,0.0,0.0,0.0,0.0,12.13273413692322,0.0,0.0,14.318215515965875,6.2861605231295545,0.0,0.0,0.0,6.606881964512918,0.0,23.653228974672103,0.0,0.0,0.0,0.0,0.0,11.39268791797026,6.606881964512918,0.0,16.315032021820706,16.54988507397657,0.0,0.0
Cc1noc(NS(=O)(=O)c2ccc(N)cc2)c1C,1,104.83424387818272,10.256762414135533,0.0,0.0,5.884182201861008,10.023291153407584,0.0,0.0,13.139891848781026,0.0,0.0,5.156663257125445,38.112942673227685,11.250837766380558,10.589411470366237,12.940891921302285,21.594859629952154,0.0,5.156663257125445,0.0,18.742957874899023,10.455762341614273,35.5228477603919,0.0,10.455762341614273,11.57156847654457,0.0,0.0,13.574460241454382,10.023291153407584,13.847474399381248,11.257379486545457,33.68404668633756,0.0,0.0
Cc1ccc(NC(=O)c2ccc(CN3CCN(C)CC3)cc2)cc1Nc1nc(-c2cccnc2)cs1,0,215.37696453930374,15.533486938863138,0.0,5.131558479839333,0.0,5.907179729351506,0.0,14.678425435869507,4.983978520947208,0.0,11.336785877934735,18.19910120538483,61.49651457653146,72.99920747601605,5.693927994848461,4.794537184071822,33.7502966364927,0.0,19.76777650359537,0.0,13.4684936056032,43.86027481434016,89.06140800493755,11.257379486545457,10.633577208012662,16.506331029206457,0.0,11.336785877934735,58.90165383927436,6.544756405912575,6.923737199690624,21.48489165916281,72.37105352984655,0.0,11.257379486545457
NC(=O)c1ncn(C2OC(CO)C(O)C2O)c1O,0,101.04589757625094,30.896640010325058,24.639219238009446,11.92182916558333,5.879988336435371,5.907179729351506,0.0,9.361636831863176,4.983978520947208,0.0,0.0,0.0,0.0,0.0,6.606881964512918,29.957509717234693,5.907179729351506,0.0,9.551078168738563,5.733667477162185,24.539800333979777,6.606881964512918,12.021248069613002,5.879988336435371,5.733667477162185,0.0,5.879988336435371,0.0,60.80314860521071,4.736862953800049,0.0,16.716366349655154,6.3273200747645415,0.0,0.0
C#C[C@]1(O)CC[C@H]2[C@@H]3CC=C4CC(=O)CCC4[C@H]3CC[C@@]21CC,0,139.2801469135596,5.106527394840706,11.384295757348628,0.0,0.0,0.0,0.0,4.794537184071822,0.0,0.0,6.423349895620259,24.493296155449414,68.61737554512764,18.256633715248796,0.0,9.901064578912528,5.783244946364939,0.0,0.0,29.08661465404235,70.3121826170084,0.0,11.649124636903148,12.343784214475903,0.0,0.0,0.0,0.0,16.490823152189332,4.794537184071822,41.430398868518246,64.71113180602472,11.649124636903148,0.0,0.0
O=C1CCCC(=O)C1C(=O)c1ccc(C(F)(F)F)cc1[N+](=O)[O-],0,126.97925711255039,0.0,5.917906046161393,17.34973483909482,0.0,5.687386274683562,6.176298517443475,24.49792982098104,0.0,13.171245143024459,0.0,0.0,18.55355575984923,18.90801031431363,16.050214032211663,32.4781677440576,23.03712111377838,0.0,0.0,5.917906046161393,25.438763386221503,0.0,39.44032245754439,0.0,0.0,18.858631417708022,0.0,0.0,22.273045887912488,15.76537288558712,16.032224314926967,35.18390503624384,18.19910120538483,0.0,0.0
O=C(O)C=Cc1ccc(O)c(O)c1,0,74.38084978713434,15.319582184522117,0.0,11.49902366656781,0.0,0.0,5.9693052879518484,0.0,4.794537184071822,0.0,0.0,6.06636706846161,23.772205735454097,6.076020106833881,0.0,20.11411936859394,12.04532539478573,0.0,0.0,0.0,0.0,0.0,29.838572803915707,11.49902366656781,0.0,0.0,11.49902366656781,0.0,21.288887472473967,4.794537184071822,0.0,5.563451491696996,24.27512131221871,0.0,6.076020106833881
Oc1cccc(O)c1O,0,51.814104376085,15.319582184522117,0.0,17.248535499851716,0.0,0.0,0.0,0.0,0.0,0.0,0.0,6.06636706846161,12.13273413692322,0.0,0.0,15.319582184522117,0.0,0.0,0.0,0.0,0.0,0.0,18.19910120538483,17.248535499851716,0.0,0.0,17.248535499851716,0.0,15.319582184522117,0.0,0.0,0.0,18.19910120538483,0.0,0.0
Cc1ccc(C(=O)N(CCCN)C(c2nc3cc(Cl)ccc3c(=O)n2Cc2ccccc2)C(C)C)cc1,1,222.2519794499999,10.633577208012662,5.824404497999927,0.0,0.0,11.466446624403513,0.0,14.156174015934997,4.983978520947208,0.0,0.0,73.47643526054203,61.702508108695646,17.130841211350898,23.489522167141594,4.794537184071822,28.41104455166508,0.0,14.450987899589041,11.651573523323577,39.77863045705841,13.08951281182515,110.68760118749543,0.0,11.29293437221419,0.0,0.0,11.600939890232516,33.447680440765694,6.544756405912575,12.841643245852017,53.619433008617946,77.59094200561115,5.022633313741326,10.902924932081056
CC(C)Cc1ccc(C(C)C(=O)O)cc1,0,90.94175377251302,5.106527394840706,0.0,0.0,0.0,0.0,5.9693052879518484,4.794537184071822,0.0,0.0,0.0,38.112942673227685,30.38936785217202,0.0,5.917906046161393,9.901064578912528,5.9693052879518484,0.0,0.0,5.917906046161393,33.10993926815928,0.0,35.392371257240434,0.0,0.0,0.0,0.0,0.0,11.075832682792555,11.21535880699783,5.917906046161393,37.81602062862726,24.26546827384644,0.0,0.0
CC(C)c1c(C(=O)Nc2ccccc2)c(-c2ccccc2)c(-c2ccc(F)cc2)n1CCC(O)CC(O)CC(=O)O,1,238.4573239468712,25.203470436319805,5.817220841045894,0.0,0.0,5.907179729351506,5.9693052879518484,9.589074368143644,4.39041504767482,0.0,0.0,62.37841094707412,66.28465468617706,23.489522167141594,29.88613388496807,29.299071600340582,17.563871291986917,0.0,4.567099647791355,0.0,57.78053449572985,5.316788604006331,102.00373928605393,22.384282469939446,5.316788604006331,10.077801322358383,0.0,0.0,43.971099625113425,11.339293589984397,5.817220841045894,55.07976198493796,84.92913895846256,0.0,22.384282469939446
N=c1n[n+]([O-])c2ccccc2n1O,0,72.34230363827986,10.41450604955458,0.0,5.516700717616262,0.0,5.516700717616262,5.618183454609236,5.409283605791522,0.0,0.0,4.7304076419062255,12.13273413692322,10.911477997721665,6.06636706846161,5.098681808301038,10.052363954037347,11.033401435232523,5.409283605791522,9.829089450207263,0.0,0.0,0.0,35.09090475323296,0.0,10.463294383869291,0.0,0.0,0.0,15.036342474984554,0.0,10.616536630568813,0.0,24.26546827384644,0.0,11.033401435232523
CC1(C)CCC(CN2CCN(c3ccc(C(=O)NS(=O)(=O)c4ccc(NCC5CCOCC5)c([N+](=O)[O-])c4)c(Oc4cnc5[nH]ccc5c4)c3)CC2)=C(c2ccc(Cl)cc2)C1,1,360.02992657502205,24.674402763404114,22.8335871620191,0.0,0.0,21.61785715744265,0.0,19.80876518368787,18.123870369728234,0.0,0.0,43.15425295660625,103.1044971996474,86.90812387592727,21.579089587645516,27.609371124818527,61.20007556234408,0.0,19.58996163719698,11.332896515558172,50.84706598952907,62.69900069935808,117.02705106073567,11.49902366656781,19.675656153108946,17.062158824050687,11.49902366656781,11.600939890232516,86.59845689974429,14.760154107207633,21.447214784323744,61.87302268147711,95.65867997035254,5.022633313741326,16.60650596530179
COCCOc1ccc2c(c1)ncn2-c1ccc2cccc(N3CCC(N)CC3)c2n1,1,180.95077484640754,20.107303115612762,24.50157665039639,0.0,0.0,0.0,0.0,4.567099647791355,9.967957041894415,0.0,0.0,12.13273413692322,43.173478588160066,37.69374246517705,28.844370392045263,9.473725907600098,27.623712641997145,0.0,14.53505668968577,5.733667477162185,18.88348407499998,38.312984012979,54.85825662245742,11.567374611118932,15.370440161812713,5.687386274683562,5.749511833283905,0.0,53.98997180096225,4.736862953800049,0.0,12.841643245852019,54.85825662245742,0.0,27.754189145148608
CC(NC(=O)c1ncnc(N)c1Cl)c1ncc(C(=O)Nc2cc(C(F)(F)F)c(Cl)cn2)s1,0,191.755055224664,16.367244685174846,32.87044983472998,5.693927994848461,0.0,11.814359458703011,6.176298517443475,9.589074368143644,19.93591408378883,13.171245143024459,11.336785877934735,23.20187978046503,12.990104268152233,6.196843571613076,22.82476920619936,22.760319511168106,57.98875067277284,0.0,25.25270268779516,0.0,19.14187654628206,11.050456081168516,55.97479129103448,0.0,16.367244685174846,24.80697069869452,0.0,34.538665658399765,31.75027354249184,6.176298517443475,0.0,43.696802774081746,24.787374286452305,10.045266627482652,0.0
CC(=O)Nc1nc(C)c(S(=O)(=O)Nc2ccc(C(O)(C(F)(F)F)C(F)(F)F)cc2)s1,0,169.347629792727,10.423315998847038,0.0,9.340737657361412,5.907179729351506,15.624341964391272,12.35259703488695,9.51663204852391,13.401775505276145,26.34249028604892,0.0,23.469520014857956,19.056471336613843,18.17457496607118,5.693927994848461,44.66135184929039,38.08620151521672,0.0,4.983978520947208,0.0,36.01030142277396,10.038883468458419,35.5228477603919,0.0,10.038883468458419,37.16143504057182,0.0,11.336785877934735,36.768079664355305,20.41887914846309,6.923737199690624,18.18111668623608,28.47464745136852,0.0,0.0
COC1C=CC=C(C)C(=O)Nc2cc(O)c(NCCN(C)C)c(c2O)C=C(C)CC(OC)C(O)C(C)C=C(C)C1OC(N)=O,1,259.40148469117094,50.79732546194759,17.602990054316113,6.103966387748303,0.0,5.907179729351506,6.093240070938415,4.794537184071822,4.794537184071822,0.0,0.0,36.800922157095414,52.936501824255416,50.42993703076948,23.58270532486373,39.11924541406591,29.451212456490925,0.0,4.899909730850477,11.651573523323577,58.53163597268171,52.03802906774726,52.65321257770193,11.49902366656781,16.367244685174846,16.169309733438947,11.49902366656781,0.0,98.04022912639032,19.005126045471968,5.917906046161393,39.679221913385504,47.089761086004934,0.0,6.076020106833881
C=C[C@]1(C)CC[C@@H](C(=C)C)C[C@H]1C(=C)C,0,94.77380037930006,0.0,0.0,0.0,0.0,0.0,0.0,0.0,0.0,0.0,6.578935683598497,37.30383773386003,50.36074182987883,0.0,0.0,0.0,0.0,0.0,0.0,17.250802561719567,40.0336764678499,0.0,36.9590362177679,0.0,0.0,0.0,0.0,0.0,0.0,0.0,17.250802561719567,40.0336764678499,36.9590362177679,0.0,0.0
O=C1C(CCC(O)c2ccc(F)cc2)C(c2ccc(O)cc2)N1c1ccc(F)cc1,0,172.57030714496705,15.11296452053189,17.383953515375694,0.0,5.907179729351506,0.0,0.0,4.794537184071822,8.78083009534964,0.0,0.0,24.26546827384644,72.49948277693889,5.687386274683562,18.063713263057657,23.78842206910287,11.594566004035068,0.0,0.0,5.917906046161393,24.98745046274828,4.899909730850477,95.55774948702513,5.749511833283905,4.899909730850477,14.468216370033202,5.749511833283905,0.0,16.12023451903292,4.794537184071822,17.55234772825318,36.114353446142275,72.79640482153933,0.0,0.0
NC1(c2ccc(-c3nc4ccn5c(=O)[nH]nc5c4cc3-c3ccccc3)cc2)CCC1,1,177.9281640709305,5.733667477162185,0.0,5.647177220767728,0.0,0.0,5.689743398203474,0.0,19.27789211958186,5.098681808301038,0.0,54.59730361615449,42.52210198909525,28.24889602185521,11.210628712464722,0.0,16.550102152848787,0.0,19.582036743811077,5.733667477162185,24.801390121161372,0.0,88.97461339866311,22.384282469939446,11.423410875365658,0.0,0.0,0.0,19.582036743811077,5.538925252383345,0.0,24.825916360475023,77.72141850876262,0.0,38.93438462278824
OCCc1ccc(O)cc1,0,59.749754852682194,10.213054789681411,5.749511833283905,0.0,0.0,0.0,0.0,0.0,0.0,0.0,0.0,12.13273413692322,24.117007251546223,6.606881964512918,0.0,10.213054789681411,0.0,0.0,0.0,0.0,6.4208216229260096,6.606881964512918,29.828919765543436,5.749511833283905,0.0,0.0,5.749511833283905,0.0,16.81993675419433,6.4208216229260096,0.0,5.563451491696996,24.26546827384644,0.0,0.0
C[N+]1(C)[C@@H]2C[C@@H](OC(=O)C(CO)c3ccccc3)C[C@H]1[C@@H]1O[C@@H]12,0,135.9458664997208,19.063284160135428,36.313486867702224,0.0,0.0,0.0,5.9693052879518484,4.794537184071822,0.0,0.0,0.0,30.33183534230805,5.563451491696996,12.841643245852019,20.702225929867296,23.857821344207252,5.9693052879518484,0.0,0.0,0.0,49.155130113554236,20.702225929867296,35.89528683400505,0.0,0.0,0.0,0.0,0.0,66.6566702918953,14.268263091671919,0.0,24.32300078371041,30.33183534230805,0.0,0.0
COC(=O)OCOc1c2n(ccc1=O)N([C@@H]1c3ccccc3SCc3c1ccc(F)c3F)[C@@H]1COCCN1C2=O,0,230.4898700925635,23.847361546050674,6.165775612134527,17.328369676940248,17.971244531284274,5.907179729351506,6.155365629538759,19.274089332993583,13.575367279421462,0.0,11.761884949391115,24.26546827384644,23.259637120317212,35.01975561994882,26.365402299451333,37.31735627869348,23.82443030828138,0.0,9.576012171745885,0.0,22.855953523547054,38.6701727062703,92.90346477884796,5.749511833283905,15.174565869655122,13.575367279421462,5.749511833283905,11.761884949391115,61.46559332508644,19.963442468146937,11.634441682091788,33.22066048315923,58.35143371043394,0.0,0.0
CC(=O)Nc1ccccc1,0,59.87267163194198,5.316788604006331,0.0,0.0,5.907179729351506,0.0,0.0,4.794537184071822,0.0,0.0,0.0,18.19910120538483,12.13273413692322,12.611123474374185,0.0,4.794537184071822,11.594566004035068,0.0,0.0,0.0,6.923737199690624,5.316788604006331,30.33183534230805,0.0,5.316788604006331,5.687386274683562,0.0,0.0,5.907179729351506,4.794537184071822,0.0,6.923737199690624,30.33183534230805,0.0,0.0
CCCCCN(C)CCC(O)(P(=O)(O)O)P(=O)(O)O,0,112.31567120688158,29.580083536701085,0.0,0.0,0.0,5.083227620067512,15.19152465357577,9.130096569862658,0.0,0.0,0.0,19.765380445542643,20.013250011515776,12.965578028838586,0.0,33.810270375713266,15.19152465357577,0.0,4.899909730850477,0.0,37.69025131146217,20.13718479450234,0.0,0.0,0.0,0.0,0.0,15.19152465357577,54.800495951270925,9.130096569862658,0.0,32.60702369139466,0.0,0.0,0.0
CN(C)C(=O)CCS[C@H](SCCC(=O)O)c1cccc(/C=C/c2ccc3ccc(Cl)cc3n2)c1,0,213.14116796452018,10.006437125691182,0.0,0.0,5.907179729351506,0.0,5.9693052879518484,9.589074368143644,4.983978520947208,0.0,23.52376989878223,48.00879533937445,41.468391364074314,42.430730329980086,22.21342034919369,14.69560176298435,70.05615995206692,0.0,9.883888251797686,0.0,17.423613259654974,25.601051178847957,76.44076790813828,0.0,0.0,0.0,0.0,35.124709789014744,52.4679518427897,9.589074368143644,0.0,34.244444237897426,54.59730361615449,5.022633313741326,23.054965145748817
Nc1nc2ccc(OC(F)(F)F)cc2s1,0,86.28806315228508,10.470530430962235,5.749511833283905,5.131558479839333,0.0,0.0,6.362358859030383,0.0,4.983978520947208,0.0,13.171245143024459,11.336785877934735,12.13273413692322,6.06636706846161,10.216620634085363,17.908108096824506,26.68496499185943,0.0,4.983978520947208,0.0,6.362358859030383,5.733667477162185,18.19910120538483,5.749511833283905,10.470530430962235,18.30280362286379,5.749511833283905,11.336785877934735,11.34633737997759,0.0,0.0,0.0,18.19910120538483,0.0,10.216620634085363
CC(C)OC(=O)C(C(=O)OC(C)C)=C1SC=CS1,1,115.16493177812626,9.473725907600098,0.0,5.5731045300692665,0.0,0.0,11.938610575903697,0.0,9.589074368143644,0.0,0.0,23.52376989878223,38.511052980071824,0.0,16.44510127320743,19.06280027574374,35.46238047468593,0.0,0.0,0.0,39.9028815742591,0.0,20.62637720908942,0.0,0.0,0.0,0.0,23.52376989878223,24.146543351400304,19.06280027574374,0.0,27.694948798762496,20.62637720908942,0.0,0.0
COC(=O)C1=C(C)N=C(C)C(C(=O)OC(C)C)C1c1cccc2nonc12,0,155.7436759351445,9.473725907600098,16.95130748139392,0.0,0.0,0.0,11.938610575903697,9.786941916707491,9.423576120965171,0.0,0.0,12.13273413692322,49.63809387317199,17.32663036198793,18.786868459095103,23.69183921263709,28.683697013906922,0.0,10.31332651425089,10.910310778797061,39.71682123267219,7.109797541277533,35.03269654020693,0.0,0.0,0.0,0.0,0.0,41.17738602195112,19.06280027574374,5.917906046161393,39.17630633662088,39.09068871803895,0.0,11.033401435232523
OC1C(O)C(O)C(O)C(O)C1O,0,68.32353295945941,30.63916436904423,36.62379832648981,0.0,0.0,0.0,0.0,0.0,0.0,0.0,0.0,0.0,0.0,0.0,0.0,30.63916436904423,0.0,0.0,0.0,0.0,36.62379832648981,0.0,0.0,0.0,0.0,0.0,0.0,0.0,67.26296269553404,0.0,0.0,0.0,0.0,0.0,0.0
Cc1cccc(-c2[nH]c(CNc3ccccc3F)nc2-c2ccc3ncnn3c2)n1,0,171.22233386143395,10.300767124953538,17.96894541381036,5.647177220767728,0.0,0.0,0.0,4.983978520947208,18.873769983184857,5.098681808301038,0.0,18.19910120538483,43.321939610460284,17.454223058158533,29.31392666514152,4.39041504767482,11.33456349545129,0.0,29.549993785705492,0.0,13.4684936056032,5.316788604006331,84.45702059642639,22.645235476242377,5.316788604006331,10.077801322358383,0.0,0.0,29.549993785705492,6.544756405912575,12.740958040736519,11.518332492848387,67.12146726253211,0.0,28.292412697010104
O=C(Nc1ccccc1)OCC(CN1CCCCC1)OC(=O)Nc1ccccc1,0,170.54178001251856,9.473725907600098,6.606881964512918,6.103966387748303,0.0,0.0,12.18648014187683,15.533486938863138,9.589074368143644,0.0,0.0,42.81902403369567,50.19662433152361,17.9195289552797,0.0,19.06280027574374,23.561252691243954,0.0,4.899909730850477,0.0,25.36643125652633,36.87472839026331,60.6636706846161,0.0,10.633577208012662,20.963846917510768,0.0,0.0,49.43150744272625,9.473725907600098,0.0,19.26246486877803,60.6636706846161,0.0,0.0
CCCCCC/C=C\CCCCCCCC(=O)O,0,112.47953556383423,5.106527394840706,0.0,0.0,0.0,0.0,5.9693052879518484,4.794537184071822,0.0,0.0,0.0,57.600707150914445,32.10410811463005,6.4208216229260096,0.0,9.901064578912528,5.9693052879518484,0.0,0.0,0.0,83.97359667480276,0.0,12.152040213667762,0.0,0.0,0.0,0.0,0.0,11.075832682792555,4.794537184071822,0.0,83.97359667480276,12.152040213667762,0.0,0.0
O=C(Nc1ccc(-c2ccnc(Nc3ccc(N4CCOCC4)cc3)n2)cc1)C1CCCN1,1,192.94219176660715,25.587138496669517,0.0,0.0,11.855519010338,0.0,0.0,4.794537184071822,9.967957041894415,0.0,0.0,12.13273413692322,61.85096913099587,41.9119666991859,24.949532753022257,9.53140013787187,28.917677834388684,0.0,15.284745645900745,0.0,18.88348407499998,48.3815200856267,60.794147187767564,11.257379486545457,20.85027554286947,23.01049810503718,0.0,0.0,54.76501074715744,9.53140013787187,0.0,12.841643245852019,60.794147187767564,0.0,11.257379486545457
NC(CO)(CO)CO,0,47.556669324620124,21.0532496616843,0.0,0.0,0.0,0.0,0.0,0.0,0.0,0.0,0.0,0.0,0.0,0.0,25.3595711459221,15.319582184522117,0.0,0.0,0.0,5.733667477162185,5.538925252383345,19.820645893538753,0.0,0.0,5.733667477162185,0.0,0.0,0.0,40.679153330444215,0.0,0.0,0.0,0.0,0.0,0.0
CC(C(=O)O)c1ccc(-c2ccccc2)c(F)c1,0,104.70461492391684,5.106527394840706,5.817220841045894,0.0,0.0,0.0,5.9693052879518484,4.794537184071822,4.39041504767482,0.0,0.0,42.46456947923127,24.117007251546223,5.563451491696996,5.917906046161393,14.291479626587348,5.9693052879518484,0.0,0.0,0.0,12.841643245852017,0.0,59.91160888043577,11.126902983393991,0.0,4.39041504767482,0.0,0.0,11.075832682792555,4.794537184071822,5.817220841045894,18.405094737549014,48.53093654769288,0.0,11.126902983393991
CC(C)Cc1ccc(C(C)C(=O)NS(C)(=O)=O)cc1,0,114.82310021073673,0.0,0.0,0.0,15.930470882759089,0.0,0.0,9.51663204852391,8.417796984328938,0.0,0.0,38.112942673227685,30.38936785217202,0.0,12.173675229672797,13.212334168400758,15.930470882759089,0.0,4.722094864452088,5.917906046161393,33.10993926815928,6.255769183511404,35.392371257240434,0.0,4.722094864452088,0.0,0.0,0.0,20.580745897191846,21.238649960405414,5.917906046161393,37.81602062862726,24.26546827384644,0.0,0.0
CCn1c(-c2nonc2N)nc2c(C#CC(C)(C)O)ncc(OCC3CCCNC3)c21,0,179.70010115211693,25.460946077600624,22.32838024106467,23.08570710396732,0.0,0.0,0.0,0.0,14.596995978787763,0.0,0.0,5.920434318855644,56.391372083943004,19.007418857986544,12.803725536125995,14.472429285534105,16.85126421306755,0.0,30.16517180794299,5.917906046161393,45.75866206182016,25.430062253500253,11.890771566461538,29.10871296384358,15.787319034968565,5.817862777835028,5.749511833283905,0.0,55.252356186099114,6.544756405912575,17.75877468387268,39.30678283977235,10.825882508506425,0.0,22.551733928080907
COc1cc2nccc(Oc3ccc(NC(=O)NC4CC4)c(Cl)c3)c2cc1C(N)=O,0,176.8666473213049,25.840970592774944,17.248535499851716,0.0,0.0,5.907179729351506,6.031114512338072,9.778515705019029,4.794537184071822,0.0,0.0,11.600939890232516,37.107111519698464,29.757642752149053,28.89996933901568,19.06280027574374,40.12954533868671,0.0,10.300767124953538,5.733667477162185,18.88348407499998,12.426586145283864,53.181130787821054,17.248535499851716,25.840970592774944,10.481923458755384,17.248535499851716,11.600939890232516,30.07391113306228,0.0,0.0,23.199631921620835,42.595045982382736,5.022633313741326,10.902924932081056
Cc1ccccc1C(=O)Nc1ccc(C(=O)N2CCCC(O)c3cc(Cl)ccc32)c(C)c1,0,192.18953732624533,15.323225729697514,0.0,0.0,0.0,11.814359458703011,0.0,9.589074368143644,0.0,0.0,0.0,29.800041095617345,80.28059010785853,39.63251674411201,6.103966387748303,14.69560176298435,34.79007189830265,0.0,0.0,0.0,32.79308403298157,16.761454740769384,93.50356145684242,0.0,10.216698334856808,11.374772549367124,0.0,11.600939890232516,23.465643259456293,0.0,13.847474399381248,56.35194146022894,60.6636706846161,5.022633313741326,0.0
NC12CC3CC(CC(C3)C1)C2,0,68.34612729382405,5.733667477162185,0.0,0.0,0.0,0.0,0.0,0.0,0.0,0.0,0.0,0.0,56.27864787604024,5.538925252383345,0.0,0.0,0.0,0.0,0.0,23.48738561564636,44.0638549899394,0.0,0.0,0.0,5.733667477162185,0.0,0.0,0.0,5.538925252383345,0.0,17.75371813848418,38.524929737556064,0.0,0.0,0.0
CC(C)C(N)C(=O)OCC(CO)OCn1cnc2c(=O)[nH]c(N)nc21,1,142.49977233657353,26.047588256765174,25.483505928908667,11.16387793838399,5.948339280986494,5.559266895052007,5.9693052879518484,19.140152536882205,4.983978520947208,4.983978520947208,0.0,13.847474399381248,5.917906046161393,0.0,12.934202039277459,19.374790486512623,23.081522507322333,0.0,19.51903521063298,11.651573523323577,32.724098363776996,18.94743140618802,16.68112415388837,0.0,17.026601849376377,5.948339280986494,0.0,0.0,55.95443903934762,20.999079839171404,5.917906046161393,13.847474399381248,11.121857258836364,0.0,11.16387793838399
COc1ccc(S(=O)(=O)Nc2cccnc2Nc2ccc(O)cc2)cc1,0,150.89846086830218,15.160178952647085,11.49902366656781,5.817862777835028,0.0,10.023291153407584,0.0,4.722094864452088,13.401775505276145,0.0,0.0,0.0,60.6636706846161,11.884229846296638,17.69266729147887,18.26118733296969,27.215926480609735,0.0,4.983978520947208,0.0,4.895483475517775,17.148681009735952,66.86051425622918,11.49902366656781,14.775746422258468,17.19263532720215,11.49902366656781,0.0,25.618100441394382,10.023291153407584,0.0,0.0,71.75599773174696,0.0,0.0
COC(=O)C1=COC(O)C2C(CO)=CCC12,1,92.9748838638182,19.68678069728151,0.0,0.0,6.290026729335213,0.0,5.9693052879518484,0.0,4.794537184071822,0.0,0.0,6.076020106833881,11.993926152995275,5.917906046161393,31.469770530441902,24.481317881353327,5.9693052879518484,0.0,0.0,11.835812092322787,12.710848352261223,13.716679505790452,23.484309615393204,0.0,0.0,0.0,0.0,0.0,36.189066312758925,14.268263091671919,11.835812092322787,6.4208216229260096,23.484309615393204,0.0,0.0
COc1ccc(Cn2ccc3ccc(C(O)=NO)cc32)cc1,0,127.23549382733268,19.6177430212094,5.749511833283905,0.0,0.0,5.897745344357611,0.0,0.0,0.0,0.0,0.0,18.19910120538483,46.43722377522038,23.821752186838907,7.109797541277533,15.050643373418044,16.800670276438666,0.0,4.567099647791355,5.15571272675054,6.544756405912575,7.109797541277533,65.85468310269995,5.749511833283905,4.736862953800049,0.0,5.749511833283905,0.0,27.888422953044493,6.544756405912575,0.0,11.126902983393991,59.88349284605649,0.0,10.902924932081056
CN(C)c1ccc(C(=C2C=CC(=[N+](C)C)C=C2)c2ccc(N(C)C)cc2)cc1,1,168.78306587549704,9.799819461700954,14.09534396535438,5.711685002770702,0.0,0.0,0.0,0.0,4.575525859479815,0.0,0.0,24.26546827384644,58.690620531046726,51.71750069374364,0.0,4.575525859479815,22.659562082207092,0.0,0.0,0.0,0.0,52.085851357764085,89.53502448849169,0.0,9.799819461700954,11.374772549367124,0.0,0.0,52.57324275831365,0.0,0.0,11.126902983393991,78.40812150509768,0.0,5.5731045300692665
COc1c(C)c2c(c(O)c1CC=C(C)CCC(=O)O)C(=O)OC2,0,133.8889343556395,19.68678069728151,23.669357122777726,0.0,0.0,0.0,11.938610575903697,4.794537184071822,4.794537184071822,0.0,0.0,11.649124636903148,32.25256913693026,17.547724606320003,7.109797541277533,29.275855065425155,11.938610575903697,0.0,0.0,0.0,39.716821232672196,7.109797541277533,33.90293060369113,11.49902366656781,4.736862953800049,0.0,11.49902366656781,0.0,29.26146290686264,22.5591037253108,6.923737199690624,46.81372359640245,11.649124636903148,0.0,0.0
CN(C)C(N)=NC(=N)N,1,53.854365920373084,16.367244685174846,0.0,5.959554568743835,5.959554568743835,0.0,0.0,5.409283605791522,0.0,4.992404732635668,0.0,0.0,0.0,14.09534396535438,0.0,0.0,11.91910913748767,5.409283605791522,4.899909730850477,16.459739686960038,0.0,14.09534396535438,0.0,0.0,11.46733495432437,0.0,0.0,0.0,30.914362833692522,0.0,5.409283605791522,0.0,4.992404732635668,0.0,0.0
CC(C)N(CC1OC(n2cnc3c(N)ncnc32)C(O)C1O)C1CC(CCc2nc3cc(C(C)(C)C)ccc3[nH]2)C1,0,239.71774349463684,25.667563741590854,35.980324453625634,17.692941169337626,0.0,0.0,0.0,9.467009378641832,19.93591408378883,0.0,0.0,26.83757866753348,62.139021412337655,25.049259687134505,17.360721509997063,14.94991774348146,28.015142151451542,0.0,34.38690198337787,5.917906046161393,102.34044495182964,12.27842388307476,42.24159734461083,0.0,5.733667477162185,5.817862777835028,0.0,0.0,81.54029400051266,16.57267504612284,5.917906046161393,71.49690802766294,30.85374135491391,0.0,22.19727937361651
O=C(Cc1ccc(-c2ccc(OCCN3CCOCC3)cc2)cn1)NCc1ccccc1,0,188.7421958014807,14.790514511606428,12.356393797796823,0.0,5.907179729351506,0.0,0.0,14.678425435869507,0.0,0.0,0.0,48.53093654769288,29.32600418877882,43.63324868180883,19.634585551951847,14.268263091671919,5.907179729351506,0.0,15.200676855804016,0.0,12.965578028838586,39.45491511127648,84.18426081123626,16.876414816677897,10.05365155780638,0.0,5.749511833283905,0.0,55.24598309242566,22.496978166710456,0.0,11.257379486545457,72.9268813246908,0.0,11.126902983393991
CCC1OC(=O)C(C)C(OC2CC(C)(OC)C(O)C(C)O2)C(C)C(OC2OC(C)CC(N(C)C)C2O)C(C)(O)CC(C)C2NC(COCCOC)OC(C2C)C1(C)O,1,346.34861313217465,67.95778589441373,30.14085114496347,12.580053458670426,0.0,0.0,5.9693052879518484,10.111325788078153,0.0,0.0,0.0,27.694948798762496,80.81813807843754,44.559910456099786,67.46048550040902,67.85241334763508,5.9693052879518484,0.0,10.216698334856808,23.671624184645573,191.447178311249,48.1355849414482,0.0,0.0,5.316788604006331,0.0,0.0,0.0,175.95742936225207,47.42630376827226,23.671624184645573,94.92065848861026,0.0,0.0,0.0
Cc1cc(Nc2cc(CN3CCOCC3)c3nc(C)c(Cc4ccc(Cl)cc4F)n3n2)[nH]n1,0,195.27451190227046,10.05365155780638,11.635083618880923,11.465039998602755,0.0,0.0,0.0,9.998591539151516,13.88979146223765,5.098681808301038,5.098681808301038,17.667306958694127,37.61002709646307,42.707542714563665,30.29554791357122,9.127278001474869,28.883842666670297,0.0,29.69533157031642,0.0,26.813052428219834,31.62006534485732,69.38037646503463,0.0,5.316788604006331,16.026140603344878,0.0,11.600939890232516,55.99860831116741,17.702440982638635,19.664695240427143,28.208686967939375,30.33183534230805,5.022633313741326,5.647177220767728
CCC(C)n1ncn(-c2ccc(N3CCN(c4ccc(OCC5COC(Cn6cncn6)(c6ccc(Cl)cc6Cl)O5)cc4)CC3)cc2)c1=O,1,293.884457068995,24.010408323101103,43.98707681575133,0.0,5.7871111525705965,0.0,5.689743398203474,0.0,23.709221223100748,10.197363616602075,0.0,36.191984048617265,74.00822950723274,48.13988297845574,23.35874238208577,14.210588861400147,34.57665232983216,0.0,29.112047655631006,0.0,44.74597079768669,49.192609014377084,111.80499667882631,11.436898107967467,20.226425813704477,11.374772549367124,5.749511833283905,23.20187978046503,74.60880359605545,21.80559346608327,0.0,31.873588343152214,90.50653516144318,10.045266627482652,5.687386274683562
O=C(Nc1nc2cccc(-c3ccc(CN4CCS(=O)(=O)CC4)cc3)n2n1)C1CC1,0,174.38384030922384,0.0,0.0,15.484430357185229,11.855519010338,0.0,0.0,15.011235518928629,12.93319487794456,4.983978520947208,5.098681808301038,30.33183534230805,30.537828874472236,31.115626755596118,17.199635208342038,13.212334168400758,27.33994936752323,0.0,19.497967953714344,5.917906046161393,19.386399651764595,29.91200862932506,48.02802097092827,11.257379486545457,5.316788604006331,5.948339280986494,0.0,0.0,58.41816469271351,21.1765467264019,5.917906046161393,18.405094737549014,42.46456947923127,0.0,16.904556707313183
CCC(CO)Nc1nc(NCc2ccccc2)c2ncn(C(C)C)c2n1,0,153.06173274233035,20.307204250644723,0.0,16.98174071621902,5.948339280986494,0.0,0.0,0.0,4.983978520947208,9.967957041894415,0.0,37.255572541998674,25.831747514004253,12.586597235060536,18.97604286842542,5.106527394840706,22.930079997205514,0.0,19.51903521063298,0.0,45.820471286206384,17.24045917252558,42.22260690876959,0.0,10.633577208012662,11.766202058821523,0.0,0.0,37.274285399134556,6.544756405912575,0.0,38.79732554284284,36.65915541707259,0.0,11.16387793838399
CC/C=C\C/C=C\C/C=C\C/C=C\C/C=C\C/C=C\CCC(=O)O,0,147.22117308929253,5.106527394840706,0.0,0.0,0.0,0.0,5.9693052879518484,4.794537184071822,0.0,0.0,0.0,79.8359784816972,44.94575136048208,6.4208216229260096,0.0,9.901064578912528,5.9693052879518484,0.0,0.0,0.0,58.29031018309871,0.0,72.91224128200658,0.0,0.0,0.0,0.0,0.0,11.075832682792555,4.794537184071822,0.0,58.29031018309871,72.91224128200658,0.0,0.0
CC(=O)C1CCC2C3CC=C4CC(O)CCC4(C)C3CCC12C,0,140.28092152170035,5.106527394840706,5.783244946364939,0.0,0.0,0.0,0.0,4.794537184071822,0.0,0.0,0.0,25.496599036284397,86.87400926037647,5.917906046161393,6.103966387748303,9.901064578912528,5.783244946364939,0.0,0.0,34.50160512343913,78.24175097022825,0.0,11.649124636903148,0.0,0.0,0.0,0.0,0.0,16.99373872895395,4.794537184071822,34.50160512343913,72.13778458247995,11.649124636903148,0.0,0.0
Cc1cccc(Nc2ccccc2C(=O)O)c1C,1,106.08894170459865,10.423315998847038,0.0,0.0,0.0,0.0,5.9693052879518484,0.0,4.794537184071822,0.0,0.0,24.26546827384644,43.173478588160066,5.687386274683562,11.250837766380558,9.901064578912528,17.344077837318974,0.0,0.0,0.0,13.847474399381248,5.316788604006331,59.15492395432226,0.0,5.316788604006331,11.374772549367124,0.0,0.0,11.075832682792555,0.0,13.847474399381248,21.48489165916281,42.46456947923127,0.0,0.0
COc1cc2ncnc(Nc3cccc(Cl)c3)c2cc1OC,0,132.41956091748594,14.790514511606428,12.14518285259957,11.49902366656781,0.0,0.0,0.0,0.0,9.967957041894415,0.0,0.0,17.667306958694127,24.26546827384644,22.162610871351294,19.736295800171327,9.473725907600098,34.00911387483217,0.0,9.967957041894415,0.0,0.0,19.536383686561397,47.74815579927552,11.49902366656781,14.790514511606428,11.50524905251859,11.49902366656781,11.600939890232516,24.187552124449482,0.0,0.0,0.0,42.7255224855342,5.022633313741326,10.902924932081056
CCC1OC(=O)C(C)C(OC2CC(C)(OC)C(O)C(C)O2)C(C)C(OC2OC(C)CC(N(C)C)C2O)C(C)(O)CC(C)C(=O)C(C)C(O)C1(C)O,0,303.594991693832,58.85372442785429,29.696194920593534,12.580053458670426,0.0,0.0,5.9693052879518484,9.589074368143644,0.0,0.0,0.0,27.694948798762496,74.90023203227615,37.32617813183568,47.639839606870275,63.542889065147456,11.752550234316788,0.0,4.899909730850477,23.671624184645573,179.17743631136617,21.205141506631914,0.0,0.0,0.0,0.0,0.0,0.0,147.64701626875856,38.010252090943936,23.671624184645573,94.92065848861026,0.0,0.0,0.0
COC(=O)CCC(=O)CN,0,59.340441726419705,10.470530430962235,5.783244946364939,0.0,0.0,0.0,5.9693052879518484,9.589074368143644,0.0,0.0,0.0,0.0,0.0,6.4208216229260096,20.07537557011612,14.325937321943691,11.752550234316788,0.0,0.0,5.733667477162185,12.841643245852019,13.65455394719011,0.0,0.0,5.733667477162185,0.0,0.0,0.0,25.407104181506895,14.325937321943691,0.0,12.841643245852019,0.0,0.0,0.0
Nc1ccc(O)c(C(=O)O)c1,1,62.88622553534207,15.946722266843596,11.3129633249809,0.0,0.0,0.0,5.9693052879518484,0.0,4.794537184071822,0.0,0.0,0.0,18.19910120538483,5.687386274683562,0.0,15.007591973753234,11.65669156263541,0.0,0.0,0.0,0.0,5.733667477162185,23.762552697081826,5.749511833283905,5.733667477162185,5.687386274683562,5.749511833283905,0.0,16.182360077633263,0.0,0.0,10.357988675768818,18.19910120538483,0.0,0.0
CCCC(C(=O)N=C1C(=O)N2C(C(=O)OCOC(=O)C(C)(C)C)=C(COC(N)=O)CS[C@H]12)c1csc(N)n1,0,226.49528508373805,25.67792381572452,23.389479093308196,5.131558479839333,6.792942306099827,11.814359458703011,18.031850646842113,19.28352128306594,19.56545762172652,0.0,23.09867082732585,13.344558822616634,27.19203322199788,16.70602090728197,17.026824510406634,38.18327478175926,63.788124415481015,0.0,9.883888251797686,16.141062679194633,51.82837090374464,24.88634535452172,22.344134608439475,0.0,11.46733495432437,9.926095663911155,0.0,23.09867082732585,69.96833405044177,33.38873759768744,5.414990469396779,52.14842608562436,21.642611346226683,0.0,0.0
O=C(O)CCCN1CCC(OC(c2ccc(Cl)cc2)c2ccccn2)CC1,0,164.48413627577602,14.743300079491231,6.103966387748303,0.0,0.0,0.0,5.9693052879518484,9.778515705019029,0.0,0.0,0.0,29.800041095617345,55.63614104023404,30.729811320105565,11.797894382596763,14.637927532712578,17.570245178184365,0.0,9.883888251797686,0.0,37.89121926720064,19.634269217737724,64.94142585113113,0.0,0.0,0.0,0.0,11.600939890232516,46.69795654007627,9.53140013787187,0.0,43.0446323659978,48.661413050844345,5.022633313741326,0.0
C[N+](C)(C)CCOP(=O)([O-])OCC(O)CO,0,95.42305337548139,28.636991573552145,19.255604758173796,0.0,0.0,7.822697123132171,0.0,4.565048284931329,0.0,0.0,0.0,0.0,0.0,0.0,34.356779877057406,33.202039858483474,7.822697123132171,0.0,0.0,0.0,6.103966387748303,47.50841824748289,0.0,0.0,4.893411602752475,0.0,0.0,7.822697123132171,68.30847028260723,13.612542608354964,0.0,0.0,0.0,0.0,0.0
CC12C=CC(=O)C=C1CCC1C2C(=O)CC2(C)C1CCC2(O)C(=O)CO,0,152.70859644179959,10.213054789681411,17.991177721861547,11.566489892729878,0.0,0.0,0.0,14.383611552215466,0.0,0.0,0.0,25.496599036284394,49.671138797694596,23.16870860788096,0.0,24.596666341896878,17.34973483909482,0.0,0.0,28.583699077277736,51.55263332499499,6.606881964512918,23.80116485057091,0.0,0.0,0.0,0.0,0.0,39.77072240427283,14.383611552215466,28.583699077277736,45.95158251401131,23.80116485057091,0.0,0.0
O=C1C2CCN(CC2)C1(CO)CO,0,77.15694891058313,10.213054789681411,5.538925252383345,5.783244946364939,0.0,0.0,0.0,9.694446914922299,0.0,0.0,0.0,0.0,25.93115605767717,5.917906046161393,13.213763929025836,15.007591973753234,5.783244946364939,0.0,4.899909730850477,5.917906046161393,18.380568498235363,26.303276740850986,0.0,0.0,0.0,0.0,0.0,0.0,52.738411460131154,4.794537184071822,5.917906046161393,12.841643245852019,0.0,0.0,0.0
CCNC(=O)C1CCCN1C(=O)C(CCCN=C(N)N)NC(=O)C(CC(C)C)NC(=O)C(CC(C)C)NC(=O)C(Cc1ccc(O)cc1)NC(=O)C(CO)NC(=O)C(Cc1c[nH]c2ccccc12)NC(=O)C(Cc1c[nH]cn1)NC(=O)C1CCC(=O)N1,0,503.6685170913256,84.39935395280766,60.12607929561554,5.959554568743835,59.071797293515054,0.0,0.0,52.93777657335388,4.983978520947208,0.0,0.0,58.02678414107054,93.03130484127432,68.61416778474897,18.62813003412592,58.158426630399624,75.93427679433997,0.0,67.70294272974908,28.295551779282825,159.62429131297085,26.241151182250643,84.07277474392603,5.749511833283905,59.31843239038136,0.0,5.749511833283905,0.0,175.71397059021467,67.20783670949623,11.835812092322787,102.80608996010365,72.24434849831924,0.0,10.902924932081056
NS(=O)(=O)c1cc2c(cc1Cl)NCNS2(=O)=O,1,103.05494715630499,5.316788604006331,9.79096695103555,0.0,20.046582306815168,0.0,0.0,0.0,21.974567706265816,4.722094864452088,0.0,11.600939890232516,12.13273413692322,0.0,17.37871077732403,16.835593968657875,37.33490847173125,0.0,4.722094864452088,5.138973737607942,9.79096695103555,11.985479792905473,17.155367450664546,0.0,15.17785720606636,5.687386274683562,0.0,11.600939890232516,23.504285157557018,20.046582306815168,0.0,0.0,21.92370108795877,5.022633313741326,0.0
CCCCNC(=O)NS(=O)(=O)c1ccc(C)cc1,0,107.64307816555157,5.316788604006331,0.0,0.0,0.0,10.023291153407584,6.031114512338072,0.0,17.934429032852847,0.0,0.0,31.040744451236847,25.477292959539852,6.544756405912575,4.895483475517775,13.212334168400758,16.054405665745655,0.0,10.038883468458419,0.0,31.584601120751042,6.544756405912575,29.828919765543436,0.0,10.038883468458419,4.794537184071822,0.0,0.0,20.993667902579585,10.023291153407584,6.923737199690624,25.328831937239638,29.160951749364212,0.0,0.0
c1ccc2c(Cc3c[nH]c4ccccc34)c[nH]c2c1,0,110.6350893454566,9.967957041894415,0.0,0.0,0.0,0.0,0.0,0.0,0.0,0.0,0.0,36.39820241076966,23.259637120317212,40.62035863031427,0.0,0.0,21.805849864162113,0.0,9.967957041894415,0.0,6.4208216229260096,0.0,72.05152667431302,0.0,0.0,0.0,0.0,0.0,9.967957041894415,6.4208216229260096,0.0,11.126902983393991,60.92462369091903,0.0,21.805849864162113
CC(=O)O[C@@]12CO[C@@H]1C[C@@H](O)[C@@]1(C)C(=O)C(=O)C3C(C)[C@@H](O)C[C@@](O)([C@@H](OC(=O)c4ccccc4)[C@H]21)C3(C)C,0,226.17117248178573,29.530171045922266,17.808983586480295,5.601050810983688,11.566489892729878,0.0,11.938610575903697,14.383611552215466,4.794537184071822,0.0,0.0,38.9703128044567,24.974377382775238,31.098276961100815,35.71116274726469,48.70831978220954,23.505100468633575,0.0,0.0,28.583699077277736,83.07829641726572,6.606881964512918,35.89528683400505,0.0,0.0,0.0,0.0,0.0,81.04953179062919,28.59420041361561,28.583699077277736,57.81831792007395,30.33183534230805,0.0,0.0
Oc1c(Cl)cc(Cl)cc1Sc1cc(Cl)cc(Cl)c1O,1,133.41313976284496,10.213054789681411,11.49902366656781,0.0,0.0,0.0,0.0,0.0,0.0,0.0,0.0,58.16564451032118,24.26546827384644,10.045266627482652,19.836233578518204,10.213054789681411,58.16564451032118,0.0,0.0,0.0,9.79096695103555,0.0,44.35600152881174,11.49902366656781,0.0,0.0,11.49902366656781,58.16564451032118,10.213054789681411,0.0,0.0,0.0,34.056435224881994,20.090533254965305,0.0
CCN=C1Nc2ccc(Cl)cc2C(C)(c2ccccc2)O1,1,129.16937286987152,10.05365155780638,0.0,5.601050810983688,0.0,6.021680127344178,0.0,0.0,4.992404732635668,0.0,0.0,41.932775232540564,37.61002709646307,22.81822748603446,0.0,4.736862953800049,23.310006292260255,0.0,0.0,4.992404732635668,19.448525210364934,11.861545009918906,64.6804728448282,0.0,5.316788604006331,5.687386274683562,0.0,11.600939890232516,12.566436533256752,10.337913764783737,0.0,24.974377382775238,53.523341280328545,5.022633313741326,0.0
CCC(c1ccc(O)cc1)C(CC)c1ccc(O)cc1,0,120.26661751633269,10.213054789681411,11.49902366656781,0.0,0.0,0.0,0.0,0.0,0.0,0.0,0.0,38.112942673227685,60.069826595415236,0.0,0.0,10.213054789681411,0.0,0.0,0.0,0.0,38.52492973755605,0.0,59.65783953108687,11.49902366656781,0.0,0.0,11.49902366656781,0.0,10.213054789681411,0.0,0.0,49.65183272095004,48.53093654769288,0.0,0.0
C/C=C1\[C@H]2C=C(C)C[C@]1(N)c1ccc(=O)[nH]c1C2,0,106.41101667003909,10.717645998109393,0.0,0.0,5.559266895052007,0.0,0.0,4.794537184071822,0.0,0.0,0.0,17.72514474373703,43.89204073546114,17.678201109471466,5.538925252383345,0.0,0.0,0.0,4.983978520947208,11.651573523323577,32.22804289761662,0.0,57.042166976398796,0.0,11.29293437221419,0.0,0.0,0.0,4.983978520947208,11.959746875309355,5.917906046161393,31.525675508852714,40.22552059480134,0.0,0.0
CCC(C(=O)N1CCCCC1C(=O)O[C@@H](CCc1ccc(OC)c(OC)c1)c1cccc(OCC(=O)NCCNC(=O)COc2cccc([C@@H](CCc3ccc(OC)c(OC)c3)OC(=O)C3CCCCN3C(=O)C(CC)c3cc(OC)c(OC)c(OC)c3)c2)c1)c1cc(OC)c(OC)c(OC)c1,0,597.2109381683979,86.74947802291433,35.79063810036033,59.20985859529707,23.31338312527082,11.814359458703011,11.938610575903697,19.178148736287287,9.589074368143644,0.0,0.0,50.24567681015091,183.22697324683344,26.1790256236503,82.9337875050981,95.08330445763164,35.56732949330972,0.0,20.433396669713616,0.0,127.02476040060868,110.49076496545145,142.57531618249098,68.99414199940686,67.47593265361326,0.0,68.99414199940686,0.0,167.94159557875813,51.08259225788304,0.0,135.48014444664273,109.19460723230902,0.0,0.0
CC(=O)C(C#N)C(=O)Nc1ccc(C(F)(F)F)cc1,0,106.3831480798196,5.316788604006331,0.0,11.701150992526333,5.907179729351506,0.0,6.176298517443475,9.589074368143644,0.0,18.433136697762947,0.0,0.0,31.18920547353706,5.687386274683562,11.63267280448927,22.760319511168106,17.377810950400008,5.261891554738487,0.0,5.917906046161393,13.100035717134098,5.316788604006331,29.828919765543436,6.069221312792274,5.316788604006331,18.858631417708022,0.0,0.0,11.690424675716445,15.76537288558712,17.249018913692154,12.487188691387619,24.26546827384644,0.0,0.0
CN(C)c1nc(N(C)C)nc(N(C)C)n1,0,90.55950075932623,14.69972919255143,0.0,0.0,17.845017842959482,0.0,0.0,0.0,0.0,14.951935562841623,0.0,0.0,0.0,42.286031896063136,0.0,0.0,17.845017842959482,0.0,14.951935562841623,0.0,0.0,56.98576108861456,0.0,0.0,14.69972919255143,17.845017842959482,0.0,0.0,57.23796745890475,0.0,0.0,0.0,0.0,0.0,0.0
CC(C)(C)C[C@@H]1NC(C(=O)N[C@H]2CC[C@H](O)CC2)[C@H](c2cccc(Cl)c2F)[C@]12C(=O)Nc1cc(Cl)ccc12,0,232.21395216951288,21.056893206859698,11.232211310442672,0.0,11.814359458703011,0.0,0.0,9.589074368143644,4.39041504767482,0.0,0.0,62.17219258492174,66.84510277280565,28.711607292882203,17.16844053063759,19.08601681065917,40.703625513851605,0.0,10.633577208012662,5.414990469396779,88.43770510445228,5.316788604006331,63.387592862692195,0.0,15.950365812018994,10.077801322358383,0.0,23.20187978046503,41.1503757287359,15.004064837540422,11.232211310442672,69.92012874325731,36.39820241076966,10.045266627482652,0.0
CNCCCN1c2ccccc2CCc2ccccc21,0,120.98201471222283,10.216698334856808,0.0,0.0,0.0,0.0,0.0,0.0,0.0,0.0,0.0,36.39820241076966,56.11453037768501,17.9195289552797,0.0,0.0,11.374772549367124,0.0,5.316788604006331,0.0,19.26246486877803,25.037094525352817,59.65783953108687,0.0,10.216698334856808,11.374772549367124,0.0,0.0,20.13718479450234,12.841643245852019,0.0,17.54772460632,48.53093654769288,0.0,0.0
CO[C@H]1CC[C@H](N2C(=O)CNc3ncc(-c4ccc(C(C)(C)O)nc4)nc32)CC1,1,169.8940812696594,15.160178952647085,5.601050810983688,11.635725555670057,5.907179729351506,0.0,0.0,14.678425435869507,9.967957041894415,0.0,0.0,0.0,51.66349502800851,24.911933433735566,30.233422354970877,14.637927532712576,17.54290528502156,0.0,14.951935562841623,0.0,57.277618918965246,23.871252282046918,30.220349274997833,11.257379486545457,10.216698334856808,11.635725555670057,0.0,0.0,51.7660038511202,15.132450948855558,0.0,45.22468888593376,24.52642128014937,0.0,11.257379486545457
CN1CCN(c2c(F)cc3c(=O)c(C(=O)O)cn4c3c2OCN4C)CC1,0,148.09655734245018,19.64320981034171,16.76753848399682,18.297549421829284,5.428790391900541,0.0,5.9693052879518484,14.479552148921762,9.184952231746642,0.0,0.0,0.0,13.1140390511388,39.423541177940564,5.386224214464796,19.028342580387395,22.559616494716465,0.0,9.576012171745885,0.0,0.0,56.91400859130916,33.86721054878994,5.749511833283905,20.074475600505597,10.077801322358383,5.749511833283905,0.0,67.65703119104259,0.0,5.817220841045894,10.357988675768818,17.05774782414651,0.0,10.902924932081056
CC(=O)C1CC[C@H]2[C@@H]3CC[C@H]4C[C@H](O)CC[C@]4(C)[C@H]3CC[C@]12C,0,140.9705245538846,5.106527394840706,5.783244946364939,0.0,0.0,0.0,0.0,4.794537184071822,0.0,0.0,0.0,13.847474399381248,99.21273692946387,5.917906046161393,6.103966387748303,9.901064578912528,5.783244946364939,0.0,0.0,40.41951116960052,84.66257259315427,0.0,0.0,0.0,0.0,0.0,0.0,0.0,16.99373872895395,4.794537184071822,40.41951116960052,78.55860620540597,0.0,0.0,0.0
C=c1c(CCC(=O)O)c(C)[nH]c1=Cc1c(O)[nH]c2ccccc12,0,132.14891892577174,20.181011831575827,0.0,5.879988336435371,0.0,0.0,5.9693052879518484,4.794537184071822,0.0,0.0,0.0,24.778036888983326,36.26904746521399,33.930252520308855,0.0,15.007591973753234,29.527186010465286,0.0,9.967957041894415,0.0,19.765380445542643,0.0,51.654075706450094,5.879988336435371,10.567776454361201,0.0,5.879988336435371,0.0,26.150317119527674,11.21535880699783,6.923737199690624,23.24165260116846,24.26546827384644,0.0,23.55788072251344
CC(C)C1CCC(C(=O)NC(Cc2ccccc2)C(=O)O)CC1,0,137.83695958901524,10.423315998847038,6.041840829147961,0.0,5.907179729351506,0.0,5.9693052879518484,4.794537184071822,4.794537184071822,0.0,0.0,44.179309741689295,43.082550075723816,12.338727669087403,0.0,14.69560176298435,11.876485017303354,0.0,5.316788604006331,17.75371813848418,51.993423343159265,0.0,35.89528683400505,0.0,5.316788604006331,0.0,0.0,0.0,23.02485324129202,16.00989599106965,17.75371813848418,45.09421238278229,30.33183534230805,0.0,0.0
Clc1ccc(C(Cn2ccnc2)OCc2csc3c(Cl)cccc23)c(Cl)c1,0,175.62456947566952,9.303962601591405,6.103966387748303,0.0,0.0,0.0,0.0,0.0,4.983978520947208,0.0,11.336785877934735,53.00192087608238,34.52883968201254,28.0024052624058,29.20151167540046,4.736862953800049,56.22574967956618,0.0,9.551078168738563,0.0,19.255604758173796,0.0,86.69407532384425,0.0,0.0,0.0,0.0,46.13960554863228,9.551078168738563,17.888501324225544,0.0,17.230869371142294,60.499272399226264,15.067899941223978,10.086144130933896
CCCC(=O)O,1,36.78983322325915,5.106527394840706,0.0,0.0,0.0,0.0,5.9693052879518484,4.794537184071822,0.0,0.0,0.0,6.923737199690624,6.4208216229260096,6.4208216229260096,0.0,9.901064578912528,5.9693052879518484,0.0,0.0,0.0,19.765380445542643,0.0,0.0,0.0,0.0,0.0,0.0,0.0,11.075832682792555,4.794537184071822,0.0,19.765380445542643,0.0,0.0,0.0
Nc1c(Br)cc(Br)cc1CNC1CCC(O)CC1,0,124.3992486108435,16.156983476009223,0.0,0.0,0.0,0.0,0.0,0.0,0.0,0.0,0.0,15.929943897949348,59.30941601827361,21.532036266725363,11.791352662431866,5.106527394840706,37.54727407058226,0.0,5.316788604006331,0.0,44.37385011451288,5.733667477162185,26.641624660285043,0.0,11.050456081168516,5.687386274683562,0.0,31.859887795898697,17.25233461173697,6.544756405912575,0.0,31.246737983401033,21.078173168588048,0.0,0.0
CN(C)C(=O)c1cc2cnc(Nc3ccc(N4CCNCC4)cn3)nc2n1C1CCCC1,0,187.3967945811128,25.00049631750497,17.158967993451217,0.0,5.948339280986494,5.907179729351506,0.0,4.794537184071822,9.967957041894415,4.983978520947208,0.0,12.841643245852019,31.04074445123685,57.8992782042305,11.884229846296638,4.794537184071822,34.39416949808911,0.0,29.735733545489786,0.0,31.725127320852,50.491067923861486,36.286716343459446,0.0,15.533486938863138,17.453588333505085,0.0,0.0,70.60049425983962,0.0,0.0,42.21359249977229,30.59278834861098,0.0,11.033401435232523
O=C(c1ccc(OCCN2CCCCC2)cc1)c1c(-c2ccc(O)cc2)sc2cc(O)ccc12,0,202.40469359956137,14.94991774348146,23.85541746436463,5.783244946364939,0.0,0.0,0.0,9.694446914922299,0.0,0.0,11.336785877934735,6.4208216229260096,98.2246453024519,32.63495071394176,0.0,19.74445492755328,27.20617495523357,0.0,4.899909730850477,0.0,19.26246486877803,26.241151182250643,77.85694073647171,27.68913418525001,4.736862953800049,0.0,17.248535499851716,11.336785877934735,47.13736064914747,0.0,0.0,35.18390503624384,66.73003775307771,0.0,20.52674281633219
Cc1onc(-c2ccccc2)c1-c1ccc(S(N)(=O)=O)cc1,0,127.97653378624211,4.523094936973348,11.454175413722902,0.0,10.023291153407584,0.0,0.0,0.0,13.556770721936878,0.0,0.0,47.62123273635672,24.619922828310838,5.563451491696996,10.45893496721477,12.940891921302285,10.023291153407584,0.0,5.156663257125445,5.138973737607942,11.819220675208399,0.0,60.357551035028926,22.384282469939446,5.138973737607942,0.0,0.0,0.0,13.574460241454382,10.023291153407584,6.923737199690624,5.7602474188744415,64.0158820286456,0.0,22.384282469939446
CC(NC(C)(C)C)C(=O)c1cccc(Cl)c1,0,102.00064843080672,5.316788604006331,0.0,5.783244946364939,0.0,0.0,0.0,4.794537184071822,0.0,0.0,0.0,23.733674027155736,39.827682935685715,16.12501005782167,6.041840829147961,4.794537184071822,17.384184836597456,0.0,5.316788604006331,0.0,39.275714880293805,0.0,34.85155307928476,0.0,5.316788604006331,0.0,0.0,11.600939890232516,17.364011027896243,0.0,0.0,38.05293747453131,24.26546827384644,5.022633313741326,0.0
O=C(O)C=Cc1ccccc1,1,64.79238228274231,5.106527394840706,0.0,0.0,0.0,0.0,5.9693052879518484,0.0,4.794537184071822,0.0,0.0,30.33183534230805,11.639471598530877,6.076020106833881,0.0,9.901064578912528,12.04532539478573,0.0,0.0,0.0,0.0,0.0,41.97130694083893,0.0,0.0,0.0,0.0,0.0,11.075832682792555,4.794537184071822,0.0,5.563451491696996,36.407855449141934,0.0,6.076020106833881
CCOC(=O)OC1(C(=O)OCCl)CCC2C3CC=C4CC(=O)C=CC4(C)C3C(O)CC21C,0,192.6530909481957,19.31711625624085,0.0,11.84930873292219,5.601050810983688,0.0,12.124670917490608,4.794537184071822,9.589074368143644,0.0,0.0,43.173559033350784,50.518855890551336,23.16870860788096,12.71084835226122,33.700727808456314,29.50885575408806,0.0,0.0,28.583699077277736,64.5803369124339,12.672945751070166,23.80116485057091,0.0,0.0,4.794537184071822,0.0,11.600939890232516,47.39240620849841,23.79966322954379,28.583699077277736,52.87531971370191,23.80116485057091,0.0,0.0
C#CC1(O)C=CC2C3CC=C4CC(=O)CCC4C3CCC21CC,0,138.59054388137537,5.106527394840706,11.384295757348628,0.0,0.0,0.0,0.0,4.794537184071822,0.0,0.0,6.423349895620259,30.569316262283294,61.85175240610951,18.256633715248796,0.0,9.901064578912528,5.783244946364939,0.0,0.0,29.08661465404235,57.47053937115638,0.0,23.80116485057091,12.343784214475903,0.0,0.0,0.0,0.0,16.490823152189332,4.794537184071822,41.430398868518246,51.8694885601727,23.80116485057091,0.0,0.0
CCOC(=O)N1c2ccc(C(F)(F)F)cc2C(N(Cc2cc(C(F)(F)F)cc(C(F)(F)F)c2)C(=O)OC)CC1CC,0,228.15147639942845,9.473725907600098,0.0,0.0,0.0,0.0,30.715375694207253,9.799819461700954,9.589074368143644,39.513735429073385,0.0,6.923737199690624,67.29048583970629,12.586597235060536,42.136261084712956,58.576535704817125,17.873866416560393,0.0,4.899909730850477,0.0,63.84645126177219,18.616589236640927,64.21545986925464,0.0,4.899909730850477,54.790196071900596,0.0,0.0,36.84491020766572,34.547377865843096,0.0,60.5482159328662,36.39820241076966,0.0,0.0
COc1ccc(C2(C#N)CCC(C(=O)O)CC2)cc1OC1CCCC1,0,148.1043564067133,14.580253302440804,0.0,11.49902366656781,0.0,0.0,5.9693052879518484,4.794537184071822,0.0,5.261891554738487,0.0,6.06636706846161,69.0627586120283,0.0,30.61588175737628,19.374790486512623,5.9693052879518484,5.261891554738487,0.0,5.917906046161393,62.88552984055316,7.109797541277533,23.762552697081826,17.568244979360085,9.473725907600098,0.0,11.49902366656781,0.0,24.28959661181839,10.209527653468601,17.249018913692154,56.930024475105085,18.19910120538483,0.0,0.0
COC(C(=O)N1Cc2[nH]nc(NC(=O)c3ccc(N4CCN(C)CC4)cc3)c2C1)c1ccccc1,0,204.21150707710734,24.753380750357813,0.0,11.92182916558333,0.0,11.814359458703011,0.0,14.68775617644468,0.0,5.098681808301038,0.0,30.33183534230805,36.876591748220626,50.103112423005385,18.78344080667361,14.325937321943691,23.3196085112216,0.0,19.99718307830303,0.0,19.193479199573453,50.55319348246183,76.98158608609396,0.0,10.216698334856808,11.50524905251859,0.0,0.0,72.14803768461105,22.620912949697022,0.0,33.28278604175957,54.59730361615449,0.0,0.0
CCOC(N)=O,1,36.08409328318612,10.470530430962235,0.0,0.0,0.0,0.0,6.093240070938415,0.0,4.794537184071822,0.0,0.0,0.0,6.923737199690624,0.0,6.606881964512918,9.53140013787187,6.093240070938415,0.0,0.0,5.733667477162185,6.923737199690624,6.606881964512918,0.0,0.0,5.733667477162185,4.794537184071822,0.0,0.0,12.700122035451333,4.736862953800049,0.0,6.923737199690624,0.0,0.0,0.0
C[N+](C)(C)CCOC(=O)CCC(=O)OCC[N+](C)(C)C,0,121.97324348768416,18.439787622989346,26.303276740850986,0.0,0.0,0.0,11.938610575903697,9.589074368143644,0.0,0.0,0.0,0.0,0.0,0.0,55.12767514191515,28.02886199113299,11.938610575903697,0.0,0.0,0.0,12.841643245852019,68.58930863691411,0.0,0.0,0.0,0.0,0.0,0.0,89.49398092820705,19.06280027574374,0.0,12.841643245852019,0.0,0.0,0.0
COc1ccc2cc(C(C)C(=O)O)ccc2c1,0,99.64213719056528,9.843390348640755,5.749511833283905,0.0,0.0,0.0,5.9693052879518484,4.794537184071822,0.0,0.0,0.0,24.26546827384644,35.392371257240434,0.0,13.027703587438927,14.637927532712576,16.74175371688144,0.0,0.0,0.0,12.841643245852017,7.109797541277533,41.96165390246666,5.749511833283905,4.736862953800049,0.0,5.749511833283905,0.0,18.18563022407009,4.794537184071822,0.0,18.405094737549014,36.39820241076966,0.0,10.772448428929591
NC(=O)C1CCCc2c1[nH]c1ccc(Cl)cc21,0,103.94578651463843,10.717645998109393,0.0,0.0,5.907179729351506,0.0,0.0,4.794537184071822,0.0,0.0,0.0,11.600939890232516,43.025017565859855,21.619486240670845,5.917906046161393,4.794537184071822,28.41104455166508,0.0,4.983978520947208,5.733667477162185,25.18037091493942,0.0,34.47911400567161,0.0,5.733667477162185,0.0,0.0,11.600939890232516,10.891158250298712,11.21535880699783,0.0,30.016928778558867,18.19910120538483,5.022633313741326,10.902924932081056
CC(C)NCC(O)c1ccc(NS(C)(=O)=O)cc1,0,108.2757898177038,10.423315998847038,0.0,0.0,10.023291153407584,0.0,0.0,4.722094864452088,8.417796984328938,0.0,0.0,25.980208536304467,17.696185628620217,18.2739835097441,12.359735571259707,13.524324379169643,15.710677428091145,0.0,5.316788604006331,0.0,25.993281616277514,17.522620453876065,29.828919765543436,0.0,10.038883468458419,5.687386274683562,0.0,0.0,32.36669079774158,10.023291153407584,0.0,25.514892278826544,24.26546827384644,0.0,0.0
O=C(CCCCCCC(O)=NO)Nc1ccccc1,0,112.5001528080518,15.630569023624325,0.0,0.0,11.804925073709118,0.0,0.0,4.794537184071822,0.0,0.0,0.0,36.19645717798739,24.974377382775238,18.52902952053558,0.0,15.10831760368982,17.49231134839268,0.0,0.0,5.15571272675054,38.524929737556064,5.316788604006331,30.33183534230805,0.0,5.316788604006331,5.687386274683562,0.0,0.0,22.118705493327116,4.794537184071822,0.0,38.524929737556064,35.48754806905859,0.0,0.0
CC(C)(C)c1cc(NC(=O)Nc2ccc(-c3cn4c(n3)sc3cc(OCCN5CCOCC5)ccc34)cc2)no1,1,235.4274639620337,19.313609448579776,18.116641216671265,10.778735700607061,0.0,0.0,6.031114512338072,14.617392941118602,9.778515705019029,0.0,0.0,49.39739487105527,30.33183534230805,48.56330809358974,29.124312557959662,18.791358028645266,44.05064299964879,0.0,19.441246115184924,0.0,26.18620206846865,50.08849231928914,60.4880275381804,17.00689131982936,15.370440161812711,16.29978623659041,5.749511833283905,11.336785877934735,64.92727573879947,10.151853423196828,0.0,26.531459017946315,59.250875056279305,0.0,26.434873043402852
CC(=O)OCC(=O)C1CCC2C3CC=C4CC(=O)CCC4(C)C3CCC12C,0,161.65316142789194,4.736862953800049,12.390126910877857,5.783244946364939,0.0,0.0,5.9693052879518484,14.383611552215466,0.0,0.0,0.0,25.496599036284397,67.10862881483379,25.683286491704035,0.0,19.120474506015512,17.535795180681728,0.0,0.0,34.50160512343913,72.13778458247995,6.606881964512918,11.649124636903148,0.0,0.0,0.0,0.0,0.0,24.142677145194643,19.120474506015512,34.50160512343913,72.13778458247995,11.649124636903148,0.0,0.0
CC(C)(C)Cn1c(N)nc2ccc(-c3[nH]c(C(C)(C)C)nc3-c3ccc(F)cc3)nc21,0,181.30439746433206,10.717645998109393,17.158326056662084,5.647177220767728,5.948339280986494,0.0,0.0,4.567099647791355,19.34235061051644,0.0,0.0,41.54242319814374,41.81319288016644,17.523198367006348,17.081783984545382,4.39041504767482,17.112217219370482,0.0,24.503013731580186,5.414990469396779,53.50217007345309,5.733667477162185,48.03982774981548,22.645235476242377,5.733667477162185,10.338754328661313,0.0,0.0,24.503013731580186,11.959746875309353,11.232211310442672,47.36682769614366,36.39820241076966,0.0,33.80911341462637
CC1CC2C3CC=C4CC(=O)C=CC4(C)C3(F)C(O)CC2(C)C1(O)C(=O)CO,0,163.87178561127465,15.319582184522117,12.207932775496605,17.235249711475557,0.0,0.0,0.0,9.589074368143644,4.39041504767482,0.0,0.0,31.572619143118274,44.09803426762532,23.16870860788096,6.103966387748303,29.299071600340582,11.566489892729878,0.0,0.0,28.583699077277736,63.82827510825357,6.606881964512918,23.80116485057091,0.0,0.0,4.39041504767482,0.0,0.0,50.866731059242575,9.589074368143644,28.583699077277736,46.454498090775914,23.80116485057091,0.0,0.0
CNCCC=C1c2ccccc2CCc2ccccc21,1,120.89752012423182,5.316788604006331,0.0,0.0,0.0,0.0,0.0,0.0,0.0,0.0,0.0,54.60695665452676,60.681803754225044,0.0,0.0,0.0,5.5731045300692665,0.0,5.316788604006331,0.0,19.26246486877803,13.592428388589765,76.86076262131475,0.0,5.316788604006331,0.0,0.0,0.0,13.592428388589765,12.841643245852019,0.0,28.67462758971399,54.60695665452676,0.0,5.5731045300692665
COc1cc2ncnc(Oc3cccc(NC(=O)Nc4cc(C(C)(C)C(F)(F)F)on4)c3)c2cc1OC,0,208.28496874138142,24.050472402379825,17.491822377445224,23.07713386327728,5.879988336435371,0.0,12.207413029781547,5.316788604006331,14.762494225966236,13.171245143024459,0.0,11.223030325587056,32.04657560476608,23.886487480068393,25.122520014636123,36.69946612546978,28.43928849693772,0.0,15.12462029901986,0.0,25.4387633862215,24.853172290567727,54.55213697287025,23.128523836287084,24.844166069412807,29.471031379614878,23.128523836287084,0.0,41.551628411356475,5.414990469396779,0.0,19.60772181825569,53.31498449096916,0.0,10.902924932081056
Nc1ncnc2c1ncn2C1OC(CO)CC1O,1,102.05192635104677,20.683585220643646,17.947987180129104,17.692941169337626,0.0,0.0,0.0,4.567099647791355,14.951935562841623,0.0,0.0,0.0,0.0,6.4208216229260096,19.038168427025763,14.94991774348146,16.981740716219015,0.0,19.51903521063298,0.0,24.856655569157482,12.340549441675103,12.654640149529083,0.0,5.733667477162185,5.817862777835028,0.0,0.0,48.5469047403239,4.736862953800049,0.0,12.64872279366088,12.654640149529083,0.0,11.16387793838399
Nc1cccc2c1C(=O)N(C1CCC(=O)NC1=O)C2=O,0,113.27001056421398,5.733667477162185,6.041840829147961,0.0,11.814359458703011,11.814359458703011,0.0,29.394847071144092,0.0,0.0,0.0,6.06636706846161,18.553555759849232,12.10820789760957,11.126902983393991,19.178148736287287,29.316105192089584,0.0,10.216698334856808,0.0,18.88348407499998,5.733667477162185,29.32600418877882,0.0,11.050456081168516,5.687386274683562,0.0,0.0,34.57046947740446,9.589074368143644,0.0,33.55762059738966,18.19910120538483,0.0,0.0
CCOC(=O)c1cncn1C(C)c1ccccc1,0,106.22705511565081,9.303962601591405,5.693927994848461,0.0,0.0,0.0,5.9693052879518484,0.0,9.778515705019029,0.0,0.0,30.33183534230805,19.410925891078243,0.0,25.1728864400385,9.53140013787187,5.9693052879518484,0.0,9.551078168738563,0.0,19.88931522852921,6.606881964512918,54.11337847523112,0.0,0.0,0.0,0.0,0.0,22.12726542120333,4.736862953800049,0.0,35.94123189914649,42.85599898868567,0.0,0.0
CC(C)CC(NC(=O)C(Cc1ccc2ccccc2c1)NC(=O)C(Cc1ccc(O)cc1)NC(=O)C(CO)NC(=O)C(Cc1c[nH]c2ccccc12)NC(=O)C(Cc1c[nH]cn1)NC(=O)C1CCC(=O)N1)C(=O)NC(CCCN=C(N)N)C(=O)N1CCCC1C(=O)NCC(N)=O,0,551.8138622829912,90.13302142996986,60.12607929561554,5.959554568743835,64.97897702286656,0.0,0.0,57.73231375742571,4.983978520947208,0.0,0.0,86.64387922092058,90.10473989312287,68.4902330017624,25.172886440038496,62.952963814471445,92.61390495262107,0.0,67.70294272974908,28.11131321028362,138.853079713899,26.241151182250643,132.1007957148543,5.749511833283905,65.05209986754353,0.0,5.749511833283905,0.0,181.6211503195662,78.42319551649409,5.917906046161393,81.17750822980278,114.70891797755053,0.0,21.67537336101065
CN=C(C[N+](=O)[O-])NCCSCc1ccc(CN(C)C)o1,0,128.49131550067983,14.633849271910154,11.520494837748883,5.835619785757269,0.0,6.544756405912575,0.0,15.106723001401242,0.0,11.761884949391115,0.0,0.0,26.2280781022776,24.268593044154226,12.297610012659364,9.340461985871018,17.597504735148384,0.0,10.216698334856808,4.992404732635668,12.297610012659364,39.9853823666035,33.767547243437676,0.0,5.316788604006331,0.0,0.0,11.761884949391115,55.64422293202892,12.297610012659364,10.114318268765572,11.520494837748883,21.542289806612235,0.0,0.0
Cc1ccc2c(=O)c3cccc(CC(=O)O)c3oc2c1C,0,120.1765954168464,9.523678331894054,11.166040283284485,0.0,5.428790391900541,0.0,5.9693052879518484,9.589074368143644,0.0,0.0,0.0,18.19910120538483,37.10711151969846,5.563451491696996,17.1932700518556,14.318215515965875,27.90779400016593,0.0,0.0,0.0,20.268296022307258,0.0,57.2455173933714,0.0,5.428790391900541,0.0,0.0,0.0,11.075832682792555,11.21535880699783,13.847474399381248,16.690354475090988,39.543523463433225,0.0,21.938488712214074
CON=C(C(=O)NC1C(=O)N2C(C(=O)O)=CCS[C@H]12)c1csc(N)n1,0,149.25397301894,20.994572059745856,29.91647849129853,10.843243482610035,0.0,11.814359458703011,5.9693052879518484,14.48898409899412,9.778515705019029,0.0,23.09867082732585,5.15571272675054,6.076020106833881,11.132916377212704,0.0,24.327727530792806,51.725579056590746,0.0,15.200676855804016,5.15571272675054,11.4157136421167,18.59631862518651,22.84705018520409,0.0,11.050456081168516,5.131558479839333,0.0,23.09867082732585,62.76413018620498,19.2212001359521,0.0,5.693927994848461,22.308834917106168,0.0,0.0
Cc1cn(-c2cc(NC(=O)c3ccc(C)c(Nc4nccc(-c5cnccn5)n4)c3)cc(C(F)(F)F)c2)cn1,0,220.39477288972017,15.200676855804016,5.693927994848461,0.0,5.948339280986494,5.907179729351506,6.176298517443475,14.762494225966236,14.951935562841623,13.171245143024459,0.0,6.06636706846161,55.8091283018479,47.412984602199984,29.475471127771534,17.96578232709628,23.230291559705126,0.0,29.486992252527394,0.0,20.023772916824722,10.633577208012662,102.16038988200066,17.075242264380485,10.633577208012662,30.494356973378082,0.0,0.0,35.3941719818789,6.176298517443475,13.847474399381248,27.178819654011267,79.7761074120612,0.0,17.075242264380485
Nc1ccc(S(N)(=O)=O)cc1,0,64.87196040593747,5.733667477162185,0.0,0.0,10.023291153407584,0.0,0.0,0.0,13.556770721936878,0.0,0.0,0.0,24.26546827384644,5.687386274683562,4.895483475517775,8.417796984328938,15.710677428091145,0.0,0.0,5.138973737607942,4.895483475517775,5.733667477162185,24.26546827384644,0.0,10.872641214770127,5.687386274683562,0.0,0.0,8.417796984328938,10.023291153407584,0.0,0.0,29.160951749364216,0.0,0.0
Cc1cccc(CN2CCN(C(c3ccccc3)c3ccc(Cl)cc3)CC2)c1,0,172.91728874616047,0.0,0.0,0.0,0.0,0.0,0.0,9.799819461700954,0.0,0.0,0.0,83.89442913500723,35.74682581170483,37.7464153433042,6.041840829147961,0.0,11.600939890232516,0.0,9.799819461700954,0.0,19.51033443475116,26.1790256236503,106.13921117053027,0.0,0.0,0.0,0.0,11.600939890232516,35.97884508535125,6.544756405912575,6.923737199690624,28.29564679593594,78.86277189000094,5.022633313741326,0.0
O=c1c(O)cc2c(O)oc3c(=O)c(O)cc4c(O)oc1c2c43,0,118.56503445172783,29.260411453469512,0.0,22.665063949852296,0.0,22.750196304723787,0.0,9.589074368143644,0.0,0.0,0.0,0.0,12.13273413692322,10.772448428929591,10.772448428929591,29.260411453469512,32.71093714114367,0.0,0.0,0.0,0.0,0.0,32.579389288867944,23.39163918749051,10.857580783801081,0.0,23.39163918749051,0.0,20.426109579362823,0.0,0.0,0.0,30.556110379173557,0.0,32.71093714114367
COc1cc2nccc(Oc3ccc(NC(=O)Nc4cc(C)on4)c(Cl)c3)c2cc1OC,0,187.77715443534802,24.050472402379825,17.25927108544225,17.316886444402837,0.0,0.0,6.031114512338072,10.300767124953538,4.794537184071822,0.0,0.0,16.757603147357962,31.189205473537065,29.7821689914627,30.44631538859622,23.528220982445315,40.04022838717024,0.0,10.140641778072652,0.0,6.923737199690624,24.853172290567727,59.44429378346011,22.99804733313562,24.844166069412807,16.299786236590414,22.99804733313562,11.600939890232516,30.39135137296579,0.0,6.923737199690624,5.7602474188744415,53.184507987817696,5.022633313741326,10.902924932081056
N=C(N=C(N)NCCCCCCN=C(N)N=C(N)Nc1ccc(Cl)cc1)Nc1ccc(Cl)cc1,0,208.78502802199782,33.15136824350555,0.0,5.959554568743835,17.878663706231507,0.0,0.0,10.40168833842719,0.0,9.984809465271336,0.0,36.043523026317054,61.372579793544894,34.50955198867493,0.0,0.0,58.4148706048075,5.409283605791522,5.316788604006331,32.17821662939356,25.683286491704038,23.723090019837812,58.57620317517553,0.0,33.15136824350555,11.374772549367124,0.0,23.20187978046503,36.92773108680049,0.0,5.409283605791522,25.683286491704038,63.508150745599885,10.045266627482652,0.0
C(=C/c1ccccc1)\CN1CCN(C(c2ccccc2)c2ccccc2)CC1,1,168.28936160149112,0.0,0.0,0.0,0.0,0.0,0.0,9.799819461700954,0.0,0.0,0.0,103.14754624059195,16.690354475090988,32.72378202956288,6.041840829147961,0.0,6.076020106833881,0.0,9.799819461700954,0.0,6.041840829147961,32.72378202956288,113.76188060884907,0.0,0.0,0.0,0.0,0.0,42.523601491263825,0.0,0.0,22.732195304238946,97.07152613375807,0.0,6.076020106833881
CC(NCCCc1cccc(C(F)(F)F)c1)c1cccc2ccccc12,0,151.40628293606258,5.316788604006331,0.0,0.0,0.0,0.0,6.176298517443475,0.0,0.0,13.171245143024459,0.0,60.6636706846161,54.27585533224041,6.041840829147961,5.563451491696996,13.171245143024459,10.772448428929591,0.0,5.316788604006331,0.0,31.98351979213408,6.544756405912575,83.42039222816872,0.0,5.316788604006331,13.171245143024459,0.0,0.0,6.544756405912575,12.597120140369483,0.0,36.07675412685558,66.73003775307771,0.0,10.772448428929591
CN(C)CCc1c[nH]c2ccc(CS(=O)(=O)N3CCCC3)cc12,0,137.88131918110852,9.883888251797686,0.0,0.0,10.023291153407584,0.0,0.0,0.0,12.72301297562517,0.0,0.0,6.06636706846161,56.617445954449614,36.73403772143186,5.752853606746789,8.417796984328938,20.92621608548864,0.0,14.189104243093919,0.0,25.01531847552482,33.729613183092106,35.5228477603919,0.0,0.0,0.0,0.0,0.0,56.33651441051495,22.196966383080383,0.0,23.968546229246012,24.395944776997904,0.0,10.902924932081056
CCCCc1nc(Cl)c(CO)n1Cc1ccc(-c2ccccc2-c2nn[nH]n2)cc1,0,179.30208336077052,9.67362704263206,5.824404497999927,5.153109816892792,5.824404497999927,0.0,0.0,0.0,4.983978520947208,5.213385095654868,10.197363616602075,73.47643526054203,28.32456119367186,18.52902952053558,12.300809959361379,5.106527394840706,11.600939890232516,0.0,30.175211976650374,0.0,39.33784043889414,0.0,70.76583034913106,22.514758973090913,0.0,0.0,0.0,11.600939890232516,35.28173937149108,19.572459993351504,0.0,36.84716443008803,48.53093654769288,5.153109816892792,22.514758973090913
CCN1CCCC1CNC(=O)c1cc(S(N)(=O)=O)ccc1OC,0,136.3954807683271,10.05365155780638,5.749511833283905,0.0,10.023291153407584,5.907179729351506,0.0,9.694446914922299,13.556770721936878,0.0,0.0,6.923737199690624,44.130257263062,12.586597235060536,17.568732508492303,17.949197122200808,15.930470882759089,0.0,10.216698334856808,5.138973737607942,30.70270475020838,26.744066759015258,23.762552697081826,5.749511833283905,15.192625295414322,0.0,5.749511833283905,0.0,52.010794032694136,10.023291153407584,0.0,30.12336912131146,23.094584680902603,0.0,0.0
CCC(C)CCCCC(=O)NC(CCN)C(=O)NC(C(=O)NC(CCN)C(=O)NC1CCNC(=O)C(C(C)O)NC(=O)C(CCN)NC(=O)C(CCN)NC(=O)C(CC(C)C)NC(=O)C(Cc2ccccc2)NC(=O)C(CCN)NC1=O)C(C)O,0,497.7858257954234,97.366066819562,60.418408291479594,0.0,64.97897702286656,0.0,0.0,52.73990902479004,0.0,0.0,0.0,77.28924900984859,115.337092996372,19.386399651764595,12.207932775496605,62.952963814471445,64.97897702286656,0.0,58.48467464406965,40.50414947813371,197.6394453631581,39.26853843547545,35.89528683400505,0.0,87.15301202988059,0.0,0.0,0.0,187.0869113149996,59.16073064771605,11.835812092322787,124.15573416495288,30.33183534230805,0.0,0.0
O=C(O)[C@@]1(CCCCCCOc2ccc(Cl)cc2)CO1,1,123.19616353367245,14.580253302440804,5.749511833283905,5.601050810983688,0.0,0.0,5.9693052879518484,0.0,4.794537184071822,0.0,0.0,24.442583136084536,43.52793314262447,5.022633313741326,13.213763929025836,19.374790486512627,17.570245178184365,0.0,0.0,0.0,37.70515892561373,13.213763929025836,29.288101587587764,5.749511833283905,4.736862953800049,0.0,5.749511833283905,11.600939890232516,29.890647422802083,9.53140013787187,0.0,32.10410811463005,24.26546827384644,5.022633313741326,0.0
Nc1ncnc2c1ncn2[C@@H]1O[C@H](COP(=O)(O)O)[C@@H](O)[C@H]1O,0,128.30354975942075,30.470408426148595,30.155919955625706,17.692941169337626,0.0,0.0,7.822697123132171,9.090846809503173,19.516983847772952,0.0,0.0,0.0,0.0,0.0,12.934202039277459,33.825536395629555,24.804437839351188,0.0,19.51903521063298,0.0,24.539800333979777,12.340549441675103,12.654640149529083,0.0,5.733667477162185,5.817862777835028,0.0,7.822697123132171,64.43769433357716,13.825658400443196,0.0,6.22790117073487,12.654640149529083,0.0,11.16387793838399
COc1cc(Nc2ncc(F)c(Nc3ccc4c(n3)N(COP(=O)(O)O)C(=O)C(C)(C)O4)n2)cc(OC)c1OC,1,227.01066110289923,39.36785222871781,12.548679525334514,40.30253270755135,11.6978511142704,5.907179729351506,7.822697123132171,14.218194076634116,18.923420374500566,4.983978520947208,0.0,0.0,25.98020853630447,17.820120411606784,27.526236195445676,47.00802269909494,42.819190741658815,0.0,14.951935562841623,0.0,19.448525210364934,43.59369631019523,36.27953268650541,22.99804733313562,34.48093875406333,33.479728936849966,22.99804733313562,7.822697123132171,64.30719868001384,13.883332630714968,5.817220841045894,13.847474399381248,30.462311845459514,0.0,0.0
Oc1ccc(Cc2nc3c(Cc4ccccc4)nc(-c4ccc(O)cc4)cn3c2O)cc1,0,184.27272758017565,15.319582184522117,17.19295166141627,5.647177220767728,5.879988336435371,0.0,0.0,4.400694606261793,9.967957041894415,0.0,0.0,42.46456947923127,47.52510539416365,24.60193830916209,11.387855989696922,15.319582184522117,5.647177220767728,0.0,14.36865164815621,0.0,12.841643245852019,0.0,107.57437443470496,28.636391489548636,0.0,0.0,17.379012003003183,0.0,29.68823383267833,12.841643245852019,0.0,22.514758973090913,85.05961546161402,0.0,16.904556707313183
CC(=O)Nc1ccc(O)cc1,0,64.66690538413799,10.423315998847038,5.749511833283905,0.0,5.907179729351506,0.0,0.0,4.794537184071822,0.0,0.0,0.0,0.0,24.26546827384644,12.611123474374185,0.0,9.901064578912528,11.594566004035068,0.0,0.0,0.0,6.923737199690624,5.316788604006331,24.26546827384644,5.749511833283905,5.316788604006331,5.687386274683562,5.749511833283905,0.0,11.013707124192212,4.794537184071822,0.0,6.923737199690624,24.26546827384644,0.0,0.0
N#CC1CCCN1C(=O)CNC12CC3CC(CC(O)(C3)C1)C2,0,131.21303163157827,15.323225729697514,6.041840829147961,0.0,5.907179729351506,0.0,0.0,4.794537184071822,0.0,5.261891554738487,0.0,0.0,63.202385075730874,12.08368165829592,18.21502852968854,9.901064578912528,5.907179729351506,5.261891554738487,10.216698334856808,11.835812092322787,68.54838987592308,13.08951281182515,0.0,6.069221312792274,5.316788604006331,0.0,0.0,0.0,46.18494655938283,4.794537184071822,23.166924959853546,51.36657298340809,0.0,0.0,0.0
NCCCC(N)(C(=O)O)C(F)F,0,68.53056965193026,16.573862349165076,0.0,5.538925252383345,0.0,6.425444744859191,5.9693052879518484,0.0,13.575367279421462,0.0,0.0,0.0,19.386399651764595,0.0,0.0,18.681894674262168,5.9693052879518484,0.0,0.0,11.46733495432437,24.806013243094554,6.544756405912575,0.0,0.0,11.46733495432437,8.78083009534964,0.0,0.0,29.584959085947666,4.794537184071822,0.0,12.841643245852019,0.0,0.0,0.0
COc1cc(O)c(CC=C(C)C)c(O)c1C(=O)C=Cc1ccc(O)cc1,1,152.05153887690062,20.056445138322168,28.561498824832615,5.783244946364939,0.0,0.0,0.0,4.794537184071822,0.0,0.0,0.0,29.857878880660248,44.040501757761355,11.629818560158606,7.109797541277533,24.85098232239399,11.85926505319882,0.0,0.0,0.0,20.268296022307258,7.109797541277533,64.74733456113607,22.99804733313562,4.736862953800049,0.0,22.99804733313562,0.0,28.212624672164587,6.4208216229260096,0.0,35.33236605854405,48.05698008604508,0.0,6.076020106833881
OC(Cn1cncn1)(Cn1cncn1)c1ccc(F)cc1F,1,123.41948530867809,5.106527394840706,42.54477279213365,0.0,0.0,0.0,0.0,0.0,28.112393007534422,10.197363616602075,0.0,6.06636706846161,6.06636706846161,11.629818560158606,13.08951281182515,13.887357490190345,0.0,0.0,29.528926528786858,0.0,18.69056362280884,0.0,60.70627467823178,0.0,0.0,8.78083009534964,0.0,0.0,34.635453923627566,18.69056362280884,11.634441682091788,5.563451491696996,43.508381504442994,0.0,0.0
Cc1cc(N2CCN(C3CNC(C(=O)N4CCSC4)C3)CC2)n(-c2ccccc2)n1,0,181.93648012871722,15.116608065707286,5.817862777835028,0.0,5.907179729351506,0.0,0.0,9.694446914922299,4.681802935145184,5.098681808301038,11.761884949391115,18.19910120538483,25.477292959539852,57.129599939831806,23.29994348841334,4.794537184071822,23.486927456577646,0.0,24.897092809153506,0.0,25.428240480912557,55.79809016280607,42.09213040561812,5.687386274683562,10.216698334856808,5.817862777835028,0.0,11.761884949391115,88.46934602475021,4.794537184071822,6.923737199690624,12.114749617774471,36.39820241076966,0.0,5.687386274683562
CN(C)CCC(c1ccccc1)c1ccccn1,0,109.29268954869393,4.899909730850477,0.0,0.0,0.0,0.0,0.0,4.983978520947208,0.0,0.0,0.0,36.39820241076966,44.75710762281318,17.80867761262293,0.0,0.0,0.0,0.0,9.883888251797686,0.0,12.338727669087403,20.640100371266954,65.98515960585141,0.0,0.0,0.0,0.0,0.0,30.52398862306464,0.0,0.0,23.59610715563286,54.72778011930596,0.0,0.0
COCCOC(=O)C1=C(C)N=C(C)C(C(=O)OCC=Cc2ccccc2)C1c1cccc([N+](=O)[O-])c1,0,208.78956992058042,14.210588861400147,19.13166997518723,0.0,0.0,5.687386274683562,11.938610575903697,19.901260185473063,4.794537184071822,0.0,0.0,48.54058958606515,31.050397489609118,36.56916204018868,17.103297543399854,28.72297427836146,29.41370196019184,0.0,0.0,10.910310778797061,19.76538044554264,26.93044343481629,93.18468881827306,0.0,0.0,5.687386274683562,0.0,0.0,49.50405006230836,23.79966322954379,16.032224314926967,30.89228342893663,76.93587229874915,0.0,6.076020106833881
CS(=O)(=O)N1CCN(Cc2cc3nc(-c4cccc5[nH]ncc45)nc(N4CCOCC4)c3s2)CC1,0,207.12032856114115,9.636772684650527,0.0,11.642267275834955,10.023291153407584,0.0,0.0,9.998591539151516,18.385754026223353,9.40389779959727,11.336785877934735,12.13273413692322,12.13273413692322,61.6401177412511,41.39969803585194,13.154659938128987,48.29748537534377,0.0,29.3704463806432,0.0,6.544756405912575,63.63798127886316,35.339459039160815,11.387855989696924,4.899909730850477,5.817862777835028,0.0,11.336785877934735,96.52631491298483,21.30491051312021,0.0,4.877147193701299,30.462311845459517,0.0,32.50740155586334
COc1ccccc1Oc1c(NS(=O)(=O)c2ccc(C(C)(C)C)cc2)nc(-c2ncccn2)nc1OCCO,0,226.48137997899107,19.31711625624085,6.606881964512918,23.14129094240277,11.573916331283833,15.903279489842955,0.0,4.722094864452088,23.36973254717056,4.983978520947208,0.0,45.036679872918306,41.310277303401826,12.393687143226153,18.612162981308227,27.73491324056979,15.841153931242612,0.0,19.93591408378883,0.0,31.081685543986424,25.04565633475546,72.55444225107765,34.777332832286945,18.932683725852236,5.817862777835028,23.128523836287087,0.0,53.78379993326184,15.438281622804363,0.0,26.334663090768867,71.88647423489842,0.0,11.648808995999854
CN(C)Cc1ccc(-c2nc3cccc4c3n2CCNC4=O)cc1,0,140.46398123255793,14.783797982648164,5.824404497999927,0.0,0.0,5.907179729351506,0.0,4.794537184071822,4.983978520947208,0.0,0.0,30.33183534230805,31.791529593974595,25.197720709434723,16.59685292692952,4.794537184071822,16.940581164584028,0.0,19.76777650359537,0.0,13.08951281182515,20.640100371266954,53.59147246262526,11.387855989696924,5.316788604006331,0.0,0.0,0.0,40.998268000207496,13.08951281182515,0.0,15.921440167465814,42.46456947923127,0.0,22.421257424929443
CN(CCOc1ccc(Cc2sc(=O)[nH]c2O)cc1)c1ccccn1,0,148.914153973466,14.743300079491233,18.17425657563185,0.0,5.879988336435371,0.0,4.872962597056311,9.778515705019029,4.983978520947208,0.0,0.0,29.535887083319565,29.828919765543436,19.665337177216276,11.421903599613874,9.843390348640755,17.154648655769762,0.0,9.967957041894415,0.0,6.4208216229260096,25.09922008395316,68.76951151737077,11.629500169719275,14.509735281706838,5.817862777835028,11.629500169719275,11.336785877934735,35.27379478983781,6.4208216229260096,0.0,10.440598685398296,53.45595023491617,0.0,0.0
C#Cc1cccc(Nc2ncnc3cc(OCCOC)c(OCCOC)cc23)c1,0,169.5322632278569,24.264240419206526,25.358946781625406,11.49902366656781,0.0,0.0,0.0,0.0,9.967957041894415,0.0,6.423349895620259,11.986801387317254,24.26546827384644,36.92302413186203,18.730464646642098,18.947451815200196,22.40817398459965,0.0,9.967957041894415,0.0,0.0,45.96391154461307,48.288973977231194,23.84280788104371,14.790514511606428,11.50524905251859,11.49902366656781,0.0,50.61507998250116,9.473725907600098,12.343784214475903,5.563451491696996,42.7255224855342,0.0,10.902924932081056
CC(=O)OC1CC2CCC3C(CCC4(C)C3CC([N+]3(C)CCCCC3)C4OC(C)=O)C2(C)CC1[N+]1(C)CCCCC1,1,249.60204096883757,18.439787622989346,12.083681658295921,12.207932775496605,0.0,0.0,11.938610575903697,9.589074368143644,0.0,0.0,0.0,13.847474399381248,99.71565250622848,32.104108114630044,40.27436958900468,28.028861991132985,11.938610575903697,0.0,0.0,34.50160512343913,135.45724433059314,40.27436958900468,0.0,0.0,0.0,0.0,0.0,0.0,85.47065631409015,19.06280027574374,34.50160512343913,111.16562989680064,0.0,0.0,0.0
CC(=O)N=c1sc(S(N)(=O)=O)nn1C,0,83.94182492532303,0.0,0.0,0.0,15.048238063487126,10.023291153407584,0.0,4.794537184071822,18.238573657082064,4.992404732635668,5.098681808301038,11.336785877934735,0.0,13.971409182367815,0.0,13.212334168400758,27.267256760693826,0.0,9.780484743446221,17.1790504529208,11.263392880364169,0.0,4.801402653462074,0.0,9.940376391070016,0.0,0.0,11.336785877934735,24.105461457126665,21.865500320156595,0.0,6.923737199690624,9.332060413309215,0.0,0.0
CC(=O)NC1C(N=C(N)N)C=C(C(=O)O)OC1C(O)C(O)CO,0,130.79667060235082,41.94709609149357,18.31189916324491,5.959554568743835,11.666344601007681,0.0,5.9693052879518484,4.794537184071822,9.786941916707491,0.0,0.0,0.0,6.076020106833881,6.923737199690624,18.69056362280884,34.752046901306514,17.83603958604719,0.0,5.316788604006331,16.459739686960038,37.31931802123145,6.606881964512918,11.835184978490057,0.0,16.784123558330702,0.0,0.0,0.0,75.26461195146375,14.325937321943693,0.0,6.923737199690624,16.827589711125725,0.0,0.0
CS(=O)(=O)Nc1ccc([N+](=O)[O-])cc1Oc1ccccc1,0,120.93059846798744,4.736862953800049,5.749511833283905,5.749511833283905,10.023291153407584,5.687386274683562,0.0,14.836413133217661,8.417796984328938,0.0,0.0,18.19910120538483,18.19910120538483,6.06636706846161,22.932833575474245,18.077970986946656,21.398063702774706,0.0,0.0,0.0,0.0,10.977864047963493,58.645254816458454,11.49902366656781,9.458957818252138,11.374772549367124,11.49902366656781,0.0,19.59687721665801,10.023291153407584,10.114318268765572,0.0,48.53093654769288,0.0,0.0
CNC1C(OC2OC(CO)C(N)C(O)C2O)OC2CC(N)C(OC3C(N)CC(N)C(O)C3O)OC2C1O,0,213.25732233401413,82.57493765069957,42.72776471423811,18.870080188005637,0.0,0.0,0.0,0.0,0.0,0.0,0.0,0.0,19.88931522852921,12.083681658295921,36.940337227453405,54.323479138044476,0.0,0.0,5.316788604006331,22.93466990864874,116.85662506933217,13.654553947190108,0.0,0.0,28.251458512655073,0.0,0.0,0.0,148.3087001397145,23.684314769000245,0.0,12.841643245852019,0.0,0.0,0.0
C#C[C@]1(O)CC[C@H]2[C@@H]3CCC4=Cc5oncc5C[C@]4(C)[C@H]3CC[C@@]21C,0,149.4111683415793,9.629622331814055,5.601050810983688,5.7602474188744415,0.0,0.0,0.0,0.0,0.0,0.0,6.423349895620259,30.497676505431603,74.1904800751969,10.978441961093775,6.196843571613076,9.629622331814055,6.076020106833881,0.0,5.156663257125445,28.583699077277736,64.394276570847,0.0,23.09364701225378,12.343784214475903,0.0,0.0,0.0,0.0,15.864241462949838,6.4208216229260096,40.92748329175363,63.69610304750874,16.29304303865569,0.0,6.076020106833881
O=C(O)CCCc1ccc(N(CCCl)CCCl)cc1,1,123.67306201087632,10.006437125691182,0.0,0.0,0.0,0.0,5.9693052879518484,4.794537184071822,0.0,0.0,23.20187978046503,12.13273413692322,30.537828874472233,36.9577275993754,0.0,9.901064578912528,34.858571343100444,0.0,0.0,0.0,19.26246486877803,29.749429432616306,29.828919765543436,0.0,4.899909730850477,5.687386274683562,0.0,23.20187978046503,35.92535238455839,11.21535880699783,0.0,18.405094737549014,24.26546827384644,0.0,0.0
O=C1c2cccc3c2C(CCC3)CN1C1CN2CCC1CC2,0,131.83351543298647,9.799819461700954,0.0,0.0,0.0,5.907179729351506,0.0,4.794537184071822,0.0,0.0,0.0,12.13273413692322,68.3047970244722,30.612711178831503,0.0,4.794537184071822,5.907179729351506,0.0,9.799819461700954,5.917906046161393,44.0638549899394,26.1790256236503,34.88945568047582,0.0,0.0,0.0,0.0,0.0,47.927865643850716,6.4208216229260096,5.917906046161393,53.086084197028256,18.19910120538483,0.0,0.0
COc1c(O)c(C)c(C=CCCCCCCCCO)c(O)c1OC,0,144.09583929007047,24.793308092122217,0.0,11.49902366656781,11.49902366656781,0.0,0.0,0.0,0.0,0.0,0.0,37.8353267053718,26.186202068468653,17.73378494790691,14.219595082555067,24.793308092122217,6.076020106833881,0.0,0.0,0.0,51.8694885601727,20.826477047067986,17.202923090227873,22.99804733313562,9.473725907600098,0.0,22.99804733313562,0.0,36.1460592315901,0.0,6.923737199690624,56.07265434387607,6.076020106833881,0.0,6.076020106833881
CC1=C(C(=O)O)N2C(=O)C(NC(=O)C(N)c3ccccc3)C2SC1,0,142.431055552737,16.156983476009223,23.154593784320497,0.0,5.907179729351506,5.907179729351506,5.9693052879518484,14.48898409899412,4.794537184071822,0.0,11.761884949391115,30.33183534230805,18.060293221456885,5.752853606746789,0.0,19.49013894705617,29.545549696045974,0.0,10.216698334856808,5.733667477162185,24.381291670955285,5.752853606746789,47.165430677130146,0.0,11.050456081168516,0.0,0.0,11.761884949391115,44.95866912120954,14.383611552215466,0.0,18.52902952053558,41.60197918543315,0.0,0.0
CN(C)CCC=C1c2ccccc2COc2ccc(CC(=O)O)cc21,0,147.906676921367,14.743300079491233,12.356393797796823,0.0,0.0,0.0,5.9693052879518484,4.794537184071822,0.0,0.0,0.0,36.407855449141934,54.912358730363856,12.10820789760957,6.4208216229260096,14.637927532712576,11.542409818021115,0.0,4.899909730850477,0.0,19.448525210364938,20.640100371266954,70.79439555285313,5.749511833283905,4.736862953800049,0.0,5.749511833283905,0.0,36.61584278490999,17.82224077151075,0.0,28.67462758971399,48.54058958606515,0.0,5.5731045300692665
COc1ccccc1N1CCN(CCCNc2cc(=O)n(C)c(=O)n2C)CC1,0,164.49744520469073,14.953561288656857,11.567374611118932,0.0,0.0,5.559266895052007,5.689743398203474,18.82864621050501,4.794537184071822,0.0,0.0,12.13273413692322,25.098312165761804,52.88549306337885,12.797183815961095,4.736862953800049,11.50524905251859,0.0,14.034109026433185,14.09534396535438,6.4208216229260096,56.595034311609794,51.169920003707176,5.749511833283905,26.202571581912338,11.50524905251859,5.749511833283905,0.0,60.412445003186164,14.09534396535438,0.0,6.4208216229260096,39.920909710451696,0.0,0.0
Cc1cc(=O)n(-c2ccccc2)[nH]1,0,75.62219499696222,0.0,0.0,0.0,0.0,5.559266895052007,0.0,9.893218992372859,4.681802935145184,0.0,0.0,18.19910120538483,19.056471336613843,11.760295063310071,5.687386274683562,0.0,0.0,0.0,9.780484743446221,0.0,6.923737199690624,0.0,52.44593448474195,5.687386274683562,5.559266895052007,0.0,0.0,0.0,9.780484743446221,0.0,6.923737199690624,5.693927994848461,41.192739594841484,0.0,5.687386274683562
CC1(C)CCC(C)(C)c2cc(Cn3cccn3)c(C=Cc3ccc(C(=O)O)cc3)cc21,0,183.79245202787143,5.106527394840706,0.0,0.0,0.0,0.0,5.9693052879518484,4.681802935145184,4.794537184071822,5.098681808301038,0.0,64.1124572862767,69.68798284851538,12.393687143226153,12.10820789760957,9.901064578912528,18.12134550161961,0.0,9.780484743446221,0.0,57.911329389320635,0.0,88.23896557263942,0.0,0.0,0.0,0.0,0.0,20.856317426238775,17.374737344706134,0.0,78.7118381788683,54.85825662245742,0.0,12.152040213667762
O=C(O)CCc1nc(-c2ccccc2)c(-c2ccccc2)o1,0,127.61015097207799,9.523678331894054,5.693927994848461,11.65097134090035,0.0,0.0,5.9693052879518484,4.794537184071822,4.983978520947208,0.0,0.0,60.6636706846161,0.0,17.54772460632,6.4208216229260096,14.318215515965875,5.9693052879518484,0.0,4.983978520947208,0.0,12.841643245852019,0.0,66.554394606642,22.581078397116894,0.0,0.0,0.0,0.0,16.059811203739763,11.21535880699783,0.0,12.311545544951919,65.08082162166944,0.0,22.581078397116894
Cc1cc(C)cc(OCC2CNC(=O)O2)c1,0,94.55369939501294,14.790514511606428,12.356393797796823,6.103966387748303,0.0,0.0,6.093240070938415,0.0,4.794537184071822,0.0,0.0,6.06636706846161,37.10711151969846,0.0,6.544756405912575,14.268263091671919,6.093240070938415,0.0,5.316788604006331,0.0,19.95144078712955,13.151638370425493,29.32600418877882,5.749511833283905,10.05365155780638,4.794537184071822,5.749511833283905,0.0,25.34884482911221,4.736862953800049,13.847474399381248,11.126902983393991,18.19910120538483,0.0,0.0
CNCC(=O)O,1,35.97475329247058,10.423315998847038,0.0,0.0,0.0,0.0,5.9693052879518484,4.794537184071822,0.0,0.0,0.0,0.0,7.04767198267719,0.0,6.544756405912575,9.901064578912528,5.9693052879518484,0.0,5.316788604006331,0.0,0.0,13.592428388589765,0.0,0.0,5.316788604006331,0.0,0.0,0.0,24.668261071382318,4.794537184071822,0.0,0.0,0.0,0.0,0.0
COc1cc(CCc2cc(NC(=O)c3ccc(N4CC(C)NC(C)C4)cc3)[nH]n2)cc(OC)c1,0,200.199556203301,25.007212846463236,17.316886444402837,0.0,0.0,5.907179729351506,0.0,9.893218992372859,0.0,5.098681808301038,0.0,0.0,68.65077154769993,48.55676637342485,19.91352307740353,14.268263091671919,17.412428781870094,0.0,15.514152220608405,0.0,38.77279930352919,37.52580622923703,65.35176752593533,11.49902366656781,25.007212846463236,11.50524905251859,11.49902366656781,0.0,55.49733289862972,12.841643245852019,0.0,35.462842561695524,48.53093654769288,0.0,0.0
O=C(Nc1ccccc1-c1cn2c(CN3CCNCC3)csc2n1)c1cnc2ccccc2n1,1,199.84962534213722,10.633577208012662,5.693927994848461,4.960872922772032,0.0,5.907179729351506,0.0,19.0791200421313,9.967957041894415,0.0,11.336785877934735,30.33183534230805,18.19910120538483,55.558067858187314,28.61155927637762,4.794537184071822,38.925626239974356,0.0,29.569328503960225,0.0,6.544756405912575,31.495814227656634,77.69254245108188,11.257379486545457,10.633577208012662,5.687386274683562,0.0,11.336785877934735,56.33874525295569,6.544756405912575,0.0,16.182393173768745,66.30468646138495,0.0,27.251653844550013
C#CCNC1CCc2ccccc21,0,79.1643122278147,0.0,0.0,0.0,0.0,0.0,0.0,5.316788604006331,0.0,0.0,6.423349895620259,30.18590259270208,23.96854622924601,6.041840829147961,6.544756405912575,0.0,0.0,0.0,5.316788604006331,0.0,18.88348407499998,6.544756405912575,35.392371257240434,12.343784214475903,5.316788604006331,0.0,0.0,0.0,6.544756405912575,6.4208216229260096,12.343784214475903,23.58956543546796,24.26546827384644,0.0,0.0
CN(C)CCC=C1c2ccccc2Sc2ccc(Cl)cc21,0,135.16892574867748,4.899909730850477,0.0,0.0,0.0,0.0,0.0,0.0,0.0,0.0,0.0,47.63794615184234,61.48164137559008,21.358356670689453,0.0,0.0,28.9359293696929,0.0,4.899909730850477,0.0,16.21178857396156,20.640100371266954,64.69012588320047,0.0,0.0,0.0,0.0,23.36282483962363,25.54001010211743,0.0,0.0,17.54772460632,58.3315565371007,5.022633313741326,5.5731045300692665
Cc1ccc(=O)n(-c2ccccc2)c1,0,82.44458100754319,0.0,0.0,0.0,0.0,5.559266895052007,0.0,9.361636831863176,0.0,0.0,0.0,24.26546827384644,24.619922828310838,17.95059691475825,0.0,0.0,0.0,0.0,4.567099647791355,0.0,6.923737199690624,0.0,64.57866862166517,5.687386274683562,5.559266895052007,0.0,0.0,0.0,4.567099647791355,0.0,6.923737199690624,5.563451491696996,53.45595023491617,0.0,5.687386274683562
CC1(C(=O)O)CCC2(C)CCC3(C)C(=C2C1)CC(=O)C1C2(C)CCC(OC(=O)CCC(=O)O)C(C)(C)C2CCC13C,0,244.41168313716122,14.94991774348146,11.887211334113243,0.0,0.0,0.0,17.907915863855546,19.178148736287287,0.0,0.0,0.0,52.68863225828227,92.28899972977322,17.75371813848418,18.256633715248796,34.12806647976875,23.691160810220484,0.0,0.0,44.32575490870345,131.61998626069482,0.0,11.146209060138533,0.0,0.0,0.0,0.0,0.0,40.0081819876502,23.915011690087336,44.32575490870345,125.5160198729465,11.146209060138533,0.0,0.0
O=C(O)CCCCC1CCSS1,0,80.88995266439649,5.106527394840706,0.0,0.0,0.0,0.0,5.9693052879518484,4.794537184071822,0.0,0.0,0.0,28.008617575699454,19.26246486877803,17.423613259654974,0.0,9.901064578912528,27.557101240725295,0.0,0.0,0.0,37.35404614461223,5.752853606746789,0.0,0.0,0.0,0.0,0.0,21.587795952773444,22.07862431952152,4.794537184071822,0.0,32.10410811463005,0.0,0.0,0.0
CC(=O)CCCCn1c(=O)c2c(ncn2C)n(C)c1=O,1,115.01518969017611,9.361636831863176,5.783244946364939,11.16387793838399,0.0,5.559266895052007,5.689743398203474,13.928736479654532,9.778515705019029,0.0,0.0,0.0,19.765380445542643,27.060921994192967,6.3273200747645415,4.794537184071822,16.94712288474893,0.0,18.685277464321274,14.09534396535438,32.730958474381225,0.0,27.165404736163666,0.0,11.24901029325548,0.0,0.0,0.0,24.468522410686212,25.434637555338778,0.0,26.186202068468653,15.916394442908185,0.0,11.16387793838399
Cc1cc(C(C)Nc2ccccc2)c2nc(N3CCOCC3)cc(=O)n2c1,0,157.9703200922612,14.953561288656857,11.465039998602755,0.0,0.0,5.559266895052007,0.0,9.195231790333615,4.983978520947208,0.0,0.0,18.19910120538483,37.61002709646307,36.60356121828039,19.255604758173796,4.736862953800049,17.152426273286316,0.0,9.384673127209002,0.0,19.88931522852921,36.5199750757078,70.14212011336217,0.0,15.775965229908815,11.50524905251859,0.0,0.0,35.68794986805999,4.736862953800049,6.923737199690624,24.092481012232575,53.45595023491617,0.0,5.647177220767728
O=C(O)C(O)Cc1ccc(O)c(O)c1,0,79.86468657151461,20.426109579362823,0.0,17.602990054316113,0.0,0.0,5.9693052879518484,0.0,4.794537184071822,0.0,0.0,6.06636706846161,17.696185628620217,6.4208216229260096,0.0,25.220646763434644,5.9693052879518484,0.0,0.0,0.0,12.524788010674312,0.0,23.762552697081826,11.49902366656781,0.0,0.0,11.49902366656781,0.0,32.49938125506297,11.21535880699783,0.0,5.563451491696996,18.19910120538483,0.0,0.0
Cc1cccc(C)c1OCC(C)N,0,79.70954961799958,10.470530430962235,12.356393797796823,0.0,0.0,0.0,0.0,0.0,0.0,0.0,0.0,18.19910120538483,31.898114582465862,6.041840829147961,0.0,4.736862953800049,0.0,0.0,0.0,5.733667477162185,26.813052428219834,6.606881964512918,29.32600418877882,5.749511833283905,10.470530430962235,0.0,5.749511833283905,0.0,12.648722793660879,0.0,13.847474399381248,18.050640183084617,18.19910120538483,0.0,0.0
O=C(O)c1ccc(Nc2ncc3c(n2)-c2ccc(Cl)cc2C(c2c(F)cccc2F)=NC3)cc1,0,197.16625444368472,10.423315998847038,11.634441682091788,0.0,5.948339280986494,0.0,5.9693052879518484,4.992404732635668,23.54332432131588,0.0,0.0,23.733674027155736,48.53093654769288,33.59721763512895,29.07727238692573,18.681894674262168,34.91765573662512,0.0,9.967957041894415,4.992404732635668,6.544756405912575,5.316788604006331,105.7713952188503,11.257379486545457,5.316788604006331,20.4165556510197,0.0,11.600939890232516,26.755474727457674,6.544756405912575,11.634441682091788,27.048343150859804,71.85291898886486,5.022633313741326,11.257379486545457
COc1cc(Nc2c(C#N)cnc3cc(OCCCN4CCN(C)CC4)c(OC)cc23)c(Cl)cc1Cl,1,220.8076192908437,29.327196927107433,11.818733146076179,11.49902366656781,0.0,0.0,0.0,4.983978520947208,0.0,5.261891554738487,0.0,23.20187978046503,25.60122774252642,56.439583952563964,53.326668433231006,14.210588861400147,45.479577261913214,5.261891554738487,14.783797982648164,0.0,6.4208216229260096,65.91471966331437,46.07102996463916,23.31775681264399,19.527377465406477,11.374772549367124,17.248535499851716,23.20187978046503,75.3817290419562,0.0,11.33111286753076,11.984273114623004,30.462311845459514,10.045266627482652,10.902924932081056
Cc1nc(Nc2ncc(C(=O)Nc3c(C)cccc3Cl)s2)cc(N2CCN(CCO)CC2)n1,1,201.00196040766053,20.640014333703846,22.337277247371283,5.131558479839333,0.0,5.907179729351506,0.0,9.694446914922299,14.951935562841623,0.0,0.0,35.07045990509047,25.477292959539852,38.790149098024486,23.513745124550884,9.901064578912528,51.299575807711705,0.0,19.8518452936921,0.0,13.847474399381248,54.86415093293893,51.74994834259906,0.0,15.533486938863138,22.454670310192952,0.0,22.93772576816725,70.1962164119601,0.0,13.847474399381248,21.059540367470042,30.462311845459514,5.022633313741326,0.0
O=C(O)CO,1,28.854182746661944,10.213054789681411,6.606881964512918,0.0,0.0,0.0,5.9693052879518484,0.0,4.794537184071822,0.0,0.0,0.0,0.0,0.0,0.0,15.007591973753234,5.9693052879518484,0.0,0.0,0.0,0.0,6.606881964512918,0.0,0.0,0.0,0.0,0.0,0.0,22.789242042146178,4.794537184071822,0.0,0.0,0.0,0.0,0.0
CCCCCCCCOc1ccccc1C(=O)Nc1ccc(C(=O)OCC[N+](C)(CC)CC)cc1,0,210.76231526981144,19.273545369301054,18.9011502037094,0.0,0.0,5.907179729351506,5.9693052879518484,4.794537184071822,4.794537184071822,0.0,0.0,51.16057945124389,56.66649843307691,5.687386274683562,37.87096974240925,23.545831133438362,17.563871291986917,0.0,0.0,0.0,59.296141336627926,45.212493733447076,59.65783953108687,5.749511833283905,10.05365155780638,5.687386274683562,5.749511833283905,0.0,56.255221004438724,4.736862953800049,0.0,80.01211868816556,48.53093654769288,0.0,0.0
CC(C)(O)c1ccccc1CCC(SCC1(CC(=O)O)CC1)c1cccc(C=Cc2ccc3ccc(Cl)cc3n2)c1,0,251.0370253168284,10.213054789681411,0.0,0.0,0.0,0.0,5.9693052879518484,4.794537184071822,4.983978520947208,11.761884949391115,0.0,78.3406306816825,91.47467863948877,21.411649164935085,23.232501146374418,15.007591973753234,52.3870952733243,0.0,4.983978520947208,5.414990469396779,56.80257135497716,5.752853606746789,111.83313916537874,0.0,0.0,0.0,0.0,23.36282483962363,26.919192205327253,16.81640961798152,5.414990469396779,72.72843288270391,78.86277189000094,5.022633313741326,23.054965145748817
COc1cc2nc(N3CCN(C(=O)c4ccco4)CC3)nc(N)c2cc1OC,0,161.20072132699008,29.424363783516586,5.817862777835028,17.25927108544225,5.948339280986494,5.907179729351506,0.0,4.794537184071822,4.983978520947208,4.983978520947208,0.0,0.0,18.19910120538483,37.63161690657671,25.999458795810387,18.685414028725265,28.576306720254085,0.0,14.867866772744893,0.0,0.0,51.03219791421803,36.28887868835994,11.49902366656781,20.107303115612762,11.766202058821523,11.49902366656781,0.0,61.173667208301765,0.0,0.0,10.554784602946263,34.945782206538844,0.0,10.902924932081056
CCC1(c2cccc(O)c2)CCCCN(C)C1,0,104.2641184179366,10.006437125691182,5.749511833283905,0.0,0.0,0.0,0.0,0.0,0.0,0.0,0.0,25.477292959539852,50.551078885988,11.959746875309353,0.0,5.106527394840706,0.0,0.0,4.899909730850477,0.0,38.02201416079144,20.13718479450234,29.828919765543436,5.749511833283905,0.0,0.0,5.749511833283905,0.0,30.143621920193524,5.414990469396779,0.0,38.17047518309165,24.26546827384644,0.0,0.0
CCCc1nc2c(C)cc(-c3nc4ccccc4n3C)cc2n1Cc1ccc(-c2ccccc2C(=O)O)cc1,0,226.75392523128778,14.240726690423415,11.648808995999854,0.0,0.0,0.0,5.9693052879518484,0.0,14.762494225966236,0.0,0.0,61.52104081584511,65.93020013171267,25.57670150321277,27.63025436216204,9.901064578912528,28.036108158416894,0.0,19.102156337477126,7.04767198267719,33.23387405114584,0.0,107.4438979315535,22.514758973090913,0.0,0.0,0.0,0.0,30.177989020269678,20.013250011515776,6.923737199690624,40.65385497977937,84.92913895846256,0.0,44.58156184355595
CCOc1ccc2ccccc2c1C(=O)NC1C(=O)N2C1SC(C)(C)C2C(=O)O,1,171.94091976354727,20.06008868349756,23.207066304548565,0.0,5.907179729351506,5.907179729351506,5.9693052879518484,9.589074368143644,4.794537184071822,0.0,11.761884949391115,30.33183534230805,37.61002709646307,4.747022453217559,12.170333456209914,24.227001900856216,40.31799812497557,0.0,10.216698334856808,0.0,42.975788523554094,6.606881964512918,41.96165390246666,5.749511833283905,10.05365155780638,0.0,5.749511833283905,11.761884949391115,56.601560761341176,9.589074368143644,0.0,31.129200274840688,36.39820241076966,0.0,10.772448428929591
O[C@@H](COc1cccc2ncccc12)CN1CCN([C@H]2c3ccccc3[C@@H]3[C@H](c4ccccc42)C3(F)F)CC1,0,226.20229097004383,9.843390348640755,18.460360185545124,0.0,0.0,5.922529168094576,0.0,14.783797982648164,8.78083009534964,0.0,0.0,54.59730361615449,46.519274240634424,44.306849815640746,23.394353639087008,18.624220443990396,10.902924932081056,0.0,14.783797982648164,0.0,29.904148477313626,39.33066399407579,107.31342142840201,5.749511833283905,4.736862953800049,8.78083009534964,5.749511833283905,0.0,71.24748492740754,0.0,0.0,40.13145888825873,85.05961546161403,0.0,10.902924932081056
OCc1c[nH]c2ccccc12,0,64.4814039388391,10.090505915787913,0.0,0.0,0.0,0.0,0.0,0.0,0.0,0.0,0.0,18.19910120538483,6.06636706846161,22.66321999539113,6.606881964512918,5.106527394840706,10.902924932081056,0.0,4.983978520947208,0.0,6.606881964512918,0.0,36.02576333715651,0.0,0.0,0.0,0.0,0.0,10.090505915787913,6.606881964512918,0.0,5.563451491696996,30.462311845459514,0.0,10.902924932081056
O=C(OC1CN2CCC1CC2)N1CCc2ccccc2C1c1ccccc1,0,160.28010179329337,4.736862953800049,6.103966387748303,0.0,0.0,0.0,6.093240070938415,9.799819461700954,4.794537184071822,0.0,0.0,54.59730361615449,54.96023820185556,13.08951281182515,6.041840829147961,9.53140013787187,6.093240070938415,0.0,9.799819461700954,5.917906046161393,31.40827208567429,26.1790256236503,71.28765809124549,0.0,0.0,4.794537184071822,0.0,0.0,48.17605154403797,11.157684576726059,5.917906046161393,35.57383855009097,54.59730361615449,0.0,0.0
COc1cc2c(cc1OC)C(Cc1ccc(Oc3cc(CC4c5cc(OC)c(OC)cc5CCN4C)ccc3O)cc1)N(C)CC2,1,271.5818402723203,28.79084216384095,5.749511833283905,34.49707099970343,0.0,0.0,0.0,9.799819461700954,0.0,0.0,0.0,18.19910120538483,121.6902759549333,25.17319447012107,28.439190165110134,28.79084216384095,0.0,0.0,9.799819461700954,0.0,37.76696814999996,55.62404694228965,100.11074670325972,40.246582832987336,23.684314769000245,0.0,40.246582832987336,0.0,70.53039379883131,25.683286491704038,0.0,45.46439060847789,66.73003775307771,0.0,0.0
CNC(=O)c1ccccc1Nc1nc(Nc2ccc(N3CCOCC3)cc2OC)ncc1Cl,0,196.6349501477318,30.32400145046957,10.772145147025231,5.817862777835028,5.948339280986494,5.907179729351506,0.0,4.794537184071822,4.983978520947208,4.983978520947208,0.0,23.733674027155736,24.26546827384644,31.890938137647513,43.458629082980565,14.268263091671919,46.33648050245623,0.0,15.284745645900745,0.0,0.0,55.99423320366884,59.24749785628266,5.749511833283905,25.58713849666952,28.828360882872207,5.749511833283905,11.600939890232516,56.33588303605163,4.736862953800049,0.0,10.357988675768818,48.661413050844345,5.022633313741326,0.0
CNC(Cc1ccc2ccccc2c1)C(=O)NC1CSSCC(C(=O)NC(CCCN=C(N)N)C(N)=O)NC(=O)C(CCCNC(N)=O)NC(=O)C(CCCNC(=N)N)NC(=O)C(Cc2ccc(O)cc2)NC(=O)C2CCCN2C(=O)C(CCCCN)NC(=O)C(CCCCN)NC(=O)C(CCCNC(N)=O)NC(=O)C(Cc2ccc(O)cc2)NC1=O,1,714.270956620936,135.41734479391803,77.95927278719536,11.91910913748767,70.88615675221807,0.0,12.062229024676144,67.93613454728904,9.589074368143644,0.0,0.0,88.31783370585119,181.0194235621116,57.071132488908475,6.041840829147961,77.33657536668693,127.22773929608498,5.409283605791522,79.33495018693912,50.86174454993315,194.49770078536974,64.36667403755878,107.68586050201517,11.49902366656781,120.30438027338614,9.589074368143644,11.49902366656781,21.587795952773444,246.84922342224806,76.7969110776399,5.409283605791522,119.42350044190718,95.98791075955985,0.0,10.772448428929591
O=NO,0,16.817313149337416,5.20725302477729,0.0,5.340189921973525,0.0,0.0,0.0,0.0,0.0,0.0,4.907065243988282,0.0,0.0,0.0,0.0,5.20725302477729,0.0,0.0,0.0,5.340189921973525,0.0,0.0,4.907065243988282,0.0,0.0,0.0,0.0,0.0,5.20725302477729,0.0,4.907065243988282,0.0,5.340189921973525,0.0,0.0
CC1Cc2ccccc2N1NC(=O)c1ccc(Cl)c(S(N)(=O)=O)c1,0,144.78772142001785,0.0,4.895483475517775,0.0,10.023291153407584,5.907179729351506,0.0,15.229241105136737,13.556770721936878,0.0,0.0,29.800041095617345,43.173478588160066,5.563451491696996,16.75186041757285,13.212334168400758,33.21879704767517,0.0,5.425791397110385,5.138973737607942,24.28188312728237,5.008912523954531,58.614105776366586,0.0,15.573677658672857,5.687386274683562,0.0,11.600939890232516,20.366817542828404,16.444112776333593,0.0,22.845177367156435,47.360052954749044,5.022633313741326,0.0
COc1cc(C2c3cc4c(cc3C(OC3OC5COC(C)OC5C(O)C3O)C3COC(=O)C23)OCO4)cc(OC)c1O,1,240.2294879248509,57.95134876872255,24.41586555099321,35.57810079180605,12.542454139383732,0.0,5.9693052879518484,4.794537184071822,0.0,0.0,0.0,0.0,47.87955994862805,11.835812092322787,39.4552314454906,62.745885952794374,5.9693052879518484,0.0,0.0,11.835812092322787,55.94152864326395,34.226301317680736,40.95582274893743,28.747559166419524,18.947451815200196,0.0,28.747559166419524,0.0,92.51110779981833,28.478851953072066,11.835812092322787,35.63596410869131,24.26546827384644,0.0,0.0
N=C(N)NCCCC1NC(=O)C(CCCCN)NC(=O)C(Cc2ccc(O)cc2)NC(=O)C(CC(=O)O)NC(=O)CNC1=O,0,253.31126196788955,53.581121368043775,29.916875149875747,5.959554568743835,29.535898646757527,0.0,5.9693052879518484,34.17650671022245,0.0,0.0,0.0,12.13273413692322,56.34505014916284,12.965578028838586,12.965578028838586,38.98027789411234,41.46475850345321,5.409283605791522,31.900731624037984,11.46733495432437,69.11311467707391,19.634269217737724,29.828919765543436,5.749511833283905,43.36806657836236,0.0,5.749511833283905,0.0,95.47944582746422,35.18804472735694,5.409283605791522,44.08838122925306,24.26546827384644,0.0,0.0
N#CCNC(=O)c1ccc(-c2ccnc(Nc3ccc(N4CCOCC4)cc3)n2)cc1,1,180.06085618920383,20.270349892663187,6.544756405912575,0.0,5.948339280986494,5.907179729351506,0.0,4.794537184071822,9.967957041894415,5.261891554738487,0.0,12.13273413692322,42.46456947923127,41.78803191619934,24.976913236666572,9.53140013787187,23.230291559705122,5.261891554738487,15.284745645900745,0.0,0.0,43.06473148162037,66.35759867946456,17.32660079933773,15.533486938863138,17.323111830353618,0.0,0.0,48.723169918009475,4.736862953800049,11.33111286753076,10.357988675768818,60.794147187767564,0.0,11.257379486545457
C=CC(=O)Nc1cccc(Nc2nc(Nc3ccc(N4CCN(C(C)=O)CC4)cc3OC)ncc2C(F)(F)F)c1,0,228.40626609577126,30.48704822752,17.130826102815927,0.0,17.762698739689505,0.0,6.176298517443475,9.589074368143644,4.983978520947208,18.155223663971668,0.0,12.645302752060108,36.407855449141934,62.4281322874663,12.797183815961095,27.497182464968155,46.33010661625878,0.0,14.867866772744893,0.0,13.100035717134098,54.1390987077973,66.87982033297372,5.749511833283905,25.58713849666952,47.686992300580236,5.749511833283905,0.0,59.97104939637573,15.76537288558712,0.0,12.487188691387619,61.31636884127672,0.0,0.0
COc1cc(NC(=O)c2ccc(-c3ccc(Cl)cc3)o2)cc(OC)c1,0,149.67648810843895,19.207665448659775,17.25927108544225,5.7602474188744415,0.0,5.907179729351506,0.0,4.794537184071822,0.0,0.0,0.0,11.600939890232516,36.39820241076966,34.472572285506715,14.219595082555067,18.685414028725265,23.195505894267583,0.0,0.0,0.0,0.0,19.536383686561397,65.38018434877026,22.822722577139245,14.790514511606428,5.687386274683562,11.49902366656781,11.600939890232516,20.12677481190657,0.0,0.0,10.554784602946263,59.01445455320784,5.022633313741326,11.323698910571437
O=C(O)C1=C(CSc2nnnn2CS(=O)(=O)O)CS[C@@H]2C(NC(=O)C(O)c3ccccc3)C(=O)N12,0,206.04261751945006,15.529843393687743,17.112752955172535,11.980754777481659,5.156436481820707,21.932486317736565,5.9693052879518484,19.041733972684487,9.476340119217006,8.417796984328938,16.860566757692155,42.093720291699164,21.563326213075996,11.505707213493578,0.0,37.567213199916175,51.42556150447064,0.0,30.423953269612767,0.0,28.55290490141907,11.505707213493578,47.165430677130146,0.0,5.316788604006331,0.0,0.0,23.52376989878223,88.9958519155723,30.37852680098237,0.0,11.6674178794453,46.75841566725386,0.0,0.0
CC(C)(Oc1ccc(C(=O)c2ccc(Cl)cc2)cc1)C(=O)O,0,132.84729730621615,9.843390348640755,5.749511833283905,11.384295757348628,0.0,0.0,5.9693052879518484,4.794537184071822,4.794537184071822,0.0,0.0,11.600939890232516,62.37841094707412,16.149536297135317,0.0,19.432464716784395,23.353490124549303,0.0,0.0,0.0,19.448525210364934,0.0,64.6804728448282,5.749511833283905,4.736862953800049,0.0,5.749511833283905,11.600939890232516,22.460128440141183,4.794537184071822,0.0,29.76891456684706,48.53093654769288,5.022633313741326,0.0
CCOc1nc2cccc(C(=O)OC(C)OC(=O)OC3CCCCC3)c2n1Cc1ccc(-c2ccccc2-c2nn[nH]n2)cc1,0,259.21223667879013,18.947451815200196,6.103966387748303,0.0,12.114431227335139,6.010464839586836,12.124670917490608,4.567099647791355,9.589074368143644,10.197363616602075,10.197363616602075,61.0181252390805,66.64349739906373,12.487188691387619,29.748491297355013,28.536526183343838,23.15807235272313,0.0,30.175211976650374,0.0,64.89033203700741,6.606881964512918,77.85694073647171,28.52522381267775,4.736862953800049,4.794537184071822,6.010464839586836,0.0,61.30075797573741,20.755345267312723,0.0,61.87302268147711,66.73003775307771,0.0,33.54816040832343
Cc1cc(OCCN2CCOCC2)nn1-c1ccc2ccccc2c1,0,147.3130830907212,9.473725907600098,6.606881964512918,0.0,5.879988336435371,0.0,0.0,4.899909730850477,4.681802935145184,0.0,5.098681808301038,30.33183534230805,29.828919765543436,31.3945642810478,18.9011502037094,9.473725907600098,10.772448428929591,0.0,14.6803944742967,0.0,6.923737199690624,39.45491511127648,54.22486454254134,11.567374611118932,4.736862953800049,0.0,5.879988336435371,0.0,54.135309585573175,4.736862953800049,6.923737199690624,5.693927994848461,48.53093654769288,0.0,16.459834703613154
COc1ccc(Cl)cc1C(=O)NCCc1ccc(S(=O)(=O)NC(=O)NC2CCCCC2)cc1,0,198.64724753010972,15.37044016181271,5.749511833283905,0.0,0.0,15.930470882759089,6.031114512338072,4.794537184071822,17.934429032852847,0.0,0.0,42.99613889593376,55.15775170278308,17.60923054880186,17.568732508492303,22.74373430627263,33.56252528532968,0.0,15.355672072464749,0.0,49.4622540422218,13.65455394719011,58.614105776366586,5.749511833283905,20.092535026264798,4.794537184071822,5.749511833283905,11.600939890232516,40.05248600235658,16.444112776333593,0.0,48.02554828209587,47.360052954749044,5.022633313741326,0.0
COC1C(=O)C(C)C[C@H](C)/C=C/C=C/C=C(\C)[C@@H](OC)C[C@@H]2CC[C@@H](C)[C@@](O)(O2)C(=O)C(=O)N2CCCCC2C(=O)O[C@H]([C@H](C)C[C@@H]2CC[C@@H](O)[C@H](OC)C2)CC(=O)C(C)=CC(C)[C@H]1O,1,386.7224915793505,43.90380668437284,18.249773604644567,11.566489892729878,5.7871111525705965,11.690424675716445,5.9693052879518484,19.178148736287287,4.794537184071822,0.0,0.0,71.0748066394564,106.95561782726408,58.46951041408137,30.51983193874151,62.97658287388146,29.22621985639817,0.0,4.899909730850477,35.507436276968356,180.0727365689032,27.874149029745176,47.60232970114182,0.0,0.0,0.0,0.0,0.0,131.87657749747262,47.65700068935935,35.507436276968356,125.5160198729465,47.60232970114182,0.0,0.0
CC(=O)[C@@]1(O)CC[C@H]2[C@@H]3CC=C4CC(=O)CC[C@]4(C)[C@H]3CC[C@@]21C,0,144.4424436217441,5.106527394840706,11.384295757348628,5.783244946364939,0.0,0.0,0.0,9.589074368143644,0.0,0.0,0.0,25.496599036284397,68.61737554512764,18.256633715248796,0.0,14.69560176298435,11.566489892729878,0.0,0.0,28.583699077277736,77.73883539346365,0.0,11.649124636903148,0.0,0.0,0.0,0.0,0.0,22.274068098554274,9.589074368143644,28.583699077277736,72.13778458247995,11.649124636903148,0.0,0.0
C[C@]12CC[C@H]3[C@@H](CC[C@@]45OC4C(=O)C(C#N)C[C@]35C)[C@@H]1CC[C@@H]2O,1,143.1058761969343,9.843390348640755,17.622923244893386,5.783244946364939,0.0,0.0,0.0,4.794537184071822,0.0,5.261891554738487,0.0,13.847474399381248,68.11445996836304,5.414990469396779,12.173187700540577,14.637927532712576,5.783244946364939,5.261891554738487,0.0,34.50160512343913,76.6022093463436,0.0,0.0,6.069221312792274,0.0,0.0,0.0,0.0,28.698755927685937,9.53140013787187,45.83271799096989,58.79322575986332,0.0,0.0,0.0
CC(C)OC(=O)C(C)N[P@](=O)(CO[C@H](C)Cn1cnc2c(N)ncnc21)Oc1ccccc1,0,191.72204905487519,24.298240194265457,29.9833438238675,11.465039998602755,0.0,0.0,13.488858922611131,9.35958546900315,20.039230625918776,0.0,0.0,18.19910120538483,39.827682935685715,0.0,25.080009256173724,23.357058538315066,30.470599638830148,0.0,24.60633027371013,0.0,52.48947880931963,12.081637846217014,42.98647549183713,5.749511833283905,15.344709701951155,5.817862777835028,5.749511833283905,7.519553634659283,50.08608447228421,25.378067782515824,0.0,27.694948798762496,42.98647549183713,0.0,11.16387793838399
C=CC(=O)Nc1cccc(C)c1Nc1ncc2cc(-c3c(Cl)c(OC)cc(OC)c3Cl)ccc2n1,1,212.26147105948561,20.10730311561276,11.49902366656781,0.0,11.855519010338,0.0,0.0,4.794537184071822,9.967957041894415,0.0,0.0,47.97991666944836,42.325761495303325,23.212886346236477,41.1563349770211,14.268263091671919,57.335096272251214,0.0,9.967957041894415,0.0,6.923737199690624,24.85317229056773,76.92508696045638,22.6259266499618,20.10730311561276,17.323111830353618,11.49902366656781,23.20187978046503,30.094731853800987,4.794537184071822,6.923737199690624,5.563451491696996,61.31636884127672,10.045266627482652,22.029827915475046
O=C(c1ccccc1)c1ccc2n1CCC2C(=O)O,0,109.84378660390799,9.67362704263206,0.0,0.0,5.783244946364939,0.0,5.9693052879518484,9.589074368143644,0.0,0.0,0.0,30.33183534230805,18.553555759849232,17.802135892458033,11.611834041009853,14.69560176298435,11.752550234316788,0.0,4.567099647791355,0.0,18.883484074999977,0.0,59.415876960625184,0.0,0.0,0.0,0.0,0.0,21.42617727694885,11.339293589984397,0.0,34.084572334553144,42.46456947923127,0.0,0.0
CNCC(O)C(O)C(O)C(O)CO,0,76.44993465879729,30.84942557820986,18.31189916324491,0.0,0.0,0.0,0.0,0.0,0.0,0.0,0.0,0.0,7.04767198267719,6.544756405912575,12.71084835226122,25.532636974203527,0.0,0.0,5.316788604006331,0.0,24.41586555099321,20.199310353102682,0.0,0.0,5.316788604006331,0.0,0.0,0.0,70.14781287829942,0.0,0.0,0.0,0.0,0.0,0.0
CCC(Nc1ncnc2[nH]cnc12)c1nc2cccc(F)c2c(=O)n1-c1ccccc1,0,175.39803843720546,10.300767124953538,28.871870345891423,11.465039998602755,0.0,5.559266895052007,0.0,9.361636831863176,24.326329131463652,0.0,0.0,31.18920547353706,30.686289896772447,0.0,23.573247896212322,4.39041504767482,27.88466564830007,0.0,29.486992252527394,0.0,19.386399651764595,5.316788604006331,83.18100611539163,5.687386274683562,10.876055499058339,10.208277825509848,0.0,0.0,29.486992252527394,0.0,5.817220841045894,25.21080414976452,65.98011388129379,0.0,27.754189145148608
NCC1(CC(=O)O)CCCCC1,0,72.94860333872568,10.84019487200289,0.0,0.0,0.0,0.0,5.9693052879518484,4.794537184071822,0.0,0.0,0.0,19.26246486877803,24.801390121161372,0.0,6.4208216229260096,9.901064578912528,5.9693052879518484,0.0,0.0,11.148657946558963,38.524929737556064,6.544756405912575,0.0,0.0,5.733667477162185,0.0,0.0,0.0,17.62058908870513,4.794537184071822,5.414990469396779,38.524929737556064,0.0,0.0,0.0
NS(=O)(=O)Cc1noc2ccccc12,0,80.54400990584925,4.523094936973348,11.44678160159525,5.583020141642242,10.023291153407584,0.0,0.0,0.0,13.556770721936878,0.0,0.0,17.289397394048667,12.13273413692322,5.386224214464796,0.0,12.940891921302285,20.99253550951462,0.0,5.156663257125445,5.138973737607942,5.752853606746789,0.0,29.9593962686949,0.0,5.138973737607942,0.0,0.0,0.0,13.574460241454382,15.776144760154374,0.0,5.693927994848461,28.788563210819788,0.0,10.969244356107037
COC(=O)C1=C(C)N=C(C)C(C(=O)OCCN2CCN(C(c3ccccc3)c3ccccc3)CC2)C1c1cccc([N+](=O)[O-])c1,0,262.66644234499256,9.473725907600098,12.52478801067431,0.0,0.0,5.687386274683562,11.938610575903697,29.70107964717402,4.794537184071822,0.0,0.0,72.79640482153933,30.537828874472233,62.18314652847402,23.64805394931243,23.98611132456141,23.33768185335796,0.0,9.799819461700954,10.910310778797061,25.807221274690605,46.44046153535332,123.00395554544424,0.0,0.0,5.687386274683562,0.0,0.0,78.81388762454634,19.06280027574374,16.032224314926967,42.49757574978159,101.19168753422335,0.0,0.0
CC12CC3CC(C)(C1)CC(N)(C3)C2,0,81.07601152261726,5.733667477162185,0.0,0.0,0.0,0.0,0.0,0.0,0.0,0.0,0.0,13.847474399381248,55.272816722511024,5.538925252383345,0.0,0.0,0.0,0.0,0.0,22.48155446211714,57.911329389320656,0.0,0.0,0.0,5.733667477162185,0.0,0.0,0.0,5.538925252383345,0.0,16.747886984954953,52.37240413693732,0.0,0.0,0.0
Cc1cnc(Nc2ccc(N3CCN(C)CC3)cc2)nc1Nc1cccc(S(=O)(=O)NC(C)(C)C)c1,1,213.55850726760085,20.433396669713616,5.817862777835028,0.0,15.97163043439408,0.0,0.0,0.0,18.123870369728234,4.983978520947208,0.0,6.06636706846161,77.20719026067096,60.54040476339439,4.895483475517775,8.417796984328938,38.85165203627979,0.0,19.589961637196982,0.0,38.12935752666361,48.76018454519063,60.29123161100295,0.0,20.255581803315227,28.828360882872207,0.0,0.0,62.051286615784655,10.023291153407584,6.923737199690624,26.334663090768867,59.62326359482373,0.0,0.0
COC(=O)C(CCSC)NC(=O)c1ccc(NC[C@@H](N)CS)cc1-c1ccccc1,0,187.29229965211724,21.104107638974895,6.041840829147961,0.0,0.0,5.907179729351506,5.9693052879518484,4.794537184071822,4.794537184071822,24.39067409740411,0.0,30.33183534230805,47.755448601963025,29.590288608187883,7.109797541277533,14.325937321943691,41.95454538939102,0.0,5.316788604006331,5.733667477162185,18.504503281221933,36.73281894820142,54.09438803938988,11.126902983393991,16.367244685174846,5.687386274683562,0.0,24.39067409740411,55.37619701979436,9.53140013787187,0.0,16.778810298694825,48.53093654769288,0.0,11.126902983393991
CCN(CCCCOC(=O)c1ccc(OC)c(OC)c1)C(C)Cc1ccc(OC)cc1,0,185.60828150099158,23.847361546050674,5.749511833283905,11.49902366656781,0.0,0.0,5.9693052879518484,0.0,4.794537184071822,0.0,0.0,19.056471336613843,75.17100171429887,6.041840829147961,33.499726080042514,23.741988999272017,5.9693052879518484,0.0,4.899909730850477,0.0,39.15178009730724,41.02578740017067,53.59147246262526,17.248535499851716,14.210588861400147,0.0,17.248535499851716,0.0,57.93684324812095,11.157684576726059,0.0,42.61055781269908,42.46456947923127,0.0,0.0
COC(=O)C1=C(C#N)N=C(C)C(C(=O)OC(C)C)C1c1cccc([N+](=O)[O-])c1,0,160.97122896986932,9.473725907600098,11.987127358953668,5.697039313055833,0.0,5.687386274683562,11.938610575903697,14.908855452837393,9.786941916707491,5.261891554738487,0.0,12.13273413692322,26.334663090768867,23.762325185855314,23.710179507912773,23.98611132456141,23.33768185335796,5.261891554738487,0.0,10.910310778797061,32.79308403298157,7.109797541277533,51.21338187743411,6.069221312792274,0.0,5.687386274683562,0.0,0.0,35.78737055651791,19.06280027574374,27.363337182457727,32.25256913693026,40.528016849607205,0.0,0.0
C[N+](C)(C)CC(O)CC(=O)[O-],0,66.64869847544368,19.49062283144786,12.648722793660877,0.0,0.0,0.0,0.0,0.0,0.0,0.0,0.0,0.0,0.0,12.390126910877857,21.143015948031568,19.49062283144786,5.9693052879518484,0.0,0.0,0.0,12.524788010674312,27.687772353944144,0.0,0.0,5.106527394840706,0.0,0.0,0.0,49.35060228217962,4.794537184071822,0.0,6.4208216229260096,0.0,0.0,0.0
CC(OC1OCCN(Cc2n[nH]c(=O)[nH]2)C1c1ccc(F)cc1)c1cc(C(F)(F)F)cc(C(F)(F)F)c1,0,204.74834340872187,9.473725907600098,11.64162533904582,6.290026729335213,0.0,0.0,18.042340433090423,9.883888251797686,14.283634040047678,31.44117209434996,0.0,12.13273413692322,48.382475525392664,6.544756405912575,36.42434857071575,40.20663124132384,0.0,0.0,20.08125186839976,0.0,44.25692458672163,13.151638370425493,86.84428136734039,0.0,5.689743398203474,30.732905333723743,0.0,0.0,39.52291696816046,28.371079348399622,5.817220841045894,47.147754881374794,47.25910666330309,0.0,0.0
O=c1[nH]cnc2[nH]ncc12,0,55.11114768353449,4.983978520947208,5.386224214464796,5.647177220767728,0.0,5.559266895052007,0.0,9.893218992372859,4.983978520947208,5.098681808301038,0.0,0.0,0.0,0.0,12.524163646377618,0.0,11.033401435232523,0.0,20.16532065849649,0.0,0.0,0.0,22.877967725501446,0.0,5.559266895052007,0.0,0.0,0.0,20.16532065849649,0.0,0.0,0.0,17.31870083044944,0.0,11.033401435232523
CCOC(=O)C1=C(C)N=C(C)C(C(=O)OC)C1c1cccc([N+](=O)[O-])c1,0,150.21370717400399,9.473725907600098,5.917906046161393,0.0,0.0,5.687386274683562,11.938610575903697,19.901260185473063,4.794537184071822,0.0,0.0,12.13273413692322,26.334663090768867,29.45936449891115,24.213095084677388,23.98611132456141,23.33768185335796,0.0,0.0,10.910310778797061,26.689117645233267,13.716679505790452,51.21338187743411,0.0,0.0,5.687386274683562,0.0,0.0,36.29028613328252,19.06280027574374,16.032224314926967,32.25256913693026,40.528016849607205,0.0,0.0
O=C(C=CC=Cc1ccc2c(c1)OCO2)N1CCCCC1,0,124.20334423569362,14.373635638450576,0.0,11.49902366656781,12.700122035451333,0.0,0.0,4.794537184071822,0.0,0.0,0.0,24.294427388963253,36.958650497398246,19.165532918659032,0.0,14.268263091671919,11.983199836185387,0.0,4.899909730850477,0.0,19.26246486877803,19.882455117924977,41.99061301758347,11.49902366656781,9.473725907600098,0.0,11.49902366656781,0.0,30.689544578126963,4.794537184071822,0.0,24.825916360475023,36.427161525886476,0.0,6.076020106833881
COc1ccc(CN2CCN(C(c3ccc(F)cc3)c3ccc(F)cc3)CC2)c(OC)c1OC,0,199.01561324244517,14.210588861400147,11.634441682091788,11.49902366656781,5.749511833283905,0.0,0.0,9.799819461700954,8.78083009534964,0.0,0.0,30.33183534230805,41.45873832570204,38.28723352125987,27.37123345298056,22.991418956749786,0.0,0.0,9.799819461700954,0.0,12.586597235060536,47.50841824748289,88.9884668417989,17.248535499851716,14.210588861400147,8.78083009534964,17.248535499851716,0.0,57.30823770918386,6.544756405912575,11.634441682091788,22.732195304238946,60.6636706846161,0.0,0.0
O=C1Cc2c([nH]c3ccc(Br)cc23)-c2ccccc2N1,1,123.68230724286767,10.300767124953538,0.0,0.0,5.907179729351506,0.0,0.0,4.794537184071822,0.0,0.0,0.0,34.12904510333418,29.828919765543436,20.939095939610468,17.802135892458033,4.794537184071822,38.42743483406547,0.0,4.983978520947208,0.0,6.4208216229260096,5.316788604006331,52.50074048676068,11.257379486545457,5.316788604006331,5.687386274683562,0.0,15.929943897949348,10.891158250298712,11.21535880699783,0.0,5.563451491696996,46.93728899506368,0.0,22.160304418626513
O=c1sn(-c2cccc3ccccc23)c(=O)n1Cc1ccccc1,0,141.55593457228497,0.0,0.0,0.0,0.0,0.0,10.562705995259785,4.794537184071822,13.318297940123774,0.0,0.0,66.73003775307771,17.0160427746234,16.91871082603147,12.232142680596137,0.0,22.304935040496268,0.0,8.523760756051951,0.0,6.544756405912575,0.0,98.51163667663978,5.687386274683562,10.562705995259785,0.0,0.0,11.532486611566675,8.523760756051951,6.544756405912575,0.0,5.563451491696996,82.38547918968298,0.0,16.459834703613154
CCC1=CC2CN(C1)Cc1c([nH]c3ccccc13)C(C(=O)OC)(c1cc3c(cc1OC)N(C)C1C(O)(C(=O)OC)C(OC(C)=O)C4(CC)C=CCN5CCC31C54)C2,0,333.29081682002635,33.937867461838586,11.164502302680685,6.103966387748303,5.601050810983688,0.0,17.907915863855546,19.388893829844598,4.794537184071822,0.0,0.0,55.84774045533699,61.40558606409522,90.93631433573132,27.37123345298056,38.43759076225636,34.49822707062016,0.0,14.783797982648164,11.332896515558172,87.61793429250997,59.45599996101056,82.58364973128002,5.749511833283905,9.636772684650527,5.687386274683562,5.749511833283905,0.0,116.14303032853242,45.968937758321744,11.332896515558172,68.83878056071536,60.19936726134057,0.0,10.902924932081056
N#CC1(c2ccc(NC(=O)c3cccnc3NCc3ccncc3)cc2)CCCC1,0,175.5524194038902,10.633577208012662,5.817862777835028,0.0,0.0,5.907179729351506,0.0,9.778515705019029,4.983978520947208,5.261891554738487,0.0,24.97437738277524,60.36674864001567,30.822673395435366,17.047663273886048,4.794537184071822,17.412428781870098,5.261891554738487,9.967957041894415,0.0,37.64303336701339,10.633577208012662,83.81182173762312,6.069221312792274,10.633577208012662,11.50524905251859,0.0,0.0,15.87513677124592,11.959746875309353,11.33111286753076,47.16817815086685,67.12146726253211,0.0,0.0
Cn1nccc1Nc1nccc(-c2cc3c(s2)C(C)(C)N(CCN2CCOCC2)C3=O)n1,0,190.57978202576007,14.953561288656857,5.817862777835028,0.0,5.948339280986494,5.907179729351506,0.0,14.376249850067481,9.967957041894415,5.098681808301038,11.336785877934735,0.0,25.98020853630447,50.36705544010347,41.084059433269005,9.53140013787187,29.010167666107762,0.0,29.54826124704159,7.04767198267719,19.38639965176459,44.70957815668247,41.03338703400927,10.57107518854976,5.316788604006331,11.766202058821523,0.0,11.336785877934735,74.84823052906921,17.323460188860583,0.0,29.082610268851365,30.59278834861098,0.0,10.57107518854976
OC(CCCN1CCCCC1)(c1ccccc1)c1ccccc1,0,139.32121262400065,10.006437125691182,5.601050810983688,0.0,0.0,0.0,0.0,0.0,0.0,0.0,0.0,67.0844923075421,56.44445869283576,0.0,0.0,5.106527394840706,0.0,0.0,4.899909730850477,0.0,37.70515892561373,19.634269217737724,71.7905736680101,0.0,0.0,0.0,0.0,0.0,29.64070634342891,5.601050810983688,0.0,43.23101109802404,60.6636706846161,0.0,0.0
CC(O)C1C(=O)N2C(C(=O)[O-])=C(SC3Cn4cnc[n+]4C3)C(C)C12,0,142.2998624384318,19.90750170460371,6.544756405912575,0.0,12.234499804116048,0.0,6.3273200747645415,4.794537184071822,0.0,9.363605870290368,11.761884949391115,6.923737199690624,11.907715720637832,10.82304256005144,41.524752299960085,24.483932092970242,23.63836996669447,0.0,14.565691186942868,11.835812092322787,44.332732458084834,0.0,23.25681597647496,0.0,9.78833032998589,0.0,0.0,11.761884949391115,48.94444884596537,22.678587179968794,11.835812092322787,13.847474399381248,23.25681597647496,0.0,0.0
CCC(CC)C(NC(C)=O)C1C(N=C(N)N)CC(C(=O)O)C1O,0,135.879087243826,26.997178348012113,0.0,5.959554568743835,5.907179729351506,0.0,5.9693052879518484,9.589074368143644,4.992404732635668,0.0,0.0,26.689117645233267,12.338727669087403,18.883484074999977,18.063713263057657,19.802129157825057,17.83603958604719,0.0,5.316788604006331,34.213457825444216,58.22132451389412,0.0,0.0,0.0,16.784123558330702,0.0,0.0,0.0,46.23674242177282,9.589074368143644,17.75371813848418,40.0336764678499,4.992404732635668,0.0,0.0
C/C(=C\CO)CCC[C@H](C)CCC[C@H](C)CCCC(C)C,0,133.77778192137686,5.106527394840706,0.0,0.0,0.0,0.0,0.0,0.0,0.0,0.0,0.0,84.28982479614771,37.51909858402682,0.0,6.606881964512918,5.106527394840706,0.0,0.0,0.0,17.75371813848418,92.40608060478722,6.606881964512918,11.649124636903148,0.0,0.0,0.0,0.0,0.0,11.713409359353623,0.0,17.75371813848418,92.40608060478722,11.649124636903148,0.0,0.0
CCCCc1oc2ccccc2c1C(=O)c1cc(I)c(OCCN(CC)CC)c(I)c1,0,211.53743162157704,14.053923621703873,23.699661358313506,5.783244946364939,0.0,0.0,0.0,4.794537184071822,0.0,0.0,0.0,45.39113442738271,82.8911768942721,23.915253735000377,12.703816033827788,13.948551074925218,61.934230556608085,0.0,4.899909730850477,0.0,40.0336764678499,26.241151182250643,60.425717355168885,5.749511833283905,4.736862953800049,0.0,5.749511833283905,45.181741254136114,36.92430585946606,6.4208216229260096,7.140364542130793,55.29454243126415,40.815353347823006,0.0,10.969244356107037
Nc1nc(N)c(N=O)c(OCC2CCCCC2)n1,0,104.90752133639981,16.20419790812442,0.0,5.817862777835028,11.635725555670057,5.879988336435371,0.0,0.0,0.0,9.967957041894415,4.907065243988282,19.26246486877803,23.936431219872066,0.0,6.606881964512918,4.736862953800049,17.453588333505085,0.0,9.967957041894415,11.094787974020047,32.10410811463005,18.074216918837287,4.907065243988282,5.879988336435371,16.20419790812442,17.453588333505085,5.879988336435371,0.0,16.574839006407334,0.0,10.824971290149676,32.10410811463005,5.176881927858655,0.0,0.0
CCN(CC)Cc1cc(Nc2ccnc3cc(Cl)ccc23)ccc1O,0,152.62171624311483,10.423315998847038,5.749511833283905,0.0,0.0,0.0,0.0,9.883888251797686,0.0,0.0,0.0,25.448414289613766,55.55408229105642,40.08868154679589,5.516700717616262,5.106527394840706,33.878637371680696,0.0,9.883888251797686,0.0,20.392230805293824,18.406301415831482,59.24749785628266,5.749511833283905,5.316788604006331,11.374772549367124,5.749511833283905,11.600939890232516,28.07992845846354,6.544756405912575,0.0,19.410925891078243,48.661413050844345,5.022633313741326,10.902924932081056
O=c1c(-n2ccnn2)c[nH]n1-c1cc(N2CCOCC2)ncn1,0,129.87629426060224,9.636772684650527,12.14518285259957,11.50524905251859,0.0,5.559266895052007,0.0,9.893218992372859,14.649759977039599,4.681802935145184,5.098681808301038,5.213385095654868,0.0,19.15587988028676,31.804294643865067,4.736862953800049,5.817862777835028,0.0,34.742311624441726,0.0,0.0,31.203186471701464,41.33802193718921,11.50524905251859,10.459176625902483,5.817862777835028,0.0,0.0,61.0455883652927,4.736862953800049,0.0,0.0,35.7787550421372,0.0,11.50524905251859
CC(=O)c1cc2c(o1)C(=O)c1ccccc1C2=O,1,102.22133019382635,4.417150937053347,0.0,23.08698473047876,5.783244946364939,0.0,0.0,14.383611552215466,0.0,0.0,0.0,24.26546827384644,6.06636706846161,18.050640183084614,5.563451491696996,18.800762489268813,17.34973483909482,0.0,0.0,0.0,6.923737199690624,0.0,58.542684655147916,0.0,0.0,0.0,0.0,0.0,17.34973483909482,0.0,0.0,49.51819806474596,34.7489862793614,0.0,0.0
Cc1cccc(-c2[nH]c(C(C)(C)C)nc2-c2ccc3c(c2)OCO3)n1,0,146.60495990639652,14.457704428547306,5.824404497999927,11.49902366656781,6.792942306099827,0.0,0.0,4.983978520947208,4.983978520947208,0.0,0.0,26.83757866753348,37.255572541998674,16.672369955942234,17.081783984545382,9.473725907600098,0.0,0.0,14.951935562841623,0.0,33.10993926815927,6.792942306099827,47.91653490361804,34.144259142810185,9.473725907600098,0.0,11.49902366656781,0.0,21.74487786894145,5.414990469396779,6.923737199690624,32.28954409192026,36.39820241076966,0.0,22.645235476242377
CC1(C)SC2C(NC(=O)C(NC(=O)N3CCNC3=O)c3ccccc3)C(=O)N2C1C(=O)O,0,187.41730742947271,25.95680293771018,23.499395300412623,0.0,11.814359458703011,0.0,18.031534312627993,9.589074368143644,19.28352128306594,0.0,11.761884949391115,30.33183534230805,19.410925891078243,17.83653526504271,0.0,29.079213315199816,41.607778720722116,0.0,25.750185273719946,0.0,42.09389215301143,13.08951281182515,35.89528683400505,0.0,15.950365812018994,9.589074368143644,0.0,11.761884949391115,80.04633036418004,14.383611552215466,0.0,25.452766720226204,30.33183534230805,0.0,0.0
CC(C)(C)C(=O)C(Oc1ccc(Cl)cc1)n1ccnc1,0,122.89526345692907,4.736862953800049,5.749511833283905,5.783244946364939,6.22790117073487,0.0,0.0,9.361636831863176,4.983978520947208,0.0,0.0,32.372151489304386,24.26546827384644,22.831310926364257,6.3273200747645415,9.53140013787187,17.384184836597456,0.0,9.551078168738563,5.414990469396779,26.999112769806743,0.0,48.009108805578464,5.749511833283905,4.736862953800049,0.0,5.749511833283905,11.600939890232516,15.334323115103501,4.794537184071822,5.414990469396779,26.999112769806743,42.98647549183714,5.022633313741326,0.0
O=C(OC1CC2CCC(C1)[N+]21CCCC1)C(O)(c1ccccc1)c1ccccc1,0,172.25435759067454,14.326421206335379,6.103966387748303,0.0,5.601050810983688,0.0,5.9693052879518484,0.0,4.794537184071822,0.0,0.0,60.6636706846161,11.126902983393991,38.524929737556064,25.17319447012107,19.1209583904072,5.9693052879518484,0.0,0.0,0.0,62.31362859458397,13.08951281182515,71.7905736680101,0.0,0.0,0.0,0.0,0.0,46.83602439835655,15.132450948855558,0.0,49.651832720950054,60.6636706846161,0.0,0.0
CC(=O)OC1(C(C)=O)CCC2C3=CC(Cl)=C4CC(=O)C5CC5C4(C)C3CCC21C,0,176.62593558345674,4.736862953800049,5.783244946364939,11.384295757348628,0.0,0.0,5.9693052879518484,14.383611552215466,0.0,0.0,0.0,31.02151881968303,68.430688089708,35.12473215968518,0.0,19.120474506015512,29.13673507091424,0.0,0.0,34.50160512343913,71.82092934730224,0.0,22.25451551908601,0.0,0.0,0.0,0.0,11.600939890232516,23.136845991665414,19.120474506015512,34.50160512343913,66.21987853631856,22.25451551908601,0.0,0.0
CCN(CC)CCCCNc1ncc2cc(-c3cc(OC)cc(OC)c3)c(NC(=O)NC(C)(C)C)nc2n1,0,225.10127029616984,25.007212846463236,17.31688644440284,5.647177220767728,5.948339280986494,0.0,6.031114512338072,5.316788604006331,14.762494225966236,4.983978520947208,0.0,13.847474399381248,77.00967675974343,35.296568004532396,14.219595082555067,14.268263091671919,28.830718006392114,0.0,25.16863389769843,0.0,52.99925449668848,51.03219791421803,30.462311845459514,22.6259266499618,25.42409171961909,16.560739242893344,11.49902366656781,0.0,71.82050576461887,0.0,0.0,47.46032924430513,30.462311845459514,0.0,22.160304418626513
CN(C)CC/C=C1/c2ccccc2COc2ccccc21,0,126.22103684033402,9.636772684650527,12.356393797796823,0.0,0.0,0.0,0.0,0.0,0.0,0.0,0.0,48.54058958606515,43.28254017020525,12.10820789760957,0.0,4.736862953800049,5.5731045300692665,0.0,4.899909730850477,0.0,13.027703587438928,20.640100371266954,71.29731112961775,5.749511833283905,4.736862953800049,0.0,5.749511833283905,0.0,25.54001010211743,6.606881964512918,0.0,23.111176098016994,54.60695665452676,0.0,5.5731045300692665
CCN(CCO)CCCOc1ccc2c(Nc3cc(CC(=O)Nc4cccc(F)c4)[nH]n3)ncnc2c1,0,213.44268754728054,25.37687728750389,23.711915526929367,5.817862777835028,5.907179729351506,0.0,0.0,9.893218992372859,14.358372089569235,5.098681808301038,0.0,12.990104268152233,43.29741337114663,41.98978543274519,25.151286269568104,19.028342580387395,34.13321649178618,0.0,25.06523038934697,0.0,19.765380445542643,43.48161035477623,66.36940545835178,5.749511833283905,15.37044016181271,21.71352687802844,5.749511833283905,0.0,68.92697066030273,11.21535880699783,5.817220841045894,19.038486817465095,54.858256622457425,0.0,10.902924932081056
NCCS(=O)(=O)O,1,42.07271984927949,5.733667477162185,0.0,0.0,0.0,10.118126859033554,0.0,4.552749873690364,0.0,8.417796984328938,0.0,0.0,0.0,6.544756405912575,5.752853606746789,12.9705468580193,10.118126859033554,0.0,0.0,5.733667477162185,0.0,12.297610012659364,0.0,0.0,5.733667477162185,0.0,0.0,0.0,25.268156870678666,10.118126859033554,0.0,0.0,0.0,0.0,0.0
CCNC1CC(C)S(=O)(=O)c2sc(S(N)(=O)=O)cc21,0,116.53151507758128,5.316788604006331,8.41835835504416,9.837253136417502,10.023291153407584,0.0,0.0,0.0,21.974567706265816,0.0,11.336785877934735,6.923737199690624,25.95568229699082,11.605292320844956,5.249938029982174,16.835593968657875,31.197330167759823,0.0,5.316788604006331,5.138973737607942,39.97843323648156,6.544756405912575,11.629818560158606,0.0,10.455762341614273,0.0,0.0,11.336785877934735,28.630288404552626,19.860544289825086,0.0,31.873588343152214,14.484725423505772,0.0,0.0
CC(C)(Cc1ccc2ccccc2c1)NCC(O)COc1cccc(Cl)c1C#N,1,176.24318584613042,15.160178952647087,30.09303299003439,0.0,0.0,0.0,0.0,0.0,0.0,5.261891554738487,0.0,60.1318764379254,48.73693007985706,12.08368165829592,5.022633313741326,9.843390348640755,22.373388319162107,5.261891554738487,5.316788604006331,0.0,31.911187662438905,13.151638370425493,76.81320698175142,11.818733146076179,10.05365155780638,0.0,5.749511833283905,11.600939890232516,29.901057405397847,6.4208216229260096,11.33111286753076,24.974377382775238,60.6636706846161,5.022633313741326,10.772448428929591
CC(=O)Oc1cccc2c1C(=O)c1c(OC(C)=O)cc(C(=O)O)cc1C2=O,0,151.86619568423666,14.580253302440804,11.49902366656781,5.783244946364939,5.783244946364939,0.0,17.907915863855546,19.178148736287287,4.794537184071822,0.0,0.0,12.13273413692322,18.19910120538483,24.974377382775238,16.690354475090988,38.55293922279991,29.474405756585423,0.0,0.0,0.0,13.847474399381248,0.0,58.14909280079303,11.49902366656781,9.473725907600098,0.0,11.49902366656781,0.0,34.58093315142613,9.589074368143644,0.0,56.048343410081685,30.33183534230805,0.0,0.0
CCOC1OC(=O)CC1NC(=O)C1CCCN1C(=O)C(NC(=O)c1ccc(N)c(Cl)c1)C(C)(C)C,0,209.36459269208018,30.740880323625422,18.12552248744388,0.0,18.104386188038223,5.907179729351506,5.9693052879518484,19.178148736287287,0.0,0.0,0.0,32.372151489304386,43.37947212032425,18.71508986212249,17.130841211350898,28.651874643887382,40.97917064092244,0.0,15.533486938863138,5.414990469396779,71.3729628843196,18.885305847587677,28.785186010823153,0.0,16.367244685174846,5.687386274683562,0.0,11.600939890232516,66.15794179406143,23.85733745981556,5.414990469396779,57.31540234330933,18.19910120538483,5.022633313741326,0.0
C1N2CN3CN1CN(C2)C3,0,60.585802820038374,0.0,0.0,0.0,0.0,0.0,0.0,19.59963892340191,0.0,0.0,0.0,0.0,0.0,0.0,40.01214713339486,0.0,0.0,0.0,19.59963892340191,0.0,0.0,40.01214713339486,0.0,0.0,0.0,0.0,0.0,0.0,59.61178605679676,0.0,0.0,0.0,0.0,0.0,0.0
C1=C\COCc2cc(ccc2OCCN2CCCC2)Nc2nccc(n2)-c2cccc(c2)COC/1,1,206.3132590693667,19.527377465406477,12.356393797796823,0.0,5.948339280986494,0.0,0.0,4.899909730850477,9.967957041894415,0.0,0.0,30.351141419052592,61.82644289168221,29.555889235603203,32.121455852900134,14.210588861400147,11.635725555670057,0.0,14.867866772744893,0.0,26.055407174877857,44.77170371528281,78.00672331636771,17.00689131982936,10.05365155780638,11.635725555670057,5.749511833283905,0.0,54.32278188402136,22.687489836625936,0.0,23.96854622924601,66.87982033297372,0.0,11.257379486545457
Cc1cc(F)c(C(=O)Nc2cccc(-c3nncn3C(C)C)n2)cc1-n1cnc(C2CC2)c1,0,190.07862049332073,14.450987899589041,23.65633168849393,5.824404497999927,0.0,5.907179729351506,0.0,4.794537184071822,14.358372089569235,0.0,10.197363616602075,6.06636706846161,63.44177461046732,18.15659044692243,23.27208583599356,9.184952231746642,11.725042507186533,0.0,29.2995199540792,0.0,45.57260172023325,5.316788604006331,71.82137088273855,17.20571876753195,5.316788604006331,10.208277825509848,0.0,0.0,35.206699683430706,0.0,12.740958040736519,60.2642326828569,49.18331906345021,0.0,17.20571876753195
NC(CSCCCO)C(=O)O,0,69.77695192662634,15.946722266843596,6.041840829147961,0.0,0.0,0.0,5.9693052879518484,4.794537184071822,0.0,11.761884949391115,0.0,0.0,12.1736752296728,12.359735571259707,0.0,15.007591973753234,17.731190237342965,0.0,0.0,5.733667477162185,12.462662452073971,18.112589178006495,0.0,0.0,5.733667477162185,0.0,0.0,11.761884949391115,40.336790084787715,4.794537184071822,0.0,6.4208216229260096,0.0,0.0,0.0
CC(C)(C)CC(C)(C)c1ccc(OCCOCC[N+](C)(C)Cc2ccccc2)cc1,1,184.15952465732255,13.956756765294722,25.445906609621975,0.0,0.0,0.0,0.0,0.0,0.0,0.0,0.0,77.0832554776844,34.94698819033978,5.563451491696996,27.309107894380215,13.956756765294722,0.0,0.0,0.0,5.414990469396779,52.99925449668847,40.46074626480571,65.72420659954848,5.749511833283905,4.736862953800049,0.0,5.749511833283905,0.0,44.94377712250033,16.696609829109402,5.414990469396779,52.16641060477312,54.59730361615449,0.0,0.0
Cc1ccc(S(=O)(=O)NC(=O)NN2CC3CCCC3C2)cc1,0,130.45621189212125,0.0,0.0,0.0,0.0,10.023291153407584,6.031114512338072,5.425791397110385,22.94334155680738,0.0,0.0,24.117007251546227,43.73392667478865,13.08951281182515,4.895483475517775,13.212334168400758,16.054405665745655,0.0,15.156798785517005,11.835812092322787,31.081685543986428,13.08951281182515,29.828919765543436,0.0,10.147886261562473,4.794537184071822,0.0,0.0,32.54733683244669,10.023291153407584,18.75954929201341,24.825916360475023,29.160951749364216,0.0,0.0
C=C(C)c1cc(O)c(C)cc1O,0,71.79003604929117,10.213054789681411,11.49902366656781,0.0,0.0,0.0,0.0,0.0,0.0,0.0,0.0,6.578935683598497,37.11676455807073,5.563451491696996,0.0,10.213054789681411,5.5731045300692665,0.0,0.0,0.0,13.847474399381248,0.0,29.838572803915707,11.49902366656781,0.0,0.0,11.49902366656781,0.0,10.213054789681411,0.0,6.923737199690624,18.050640183084614,18.711669820521717,0.0,5.5731045300692665
OCC1OC(Oc2cc(O)cc(C=Cc3ccc(O)cc3)c2)C(O)C(O)C1O,0,160.7050930272102,40.11289027664433,41.66440105084492,0.0,6.290026729335213,0.0,0.0,0.0,0.0,0.0,0.0,24.284774350590983,35.392371257240434,6.06636706846161,6.606881964512918,40.11289027664433,12.152040213667762,0.0,0.0,0.0,30.70589228032842,6.606881964512918,53.59147246262526,17.248535499851716,4.736862953800049,0.0,17.248535499851716,0.0,67.95193861388557,4.736862953800049,0.0,11.126902983393991,42.46456947923127,0.0,12.152040213667762
O=P(O)(NCCCl)NCCCl,0,75.82325685393148,4.893411602752475,0.0,0.0,0.0,0.0,7.670279738874966,4.565048284931329,10.174590126154305,0.0,23.20187978046503,0.0,0.0,24.84951970176583,0.0,9.458459887683805,30.872159519339995,0.0,10.174590126154305,0.0,0.0,24.84951970176583,0.0,0.0,10.174590126154305,0.0,0.0,30.872159519339995,29.742931304518304,4.565048284931329,0.0,0.0,0.0,0.0,0.0
Cc1cc(=O)[nH]c(=S)[nH]1,1,56.75594354303522,4.983978520947208,0.0,4.771065770590158,0.0,5.559266895052007,0.0,9.778515705019029,0.0,0.0,0.0,0.0,19.14161064273732,11.760295063310071,0.0,0.0,12.217873443046695,0.0,9.967957041894415,0.0,6.923737199690624,0.0,26.88516491302406,0.0,5.559266895052007,0.0,0.0,12.217873443046695,9.967957041894415,0.0,11.694802970280783,5.693927994848461,10.860904252533432,0.0,0.0
Cc1cn(C2CC(O)C(CO)O2)c(=O)[nH]c1=O,0,96.28954903482216,14.94991774348146,12.331867558483172,0.0,0.0,5.559266895052007,5.689743398203474,14.345615352810384,4.794537184071822,0.0,0.0,0.0,6.923737199690624,18.18111668623608,12.71084835226122,14.94991774348146,0.0,0.0,9.551078168738563,0.0,31.78039276884811,6.606881964512918,32.59837972470919,0.0,11.24901029325548,0.0,0.0,0.0,38.5789476984295,4.736862953800049,6.923737199690624,18.212174285357875,15.785917939756718,0.0,0.0
O=C1CC(c2ccccc2)Oc2cc(O)cc(O)c21,0,109.44102734916426,14.94991774348146,28.91595337929701,5.783244946364939,0.0,0.0,0.0,4.794537184071822,0.0,0.0,0.0,30.33183534230805,5.563451491696996,12.13273413692322,6.4208216229260096,19.74445492755328,5.783244946364939,0.0,0.0,0.0,12.524788010674312,0.0,53.59147246262526,17.248535499851716,4.736862953800049,0.0,17.248535499851716,0.0,15.996299736046351,0.0,0.0,28.446228178140124,42.46456947923127,0.0,0.0
Nc1nc(=O)c2nc(CNc3ccc(C(=O)NC(CCC(=O)O)C(=O)O)cc3)cnc2[nH]1,0,179.27751955065438,31.56427799580346,6.041840829147961,11.16387793838399,5.948339280986494,5.907179729351506,17.497877470955704,14.383611552215466,14.762494225966236,4.983978520947208,0.0,0.0,30.68628989677245,17.67165938930657,18.43552797237411,24.596666341896878,40.64539379930925,0.0,25.25270268779516,0.0,25.428240480912553,11.050456081168516,52.0734954111288,0.0,21.92651158022685,11.635725555670057,0.0,0.0,54.0366000078734,16.133830774056218,0.0,28.893559916469297,35.25684902953134,0.0,11.16387793838399
O=P1(NCCCl)OCCCN1CCCl,0,94.44153500749827,4.5237471617118175,0.0,0.0,0.0,0.0,7.670279738874966,4.565048284931329,9.757711252998451,0.0,23.20187978046503,0.0,6.4208216229260096,31.394276107678404,6.606881964512918,9.088795446643147,30.872159519339995,0.0,9.757711252998451,0.0,6.4208216229260096,38.00115807219132,0.0,0.0,5.0872950630771525,0.0,0.0,30.872159519339995,42.67157426211262,9.088795446643147,0.0,6.4208216229260096,0.0,0.0,0.0
CCCc1nc(C)c2c(=O)[nH]c(-c3cc(S(=O)(=O)N4CCN(CC)CC4)ccc3OCC)nn12,0,199.16304001362016,14.620751205597735,11.573916331283833,11.341105215616189,10.023291153407584,5.559266895052007,0.0,4.794537184071822,17.91717339889177,4.305215991296233,5.098681808301038,13.847474399381248,45.01215363360467,32.59984724657631,22.75974492657615,13.154659938128987,15.539991871023846,0.0,28.787162465957785,0.0,45.43207552013229,39.33066399407579,40.07123777735704,17.137367822980828,10.296129848852056,0.0,5.749511833283905,0.0,76.53562344436251,16.444112776333593,6.923737199690624,38.710365714846276,27.889121864974427,0.0,16.904556707313183
CO[C@@]1(NC(=O)Cc2cccs2)C(=O)N2C(C(=O)O)=C(COC(N)=O)CS[C@@H]21,1,167.18991561099926,25.63070938360932,17.67779409053749,0.0,5.907179729351506,11.63216532332176,12.062545358890263,14.48898409899412,9.589074368143644,0.0,23.09867082732585,6.06636706846161,11.446429838927525,23.31290287179489,6.4208216229260096,33.758402038728086,46.975575644919125,0.0,10.216698334856808,5.733667477162185,17.519680029865,19.469533112537242,33.66008794421553,0.0,11.050456081168516,4.794537184071822,0.0,23.09867082732585,64.45173346276069,30.27815908274157,0.0,4.877147193701299,28.782940750514232,0.0,0.0
Clc1ccc(C(c2ccccc2Cl)C(Cl)Cl)cc1,0,126.43144646188088,0.0,4.836269690250055,0.0,0.0,0.0,0.0,0.0,0.0,0.0,23.20187978046503,53.53371512277308,29.32600418877882,15.963172673644046,0.0,0.0,46.40375956093006,0.0,0.0,0.0,10.754175736411447,0.0,69.70310615856953,0.0,0.0,0.0,0.0,46.40375956093006,4.836269690250055,0.0,0.0,17.044809029555385,48.53093654769288,10.045266627482652,0.0
COc1cc(C2c3cc4c(cc3C(OC3OC5COC(c6cccs6)OC5C(O)C3O)C3COC(=O)C23)OCO4)cc(OC)c1O,1,266.56200328692984,57.95134876872255,24.41586555099321,35.57810079180605,12.542454139383732,0.0,5.9693052879518484,4.794537184071822,0.0,0.0,11.336785877934735,6.06636706846161,52.40225258786495,11.835812092322787,44.3323786391919,62.745885952794374,17.306091165886585,0.0,0.0,11.835812092322787,49.01779144357333,34.226301317680736,63.34576685002786,28.747559166419524,18.947451815200196,0.0,28.747559166419524,11.336785877934735,86.22108107048312,28.478851953072066,11.835812092322787,39.87940083203719,41.778265181235575,0.0,0.0
Cn1cnc2c(F)c(Nc3ccc(Br)cc3F)c(C(=O)NOCCO)cc21,0,160.5903925633733,14.990415646638391,11.333921558662155,5.817220841045894,0.0,5.907179729351506,0.0,9.632125767808455,19.244905214418047,0.0,0.0,15.929943897949348,24.26546827384644,11.520391498509603,41.99600876247076,23.5194832579988,44.2452976119005,0.0,15.031174766859765,7.04767198267719,0.0,18.530552533032168,52.263401038232175,0.0,10.796885202127534,20.155602644716765,0.0,15.929943897949348,33.77854922195661,11.885260566413823,11.634441682091788,10.357988675768818,35.0655078644434,0.0,11.033401435232523
Nc1ccn([C@@H]2O[C@H](CO)[C@@H](O)C2(F)F)c(=O)n1,0,99.43404632324696,20.683585220643646,11.92182916558333,6.103966387748303,6.22790117073487,0.0,11.61227256629805,4.567099647791355,4.794537184071822,13.764808616296847,0.0,0.0,6.06636706846161,6.196843571613076,6.606881964512918,23.7307478388311,5.817862777835028,0.0,9.551078168738563,0.0,24.358363114326053,12.340549441675103,22.74749122234998,0.0,11.423410875365658,14.598692873184667,0.0,0.0,44.50147686652407,4.736862953800049,0.0,6.22790117073487,17.057747824146507,0.0,0.0
CCOC(=O)c1c(CSc2ccccc2)n(C)c2cc(Br)c(O)c(CN(C)C)c12,1,183.32862306303537,19.310399727282586,5.749511833283905,0.0,0.0,0.0,5.9693052879518484,0.0,4.794537184071822,0.0,11.761884949391115,18.19910120538483,55.14812626837917,40.884369171864584,22.15975368965859,14.637927532712576,44.56405906737337,0.0,9.467009378641832,7.04767198267719,24.116830687867765,20.702225929867296,57.69175290484453,5.749511833283905,0.0,0.0,5.749511833283905,27.691828847340464,41.24506799130168,24.082144949136605,0.0,28.539105362004896,45.76640540211985,0.0,10.902924932081056
COc1ccc2[nH]c([S+]([O-])Cc3ncc(C)c(OC)c3C)nc2c1,0,142.96481028678306,14.026475781290461,11.49902366656781,5.752853606746789,0.0,0.0,5.156436481820707,9.967957041894415,0.0,4.983978520947208,0.0,0.0,25.98020853630447,34.565968096853965,30.946924512636052,14.026475781290461,22.209255908617813,0.0,14.951935562841623,0.0,24.756764487948743,14.219595082555067,41.216775755240356,11.49902366656781,9.473725907600098,0.0,11.49902366656781,0.0,33.72428051908705,16.928708080132076,13.847474399381248,16.82083097824245,29.552381258818613,0.0,11.033401435232523
CN(C)CC(c1ccc(O)cc1)C1(O)CCCCC1,0,115.42329428452923,15.112964520531888,5.749511833283905,0.0,0.0,0.0,0.0,0.0,0.0,0.0,0.0,31.39519900570125,44.633172839826614,12.462662452073968,5.601050810983688,10.213054789681411,0.0,0.0,4.899909730850477,0.0,43.623064971775136,20.640100371266954,29.828919765543436,5.749511833283905,0.0,0.0,5.749511833283905,0.0,41.35411570278253,0.0,0.0,43.58546565248844,24.26546827384644,0.0,0.0
CNCc1cc(-c2ccccc2F)n(S(=O)(=O)c2cccnc2)c1,0,139.3904291279237,5.316788604006331,10.71270431656367,0.0,0.0,10.023291153407584,0.0,4.983978520947208,16.780617940240866,0.0,0.0,12.13273413692322,42.942958816682236,30.6987386124488,5.693927994848461,12.808212032003757,10.023291153407584,0.0,14.27317303319065,0.0,11.440239881430351,7.04767198267719,72.43577252681338,11.257379486545457,5.316788604006331,4.39041504767482,0.0,0.0,24.421853396190446,16.56804755932016,5.817220841045894,5.563451491696996,65.95058366958827,0.0,11.257379486545457
CCC(C)Nc1cc(C(=O)NC2CC3CCC(C2)N3c2ccc(C(=O)C3CC3)cn2)c(C)cc1C(N)=O,1,217.94362493962228,21.267154416025324,5.817862777835028,5.783244946364939,0.0,11.814359458703011,0.0,14.383611552215466,4.983978520947208,0.0,0.0,6.923737199690624,88.62214552540676,53.09640219244386,5.563451491696996,14.383611552215466,29.10285345758654,0.0,10.300767124953538,11.651573523323577,89.88432627614579,10.216698334856808,52.7161178122475,0.0,21.267154416025324,11.50524905251859,0.0,0.0,46.748946242607,0.0,12.841643245852017,95.43064327886678,30.462311845459517,0.0,0.0
Cc1c(-c2cnccn2)ssc1=S,0,88.32262566466271,0.0,3.82380846629153,0.0,0.0,0.0,0.0,9.967957041894415,0.0,0.0,0.0,32.89873251777682,12.487188691387619,12.393687143226153,16.767918760162836,0.0,32.89873251777682,0.0,9.967957041894415,0.0,6.923737199690624,0.0,27.977790672827755,10.57107518854976,0.0,0.0,0.0,32.89873251777682,9.967957041894415,0.0,10.747545665982154,5.563451491696996,18.59053071483923,0.0,10.57107518854976
CCOC(=O)C1OC1C(=O)NC(CC(C)C)C(=O)NCCC(C)C,0,143.3838748310072,20.10730311561276,6.041840829147961,12.207932775496605,5.907179729351506,5.907179729351506,5.9693052879518484,9.589074368143644,4.794537184071822,0.0,0.0,27.694948798762496,31.60119253786543,6.544756405912575,6.606881964512918,23.85733745981556,17.78366474665486,0.0,10.633577208012662,11.835812092322787,65.7101028489497,13.151638370425493,0.0,0.0,10.633577208012662,0.0,0.0,0.0,49.18507672172491,23.85733745981556,11.835812092322787,47.46032924430513,0.0,0.0,0.0
CCCCC[C@H](O)/C=C/[C@@H]1[C@@H](C/C=C\CCCC(=O)O)[C@@H](O)C[C@H]1O,0,150.6265710922952,20.426109579362823,0.0,0.0,0.0,0.0,5.9693052879518484,4.794537184071822,0.0,0.0,0.0,50.49028249580417,31.60119253786543,18.75954929201341,18.31189916324491,25.220646763434644,5.9693052879518484,0.0,0.0,11.835812092322787,83.02303096926963,0.0,24.304080427335524,0.0,0.0,0.0,0.0,0.0,44.70731403055957,4.794537184071822,11.835812092322787,64.71113180602472,24.304080427335524,0.0,0.0
CN(C)CCN(Cc1ccccc1)c1ccccn1,0,115.05252321889729,9.799819461700954,5.817862777835028,0.0,0.0,0.0,0.0,0.0,4.983978520947208,0.0,0.0,36.39820241076966,31.791529593974595,25.8311127893508,0.0,0.0,5.817862777835028,0.0,9.883888251797686,0.0,6.544756405912575,32.08476650803001,60.29123161100296,0.0,4.899909730850477,5.817862777835028,0.0,0.0,37.06874502897722,6.544756405912575,0.0,5.563451491696996,54.72778011930596,0.0,0.0
CCc1cc2c(cc1N1CCC(N3CCOCC3)CC1)C(C)(C)c1[nH]c3cc(C#N)ccc3c1C2=O,0,212.38821699949463,14.620751205597735,0.0,5.783244946364939,0.0,0.0,0.0,9.694446914922299,0.0,5.261891554738487,0.0,26.83757866753348,54.65483612601845,65.4835476155051,30.4098882252121,9.53140013787187,22.37355615312956,5.261891554738487,9.883888251797686,0.0,51.49050776639464,44.29269928352661,63.843020795641486,6.069221312792274,4.899909730850477,5.687386274683562,0.0,0.0,61.10176357998672,16.57267504612284,11.33111286753076,71.91857748232916,30.33183534230805,0.0,10.902924932081056
COC1C(=O)C(C)C[C@H](C)/C=C/C=C/C=C(\C)[C@@H](OC)C[C@@H]2CC[C@@H](C)[C@@](O)(O2)C(=O)C(=O)N2CCCCC2C(=O)O[C@H]([C@H](C)C[C@@H]2CC[C@@H](OC(=O)C(C)(CO)CO)[C@H](OC)C2)CC(=O)C(C)=CC(C)[C@H]1O,0,432.6165032330802,53.74719703301359,29.768730461789644,11.566489892729878,5.7871111525705965,11.690424675716445,11.938610575903697,23.97268592035911,4.794537184071822,0.0,0.0,71.0748066394564,113.8793550269547,58.46951041408137,37.62962948001905,77.61451040659405,35.19552514435002,0.0,4.899909730850477,40.92242674636513,186.99647376859383,41.087912958771014,47.60232970114182,0.0,0.0,0.0,0.0,0.0,156.16617410929103,57.18840082723122,40.92242674636513,132.43975707263712,47.60232970114182,0.0,0.0
CNC(=O)CN(CCN(CCN(CC(=O)O)CC(=O)NC)CC(=O)O)CC(=O)O,0,167.78291987841172,25.95315939253478,0.0,0.0,11.814359458703011,0.0,17.907915863855546,38.67241511291054,0.0,0.0,0.0,0.0,0.0,40.27436958900468,32.72378202956288,39.292268104881224,29.722275322558556,0.0,25.333306400564094,0.0,0.0,72.99815161856755,0.0,0.0,10.633577208012662,0.0,0.0,0.0,132.7397383181997,23.97268592035911,0.0,0.0,0.0,0.0,0.0
O=C(O)CCCCC1SCC2NC(=O)NC21,1,98.35218009520544,15.740104602853368,0.0,0.0,0.0,0.0,12.00041980028992,4.794537184071822,4.794537184071822,11.761884949391115,0.0,6.4208216229260096,12.841643245852019,17.423613259654974,12.083681658295921,14.69560176298435,23.762304749681036,0.0,10.633577208012662,0.0,43.01690617998213,5.752853606746789,0.0,0.0,10.633577208012662,4.794537184071822,0.0,11.761884949391115,40.19342049015551,4.794537184071822,0.0,25.683286491704038,0.0,0.0,0.0
CC(=O)OCC[N+](C)(C)C,0,62.17377620055852,9.219893811494673,13.151638370425493,0.0,0.0,0.0,5.9693052879518484,4.794537184071822,0.0,0.0,0.0,0.0,0.0,6.923737199690624,21.143015948031568,14.014430995566494,5.9693052879518484,0.0,0.0,0.0,6.923737199690624,34.29465431845706,0.0,0.0,0.0,0.0,0.0,0.0,44.74699046410353,9.53140013787187,0.0,6.923737199690624,0.0,0.0,0.0
CCOCc1cc(OC)c(-c2ccc(CC(NC(=O)c3c(F)cccc3F)C(=O)O)cc2)c(OC)c1,0,207.16891719145917,24.633904860247185,34.73875766950456,0.0,0.0,5.907179729351506,5.9693052879518484,4.794537184071822,13.57536727942146,0.0,0.0,30.33183534230805,47.87955994862805,13.027703587438928,26.38992853876498,37.687020719734136,11.876485017303354,0.0,5.316788604006331,0.0,25.993281616277514,20.826477047067986,82.92209977333728,22.6259266499618,14.790514511606428,8.78083009534964,11.49902366656781,0.0,43.85133028836,22.5591037253108,11.634441682091788,28.40862885885343,54.59730361615449,0.0,11.126902983393991
CN1[C@H](CC(=O)c2ccccc2)CCC[C@H]1C[C@H](O)c1ccccc1,1,149.84767683844098,5.106527394840706,0.0,5.783244946364939,0.0,0.0,0.0,9.694446914922299,0.0,0.0,0.0,67.0844923075421,31.873588343152214,24.067954772918927,6.103966387748303,9.901064578912528,5.783244946364939,0.0,4.899909730850477,0.0,50.29175616067427,7.04767198267719,71.7905736680101,0.0,0.0,0.0,0.0,0.0,34.921035713029234,0.0,0.0,54.129514669844156,60.6636706846161,0.0,0.0
CC(C)c1cc(CNc2nc(Nc3cc(C4CC4)[nH]n3)cc(N3CCN(C)CC3)n2)on1,1,187.33451778799994,24.956491606686964,11.635725555670057,11.57811019670947,5.948339280986494,0.0,0.0,5.098681808301038,0.0,15.066638850195453,0.0,19.004137656506693,25.8072212746906,55.989960870044975,12.238684400761036,4.523094936973348,23.40192761449158,0.0,30.221893646472413,0.0,45.06968614346863,48.760184545190626,35.347204613956194,0.0,15.533486938863138,23.40192761449158,0.0,0.0,63.4485912527999,6.544756405912575,0.0,55.67303314612742,22.72219614235818,0.0,0.0
N[C@@H]1C[C@H]1c1ccccc1,0,60.86028900617027,5.733667477162185,0.0,0.0,0.0,0.0,0.0,0.0,0.0,0.0,0.0,30.33183534230805,11.984273114623004,11.959746875309353,0.0,0.0,0.0,0.0,0.0,5.733667477162185,18.380568498235363,0.0,35.89528683400505,0.0,5.733667477162185,0.0,0.0,0.0,6.041840829147961,0.0,0.0,17.9021791607844,30.33183534230805,0.0,0.0
CCC(C)CC(C)CCCCCCCCC(=O)CC1C[C@@H](O)[C@H](NCCN)NC(=O)C2[C@@H](O)CCN2C(=O)C([C@H](O)CCN)NC(=O)C([C@H](O)[C@@H](O)c2ccc(O)cc2)NC(=O)C2C[C@@H](O)CN2C(=O)C([C@@H](C)O)NC1=O,0,450.99947340589677,83.38652799077632,60.11566931301977,0.0,35.443078376109035,0.0,0.0,38.87854889250908,0.0,0.0,0.0,77.84969709647719,75.10459944117625,51.35939653858971,30.51983193874151,74.4139794472284,41.226323322473974,0.0,36.38376248173261,29.221053092808553,203.1100176147651,32.72378202956288,29.828919765543436,5.749511833283905,38.051277974356026,0.0,5.749511833283905,0.0,197.60092205682756,33.561760288502754,17.75371813848418,135.674691022098,24.26546827384644,0.0,0.0
CCOC(=O)C1=CC(OC(CC)CC)C(NC(C)=O)C(N)C1,0,131.9578360977872,20.524181988768614,0.0,0.0,5.907179729351506,0.0,5.9693052879518484,4.794537184071822,4.794537184071822,0.0,0.0,13.847474399381248,32.26222217530253,18.53868255890785,24.856655569157486,19.06280027574374,11.876485017303354,0.0,5.316788604006331,5.733667477162185,71.24902810133304,6.606881964512918,11.649124636903148,0.0,11.050456081168516,0.0,0.0,0.0,42.7749814156088,19.06280027574374,0.0,46.95741366754052,11.649124636903148,0.0,0.0
CCCC1O[C@@H]2C[C@H]3[C@@H]4CC=C5CC(=O)C=C[C@]5(C)[C@H]4[C@@H](O)C[C@]3(C)[C@]2(C(=O)CO)O1,0,183.22810210482677,19.68678069728151,6.606881964512918,23.45756743304878,0.0,0.0,0.0,9.589074368143644,0.0,0.0,0.0,44.91717796573491,43.5951186908607,23.16870860788096,12.207932775496605,29.275855065425155,11.566489892729878,0.0,0.0,28.583699077277736,83.39515165244345,6.606881964512918,23.80116485057091,0.0,0.0,0.0,0.0,0.0,52.485436962739705,19.06280027574374,28.583699077277736,59.296141336627926,23.80116485057091,0.0,0.0
CCC(COC(=O)c1cc(OC)c(OC)c(OC)c1)(c1ccccc1)N(C)C,0,166.5134551578017,18.947451815200196,6.606881964512918,11.49902366656781,5.749511833283905,0.0,5.9693052879518484,4.899909730850477,4.794537184071822,0.0,0.0,37.255572541998674,38.2123512169006,0.0,32.43176936791294,23.741988999272017,5.9693052879518484,0.0,4.899909730850477,0.0,18.883484074999977,42.03161855369989,53.59147246262526,17.248535499851716,14.210588861400147,0.0,17.248535499851716,0.0,52.900833572502215,10.275788206183394,0.0,29.265998990082444,42.46456947923127,0.0,0.0
C=CCc1ccc(O)c(OC)c1,0,72.10934752660204,9.843390348640755,0.0,11.49902366656781,0.0,0.0,0.0,0.0,0.0,0.0,6.578935683598497,12.142387175295491,24.117007251546223,0.0,7.109797541277533,9.843390348640755,0.0,0.0,0.0,0.0,6.4208216229260096,7.109797541277533,36.417508487514205,11.49902366656781,4.736862953800049,0.0,11.49902366656781,0.0,12.216324936118239,6.4208216229260096,0.0,5.563451491696996,30.854056995817206,0.0,0.0
CCCCCCCCCCCC(=O)O,1,87.70937013843205,5.106527394840706,0.0,0.0,0.0,0.0,5.9693052879518484,4.794537184071822,0.0,0.0,0.0,58.29031018309871,6.4208216229260096,6.4208216229260096,0.0,9.901064578912528,5.9693052879518484,0.0,0.0,0.0,71.13195342895074,0.0,0.0,0.0,0.0,0.0,0.0,0.0,11.075832682792555,4.794537184071822,0.0,71.13195342895074,0.0,0.0,0.0
Cc1sc2c(c1C)C(c1ccc(Cl)cc1)=NC(CC(=O)Nc1ccc(O)cc1)c1nnc(C)n1-2,0,205.32290084184453,10.423315998847038,22.616839137119662,5.824404497999927,5.907179729351506,0.0,0.0,14.354041564498846,0.0,0.0,21.534149494536813,23.733674027155736,62.73286550153853,26.71406976552018,12.132506625696712,9.901064578912528,40.24397677497302,0.0,14.76446326439343,4.992404732635668,33.23387405114585,5.316788604006331,86.76988052622634,10.750593809971772,5.316788604006331,5.687386274683562,5.749511833283905,22.93772576816725,31.489855391356347,4.794537184071822,20.771211599071872,45.67897311686612,53.523341280328545,5.022633313741326,5.001081976687867
CCCNC(=O)c1cn2ncnc(Nc3cc(C(=O)NC4CC4)ccc3C)c2c1C,0,174.63062799241968,15.950365812018994,11.844020792380803,5.817862777835028,0.0,11.814359458703011,0.0,9.589074368143644,9.49937641456283,5.098681808301038,0.0,12.990104268152233,56.36957638847649,30.03427857305417,5.563451491696996,9.589074368143644,28.836309228837862,0.0,25.23163543087653,0.0,46.07551729699786,11.861545009918906,52.97707081855042,0.0,15.950365812018994,11.50524905251859,0.0,0.0,38.99901491662742,0.0,13.847474399381248,58.02908240340028,30.723264851762448,0.0,5.516700717616262
CCN(CC)CCOCCOC(=O)C1(c2ccccc2)CCCC1,0,145.68320779678118,14.373635638450576,6.606881964512918,0.0,0.0,0.0,5.9693052879518484,4.794537184071822,0.0,0.0,0.0,57.02095298754132,31.494607549374166,6.544756405912575,18.628754398422615,14.268263091671919,5.9693052879518484,0.0,4.899909730850477,0.0,44.94575136048206,39.45491511127648,35.89528683400505,0.0,0.0,0.0,0.0,0.0,50.3241301300788,19.683253561068696,0.0,45.09421238278229,30.33183534230805,0.0,0.0
CN(CC1COCCO1)S(=O)(=O)Nc1ccc2ccc3ncc(-c4cnn(C)c4)cc3c(=O)c2c1,0,201.83242085003053,9.473725907600098,0.0,5.428790391900541,0.0,0.0,10.209329170397666,19.182413504616303,0.0,17.82169478392621,0.0,12.13273413692322,29.651692488311234,54.93313892681668,43.32554284519996,17.891522891929036,37.57208880609188,0.0,19.069679255689664,7.04767198267719,6.103966387748303,38.13516914658061,65.21206070158125,11.126902983393991,10.150885256352629,5.687386274683562,0.0,0.0,67.00451690989541,26.730727060674955,0.0,0.0,59.78327030968071,0.0,32.80227634440464
CN1CCN(CCCN2c3ccccc3Sc3ccc(Cl)cc32)CC1,0,159.10224919653245,14.69972919255143,0.0,0.0,0.0,0.0,0.0,0.0,0.0,0.0,0.0,35.49555897654685,50.34508535382382,47.53738229433974,11.374772549367124,0.0,34.73759738899076,0.0,9.799819461700954,0.0,16.21178857396156,51.21612014900311,47.487202792972596,0.0,4.899909730850477,11.374772549367124,0.0,23.36282483962363,56.116029879853585,0.0,0.0,6.4208216229260096,52.25553643026682,5.022633313741326,0.0
NCCC(O)C(=O)NC1CC(N)C(OC2OC(CN)C(O)C(O)C2O)C(O)C1OC1OC(CO)C(O)C(N)C1O,0,229.26453997686886,88.05112948658092,67.14363026523132,12.580053458670426,5.907179729351506,0.0,0.0,4.794537184071822,0.0,0.0,0.0,0.0,19.386399651764595,12.586597235060536,18.69056362280884,64.59420815799766,5.907179729351506,0.0,5.316788604006331,22.93466990864874,110.69084945719763,19.696394776338067,0.0,0.0,28.251458512655073,0.0,0.0,0.0,164.3049998757608,23.741988999272017,0.0,12.841643245852019,0.0,0.0,0.0
NC(=O)N1c2ccccc2C=Cc2ccccc21,0,105.1491359502972,5.733667477162185,0.0,0.0,0.0,0.0,6.031114512338072,4.899909730850477,4.794537184071822,0.0,0.0,48.55024262443742,23.259637120317212,0.0,11.374772549367124,4.794537184071822,29.557927275372958,0.0,0.0,5.733667477162185,0.0,4.899909730850477,59.65783953108687,0.0,10.633577208012662,16.169309733438947,0.0,0.0,6.031114512338072,0.0,0.0,11.126902983393991,48.53093654769288,0.0,12.152040213667762
CC[C@@]1([C@H]2O[C@H]([C@H]3O[C@@](O)(CO)[C@H](C)C[C@@H]3C)C[C@H]2C)CC[C@H]([C@@]2(C)CC[C@]3(C[C@H](O)[C@@H](C)[C@@H]([C@H](C)[C@H](OC)C(C)C(=O)O)O3)O2)O1,0,280.5027977499337,48.84728730216312,0.0,11.574222305141193,0.0,0.0,5.9693052879518484,4.794537184071822,0.0,0.0,0.0,41.54242319814374,64.20821622926009,37.70515892561373,66.4546543468798,53.64182448623494,5.9693052879518484,0.0,0.0,35.507436276968356,172.2605592222798,13.716679505790452,0.0,0.0,0.0,0.0,0.0,0.0,105.6161830144518,33.215714906872115,35.507436276968356,106.75647058093307,0.0,0.0,0.0
CCNC1CC(N)C(OC2OC(CN)=CCC2N)C(O)C1OC1OCC(C)(O)C(NC)C1O,1,194.28727545585951,62.10161363922153,35.77608123363307,6.290026729335213,6.290026729335213,0.0,0.0,0.0,0.0,0.0,0.0,6.923737199690624,39.433828940966286,12.083681658295921,25.235320028721414,34.26703399972231,0.0,0.0,10.633577208012662,17.201002431486554,93.45345078247242,26.744066759015258,11.835184978490057,0.0,27.834579639499218,0.0,0.0,0.0,108.82798208077655,18.947451815200196,0.0,26.689117645233267,11.835184978490057,0.0,0.0
O=C(c1ccc2nccnc2c1)N1CCCCC1,0,105.65754091622276,4.899909730850477,0.0,0.0,0.0,5.907179729351506,0.0,14.762494225966236,0.0,0.0,0.0,0.0,37.46156607416286,31.0466514467483,11.033401435232523,4.794537184071822,16.94058116458403,0.0,14.867866772744893,0.0,19.26246486877803,13.08951281182515,36.15623984030798,0.0,0.0,0.0,0.0,0.0,33.864559313921546,0.0,0.0,29.620453544546848,30.592788348610984,0.0,11.033401435232523
COc1c(O)cc(O)c2c(=O)cc(-c3ccccc3)oc12,0,119.20345562964455,19.367068680534807,16.895983466623143,16.76132236682669,5.749511833283905,0.0,0.0,4.794537184071822,0.0,0.0,0.0,30.33183534230805,0.0,17.696185628620217,7.109797541277533,19.367068680534807,10.969244356107037,0.0,0.0,0.0,0.0,7.109797541277533,52.68789705520363,28.572234410423153,10.16565334570059,0.0,17.248535499851716,0.0,17.322852330958945,0.0,0.0,0.0,51.67625760035644,0.0,22.292943266678478
CC(C)=CCC/C(C)=C/CC/C(C)=C/CC=C(C)C=Cc1c(C)c(O)c2ccccc2c1O,1,199.91730439703167,10.213054789681411,11.49902366656781,0.0,0.0,0.0,0.0,0.0,0.0,0.0,0.0,83.01400703512681,73.64653131277379,21.899351412323583,0.0,10.213054789681411,16.848468535763473,0.0,0.0,0.0,73.64653131277379,0.0,88.06488991168692,11.49902366656781,0.0,0.0,11.49902366656781,0.0,10.213054789681411,0.0,6.923737199690624,77.84969709647716,76.93798692829293,0.0,16.848468535763473
COc1ccccc1OCCNCC(O)COc1cccc2[nH]c3ccccc3c12,0,174.93537112075003,29.617883381194392,25.067242150058043,11.49902366656781,0.0,0.0,0.0,0.0,0.0,0.0,0.0,36.39820241076966,30.33183534230805,29.378661958371005,12.626498258893795,19.31711625624085,21.805849864162116,0.0,10.300767124953538,0.0,6.103966387748303,33.41307428212852,66.73003775307771,17.248535499851716,19.527377465406477,0.0,17.248535499851716,0.0,49.607546585664736,0.0,0.0,0.0,66.73003775307771,0.0,21.805849864162116
CC(C)CC(NC(=O)CNC(=O)c1cc(Cl)ccc1Cl)B(O)O,1,144.86131257662234,20.68162235814467,0.0,0.0,5.907179729351506,5.907179729351506,7.118392334224363,9.589074368143644,0.0,0.0,0.0,37.04935417984628,30.537828874472233,5.022633313741326,23.072033809216695,19.63711951827565,42.134631573392404,0.0,10.633577208012662,5.917906046161393,26.209488620173055,6.544756405912575,33.80781932456448,0.0,10.633577208012662,0.0,0.0,23.20187978046503,41.466745946837754,4.794537184071822,5.917906046161393,30.626284698076073,18.19910120538483,10.045266627482652,0.0
O=c1c(O)c(-c2ccc(O)c(O)c2)oc2cc(O)cc(O)c12,0,122.10766954232908,29.949787911256877,22.46826802267485,17.25927108544225,11.178302225184446,0.0,0.0,4.794537184071822,0.0,0.0,0.0,0.0,18.19910120538483,17.696185628620217,0.0,29.949787911256877,10.969244356107037,0.0,0.0,0.0,0.0,0.0,40.55516291828041,40.07125807699096,5.428790391900541,0.0,28.747559166419524,0.0,25.532636974203527,0.0,0.0,0.0,39.54352346343322,0.0,22.292943266678478
Nc1ccc(S(=O)(=O)Nc2ccnn2-c2ccccc2)cc1,1,127.80335376162176,5.733667477162185,5.817862777835028,0.0,0.0,10.023291153407584,0.0,4.722094864452088,13.099599919474121,5.098681808301038,0.0,18.19910120538483,36.39820241076966,11.753753343145172,16.779713321814413,8.417796984328938,21.528540205926173,0.0,9.780484743446221,0.0,4.895483475517775,10.455762341614273,66.86051425622918,5.687386274683562,10.455762341614273,11.50524905251859,0.0,0.0,18.19828172777516,10.023291153407584,0.0,0.0,71.75599773174696,0.0,5.687386274683562
CC(CN(C)C)CN1c2ccccc2CCc2ccccc21,0,133.9218704276114,9.799819461700954,0.0,0.0,0.0,0.0,0.0,0.0,0.0,0.0,0.0,43.321939610460284,56.11453037768501,24.464285361192275,0.0,0.0,11.374772549367124,0.0,4.899909730850477,5.917906046161393,19.765380445542643,32.08476650803001,59.65783953108687,0.0,4.899909730850477,11.374772549367124,0.0,0.0,32.08476650803001,12.841643245852019,5.917906046161393,18.050640183084614,48.53093654769288,0.0,0.0
Nc1ncnc2c1ncn2[C@@H]1O[C@H](CO)[C@@H](O)[C@@H]1O,0,106.84616010324278,25.790112615484354,30.155919955625706,17.692941169337626,0.0,0.0,0.0,4.567099647791355,14.951935562841623,0.0,0.0,0.0,0.0,0.0,12.934202039277459,20.056445138322168,16.981740716219015,0.0,19.51903521063298,0.0,24.539800333979777,12.340549441675103,12.654640149529083,0.0,5.733667477162185,5.817862777835028,0.0,0.0,59.75739852291291,4.736862953800049,0.0,6.22790117073487,12.654640149529083,0.0,11.16387793838399
COCCc1ccc(OCC(O)CNC(C)C)cc1,1,115.28706854388426,19.897041906447136,18.460360185545127,0.0,0.0,0.0,0.0,0.0,0.0,0.0,0.0,25.980208536304467,24.117007251546223,19.69639477633807,6.606881964512918,14.580253302440804,0.0,0.0,5.316788604006331,0.0,32.41410323920352,26.868317876215947,29.828919765543436,5.749511833283905,10.05365155780638,0.0,5.749511833283905,0.0,44.12065248795291,11.157684576726059,0.0,19.410925891078243,24.26546827384644,0.0,0.0
Cc1ccc(-n2nc(C(C)(C)C)cc2NC(=O)Nc2ccc(OCCN3CCOCC3)c3ccccc23)cc1,0,229.45613433602813,14.790514511606428,18.17425657563185,0.0,0.0,0.0,6.031114512338072,10.216698334856808,9.476340119217006,5.098681808301038,0.0,62.73286550153853,31.18920547353706,41.88807518452571,30.282464473241422,14.268263091671919,28.308811993786254,0.0,14.680394474296698,0.0,33.10993926815927,50.08849231928914,77.98741723962318,11.436898107967467,15.370440161812711,16.29978623659041,5.749511833283905,0.0,60.16642409791124,10.151853423196828,6.923737199690624,32.02859108561733,66.73003775307771,0.0,16.459834703613154
CC1CCc2cc(F)cc3c(=O)c(C(=O)O)cn1c23,0,107.64437989243761,9.67362704263206,11.38067233274289,0.0,5.428790391900541,0.0,5.9693052879518484,4.794537184071822,9.184952231746642,0.0,0.0,0.0,37.46156607416286,17.624908615225834,5.516700717616262,14.291479626587348,16.872230220032904,0.0,4.567099647791355,0.0,25.807221274690605,0.0,45.49702910894854,0.0,5.428790391900541,4.39041504767482,0.0,0.0,15.64293233058391,6.4208216229260096,5.817220841045894,35.30783981923041,23.12411489260812,0.0,10.902924932081056
C=CC(C)(O)CCC1C(C)(O)CCC2C(C)(C)CCCC21C,1,136.56035336651442,10.213054789681411,0.0,0.0,0.0,0.0,0.0,0.0,0.0,0.0,6.578935683598497,33.26805332883176,75.03819716805366,0.0,11.202101621967376,10.213054789681411,0.0,0.0,0.0,22.665793031116344,90.76653898090257,0.0,12.654955790432378,0.0,0.0,0.0,0.0,0.0,21.415156411648788,0.0,22.665793031116344,79.5644373589352,12.654955790432378,0.0,0.0
O=C(NOCC(O)CO)c1ccc(F)c(F)c1Nc1ccc(I)cc1F,0,159.62400781360648,15.529843393687742,18.528069193307115,11.634441682091788,0.0,5.907179729351506,0.0,9.632125767808455,18.65134174114566,0.0,0.0,0.0,52.9227059693761,3.5701822710653963,23.545106005577036,33.01642570051433,39.87282290578669,0.0,5.480096598121202,0.0,6.103966387748303,18.530552533032168,56.91713162820813,0.0,10.796885202127534,24.54601769239158,0.0,22.590870627068057,35.43796483580706,4.8375885837366335,21.02184479420308,10.357988675768818,30.33183534230805,0.0,0.0
Cc1cccc(C)c1N=C1NCCCS1,0,95.18351934718079,5.316788604006331,0.0,5.1676517695780495,0.0,0.0,0.0,0.0,4.992404732635668,0.0,0.0,29.960986154775945,31.395199005701247,12.297610012659364,5.687386274683562,0.0,22.61692299365273,0.0,5.316788604006331,4.992404732635668,20.268296022307258,12.297610012659364,29.32600418877882,0.0,5.316788604006331,5.687386274683562,0.0,11.761884949391115,17.465261782237413,0.0,13.847474399381248,17.547724606320003,23.191505938020498,0.0,0.0
CC(=O)Nc1nc2c(Oc3cc(-c4ccc(C(F)(F)F)cc4)ncn3)cccc2s1,0,171.94292534173843,10.05365155780638,11.844020792380803,10.881070313123239,11.787168065786876,0.0,6.176298517443475,4.794537184071822,14.951935562841623,13.171245143024459,0.0,29.535887083319565,24.26546827384644,18.55355575984923,15.957299403014556,22.702645280896327,32.592144721210936,0.0,14.951935562841623,0.0,13.100035717134098,5.316788604006331,60.42170811415442,22.886879656264732,10.05365155780638,18.30280362286379,11.629500169719275,11.336785877934735,20.859115292193128,10.970835701515297,0.0,12.487188691387619,54.85825662245742,0.0,21.474000120630816
Nc1c(CC(=O)O)cccc1C(=O)c1ccccc1,0,110.0404923180471,10.84019487200289,0.0,5.783244946364939,0.0,0.0,5.9693052879518484,9.589074368143644,0.0,0.0,0.0,42.46456947923127,11.629818560158606,16.814289258077554,6.4208216229260096,14.69560176298435,17.43993650900035,0.0,0.0,0.0,6.4208216229260096,5.733667477162185,65.22129102278387,0.0,5.733667477162185,5.687386274683562,0.0,0.0,16.859077629157493,11.21535880699783,0.0,21.48489165916281,48.53093654769288,0.0,0.0
CN(C)c1ccc(-c2nc3c(N4CCN(CC(=O)Nc5nccs5)CC4)c(Cl)cnc3[nH]2)cc1,1,205.94358098041278,20.100586586654494,11.341105215616189,10.778735700607061,5.907179729351506,0.0,0.0,9.694446914922299,14.951935562841623,0.0,11.336785877934735,11.600939890232516,24.26546827384644,63.10211369746422,23.45161956595054,4.794537184071822,56.51511446510921,0.0,24.83582381463931,0.0,0.0,61.93573406062453,47.06185150127983,11.387855989696924,15.116608065707286,16.506331029206457,0.0,22.93772576816725,77.56212953890805,4.794537184071822,0.0,0.0,42.03921818753851,5.022633313741326,22.55173392808091
Cc1ncsc1CCCl,0,63.68950694092647,0.0,0.0,0.0,0.0,0.0,0.0,0.0,4.983978520947208,0.0,22.93772576816725,0.0,13.344558822616634,10.75715063867164,11.20446726846584,0.0,22.93772576816725,0.0,4.983978520947208,0.0,13.344558822616634,5.880003444970339,16.08161446216714,0.0,0.0,0.0,0.0,22.93772576816725,10.863981965917546,6.4208216229260096,6.923737199690624,10.57107518854976,5.51053927361738,0.0,0.0
CCNC(=O)CC1N=C(c2ccc(Cl)cc2)c2cc(OC)ccc2-n2c(C)nnc21,0,179.30969695707654,10.05365155780638,17.61575716043179,5.824404497999927,5.907179729351506,0.0,0.0,14.354041564498846,0.0,0.0,10.197363616602075,23.733674027155736,44.179309741689295,22.694292703047893,24.929690441657804,9.53140013787187,23.219804622354722,0.0,20.08125186839976,4.992404732635668,26.31013685145522,13.65455394719011,70.26291477236643,11.436898107967467,10.05365155780638,0.0,5.749511833283905,11.600939890232516,40.03788194370575,4.794537184071822,6.923737199690624,42.16211163115844,47.456974211866935,5.022633313741326,5.687386274683562
CCOC(=O)C1=C[C@]2(CC)CCCN3CCc4c(n1c1ccccc41)[C@@H]32,0,153.96919366737635,9.303962601591405,5.697039313055833,0.0,0.0,0.0,5.9693052879518484,4.899909730850477,4.794537184071822,0.0,0.0,25.122838405075452,56.85761876429972,23.03989908462261,18.16542351127714,9.53140013787187,22.56926953308874,0.0,9.467009378641832,5.414990469396779,45.57260172023325,19.696394776338067,41.59886786722578,0.0,0.0,0.0,0.0,0.0,35.13270944293175,15.95222176079788,5.414990469396779,50.40915958385269,30.34148838068032,0.0,16.599964245136892
O=C(O)CN(CCN(CC(=O)O)CC(=O)O)CC(=O)O,0,113.36642080676489,20.426109579362823,0.0,0.0,0.0,0.0,23.877221151807394,28.97796819798824,0.0,0.0,0.0,0.0,0.0,13.08951281182515,26.1790256236503,39.60425831565011,23.877221151807394,0.0,9.799819461700954,0.0,0.0,39.26853843547545,0.0,0.0,0.0,0.0,0.0,0.0,93.37168862834665,19.178148736287287,0.0,0.0,0.0,0.0,0.0
Cc1oncc1C(=O)Nc1ccc(C(F)(F)F)cc1,0,105.75664771197401,9.83988354097968,11.323698910571437,0.0,0.0,5.907179729351506,6.176298517443475,4.794537184071822,0.0,13.171245143024459,0.0,5.156663257125445,31.18920547353706,5.687386274683562,11.760295063310071,22.48887726406963,11.594566004035068,0.0,5.156663257125445,0.0,13.100035717134098,5.316788604006331,47.34946224772795,0.0,5.316788604006331,18.858631417708022,0.0,0.0,11.063842986476951,6.176298517443475,6.923737199690624,21.681687586340253,34.98540678243286,0.0,0.0
CC(C)OC(=O)CCCC=CCC1C(O)CC(O)C1CCC(O)CCc1ccccc1,0,186.6925798078543,20.056445138322168,0.0,0.0,0.0,0.0,5.9693052879518484,4.794537184071822,0.0,0.0,0.0,42.483875555975814,82.61331096680912,6.4208216229260096,24.41586555099321,24.85098232239399,5.9693052879518484,0.0,0.0,11.835812092322787,96.05073455670856,0.0,48.04732704767281,0.0,0.0,0.0,0.0,0.0,45.70475302346717,15.95222176079788,11.835812092322787,70.77749887448634,42.483875555975814,0.0,0.0
CC(C)c1ccc(NC(=O)Cn2cnc3c2c(=O)n(C)c(=O)n3C)cc1,0,149.2572039654516,9.883888251797686,6.544756405912575,11.16387793838399,5.907179729351506,5.559266895052007,5.689743398203474,18.723273663726353,9.778515705019029,0.0,0.0,25.980208536304467,23.61409167478161,19.782730240037942,6.3273200747645415,4.794537184071822,22.758443942419056,0.0,18.685277464321274,14.09534396535438,26.310136851455216,5.316788604006331,56.9943245017071,0.0,16.565798897261814,5.687386274683562,0.0,0.0,24.59245719367278,25.434637555338778,0.0,25.328831937239634,40.18186271675462,0.0,11.16387793838399
CCn1c(N)c(C(=O)NC)c(=O)c2ccc(C#C[C@@](C)(O)COC)nc21,0,150.53155769795706,25.460946077600624,28.323470296131898,0.0,5.428790391900541,5.907179729351506,0.0,9.589074368143644,4.983978520947208,0.0,0.0,5.920434318855644,31.90064285516011,20.702225929867296,11.993106178977714,14.637927532712578,22.758443942419056,0.0,14.867866772744893,0.0,25.99328161627751,26.498018965629825,33.613441199441034,11.840868637711289,16.479246473069058,5.817862777835028,0.0,0.0,46.9301875923821,11.281619359712625,11.840868637711289,29.899391069998526,16.927271320995043,0.0,11.033401435232523
CCc1cccc(CC)c1NC(=O)N1Cc2[nH]nc(NC(=O)c3ccc(N4CCN(C)CC4)cc3)c2C1,1,217.37770826000178,25.333306400564094,0.0,5.817862777835028,0.0,5.907179729351506,6.031114512338072,9.893218992372859,4.794537184071822,5.098681808301038,0.0,32.046575604766076,55.28168648576963,48.680701156411416,18.78344080667361,9.589074368143644,29.13092956889173,0.0,19.99718307830303,0.0,39.77863045705841,48.760184545190626,70.41230344086772,0.0,15.533486938863138,21.987172511273975,0.0,0.0,65.16217492632009,25.93115605767717,0.0,46.589745545089514,42.46456947923127,0.0,0.0
Cc1cc2c(C(=O)NCC(C)c3ccccc3)c(O)c(O)cc2c(O)c1-c1c(C)cc2c(C(=O)NCC(C)c3ccccc3)c(O)c(O)cc2c1O,1,299.80360702560534,41.27274157705689,11.49902366656781,22.99804733313562,0.0,11.814359458703011,0.0,9.589074368143644,0.0,0.0,0.0,74.51114508399735,72.20256073233847,45.76131265307832,11.126902983393991,40.22823873718787,33.359256316562195,0.0,10.633577208012662,0.0,39.53076089108528,13.08951281182515,118.30984790864456,45.62397398309742,10.633577208012662,0.0,34.49707099970343,0.0,55.543036639572385,0.0,13.847474399381248,68.65306981002965,84.92913895846256,0.0,32.671799841253176
CC(C)n1nc(-c2ccc3oc(N)nc3c2)c2c(N)ncnc21,1,130.68694079012386,15.884485891377718,23.355811565064293,11.230197362409971,0.0,6.014658705012475,0.0,0.0,14.649759977039599,10.082660329248245,0.0,0.0,32.046575604766076,11.605292320844956,5.386224214464796,4.417150937053347,33.96564377733853,0.0,24.732420306287846,0.0,19.88931522852921,11.46733495432437,24.52642128014937,11.257379486545457,11.46733495432437,11.832521482847504,0.0,0.0,24.732420306287846,0.0,0.0,19.88931522852921,28.94357221720272,0.0,33.390501781036484
Nc1ccccc1C(=O)CC(N)C(=O)O,0,86.68823092339238,16.573862349165076,6.041840829147961,5.783244946364939,0.0,0.0,5.9693052879518484,9.589074368143644,0.0,0.0,0.0,12.13273413692322,12.13273413692322,17.67165938930657,0.0,14.69560176298435,17.43993650900035,0.0,0.0,5.733667477162185,12.462662452073971,5.733667477162185,29.828919765543436,0.0,11.46733495432437,5.687386274683562,0.0,0.0,22.900918458305455,4.794537184071822,0.0,16.77881029869483,24.26546827384644,0.0,0.0
NC(CO)C(=O)O,0,40.559015558071266,15.946722266843596,6.041840829147961,0.0,0.0,0.0,5.9693052879518484,4.794537184071822,0.0,0.0,0.0,0.0,0.0,0.0,6.606881964512918,15.007591973753234,5.9693052879518484,0.0,0.0,5.733667477162185,6.041840829147961,6.606881964512918,0.0,0.0,5.733667477162185,0.0,0.0,0.0,28.831082871294136,4.794537184071822,0.0,0.0,0.0,0.0,0.0
Cc1cc(Nc2nc(NC(C)c3ncc(F)cn3)ncc2Cl)[nH]n1,0,141.48479776599038,10.633577208012662,16.66490058957628,11.635083618880923,5.948339280986494,0.0,0.0,5.098681808301038,19.34235061051644,10.082660329248245,0.0,11.600939890232516,13.847474399381248,6.06636706846161,30.32629953883565,4.39041504767482,29.18500472688907,0.0,30.133277700390906,0.0,19.88931522852921,10.633577208012662,47.01508443093644,0.0,10.633577208012662,21.974479884331373,0.0,11.600939890232516,30.133277700390906,0.0,12.740958040736519,24.483910521686973,24.65689778330084,5.022633313741326,0.0
Cc1cc(C(C)(C)C)c(O)c(C(C)(C)C)c1,0,99.51011590126244,5.106527394840706,5.749511833283905,0.0,0.0,0.0,0.0,0.0,0.0,0.0,0.0,59.23860882676396,28.88062112187817,0.0,0.0,5.106527394840706,0.0,0.0,0.0,0.0,59.29614133662791,0.0,28.823088612014207,5.749511833283905,0.0,0.0,5.749511833283905,0.0,5.106527394840706,10.829980938793557,6.923737199690624,58.23277767323472,12.13273413692322,0.0,0.0
CCC(=O)OCC(=O)C1(OC(=O)CC)C(C)CC2C3CC=C4CC(=O)C=CC4(C)C3(F)C(O)CC21C,0,211.02310545236355,14.580253302440804,0.0,23.65993754060722,5.783244946364939,0.0,11.938610575903697,19.178148736287287,4.39041504767482,0.0,0.0,45.42009354249953,38.180128221463924,41.92825789989437,6.103966387748303,38.14881708640291,23.505100468633575,0.0,0.0,28.583699077277736,90.51739275348686,6.606881964512918,23.80116485057091,0.0,0.0,4.39041504767482,0.0,0.0,52.59228684546486,28.651874643887382,28.583699077277736,73.14361573600918,23.80116485057091,0.0,0.0
CN(N=O)C(=O)NC1C(O)OC(CO)C(O)C1O,0,101.71458087168814,30.4797611371692,24.353739992392867,6.290026729335213,0.0,0.0,6.031114512338072,0.0,4.794537184071822,5.008912523954531,4.907065243988282,0.0,0.0,7.04767198267719,11.892766685475626,29.957509717234693,6.031114512338072,0.0,10.325701127960862,5.2858847209627084,30.643766721728078,13.654553947190108,4.907065243988282,0.0,5.316788604006331,4.794537184071822,0.0,0.0,75.76445728457361,4.736862953800049,4.907065243988282,0.0,5.2858847209627084,0.0,0.0
COc1ccc(C2=NC(c3ccc(Cl)cc3)C(c3ccc(Cl)cc3)N2C(=O)N2CCNC(=O)C2)c(OC(C)C)c1,0,243.03475372006542,19.690424242456906,29.921240687385616,0.0,5.907179729351506,0.0,6.031114512338072,14.686851647557965,4.794537184071822,0.0,0.0,47.46734805431147,61.3725797935449,29.201146507769412,24.81905624987079,19.06280027574374,40.97579380791188,0.0,15.116608065707286,4.992404732635668,32.03512244542547,26.74406675901526,93.46565885565137,11.49902366656781,14.790514511606428,4.794537184071822,11.49902366656781,23.20187978046503,60.421766635911354,4.794537184071822,0.0,42.621510532768156,71.72244248571339,10.045266627482652,0.0
CN(C)CCCOc1nn(Cc2ccccc2)c2ccccc12,0,136.84042690034698,9.636772684650527,0.0,0.0,5.879988336435371,0.0,0.0,4.681802935145184,0.0,0.0,5.098681808301038,42.46456947923127,38.2123512169006,6.544756405912575,24.05456330250655,4.736862953800049,10.902924932081056,0.0,14.6803944742967,0.0,12.965578028838586,27.246982335779872,60.160755107851486,5.879988336435371,4.736862953800049,0.0,5.879988336435371,0.0,41.927376810076574,6.544756405912575,0.0,11.984273114623004,54.59730361615449,0.0,10.902924932081056
C=C1C(=CC)c2cc3[nH]c(cc4[nH]c(cc5nc(cc1n2)C(CC)=C5C)c(C)c4CCC(=O)O)c(C=CC(=O)O)c3C,0,243.44664479416977,20.181011831575827,0.0,0.0,0.0,0.0,11.938610575903697,4.794537184071822,14.762494225966236,0.0,0.0,19.578692990123002,98.71464396052436,51.27330515206046,22.775711979393844,19.802129157825057,62.373851673479685,0.0,19.93591408378883,0.0,53.881150867231156,0.0,88.02596211729451,0.0,0.0,0.0,0.0,0.0,42.08757944937393,16.00989599106965,13.847474399381248,78.64237279110571,42.9964441711127,0.0,50.43524109757599
CC12CCC3c4ccc(O)cc4CCC3C1CCC2O,0,120.38168253606061,10.213054789681411,5.749511833283905,0.0,0.0,0.0,0.0,0.0,0.0,0.0,0.0,12.990104268152233,84.95327546575423,0.0,6.103966387748303,10.213054789681411,0.0,0.0,0.0,17.250802561719567,57.47053937115639,0.0,29.32600418877882,5.749511833283905,0.0,0.0,5.749511833283905,0.0,16.317021177429716,6.4208216229260096,17.250802561719567,56.07265434387607,18.19910120538483,0.0,0.0
C[C@@H]1CCO[C@H]2Cn3cc(C(=O)NCc4ccc(F)cc4F)c(=O)c(O)c3C(=O)N12,0,169.22404545711194,24.627188331288917,17.197893173788785,17.671340998867237,5.428790391900541,11.814359458703011,0.0,14.383611552215466,8.78083009534964,0.0,0.0,6.06636706846161,19.410925891078243,30.413259366832218,13.151638370425493,28.213294812134038,11.814359458703011,0.0,14.783797982648164,0.0,38.70381363432461,6.606881964512918,63.0745450133045,5.749511833283905,10.745578995906872,8.78083009534964,5.749511833283905,0.0,45.264520196581294,17.8263757656252,11.634441682091788,39.75446416900272,29.190481961069725,0.0,0.0
CCC1C(=O)OC[C@@H]1Cc1cncn1C,0,89.25895609924736,9.303962601591405,0.0,0.0,0.0,0.0,5.9693052879518484,4.794537184071822,4.983978520947208,0.0,0.0,6.923737199690624,12.841643245852019,24.85634959530012,18.85210808543885,9.53140013787187,5.9693052879518484,0.0,9.551078168738563,18.883484074999977,19.765380445542643,6.606881964512918,18.21809164122608,0.0,0.0,0.0,0.0,0.0,22.12726542120333,22.99989374347507,11.835812092322787,19.038486817465095,12.524163646377618,0.0,0.0
NCC(O)c1ccc(O)c(O)c1,0,69.88387930189093,21.0532496616843,0.0,11.49902366656781,0.0,0.0,0.0,0.0,0.0,0.0,0.0,6.06636706846161,17.696185628620217,6.544756405912575,6.103966387748303,15.319582184522117,0.0,0.0,0.0,5.733667477162185,6.103966387748303,6.544756405912575,23.762552697081826,11.49902366656781,5.733667477162185,0.0,11.49902366656781,0.0,21.86433859043469,0.0,0.0,11.6674178794453,18.19910120538483,0.0,0.0
Cc1ccc(C(=O)C(C)CN2CCCCC2)cc1,0,109.99634888018097,4.899909730850477,0.0,5.783244946364939,0.0,0.0,0.0,4.794537184071822,0.0,0.0,0.0,43.17347858816007,32.85489325736779,18.026113943770966,0.0,4.794537184071822,5.783244946364939,0.0,4.899909730850477,5.917906046161393,33.10993926815928,19.634269217737724,35.392371257240434,0.0,0.0,0.0,0.0,0.0,30.317423894953144,0.0,12.841643245852017,42.10764223593446,24.26546827384644,0.0,0.0
O=C(O)CSc1nnc(Br)n1-c1ccc(C2CC2)c2ccccc12,0,150.76233619690373,5.106527394840706,0.0,5.156436481820707,4.733672522135346,0.0,5.9693052879518484,9.361636831863176,0.0,0.0,10.197363616602075,42.093720291699164,51.70553596458617,5.386224214464796,11.440239881430351,9.901064578912528,44.43358256422191,0.0,14.76446326439343,0.0,23.91598577383412,5.752853606746789,46.695326424602,5.687386274683562,0.0,0.0,0.0,27.691828847340464,31.593149553932776,4.794537184071822,0.0,24.32300078371041,46.28831141472571,0.0,16.459834703613154
CC12CCC(O)CC1=CCC1C2CCC2(C)C(c3cccnc3)=CCC12,0,156.97665434768962,5.106527394840706,0.0,0.0,0.0,0.0,0.0,4.983978520947208,0.0,0.0,0.0,37.63898621157988,90.73237352798768,12.393687143226153,6.103966387748303,5.106527394840706,5.5731045300692665,0.0,4.983978520947208,28.583699077277736,64.89719214761163,0.0,47.81501751558339,0.0,0.0,0.0,0.0,0.0,16.194472303536216,0.0,28.583699077277736,64.35667725156031,42.2515660238864,0.0,5.5731045300692665
COc1ccc2c(c1)[nH]c1c(C)nccc12,1,93.06697004322827,9.720841474747257,5.749511833283905,0.0,0.0,0.0,0.0,4.983978520947208,0.0,0.0,0.0,0.0,25.122838405075456,23.03565906900428,23.83712697135852,4.736862953800049,21.805849864162113,0.0,9.967957041894415,0.0,6.923737199690624,7.109797541277533,36.15623984030798,5.749511833283905,4.736862953800049,0.0,5.749511833283905,0.0,17.07775458317195,0.0,6.923737199690624,5.693927994848461,30.462311845459517,0.0,21.805849864162113
O=C(O)c1ccc(CN2CCC(CN[C@@H]3C[C@H]3c3ccccc3)CC2)cc1,0,160.7566499829164,10.423315998847038,0.0,0.0,0.0,0.0,5.9693052879518484,4.899909730850477,4.794537184071822,0.0,0.0,42.46456947923127,68.07427725299435,18.50450328122193,5.563451491696996,9.901064578912528,5.9693052879518484,0.0,10.216698334856808,5.917906046161393,37.766968149999954,19.634269217737724,71.28765809124549,0.0,5.316788604006331,0.0,0.0,0.0,41.651852460528715,6.544756405912575,5.917906046161393,46.66526257410223,54.59730361615449,0.0,0.0
N=C(N)NCCCC(N)C(=O)O,0,70.43471202895063,21.89065095317141,6.041840829147961,5.959554568743835,0.0,0.0,5.9693052879518484,10.203820789863343,0.0,0.0,0.0,0.0,12.841643245852019,6.544756405912575,0.0,9.901064578912528,11.928859856695684,5.409283605791522,5.316788604006331,11.46733495432437,18.88348407499998,6.544756405912575,0.0,0.0,16.784123558330702,0.0,0.0,0.0,29.621984486596922,4.794537184071822,5.409283605791522,12.841643245852019,0.0,0.0,0.0
Cc1cc(C)cc(NC(=O)Cc2ccc(OC(C)(C)C(=O)O)cc2)c1,0,147.18871960613228,15.160178952647085,5.749511833283905,5.601050810983688,5.907179729351506,0.0,5.9693052879518484,4.794537184071822,4.794537184071822,0.0,0.0,18.19910120538483,68.65077154769992,5.687386274683562,6.4208216229260096,19.432464716784395,17.563871291986917,0.0,0.0,0.0,39.71682123267219,5.316788604006331,59.15492395432226,5.749511833283905,10.05365155780638,5.687386274683562,5.749511833283905,0.0,22.58406322312775,16.00989599106965,13.847474399381248,30.537828874472236,42.46456947923127,0.0,0.0
CC(C)=CCCC(C)=CC=CC(C)=CC=CC(C)=CC=CC=C(C)C=CC=C(C)C=CC=C(C)CCC=C(C)C,0,248.00715407090192,0.0,0.0,0.0,0.0,0.0,0.0,0.0,0.0,0.0,0.0,153.953198163564,94.92065848861026,0.0,0.0,0.0,0.0,0.0,0.0,0.0,94.92065848861026,0.0,153.953198163564,0.0,0.0,0.0,0.0,0.0,0.0,0.0,0.0,94.92065848861026,153.953198163564,0.0,0.0
CC(C)c1cc(C(=O)N2Cc3ccc(CN4CCN(C)CC4)cc3C2)c(O)cc1O,1,177.88563100630773,20.012874251382364,11.49902366656781,0.0,0.0,5.907179729351506,0.0,9.694446914922299,0.0,0.0,0.0,32.046575604766076,41.285751064088174,51.87966190984963,5.563451491696996,15.007591973753234,5.907179729351506,0.0,14.69972919255143,0.0,39.399649663280364,33.22669760632749,58.14909280079303,11.49902366656781,0.0,0.0,11.49902366656781,0.0,64.04666131791183,19.634269217737724,0.0,52.377175088099435,30.33183534230805,0.0,0.0
CC(=O)Oc1cc(C(F)(F)F)ccc1C(=O)O,0,93.61860096765255,9.843390348640755,11.3129633249809,0.0,0.0,0.0,18.114909093347173,4.794537184071822,4.794537184071822,13.171245143024459,0.0,0.0,18.19910120538483,6.923737199690624,5.563451491696996,32.60370985980885,11.938610575903697,0.0,0.0,0.0,13.100035717134098,0.0,29.32600418877882,5.749511833283905,4.736862953800049,13.171245143024459,5.749511833283905,0.0,17.045137970744403,10.970835701515297,0.0,22.845177367156435,18.19910120538483,0.0,0.0
COc1cc(C(=O)O)ccc1NC(=O)C1NC(CC(C)(C)C)C(C#N)(c2ccc(Cl)cc2F)C1c1cccc(Cl)c1F,1,251.94473835534274,20.476967556653417,22.798943984772475,0.0,5.907179729351506,0.0,5.9693052879518484,4.794537184071822,13.575367279421462,5.261891554738487,0.0,62.17219258492173,53.79746599478944,22.545831680747675,35.49433076333965,28.213294812134038,40.76575107245195,5.261891554738487,5.316788604006331,5.414990469396779,50.60861139585197,12.426586145283864,92.96736640081993,11.818733146076179,15.37044016181271,14.468216370033202,5.749511833283905,23.20187978046503,36.176491611717516,10.209527653468601,28.38054501901933,54.59483092732208,54.59730361615449,10.045266627482652,0.0
C=C1C(=CC=C2CCCC3(C)C2CCC3C(C)CCCC(C)(C)O)CC(O)CC1O,1,183.52414470158894,15.319582184522117,0.0,0.0,0.0,0.0,0.0,0.0,0.0,0.0,0.0,50.9931980725688,93.10814342788281,6.4208216229260096,17.808983586480295,15.319582184522117,0.0,0.0,0.0,23.16870860788096,109.7121486145029,0.0,35.45028948747406,0.0,0.0,0.0,0.0,0.0,33.12856577100241,0.0,23.16870860788096,91.9031650280226,35.45028948747406,0.0,0.0
CCOC(=O)C1=C(COCCN)N=C(C)C(C(=O)OC)[C@@H]1c1ccccc1Cl,0,169.04731783369863,19.944256338562333,5.917906046161393,0.0,0.0,0.0,11.938610575903697,9.786941916707491,4.794537184071822,0.0,0.0,29.800041095617345,25.477292959539852,23.196980768586,38.20058727794139,23.79966322954379,29.251235468906913,0.0,0.0,16.643978255959247,19.76538044554264,33.47519984072886,46.12169692240986,0.0,5.733667477162185,0.0,0.0,11.600939890232516,51.125495419403265,23.79966322954379,5.917906046161393,25.328831937239634,40.528016849607205,5.022633313741326,0.0
CC(C)c1ccc2oc3nc(N)c(C(=O)O)cc3c(=O)c2c1,1,124.73613409480564,15.257345809056238,16.964334411174267,0.0,11.142287036694249,0.0,5.9693052879518484,4.794537184071822,4.794537184071822,4.983978520947208,0.0,19.913841467842857,29.680458743243218,0.0,10.772448428929591,14.318215515965875,33.85613328115242,0.0,4.983978520947208,0.0,19.76538044554264,5.733667477162185,45.61569883321279,0.0,11.162457869062726,5.817862777835028,0.0,0.0,16.059811203739763,0.0,0.0,35.68682061300845,33.47715639497161,0.0,22.068965215365544
C=c1c(C(=O)N2CCCC2CN2CCCC2)c(C)[nH]c1=Cc1c(O)[nH]c2ccc(S(=O)(=O)Cc3c(Cl)cccc3Cl)cc12,1,260.0712521637108,24.874303898436075,0.0,15.717241472852873,0.0,5.907179729351506,0.0,4.794537184071822,8.417796984328938,0.0,0.0,35.84718253252514,82.10439195236177,67.46815263314046,16.21178857396156,18.318861563241466,62.50419336874748,0.0,19.76777650359537,0.0,49.297201602807185,26.1790256236503,79.39552796255296,5.879988336435371,10.567776454361201,0.0,5.879988336435371,23.20187978046503,71.42014706491477,15.590106743164291,6.923737199690624,52.86210614571531,41.293685886287435,10.045266627482652,23.55788072251344
CN(C)CCC(c1ccc(Cl)cc1)c1ccccn1,0,119.59595577557559,4.899909730850477,0.0,0.0,0.0,0.0,0.0,4.983978520947208,0.0,0.0,0.0,29.800041095617345,56.8898417597364,22.831310926364257,0.0,0.0,11.600939890232516,0.0,9.883888251797686,0.0,12.338727669087403,20.640100371266954,64.94142585113113,0.0,0.0,0.0,0.0,11.600939890232516,30.52398862306464,0.0,0.0,23.59610715563286,48.661413050844345,5.022633313741326,0.0
CC1C(=O)O[C@@H]2C[C@@]34[C@H]5C[C@H](C(C)(C)C)[C@]36C(O)C(=O)O[C@@H]6O[C@@]4(C(=O)O5)[C@]12O,0,166.16537900274054,29.160506604881604,12.207932775496605,11.70501719873199,11.8910775403189,0.0,17.907915863855546,4.794537184071822,9.589074368143644,0.0,0.0,20.771211599071872,24.677455338174802,6.4208216229260096,16.747886984954953,43.544118157097074,17.907915863855546,0.0,0.0,28.08078350051312,76.34061955916201,0.0,0.0,0.0,0.0,0.0,0.0,0.0,63.92499816808444,33.33106336741566,28.08078350051312,40.53659204461451,0.0,0.0,0.0
CN(C)CCC(CSc1ccccc1)Nc1ccc(S(=O)(=O)NC(=O)c2ccc(N3CCN(Cc4ccccc4-c4ccc(Cl)cc4)CC3)cc2)cc1[N+](=O)[O-],1,337.4141295080148,15.116608065707286,5.687386274683562,0.0,0.0,21.61785715744265,0.0,19.80876518368787,13.139891848781026,0.0,11.761884949391115,66.19824350638702,104.41494715390007,71.75379808955888,9.818794524335445,18.13564521721843,56.35545454643341,0.0,14.521914326153041,0.0,28.798385809022097,62.78867793652084,147.59119593513313,11.126902983393991,14.938793199308897,17.062158824050687,0.0,23.36282483962363,87.66192765501108,16.56804755932016,10.114318268765572,22.34226179039182,131.1183083202678,5.022633313741326,11.126902983393991
O=S1(=O)CCN(CN2CCS(=O)(=O)NC2)CN1,0,101.05818489960373,0.0,0.0,0.0,20.046582306815168,0.0,0.0,9.799819461700954,26.279783697562053,0.0,0.0,0.0,0.0,13.08951281182515,31.511780780191007,16.835593968657875,20.046582306815168,0.0,19.24400919060513,0.0,0.0,44.60129359201616,0.0,0.0,9.444189728904176,0.0,0.0,0.0,71.23670702237499,20.046582306815168,0.0,0.0,0.0,0.0,0.0
O=C(O)CCNC(=O)c1ccccc1,0,81.558311712975,10.423315998847038,0.0,0.0,0.0,5.907179729351506,5.9693052879518484,9.589074368143644,0.0,0.0,0.0,18.19910120538483,12.13273413692322,12.10820789760957,6.4208216229260096,14.69560176298435,11.876485017303354,0.0,5.316788604006331,0.0,6.4208216229260096,6.544756405912575,35.89528683400505,0.0,5.316788604006331,0.0,0.0,0.0,23.527768818056636,4.794537184071822,0.0,16.778810298694825,30.33183534230805,0.0,0.0
C=CC1(C)CC(=O)C2(O)C(C)(O1)C(OC(C)=O)C(O)C1C(C)(C)CCC(O)C12C,1,171.62877485307573,24.793308092122217,5.601050810983688,17.488262145096932,0.0,0.0,5.9693052879518484,9.589074368143644,0.0,0.0,6.578935683598497,26.847231705905752,32.104108114630044,24.677455338174802,17.808983586480295,34.38238246026586,11.752550234316788,0.0,0.0,16.747886984954953,95.91993966311773,0.0,12.654955790432378,0.0,0.0,0.0,0.0,0.0,62.187184015034866,19.06280027574374,16.747886984954953,60.80488806692178,12.654955790432378,0.0,0.0
NC(=O)NC(CCC(=O)O)C(=O)O,0,73.52674828495668,21.263510870849927,6.041840829147961,0.0,0.0,0.0,17.96972508824177,4.794537184071822,9.589074368143644,0.0,0.0,0.0,6.4208216229260096,6.4208216229260096,0.0,24.596666341896878,17.96972508824177,0.0,5.316788604006331,5.733667477162185,18.88348407499998,0.0,0.0,0.0,11.050456081168516,4.794537184071822,0.0,0.0,34.22462070707114,9.589074368143644,0.0,12.841643245852019,0.0,0.0,0.0
CC12CCC(CC1)C(C)(C)O2,0,69.12561297984745,4.736862953800049,0.0,0.0,0.0,0.0,0.0,0.0,0.0,0.0,0.0,0.0,52.372404136937305,0.0,11.202101621967376,4.736862953800049,0.0,0.0,0.0,5.917906046161393,57.65659971274329,0.0,0.0,0.0,0.0,0.0,0.0,0.0,11.202101621967376,4.736862953800049,5.917906046161393,46.4544980907759,0.0,0.0,0.0
CCCC(=O)Nc1ccc(OCC(O)CNC(C)C)c(C(C)=O)c1,1,143.14125604126278,20.476967556653417,18.460360185545127,5.783244946364939,5.907179729351506,0.0,0.0,9.589074368143644,0.0,0.0,0.0,20.771211599071872,31.54366002800146,24.69480513267011,5.563451491696996,19.4324647167844,17.377810950400008,0.0,5.316788604006331,0.0,52.68239926151078,18.468426974431825,23.762552697081826,5.749511833283905,15.37044016181271,5.687386274683562,5.749511833283905,0.0,42.09439765787891,4.794537184071822,0.0,50.894580720383324,18.19910120538483,0.0,0.0
Nc1ncnc2c1ncn2[C@@H]1O[C@@H]2COP(=O)(O)O[C@H]2[C@H]1O,0,122.82279633100636,20.47046942855542,30.155919955625706,17.692941169337626,0.0,0.0,7.822697123132171,13.61459397121499,19.516983847772952,0.0,0.0,0.0,0.0,0.0,12.934202039277459,28.349344559748197,24.804437839351188,0.0,19.51903521063298,0.0,24.539800333979777,12.340549441675103,12.654640149529083,0.0,5.733667477162185,5.817862777835028,0.0,7.822697123132171,54.43775533598397,18.349405562155013,0.0,6.22790117073487,12.654640149529083,0.0,11.16387793838399
COc1ccc(-c2ccc3c(N4CCOCC4C)nc(N4CCOCC4C)nc3n2)cc1CO,1,198.85128564695995,29.116935717941807,11.567374611118932,5.647177220767728,5.948339280986494,0.0,0.0,0.0,4.983978520947208,9.967957041894415,0.0,0.0,44.1793097416893,24.21641579521914,63.30804123145129,19.31711625624085,22.799603494054047,0.0,14.951935562841623,0.0,32.53803802219009,56.426657672855306,35.89528683400505,17.00689131982936,14.536682415501005,11.766202058821523,5.749511833283905,0.0,78.7689828271326,16.080607872113017,0.0,19.410925891078243,30.33183534230805,0.0,22.29078092177798
O=C(O)/C=C/C(=O)O,0,45.05598604331467,10.213054789681411,0.0,0.0,0.0,0.0,11.938610575903697,0.0,9.589074368143644,0.0,0.0,0.0,0.0,12.152040213667762,0.0,19.802129157825057,11.938610575903697,0.0,0.0,0.0,0.0,0.0,12.152040213667762,0.0,0.0,0.0,0.0,0.0,22.15166536558511,9.589074368143644,0.0,0.0,12.152040213667762,0.0,0.0
O=C1CCc2ccc(OCCCCN3CCN(c4cccc(Cl)c4Cl)CC3)cc2N1,0,187.44232758419403,14.953561288656857,5.749511833283905,0.0,5.907179729351506,0.0,0.0,9.694446914922299,0.0,0.0,0.0,35.33461391738825,49.56977397177243,44.35360058972148,22.339534866679134,9.53140013787187,40.48383205918366,0.0,4.899909730850477,0.0,25.683286491704038,49.5473623289326,52.006920529949305,5.749511833283905,14.953561288656857,11.374772549367124,5.749511833283905,23.20187978046503,50.13775345427777,11.21535880699783,0.0,24.825916360475023,36.39820241076966,10.045266627482652,0.0
CC1=CC(=O)c2ccccc2C1=O,0,75.88372370585405,0.0,0.0,11.566489892729878,0.0,0.0,0.0,9.589074368143644,0.0,0.0,0.0,24.26546827384644,12.999757306524504,16.70000751346326,0.0,9.589074368143644,11.566489892729878,0.0,0.0,0.0,6.923737199690624,0.0,47.04149589414358,0.0,0.0,0.0,0.0,0.0,11.566489892729878,0.0,0.0,27.639714551228256,35.91459291074959,0.0,0.0
Cc1cc(C(=O)NOCCO)c(Nc2ccc(I)cc2F)n(C)c1=O,0,156.45478693754026,10.423315998847038,11.635083618880923,0.0,0.0,11.466446624403513,0.0,18.99376259967163,9.870511645796022,0.0,0.0,0.0,53.78007610060512,16.18130574543958,24.464601695406394,19.12906821032398,40.00329940893815,0.0,10.047196245912556,7.04767198267719,6.923737199690624,18.530552533032168,55.13357844847555,0.0,16.35615209717954,15.89566410019341,0.0,22.590870627068057,28.794570701009402,11.885260566413823,16.311140311801914,15.921440167465814,29.060005457918262,0.0,0.0
COc1cccc2cc(-c3nc(C4CCC(C(=O)O)CC4)n4ncnc(N)c34)[nH]c12,1,171.44777772517014,20.561036346750146,29.111865118513094,5.817862777835028,0.0,0.0,5.9693052879518484,4.794537184071822,14.483354935510038,5.098681808301038,0.0,12.13273413692322,37.81602062862726,11.304130260626188,24.238332299903647,14.637927532712576,28.206793715484196,0.0,24.56601526475828,5.917906046161393,31.60119253786543,12.84346501843972,36.41719284661091,17.137367822980828,10.470530430962235,5.817862777835028,5.749511833283905,0.0,42.75164548882836,4.794537184071822,5.917906046161393,37.42559703586536,30.59278834861098,0.0,27.80748163939424
CC1(C)CCC2=C(O1)c1ccccc1C(=O)C2=O,1,105.45120623941816,4.736862953800049,11.360215682639865,0.0,11.566489892729878,0.0,0.0,9.589074368143644,0.0,0.0,0.0,24.26546827384644,26.689117645233267,16.70000751346326,0.0,14.325937321943691,17.325654764386055,0.0,0.0,0.0,32.29016845621695,0.0,40.9654757873097,0.0,0.0,0.0,0.0,0.0,17.167540703713566,9.53140013787187,0.0,42.61055781269908,29.838572803915707,0.0,5.759164871656176
CCCCC(=O)OC1(C(=O)CO)C(C)CC2C3CC=C4CC(=O)C=CC4(C)C3(F)C(O)CC21C,0,200.17732976061237,14.94991774348146,6.606881964512918,17.053055576094305,5.783244946364939,0.0,5.9693052879518484,14.383611552215466,4.39041504767482,0.0,0.0,44.91717796573491,44.60094984438993,35.50743627696836,6.103966387748303,33.72394434337174,17.535795180681728,0.0,0.0,28.583699077277736,90.01447717672224,6.606881964512918,23.80116485057091,0.0,0.0,4.39041504767482,0.0,0.0,51.72950895235372,19.120474506015512,28.583699077277736,72.64070015924457,23.80116485057091,0.0,0.0
c1cc(CN2CCCNCCNCCCNCC2)ccc1CN1CCCNCCNCCCNCC1,0,220.26730777121892,31.900731624037984,0.0,0.0,0.0,0.0,0.0,9.799819461700954,0.0,0.0,0.0,24.26546827384644,89.16824072239865,65.44756405912574,0.0,0.0,0.0,0.0,41.700551085738944,0.0,38.7727993035292,104.71610249460122,35.392371257240434,0.0,31.900731624037984,0.0,0.0,0.0,114.51592195630218,13.08951281182515,0.0,36.81018947509803,24.26546827384644,0.0,0.0
CC(=O)Nc1cccc2c1c(Sc1ccc(Cl)cc1)c(C)n2CC(=O)O,0,159.50752072502738,14.990415646638391,6.544756405912575,0.0,5.907179729351506,0.0,5.9693052879518484,9.589074368143644,0.0,0.0,0.0,29.429191908085244,43.32193961046029,32.817489673780756,11.204086992299825,14.69560176298435,51.829621063691604,0.0,4.567099647791355,0.0,30.183197756329374,5.316788604006331,53.181130787821054,0.0,5.316788604006331,5.687386274683562,0.0,23.36282483962363,21.550112059935415,16.133830774056218,6.923737199690624,12.617665194539086,52.25553643026682,5.022633313741326,10.902924932081056
Cn1cc(-c2ccc(F)c(C(F)(F)F)c2)nc1C1CCN(c2ncnc3[nH]ncc23)CC1,0,179.67333281333026,9.467009378641832,23.78680819164539,5.647177220767728,0.0,0.0,6.176298517443475,5.098681808301038,19.34235061051644,18.269926951325495,0.0,0.0,31.04074445123685,37.815385903973805,22.84044727262333,17.56166019069928,16.85126421306755,0.0,29.716398827235054,7.04767198267719,24.935847809456888,17.989422542675626,54.12518525411835,11.257379486545457,4.899909730850477,23.379522968534307,0.0,0.0,42.805911639060206,13.223970500120664,5.817220841045894,30.147405281710334,36.920108423375524,0.0,22.29078092177798
CC(C)NC(=O)COc1cccc(-c2nc(Nc3ccc4[nH]ncc4c3)c3ccccc3n2)c1,0,195.9449807961037,15.37044016181271,11.567374611118932,12.431286462512844,0.0,5.907179729351506,0.0,9.893218992372859,9.967957041894415,5.098681808301038,0.0,24.26546827384644,56.31204387861251,28.06512702445811,17.2302450068456,9.53140013787187,39.21827864603221,0.0,25.48210926250282,0.0,19.88931522852921,11.923670568519249,72.9268813246908,17.137367822980828,15.37044016181271,11.50524905251859,5.749511833283905,0.0,38.721223181508876,4.794537184071822,0.0,13.847474399381248,72.9268813246908,0.0,33.193705853859036
CC(=O)NCC1CN(c2ccc(N3CCOCC3)c(F)c2)C(=O)O1,0,138.85436154244692,19.690424242456906,11.921187228794196,0.0,5.907179729351506,0.0,6.093240070938415,9.694446914922299,9.184952231746642,0.0,0.0,0.0,18.19910120538483,20.013250011515776,37.67804929021811,23.45321532341856,23.375192349657045,0.0,5.316788604006331,0.0,13.027703587438927,49.192609014377084,24.016322046430723,0.0,15.116608065707286,20.559724781113765,0.0,0.0,57.497175740714354,14.268263091671919,5.817220841045894,6.923737199690624,18.19910120538483,0.0,0.0
CCc1cc2c(cc1CC)CC(NCC(O)c1ccc(O)c3[nH]c(=O)ccc13)C2,0,169.96830950232678,20.513821914634953,5.749511833283905,0.0,5.559266895052007,0.0,0.0,4.794537184071822,0.0,0.0,0.0,32.046575604766076,65.63327808711223,24.039188517986943,11.620667105364564,10.213054789681411,10.902924932081056,0.0,10.300767124953538,0.0,51.67656810798155,6.544756405912575,74.56926394837848,5.749511833283905,10.876055499058339,0.0,5.749511833283905,0.0,27.783630545689153,25.683286491704038,0.0,47.76869824561452,41.192739594841484,0.0,10.902924932081056
Nc1nc(=O)c2ncn(COCCO)c2[nH]1,1,89.69516162363053,20.56103634675015,12.377993968267212,5.516700717616262,5.948339280986494,0.0,5.559266895052007,9.361636831863176,4.983978520947208,4.983978520947208,0.0,0.0,0.0,0.0,19.541084003790377,9.843390348640755,17.112217219370482,0.0,19.51903521063298,0.0,6.730816747499484,18.94743140618802,16.68112415388837,0.0,11.29293437221419,5.948339280986494,0.0,0.0,37.83932653449952,11.467679701299534,0.0,0.0,11.121857258836364,0.0,11.16387793838399
CCCCOC(=O)c1ccc(N)cc1,0,83.87107171804337,10.470530430962235,0.0,0.0,0.0,0.0,5.9693052879518484,0.0,4.794537184071822,0.0,0.0,13.344558822616634,30.686289896772447,5.687386274683562,12.170333456209914,9.53140013787187,11.65669156263541,0.0,0.0,0.0,19.765380445542643,12.340549441675103,29.828919765543436,0.0,5.733667477162185,5.687386274683562,0.0,0.0,12.576187252464766,4.736862953800049,0.0,30.12336912131146,24.26546827384644,0.0,0.0
O=C(C[S+]([O-])Cc1ccco1)NCC=CCOc1cc(CN2CCCCC2)ccn1,0,180.2304420709716,19.023552368550092,6.606881964512918,17.265954632368018,5.879988336435371,5.907179729351506,0.0,9.694446914922299,4.983978520947208,0.0,0.0,12.49684172975989,66.94558333497817,25.352723451899838,6.263162995639057,18.501300948615583,17.083034202736794,0.0,15.200676855804016,0.0,31.560074881437394,31.994004788997433,60.20121396533777,5.879988336435371,10.05365155780638,0.0,5.879988336435371,0.0,52.33782264383699,28.268001670116476,0.0,30.586163779349466,53.294665991819684,0.0,0.0
CNC(=O)c1cc(Oc2ccc(NC(=O)Nc3cc(C(C)(C)C)nn3-c3ccc4ncccc4c3)c(F)c2)ccn1,1,235.1371858723991,15.37044016181271,28.828035280297193,0.0,0.0,5.907179729351506,6.031114512338072,20.07928282997257,13.866755166891826,5.098681808301038,0.0,26.83757866753348,42.46456947923127,48.44167501514974,22.585401261831848,18.716352369618512,34.346468226289225,0.0,25.06523038934697,0.0,26.18620206846865,17.68124919068985,96.3288017270467,17.186409941251373,20.68722876581904,20.690201284265235,11.49902366656781,0.0,38.734408009707394,5.414990469396779,5.817220841045894,36.95360477284062,79.12372489630387,0.0,16.59031120676462
CN1CCN(C2=Nc3cc(Cl)ccc3Nc3ccccc32)CC1,0,140.93460594163878,15.116608065707286,5.835619785757269,0.0,0.0,0.0,0.0,0.0,4.992404732635668,0.0,0.0,23.733674027155736,37.37950732498524,42.45249670377218,11.374772549367124,0.0,34.49871850004047,0.0,9.799819461700954,4.992404732635668,0.0,38.54348621033382,53.05065428466959,0.0,5.316788604006331,17.062158824050687,0.0,11.600939890232516,48.86213685378571,0.0,0.0,5.563451491696996,47.456974211866935,5.022633313741326,0.0
O=C(N[C@H]1C[N@]2CC[C@@H]1CC2)c1ccc(Cl)cc1,0,112.11376190834824,10.216698334856808,0.0,0.0,0.0,5.907179729351506,0.0,4.794537184071822,0.0,0.0,0.0,11.600939890232516,56.114530377685,23.17268204049886,0.0,4.794537184071822,17.508119619584022,0.0,10.216698334856808,5.917906046161393,18.88348407499998,19.634269217737724,34.85155307928476,0.0,5.316788604006331,0.0,0.0,11.600939890232516,36.48319950708767,0.0,5.917906046161393,23.199631921620835,24.26546827384644,5.022633313741326,0.0
CNC(=O)C1O[C@@H](n2cnc3c(NCc4cccc(I)c4)nc(Cl)nc32)[C@H](O)[C@@H]1O,0,189.32536490407642,25.583494951494117,12.207932775496605,29.31360827470219,5.283586320044258,5.907179729351506,0.0,9.361636831863176,4.983978520947208,9.967957041894415,0.0,12.13273413692322,51.88799614592079,17.16261065965516,6.3273200747645415,19.74445492755328,57.0807309628711,0.0,24.83582381463931,0.0,31.08455673989235,12.36446058668352,45.01000843141763,0.0,10.633577208012662,5.817862777835028,0.0,34.191810517300574,60.99884087558799,16.076156543784446,3.5701822710653963,11.791352662431866,30.59278834861098,5.283586320044258,11.16387793838399
CN1CCC(OC(c2ccccc2)c2ccccc2)CC1,1,126.9106398725183,9.636772684650527,6.103966387748303,0.0,0.0,0.0,0.0,0.0,0.0,0.0,0.0,60.6636706846161,31.0162182119232,13.08951281182515,6.103966387748303,4.736862953800049,0.0,0.0,4.899909730850477,0.0,25.049576021348624,20.13718479450234,71.7905736680101,0.0,0.0,0.0,0.0,0.0,31.141060913101118,4.736862953800049,0.0,30.072512616994313,60.6636706846161,0.0,0.0
CC[C@@]1(O)C(=O)OCc2c1cc1n(c2=O)Cc2cc3c(CN(C)C)c(O)ccc3nc2-1,1,177.87713663248533,24.41692712212329,12.356393797796823,5.601050810983688,0.0,5.559266895052007,5.9693052879518484,4.794537184071822,9.778515705019029,0.0,0.0,6.923737199690624,44.781633862126824,28.621335095468357,29.012764604922754,19.744454927553285,16.872230220032904,0.0,14.45098789958904,0.0,38.64200440993839,14.09534396535438,56.87307831975825,17.137367822980828,5.559266895052007,0.0,5.749511833283905,0.0,44.728691942576674,34.82884572519363,0.0,35.59836478940461,29.060005457918262,0.0,22.29078092177798
O=C(O)C(O)C(O)C(O)C(O)C(O)CO,0,84.65006207962504,35.745691763884935,24.41586555099321,6.103966387748303,0.0,0.0,5.9693052879518484,0.0,4.794537184071822,0.0,0.0,0.0,0.0,0.0,6.606881964512918,40.540228947956756,5.9693052879518484,0.0,0.0,0.0,30.51983193874151,6.606881964512918,0.0,0.0,0.0,0.0,0.0,0.0,78.84171095509122,4.794537184071822,0.0,0.0,0.0,0.0,0.0
CN(C)CCN(Cc1ccc(Cl)cc1)c1ccccn1,0,125.35578944577897,9.799819461700954,5.817862777835028,0.0,0.0,0.0,0.0,0.0,4.983978520947208,0.0,0.0,29.800041095617345,43.92426373089781,30.853746103092128,0.0,0.0,17.418802668067542,0.0,9.883888251797686,0.0,6.544756405912575,32.08476650803001,59.24749785628266,0.0,4.899909730850477,5.817862777835028,0.0,11.600939890232516,37.06874502897722,6.544756405912575,0.0,5.563451491696996,48.661413050844345,5.022633313741326,0.0
NC(=O)C1CC[C@@H]2CN1C(=O)N2OS(=O)(=O)O,0,97.00506725974121,10.633577208012662,6.041840829147961,0.0,5.907179729351506,0.0,16.43011509398768,9.347287057762186,4.794537184071822,13.481014709294286,4.283811062586292,0.0,12.841643245852019,6.544756405912575,6.041840829147961,26.843432288749234,22.337294823339185,0.0,9.963127455815826,5.733667477162185,24.925324904147942,6.544756405912575,0.0,0.0,5.733667477162185,4.794537184071822,0.0,0.0,53.500406619733205,19.47734882830772,0.0,12.841643245852019,0.0,0.0,0.0
Cc1c(N(C)C)c(=O)n(-c2ccccc2)n1C,0,100.68682649695076,4.899909730850477,5.687386274683562,0.0,0.0,5.559266895052007,0.0,9.476340119217006,4.681802935145184,0.0,0.0,18.19910120538483,19.056471336613843,21.143015948031568,11.381314269532023,0.0,5.687386274683562,0.0,9.363605870290368,7.04767198267719,6.923737199690624,18.995253696204855,46.37956741628034,5.687386274683562,10.459176625902483,5.687386274683562,0.0,0.0,23.458949835644745,7.04767198267719,6.923737199690624,5.693927994848461,35.126372526379875,0.0,5.687386274683562
Cc1sc2c(c1C)C(c1ccc(Cl)cc1)=N[C@@H](CC(N)=O)c1nnc(C)n1-2,1,165.26160139698916,5.733667477162185,16.867327303835754,5.824404497999927,5.907179729351506,0.0,0.0,14.354041564498846,0.0,0.0,21.534149494536813,23.733674027155736,38.46739722769209,21.026683490836618,12.132506625696712,4.794537184071822,34.55659050028946,0.0,14.76446326439343,10.726072209797852,33.23387405114585,0.0,62.50441225237991,5.001081976687867,5.733667477162185,0.0,0.0,22.93772576816725,26.38332799651564,4.794537184071822,20.771211599071872,45.67897311686612,29.257873006482107,5.022633313741326,5.001081976687867
CCC1OC(=O)CC(O)C(C)C(OC2OC(C)C(O)C(N(C)C)C2O)C(CCN2CC(C)CC(C)C2)CC(C)C(=O)C=CC(C)=CC1COC1OC(C)C(O)C(OC)C1OC,1,364.573578653018,63.383969717664115,30.51983193874151,18.363298405035366,0.0,0.0,5.9693052879518484,9.589074368143644,0.0,0.0,0.0,52.34383074219014,90.92433670736091,45.06282603286439,49.58937635532839,63.1732246241068,11.752550234316788,0.0,9.799819461700954,35.507436276968356,167.15556387745644,54.55609023016008,23.80116485057091,0.0,0.0,0.0,0.0,0.0,176.1961276708421,42.747115044743985,35.507436276968356,87.49400571215503,23.80116485057091,0.0,0.0
CC(=O)CC(c1ccccc1)c1c(O)c2ccccc2oc1=O,0,132.5520250911752,9.523678331894054,17.115776921291086,0.0,0.0,0.0,5.625586319077987,4.794537184071822,4.794537184071822,0.0,0.0,42.46456947923127,24.619922828310838,12.338727669087403,10.949675706161791,14.318215515965875,16.75248930247198,0.0,0.0,0.0,19.262464868778025,0.0,76.14433010269829,5.749511833283905,5.625586319077987,0.0,5.749511833283905,0.0,10.889772341205646,4.794537184071822,0.0,30.389367852172015,63.80899173727966,0.0,10.969244356107037
NCCc1ccc(O)cc1,1,60.2954117974989,10.84019487200289,5.749511833283905,0.0,0.0,0.0,0.0,0.0,0.0,0.0,0.0,12.13273413692322,30.6617636574588,0.0,0.0,5.106527394840706,0.0,0.0,0.0,5.733667477162185,6.4208216229260096,6.544756405912575,29.828919765543436,5.749511833283905,5.733667477162185,0.0,5.749511833283905,0.0,11.65128380075328,6.4208216229260096,0.0,5.563451491696996,24.26546827384644,0.0,0.0
COc1ccc(COc2cc3oc(=O)c4cc(C(C)O)ccc4c3cc2OC)cc1,1,172.7777453257839,23.7342671932942,17.939413939439063,11.49902366656781,0.0,0.0,5.625586319077987,0.0,4.794537184071822,0.0,0.0,24.26546827384644,42.316108456931055,16.838815497391202,25.709785684768168,23.7342671932942,21.74169278503663,0.0,0.0,0.0,19.634585551951844,14.219595082555067,76.1443301026983,17.248535499851716,19.836175180478136,0.0,17.248535499851716,0.0,19.32612247739577,6.606881964512918,0.0,24.154606570832918,63.808991737279655,0.0,21.74169278503663
CNC(C)C(=O)NC(C(=O)N1CCCC1C(=O)Nc1snnc1-c1ccccc1)C1CCCCC1,1,209.7640402740583,20.85027554286947,22.77869162983225,0.0,17.721539188054518,0.0,0.0,14.383611552215466,0.0,0.0,5.098681808301038,54.08254347985637,45.57260172023325,23.640694509176246,6.041840829147961,14.383611552215466,34.25510777630906,0.0,25.120412015934455,5.917906046161393,69.99501104761659,18.909216992596097,30.33183534230805,11.257379486545457,15.950365812018994,5.001081976687867,0.0,11.532486611566675,63.92632487200996,14.383611552215466,5.917906046161393,51.8694885601727,30.33183534230805,0.0,11.257379486545457
O=C(Nc1ccc([N+](=O)[O-])cc1O)Nc1ccccc1Br,0,127.42944298755464,15.740104602853368,5.749511833283905,0.0,0.0,5.687386274683562,6.031114512338072,10.114318268765572,4.794537184071822,0.0,0.0,12.13273413692322,34.12904510333418,10.539086584294024,22.364450666646405,14.824375627730198,39.023217234338105,0.0,0.0,0.0,0.0,10.633577208012662,57.05160726382926,5.749511833283905,10.633577208012662,21.85669600812251,5.749511833283905,15.929943897949348,16.06095295599645,0.0,10.114318268765572,0.0,46.93728899506369,0.0,0.0
CC1(C)OCCn2c1nc1c(N3CCOCC3)nc(-c3cnc(N)nc3)nc12,0,161.28716521837922,24.674402763404117,11.425455308983615,22.806145214218944,5.948339280986494,0.0,0.0,0.0,24.919892604736038,0.0,0.0,0.0,13.847474399381248,32.02795636096388,25.384097385235748,9.473725907600098,22.93007999720551,0.0,29.486992252527394,0.0,25.99328161627751,43.543735913376565,18.21809164122608,11.387855989696924,10.633577208012662,11.766202058821523,0.0,0.0,62.397150957891284,21.61953312449636,0.0,19.671878897381177,12.393687143226153,0.0,22.55173392808091
COc1cc2nc(N(C)CCCNC(=O)C3CCCO3)nc(N)c2cc1OC,0,163.7126400573472,30.16095467341914,11.92182916558333,11.49902366656781,11.855519010338,0.0,0.0,4.794537184071822,4.983978520947208,4.983978520947208,0.0,0.0,25.328831937239638,38.19665804194167,19.736295800171327,19.005126045471968,28.576306720254085,0.0,15.284745645900745,0.0,25.36643125652633,51.59723904958298,12.13273413692322,11.49902366656781,25.424091719619092,11.766202058821523,11.49902366656781,0.0,62.942765000564535,9.53140013787187,0.0,19.26246486877803,12.13273413692322,0.0,10.902924932081056
CC1(C)CC(=O)c2c(C(F)(F)F)nn(-c3ccc(C(N)=O)c(NC4CCC(OC(=O)CN)CC4)c3)c2C1,1,211.2475036218595,21.52098651213075,6.103966387748303,11.4771729412134,0.0,5.907179729351506,12.145603805395323,14.383611552215466,4.681802935145184,18.269926951325495,0.0,13.847474399381248,55.718199789411656,18.150048726757532,29.052973658838592,32.291719649039976,23.347116238351855,0.0,9.780484743446221,16.88232542372115,70.69450987127705,11.861545009918906,40.71386017847574,5.687386274683562,16.784123558330702,18.858631417708022,0.0,0.0,46.13077832992335,22.128520278241353,5.414990469396779,78.05541585524587,18.19910120538483,0.0,5.687386274683562
Clc1ccc(C(Cn2ccnc2)OCc2ccc(Sc3ccccc3)cc2)c(Cl)c1,0,190.17947967807044,9.303962601591405,6.103966387748303,0.0,0.0,0.0,0.0,0.0,4.983978520947208,0.0,0.0,71.36196714062581,41.96165390246666,37.793372213441344,19.478958445190035,4.736862953800049,34.963764729856145,0.0,9.551078168738563,0.0,29.046571709209346,0.0,112.68958165040671,0.0,0.0,0.0,0.0,34.963764729856145,9.551078168738563,17.888501324225544,0.0,17.230869371142294,101.3083789905656,10.045266627482652,0.0
Cc1c(O)c(=O)ccn1C,0,58.54666266807178,9.67362704263206,0.0,5.749511833283905,5.428790391900541,0.0,0.0,4.794537184071822,0.0,0.0,0.0,0.0,6.923737199690624,19.310882622751876,5.693927994848461,5.106527394840706,0.0,0.0,4.567099647791355,7.04767198267719,6.923737199690624,0.0,28.18046621089551,5.749511833283905,5.428790391900541,0.0,5.749511833283905,0.0,9.67362704263206,7.04767198267719,6.923737199690624,5.693927994848461,17.05774782414651,0.0,0.0
Cc1nc(Nc2[nH]nc3c2CN(C(=O)NC(CN(C)C)c2ccccc2)C3(C)C)c2sccc2n1,1,208.1286810641337,20.433396669713616,11.642267275834955,5.817862777835028,0.0,0.0,6.031114512338072,5.098681808301038,14.762494225966236,5.098681808301038,11.336785877934735,30.33183534230805,51.876436895050766,12.10820789760957,34.0360711163777,4.794537184071822,39.220246580028224,0.0,35.28192872420378,0.0,38.89673408651576,25.956888975273287,64.42350065747794,0.0,10.633577208012662,16.430262739741877,0.0,11.336785877934735,56.636355003802464,12.08368165829592,6.923737199690624,42.53455070477159,41.778265181235575,0.0,10.216620634085363
Nc1nc(Nc2ccc3c(c2)CCC(N2CCCC2)CC3)nn1-c1cc2c(nn1)-c1ccccc1CCC2,1,222.8487151688899,15.950365812018994,0.0,5.817862777835028,11.896678561972989,0.0,0.0,0.0,0.0,9.665781456092391,15.296045424903113,30.33183534230805,111.32981459033206,17.292678595528518,5.693927994848461,0.0,17.58406483665655,0.0,29.861736611845984,0.0,63.82923543548206,24.139968892993668,70.78474251448087,17.075242264380485,11.050456081168516,17.58406483665655,0.0,0.0,48.9930902528191,25.683286491704038,0.0,54.35791408141803,48.53093654769288,0.0,17.075242264380485
Cc1c(Cn2c(C)nc3c(C(=O)O)cc(N4CCOCC4)cc32)cccc1C(F)(F)F,0,176.41333058262134,19.310399727282586,11.341105215616189,0.0,0.0,0.0,12.145603805395323,0.0,9.778515705019029,13.171245143024459,0.0,12.13273413692322,43.173478588160066,25.32165549242129,29.857367630036087,27.809172675737038,22.690092997867936,0.0,9.551078168738563,0.0,26.568529322737298,31.203186471701464,58.410045807095955,0.0,4.899909730850477,18.858631417708022,0.0,0.0,46.9301875923821,17.4579178771561,13.847474399381248,32.87274764885973,30.33183534230805,0.0,11.033401435232523
CCc1c(Cl)c(O)c(Cl)c(O)c1C(=O)OC1C(C)OC(OCC2=CC=CCC(O)C(C)=CC(CC)C(OC3OC(C)(C)C(OC(=O)C(C)C)C(O)C3O)C(C)=CC(C)=CCC(C(C)O)OC2=O)C(OC)C1O,1,431.3123286155536,73.64059539428534,46.706967555163516,36.287009900734844,0.0,0.0,17.907915863855546,4.794537184071822,9.589074368143644,0.0,0.0,86.85003364346619,90.5143059252818,19.448525210364934,47.536391405478106,88.02420694650083,41.10979564432058,0.0,0.0,11.835812092322787,187.16913022318636,13.716679505790452,79.920708372157,11.49902366656781,0.0,0.0,11.49902366656781,23.20187978046503,152.6950216684164,53.90479962147005,11.835812092322787,111.34501423284068,58.74853876128035,10.045266627482652,0.0
CCNC(=O)CCCC=CCC1C(O)CC(O)C1C=CC(O)CCc1ccccc1,0,180.07435161537458,20.63637078852845,0.0,0.0,5.907179729351506,0.0,0.0,4.794537184071822,0.0,0.0,0.0,54.635915769643574,50.50920285217906,25.30430569792599,18.31189916324491,20.11411936859394,5.907179729351506,0.0,5.316788604006331,11.835812092322787,70.1813877234176,6.544756405912575,60.19936726134057,0.0,5.316788604006331,0.0,0.0,0.0,46.0834174830311,11.21535880699783,11.835812092322787,51.01211842894368,54.635915769643574,0.0,0.0
Clc1ccc(Nc2nnc(Cc3ccncc3)c3ccccc23)cc1,0,150.07272409949078,5.316788604006331,0.0,5.817862777835028,0.0,0.0,0.0,4.983978520947208,0.0,5.098681808301038,5.098681808301038,35.866408164078955,41.96165390246666,40.29697678350664,5.693927994848461,0.0,33.878637371680696,0.0,15.181342137549283,0.0,6.4208216229260096,5.316788604006331,89.33737062812907,0.0,5.316788604006331,11.50524905251859,0.0,11.600939890232516,15.181342137549283,6.4208216229260096,0.0,11.257379486545457,73.05735782784227,5.022633313741326,10.772448428929591
CC1CCC(C(=O)N(c2cc(C#CC(C)(C)C)sc2C(=O)O)C2CCC(O)CC2)CC1,1,189.39445925172095,15.112964520531888,4.877147193701299,0.0,5.907179729351506,0.0,5.9693052879518484,4.794537184071822,4.794537184071822,0.0,11.336785877934735,18.764605837401913,84.12205769710297,17.374737344706134,16.668499856133167,19.802129157825057,28.90065716992165,0.0,0.0,17.250802561719567,91.20732899906685,4.899909730850477,15.82066145586421,11.840868637711289,4.899909730850477,5.687386274683562,0.0,11.336785877934735,34.235347023881026,4.794537184071822,29.091671199430856,93.61035335364501,6.06636706846161,0.0,0.0
CCC(NC(=O)C(C)NC)C(=O)N1CC(O)CC1Cc1c(-c2[nH]c3cc(F)ccc3c2CC2CC(O)CN2C(=O)C(CC)NC(=O)C(C)NC)[nH]c2cc(F)ccc12,0,336.0317226835718,51.247985709302114,23.71812334038771,0.0,23.628718917406022,0.0,0.0,19.178148736287287,8.78083009534964,0.0,0.0,13.847474399381248,113.99285349645535,46.97904433428319,35.67947042348945,38.172033621318334,45.43456878156814,0.0,41.03493091962069,0.0,114.67885628670292,27.18485677717953,59.159547076255436,11.387855989696922,21.267154416025324,8.78083009534964,0.0,0.0,129.25338473824672,32.01979198213931,11.634441682091788,64.50513827386052,36.39820241076966,0.0,33.193705853859036
O=S(=O)(O)CCS,0,47.8878958156685,0.0,0.0,0.0,0.0,10.118126859033554,0.0,4.552749873690364,0.0,21.04658613234193,0.0,0.0,0.0,5.752853606746789,5.752853606746789,12.9705468580193,22.746916007046543,0.0,0.0,0.0,0.0,11.505707213493578,0.0,0.0,0.0,0.0,0.0,12.628789148012991,24.47625407151288,10.118126859033554,0.0,0.0,0.0,0.0,0.0
Cc1ccc(Nc2nccc(N(C)c3ccc4c(C)n(C)nc4c3)n2)cc1S(N)(=O)=O,0,180.14391638303977,10.216698334856808,5.817862777835028,0.0,15.97163043439408,0.0,0.0,4.681802935145184,18.540749242884086,10.082660329248245,0.0,6.06636706846161,55.809128301847906,42.74711229564783,10.412184193134037,8.417796984328938,44.06719069367729,0.0,19.74844178534064,12.186645720285131,18.742957874899023,17.264370317534,59.9187925373898,0.0,15.355672072464749,23.140974608188646,0.0,0.0,35.21391075234676,17.070963136084774,13.847474399381248,11.257379486545457,53.556896526362124,0.0,10.902924932081056
O=C(O)C=C(CC(=O)O)C(=O)O,0,66.74162612434765,15.319582184522117,0.0,0.0,0.0,0.0,17.907915863855546,4.794537184071822,9.589074368143644,0.0,0.0,0.0,0.0,6.076020106833881,11.993926152995275,29.703193736737582,17.907915863855546,0.0,0.0,0.0,6.4208216229260096,0.0,11.649124636903148,0.0,0.0,0.0,0.0,0.0,33.22749804837766,14.383611552215466,0.0,6.4208216229260096,11.649124636903148,0.0,0.0
O=C(NCC(O)CO)c1ccncc1Nc1ccc(I)cc1F,0,145.44500125971567,20.846631997694075,5.817220841045894,0.0,0.0,5.907179729351506,0.0,9.778515705019029,4.39041504767482,0.0,0.0,0.0,46.8563389009145,16.311782248591047,35.84591596493841,19.398007021428054,39.87282290578669,0.0,10.300767124953538,0.0,6.103966387748303,18.468426974431825,51.610010020880885,0.0,10.633577208012662,15.765187597041944,0.0,22.590870627068057,40.35981779815393,0.0,9.38740311211129,10.357988675768818,36.65915541707259,0.0,0.0
CC(C(=O)O)c1ccc(C(=O)c2cccs2)cc1,0,108.70590700584246,5.106527394840706,0.0,0.0,5.783244946364939,0.0,5.9693052879518484,9.589074368143644,0.0,0.0,11.336785877934735,30.33183534230805,23.933618530315144,5.563451491696996,10.795053239862693,14.69560176298435,23.089336112251523,0.0,0.0,0.0,12.841643245852017,0.0,57.78231535833086,0.0,0.0,0.0,0.0,11.336785877934735,16.859077629157493,4.794537184071822,0.0,33.64023060701913,41.778265181235575,0.0,0.0
CCC(=C(c1ccc(O)cc1)c1ccc(OCCN(C)C)cc1)c1ccccc1,1,173.44313806651985,14.743300079491231,18.105905631080727,0.0,0.0,0.0,0.0,0.0,0.0,0.0,0.0,61.52104081584511,72.61819739735634,6.544756405912575,0.0,9.843390348640755,11.146209060138533,0.0,4.899909730850477,0.0,13.344558822616634,27.246982335779872,95.55312636509196,11.49902366656781,4.736862953800049,0.0,11.49902366656781,0.0,37.253419461471054,0.0,0.0,30.034913297707618,78.86277189000094,0.0,11.146209060138533
CN1[C@@H]2C[C@@H](OC(=O)C(CO)c3ccccc3)C[C@H]1[C@@H]1O[C@@H]12,0,129.3709528987289,14.580253302440804,24.2298052094063,0.0,0.0,0.0,5.9693052879518484,9.694446914922299,0.0,0.0,0.0,30.33183534230805,12.611123474374185,24.925324904147942,6.606881964512918,19.374790486512623,5.9693052879518484,0.0,4.899909730850477,0.0,49.155130113554236,13.654553947190108,35.89528683400505,0.0,0.0,0.0,0.0,0.0,60.025877182373954,14.268263091671919,0.0,24.32300078371041,30.33183534230805,0.0,0.0
NC1CCC(N[C@@H]2C[C@H]2c2ccccc2)CC1,0,103.59397272262878,11.050456081168516,0.0,0.0,0.0,0.0,0.0,0.0,0.0,0.0,0.0,30.33183534230805,37.667559606327046,24.043428533605272,0.0,0.0,0.0,0.0,5.316788604006331,5.733667477162185,56.14753664823533,0.0,35.89528683400505,0.0,11.050456081168516,0.0,0.0,0.0,18.12552248744388,0.0,0.0,43.58546565248844,30.33183534230805,0.0,0.0
CN(C)CCC=C1c2ccccc2C(C)(C)c2ccccc21,0,133.83737583962036,4.899909730850477,0.0,0.0,0.0,0.0,0.0,0.0,0.0,0.0,0.0,68.45443105390801,48.34307608513763,11.959746875309353,0.0,0.0,5.5731045300692665,0.0,4.899909730850477,0.0,25.683286491704035,20.640100371266954,76.86076262131475,0.0,0.0,0.0,0.0,0.0,25.54001010211743,5.414990469396779,0.0,42.52210198909524,54.60695665452676,0.0,5.5731045300692665
CC(NC(=O)C(C#N)=Cc1cccc(Br)n1)c1ccccc1,1,137.17970653146477,5.316788604006331,16.24552186184542,0.0,0.0,5.907179729351506,0.0,4.794537184071822,4.983978520947208,5.261891554738487,0.0,36.39820241076966,46.625886833094064,0.0,11.735768823996422,4.794537184071822,27.913143734134735,5.261891554738487,10.300767124953538,0.0,12.965578028838586,0.0,69.96461658329149,6.069221312792274,5.316788604006331,0.0,0.0,15.929943897949348,10.891158250298712,4.794537184071822,11.33111286753076,24.222957515384042,58.70723709674603,0.0,6.076020106833881
C=c1c(C(=O)NCCN(CC)CC)c(C)[nH]c1=Cc1c(O)[nH]c2ccc(F)cc12,1,168.28968488789974,25.29118277159193,5.817220841045894,5.879988336435371,0.0,5.907179729351506,0.0,4.794537184071822,4.39041504767482,0.0,0.0,20.426410082979746,44.28837132373448,45.81759368481286,5.563451491696996,14.291479626587348,29.465060451864943,0.0,20.184655376751223,0.0,20.771211599071872,26.1790256236503,51.40492947903438,5.879988336435371,15.884565058367533,4.39041504767482,5.879988336435371,0.0,52.0605995205874,0.0,12.740958040736519,35.462842561695524,18.19910120538483,0.0,23.55788072251344
CN(CC=Cc1ccccc1)Cc1cccc2ccccc12,1,132.06510306729837,0.0,0.0,0.0,0.0,0.0,0.0,4.899909730850477,0.0,0.0,0.0,84.9484450352071,28.947023395000773,13.08951281182515,0.0,0.0,16.848468535763473,0.0,4.899909730850477,0.0,6.544756405912575,13.592428388589765,89.99932791176722,0.0,0.0,0.0,0.0,0.0,18.49233811944024,6.544756405912575,0.0,11.126902983393991,78.87242492837322,0.0,16.848468535763473
CCCCCCCCCCCCCCCCO,0,109.00761649597472,5.106527394840706,0.0,0.0,0.0,0.0,0.0,0.0,0.0,0.0,0.0,90.39441829772878,6.4208216229260096,6.606881964512918,0.0,5.106527394840706,0.0,0.0,0.0,0.0,96.81523992065479,6.606881964512918,0.0,0.0,0.0,0.0,0.0,0.0,11.713409359353623,0.0,0.0,96.81523992065479,0.0,0.0,0.0
CNC1CCC(c2ccc(Cl)c(Cl)c2)c2ccccc21,1,129.4637713813862,5.316788604006331,0.0,0.0,0.0,0.0,0.0,0.0,0.0,0.0,0.0,53.53371512277308,48.712403840543416,11.959746875309353,10.045266627482652,0.0,23.20187978046503,0.0,5.316788604006331,0.0,24.801390121161376,7.04767198267719,69.20019058180492,0.0,5.316788604006331,0.0,0.0,23.20187978046503,7.04767198267719,0.0,0.0,41.49174459625236,42.46456947923127,10.045266627482652,0.0
CN=C(N)NCCCC(N)C(=O)O,0,77.00962562994258,21.89065095317141,6.041840829147961,5.959554568743835,0.0,0.0,5.9693052879518484,9.786941916707491,0.0,0.0,0.0,0.0,12.841643245852019,13.592428388589765,0.0,9.901064578912528,11.928859856695684,0.0,5.316788604006331,16.459739686960038,18.88348407499998,13.592428388589765,0.0,0.0,16.784123558330702,0.0,0.0,0.0,36.669656469274116,4.794537184071822,0.0,12.841643245852019,4.992404732635668,0.0,0.0
Nc1ccn(CC(CO)OCP(=O)(O)O)c(=O)n1,0,102.001038725071,25.36388103130789,12.165833146889858,0.0,0.0,0.0,13.28550572499136,9.132147932722685,4.794537184071822,4.983978520947208,0.0,0.0,6.06636706846161,6.196843571613076,19.255604758173796,24.195261839077034,13.413625104622913,0.0,9.551078168738563,0.0,12.648722793660877,18.688519810729932,22.74749122234998,0.0,11.423410875365658,5.817862777835028,0.0,7.595762326787885,43.503247490400256,15.846667644643954,0.0,0.0,17.057747824146507,0.0,0.0
O=C(NOCCO)c1cc(CN2OCCCC2=O)c(F)c(F)c1Nc1ccc(I)cc1F,0,194.27265086469967,10.423315998847038,5.817220841045894,11.634441682091788,5.907179729351506,5.907179729351506,0.0,19.26425153561691,23.714559466111012,0.0,0.0,0.0,53.2771605238405,15.554455385688401,43.30362634051545,37.542024073482075,45.78000263513819,0.0,10.543314323086552,0.0,19.386399651764595,25.137434497545083,56.41421605144352,0.0,10.796885202127534,24.54601769239158,0.0,22.590870627068057,41.804750472047814,21.014470757457662,21.02184479420308,28.763083413317833,24.26546827384644,0.0,0.0
C#CC1(O)CCC2C3CC=C4CC(=O)CCC4C3CCC21C,0,132.91520479916298,5.106527394840706,11.384295757348628,0.0,0.0,0.0,0.0,4.794537184071822,0.0,0.0,6.423349895620259,24.493296155449414,62.19655392220163,18.256633715248796,0.0,9.901064578912528,5.783244946364939,0.0,0.0,29.08661465404235,63.89136099408239,0.0,11.649124636903148,12.343784214475903,0.0,0.0,0.0,0.0,16.490823152189332,4.794537184071822,41.430398868518246,58.29031018309871,11.649124636903148,0.0,0.0
COc1ccc2c(c[n+](C)c3c4cc5c(cc4ccc23)OCO5)c1OC,1,149.8141344043292,18.947451815200196,7.04767198267719,29.194890904748693,12.309643023716088,0.0,0.0,0.0,0.0,4.567099647791355,0.0,6.06636706846161,35.71805955677285,5.386224214464796,30.378267725949456,23.51455146299155,32.44782178994024,0.0,0.0,7.04767198267719,0.0,21.012537388654895,42.595045982382736,22.99804733313562,23.51455146299155,0.0,22.99804733313562,0.0,21.012537388654895,7.04767198267719,0.0,0.0,42.595045982382736,0.0,32.44782178994024
O=C(NC1CCNCC1)c1[nH]ncc1NC(=O)c1c(Cl)cccc1Cl,1,154.01368614784855,15.950365812018994,5.693927994848461,0.0,0.0,11.814359458703011,0.0,14.68775617644468,0.0,5.098681808301038,0.0,29.268246848926644,38.06389019460039,6.041840829147961,27.492947965476286,9.589074368143644,40.703625513851605,0.0,20.830940824614736,0.0,18.88348407499998,18.406301415831482,45.698590891026015,0.0,15.950365812018994,5.687386274683562,0.0,23.20187978046503,41.143076716278195,0.0,0.0,33.68809710054112,24.395944776997904,10.045266627482652,0.0
CO[C@]12C[C@@H](COC(=O)c3cncc(Br)c3)CN(C)[C@@H]1Cc1cn(C)c3cccc2c13,0,189.8276365320588,14.040825555391454,5.601050810983688,0.0,0.0,0.0,5.9693052879518484,9.883888251797686,4.794537184071822,0.0,0.0,12.13273413692322,59.07889624679576,66.62814796792934,12.170333456209914,14.268263091671919,32.802174117982254,0.0,14.450987899589041,12.965578028838582,24.484534885983667,27.30910789438022,64.01907297960908,0.0,0.0,0.0,0.0,15.929943897949348,53.771241911069055,28.543270324186988,5.917906046161393,27.905713282088815,47.32871850451808,0.0,10.902924932081056
COc1ccc2[nH]cc(CCN)c2c1,0,82.87049034195589,15.454508951909443,5.749511833283905,0.0,0.0,0.0,0.0,0.0,0.0,0.0,0.0,0.0,36.728130725920416,17.099768503694133,7.109797541277533,4.736862953800049,10.902924932081056,0.0,4.983978520947208,5.733667477162185,6.4208216229260096,13.65455394719011,29.959396268694903,5.749511833283905,10.470530430962235,0.0,5.749511833283905,0.0,18.638532468137317,6.4208216229260096,0.0,5.563451491696996,24.395944776997908,0.0,10.902924932081056
NC(=O)c1nc(F)c[nH]c1=O,1,60.064111495813066,10.717645998109393,0.0,5.693927994848461,5.947697344197359,11.466446624403513,0.0,9.589074368143644,4.983978520947208,4.39041504767482,0.0,0.0,0.0,0.0,6.196843571613076,9.184952231746642,5.907179729351506,0.0,9.967957041894415,5.733667477162185,0.0,0.0,28.192272989782722,0.0,11.29293437221419,4.39041504767482,0.0,0.0,15.87513677124592,0.0,5.947697344197359,10.488465178920283,10.991380755684897,0.0,0.0
CCC1(c2ccccc2)C(=O)NCNC1=O,1,94.037993219651,10.633577208012662,0.0,5.414990469396779,11.814359458703011,0.0,0.0,9.589074368143644,0.0,0.0,0.0,37.255572541998674,11.984273114623004,0.0,6.6686911888991425,9.589074368143644,11.814359458703011,0.0,10.633577208012662,0.0,18.75954929201341,6.6686911888991425,35.89528683400505,0.0,10.633577208012662,0.0,0.0,0.0,18.483050647602152,15.004064837540422,0.0,18.90801031431363,30.33183534230805,0.0,0.0
CCN(CC)CCOCCOC(=O)C(CC)(CC)c1ccccc1,0,146.68903895031036,14.373635638450576,6.606881964512918,0.0,0.0,0.0,5.9693052879518484,4.794537184071822,0.0,0.0,0.0,58.02678414107054,31.494607549374162,6.544756405912575,18.628754398422615,14.268263091671919,5.9693052879518484,0.0,4.899909730850477,0.0,45.95158251401129,39.45491511127648,35.89528683400505,0.0,0.0,0.0,0.0,0.0,50.3241301300788,19.683253561068696,0.0,46.1000435363115,30.33183534230805,0.0,0.0
OCCc1ccc(O)c(O)c1,0,64.54398860487821,15.319582184522117,0.0,11.49902366656781,0.0,0.0,0.0,0.0,0.0,0.0,0.0,6.06636706846161,24.117007251546223,6.606881964512918,0.0,15.319582184522117,0.0,0.0,0.0,0.0,6.4208216229260096,6.606881964512918,23.762552697081826,11.49902366656781,0.0,0.0,11.49902366656781,0.0,21.926464149035034,6.4208216229260096,0.0,5.563451491696996,18.19910120538483,0.0,0.0
OC1OC[C@H](O)[C@H](O)[C@H]1O,0,57.48366857017766,25.162972533162872,18.31189916324491,6.290026729335213,0.0,0.0,0.0,0.0,0.0,0.0,0.0,0.0,0.0,0.0,6.606881964512918,25.162972533162872,0.0,0.0,0.0,0.0,24.60192589258012,6.606881964512918,0.0,0.0,0.0,0.0,0.0,0.0,51.63491743645585,4.736862953800049,0.0,0.0,0.0,0.0,0.0
CC1OC(OC2C(CO)OC(OC3C(CO)OC(O)C(O)C3O)C(O)C2O)C(O)C(O)C1NC1C=C(CO)C(O)C(O)C1O,0,250.22756123673742,95.38595950593577,79.35156304072792,18.870080188005637,0.0,0.0,0.0,0.0,0.0,0.0,0.0,6.076020106833881,12.49684172975989,0.0,38.00829393958298,90.06917090192944,0.0,0.0,5.316788604006331,0.0,123.33302847446839,19.820645893538753,11.649124636903148,0.0,5.316788604006331,0.0,0.0,0.0,202.61479330124567,23.684314769000245,0.0,6.923737199690624,11.649124636903148,0.0,0.0
O=C1C(c2[nH]c3ccccc3c2O)=Nc2ccccc21,0,113.9544536916744,10.090505915787913,11.405612997619162,5.749511833283905,5.783244946364939,0.0,0.0,4.794537184071822,4.992404732635668,0.0,0.0,24.26546827384644,24.26546827384644,16.46637642377805,5.687386274683562,9.901064578912528,28.085241155900263,0.0,4.983978520947208,4.992404732635668,0.0,0.0,59.788316034238335,5.749511833283905,0.0,5.687386274683562,5.749511833283905,0.0,21.585435864923554,0.0,0.0,16.051916670617278,53.523341280328545,0.0,10.902924932081056
COc1cc2c(Nc3ccc(NC(=O)c4ccccc4)cc3)ncnc2cc1OCCCN1CCOCC1,0,221.30691572727744,24.844166069412807,12.14518285259957,11.49902366656781,0.0,5.907179729351506,0.0,9.694446914922299,9.967957041894415,0.0,0.0,18.19910120538483,48.885391102157286,48.02508454172824,32.44714415243255,19.005126045471968,34.002739988634715,0.0,14.867866772744893,0.0,6.4208216229260096,57.19828986056667,78.62080931953926,11.49902366656781,20.10730311561276,17.19263532720215,11.49902366656781,0.0,67.3397591546504,4.736862953800049,0.0,16.77881029869483,73.05735782784225,0.0,10.902924932081056
CC(C)CC(C(=O)NC(C(=O)OC1CCCC1)c1ccccc1)C(O)C(O)=NO,1,170.11821753704544,25.47395937226508,12.207932775496605,6.041840829147961,5.907179729351506,5.897745344357611,5.9693052879518484,4.794537184071822,4.794537184071822,0.0,0.0,49.33502246843983,43.58546565248844,0.0,5.917906046161393,29.746245136402397,17.774230361660965,0.0,5.316788604006331,16.991524819073327,64.20135611865587,0.0,35.89528683400505,0.0,5.316788604006331,0.0,0.0,0.0,45.402470951616266,14.325937321943693,11.835812092322787,57.55687483485626,35.48754806905859,0.0,0.0
Cc1ccc(C(=O)Nc2ccc(CN3CCN(C)CC3)c(C(F)(F)F)c2)cc1C#Cc1cnc2cccnn12,0,223.8069167866651,10.216698334856808,5.693927994848461,5.647177220767728,0.0,5.907179729351506,6.176298517443475,9.694446914922299,9.49937641456283,18.269926951325495,0.0,18.053168455778867,67.41694889538711,55.73491485925351,11.760295063310071,17.96578232709628,17.241743224802796,0.0,24.39787768456482,0.0,19.644792123046674,38.543486210333825,94.43580914425249,11.840868637711289,5.316788604006331,18.858631417708022,0.0,0.0,63.531755020243814,12.72105492335605,18.764605837401913,38.30572263740526,60.924623690919034,0.0,5.647177220767728
CCOc1cc(C(CS(C)(=O)=O)N2C(=O)c3cccc(NC(C)=O)c3C2=O)ccc1OC,0,185.77883831074098,14.790514511606428,9.837253136417502,11.49902366656781,5.907179729351506,11.814359458703011,0.0,19.28352128306594,8.417796984328938,0.0,0.0,12.13273413692322,36.75265696523406,13.179506383202028,42.32566319976276,32.2751344441445,33.24617859915558,0.0,4.899909730850477,0.0,19.88931522852921,31.042090900054973,53.08855688586065,11.49902366656781,14.790514511606428,5.687386274683562,11.49902366656781,0.0,56.76454819928257,14.631790320489323,0.0,46.16874407176383,36.39820241076966,0.0,0.0
CCCc1nc(C(C)(C)O)c(C(=O)O)n1Cc1ccc(-c2ccccc2-c2nn[nH]n2)cc1,0,190.6844572149218,14.780154437472767,17.119383303832073,5.693927994848461,5.824404497999927,0.0,5.9693052879518484,0.0,9.778515705019029,5.213385095654868,10.197363616602075,55.4546737473835,42.17203559305311,18.52902952053558,0.0,15.007591973753234,5.9693052879518484,0.0,30.175211976650374,0.0,45.758662061820154,0.0,71.30664852708674,22.514758973090913,0.0,0.0,0.0,0.0,46.35757205428364,18.566628839822272,0.0,54.76228238546355,48.53093654769288,0.0,22.514758973090913
CC#CC(=O)N1CCC[C@H]1c1nc(-c2ccc(C(=O)Nc3ccccn3)cc2)c2c(N)nccn12,0,201.57319988848803,15.950365812018994,28.670758766134707,0.0,0.0,11.814359458703011,0.0,13.989768974405436,14.951935562841623,0.0,0.0,24.119535524240472,49.951283038244725,36.262190104145795,6.041840829147961,9.589074368143644,28.96678573198933,0.0,24.252539899953895,0.0,25.807221274690605,17.595212487081092,72.44295618376741,23.098248124256745,11.050456081168516,11.635725555670057,0.0,0.0,42.61165576456948,4.794537184071822,11.840868637711289,41.98961444845935,61.05510019407049,0.0,16.77408020416172
C[N+]1(C)CCC(OC(=O)C(O)(c2ccccc2)C2CCCC2)C1,0,138.2030945381398,14.326421206335379,6.544756405912575,11.70501719873199,0.0,0.0,5.9693052879518484,0.0,4.794537184071822,0.0,0.0,43.173478588160066,18.405094737549014,12.338727669087403,20.640100371266954,19.120958390407203,5.9693052879518484,0.0,0.0,5.917906046161393,43.809125313362046,27.18485677717953,35.89528683400505,0.0,0.0,0.0,0.0,0.0,48.84768670541501,15.132450948855558,5.917906046161393,37.667559606327046,30.33183534230805,0.0,0.0
NCC1OC(OC2C(CO)OC(OC3C(O)C(N)CC(N)C3OC3OC(CO)C(O)C(O)C3N)C2O)C(N)C(O)C1O,0,240.47924781011085,97.94173426733688,67.14363026523132,18.870080188005637,0.0,0.0,0.0,0.0,0.0,0.0,0.0,0.0,6.4208216229260096,18.628438064208495,31.40141197507006,69.27339688152594,0.0,0.0,0.0,28.668337385810926,122.7058617805031,19.75852033493841,0.0,0.0,28.668337385810926,0.0,0.0,0.0,176.89577965124113,28.421177722800294,0.0,6.4208216229260096,0.0,0.0,0.0
NCc1ccc(S(N)(=O)=O)cc1,0,71.2369025203341,5.733667477162185,0.0,0.0,10.023291153407584,0.0,0.0,0.0,13.556770721936878,0.0,0.0,12.13273413692322,17.696185628620217,6.544756405912575,4.895483475517775,8.417796984328938,10.023291153407584,0.0,0.0,10.872641214770127,11.440239881430351,0.0,29.828919765543436,0.0,10.872641214770127,0.0,0.0,0.0,8.417796984328938,16.56804755932016,0.0,5.563451491696996,29.160951749364216,0.0,0.0
Cc1cccc(C)c1NC(=O)CN1CCCC1=O,0,106.97784893503956,10.216698334856808,0.0,0.0,11.814359458703011,0.0,0.0,9.589074368143644,0.0,0.0,0.0,18.19910120538483,31.395199005701247,18.652964303522147,6.544756405912575,9.589074368143644,17.501745733386574,0.0,4.899909730850477,0.0,26.689117645233267,18.406301415831482,29.32600418877882,0.0,5.316788604006331,5.687386274683562,0.0,0.0,29.80378200137864,9.589074368143644,13.847474399381248,23.968546229246012,18.19910120538483,0.0,0.0
CC12CC=C3C4=C(CCC3C1CCC2(O)CC#N)CC(=O)CC4,0,137.6189560565882,5.106527394840706,5.783244946364939,0.0,0.0,0.0,0.0,4.794537184071822,0.0,5.261891554738487,0.0,18.57286183659377,61.50695089001738,18.256633715248796,18.091093746701972,9.901064578912528,5.783244946364939,5.261891554738487,0.0,17.250802561719567,70.3121826170084,0.0,22.79533369704168,6.069221312792274,0.0,0.0,0.0,0.0,16.490823152189332,4.794537184071822,28.581915429250326,64.71113180602472,22.79533369704168,0.0,0.0
O=C(NOCCO)c1ccc2cncn2c1Nc1ccc(I)cc1F,0,155.4715695173203,10.423315998847038,17.962403693645463,0.0,0.0,5.907179729351506,0.0,14.032820374070248,14.85449016674323,0.0,0.0,0.0,52.9227059693761,3.5701822710653963,36.178145984635734,19.12906821032398,45.520000126554415,0.0,14.864769725330202,0.0,0.0,18.530552533032168,57.80685359249396,0.0,10.796885202127534,15.89566410019341,0.0,22.590870627068057,33.612144180427045,4.8375885837366335,9.38740311211129,10.357988675768818,42.85599898868567,0.0,5.516700717616262
COc1cc(C(=O)O)ccc1O,0,69.02482218223285,14.94991774348146,0.0,11.49902366656781,0.0,0.0,5.9693052879518484,0.0,4.794537184071822,0.0,0.0,0.0,18.19910120538483,0.0,12.673249032974528,19.74445492755328,5.9693052879518484,0.0,0.0,0.0,0.0,7.109797541277533,23.762552697081826,11.49902366656781,4.736862953800049,0.0,11.49902366656781,0.0,23.292157618910792,0.0,0.0,10.357988675768818,18.19910120538483,0.0,0.0
C[C@@H]1COCCN1c1cc(C2([S@](C)(=N)=O)CC2)nc(-c2ccnc3[nH]ccc23)n1,0,169.25294136824135,14.620751205597735,11.465039998602755,5.824404497999927,0.0,0.0,0.0,4.779578164238024,19.16083405500609,0.0,0.0,0.0,31.898114582465862,42.21025550727354,39.42556739257174,8.945761445964518,26.58027639939948,4.779578164238024,19.93591408378883,0.0,30.554243727908165,30.914199249300292,36.286716343459446,11.387855989696924,4.899909730850477,5.817862777835028,0.0,0.0,56.200942923551054,19.212897593349535,4.779578164238024,25.459308440391105,30.592788348610984,0.0,22.421257424929447
Cc1cc2c(cc1S(N)(=O)=O)S(=O)(=O)CCC2,0,100.61140539476854,0.0,0.0,9.837253136417502,10.023291153407584,0.0,0.0,0.0,21.974567706265816,0.0,0.0,6.06636706846161,36.95865049739824,0.0,15.54382055778234,16.835593968657875,19.860544289825086,0.0,0.0,5.138973737607942,29.556347396578193,5.752853606746789,23.259637120317212,0.0,5.138973737607942,0.0,0.0,0.0,22.588447575404665,26.281365912751095,6.923737199690624,17.547724606320003,21.92370108795877,0.0,0.0
O=P(O)(O)O,0,28.30662084449607,14.680234808257424,0.0,0.0,0.0,0.0,7.822697123132171,0.0,4.565048284931329,0.0,0.0,0.0,0.0,0.0,0.0,19.245283093188757,7.822697123132171,0.0,0.0,0.0,0.0,0.0,0.0,0.0,0.0,0.0,0.0,7.822697123132171,14.680234808257424,4.565048284931329,0.0,0.0,0.0,0.0,0.0
O=c1ccc2ccccc2o1,0,63.07940657528498,4.417150937053347,5.583020141642242,0.0,0.0,0.0,5.625586319077987,0.0,4.794537184071822,0.0,0.0,18.19910120538483,12.13273413692322,11.452591282926406,0.0,4.417150937053347,10.969244356107037,0.0,0.0,0.0,0.0,0.0,46.818325913919466,0.0,5.625586319077987,0.0,0.0,0.0,0.0,0.0,0.0,0.0,45.609890531894834,0.0,10.969244356107037
CC(=O)SCC(Cc1ccccc1)C(=O)NCC(=O)OCc1ccccc1,0,163.04406009374193,10.05365155780638,13.151638370425493,5.11527693018572,5.907179729351506,0.0,5.9693052879518484,14.383611552215466,0.0,0.0,0.0,72.42555563400722,17.54772460632,12.676590806437414,5.917906046161393,19.120474506015515,28.753646896880188,0.0,5.316788604006331,5.917906046161393,19.951440787129552,12.297610012659364,71.7905736680101,0.0,5.316788604006331,0.0,0.0,11.761884949391115,29.289371960148436,32.14817809345444,5.917906046161393,18.050640183084614,60.6636706846161,0.0,0.0
Nc1ncnc2c1ncn2C(C=O)OC(C=O)CO,1,106.58656795246752,20.37159500987476,17.947987180129104,30.265262215596735,0.0,0.0,0.0,9.361636831863176,14.951935562841623,0.0,0.0,0.0,0.0,0.0,12.934202039277459,19.432464716784395,29.55406176247812,0.0,19.51903521063298,0.0,12.331867558483172,12.340549441675103,12.654640149529083,0.0,5.733667477162185,5.817862777835028,0.0,0.0,49.908732003994004,14.325937321943691,0.0,6.22790117073487,12.654640149529083,0.0,11.16387793838399
On1ccccc1=S,1,51.96807508591767,5.20725302477729,4.640589267438692,0.0,0.0,0.0,0.0,0.0,0.0,4.7304076419062255,0.0,18.284240511508305,12.13273413692322,6.196843571613076,0.0,5.20725302477729,12.217873443046695,0.0,4.7304076419062255,0.0,0.0,0.0,29.036534044436596,0.0,0.0,0.0,0.0,12.217873443046695,9.937660666683517,0.0,4.640589267438692,0.0,24.395944776997904,0.0,0.0
CC(C)(Oc1ccc(CCNC(=O)c2ccc(Cl)cc2)cc1)C(=O)O,0,151.12704371861736,15.160178952647085,5.749511833283905,5.601050810983688,0.0,5.907179729351506,5.9693052879518484,4.794537184071822,4.794537184071822,0.0,0.0,23.733674027155736,62.22994992477391,17.130841211350898,0.0,19.432464716784395,23.47742490753587,0.0,5.316788604006331,0.0,25.869346833290944,6.544756405912575,64.6804728448282,5.749511833283905,10.05365155780638,0.0,5.749511833283905,11.600939890232516,29.128819629040322,11.21535880699783,0.0,29.76891456684706,48.53093654769288,5.022633313741326,0.0
CC(=O)O[C@H]1CC[C@@]2(C)C(=CC[C@@H]3[C@@H]2CC[C@]2(C)C(=O)CC[C@@H]32)C1,0,144.76175509905497,4.736862953800049,11.887211334113243,0.0,0.0,0.0,5.9693052879518484,9.589074368143644,0.0,0.0,0.0,25.496599036284394,61.69363834543702,25.18037091493942,0.0,14.325937321943691,11.752550234316788,0.0,0.0,28.583699077277736,78.24175097022827,0.0,11.649124636903148,0.0,0.0,0.0,0.0,0.0,17.85651662206509,14.325937321943691,28.583699077277736,72.13778458247997,11.649124636903148,0.0,0.0
C#C[C@]1(O)CC[C@H]2[C@@H]3CCc4cc(OC5CCCC5)ccc4[C@H]3CC[C@@]21C,0,163.2489830524778,9.843390348640755,11.350562644267594,0.0,0.0,0.0,0.0,0.0,0.0,0.0,6.423349895620259,18.910538587007878,105.2215714880615,5.414990469396779,6.103966387748303,9.843390348640755,0.0,0.0,0.0,17.250802561719567,88.75487667384411,0.0,29.32600418877882,18.093296047759807,4.736862953800049,0.0,5.749511833283905,0.0,16.811544593572698,6.4208216229260096,29.594586776195463,81.7559408355801,18.19910120538483,0.0,0.0
Nc1ncnc2c1ncn2[C@@H]1O[C@H](COP(=O)(O)OP(=O)(O)OP(=O)(O)O)[C@@H](O)[C@H]1O,0,171.21832907177668,40.257231631653546,30.155919955625706,17.692941169337626,0.0,0.0,23.46809136939651,9.090846809503173,28.64708041763561,8.621262739247173,0.0,0.0,0.0,0.0,12.934202039277459,61.36371891024433,40.44983208561553,0.0,19.51903521063298,0.0,24.539800333979777,12.340549441675103,12.654640149529083,0.0,5.733667477162185,5.817862777835028,0.0,23.46809136939651,74.2245175390821,31.577017709553026,0.0,6.22790117073487,12.654640149529083,0.0,11.16387793838399
Cc1[nH]nc(C(F)(F)F)c1Cc1sc2c(c1C(=O)N1C[C@](C)(O)CO1)c(=O)n(C)c(=O)n2C(C)C,0,200.0433239126813,5.106527394840706,17.03832919511717,5.693927994848461,0.0,11.466446624403513,11.86604191564695,28.659544055764023,9.85775490903717,18.269926951325495,11.336785877934735,0.0,27.694948798762496,35.644861114997916,17.494432112074367,27.90989830567362,27.4605862413716,0.0,24.394780637150134,7.04767198267719,51.93496057926362,13.151638370425493,48.22999082819133,0.0,11.24901029325548,13.171245143024459,0.0,11.336785877934735,54.16117694275152,24.482380706783307,6.923737199690624,58.99949577908386,9.589074368143644,0.0,10.216620634085363
O=C(C(O)CO)C(O)C(O)CO,0,68.6966524608364,25.532636974203527,18.31189916324491,5.783244946364939,0.0,0.0,0.0,4.794537184071822,0.0,0.0,0.0,0.0,0.0,0.0,13.213763929025836,30.327174158275348,5.783244946364939,0.0,0.0,0.0,18.31189916324491,13.213763929025836,0.0,0.0,0.0,0.0,0.0,0.0,62.841545012839205,4.794537184071822,0.0,0.0,0.0,0.0,0.0
CCS(=O)(=O)c1cccc(-c2cc(C(=O)NC3CCN(C)CC3)c(C)c3[nH]c4ncc(C)cc4c23)c1,1,211.38578323146746,15.200676855804016,5.647177220767728,9.837253136417502,0.0,5.907179729351506,0.0,4.794537184071822,13.401775505276145,0.0,0.0,19.056471336613843,93.34557668037003,28.574584321387626,16.165037799880828,13.212334168400758,37.68075923308258,0.0,20.184655376751223,0.0,44.550179149589624,25.89003840124913,59.28540045747373,11.126902983393991,5.316788604006331,0.0,0.0,0.0,61.12472271682242,9.837253136417502,13.847474399381248,41.25027210470545,47.49052945790051,0.0,33.06322935070757
COc1cc(NC(=O)Nc2cccc(CNC(=O)OC3CCOC3)c2)ccc1-c1cnco1,0,189.7865409777243,34.578105610472484,11.853478221032208,12.153886917664964,0.0,0.0,12.124354583276487,0.0,14.573052889090851,0.0,0.0,12.13273413692322,29.828919765543436,30.40671764666732,32.08385653361344,28.216814166597135,23.49912713264361,0.0,10.300767124953538,0.0,19.069544416586886,30.95713867831603,60.61850404133186,17.07321074385534,20.68722876581904,20.963846917510768,5.749511833283905,0.0,43.535860962275365,16.018482313512674,0.0,11.984273114623004,59.472203486688215,0.0,11.323698910571437
CC(C)(C)NCC(O)c1cc(O)cc(O)c1,0,95.5536192460727,20.63637078852845,11.49902366656781,0.0,0.0,0.0,0.0,0.0,0.0,0.0,0.0,0.0,38.46739722769209,18.15004872675753,6.103966387748303,15.319582184522117,0.0,0.0,5.316788604006331,0.0,32.41410323920352,6.544756405912575,23.762552697081826,11.49902366656781,5.316788604006331,0.0,11.49902366656781,0.0,27.403263842818035,0.0,0.0,32.43862947851717,18.19910120538483,0.0,0.0
CC(OC1OCCN(Cc2nc(=O)n(P(=O)(O)O)[nH]2)C1c1ccc(F)cc1)c1cc(C(F)(F)F)cc(C(F)(F)F)c1,0,226.0659321918151,19.26054911310505,11.64162533904582,6.290026729335213,0.0,0.0,25.78882886409399,9.998591539151516,13.75000051667797,31.326468806996132,4.452309394216006,12.13273413692322,48.382475525392664,6.544756405912575,36.42434857071575,54.55850273176013,7.746488431003568,0.0,19.43487945431473,0.0,44.25692458672163,13.151638370425493,86.84428136734039,0.0,5.689743398203474,30.732905333723743,0.0,7.746488431003568,48.66336775958038,32.936127633330955,5.817220841045894,47.147754881374794,47.25910666330309,0.0,0.0
CC(=O)NCC1CN(c2ccc(-c3ccc(CNCc4c[nH]nn4)cc3)c(F)c2)C(=O)O1,1,183.5063436829255,15.370440161812711,11.921187228794196,0.0,5.907179729351506,0.0,6.093240070938415,14.793128723223337,9.184952231746642,0.0,5.098681808301038,29.47885336950131,29.32600418877882,31.773545074825847,24.470827081357175,18.716352369618512,17.687806074973484,0.0,26.044325920269607,0.0,26.117216399264077,17.989422542675626,65.7360133784357,11.126902983393991,15.533486938863138,14.872338506430204,0.0,0.0,46.60464771212032,22.620912949697022,5.817220841045894,18.18111668623608,48.661413050844345,0.0,11.126902983393991
CCCCCCCCCCCCCCCC(=O)NCCO,1,131.44888500841975,10.423315998847038,0.0,0.0,5.907179729351506,0.0,0.0,4.794537184071822,0.0,0.0,0.0,83.97359667480276,6.4208216229260096,12.965578028838586,6.606881964512918,9.901064578912528,5.907179729351506,0.0,5.316788604006331,0.0,96.81523992065479,13.151638370425493,0.0,0.0,5.316788604006331,0.0,0.0,0.0,24.165345494617704,4.794537184071822,0.0,96.81523992065479,0.0,0.0,0.0
Nc1ccc(C(=O)O)c(O)c1,0,62.88622553534207,15.946722266843596,11.3129633249809,0.0,0.0,0.0,5.9693052879518484,0.0,4.794537184071822,0.0,0.0,0.0,12.13273413692322,11.753753343145172,0.0,15.007591973753234,11.65669156263541,0.0,0.0,0.0,0.0,5.733667477162185,23.762552697081826,5.749511833283905,5.733667477162185,5.687386274683562,5.749511833283905,0.0,16.182360077633263,0.0,0.0,10.357988675768818,18.19910120538483,0.0,0.0
CCOC(=O)NC1CCC2C(C1)CC1C(=O)OC(C)C1C2C=Cc1ccc(-c2cccc(F)c2)cn1,0,210.83553911851004,14.790514511606428,11.921187228794196,0.0,0.0,0.0,12.062545358890263,9.778515705019029,9.184952231746642,0.0,0.0,24.27512131221871,87.12305183348519,23.720041938619424,18.218716005522772,23.45321532341856,18.138565465724145,0.0,10.300767124953538,29.589530230806965,51.67656810798155,6.606881964512918,60.18221492511097,11.126902983393991,5.316788604006331,9.184952231746642,0.0,0.0,35.79921306124665,14.268263091671919,35.40675107185286,45.22468888593374,48.67106608921662,0.0,17.202923090227873
O=C1CCC(N2C(=O)c3ccccc3C2=O)C(=O)N1,0,107.93011986720126,0.0,6.041840829147961,0.0,11.814359458703011,11.814359458703011,0.0,29.394847071144092,0.0,0.0,0.0,12.13273413692322,18.55355575984923,6.4208216229260096,11.126902983393991,19.178148736287287,23.628718917406022,0.0,10.216698334856808,0.0,18.88348407499998,0.0,35.392371257240434,0.0,5.316788604006331,0.0,0.0,0.0,34.57046947740446,9.589074368143644,0.0,33.55762059738965,24.26546827384644,0.0,0.0
O=S(=O)(c1ccccc1)c1cnc2c(N3CCNCC3)cccc2c1,0,146.7788413778979,10.216698334856808,0.0,0.0,9.837253136417502,0.0,0.0,4.983978520947208,8.417796984328938,0.0,0.0,30.33183534230805,24.26546827384644,37.76209340972817,20.995053943335375,8.417796984328938,26.427564343182123,0.0,10.300767124953538,0.0,9.79096695103555,31.07893535450078,60.794147187767564,0.0,10.216698334856808,5.687386274683562,0.0,0.0,39.580801128926446,9.837253136417502,0.0,0.0,70.58511413880312,0.0,10.902924932081056
CC(C)CN(CC(OP(=O)(O)O)C(Cc1ccccc1)NC(=O)OC1CCOC1)S(=O)(=O)c1ccc(N)cc1,0,228.27751206985846,30.311005194273566,12.207932775496605,0.0,10.023291153407584,0.0,13.915937194070587,4.5237471617118175,17.777382453332088,4.305215991296233,0.0,44.179309741689295,42.16764743463084,25.19772070943472,24.15108823369157,41.56167872814895,29.626614622161732,0.0,9.622004595302563,5.917906046161393,49.834374725395605,32.03694421801317,60.160755107851486,0.0,11.050456081168516,10.481923458755384,0.0,7.822697123132171,73.15612659756408,35.00663413057684,5.917906046161393,25.831747514004253,59.49278709167226,0.0,0.0
COc1cc(C=O)ccc1O,0,64.23058843003683,9.843390348640755,6.2861605231295545,11.49902366656781,0.0,0.0,0.0,4.794537184071822,0.0,0.0,0.0,0.0,18.19910120538483,5.563451491696996,7.109797541277533,14.637927532712576,6.2861605231295545,0.0,0.0,0.0,0.0,7.109797541277533,23.762552697081826,11.49902366656781,4.736862953800049,0.0,11.49902366656781,0.0,18.502485459247794,0.0,0.0,10.357988675768818,18.19910120538483,0.0,0.0
CCOc1ccccc1OC(c1ccccc1)C1CNCCO1,0,136.9277588449367,19.527377465406477,6.103966387748303,17.602990054316113,0.0,0.0,0.0,0.0,0.0,0.0,0.0,42.46456947923127,24.619922828310838,13.08951281182515,13.213763929025836,14.210588861400147,0.0,0.0,5.316788604006331,0.0,19.13166997518723,26.303276740850986,60.160755107851486,11.49902366656781,14.790514511606428,0.0,11.49902366656781,0.0,32.40724312859929,4.736862953800049,0.0,18.591155079135923,54.59730361615449,0.0,0.0
COc1cc(C=Cc2ccc(O)cc2)cc(OC)c1,0,112.27998696217297,14.580253302440804,17.248535499851716,0.0,0.0,0.0,0.0,0.0,0.0,0.0,0.0,24.284774350590983,35.392371257240434,6.06636706846161,14.219595082555067,14.580253302440804,12.152040213667762,0.0,0.0,0.0,0.0,14.219595082555067,53.59147246262526,17.248535499851716,9.473725907600098,0.0,17.248535499851716,0.0,19.32612247739577,0.0,0.0,11.126902983393991,42.46456947923127,0.0,12.152040213667762
O=C(NCc1ccc(Oc2ccccc2)cc1)c1nc(-c2cc(Br)c(O)c(Br)c2)no1,0,193.87180997485888,19.683273889620434,17.248535499851716,0.0,5.824404497999927,0.0,11.797903651377414,4.794537184071822,0.0,4.983978520947208,0.0,35.4884985994335,73.82154169836537,12.10820789760957,8.945439031664828,19.161022469685925,37.767067525250205,0.0,15.457430382078982,0.0,6.544756405912575,0.0,87.12965219846545,28.636391489548636,10.05365155780638,0.0,17.248535499851716,31.859887795898697,21.154348902264864,6.544756405912575,0.0,16.248712597794725,80.1985717217159,0.0,11.387855989696924
C[C@@H]1CC[C@@]2(NC1)O[C@H]1C[C@H]3[C@@H]4CC=C5C[C@@H](O[C@@H]6O[C@H](CO)[C@H](O)[C@H](O[C@@H]7O[C@H](CO)[C@@H](O)[C@H](O)[C@H]7O)[C@H]6O[C@@H]6O[C@@H](C)[C@H](O)[C@@H](O)[C@H]6O)CC[C@]5(C)[C@H]4CC[C@]3(C)[C@H]1[C@@H]2C,0,363.5474032072533,79.1167872301667,72.86861585920157,18.870080188005637,0.0,0.0,0.0,5.316788604006331,0.0,0.0,0.0,39.344073435665635,105.13064297562525,12.462662452073968,31.525663092270747,79.1167872301667,0.0,0.0,5.316788604006331,46.33741721576191,202.45667581523938,19.75852033493841,11.649124636903148,0.0,5.316788604006331,0.0,0.0,0.0,175.76786209895687,33.15804067660034,46.33741721576191,92.4060806047872,11.649124636903148,0.0,0.0
CN(c1ncccc1CNc1nc(Nc2ccc3[nH]c(O)cc3c2)ncc1C(F)(F)F)S(C)(=O)=O,1,197.46630277560976,20.724083123800575,17.19917704736705,5.879988336435371,15.97163043439408,0.0,6.176298517443475,4.305215991296233,18.385754026223353,18.155223663971668,0.0,6.06636706846161,24.26546827384644,54.20624529873915,6.255769183511404,26.695569522194102,44.19766719682875,0.0,19.93591408378883,0.0,12.72105492335605,28.242234365497488,59.918792537389805,5.879988336435371,14.938793199308893,36.44269625436458,5.879988336435371,0.0,46.76367962914706,22.744346076763634,0.0,11.126902983393991,48.791889553995816,0.0,10.902924932081056
Nc1ncnc2c1ncn2C1OC(CO)C(O)C1O,0,106.84616010324278,25.790112615484354,30.155919955625706,17.692941169337626,0.0,0.0,0.0,4.567099647791355,14.951935562841623,0.0,0.0,0.0,0.0,0.0,12.934202039277459,20.056445138322168,16.981740716219015,0.0,19.51903521063298,0.0,24.539800333979777,12.340549441675103,12.654640149529083,0.0,5.733667477162185,5.817862777835028,0.0,0.0,59.75739852291291,4.736862953800049,0.0,6.22790117073487,12.654640149529083,0.0,11.16387793838399
Cc1cccn2c(=O)c(-c3nn[nH]n3)cnc12,0,95.13672254516045,0.0,11.210628712464723,0.0,5.824404497999927,5.559266895052007,0.0,9.195231790333615,4.983978520947208,5.213385095654868,10.197363616602075,6.06636706846161,23.766940855504096,12.393687143226153,0.0,0.0,5.647177220767728,0.0,30.008806935120813,0.0,6.923737199690624,0.0,40.44367685097019,11.387855989696924,5.559266895052007,0.0,0.0,0.0,30.008806935120813,0.0,6.923737199690624,5.563451491696996,29.320958464221196,0.0,17.03503321046465
CC(O)(COc1ccc(C#N)cc1)C(=O)Nc1ccc(C#N)c(C(F)(F)F)c1,0,157.94402096340812,15.160178952647087,12.356393797796823,5.601050810983688,0.0,5.907179729351506,6.176298517443475,4.794537184071822,0.0,23.69502825250143,0.0,0.0,49.38830667892189,5.687386274683562,28.828797100675533,27.809172675737038,11.594566004035068,10.523783109476973,0.0,0.0,18.701086528117788,11.923670568519249,59.15492395432226,17.887954458868453,10.05365155780638,18.858631417708022,5.749511833283905,0.0,23.221639899688817,10.970835701515297,22.66222573506152,23.61409167478161,42.46456947923127,0.0,0.0
C[S+](CCC(N)C(=O)O)C[C@H]1O[C@@H](n2cnc3c(N)ncnc32)[C@H](O)[C@@H]1O,0,157.26343685961103,31.523780092646533,47.70346799826724,17.692941169337626,0.0,0.0,5.9693052879518484,9.361636831863176,14.951935562841623,0.0,0.0,0.0,10.894980750769237,6.4208216229260096,12.583089258275946,24.85098232239399,33.846026754940105,0.0,19.51903521063298,5.733667477162185,37.00246278605375,23.49514387416717,12.654640149529083,0.0,11.46733495432437,5.817862777835028,0.0,0.0,82.9231390725048,20.42638088864111,0.0,12.64872279366088,12.654640149529083,0.0,11.16387793838399
C[C@H]1CN(CC(Cc2ccccc2)C(=O)NCC(=O)O)CC[C@@]1(C)c1cccc(O)c1,0,183.44812121747864,20.42975312453822,12.29426823919648,0.0,5.907179729351506,0.0,5.9693052879518484,9.589074368143644,0.0,0.0,0.0,56.31204387861251,53.978933287639975,13.08951281182515,5.917906046161393,19.802129157825057,11.876485017303354,0.0,10.216698334856808,11.835812092322787,32.10410811463005,26.1790256236503,65.72420659954848,5.749511833283905,5.316788604006331,0.0,5.749511833283905,0.0,53.16847516148554,21.424886460466432,11.835812092322787,31.395199005701247,54.59730361615449,0.0,0.0
CCN(CC)CC(=O)Nc1c(C)cccc1C,0,103.82215798852502,5.316788604006331,0.0,0.0,5.907179729351506,0.0,0.0,9.694446914922299,0.0,0.0,0.0,32.046575604766076,38.06389019460039,5.687386274683562,6.544756405912575,4.794537184071822,11.594566004035068,0.0,4.899909730850477,0.0,27.694948798762496,24.951057821744055,29.32600418877882,0.0,5.316788604006331,5.687386274683562,0.0,0.0,30.441358677939707,4.794537184071822,13.847474399381248,24.974377382775238,18.19910120538483,0.0,0.0
O=c1c(O)c(-c2ccc(O)c(O)c2)oc2cc(O)ccc12,1,117.31343579013307,24.843260516416173,11.332531974926148,17.25927108544225,11.178302225184446,0.0,0.0,4.794537184071822,0.0,0.0,0.0,0.0,30.33183534230805,11.629818560158606,5.386224214464796,24.843260516416173,10.969244356107037,0.0,0.0,0.0,0.0,0.0,46.62152998674202,34.321746243707054,5.428790391900541,0.0,22.99804733313562,0.0,20.426109579362823,0.0,0.0,0.0,45.60989053189483,0.0,22.292943266678478
CC#CC(=O)Nc1ccc2ncnc(Nc3cccc(Br)c3)c2c1,0,147.1972457415361,10.633577208012662,12.14518285259957,0.0,0.0,5.907179729351506,0.0,4.794537184071822,9.967957041894415,0.0,0.0,27.9167452852666,49.242373929315924,21.233716279664336,5.516700717616262,4.794537184071822,49.932683886584066,0.0,9.967957041894415,0.0,6.923737199690624,10.633577208012662,53.264609069828225,11.840868637711289,10.633577208012662,17.19263532720215,0.0,15.929943897949348,15.87513677124592,4.794537184071822,11.840868637711289,6.923737199690624,53.264609069828225,0.0,10.902924932081056
CCCCCCCCCCCCCCCCCCCC(=O)O,0,138.6289070536049,5.106527394840706,0.0,0.0,0.0,0.0,5.9693052879518484,4.794537184071822,0.0,0.0,0.0,109.65688316650682,6.4208216229260096,6.4208216229260096,0.0,9.901064578912528,5.9693052879518484,0.0,0.0,0.0,122.49852641235884,0.0,0.0,0.0,0.0,0.0,0.0,0.0,11.075832682792555,4.794537184071822,0.0,122.49852641235884,0.0,0.0,0.0
O=C1C(c2[nH]c3ccc(S(=O)(=O)O)cc3c2O)=Nc2ccc(S(=O)(=O)O)cc21,0,157.21172571175566,10.090505915787913,11.405612997619162,5.749511833283905,5.783244946364939,20.236253718067108,0.0,13.90003693145255,4.992404732635668,16.835593968657875,0.0,0.0,36.39820241076966,10.902924932081056,21.041804717416106,35.84215829495113,48.32149487396737,0.0,4.983978520947208,4.992404732635668,9.79096695103555,0.0,47.655581897315116,5.749511833283905,0.0,5.687386274683562,5.749511833283905,0.0,47.526529580962155,20.236253718067108,0.0,16.051916670617278,51.18157409444088,0.0,10.902924932081056
CN1CCN(c2nc(C3=C(c4c[nH]c5ccccc45)C(=O)NC3=O)c3ccccc3n2)CC1,0,189.47607018636776,14.783797982648162,0.0,0.0,5.948339280986494,11.814359458703011,0.0,14.905862972149976,9.967957041894415,0.0,0.0,36.39820241076966,19.18040611960041,54.228469833506225,22.356837772603257,9.589074368143644,50.71475766399015,0.0,25.16863389769843,0.0,0.0,38.126607337177965,65.98515960585141,0.0,10.216698334856808,5.948339280986494,0.0,0.0,64.8929023587226,9.589074368143644,0.0,11.257379486545457,54.727780119305955,0.0,32.95205892430065
NC(=O)c1cnc(N[C@@H]2CCCC[C@H]2N)nc1Nc1cccc(-n2nccn2)c1,1,167.27001400836244,22.100912162337032,11.381314269532023,0.0,5.948339280986494,5.907179729351506,0.0,4.794537184071822,4.983978520947208,19.9778483600483,0.0,18.90801031431363,31.040744451236847,23.96791150459256,18.081073417909714,4.794537184071822,23.36076806285659,0.0,24.961826880995503,11.46733495432437,37.76696814999996,10.633577208012662,48.41945048038266,5.687386274683562,22.100912162337032,17.453588333505085,0.0,0.0,42.95268826864293,0.0,0.0,36.04127516747286,42.85599898868566,0.0,5.687386274683562
COc1ccc2c3c1O[C@H]1C[C@@H](O)C=C[C@@]31CCN(C)C2,0,124.51982776650085,19.48016303329128,6.103966387748303,11.49902366656781,0.0,0.0,0.0,0.0,0.0,0.0,0.0,18.218407282129373,31.643068571674384,18.52902952053558,18.628754398422615,14.580253302440804,0.0,0.0,4.899909730850477,0.0,37.00932289665798,20.7022259298673,35.411677333984976,11.49902366656781,9.473725907600098,0.0,11.49902366656781,0.0,42.91659583105508,11.959746875309353,0.0,23.968546229246012,24.284774350590983,0.0,0.0
CN(C)CCCOc1ccc(-c2ccc3ncc4c(c3c2)n(C2CCOCC2)c(=O)n4C)cn1,1,198.29685206017024,14.373635638450576,0.0,0.0,5.879988336435371,0.0,5.689743398203474,14.118177816529919,9.778515705019029,0.0,0.0,6.06636706846161,57.12036153121423,56.06091949300003,29.353827688974775,9.473725907600098,21.936326367313583,0.0,24.002066068327604,7.04767198267719,25.30430569792599,40.46074626480571,53.2098030678095,17.00689131982936,10.426606352003523,0.0,5.879988336435371,0.0,64.4628123331333,11.78453493647724,0.0,25.30430569792599,47.52005966960603,0.0,33.06322935070757
CC(=O)c1cc([N+](=O)[O-])c(Sc2cccc(Cl)c2Cl)s1,0,132.40288512643784,0.0,4.2091791775220795,5.783244946364939,0.0,5.687386274683562,0.0,14.908855452837393,0.0,0.0,11.336785877934735,41.03013179831776,19.056471336613843,10.961850543979384,19.845724870001625,9.717848232889493,57.77118182883939,0.0,0.0,0.0,16.02839985273048,0.0,49.30220036379596,0.0,0.0,5.687386274683562,0.0,46.30055060779088,10.70655599518261,0.0,10.114318268765572,16.595421577463746,33.3701309268863,10.045266627482652,0.0
CC(O)C1C(=O)N2C(C(=O)O)=C(SC3CNC(CNS(N)(=O)=O)C3)C(C)C12,0,161.27156800393067,20.42975312453822,5.697039313055833,0.0,5.907179729351506,10.209329170397666,5.9693052879518484,4.794537184071822,14.65560578613185,8.417796984328938,11.761884949391115,6.923737199690624,13.344558822616634,35.204334231006726,18.063713263057657,28.219926142153994,33.847699137092135,0.0,14.938793199308897,16.97478582993073,43.70588209833365,13.08951281182515,10.60217582694588,0.0,15.17785720606636,0.0,0.0,11.761884949391115,71.93434541001571,19.798403538541308,11.835812092322787,20.268296022307258,10.60217582694588,0.0,0.0
OCCN1CCN(CCCN2c3ccccc3Sc3ccc(Cl)cc32)CC1,0,170.26142506312507,14.90634685654166,0.0,0.0,0.0,0.0,0.0,4.899909730850477,0.0,0.0,0.0,35.49555897654685,43.29741337114663,54.082138700252315,17.98165451388004,5.106527394840706,34.73759738899076,0.0,9.799819461700954,0.0,16.21178857396156,57.32008653675141,47.487202792972596,0.0,4.899909730850477,11.374772549367124,0.0,23.36282483962363,67.3265236624426,0.0,0.0,6.4208216229260096,52.25553643026682,5.022633313741326,0.0
CO[C@H]1/C=C/O[C@@]2(C)Oc3c(C)c(O)c4c(O)c(c5c(nc6cc(C)ccn65)c4c3C2=O)NC(=O)C(C)=CC=CC(C)[C@H](O)[C@@H](C)[C@H](O)[C@@H](C)[C@H](OC(C)=O)[C@@H]1C,0,329.9359927691709,44.690349998569346,39.97095498499993,5.749511833283905,0.0,11.690424675716445,11.756416440522445,18.784306158477257,4.983978520947208,0.0,0.0,45.92300911926414,44.54341733452597,67.34851993314848,35.52365531782749,53.757172946778475,50.80014332328169,0.0,9.384673127209002,23.671624184645573,92.5166115007794,12.426586145283864,71.15919758945287,17.248535499851716,10.05365155780638,5.687386274683562,17.248535499851716,0.0,84.78328691508146,23.79966322954379,37.519098584026814,69.95105205699716,54.468843114361874,0.0,27.45302708492984
CC(C)=CCC/C(C)=C/CC/C(C)=C/CC/C=C(\C)CC/C=C(\C)CCC=C(C)C,0,189.18495415222569,0.0,0.0,0.0,0.0,0.0,0.0,0.0,0.0,0.0,0.0,69.89474782141889,119.5981138267851,0.0,0.0,0.0,0.0,0.0,0.0,0.0,119.5981138267851,0.0,69.89474782141889,0.0,0.0,0.0,0.0,0.0,0.0,0.0,0.0,119.5981138267851,69.89474782141889,0.0,0.0
NCCc1ccc(O)c(O)c1,0,65.08964554969491,15.946722266843596,0.0,11.49902366656781,0.0,0.0,0.0,0.0,0.0,0.0,0.0,6.06636706846161,30.6617636574588,0.0,0.0,10.213054789681411,0.0,0.0,0.0,5.733667477162185,6.4208216229260096,6.544756405912575,23.762552697081826,11.49902366656781,5.733667477162185,0.0,11.49902366656781,0.0,16.757811195593987,6.4208216229260096,0.0,5.563451491696996,18.19910120538483,0.0,0.0
CC(=O)Oc1ccc(C(c2ccc(OC(C)=O)cc2)c2ccccn2)cc1,0,157.14008474365585,9.473725907600098,11.49902366656781,0.0,0.0,0.0,11.938610575903697,14.573052889090851,0.0,0.0,0.0,30.33183534230805,47.52510539416365,20.044317970994324,11.611834041009853,19.06280027574374,11.938610575903697,0.0,4.983978520947208,0.0,19.76538044554264,0.0,89.74771230293325,11.49902366656781,9.473725907600098,0.0,11.49902366656781,0.0,16.922589096850906,9.589074368143644,0.0,36.586211423785095,72.9268813246908,0.0,0.0
O=C(C=Cc1ccc(O)cc1)c1ccc(O)cc1O,0,109.43794399319837,15.319582184522117,17.248535499851716,5.783244946364939,0.0,0.0,0.0,4.794537184071822,0.0,0.0,0.0,18.208754243757102,35.90493987237732,6.06636706846161,5.563451491696996,20.11411936859394,11.85926505319882,0.0,0.0,0.0,0.0,0.0,59.66749256945914,17.248535499851716,0.0,0.0,17.248535499851716,0.0,21.102827130887057,0.0,0.0,15.921440167465814,48.54058958606515,0.0,6.076020106833881
CCn1c(=O)c2c(nc(C=Cc3ccc(OC)c(OC)c3)n2C)n(CC)c1=O,0,161.81319133742255,14.040825555391454,5.824404497999927,22.6629016049518,0.0,5.559266895052007,5.689743398203474,13.928736479654532,9.778515705019029,0.0,0.0,12.142387175295491,37.61968013483534,20.13718479450234,14.219595082555067,9.473725907600098,23.31591815205175,0.0,18.685277464321274,7.04767198267719,26.9369872112064,14.219595082555067,50.425041856480874,11.49902366656781,20.72273620085558,0.0,11.49902366656781,0.0,32.90487254687634,20.13718479450234,0.0,25.23533038907817,27.788175573528473,0.0,23.31591815205175
O=[N+]([O-])c1cn2c(n1)OC[C@@H](OCc1ccc(-c3ccc(OC(F)(F)F)cc3)nc1)C2,0,172.71311643938063,24.32490713016572,24.6572037571582,0.0,0.0,0.0,18.19068647645225,9.551078168738563,0.0,0.0,13.171245143024459,6.06636706846161,40.818597882822715,16.74427358425728,18.845566365273953,32.30514505324228,5.817862777835028,0.0,14.53505668968577,0.0,25.61796361720418,6.606881964512918,64.46965931445838,23.017356159416195,9.473725907600098,18.98910792085949,11.759976672870742,0.0,38.53157494979504,17.888501324225544,10.114318268765572,5.563451491696996,48.791889553995816,0.0,11.257379486545457
CC(C)(Oc1ccc(Cl)cc1)C(=O)O,0,87.26373888571175,9.843390348640755,5.749511833283905,5.601050810983688,0.0,0.0,5.9693052879518484,0.0,4.794537184071822,0.0,0.0,11.600939890232516,38.112942673227685,5.022633313741326,0.0,14.637927532712576,17.570245178184365,0.0,0.0,0.0,19.448525210364934,0.0,29.288101587587764,5.749511833283905,4.736862953800049,0.0,5.749511833283905,11.600939890232516,16.676883493776245,4.794537184071822,0.0,13.847474399381248,24.26546827384644,5.022633313741326,0.0
CO[C@H]1O[C@@H]2OC3(C)CC[C@H]4[C@H](C)CC[C@@H]([C@H]1C)[C@@]24OO3,0,125.68707959293447,14.210588861400147,0.0,18.181104269654114,5.7871111525705965,0.0,0.0,0.0,9.775141906512223,0.0,0.0,13.847474399381248,38.022014160791436,25.366431256526326,0.0,23.985730767912372,0.0,0.0,0.0,23.671624184645573,70.42271351300063,7.109797541277533,0.0,0.0,0.0,0.0,0.0,0.0,31.078012963502246,23.985730767912372,23.671624184645573,46.454498090775914,0.0,0.0,0.0
NC(=O)CN1CC(c2ccccc2)CC1=O,0,94.03799321965101,10.633577208012662,0.0,0.0,11.814359458703011,0.0,0.0,9.589074368143644,0.0,0.0,0.0,30.33183534230805,5.563451491696996,18.883484074999977,6.544756405912575,9.589074368143644,11.814359458703011,0.0,4.899909730850477,5.733667477162185,12.338727669087403,13.08951281182515,35.89528683400505,0.0,5.733667477162185,0.0,0.0,0.0,29.80378200137864,9.589074368143644,0.0,17.9021791607844,30.33183534230805,0.0,0.0
Cn1cc(C2=C(c3cn(C4CCN(Cc5ccccn5)CC4)c4ccccc34)C(=O)NC2=O)c2ccccc21,1,225.91267036428002,9.13419929558271,0.0,0.0,0.0,11.814359458703011,0.0,24.789751223947658,0.0,0.0,0.0,42.46456947923127,37.10711151969846,84.24706559195819,16.840137054986993,9.589074368143644,44.76641838300366,0.0,24.334876151386723,7.04767198267719,25.428240480912557,13.08951281182515,102.14139944615943,0.0,5.316788604006331,0.0,0.0,0.0,43.92195981790855,23.18150275673341,0.0,35.70431505324243,85.32056846791696,0.0,32.95205892430065
Cc1cccc(/C=N/Nc2cc(N3CCOCC3)nc(OCCc3ccccn3)n2)c1,0,181.5204860550284,14.373635638450576,5.817862777835028,5.817862777835028,0.0,0.0,6.010464839586836,10.409769918057592,0.0,15.069364567634137,0.0,35.89528683400505,24.619922828310838,37.46747306967431,26.03524647307407,9.473725907600098,17.85032613520537,0.0,14.951935562841623,5.101407525739722,13.344558822616634,43.23585983332477,71.54861109754842,6.010464839586836,15.062564081760911,11.635725555670057,6.010464839586836,0.0,54.07669484774084,11.157684576726059,6.923737199690624,16.82083097824245,59.82918764504567,0.0,0.0
COc1ccc(O)cc1,1,53.704124215596465,9.843390348640755,11.49902366656781,0.0,0.0,0.0,0.0,0.0,0.0,0.0,0.0,0.0,24.26546827384644,0.0,7.109797541277533,9.843390348640755,0.0,0.0,0.0,0.0,0.0,7.109797541277533,24.26546827384644,11.49902366656781,4.736862953800049,0.0,11.49902366656781,0.0,12.216324936118239,0.0,0.0,0.0,24.26546827384644,0.0,0.0
CN(C)C1C(=O)C(C(N)=O)C(=O)C2(O)C(=O)C3C(=O)c4c(O)cccc4C(C)(O)C3CC12,1,182.54301961327795,21.0532496616843,5.749511833283905,34.65193664260484,5.907179729351506,0.0,0.0,28.872595651209583,0.0,0.0,0.0,12.13273413692322,39.06972134812962,11.835812092322787,23.124249177990038,39.292268104881224,29.04015951481126,0.0,4.899909730850477,29.405291661807752,30.58850127373197,14.09534396535438,29.32600418877882,5.749511833283905,5.733667477162185,0.0,5.749511833283905,0.0,74.99788703566989,24.779199547270977,23.671624184645573,29.265998990082448,18.19910120538483,0.0,0.0
c1ccc2c(c1)CCCC2C1=NCCN1,0,90.41952028268294,5.316788604006331,5.835619785757269,0.0,0.0,0.0,0.0,4.992404732635668,0.0,0.0,0.0,24.26546827384644,30.389367852172022,12.462662452073968,6.544756405912575,0.0,5.835619785757269,0.0,5.316788604006331,4.992404732635668,25.180370914939424,13.08951281182515,35.392371257240434,0.0,5.316788604006331,0.0,0.0,0.0,18.92513259758242,6.4208216229260096,0.0,29.886452275407407,29.257873006482107,0.0,0.0
CN[C@@]1(C)[C@@H]2CC[C@@H](C2)C1(C)C,0,75.92687204834522,5.316788604006331,0.0,0.0,0.0,0.0,0.0,0.0,0.0,0.0,0.0,13.847474399381248,50.48467661286541,5.538925252383345,0.0,0.0,0.0,0.0,5.316788604006331,17.250802561719567,45.57260172023324,7.04767198267719,0.0,0.0,5.316788604006331,0.0,0.0,0.0,12.586597235060534,0.0,17.250802561719567,40.0336764678499,0.0,0.0,0.0
CS(=O)(=O)c1ccc(C(O)C(CO)NC(=O)C(Cl)Cl)cc1,1,132.1528384294704,15.529843393687742,6.103966387748303,14.673522826667558,0.0,5.907179729351506,0.0,4.794537184071822,8.417796984328938,0.0,0.0,35.33461391738825,17.696185628620217,6.255769183511404,17.544206269178655,23.42538895808217,38.94631264623404,0.0,5.316788604006331,0.0,21.877560382664093,12.862651148024323,29.828919765543436,0.0,5.316788604006331,0.0,0.0,23.20187978046503,48.27879317078419,14.631790320489323,0.0,11.6674178794453,29.160951749364212,0.0,0.0
O=c1cc(-c2ccc(O)c(O)c2)oc2cc(O)cc(O)c12,0,117.31343579013306,24.843260516416166,28.228515441549288,16.92781405846835,0.0,0.0,0.0,4.794537184071822,0.0,0.0,0.0,0.0,18.19910120538483,23.762552697081826,0.0,24.843260516416166,10.969244356107037,0.0,0.0,0.0,0.0,0.0,46.62152998674202,34.321746243707054,5.428790391900541,0.0,22.99804733313562,0.0,20.426109579362823,0.0,0.0,0.0,45.60989053189483,0.0,22.292943266678478
c1ccc(CN(CC2=NCCN2)c2ccccc2)cc1,0,119.51239508368637,10.216698334856808,5.835619785757269,0.0,0.0,0.0,0.0,4.992404732635668,0.0,0.0,0.0,48.53093654769288,17.696185628620217,18.776899086508713,13.08951281182515,0.0,11.523006060440832,0.0,5.316788604006331,4.992404732635668,6.544756405912575,24.534178948588202,66.2271221763131,0.0,10.216698334856808,5.687386274683562,0.0,0.0,25.469889003494995,6.544756405912575,0.0,5.563451491696996,65.65607541725177,0.0,0.0
Cc1ccc(Sc2ccccc2N2CCNCC2)c(C)c1,1,131.10512473758808,10.216698334856808,0.0,0.0,0.0,0.0,0.0,0.0,0.0,0.0,0.0,41.59080471493455,37.61002709646307,35.969992574685854,5.687386274683562,0.0,17.44927122407468,0.0,5.316788604006331,0.0,23.638441350416798,31.07893535450078,53.59147246262526,0.0,10.216698334856808,5.687386274683562,0.0,11.761884949391115,26.1790256236503,0.0,13.847474399381248,11.126902983393991,52.25553643026682,0.0,0.0
Fc1ccc(C(c2ccc(F)cc2)N2CCN(CC=Cc3ccccc3)CC2)cc1,1,176.62043240734357,0.0,11.634441682091788,0.0,0.0,0.0,0.0,9.799819461700954,8.78083009534964,0.0,0.0,66.74934382982225,40.95582274893743,32.72378202956288,6.041840829147961,8.78083009534964,6.076020106833881,0.0,9.799819461700954,0.0,6.041840829147961,32.72378202956288,113.26358815401763,0.0,0.0,8.78083009534964,0.0,0.0,42.523601491263825,0.0,11.634441682091788,22.732195304238946,84.93879199683484,0.0,6.076020106833881
CCOc1nc2cccc(C(=O)O)c2n1Cc1ccc(-c2ccccc2-c2nn[nH]n2)cc1,0,188.2256647663815,9.843390348640755,0.0,0.0,5.824404497999927,6.010464839586836,5.9693052879518484,4.567099647791355,4.794537184071822,10.197363616602075,10.197363616602075,54.59730361615449,40.960210907359695,5.563451491696996,29.748491297355013,14.637927532712576,17.002706723184374,0.0,30.175211976650374,0.0,13.4684936056032,6.606881964512918,77.85694073647171,28.52522381267775,4.736862953800049,0.0,6.010464839586836,0.0,47.85792662395585,6.544756405912575,0.0,22.845177367156435,66.73003775307771,0.0,33.54816040832343
C=C[C@@H]1C[N@@]2CC[C@H]1C[C@H]2[C@H](O)c1ccnc2ccccc12,0,130.83493885930145,5.106527394840706,0.0,0.0,0.0,0.0,0.0,9.883888251797686,0.0,0.0,6.578935683598497,24.27512131221871,48.918397372707595,24.169665021138407,11.620667105364564,5.106527394840706,10.902924932081056,0.0,9.883888251797686,11.835812092322787,24.987450462748285,13.08951281182515,54.747086196050496,0.0,0.0,0.0,0.0,0.0,34.1217692876115,0.0,11.835812092322787,24.509061125297315,49.1836347043535,0.0,10.902924932081056
CCCC1CC(C(=O)NC(C(C)O)C2OC(SC)C(O)C(O)C2O)N(C)C1,0,164.81641288302478,30.4797611371692,29.851863922562288,0.0,5.907179729351506,0.0,0.0,9.694446914922299,0.0,0.0,11.761884949391115,13.344558822616634,38.98672765789263,6.544756405912575,18.187648046044224,29.957509717234693,17.66906467874262,0.0,10.216698334856808,5.917906046161393,81.14945123676578,19.84819757210117,0.0,0.0,5.316788604006331,0.0,0.0,11.761884949391115,99.1209085802725,9.53140013787187,5.917906046161393,33.10993926815928,0.0,0.0,0.0
Cc1cc(C2CCCCC2)n(O)c(=O)c1,0,89.3195805860036,5.20725302477729,0.0,0.0,0.0,5.559266895052007,0.0,4.794537184071822,0.0,4.7304076419062255,0.0,19.26246486877803,31.395199005701247,11.984273114623004,5.693927994848461,5.20725302477729,0.0,0.0,4.7304076419062255,0.0,44.94575136048206,0.0,33.743917702592505,0.0,5.559266895052007,0.0,0.0,0.0,9.937660666683517,0.0,6.923737199690624,49.2793936473369,16.927271320995043,0.0,0.0
CCn1cc(C(=O)O)c(=O)c2cc(F)c(N3CCN(C)CC3)cc21,0,138.25887357603418,19.473446504333015,11.38067233274289,0.0,5.428790391900541,0.0,5.9693052879518484,4.794537184071822,9.184952231746642,0.0,0.0,0.0,26.104143319291033,44.306849815640746,11.204086992299825,14.291479626587348,22.559616494716465,0.0,9.467009378641832,0.0,13.4684936056032,38.126607337177965,39.933577617251544,0.0,10.328700122751018,10.077801322358383,0.0,0.0,53.76953966776187,6.544756405912575,5.817220841045894,17.28172587545944,23.124114892608116,0.0,10.902924932081056
NC(=O)N1c2ccccc2CC(=O)c2ccccc21,0,110.00026108252523,5.733667477162185,0.0,5.783244946364939,0.0,0.0,6.031114512338072,9.694446914922299,4.794537184071822,0.0,0.0,30.33183534230805,23.762552697081826,11.984273114623004,11.374772549367124,9.589074368143644,23.189132008070136,0.0,0.0,5.733667477162185,6.4208216229260096,4.899909730850477,59.65783953108687,0.0,10.633577208012662,16.169309733438947,0.0,0.0,11.814359458703011,6.4208216229260096,0.0,15.921440167465814,48.53093654769288,0.0,0.0
O=C1CC2(CCCC2)CC(=O)N1CCCCN1CCN(c2ncccn2)CC1,0,166.6597667762423,4.899909730850477,0.0,0.0,17.762698739689505,0.0,0.0,19.388893829844598,9.967957041894415,0.0,0.0,12.841643245852019,43.709400435475,57.95911241864104,0.0,9.589074368143644,17.762698739689505,0.0,19.76777650359537,5.414990469396779,51.36657298340809,44.16844816632592,18.460054211687762,0.0,4.899909730850477,5.948339280986494,0.0,0.0,70.85067439777383,9.589074368143644,5.414990469396779,51.36657298340809,18.460054211687762,0.0,0.0
Clc1ccc(CCCOCCCN2CCCCC2)cc1,0,127.61658035092238,9.636772684650527,0.0,0.0,0.0,0.0,0.0,0.0,0.0,0.0,0.0,30.154495650081746,62.88980655507541,24.781153648679737,0.0,4.736862953800049,11.600939890232516,0.0,4.899909730850477,0.0,38.524929737556064,32.84803314676356,34.85155307928476,0.0,0.0,0.0,0.0,11.600939890232516,37.74794287761404,11.157684576726059,0.0,37.667559606327046,24.26546827384644,5.022633313741326,0.0
CC(NCCc1ccc(O)cc1)C(O)c1ccc(O)cc1,0,124.24577133774014,20.63637078852845,11.49902366656781,0.0,0.0,0.0,0.0,0.0,0.0,0.0,0.0,24.26546827384644,55.28168648576964,6.041840829147961,6.103966387748303,15.319582184522117,0.0,0.0,5.316788604006331,0.0,25.4903660395129,6.544756405912575,59.65783953108687,11.49902366656781,5.316788604006331,0.0,11.49902366656781,0.0,27.90617941958265,6.4208216229260096,0.0,24.154606570832918,48.53093654769288,0.0,0.0
COC(=O)C1=C(C)N=C(C)C(C(=O)OC)C1c1ccccc1[N+](=O)[O-],0,143.84876505960742,9.473725907600098,5.917906046161393,0.0,0.0,5.687386274683562,11.938610575903697,19.901260185473063,4.794537184071822,0.0,0.0,18.19910120538483,13.847474399381248,28.956448922146535,24.716010661442002,23.98611132456141,23.33768185335796,0.0,0.0,10.910310778797061,19.76538044554264,14.219595082555067,51.21338187743411,0.0,0.0,5.687386274683562,0.0,0.0,36.793201710047136,19.06280027574374,16.032224314926967,25.328831937239634,40.528016849607205,0.0,0.0
CNCCC(Oc1ccc(C(F)(F)F)cc1)c1ccccc1,1,127.47322151943769,10.05365155780638,11.853478221032208,0.0,0.0,0.0,6.176298517443475,0.0,0.0,13.171245143024459,0.0,30.33183534230805,43.4213481541332,6.4208216229260096,5.563451491696996,17.908108096824506,0.0,0.0,5.316788604006331,0.0,18.701086528117788,13.592428388589765,65.72420659954848,5.749511833283905,10.05365155780638,13.171245143024459,5.749511833283905,0.0,13.592428388589765,6.176298517443475,0.0,23.651690994068304,54.59730361615449,0.0,0.0
COc1ccccc1OCC(O)CN1CCN(CC(=O)Nc2c(C)cccc2C)CC1,0,184.11434738005943,19.897041906447136,12.71084835226122,11.49902366656781,5.907179729351506,0.0,0.0,14.594356645772777,0.0,0.0,0.0,30.33183534230805,37.107111519698464,38.41116830424644,13.65455394719011,19.374790486512627,11.594566004035068,0.0,9.799819461700954,0.0,19.95144078712955,58.30200654527223,53.59147246262526,11.49902366656781,14.790514511606428,5.687386274683562,11.49902366656781,0.0,79.90271091490737,4.794537184071822,13.847474399381248,11.126902983393991,42.46456947923127,0.0,0.0
CNC(=O)c1cccc(-c2ccc3c(N4CCOCC4C)nc(N4CCOCC4C)nc3n2)c1,1,198.65489094890887,24.590333973307384,5.817862777835028,5.647177220767728,5.948339280986494,5.907179729351506,0.0,4.794537184071822,4.983978520947208,9.967957041894415,0.0,12.13273413692322,38.112942673227685,31.264087777896332,49.591361725660846,14.268263091671919,28.70678322340555,0.0,20.268724166847953,0.0,25.93115605767717,56.364532114254956,41.96165390246666,11.257379486545457,15.116608065707286,11.766202058821523,0.0,0.0,79.50750960304305,9.473725907600098,0.0,24.205463075150067,36.39820241076966,0.0,22.29078092177798
OCc1ccc(OC2OC(CO)C(O)C(O)C2O)cc1,0,115.17842598673782,35.006362881803625,30.165377384277114,0.0,6.290026729335213,0.0,0.0,0.0,0.0,0.0,0.0,12.13273413692322,17.696185628620217,0.0,13.213763929025836,35.006362881803625,0.0,0.0,0.0,0.0,37.312774244841336,6.606881964512918,29.828919765543436,5.749511833283905,4.736862953800049,0.0,5.749511833283905,0.0,62.84541121904486,11.343744918312968,0.0,5.563451491696996,24.26546827384644,0.0,0.0
CCc1c(C(=O)C(N)=O)c2c(OCC(=O)O)cccc2n1Cc1ccccc1,0,160.87612454452898,20.144157473594294,5.749511833283905,6.606881964512918,0.0,11.690424675716445,5.9693052879518484,9.589074368143644,4.794537184071822,0.0,0.0,43.321939610460284,24.117007251546223,12.238684400761036,16.46637642377805,24.227001900856223,28.562654895749347,0.0,4.567099647791355,5.733667477162185,19.88931522852921,6.606881964512918,65.35176752593533,5.749511833283905,10.470530430962235,0.0,5.749511833283905,0.0,33.94023897081327,22.554652396982227,0.0,28.539105362004896,48.53093654769288,0.0,10.902924932081056
N=C(N)NN,0,29.62438162496279,5.733667477162185,0.0,5.959554568743835,0.0,0.0,0.0,10.835075002901906,5.842670270266239,0.0,0.0,0.0,0.0,0.0,0.0,0.0,5.959554568743835,5.409283605791522,5.425791397110385,11.576337747428424,0.0,0.0,0.0,0.0,17.00212914453881,0.0,0.0,0.0,5.959554568743835,0.0,5.409283605791522,0.0,0.0,0.0,0.0
COC(=O)N1CCN(Cc2cccc(NC(=O)Nc3ccc(C)nc3)c2F)CC1,0,168.20830972269124,20.270349892663187,0.0,5.817220841045894,0.0,0.0,12.124354583276487,9.883888251797686,13.979489415818463,0.0,0.0,12.13273413692322,25.122838405075456,43.98116151610833,24.681413662257732,18.716352369618512,23.49912713264361,0.0,14.783797982648162,0.0,13.4684936056032,43.922400372940494,53.60327924151248,0.0,10.633577208012662,25.354261965185586,0.0,0.0,60.19697573085247,11.281619359712625,12.740958040736519,11.257379486545457,36.52867891392113,0.0,0.0
CC1(C)SC2C(NC(=O)C(N)c3ccccc3)C(=O)N2C1C(=O)O,0,143.1206585849213,21.056893206859698,23.499395300412623,0.0,11.814359458703011,0.0,5.9693052879518484,9.589074368143644,4.794537184071822,0.0,11.761884949391115,30.33183534230805,19.410925891078243,4.747022453217559,0.0,19.490138947056174,29.545549696045974,0.0,10.216698334856808,5.733667477162185,42.09389215301143,0.0,35.89528683400505,0.0,11.050456081168516,0.0,0.0,11.761884949391115,49.994678796828254,14.383611552215466,0.0,25.452766720226204,30.33183534230805,0.0,0.0
CNCCC(Oc1ccccc1C)c1ccccc1,0,114.97661531065897,10.05365155780638,11.853478221032208,0.0,0.0,0.0,0.0,0.0,0.0,0.0,0.0,48.53093654769288,37.70943564013599,6.4208216229260096,0.0,4.736862953800049,0.0,0.0,5.316788604006331,0.0,19.448525210364934,13.592428388589765,65.72420659954848,5.749511833283905,10.05365155780638,0.0,5.749511833283905,0.0,13.592428388589765,0.0,6.923737199690624,23.651690994068304,54.59730361615449,0.0,0.0
O=C1NC(=O)C(c2ccccc2)(c2ccccc2)N1,0,110.00026108252521,5.316788604006331,0.0,5.538925252383345,0.0,5.907179729351506,6.031114512338072,10.111325788078153,4.794537184071822,0.0,0.0,60.6636706846161,11.126902983393991,0.0,0.0,9.589074368143644,11.938294241689578,0.0,10.633577208012662,0.0,5.538925252383345,0.0,71.7905736680101,0.0,10.633577208012662,4.794537184071822,0.0,0.0,11.938294241689578,10.333462436455168,0.0,11.126902983393991,60.6636706846161,0.0,0.0
CC#CCn1c(N2CCCC(N)C2)nc2c1c(=O)n(Cc1nc(C)c3ccccc3n1)c(=O)n2C,1,201.58460935295716,10.633577208012662,5.824404497999927,11.16387793838399,5.948339280986494,5.559266895052007,5.689743398203474,18.495836127445887,14.762494225966236,4.983978520947208,5.920434318855644,24.119535524240472,32.75548471369488,37.25917783296356,18.606213529441412,0.0,28.015142151451542,0.0,28.65323450621569,12.781339459839375,45.82047128620637,17.989422542675626,56.621885428093954,11.840868637711289,21.88258750126814,5.948339280986494,0.0,0.0,47.784588147188785,20.13718479450234,18.764605837401913,31.28371293839103,33.854542641990086,0.0,22.066802870465047
CS(=O)(=O)CCNCc1ccc(-c2ccc3ncnc(Nc4ccc(OCc5cccc(F)c5)c(Cl)c4)c3c2)o1,0,235.65015567569458,19.78759109886606,51.676545465608676,0.0,0.0,0.0,0.0,0.0,22.776169073898174,0.0,0.0,23.733674027155736,66.2271221763131,29.437587570269333,22.836944044016953,21.962225922857154,43.84636701124967,0.0,15.284745645900745,0.0,13.151638370425493,23.8701678001771,101.28727796166254,17.07321074385534,15.370440161812711,15.89566410019341,5.749511833283905,11.600939890232516,36.93913322239412,22.988891506842997,5.817220841045894,11.323698910571437,83.54087583335722,5.022633313741326,22.226623842652494
CCN(CCO)CCCC(C)Nc1ccnc2cc(Cl)ccc12,0,143.0243904946372,15.323225729697512,0.0,0.0,0.0,0.0,0.0,4.983978520947208,0.0,0.0,0.0,18.524677089923138,57.12036153121423,34.8796846095633,12.123582682129179,5.106527394840706,28.191251096997135,0.0,9.883888251797686,0.0,32.730958474381225,31.557939786256973,35.48494515920084,0.0,5.316788604006331,5.687386274683562,0.0,11.600939890232516,47.27340765803699,0.0,0.0,26.689117645233267,30.462311845459514,5.022633313741326,10.902924932081056
CO[C@H]1/C=C/O[C@@]2(C)Oc3c(C)c(O)c4c(O)c(c(C=NN5CCN(C)CC5)c(O)c4c3C2=O)NC(=O)C(C)=CC=CC(C)[C@H](O)[C@@H](C)[C@@H](O)[C@@H](C)[C@H](OC(C)=O)[C@@H]1C,0,343.9147588784286,54.69678712426053,23.35250188760002,5.749511833283905,0.0,11.690424675716445,11.756416440522445,19.392524076169995,0.0,5.101407525739722,0.0,45.92300911926414,26.97116648889232,87.3307019851857,52.98909366374336,58.86370034161918,40.33416524681676,0.0,9.908822254805008,28.77303171038529,85.59287430108878,45.653283751611355,52.82961988091657,22.99804733313562,10.05365155780638,5.687386274683562,22.99804733313562,0.0,129.85526162338098,23.79966322954379,30.595361384336194,69.95105205699716,41.2406729315653,0.0,10.772448428929591
N#C[C@@H]1C[C@@H]2C[C@@H]2N1C(=O)C(N)[C@@]12C[C@@H]3C[C@@H](C[C@@](O)(C3)C1)C2,0,136.3621711058503,15.740104602853368,6.041840829147961,0.0,5.907179729351506,0.0,0.0,4.794537184071822,0.0,5.261891554738487,0.0,0.0,74.53528159128905,6.041840829147961,17.712112952923924,9.901064578912528,5.907179729351506,5.261891554738487,4.899909730850477,28.902376085043137,75.09314628183566,0.0,0.0,6.069221312792274,5.733667477162185,0.0,0.0,0.0,39.64019015347026,4.794537184071822,34.499821475411714,51.36657298340809,0.0,0.0,0.0
Cc1nnc(NS(=O)(=O)c2ccc(N)cc2)s1,1,102.55208101370268,5.733667477162185,5.007623696852765,0.0,5.131558479839333,10.023291153407584,0.0,4.722094864452088,8.417796984328938,0.0,10.197363616602075,11.336785877934735,31.18920547353706,5.687386274683562,4.895483475517775,8.417796984328938,32.17902178586522,0.0,10.197363616602075,0.0,11.819220675208399,10.455762341614273,29.273091970699205,0.0,10.455762341614273,10.818944754522896,0.0,11.336785877934735,18.615160600931013,10.023291153407584,6.923737199690624,5.007623696852765,29.160951749364212,0.0,0.0
CCOC(=O)CCC(=O)OC1C(OC2C(C)C(OC3CC(C)(OC)C(O)C(C)O3)C(C)C(=O)OC(CC)C(C)(O)C(O)C(C)C(=O)C(C)CC2(C)O)OC(C)CC1N(C)C,0,355.5405452871168,63.22092294061368,23.592228532845233,18.684019846418728,0.0,0.0,17.907915863855546,19.178148736287287,0.0,0.0,0.0,27.694948798762496,81.82396923196677,31.284337302687717,73.13020564638317,77.49916194605049,23.691160810220484,0.0,4.899909730850477,23.671624184645573,198.94281675690883,27.812023471144833,0.0,0.0,0.0,0.0,0.0,0.0,161.08598141433453,57.073052366687676,23.671624184645573,114.6860389341529,0.0,0.0,0.0
COc1cccc(C=NCCN=Cc2cccc(OC)c2O)c1O,1,140.28435294706665,19.68678069728151,0.0,22.99804733313562,0.0,0.0,0.0,9.984809465271336,0.0,0.0,0.0,12.13273413692322,24.26546827384644,23.556104142464626,27.30910789438022,19.68678069728151,12.429201159070633,0.0,0.0,9.984809465271336,0.0,27.30910789438022,47.52510539416365,22.99804733313562,9.473725907600098,0.0,22.99804733313562,0.0,49.951363843132256,0.0,0.0,11.126902983393991,46.383011876040996,0.0,0.0
CC(C)NCC(O)c1ccccc1Cl,0,89.90347585416573,10.423315998847038,0.0,0.0,0.0,0.0,0.0,0.0,0.0,0.0,0.0,43.64751549499859,6.06636706846161,23.17268204049886,6.103966387748303,5.106527394840706,11.600939890232516,0.0,5.316788604006331,0.0,25.993281616277514,6.544756405912575,34.85155307928476,0.0,5.316788604006331,0.0,0.0,11.600939890232516,17.69312462990124,0.0,0.0,25.514892278826544,24.26546827384644,5.022633313741326,0.0
COCC(NC(=O)c1cnc(C)s1)C(=O)NC(COC)C(=O)NC(Cc1ccccc1)C(=O)C1(C)CO1,1,218.81806189325528,30.160954673419138,22.561879662980907,5.783244946364939,11.814359458703011,5.907179729351506,0.0,19.178148736287287,4.983978520947208,0.0,11.336785877934735,30.33183534230805,25.831747514004253,14.219595082555067,37.06695399115256,33.38873759768743,34.84157001235419,0.0,20.934344332966198,0.0,43.994869320734836,34.04024097609382,51.97690129617219,0.0,15.950365812018994,0.0,0.0,11.336785877934735,86.25557692988806,35.01502203654162,6.923737199690624,27.166496766013505,36.52867891392113,0.0,0.0
O=c1[nH]c2ccccc2n1CCCN1CCC(n2c(=O)[nH]c3cc(Cl)ccc32)CC1,0,177.4292360249599,14.867866772744893,0.0,0.0,0.0,0.0,11.379486796406947,9.13419929558271,9.589074368143644,0.0,0.0,23.733674027155736,56.13905661699866,30.698743360627013,22.066802870465047,0.0,33.667742760697564,0.0,24.002066068327604,0.0,31.849062103838566,19.634269217737724,68.45576395752319,0.0,11.379486796406947,0.0,0.0,11.600939890232516,43.636335286065325,6.544756405912575,0.0,25.30430569792599,52.053643847374914,5.022633313741326,22.066802870465047
Nc1nccs1,0,39.631305067867686,5.733667477162185,0.0,5.131558479839333,0.0,0.0,0.0,0.0,4.983978520947208,0.0,11.336785877934735,0.0,0.0,11.576906342078992,0.0,0.0,16.46834435777407,0.0,4.983978520947208,0.0,0.0,5.733667477162185,11.576906342078992,0.0,5.733667477162185,5.131558479839333,0.0,11.336785877934735,4.983978520947208,0.0,0.0,0.0,11.576906342078992,0.0,0.0
CCN1CCC[C@H]1CNC(=O)c1c(O)c(Cl)cc(Cl)c1OC,0,139.69558038485863,15.160178952647087,5.563451491696996,11.49902366656781,0.0,5.907179729351506,0.0,9.694446914922299,0.0,0.0,0.0,30.125616980155655,31.997523126138777,12.586597235060536,17.155064168760184,14.637927532712578,29.10905950981654,0.0,10.216698334856808,0.0,25.807221274690605,26.744066759015258,21.67508518764126,11.49902366656781,10.05365155780638,0.0,11.49902366656781,23.20187978046503,48.6995244432059,0.0,0.0,30.12336912131146,6.06636706846161,10.045266627482652,0.0
CC(C)CN(CC(O)C(Cc1ccccc1)NC(=O)OC1CCOC1)S(=O)(=O)c1ccc(N)cc1,0,206.82012241368045,25.63070938360932,6.103966387748303,0.0,10.023291153407584,0.0,6.093240070938415,0.0,13.212334168400758,4.305215991296233,0.0,44.179309741689295,42.16764743463084,25.19772070943472,30.255054621439875,27.792587470841564,21.80391749902956,0.0,9.622004595302563,5.917906046161393,49.834374725395605,32.03694421801317,60.160755107851486,0.0,11.050456081168516,10.481923458755384,0.0,0.0,68.47583078689983,25.91783868393369,5.917906046161393,25.831747514004253,59.49278709167226,0.0,0.0
NC1=NCC2c3ccccc3Cc3ccccc3N12,0,111.9316503291652,10.633577208012662,0.0,5.959554568743835,0.0,0.0,0.0,4.992404732635668,0.0,0.0,0.0,42.46456947923127,29.177543166478607,5.687386274683562,12.586597235060536,0.0,11.646940843427398,0.0,0.0,10.726072209797852,12.462662452073971,11.444666136763052,65.22129102278387,0.0,10.633577208012662,5.687386274683562,0.0,0.0,12.50431097465641,6.4208216229260096,0.0,22.732195304238946,53.523341280328545,0.0,0.0
CN1C[C@@H]2c3ccccc3Oc3ccc(Cl)cc3[C@H]2C1,0,123.47819071707748,9.636772684650527,11.49902366656781,0.0,0.0,0.0,0.0,0.0,0.0,0.0,0.0,29.800041095617345,36.876591748220626,35.51140970958625,0.0,4.736862953800049,11.600939890232516,0.0,4.899909730850477,0.0,11.835812092322787,20.13718479450234,58.614105776366586,11.49902366656781,4.736862953800049,0.0,11.49902366656781,11.600939890232516,25.037094525352817,0.0,0.0,22.96271507571678,42.46456947923127,5.022633313741326,0.0
CCNC(=O)Nc1ccc(-c2nc3c(c(N4CCOCC4C)n2)CCN(C2COC2)C3)cc1,0,194.0274936950992,25.007212846463236,5.817862777835028,5.824404497999927,0.0,0.0,6.031114512338072,4.899909730850477,14.762494225966236,0.0,0.0,0.0,44.53376429615369,42.99331488172785,44.20513751119605,14.268263091671919,17.536363564856664,0.0,20.184655376751223,0.0,38.89673408651575,56.2784954106462,35.5228477603919,11.387855989696924,15.533486938863138,16.299786236590414,0.0,0.0,79.04446001916828,22.439303936438684,0.0,25.104853885926705,24.26546827384644,0.0,11.387855989696924
CS(=O)(=O)c1cccc(CNc2nc(Nc3ccc4c(c3)CCC(=O)N4)ncc2C(F)(F)F)c1,0,193.10182226780162,15.950365812018994,11.381314269532023,9.837253136417502,11.855519010338,0.0,6.176298517443475,4.794537184071822,13.401775505276145,18.155223663971668,0.0,12.13273413692322,47.87955994862805,36.79296333333019,4.895483475517775,26.383579311425223,38.885407473957656,0.0,9.967957041894415,0.0,30.458181644725844,22.206134995530395,65.35176752593534,0.0,15.950365812018994,36.31221975121311,0.0,0.0,30.54870293908626,33.773666866771386,0.0,23.111176098016998,53.55689652636212,0.0,0.0
C[C@]12CC[C@@H]3c4ccc(O)cc4CC[C@H]3[C@@H]1CC[C@H]2O,1,120.38168253606061,10.213054789681411,5.749511833283905,0.0,0.0,0.0,0.0,0.0,0.0,0.0,0.0,12.990104268152233,84.95327546575423,0.0,6.103966387748303,10.213054789681411,0.0,0.0,0.0,17.250802561719567,57.47053937115639,0.0,29.32600418877882,5.749511833283905,0.0,0.0,5.749511833283905,0.0,16.317021177429716,6.4208216229260096,17.250802561719567,56.07265434387607,18.19910120538483,0.0,0.0
O=S(=O)(O)CCCS(=O)(=O)O,0,64.72640727670401,0.0,0.0,0.0,0.0,20.236253718067108,0.0,9.105499747380728,0.0,16.835593968657875,0.0,0.0,6.4208216229260096,0.0,11.505707213493578,25.9410937160386,20.236253718067108,0.0,0.0,0.0,6.4208216229260096,11.505707213493578,0.0,0.0,0.0,0.0,0.0,0.0,37.44680092953218,20.236253718067108,0.0,6.4208216229260096,0.0,0.0,0.0
COCCOC(=O)C1=C(C)N=C(C)C(C(=O)OC(C)C)C1c1cccc([N+](=O)[O-])c1,0,174.4220787467007,14.210588861400147,12.52478801067431,0.0,0.0,5.687386274683562,11.938610575903697,19.901260185473063,4.794537184071822,0.0,0.0,12.13273413692322,33.25840029045949,36.56916204018868,23.20726393114816,28.72297427836146,23.33768185335796,0.0,0.0,10.910310778797061,39.71682123267219,20.32356147030337,51.21338187743411,0.0,0.0,5.687386274683562,0.0,0.0,49.001134485543744,23.79966322954379,16.032224314926967,39.17630633662088,40.528016849607205,0.0,0.0
COc1ccc(CCNCC(O)COc2cccc(C)c2)cc1OC,0,149.0927658650586,24.633904860247185,18.460360185545124,11.49902366656781,0.0,0.0,0.0,0.0,0.0,0.0,0.0,18.19910120538483,55.28168648576964,6.544756405912575,14.219595082555067,19.31711625624085,0.0,0.0,5.316788604006331,0.0,19.448525210364934,33.91598985889314,53.59147246262526,17.248535499851716,19.527377465406477,0.0,17.248535499851716,0.0,45.12648364148214,6.4208216229260096,6.923737199690624,11.126902983393991,42.46456947923127,0.0,0.0
COc1ccc(-c2cc3c(C)nc(N)nc3n(C3CCC(OCCO)CC3)c2=O)cn1,0,179.42505226638067,20.313920779602988,5.647177220767728,0.0,11.828327617421866,5.559266895052007,0.0,9.361636831863176,9.967957041894415,4.983978520947208,0.0,0.0,44.73975782831789,34.81817866708144,32.121455852900134,14.580253302440804,16.98174071621902,0.0,19.51903521063298,0.0,44.75283090829093,26.057228947465557,40.44367685097019,17.00689131982936,16.02979732601424,5.948339280986494,5.879988336435371,0.0,51.05309046352535,4.736862953800049,6.923737199690624,37.41905531570046,29.19048196106973,0.0,22.160304418626513
Nc1nc(=O)c2c(CCc3ccc(C(=O)NC(CCC(=O)O)C(=O)O)cc3)c[nH]c2[nH]1,0,174.86246394056423,31.231467912744343,11.689018049915688,0.0,5.948339280986494,11.466446624403513,11.938610575903697,14.383611552215466,4.794537184071822,4.983978520947208,0.0,12.13273413692322,42.52210198909524,18.18111668623608,5.386224214464796,24.596666341896878,34.82753102147422,0.0,20.268724166847953,0.0,31.725127320852,5.733667477162185,57.50647039967433,0.0,16.60972297622052,5.948339280986494,0.0,0.0,49.052621486926185,22.43071761399566,0.0,34.326534905014825,35.25684902953134,0.0,11.033401435232523
C=CC(=O)Nc1cc2c(Nc3ccc(F)c(Cl)c3)ncnc2cc1OCCCN1CCOCC1,1,201.28041700372674,20.10730311561276,23.711915526929367,0.0,5.907179729351506,0.0,0.0,9.694446914922299,14.358372089569235,0.0,0.0,18.179875573831012,36.76231000360633,36.77424677534769,36.047366199579905,18.65867813934674,45.603679878867226,0.0,14.867866772744893,0.0,6.4208216229260096,50.08849231928914,60.15396536229218,5.749511833283905,15.370440161812711,21.58305037487697,5.749511833283905,11.600939890232516,60.229961613372865,9.53140013787187,5.817220841045894,6.4208216229260096,49.31411120750497,5.022633313741326,10.902924932081056
O=C(O)CCC1CCC(c2cc(F)ccc2F)(S(=O)(=O)c2ccc(Cl)cc2)CC1,0,172.98263646836173,5.106527394840706,16.381464135309347,9.837253136417502,0.0,0.0,5.9693052879518484,4.794537184071822,17.198627079678577,0.0,0.0,11.600939890232516,80.48658364002272,17.00690642836433,4.895483475517775,27.099691658591105,27.407498314601867,0.0,0.0,5.917906046161393,48.1674356662914,0.0,64.68509596676138,0.0,0.0,8.78083009534964,0.0,11.600939890232516,19.493629667121493,19.378812773706883,17.55234772825318,44.08838122925306,47.360052954749044,5.022633313741326,0.0
CCCCc1nc2cc(C=CC(O)=NO)ccc2n1CCN(CC)CC,0,155.0041541546935,19.78078979825983,5.824404497999927,0.0,5.897745344357611,0.0,0.0,0.0,4.983978520947208,0.0,0.0,33.25840029045949,48.43825289695579,25.58635454158504,11.033401435232523,10.313780419617995,23.007166886424017,0.0,14.450987899589041,5.15571272675054,46.578432873762466,19.634269217737724,35.66297730191563,0.0,0.0,0.0,0.0,0.0,50.29678288130236,12.965578028838586,0.0,45.000710834620804,29.43083403896925,0.0,17.109421542066407
CN(C)C/C=C/C(=O)Nc1ccc(C(=O)Nc2cccc(Nc3ncc(Cl)c(-c4c[nH]c5ccccc45)n3)c2)cc1,1,241.8335290689202,25.834254063816676,0.0,0.0,11.855519010338,5.907179729351506,0.0,9.589074368143644,9.967957041894415,0.0,0.0,41.942428270912835,62.626280513047256,57.90960682388526,16.913404880202865,9.589074368143644,57.32872238605376,0.0,19.8518452936921,0.0,0.0,36.59046618328595,107.9282169838716,11.257379486545457,15.950365812018994,23.010498105037183,0.0,11.600939890232516,52.30630512366206,4.794537184071822,0.0,10.357988675768818,97.34213217843326,5.022633313741326,22.160304418626517
CNC1C(O)C(OC2C(N)CC(N)C(OC3OC(C(C)O)C(O)C(O)C3N)C2O)OCC1(C)O,1,197.44477544662715,72.10440721973733,48.3288155252218,12.580053458670426,0.0,0.0,0.0,0.0,0.0,0.0,0.0,0.0,27.315968004984448,12.083681658295921,24.794530010557143,49.58661618424442,0.0,0.0,5.316788604006331,17.201002431486554,111.44849471053962,13.654553947190108,0.0,0.0,22.517791035492888,0.0,0.0,0.0,135.47391700446673,18.947451815200196,0.0,20.268296022307258,0.0,0.0,0.0
CC(C)(Sc1cc(C(C)(C)C)c(O)c(C(C)(C)C)c1)Sc1cc(C(C)(C)C)c(O)c(C(C)(C)C)c1,0,223.25708505421906,10.213054789681411,11.49902366656781,0.0,0.0,0.0,0.0,0.0,0.0,0.0,23.52376989878223,83.08484639628746,59.77290455081479,32.04477291782353,4.079054437038339,10.213054789681411,23.52376989878223,0.0,0.0,0.0,132.46230406132972,0.0,46.519274240634424,11.49902366656781,0.0,0.0,11.49902366656781,23.52376989878223,14.29210922671975,21.659961877587115,0.0,119.18612676245668,34.05643522488199,0.0,0.0
Fc1ccccc1-c1nc2ccn(Cc3ccc(-c4ccc(C(F)(F)F)cc4C(F)(F)F)nn3)cc-2n1,1,204.15855638736252,4.567099647791355,11.511148835894355,5.824404497999927,0.0,0.0,12.35259703488695,0.0,14.358372089569235,36.539853902651,0.0,18.19910120538483,42.46456947923127,17.957138634923147,40.316894865548946,30.732905333723743,0.0,0.0,24.732420306287846,0.0,18.897353440799524,0.0,95.6954096471306,34.0330914659393,0.0,30.732905333723743,0.0,0.0,24.732420306287846,18.897353440799524,5.817220841045894,16.82083097824245,73.05735782784225,0.0,34.0330914659393
COC1C(OC(N)=O)C(O)C(Oc2ccc3c(=O)c(NC(=O)c4ccc(O)c(CC=C(C)C)c4)c(O)oc3c2C)OC1(C)C,0,252.32981968130514,49.73464101794418,23.186010195958353,17.895319050180166,11.718817121235753,5.907179729351506,12.039547831399766,9.589074368143644,4.794537184071822,0.0,0.0,11.649124636903148,76.93479445538416,18.236700524671523,10.987275025448483,48.2732593049193,28.65705043108052,0.0,0.0,5.733667477162185,71.24248432494294,12.426586145283864,68.89464203027454,17.44533142702916,21.216109426869107,10.481923458755384,17.44533142702916,0.0,64.63277622965337,20.631410484326157,6.923737199690624,49.17984045792531,51.19264810033637,0.0,10.969244356107037
Clc1ccc2nsnc2c1NC1=NCCN1,0,100.86221513104599,10.633577208012662,11.033401435232523,5.959554568743835,0.0,0.0,0.0,4.992404732635668,0.0,8.747079962832899,0.0,11.600939890232516,12.13273413692322,6.544756405912575,28.982963339536077,0.0,46.009469514091045,0.0,14.06386856683923,4.992404732635668,0.0,18.406301415831482,17.155367450664546,0.0,10.633577208012662,5.687386274683562,0.0,23.32912723543113,27.796147343401884,0.0,0.0,0.0,17.12513886955889,5.022633313741326,11.033401435232523
Cc1cc(OCCCS(C)(=O)=O)cc(C)c1-c1cccc(COc2ccc3c(c2)OCC3CC(=O)O)c1,0,217.4759135590055,19.31711625624085,33.69267060078214,0.0,0.0,0.0,5.9693052879518484,4.794537184071822,8.417796984328938,0.0,0.0,24.26546827384644,72.35102175463868,23.8034937898314,25.387439158698633,32.52945042464161,15.80655842436935,0.0,0.0,0.0,39.21390565590758,25.222386719284028,76.85110958294248,28.375438483245706,14.210588861400147,0.0,17.248535499851716,0.0,44.716016386405514,21.23867228500224,13.847474399381248,41.0133552588014,54.59730361615449,0.0,11.126902983393991
CCC1C(=O)N(C)c2cnc(Nc3ccc(C(=O)NC4CCC(N5CCN(CC6CC6)CC5)CC4)cc3OC)nc2N1C(C)C,1,267.2387278964797,30.070169354364143,17.478738937115427,5.817862777835028,11.855519010338,5.907179729351506,0.0,14.48898409899412,4.983978520947208,4.983978520947208,0.0,6.923737199690624,82.91023301140955,63.46042799138093,18.99402738757417,14.325937321943693,34.95533406689165,0.0,25.0845651076017,5.917906046161393,89.88432627614579,61.997859619224876,29.9593962686949,5.749511833283905,25.170259623513665,23.140974608188646,5.749511833283905,0.0,102.63075083240781,4.794537184071822,5.917906046161393,76.07495163532276,24.395944776997904,0.0,0.0
CCOC(=O)C(CCc1ccccc1)NC(C)C(=O)N1C(C(=O)O)C[C@H]2CCCC[C@@H]21,0,183.69074000722307,14.743300079491233,12.083681658295921,0.0,5.907179729351506,0.0,11.938610575903697,14.905862972149976,4.794537184071822,0.0,0.0,43.173478588160066,57.43294005186969,6.041840829147961,12.648722793660879,24.227001900856216,17.845790305255203,0.0,10.216698334856808,5.917906046161393,82.96058907645516,6.606881964512918,35.89528683400505,0.0,5.316788604006331,0.0,0.0,0.0,58.62647271205114,25.54129612894152,5.917906046161393,57.935855628634314,30.33183534230805,0.0,0.0
CC12CCC3C(CC(=O)C4CC(=NOCCN)CCC43C)C1CCC2=O,0,155.64060981359003,10.571256060898818,18.173371857242795,0.0,0.0,0.0,0.0,9.589074368143644,0.0,0.0,0.0,19.003187126131788,61.69363834543701,30.719296167322767,5.711685002770702,14.426662951880278,17.27817489550058,0.0,0.0,45.39098532735185,65.21404738278933,13.151638370425493,0.0,0.0,5.733667477162185,0.0,0.0,0.0,30.429813265926075,14.426662951880278,34.50160512343913,65.21404738278933,5.15571272675054,0.0,0.0
Cc1nc2n(c(=O)c1CCN1CCC(c3noc4cc(F)ccc34)CC1)CCCC2O,0,179.03353084764743,14.529532062664531,17.745591726794125,5.583020141642242,0.0,5.559266895052007,0.0,9.361636831863176,9.374393568622027,0.0,0.0,5.156663257125445,64.25009226306904,41.7173896274584,5.693927994848461,14.020037379488874,10.969244356107037,0.0,19.607651156714486,0.0,57.594474154142944,19.634269217737724,57.14583810494839,0.0,5.559266895052007,4.39041504767482,0.0,0.0,44.34844776929292,12.965578028838586,12.740958040736519,60.48087090500758,27.51673332643,0.0,10.969244356107037
CC(=O)NCCCS(=O)(=O)O,1,65.53903977910839,5.316788604006331,0.0,0.0,5.907179729351506,10.118126859033554,0.0,9.347287057762186,0.0,8.417796984328938,0.0,0.0,6.4208216229260096,13.4684936056032,5.752853606746789,17.76508404209112,16.02530658838506,0.0,5.316788604006331,0.0,13.344558822616634,12.297610012659364,0.0,0.0,5.316788604006331,0.0,0.0,0.0,31.17533660003017,14.912664043105377,0.0,13.344558822616634,0.0,0.0,0.0
CC1=C[C@]23C(=O)C(=CC(CO)[C@@H](O)[C@]2(O)[C@H]1O)[C@H]1[C@@H](C[C@H]3C)C1(C)C,0,147.6090776317075,20.426109579362823,11.70501719873199,5.783244946364939,0.0,0.0,0.0,4.794537184071822,0.0,0.0,0.0,32.923251812739636,47.659476490636116,5.917906046161393,18.125838821658,25.220646763434644,5.783244946364939,0.0,0.0,34.50160512343913,51.92475400816879,6.606881964512918,23.298249273806295,0.0,0.0,0.0,0.0,0.0,50.625220076720964,4.794537184071822,34.50160512343913,34.11577042168851,23.298249273806295,0.0,0.0
OCc1ccc(-c2ccc(-c3ccc(CO)s3)o2)s1,1,117.93899906971008,14.630205726734758,11.520494837748883,0.0,0.0,0.0,0.0,0.0,0.0,0.0,22.67357175586947,0.0,36.39820241076966,9.754294387402599,22.968058316428436,14.630205726734758,22.67357175586947,0.0,0.0,0.0,13.213763929025836,0.0,46.15249679817226,21.27478922515148,0.0,0.0,0.0,22.67357175586947,10.213054789681411,13.213763929025836,0.0,9.754294387402599,40.81535334782301,0.0,21.27478922515148
NC(CCC(=O)NC(CS)C(=O)NCC(=O)O)C(=O)O,0,119.85296768959668,26.580299474856254,18.628438064208495,0.0,11.814359458703011,0.0,11.938610575903697,19.178148736287287,0.0,12.628789148012991,0.0,0.0,6.4208216229260096,12.1736752296728,0.0,29.3912035259687,36.381759182619696,0.0,10.633577208012662,5.733667477162185,24.925324904147942,12.297610012659364,0.0,0.0,16.367244685174846,0.0,0.0,12.628789148012991,58.3473164952434,19.178148736287287,0.0,12.841643245852019,0.0,0.0,0.0
CC1CC(OC(=O)C(O)c2ccccc2)CC(C)(C)C1,0,120.50923630607709,9.843390348640755,6.103966387748303,6.103966387748303,0.0,0.0,5.9693052879518484,0.0,4.794537184071822,0.0,0.0,51.103046941379915,36.158812876033195,0.0,0.0,14.637927532712576,5.9693052879518484,0.0,0.0,11.332896515558172,52.2416092433465,0.0,35.89528683400505,0.0,0.0,0.0,0.0,0.0,17.17979907054086,9.53140013787187,11.332896515558172,51.7010943472952,30.33183534230805,0.0,0.0
CC1C=CC=CCCC=CC=CC=CC=CC(OC2OC(C)C(O)C(N)C2O)CC2OC(O)(CC(O)C(O)CCC(O)CC(O)CC(O)CC(=O)OC(C)C(C)C1O)CC(O)C2C(=O)O,0,381.2251637256641,80.85292063561015,18.125838821658,12.07713788190581,0.0,0.0,11.938610575903697,9.589074368143644,0.0,0.0,0.0,86.75971568138782,52.372404136937305,31.09827696110081,79.6062927173053,84.70832752659162,11.938610575903697,0.0,0.0,23.48738561564636,189.37370677980434,0.0,72.91224128200658,0.0,5.733667477162185,0.0,0.0,0.0,165.58095367093316,28.536526183343838,17.75371813848418,91.90316502802261,72.91224128200658,0.0,0.0
COc1cc(C(=O)OC2C3C=COC(OC4OC(CO)C(O)C(O)C4O)C3C3(CO)OC23)ccc1O,1,204.53068740819919,59.06034209184452,42.2248491374735,17.789050395903022,6.290026729335213,0.0,5.9693052879518484,0.0,4.794537184071822,0.0,0.0,0.0,24.27512131221871,5.917906046161393,38.06699945658254,63.85487927591634,5.9693052879518484,0.0,0.0,11.835812092322787,54.80490259614392,20.32356147030337,36.1006532523365,11.49902366656781,4.736862953800049,0.0,11.49902366656781,0.0,111.7369337234434,23.684314769000245,11.835812092322787,10.357988675768818,30.5372017606395,0.0,0.0
O=c1c(O)c(-c2ccc(O)cc2O)oc2cc(O)cc(O)c12,1,122.10766954232908,29.949787911256877,33.96729168924266,5.7602474188744415,11.178302225184446,0.0,0.0,4.794537184071822,0.0,0.0,0.0,0.0,12.13273413692322,18.19910120538483,5.563451491696996,29.949787911256877,10.969244356107037,0.0,0.0,0.0,0.0,0.0,40.55516291828041,40.07125807699096,5.428790391900541,0.0,28.747559166419524,0.0,25.532636974203527,0.0,0.0,0.0,39.54352346343322,0.0,22.292943266678478
COc1nc(C)cnc1NS(=O)(=O)c1cccnc1-c1ccc(-c2nnco2)cc1,0,171.61777600922633,9.154013890853395,4.895483475517775,0.0,18.10222619865146,15.903279489842955,0.0,9.706073385399296,18.385754026223353,0.0,10.197363616602075,12.13273413692322,31.18920547353706,17.323746555007066,24.694497102587533,17.571810875182333,15.841153931242612,0.0,25.149299179443698,0.0,11.819220675208399,11.831892405729622,60.879457047634794,28.591543236703732,9.458957818252138,5.817862777835028,5.879988336435371,0.0,40.67689370505017,10.023291153407584,6.923737199690624,5.693927994848461,64.49816346535746,0.0,22.71155490026836
O=C(O)COCCN1CCN([C@H](c2ccccc2)c2ccc(Cl)cc2)CC1,0,164.6593798506363,9.843390348640755,6.606881964512918,0.0,0.0,0.0,5.9693052879518484,9.799819461700954,4.794537184071822,0.0,0.0,54.06550936946379,23.259637120317212,37.7464153433042,12.648722793660879,14.637927532712578,17.570245178184365,0.0,9.799819461700954,0.0,6.041840829147961,45.93754595858871,70.74683991328982,0.0,0.0,0.0,0.0,11.600939890232516,66.81319810308221,9.53140013787187,0.0,17.16874381254195,54.59730361615449,5.022633313741326,0.0
Cc1ccc(F)c(NC(=O)Nc2ccc(-c3cccc4[nH]nc(N)c34)cc2)c1,0,160.12107482971774,16.367244685174846,5.817220841045894,5.817862777835028,0.0,0.0,6.031114512338072,5.098681808301038,9.184952231746642,5.098681808301038,0.0,30.33183534230805,53.94592701708966,5.687386274683562,16.59031120676462,9.184952231746642,34.12667477162128,0.0,10.197363616602075,0.0,6.923737199690624,16.367244685174846,72.044343017359,11.126902983393991,16.367244685174846,26.377587558948793,0.0,0.0,16.228478128940147,0.0,12.740958040736519,5.563451491696996,60.6636706846161,0.0,22.02982791547505
COc1c(C)cnc(Cn2cnc3c(Cl)nc(N)nc32)c1C,1,131.6843562996795,15.03763007875359,11.266212550900168,10.800287037660521,5.948339280986494,0.0,0.0,4.983978520947208,4.983978520947208,9.967957041894415,0.0,11.600939890232516,13.847474399381248,17.323746555007066,25.67580201680311,4.736862953800049,28.713157109603,0.0,24.503013731580186,0.0,20.392230805293824,12.84346501843972,34.498104441512865,5.749511833283905,10.470530430962235,5.948339280986494,5.749511833283905,11.600939890232516,31.61281127285772,6.544756405912575,13.847474399381248,16.82083097824245,12.524163646377618,5.153109816892792,11.16387793838399
CCC1OC(=O)C(C)C(OC2CC(C)(OC)C(O)C(C)O2)C(C)C(OC2OC(C)CC(N(C)C)C2O)C(C)(O)CC(C)C(=NOCOCCOC)C(C)C(O)C1(C)O,0,345.0832347252334,73.16503891919103,23.912949974228596,12.580053458670426,6.792942306099827,0.0,5.9693052879518484,4.794537184071822,0.0,0.0,0.0,32.85066152551303,74.90023203227615,44.43597567311322,66.5652885386668,73.05966637241238,11.680990290722551,0.0,4.899909730850477,28.827336911396117,179.17743631136617,48.32164528303511,0.0,0.0,0.0,0.0,0.0,0.0,174.69196010156753,47.527029398208846,23.671624184645573,94.92065848861026,5.15571272675054,0.0,0.0
CC(C)C(N)C(=O)N1CCC[C@H]1B(O)O,0,90.3952747776186,20.68162235814467,0.0,0.0,5.907179729351506,0.0,7.118392334224363,4.794537184071822,0.0,0.0,0.0,13.847474399381248,18.75954929201341,6.544756405912575,11.983033427013758,14.84258233420383,13.025572063575868,0.0,4.899909730850477,11.651573523323577,38.672151072247026,6.544756405912575,0.0,0.0,5.733667477162185,0.0,0.0,0.0,46.50131677748469,4.794537184071822,5.917906046161393,26.689117645233267,0.0,0.0,0.0
O=c1[nH]cnc2c1ncn2C1CCC(CO)O1,1,96.07932400188179,14.827368869587962,6.22790117073487,11.16387793838399,0.0,5.559266895052007,0.0,9.361636831863176,9.967957041894415,0.0,0.0,0.0,12.841643245852019,0.0,25.365488501790306,9.843390348640755,11.16387793838399,0.0,19.51903521063298,0.0,25.173510804335194,6.606881964512918,23.008444228652912,0.0,5.559266895052007,0.0,0.0,0.0,37.3364109577349,4.736862953800049,0.0,19.06954441658689,17.449177333600908,0.0,11.16387793838399
OCC1OC(Oc2ccc(O)cc2)C(O)C(O)C1O,1,108.81348387234121,35.006362881803625,35.91488921756102,0.0,6.290026729335213,0.0,0.0,0.0,0.0,0.0,0.0,0.0,24.26546827384644,0.0,6.606881964512918,35.006362881803625,0.0,0.0,0.0,0.0,30.70589228032842,6.606881964512918,24.26546827384644,11.49902366656781,4.736862953800049,0.0,11.49902366656781,0.0,62.84541121904486,4.736862953800049,0.0,0.0,24.26546827384644,0.0,0.0
COC(=O)C(Cc1cccc(C(=N)N)c1)C(C)NC(=O)c1ccc(-c2cc[n+]([O-])cc2)cc1,0,191.65471347549365,20.994572059745856,5.835619785757269,12.393687143226153,0.0,5.907179729351506,5.9693052879518484,14.998357973935164,0.0,4.7304076419062255,0.0,30.33183534230805,48.234014503092446,29.30147794946517,13.027703587438927,19.056344963849916,17.712104803060623,5.409283605791522,5.316788604006331,11.651573523323577,19.386399651764595,7.109797541277533,94.95496532771054,11.126902983393991,15.780863723074742,0.0,0.0,0.0,30.863743173486117,15.95222176079788,16.534442676730205,28.408628858853433,73.05735782784225,0.0,11.126902983393991
CCOC(=O)c1ncn2c1CN(C)C(=O)c1cc(F)ccc1-2,0,125.67305724969157,9.636772684650527,12.144540915810435,5.693927994848461,0.0,5.907179729351506,5.9693052879518484,9.361636831863176,14.168930752693848,0.0,0.0,0.0,25.122838405075452,7.04767198267719,30.09640413165451,18.716352369618512,11.876485017303354,0.0,14.450987899589041,0.0,13.4684936056032,13.654553947190108,47.29494960258918,5.687386274683562,0.0,4.39041504767482,0.0,0.0,39.9820268640825,11.281619359712625,5.817220841045894,33.46411904922819,24.52642128014937,0.0,5.687386274683562
CN1CCN(c2cc3c(cc2F)c(=O)c(C(=O)O)cn3-c2ccc(F)cc2)CC1,1,164.7516189562312,19.473446504333015,17.197893173788785,0.0,5.428790391900541,0.0,5.9693052879518484,4.794537184071822,13.575367279421462,0.0,0.0,0.0,43.44587439344685,43.44947968441173,11.204086992299825,18.681894674262168,22.55961649471647,0.0,9.467009378641832,0.0,0.0,38.126607337177965,70.01626673214388,5.687386274683562,10.328700122751018,14.468216370033202,0.0,0.0,53.76953966776187,0.0,11.634441682091788,10.357988675768818,47.38958316645456,0.0,16.590311206764618
C=C1CCC(O)CC1=CC=C1CCCC2(C)C1CCC2C(C)CCCC(C)C,0,173.93567719719695,5.106527394840706,0.0,0.0,0.0,0.0,0.0,0.0,0.0,0.0,0.0,76.83459862494531,86.02629216751968,0.0,6.103966387748303,5.106527394840706,0.0,0.0,0.0,29.08661465404235,104.42795303869691,0.0,35.45028948747406,0.0,0.0,0.0,0.0,0.0,11.210493782589008,0.0,29.08661465404235,98.32398665094861,35.45028948747406,0.0,0.0
CCC[S+]([O-])c1ccc2[nH]c(NC(=O)OC)nc2c1,1,113.28590715391749,14.27359134843762,5.752853606746789,4.895483475517775,5.948339280986494,0.0,6.093240070938415,5.316788604006331,9.778515705019029,0.0,0.0,6.923737199690624,29.729410233234518,6.06636706846161,18.143198976510057,14.084150011562235,34.25083526054272,0.0,9.967957041894415,0.0,18.24004229813441,18.179439752030653,18.19910120538483,0.0,5.316788604006331,10.742876465058316,0.0,0.0,33.476598134547515,15.912717427185337,0.0,13.344558822616634,23.094584680902603,0.0,11.033401435232523
COc1ccc2cc(C(C)C(=O)Oc3ccc(C(N)=S)cc3)ccc2c1,0,157.08215593255434,15.207393384762284,16.487525768306,0.0,0.0,0.0,5.9693052879518484,4.794537184071822,0.0,0.0,0.0,36.483341716893136,59.65783953108687,5.563451491696996,13.027703587438927,14.268263091671919,33.948129261666324,0.0,0.0,5.733667477162185,12.841643245852017,7.109797541277533,71.7905736680101,11.49902366656781,15.207393384762284,0.0,11.49902366656781,12.217873443046695,18.067604930967573,4.794537184071822,0.0,23.96854622924601,60.6636706846161,0.0,10.772448428929591
NS(=O)(=O)c1cc2c(cc1Cl)NC(C(Cl)Cl)NS2(=O)=O,0,130.0264217244649,5.316788604006331,20.793012253420134,0.0,20.046582306815168,0.0,0.0,0.0,21.974567706265816,4.722094864452088,23.20187978046503,11.600939890232516,12.13273413692322,0.0,10.710019588424888,16.835593968657875,60.53678825219628,0.0,4.722094864452088,5.138973737607942,20.793012253420134,5.316788604006331,17.155367450664546,0.0,15.17785720606636,5.687386274683562,0.0,34.802819670697545,27.83763927104246,20.046582306815168,0.0,0.0,21.92370108795877,5.022633313741326,0.0
O=C(O)c1cn(C2CC2)c2cc(N3CCNCC3)c(F)cc2c1=O,0,137.04307093590964,19.890325377488868,11.38067233274289,0.0,5.428790391900541,0.0,5.9693052879518484,4.794537184071822,9.184952231746642,0.0,0.0,0.0,24.974377382775238,43.80393423887614,11.204086992299825,14.291479626587348,22.55961649471647,0.0,9.883888251797686,0.0,18.88348407499998,31.07893535450078,39.933577617251544,0.0,15.64548872675735,10.077801322358383,0.0,0.0,41.82195795423421,0.0,5.817220841045894,29.241472750768796,23.124114892608116,0.0,10.902924932081056
Cc1nc(-c2cccnc2)sc1C(=O)Nc1ccccc1-c1cn2c(CN3CCOCC3)csc2n1,0,215.79404344717307,10.05365155780638,9.884770890554066,4.960872922772032,0.0,5.907179729351506,0.0,19.0791200421313,9.967957041894415,0.0,22.67357175586947,18.19910120538483,25.122838405075452,60.42569368128531,30.289006193406323,9.53140013787187,39.229010682676574,0.0,24.252539899953895,0.0,13.4684936056032,31.62006534485732,76.63379907947302,21.82845467509522,5.316788604006331,5.687386274683562,0.0,22.67357175586947,56.462996370156375,11.281619359712625,6.923737199690624,21.059540367470042,60.3687958960748,0.0,26.789327597867253
CC(C)(CCCCCC(O)CCCCCC(C)(C)C(=O)O)C(=O)O,0,146.01395454364405,15.319582184522117,0.0,0.0,0.0,0.0,11.938610575903697,9.589074368143644,0.0,0.0,0.0,38.524929737556064,53.378235290466534,0.0,16.933947326541862,24.90865655266576,11.938610575903697,0.0,0.0,10.829980938793557,98.00713141577091,0.0,0.0,0.0,0.0,0.0,0.0,0.0,33.362159148174115,9.589074368143644,10.829980938793557,91.90316502802261,0.0,0.0,0.0
CC(NC(=O)CCC(F)(F)F)C(=O)NC1C(=O)N(CCO)c2ncccc2-c2ccccc21,1,187.35164170986644,15.740104602853368,17.901544436130948,0.0,11.814359458703011,5.907179729351506,6.176298517443475,19.283521283065944,4.983978520947208,13.171245143024459,0.0,24.26546827384644,30.183374320007832,18.18111668623608,19.572459993351504,32.66138409008063,23.539401965889546,0.0,15.61755572895987,0.0,38.02536062128204,18.05154810127597,48.15849747407973,11.126902983393991,15.533486938863138,18.98910792085949,0.0,0.0,53.18182282085935,14.383611552215466,0.0,31.3706727663876,42.595045982382736,0.0,11.126902983393991
CCCCCCCCCCCCCCCCCCCCCCO,1,147.19726918235438,5.106527394840706,0.0,0.0,0.0,0.0,0.0,0.0,0.0,0.0,0.0,128.91934803528486,6.4208216229260096,6.606881964512918,0.0,5.106527394840706,0.0,0.0,0.0,0.0,135.34016965821087,6.606881964512918,0.0,0.0,0.0,0.0,0.0,0.0,11.713409359353623,0.0,0.0,135.34016965821087,0.0,0.0,0.0
Cn1nnc(-c2ccc(-c3ccc(N4CC(CO)OC4=O)cc3F)cn2)n1,1,152.56222564156494,9.843390348640755,17.615115223642658,0.0,5.824404497999927,0.0,6.093240070938415,9.883888251797686,9.184952231746642,4.796506222499014,10.197363616602075,6.06636706846161,29.478853369501305,17.32374655500707,25.886696627786247,19.028342580387395,11.780626345621977,0.0,25.191233455703163,7.04767198267719,6.103966387748303,18.05154810127597,42.34589975496702,22.645235476242377,4.899909730850477,14.872338506430204,0.0,0.0,55.646605679656076,11.78453493647724,5.817220841045894,0.0,36.52867891392113,0.0,22.645235476242377
Oc1c(C2=CCC(c3ccc(Cl)cc3)CC2)c(O)c2ccccc2c1O,0,156.35034784143207,15.319582184522117,5.749511833283905,11.49902366656781,0.0,0.0,0.0,0.0,0.0,0.0,0.0,54.07516240783605,48.4496610736289,15.795081742670916,5.563451491696996,15.319582184522117,27.946492849231376,0.0,0.0,0.0,25.18037091493942,0.0,70.75649295166208,17.248535499851716,0.0,0.0,17.248535499851716,11.600939890232516,15.319582184522117,0.0,0.0,36.30727389833341,54.60695665452676,5.022633313741326,16.34555295899886
CC1(F)C(O)C(CO)OC1n1ccc(=O)[nH]c1=O,0,100.4550844377484,14.94991774348146,12.207932775496605,11.896660989480548,0.0,5.559266895052007,5.689743398203474,14.345615352810384,9.184952231746642,0.0,0.0,0.0,6.923737199690624,12.263210640074686,6.606881964512918,19.34033279115628,0.0,0.0,9.551078168738563,0.0,31.028330964667777,6.606881964512918,33.10129530147381,0.0,11.24901029325548,4.39041504767482,0.0,0.0,44.24770751717517,4.736862953800049,0.0,13.151638370425495,21.852285008218328,0.0,0.0
CCN(CC)Cc1ccc2cc(COC(=O)Nc3ccc(C(O)=NO)cc3)ccc2c1,1,181.11229044556123,15.050643373418044,6.606881964512918,0.0,0.0,5.897745344357611,6.093240070938415,10.216698334856808,4.794537184071822,0.0,0.0,38.112942673227685,76.54277936166893,17.795594172293132,0.0,19.845180557489865,28.450820118909178,0.0,4.899909730850477,5.15571272675054,26.999112769806743,18.406301415831482,77.3540251597071,0.0,5.316788604006331,10.481923458755384,0.0,0.0,40.29418837758964,17.888501324225544,0.0,30.537828874472233,65.81938341136664,0.0,10.772448428929591
CC[N+](CC)(CC)CCOc1cccc(OCC[N+](CC)(CC)CC)c1OCC[N+](CC)(CC)CC,0,223.4400650239324,27.65968143448402,39.45491511127648,11.49902366656781,5.749511833283905,0.0,0.0,0.0,0.0,0.0,0.0,6.06636706846161,74.44636893413882,0.0,58.902807653213166,27.65968143448402,0.0,0.0,0.0,0.0,62.3136347972156,98.35772276448967,18.19910120538483,17.248535499851716,14.210588861400147,0.0,17.248535499851716,0.0,111.80681533757355,0.0,0.0,62.3136347972156,18.19910120538483,0.0,0.0
O=C1NC(=O)C(=Cc2cccc(C(F)(F)F)c2)S1,0,104.05330212360604,0.0,0.0,0.0,0.0,11.146391442523793,6.176298517443475,14.905862972149976,0.0,13.171245143024459,0.0,12.13273413692322,35.53409068484521,0.0,10.468588005587042,22.760319511168106,28.98429649874879,0.0,5.316788604006331,0.0,6.176298517443475,0.0,40.297507771130476,0.0,5.316788604006331,17.96578232709628,0.0,11.761884949391115,11.146391442523793,10.970835701515297,0.0,11.126902983393991,29.170604787736487,0.0,6.076020106833881
C[C@@H]1C[C@H]2[C@H]3CC=C4CC(=O)C=C[C@]4(C)[C@@]3(F)[C@@H](O)C[C@]2(C)[C@@]1(O)C(=O)CO,0,163.87178561127465,15.319582184522117,12.207932775496605,17.235249711475557,0.0,0.0,0.0,9.589074368143644,4.39041504767482,0.0,0.0,31.572619143118274,44.09803426762532,23.16870860788096,6.103966387748303,29.299071600340582,11.566489892729878,0.0,0.0,28.583699077277736,63.82827510825357,6.606881964512918,23.80116485057091,0.0,0.0,4.39041504767482,0.0,0.0,50.866731059242575,9.589074368143644,28.583699077277736,46.454498090775914,23.80116485057091,0.0,0.0
CN(C)c1cc(NC(=O)CNC(C)(C)C)c(O)c2c1CC1CC3C(N(C)C)C(=O)C(C(N)=O)C(=O)C3(O)C(=O)C1C2=O,0,243.32446079932137,31.480209205706736,5.749511833283905,34.65193664260484,11.814359458703011,0.0,0.0,33.66713283528141,0.0,0.0,0.0,0.0,65.25592341659826,31.239561538582677,29.755341047602485,38.98027789411234,46.32211179352989,0.0,10.216698334856808,29.40529166180776,50.79467173743888,44.952142671478136,17.193270051855603,5.749511833283905,21.267154416025324,11.374772549367124,5.749511833283905,0.0,101.97756499383101,30.393507543285114,23.671624184645573,43.11347338946369,6.06636706846161,0.0,0.0
COc1cc(Nc2nc3ccccc3nc2NS(=O)(=O)c2ccc(NC(=O)c3ccc(C)c(OC)c3)cc2)cc(OC)c1,1,248.46087703510398,24.844166069412807,17.248535499851716,11.635725555670057,0.0,15.930470882759089,0.0,9.51663204852391,18.385754026223353,0.0,0.0,18.19910120538483,61.0181252390805,35.13732524644895,37.2582775345829,27.422923029800906,49.974370423028795,0.0,9.967957041894415,0.0,11.819220675208399,36.685064696297346,96.05604194185656,17.248535499851716,29.566260933864896,23.01049810503718,17.248535499851716,0.0,45.622326379407454,10.023291153407584,6.923737199690624,15.921440167465814,89.82462243398034,0.0,11.033401435232523
CC(=O)SC1C=C2CC(=O)CCC2(C)C2CCC3(C)C(CCC34CCC(=O)O4)C12,0,177.13538241412454,4.736862953800049,11.384295757348628,5.11527693018572,0.0,0.0,5.9693052879518484,14.383611552215466,0.0,0.0,0.0,37.25848398567551,61.69363834543702,36.851130567847605,0.0,19.120474506015515,28.62971211389362,0.0,0.0,28.583699077277736,89.40959504637185,0.0,11.649124636903148,0.0,0.0,0.0,0.0,11.761884949391115,27.71881600546837,19.120474506015515,28.583699077277736,78.55860620540598,11.649124636903148,0.0,0.0
OCc1cc(C(O)CNCCCCCCOCCOCc2c(Cl)cccc2Cl)ccc1O,0,199.63398905129347,30.110096696128544,5.749511833283905,0.0,0.0,0.0,0.0,0.0,0.0,0.0,0.0,48.17625716324027,49.21531941730803,34.32380798130214,32.531494245799976,24.793308092122217,23.20187978046503,0.0,5.316788604006331,0.0,45.00101680847818,32.910158705363905,63.133823513343295,5.749511833283905,5.316788604006331,0.0,5.749511833283905,23.20187978046503,48.22974088988602,22.687489836625936,0.0,48.47760735454332,36.39820241076966,10.045266627482652,0.0
CC(O)C1C(=O)N2C(C(=O)OCOC(=O)C(C)(C)C)=C(SC3CN(C4=NCCS4)C3)C(C)C12,0,201.85720817219553,24.380072764141758,5.697039313055833,5.1676517695780495,12.700122035451333,0.0,11.938610575903697,14.581479100779312,4.794537184071822,0.0,11.761884949391115,18.685622149081738,27.694948798762496,34.91534700860556,30.023460138367014,28.96386485465627,46.537211973615484,0.0,9.799819461700954,22.24320729435523,52.01443124533155,32.18006513058434,10.60217582694588,0.0,0.0,0.0,0.0,23.52376989878223,87.49559930883768,23.85733745981556,17.250802561719567,34.61868599845312,15.594580559581548,0.0,0.0
OCC1OC(OC2C(CO)OC(O)(CO)C2O)C(O)C(O)C1O,0,130.43645768522254,55.062808020125786,42.72776471423811,6.290026729335213,5.7871111525705965,0.0,0.0,0.0,0.0,0.0,0.0,0.0,0.0,0.0,19.820645893538753,55.062808020125786,0.0,0.0,0.0,0.0,54.80490259614392,19.820645893538753,0.0,0.0,0.0,0.0,0.0,0.0,115.47776764840835,14.210588861400147,0.0,0.0,0.0,0.0,0.0
CC1(C)[C@@H]2CC[C@]1(C)C(=O)C2,1,68.17358985038432,0.0,5.783244946364939,0.0,0.0,0.0,0.0,4.794537184071822,0.0,0.0,0.0,20.771211599071872,24.17453976141019,11.835812092322788,0.0,4.794537184071822,5.783244946364939,0.0,0.0,16.747886984954953,40.0336764678499,0.0,0.0,0.0,0.0,0.0,0.0,0.0,5.783244946364939,4.794537184071822,16.747886984954953,40.0336764678499,0.0,0.0,0.0
Cc1ccc(N(CC2=NCCN2)c2cccc(O)c2)cc1,0,124.30662883588238,15.323225729697514,11.585131619041174,0.0,0.0,0.0,0.0,4.992404732635668,0.0,0.0,0.0,23.762552697081826,31.18920547353706,23.985896023741308,13.08951281182515,5.106527394840706,17.210392335124393,0.0,5.316788604006331,4.992404732635668,6.923737199690624,24.534178948588202,54.09438803938988,5.749511833283905,10.216698334856808,11.374772549367124,5.749511833283905,0.0,30.576416398335702,0.0,6.923737199690624,5.563451491696996,53.523341280328545,0.0,0.0
Cc1cc(Nc2cc(N3CCN(C)CC3)nc(Sc3ccc(NC(=O)C4CC4)cc3)n2)[nH]n1,0,196.92393213382297,20.433396669713616,17.453588333505085,5.156436481820707,5.907179729351506,0.0,0.0,9.893218992372859,9.967957041894415,5.098681808301038,0.0,0.0,62.84040565145739,54.812535556936254,5.693927994848461,4.794537184071822,40.810039286931264,0.0,25.06523038934697,5.917906046161393,29.817300402881123,48.76018454519063,42.09213040561812,0.0,15.533486938863138,23.140974608188646,0.0,11.761884949391115,64.19910772502597,4.794537184071822,12.841643245852017,18.53557124070048,46.45012236810814,0.0,0.0
CC(C)CC(NC(=O)C(NC(=O)c1cccc(-c2ccccc2)n1)C(C)O)B(O)O,1,176.05564029085878,25.788149752985372,11.735768823996422,0.0,5.907179729351506,5.907179729351506,7.118392334224363,9.589074368143644,4.983978520947208,0.0,0.0,50.245676810150904,31.395199005701247,5.563451491696996,17.73908698046256,24.743646913116354,18.932751792927373,0.0,15.61755572895987,5.917906046161393,45.27903303675994,0.0,54.22486454254134,11.257379486545457,10.633577208012662,0.0,0.0,0.0,57.158302673609356,4.794537184071822,5.917906046161393,37.68049840091817,48.53093654769288,0.0,11.257379486545457
Nc1cc(N)c(N)cc1N,0,58.79096590754782,22.93466990864874,0.0,0.0,0.0,0.0,0.0,0.0,0.0,0.0,0.0,0.0,12.13273413692322,0.0,22.74954509873425,0.0,22.74954509873425,0.0,0.0,0.0,0.0,22.93466990864874,12.13273413692322,0.0,22.93466990864874,22.74954509873425,0.0,0.0,0.0,0.0,0.0,0.0,12.13273413692322,0.0,0.0
CNC1CCCN(c2c(F)cc3c(=O)c(C(=O)O)cn(C4CC4)c3c2OC)C1,0,161.25144250860635,24.627188331288917,11.250837766380558,11.5667326743298,5.428790391900541,0.0,5.9693052879518484,4.794537184071822,9.184952231746642,0.0,0.0,0.0,38.79732554284284,31.370038041734148,18.01272247335859,19.028342580387395,22.559616494716465,0.0,9.883888251797686,0.0,37.76696814999996,32.14689206663035,33.86721054878994,5.749511833283905,20.3823516805574,10.077801322358383,5.749511833283905,0.0,48.93175549551173,0.0,5.817220841045894,42.08311599662082,17.05774782414651,0.0,10.902924932081056
Clc1ccc2c(c1)CCc1cccnc1C2=C1CCNCC1,0,135.7795452929274,5.316788604006331,0.0,0.0,0.0,0.0,0.0,4.983978520947208,0.0,0.0,0.0,29.306778557225,73.662254984005,16.79258141542367,5.693927994848461,0.0,17.174044420301783,0.0,10.300767124953538,0.0,25.683286491704038,13.08951281182515,69.50869922767116,0.0,5.316788604006331,0.0,0.0,11.600939890232516,18.07349133277236,12.841643245852019,0.0,35.22592571579147,42.10178344399039,5.022633313741326,5.5731045300692665
Cc1onc(-c2ccccc2)c1C(=O)NC1C(=O)N2C1SC(C)(C)C2C(=O)O,1,164.80319564476528,19.846320666670863,34.47518137668456,0.0,5.907179729351506,5.907179729351506,5.9693052879518484,9.589074368143644,4.794537184071822,0.0,11.761884949391115,35.4884985994335,20.771211599071872,10.310473944914555,0.0,24.013233884029518,29.545549696045974,0.0,15.373361591982253,0.0,42.975788523554094,0.0,41.655534252879484,11.257379486545457,5.316788604006331,0.0,0.0,11.761884949391115,55.151342053953705,9.589074368143644,6.923737199690624,29.965710494024506,34.8549302792814,0.0,11.257379486545457
CNC(=O)Nc1ccc(-c2nc(N3CC4CCC(C3)O4)c3cnn(C4CCC5(CC4)OCCO5)c3n2)cc1,1,220.39415631836277,29.744075800263285,5.817862777835028,17.25869287133825,0.0,0.0,6.031114512338072,0.0,19.44429716111142,5.098681808301038,0.0,0.0,49.948754765550476,44.229665806734914,43.046605319748274,19.005126045471968,28.569765000089188,0.0,25.06523038934697,0.0,62.56181449477121,43.567647058384985,30.462311845459517,11.387855989696924,15.533486938863138,16.299786236590414,0.0,0.0,77.12554894927409,14.210588861400147,0.0,44.56677056670402,30.462311845459517,0.0,22.421257424929447
CNCC(O)c1cccc(O)c1,0,71.66455915068686,15.529843393687743,5.749511833283905,0.0,0.0,0.0,0.0,0.0,0.0,0.0,0.0,12.13273413692322,24.743857611297404,6.544756405912575,6.103966387748303,10.213054789681411,0.0,0.0,5.316788604006331,0.0,6.103966387748303,13.592428388589765,29.828919765543436,5.749511833283905,5.316788604006331,0.0,5.749511833283905,0.0,23.805483178271174,0.0,0.0,11.6674178794453,24.26546827384644,0.0,0.0
O=C(O)C=Cc1ccc(Cn2ccnc2)cc1,0,98.85319849175907,9.67362704263206,0.0,0.0,0.0,0.0,5.9693052879518484,0.0,9.778515705019029,0.0,0.0,24.26546827384644,17.202923090227873,25.01446365597261,6.3273200747645415,9.901064578912528,12.04532539478573,0.0,9.551078168738563,0.0,6.544756405912575,0.0,60.18939858206501,0.0,0.0,0.0,0.0,0.0,20.626910851531118,11.339293589984397,0.0,11.126902983393991,49.06249559867101,0.0,6.076020106833881
CCCCCCCC/C=C\CCCCCCCC(=O)O,1,125.20941979262746,5.106527394840706,0.0,0.0,0.0,0.0,5.9693052879518484,4.794537184071822,0.0,0.0,0.0,70.44235039676647,32.10410811463005,6.4208216229260096,0.0,9.901064578912528,5.9693052879518484,0.0,0.0,0.0,96.81523992065479,0.0,12.152040213667762,0.0,0.0,0.0,0.0,0.0,11.075832682792555,4.794537184071822,0.0,96.81523992065479,12.152040213667762,0.0,0.0
COc1ccc2nc3cc(Cl)ccc3c(Nc3cc(CN4CCCC4)c(O)c(CN4CCCC4)c3)c2n1,1,221.57439803482805,15.160178952647085,11.266212550900168,0.0,5.879988336435371,0.0,0.0,9.799819461700954,9.967957041894415,0.0,0.0,11.600939890232516,88.26051452612401,46.37902666657043,23.830585251193618,9.843390348640755,44.912038806913216,0.0,19.76777650359537,0.0,38.7727993035292,38.60561176893416,58.614105776366586,11.629500169719275,10.05365155780638,11.374772549367124,11.629500169719275,11.600939890232516,58.1631270633639,13.08951281182515,0.0,36.81018947509803,42.46456947923127,5.022633313741326,21.936326367313583
O=P(O)(O)C(O)(Cn1ccnc1)P(=O)(O)O,0,89.69711683052209,29.247273453641963,0.0,0.0,0.0,5.083227620067512,15.19152465357577,9.130096569862658,4.983978520947208,0.0,0.0,0.0,0.0,12.393687143226153,12.872076480677116,33.810270375713266,15.19152465357577,0.0,9.551078168738563,0.0,11.627984025980087,0.0,18.721007217990696,0.0,0.0,0.0,0.0,15.19152465357577,39.314479594656675,15.674852975775234,0.0,0.0,18.721007217990696,0.0,0.0
NC(O)=NO,0,28.51697021457239,16.04744789678018,0.0,0.0,0.0,0.0,6.021680127344178,0.0,0.0,0.0,0.0,0.0,5.15571272675054,0.0,0.0,10.313780419617995,6.021680127344178,0.0,0.0,10.889380203912726,0.0,0.0,0.0,0.0,5.733667477162185,0.0,0.0,0.0,16.335460546962175,0.0,0.0,0.0,5.15571272675054,0.0,0.0
O=C(O)CCCc1ccccc1,0,71.84692742932317,5.106527394840706,0.0,0.0,0.0,0.0,5.9693052879518484,4.794537184071822,0.0,0.0,0.0,30.33183534230805,18.405094737549014,6.4208216229260096,0.0,9.901064578912528,5.9693052879518484,0.0,0.0,0.0,19.26246486877803,0.0,35.89528683400505,0.0,0.0,0.0,0.0,0.0,11.075832682792555,11.21535880699783,0.0,18.405094737549014,30.33183534230805,0.0,0.0
NC(=O)c1cccnc1,0,52.51740601189655,5.733667477162185,0.0,0.0,5.907179729351506,0.0,0.0,9.778515705019029,0.0,0.0,0.0,0.0,12.13273413692322,12.393687143226153,5.563451491696996,4.794537184071822,5.907179729351506,0.0,4.983978520947208,5.733667477162185,0.0,0.0,30.08987277184637,0.0,5.733667477162185,0.0,0.0,0.0,10.891158250298712,0.0,0.0,10.357988675768818,24.526421280149375,0.0,0.0
COc1cc(NC(C)CCCN)c2ncccc2c1,0,113.52566642868597,15.787319034968565,5.749511833283905,0.0,0.0,0.0,0.0,4.983978520947208,0.0,0.0,0.0,6.06636706846161,38.44287098837844,23.691275683687444,18.313884533577358,4.736862953800049,16.59031120676462,0.0,4.983978520947208,5.733667477162185,25.807221274690605,18.97134255119644,30.462311845459514,5.749511833283905,15.787319034968565,5.687386274683562,5.749511833283905,0.0,24.68037329728528,0.0,0.0,19.765380445542643,30.462311845459514,0.0,10.902924932081056
CCNC1(C(N)=O)CCN(c2ncnc3c2nc(-c2ccccc2Cl)n3-c2ccc(Cl)cc2)CC1,0,212.63667878008425,15.950365812018994,17.690649825147815,16.981740716219015,5.907179729351506,0.0,0.0,9.361636831863176,14.951935562841623,0.0,0.0,42.258351117078874,55.78460206253425,29.362983891947035,5.022633313741326,4.794537184071822,46.090800226035554,0.0,24.83582381463931,5.733667477162185,25.304305697925987,24.534178948588202,64.90352324994006,17.075242264380485,15.950365812018994,5.817862777835028,0.0,23.20187978046503,50.599409410105544,4.794537184071822,0.0,19.765380445542643,54.85825662245742,10.045266627482652,28.239120202764475
CC1=C(C(=O)O)N2C(=O)C(NC(=O)C(N)c3ccc(O)cc3)[C@H]2SC1,1,147.22528930493303,21.263510870849927,28.9041056176044,0.0,5.907179729351506,5.907179729351506,5.9693052879518484,14.48898409899412,4.794537184071822,0.0,11.761884949391115,12.13273413692322,30.193027358380103,5.752853606746789,0.0,24.596666341896878,29.545549696045974,0.0,10.216698334856808,5.733667477162185,24.381291670955285,5.752853606746789,41.09906360866854,5.749511833283905,11.050456081168516,0.0,5.749511833283905,11.761884949391115,50.06519651605024,14.383611552215466,0.0,18.52902952053558,35.53561211697154,0.0,0.0
Fc1ccc2c(CCNCc3cccc(OCC(F)(F)C(F)F)c3)c[nH]c2c1,0,158.06005939243622,15.037630078753587,11.5667326743298,6.606881964512918,0.0,0.0,12.347973912953767,0.0,13.171245143024459,8.78083009534964,0.0,12.13273413692322,54.42431635454063,23.64452490960671,0.0,26.68893819217415,10.902924932081056,0.0,10.300767124953538,0.0,25.313551941792355,13.151638370425493,65.60553687528423,5.749511833283905,10.05365155780638,21.9520752383741,5.749511833283905,0.0,30.483590804326468,12.965578028838586,5.817220841045894,11.126902983393991,48.66141305084435,0.0,10.902924932081056
CCCCCCCCc1ccc(CCC(N)(CO)CO)cc1,1,135.1040088080576,15.946722266843596,0.0,0.0,0.0,0.0,0.0,0.0,0.0,0.0,0.0,63.29331358816711,36.81018947509803,0.0,18.75268918140918,10.213054789681411,0.0,0.0,0.0,5.733667477162185,70.25005705840807,13.213763929025836,35.392371257240434,0.0,5.733667477162185,0.0,0.0,0.0,28.965743971090596,12.841643245852019,0.0,62.99639154356669,24.26546827384644,0.0,0.0
CCn1cc(C(=O)O)c(=O)c2cnc(N3CCCC3)nc21,0,120.40785835040097,14.573536773482537,11.210628712464723,0.0,11.377129672887035,0.0,5.9693052879518484,4.794537184071822,9.778515705019029,4.983978520947208,0.0,0.0,19.765380445542643,32.02795636096388,5.386224214464796,9.901064578912528,22.951046004170866,0.0,14.53505668968577,0.0,26.31013685145522,17.989422542675626,28.18046621089551,0.0,10.328700122751018,5.948339280986494,0.0,0.0,38.70040218430347,6.544756405912575,0.0,30.12336912131146,17.188224327297974,0.0,11.033401435232523
COc1cc(O)c2c(c1)oc(=O)c1c3cc(O)c(O)cc3oc21,1,127.09825350332376,28.890747012428857,33.43751237878189,17.082043808210052,0.0,0.0,5.625586319077987,0.0,4.794537184071822,0.0,0.0,0.0,6.06636706846161,23.585325419849624,7.109797541277533,28.890747012428857,32.907733068321114,0.0,0.0,0.0,0.0,7.109797541277533,34.68559177699625,22.99804733313562,10.362449272878036,0.0,22.99804733313562,0.0,22.42937972579965,0.0,0.0,0.0,37.89430733202496,0.0,32.907733068321114
Cc1ccc(C(=O)Nc2ccc(CN3CCN(C)CC3)c(C(F)(F)F)c2)cc1C#Cc1cnc2[nH]ncc2c1,1,223.57958134420224,10.216698334856808,0.0,5.647177220767728,0.0,5.907179729351506,6.176298517443475,14.793128723223337,4.983978520947208,18.269926951325495,0.0,23.97360277463451,55.43014750806985,66.68459056541529,11.760295063310071,17.96578232709628,22.627967439267593,0.0,24.981161599250235,0.0,19.644792123046674,38.543486210333825,88.2389655726394,11.840868637711289,5.316788604006331,18.858631417708022,0.0,0.0,64.11503893492923,12.72105492335605,18.764605837401913,38.1752461342538,54.858256622457425,0.0,11.033401435232523
COc1ccc(-c2ccc3c(N4CCOCC4)nc(N4CC(C)OC(C)C4)nc3n2)cc1CO,1,198.85128564695998,29.116935717941807,11.567374611118932,5.647177220767728,5.948339280986494,0.0,0.0,0.0,4.983978520947208,9.967957041894415,0.0,0.0,44.1793097416893,37.305928607044294,50.218528419626146,19.31711625624085,22.799603494054047,0.0,14.951935562841623,0.0,32.66228913939077,56.30240655565462,35.89528683400505,17.00689131982936,14.536682415501005,11.766202058821523,5.749511833283905,0.0,78.76898282713259,16.080607872113017,0.0,19.410925891078243,30.33183534230805,0.0,22.29078092177798
CCOC(=O)C1=C(C)N=C(C)C(C(=O)OCC)C1c1ccccc1C=CC(=O)OC(C)(C)C,1,195.06573266404345,14.210588861400147,11.518956857145081,0.0,0.0,0.0,17.907915863855546,9.786941916707491,9.589074368143644,0.0,0.0,24.26546827384644,65.66908348806223,23.40265046882181,18.786868459095103,28.59420041361561,29.695620973460127,0.0,0.0,10.910310778797061,59.98511725497944,13.213763929025836,52.73853520719941,0.0,0.0,0.0,0.0,0.0,42.434415606635774,28.59420041361561,5.917906046161393,65.51096942738974,46.604036956441085,0.0,6.076020106833881
CC1CCN(C(=O)CC#N)CC1N(C)c1ncnc2[nH]ccc12,0,134.47888314649555,14.783797982648162,24.213181696293308,0.0,5.907179729351506,0.0,0.0,4.794537184071822,9.967957041894415,5.261891554738487,0.0,6.923737199690624,18.405094737549014,26.334028366115415,17.49728635640503,4.794537184071822,22.758443942419056,5.261891554738487,19.8518452936921,5.917906046161393,25.807221274690605,25.037094525352817,18.59053071483923,6.069221312792274,4.899909730850477,5.817862777835028,0.0,0.0,51.938050646693895,4.794537184071822,17.249018913692154,19.765380445542643,18.59053071483923,0.0,11.033401435232523
COC(=O)C1=COC(OC2OC(CO)C(O)C(O)C2O)C2C(CO)=CCC12,0,154.7684971122704,44.480088789403716,24.41586555099321,6.290026729335213,6.290026729335213,0.0,5.9693052879518484,0.0,4.794537184071822,0.0,0.0,6.076020106833881,11.993926152995275,5.917906046161393,38.076652494954814,49.27462597347554,5.9693052879518484,0.0,0.0,11.835812092322787,43.41674063258964,20.32356147030337,23.484309615393204,0.0,0.0,0.0,0.0,0.0,88.8214227421224,23.741988999272017,11.835812092322787,6.4208216229260096,23.484309615393204,0.0,0.0
N#CC(C(=N)Sc1ccccc1N)C(C#N)C(=N)Sc1ccccc1N,0,159.76001281816355,11.46733495432437,11.835812092322787,0.0,0.0,0.0,0.0,10.818567211583044,0.0,10.523783109476973,0.0,47.78923817262867,24.26546827384644,21.165739500402672,22.225876598767513,0.0,44.98597642133232,21.342350321060017,0.0,11.835812092322787,9.79096695103555,11.46733495432437,48.53093654769288,12.138442625584547,11.46733495432437,11.374772549367124,0.0,23.52376989878223,10.087433973182964,0.0,45.316605038967346,0.0,58.321903498728425,0.0,0.0
CC1CC(=O)NN=C1c1ccc(NN=C(C#N)C#N)cc1,0,121.12243172352808,0.0,12.138442625584547,0.0,11.618864732122208,0.0,0.0,10.220328581182207,5.425791397110385,20.726598160956417,0.0,19.056471336613843,17.696185628620217,12.338727669087403,11.399071277454265,4.794537184071822,23.017936009576474,10.523783109476973,5.425791397110385,16.12072109764084,13.344558822616634,5.425791397110385,29.828919765543436,12.138442625584547,10.85158279422077,5.687386274683562,0.0,0.0,17.330549734892912,4.794537184071822,28.580131781222914,18.90801031431363,34.468283325325885,0.0,0.0
CN(C)N=Nc1[nH]cnc1C(N)=O,1,74.6331981966315,10.717645998109393,0.0,11.51179077268349,0.0,5.907179729351506,0.0,9.803449708026353,4.983978520947208,0.0,5.114250125629398,5.2232529187334515,0.0,14.09534396535438,6.3273200747645415,4.794537184071822,11.725042507186533,0.0,14.976869565848947,16.071170521525033,0.0,14.09534396535438,12.021248069613002,0.0,5.733667477162185,5.817862777835028,0.0,0.0,34.97939326055483,0.0,0.0,10.488465178920283,16.66482311912739,0.0,0.0
NC(Cc1ccc([N+]([O-])(CCCl)CCCl)cc1)C(=O)O,0,127.60625433176176,20.693786748589673,11.729227103831523,0.0,0.0,0.0,5.9693052879518484,4.794537184071822,0.0,0.0,23.20187978046503,12.13273413692322,24.117007251546223,0.0,24.84951970176583,9.901064578912528,34.858571343100444,0.0,4.646338851809495,5.733667477162185,12.462662452073971,24.84951970176583,35.03617279032073,0.0,10.38000632897168,5.687386274683562,0.0,23.20187978046503,41.967193213706345,11.21535880699783,5.20725302477729,5.563451491696996,24.26546827384644,0.0,0.0
CC(C=CC1C(C)C(=O)C(=O)CC1(C)C)=C/C=C/C(C)=C/C=C/C=C(C)/C=C/C=C(C)C=CC1C(C)C(=O)C(=O)CC1(C)C,0,265.3999922927555,0.0,0.0,11.566489892729878,11.566489892729878,0.0,0.0,19.178148736287287,0.0,0.0,0.0,148.8991228140952,50.36074182987884,24.677455338174806,0.0,19.178148736287287,23.132979785459757,0.0,0.0,34.50160512343913,82.07901524275825,0.0,107.35669961595141,0.0,0.0,0.0,0.0,0.0,23.132979785459757,19.178148736287287,34.50160512343913,82.07901524275825,107.35669961595141,0.0,0.0
CCc1c2c(nc3ccc(O)cc13)-c1cc3c(c(=O)n1C2)COC(=O)C3(O)CC,1,165.75236084788537,19.517017391272816,12.356393797796823,5.601050810983688,0.0,5.559266895052007,5.9693052879518484,4.794537184071822,9.778515705019029,0.0,0.0,13.847474399381248,42.67056301139546,16.513127197858786,29.012764604922754,19.744454927553285,16.872230220032904,0.0,9.551078168738563,0.0,45.44180682664245,0.0,56.87307831975825,17.137367822980828,5.559266895052007,0.0,5.749511833283905,0.0,25.73343824637182,34.704910942207064,0.0,42.52210198909523,29.060005457918262,0.0,22.29078092177798
CC(=O)Nc1ccc(CC(=O)O)cc1,0,81.558311712975,10.423315998847038,0.0,0.0,5.907179729351506,0.0,5.9693052879518484,9.589074368143644,0.0,0.0,0.0,12.13273413692322,17.696185628620217,12.611123474374185,6.4208216229260096,14.69560176298435,17.563871291986917,0.0,0.0,0.0,13.344558822616634,5.316788604006331,29.828919765543436,0.0,5.316788604006331,5.687386274683562,0.0,0.0,16.98301241214406,16.00989599106965,0.0,12.487188691387619,24.26546827384644,0.0,0.0
Cc1cccc(C)c1OCC(=O)NC(Cc1ccccc1)C(O)CC(Cc1ccccc1)NC(=O)C(C(C)C)N1CCCNC1=O,0,272.27542605449304,30.693665891510225,11.791352662431866,6.606881964512918,5.907179729351506,5.907179729351506,6.031114512338072,9.589074368143644,4.794537184071822,0.0,0.0,92.71024628938218,67.70247290403466,19.13135364097311,12.145807216896262,24.22700190085622,17.845473971041084,0.0,20.85027554286947,5.917906046161393,77.60772416565871,19.696394776338067,101.11657785678895,5.749511833283905,20.68722876581904,4.794537184071822,5.749511833283905,0.0,71.77779474826251,22.43071761399566,19.76538044554264,48.94292361202125,78.86277189000094,0.0,0.0
Oc1c(Cl)cc(Cl)c2cccnc12,0,84.73348183813803,5.106527394840706,5.516700717616262,5.749511833283905,0.0,0.0,0.0,4.983978520947208,0.0,0.0,0.0,23.20187978046503,18.19910120538483,11.583067786077873,10.045266627482652,5.106527394840706,34.10480471254609,0.0,4.983978520947208,0.0,0.0,0.0,34.441211404480555,5.749511833283905,0.0,0.0,5.749511833283905,23.20187978046503,10.090505915787913,0.0,0.0,0.0,24.395944776997908,10.045266627482652,10.902924932081056
Clc1ccc(C(Cn2ccnc2)OCc2ccsc2Cl)c(Cl)c1,1,152.94290494393434,9.303962601591405,6.103966387748303,0.0,0.0,0.0,0.0,0.0,4.983978520947208,0.0,11.336785877934735,40.86918673915916,23.579163975850744,33.565856754102796,23.815287460935664,4.736862953800049,46.13960554863228,0.0,9.551078168738563,0.0,19.255604758173796,0.0,73.87503688892534,0.0,0.0,0.0,0.0,46.13960554863228,9.551078168738563,17.888501324225544,0.0,17.230869371142294,48.366538262303045,14.381595643228284,0.0
CCOc1cc(C(C)(C)C)ccc1C1=NC(C)(c2ccc(Cl)cc2)C(C)(c2ccc(Cl)cc2)N1C(=O)N1CCN(CCCS(C)(=O)=O)CC1,1,301.5145931740694,9.636772684650527,32.50023526022537,0.0,0.0,0.0,6.031114512338072,14.792224194336622,13.212334168400758,0.0,0.0,74.30492672184496,92.2403369831679,42.480061434644355,17.923187062956703,17.949197122200808,44.905867214977874,0.0,14.69972919255143,4.992404732635668,64.45608579523322,51.33928678433398,99.02911034734836,5.749511833283905,4.736862953800049,4.794537184071822,5.749511833283905,23.20187978046503,86.32354725930969,26.330094110580973,0.0,70.21705078785773,71.72244248571339,10.045266627482652,0.0
O=NN(CCCl)C(=O)NC1CCCCC1,1,94.0923089746755,5.316788604006331,0.0,0.0,0.0,0.0,6.031114512338072,0.0,4.794537184071822,5.008912523954531,16.5080051342208,19.26246486877803,12.841643245852019,11.9218442741183,11.830641126875284,4.794537184071822,17.63205440257059,0.0,10.325701127960862,5.2858847209627084,38.14594894377801,12.424759850882914,4.907065243988282,0.0,5.316788604006331,4.794537184071822,0.0,11.600939890232516,29.50662771632348,0.0,4.907065243988282,32.10410811463005,5.2858847209627084,0.0,0.0
CNC(=O)C(c1ccccc1)N1CCc2cc(OC)c(OC)cc2[C@H]1CCc1ccc(C(F)(F)F)cc1,0,214.74903825810614,14.790514511606428,6.041840829147961,11.49902366656781,5.907179729351506,0.0,6.176298517443475,9.694446914922299,0.0,13.171245143024459,0.0,42.46456947923127,65.78173910941246,19.634269217737724,19.78304657425206,27.439508234696383,5.907179729351506,0.0,10.216698334856808,0.0,37.522445044517426,27.81202347114483,94.54729521156271,11.49902366656781,14.790514511606428,13.171245143024459,11.49902366656781,0.0,38.61911293134682,23.812478947367314,0.0,46.3217607397069,66.73003775307771,0.0,0.0
COc1ccc(CNC(=O)Nc2ncc([N+](=O)[O-])s2)cc1,0,123.47110233937534,10.05365155780638,11.94635540489698,5.131558479839333,0.0,0.0,11.032196489025939,15.431106872771903,9.778515705019029,0.0,0.0,12.13273413692322,29.03297150655495,6.544756405912575,12.033108590095203,14.45471118668954,27.500540846800007,0.0,10.300767124953538,0.0,6.544756405912575,12.426586145283864,46.140081605922084,5.749511833283905,15.37044016181271,14.927177640599023,5.749511833283905,11.336785877934735,23.048201623380482,6.544756405912575,10.114318268765572,5.563451491696996,30.462311845459517,0.0,0.0
CC(=O)Oc1ccccc1C(=O)Nc1ncc([N+](=O)[O-])s1,0,122.08276225581105,4.736862953800049,11.94635540489698,5.131558479839333,0.0,5.907179729351506,10.970387264639715,25.020181240915548,4.983978520947208,0.0,0.0,12.13273413692322,23.469520014857956,6.923737199690624,10.486762540514666,19.24924837076136,33.34591135176529,0.0,4.983978520947208,0.0,6.923737199690624,5.316788604006331,46.140081605922084,5.749511833283905,10.05365155780638,10.132640456527199,5.749511833283905,11.336785877934735,21.783774587068233,4.794537184071822,10.114318268765572,17.28172587545944,30.462311845459517,0.0,0.0
Cn1c([N+](=O)[O-])cnc1COC(N)=O,1,78.43294310030608,20.584848699727807,6.196843571613076,6.606881964512918,5.824404497999927,0.0,11.911102848773442,0.0,14.345615352810384,0.0,0.0,0.0,4.923311048817671,0.0,7.04767198267719,14.45471118668954,11.911102848773442,0.0,9.551078168738563,12.781339459839375,6.606881964512918,0.0,22.135566338378574,0.0,5.733667477162185,10.61239996190685,0.0,0.0,20.567629288494647,18.39141690099016,10.114318268765572,5.824404497999927,6.196843571613076,0.0,0.0
Cc1cnc(C(=O)NCCc2ccc(S(=O)(=O)NC(=O)NC3CCCCC3)cc2)cn1,0,181.66973203561423,10.633577208012662,5.693927994848461,0.0,0.0,15.930470882759089,6.031114512338072,9.778515705019029,22.918407553800055,0.0,0.0,31.395199005701247,43.882387697088866,18.783440806673614,16.786255041979313,18.00687135247258,21.96158539509716,0.0,25.323629114359164,0.0,56.38599124191242,6.544756405912575,53.61046289846651,0.0,15.355672072464749,4.794537184071822,0.0,0.0,42.910645502973466,16.444112776333593,6.923737199690624,53.84995278009579,41.55463889259036,0.0,0.0
Oc1[nH]c(O)c(-c2cn3c4c(cccc24)CCC3)c1-c1c[nH]c2ccccc12,0,160.42383603878622,19.764132958419975,0.0,11.759976672870742,0.0,0.0,0.0,4.983978520947208,0.0,0.0,0.0,36.39820241076966,24.471461806010623,46.354495679078575,16.643603701010253,10.213054789681411,21.805849864162113,0.0,14.53505668968577,0.0,19.386399651764595,0.0,60.42170811415441,34.01378263965872,0.0,0.0,11.759976672870742,0.0,24.748111479367182,12.965578028838586,0.0,11.984273114623004,54.85825662245742,0.0,44.0596558309501
O=C(O)Cc1ccccc1Nc1c(Cl)cccc1Cl,0,120.33053204396538,10.423315998847038,0.0,0.0,0.0,0.0,5.9693052879518484,4.794537184071822,0.0,0.0,0.0,47.46734805431147,23.762552697081826,5.687386274683562,22.153474525092225,9.901064578912528,40.545957617784005,0.0,0.0,0.0,6.4208216229260096,5.316788604006331,58.073287598410914,0.0,5.316788604006331,11.374772549367124,0.0,23.20187978046503,11.075832682792555,11.21535880699783,0.0,5.563451491696996,42.46456947923127,10.045266627482652,0.0
CC(Oc1ccc2[nH]nc(C=Cc3cnn(CCO)c3)c2c1)c1c(Cl)cncc1Cl,0,182.4657605612948,9.843390348640755,11.853478221032208,0.0,0.0,0.0,0.0,14.764463264393429,0.0,10.197363616602075,0.0,23.20187978046503,37.274878618743216,35.10365791269801,40.60437728198594,9.843390348640755,46.25684492621385,0.0,24.961826880995506,0.0,19.5724599933515,6.606881964512918,69.85257309756223,5.749511833283905,4.736862953800049,0.0,5.749511833283905,23.20187978046503,36.675236240349136,6.544756405912575,0.0,29.848534565681376,42.98647549183714,10.045266627482652,23.05496514574882
Cc1ccc(C(=O)NCCCCCC(=O)Nc2ccccc2N)cc1,0,148.17069350505022,16.367244685174846,0.0,0.0,5.907179729351506,5.907179729351506,0.0,9.589074368143644,0.0,0.0,0.0,36.249741388469445,44.030848719389084,18.52902952053558,11.374772549367124,9.589074368143644,23.189132008070136,0.0,5.316788604006331,0.0,32.60702369139466,17.595212487081092,59.65783953108687,0.0,16.367244685174846,11.374772549367124,0.0,0.0,18.359115864615585,4.794537184071822,6.923737199690624,41.604726659169856,48.53093654769288,0.0,0.0
O=C(Nc1cc(Oc2cc(F)c(NC(=O)C3(C(=O)Nc4ccc(F)cc4)CC3)cc2F)ccn1)C1CC1,1,208.78236052432356,20.68722876581904,22.799585921561608,17.383953515375694,17.721539188054518,0.0,0.0,14.383611552215466,18.155223663971668,0.0,0.0,0.0,56.01512183401209,36.00123709784286,5.687386274683562,32.291719649039976,34.91417451525667,0.0,4.983978520947208,11.332896515558172,25.683286491704038,15.950365812018994,72.17944264244363,11.49902366656781,20.68722876581904,30.36388047022661,11.49902366656781,0.0,22.705517709001725,14.383611552215466,28.784559038695853,25.683286491704038,54.72778011930596,0.0,0.0
O=c1[nH]c(C2CCCN2)nc2c1oc1ccc(Cl)cc12,1,118.4969452235279,14.717918062006884,16.924125357258433,0.0,5.583020141642242,5.559266895052007,0.0,4.794537184071822,4.983978520947208,0.0,0.0,11.600939890232516,37.58550085714943,10.408857528206122,6.041840829147961,4.417150937053347,33.66990510559806,0.0,15.284745645900745,0.0,18.88348407499998,6.544756405912575,39.399943096249906,0.0,10.876055499058339,0.0,0.0,11.600939890232516,16.51271344780699,0.0,0.0,24.707888572999906,27.41078932651,5.022633313741326,22.068965215365544
CC(N)C12CC3CC(CC(C3)C1)C2,0,81.07601152261728,5.733667477162185,0.0,0.0,0.0,0.0,0.0,0.0,0.0,0.0,0.0,0.0,68.61737554512764,6.041840829147961,0.0,0.0,0.0,0.0,0.0,28.902376085043137,51.49050776639466,0.0,0.0,0.0,5.733667477162185,0.0,0.0,0.0,6.041840829147961,0.0,23.16870860788096,45.448666937246685,0.0,0.0,0.0
CON=C(C(=O)NC1C(=O)N2C(C(=O)OCOC(=O)C(C)(C)C)=C(C)CS[C@H]12)c1csc(N)n1,0,203.40294662657774,25.36177057250525,29.91647849129853,10.843243482610035,6.792942306099827,11.814359458703011,11.938610575903697,19.28352128306594,9.778515705019029,0.0,23.09867082732585,5.15571272675054,33.26805332883176,11.132916377212704,5.414990469396779,33.48946322762402,57.694884344542594,0.0,15.200676855804016,10.570703196147319,39.110662440879196,25.389260931286337,22.344134608439475,0.0,11.050456081168516,5.131558479839333,0.0,23.09867082732585,70.41985038541594,33.48946322762402,5.414990469396779,33.388876793610955,21.805919340341553,0.0,0.0
CN1CCC(COc2cnc(-c3cccc(Cn4nc(-c5cccc(C#N)c5)ccc4=O)c3)nc2)CC1,1,215.3658312737381,9.636772684650527,0.0,11.573916331283833,0.0,5.559266895052007,0.0,4.794537184071822,14.649759977039599,10.360573363039524,0.0,30.33183534230805,68.72565385205918,17.193270051855603,42.87192631298937,4.736862953800049,0.0,5.261891554738487,24.648351516191116,5.917906046161393,19.386399651764595,26.744066759015258,94.53806489036009,34.46396862231856,10.296129848852056,0.0,5.749511833283905,0.0,51.392418275206374,6.544756405912575,17.249018913692154,23.96854622924601,77.85189501191408,0.0,22.64523547624238
O=C(C=Cn1cnc(-c2cc(C(F)(F)F)cc(C(F)(F)F)c2)n1)NNc1ccccn1,1,169.95182339532985,0.0,12.14518285259957,5.824404497999927,0.0,5.907179729351506,12.35259703488695,15.646119978292592,14.649759977039599,26.34249028604892,5.098681808301038,6.06636706846161,30.33183534230805,24.0362700599644,11.126902983393991,31.137027470120742,17.924997397006983,0.0,25.174233182451022,0.0,12.35259703488695,5.425791397110385,66.12528914737514,11.387855989696924,10.85158279422077,32.160353063883946,0.0,0.0,25.655621514692143,17.147134218958772,0.0,11.126902983393991,54.99838616398115,0.0,17.58781087951737
CC(=O)OCC(=O)NCCCOc1cccc(CN2CCCCC2)c1,0,149.02964996603635,14.790514511606428,5.749511833283905,6.606881964512918,0.0,5.907179729351506,5.9693052879518484,14.48898409899412,0.0,0.0,0.0,18.553555759849232,50.04816330922339,20.013250011515776,6.606881964512918,19.06280027574374,11.876485017303354,0.0,10.216698334856808,0.0,39.15178009730724,32.84803314676356,29.828919765543436,5.749511833283905,10.05365155780638,0.0,5.749511833283905,0.0,49.62442789491739,20.870693727856267,0.0,38.17047518309165,24.26546827384644,0.0,0.0
O=C(Nc1ccccc1)c1ccccc1O,0,93.35905747580543,10.423315998847038,5.749511833283905,0.0,0.0,5.907179729351506,0.0,4.794537184071822,0.0,0.0,0.0,30.33183534230805,24.26546827384644,5.687386274683562,5.563451491696996,9.901064578912528,11.594566004035068,0.0,0.0,0.0,0.0,5.316788604006331,60.160755107851486,5.749511833283905,5.316788604006331,5.687386274683562,5.749511833283905,0.0,11.013707124192212,0.0,0.0,10.357988675768818,54.59730361615449,0.0,0.0
COC1=CC(=O)C[C@@H](C)[C@]12Oc1c(Cl)c(OC)cc(OC)c1C2=O,0,143.82499238361362,18.947451815200196,22.08510847200613,17.29192165130502,11.384295757348628,0.0,0.0,9.589074368143644,0.0,0.0,0.0,18.524677089923138,0.0,24.481114844382894,21.3293926238326,28.536526183343838,23.167429782962394,0.0,0.0,5.917906046161393,18.94560963360032,21.3293926238326,28.487636852389986,17.248535499851716,14.210588861400147,0.0,17.248535499851716,11.600939890232516,38.49693332754617,9.53140013787187,5.917906046161393,23.70254749838545,17.901552046951668,5.022633313741326,0.0
O=c1cc(O)[nH]cc1Cl,1,55.91007317956492,10.090505915787913,5.022633313741326,5.879988336435371,5.428790391900541,0.0,0.0,4.794537184071822,0.0,0.0,0.0,11.600939890232516,0.0,12.263210640074686,0.0,5.106527394840706,11.600939890232516,0.0,4.983978520947208,0.0,0.0,0.0,27.509171529788375,5.879988336435371,5.428790391900541,0.0,5.879988336435371,11.600939890232516,10.090505915787913,0.0,0.0,0.0,17.05774782414651,5.022633313741326,0.0
CC(=Cc1ccccc1)C=C1SC(=S)N(CC(=O)O)C1=O,0,131.68984682622576,5.106527394840706,10.865290491471546,0.0,0.0,5.907179729351506,5.9693052879518484,14.48898409899412,0.0,0.0,0.0,60.38761384157975,24.136313328290765,0.0,4.905136513890047,14.69560176298435,46.25279760213402,0.0,4.899909730850477,0.0,6.923737199690624,6.544756405912575,52.449547984798244,0.0,0.0,0.0,0.0,23.97975839243781,32.74821263446608,9.589074368143644,0.0,12.487188691387619,46.88609649310125,0.0,6.076020106833881
Cc1cncc(CN2CCC(=C3c4ccc(Cl)cc4CCc4cccnc43)CC2)c1,0,182.99614319532643,0.0,0.0,0.0,0.0,0.0,0.0,14.867866772744893,0.0,0.0,0.0,35.37314562568661,78.62338235526448,48.820537776387546,5.693927994848461,0.0,17.174044420301783,0.0,14.867866772744893,0.0,39.15178009730724,13.08951281182515,99.09565642275294,0.0,0.0,0.0,0.0,11.600939890232516,27.957379584570045,19.386399651764595,6.923737199690624,46.35282869918545,60.561837655678154,5.022633313741326,5.5731045300692665
O=C(O)c1cccnc1,1,51.97174906707985,5.106527394840706,0.0,0.0,0.0,0.0,5.9693052879518484,4.983978520947208,4.794537184071822,0.0,0.0,0.0,12.13273413692322,12.393687143226153,5.563451491696996,9.901064578912528,5.9693052879518484,0.0,4.983978520947208,0.0,0.0,0.0,30.08987277184637,0.0,0.0,0.0,0.0,0.0,16.059811203739763,0.0,0.0,10.357988675768818,24.526421280149375,0.0,0.0
CC(C)N=c1cc2n(-c3ccc(Cl)cc3)c3ccccc3nc-2cc1Nc1ccc(Cl)cc1,0,202.05918606446951,9.883888251797686,0.0,0.0,0.0,0.0,0.0,4.992404732635668,4.983978520947208,0.0,0.0,35.33461391738825,86.64387922092058,27.461880005997738,33.465874147919315,0.0,45.61005376506468,0.0,9.551078168738563,4.992404732635668,19.88931522852921,5.316788604006331,100.33163603425153,17.075242264380485,10.674019052312635,11.374772549367124,0.0,23.20187978046503,15.592918997886523,0.0,0.0,13.847474399381248,89.92154369109824,10.045266627482652,28.10864369961301
Cc1[nH]c2ccccc2c1CCNCc1ccc(C=CC(O)=NO)cc1,1,152.2320047202407,20.614547544571533,0.0,0.0,5.897745344357611,0.0,0.0,0.0,0.0,0.0,0.0,42.46456947923127,53.87776960566623,29.217629439675974,0.0,10.313780419617995,22.876690383272546,0.0,10.300767124953538,5.15571272675054,19.88931522852921,6.544756405912575,76.99123912446622,0.0,5.316788604006331,0.0,0.0,0.0,27.740260690835388,12.965578028838586,6.923737199690624,22.384282469939446,59.762669381277306,0.0,16.978945038914937
Cc1ccc(-c2nc(N)nc3c2nnn3Cc2cccc(CO[C@H]3CCOC3)n2)o1,1,171.59160907986225,19.62454432181563,11.454175413722902,16.924125357258433,5.948339280986494,0.0,0.0,4.983978520947208,9.665781456092391,4.983978520947208,5.098681808301038,11.279752164116477,37.61002709646307,6.606881964512918,37.250342712383635,13.890876844653445,17.112217219370486,0.0,29.94580540194271,0.0,32.600163580790436,18.94743140618802,47.47993875087941,11.454175413722902,5.733667477162185,5.948339280986494,0.0,0.0,49.26353571871684,22.625364278025593,6.923737199690624,23.568925031497372,34.7489862793614,0.0,22.61805335210689
CC(=O)OC1CC2CCC3C(CCC4(C)C3CC([N+]3(C)CCCCC3)C4OC(C)=O)C2(C)CC1N1CCCCC1,0,243.02712736784562,13.956756765294722,12.145807216896262,6.103966387748303,0.0,0.0,11.938610575903697,14.48898409899412,0.0,0.0,0.0,20.268296022307258,112.80516531805364,31.725127320851996,20.13718479450234,23.545831133438362,11.938610575903697,0.0,4.899909730850477,34.50160512343913,135.45724433059314,33.22669760632749,0.0,0.0,0.0,0.0,0.0,0.0,78.83986320456881,19.06280027574374,34.50160512343913,111.16562989680064,0.0,0.0,0.0
Cc1ncc(CO)c(CO)c1O,0,70.12857870022134,15.319582184522117,5.749511833283905,0.0,0.0,0.0,0.0,4.983978520947208,0.0,0.0,0.0,0.0,6.923737199690624,17.323746555007066,18.907691923874296,15.319582184522117,0.0,0.0,4.983978520947208,0.0,20.137501128716462,0.0,23.017674549855528,5.749511833283905,0.0,0.0,5.749511833283905,0.0,20.303560705469323,13.213763929025836,6.923737199690624,16.82083097824245,6.196843571613076,0.0,0.0
CNC1C(O)C(OC2C(NC(=O)C(O)CN)CC(N)C(OC3OC(CN)C(O)C(O)C3O)C2O)OCC1(C)O,0,224.6802777112682,82.52772321858437,60.5367483007184,12.580053458670426,5.907179729351506,0.0,0.0,4.794537184071822,0.0,0.0,0.0,0.0,20.392230805293824,19.13135364097311,18.69056362280884,59.48768076315695,5.907179729351506,0.0,10.633577208012662,17.201002431486554,104.58688306944934,26.744066759015258,0.0,0.0,27.834579639499218,0.0,0.0,0.0,159.6392624990844,23.741988999272017,0.0,13.344558822616634,0.0,0.0,0.0
CC1CC2C3CC(F)C4=CC(=O)C=CC4(C)C3(F)C(O)CC2(C)C1(O)C(=O)CO,0,168.0373210142009,15.319582184522117,18.379608171006897,17.235249711475557,0.0,0.0,0.0,9.589074368143644,8.78083009534964,0.0,0.0,19.92349450621513,55.747158904528476,16.747886984954953,6.103966387748303,33.6894866480154,11.566489892729878,0.0,0.0,28.583699077277736,63.57912888083785,6.606881964512918,23.80116485057091,0.0,0.0,8.78083009534964,0.0,0.0,57.03840645475286,9.589074368143644,28.583699077277736,40.0336764678499,23.80116485057091,0.0,0.0
CN1CCC(=C2c3ccccc3CC(=O)c3sccc32)CC1,0,134.6334300565464,4.899909730850477,0.0,5.783244946364939,0.0,0.0,0.0,4.794537184071822,0.0,0.0,11.336785877934735,29.838572803915707,48.03575258091999,25.073785926448156,4.877147193701299,4.794537184071822,22.69313535436894,0.0,4.899909730850477,0.0,19.26246486877803,20.13718479450234,62.85250431163551,0.0,0.0,0.0,0.0,11.336785877934735,30.820339471717755,6.4208216229260096,0.0,39.20368209871613,41.28500264284323,0.0,5.5731045300692665
O=c1ncccn1C1OC(CO)C(O)C1O,0,90.5573185725778,20.056445138322168,18.31189916324491,6.22790117073487,0.0,0.0,5.689743398203474,4.567099647791355,9.778515705019029,0.0,0.0,0.0,6.06636706846161,12.393687143226153,6.606881964512918,20.056445138322168,0.0,0.0,9.551078168738563,0.0,24.539800333979777,6.606881964512918,28.94433479396306,0.0,5.689743398203474,0.0,0.0,0.0,49.7894414810185,4.736862953800049,0.0,6.22790117073487,23.254591395759583,0.0,0.0
COCCCOc1cc(CC(CC(N)C(O)CC(C(=O)NCC(C)(C)C(N)=O)C(C)C)C(C)C)ccc1OC,0,234.87757108345326,36.10123981457156,0.0,11.49902366656781,11.814359458703011,0.0,0.0,9.589074368143644,0.0,0.0,0.0,33.761315867224106,68.55984303526367,38.64200440993839,25.235636362935534,28.906190624384497,11.814359458703011,0.0,5.316788604006331,40.553949608366715,79.37151690674402,33.978115417493484,23.762552697081826,11.49902366656781,26.2578494659308,0.0,11.49902366656781,0.0,63.04480948793345,20.7467589448697,29.08661465404235,66.36833955861876,18.19910120538483,0.0,0.0
COc1cc2c(c(OC)c1OC)-c1c(cc3c(c1OC)OCO3)CC(C)C(C)C2,0,171.17246965390652,28.421177722800294,0.0,22.99804733313562,18.291965972667636,0.0,0.0,0.0,0.0,0.0,0.0,13.847474399381248,47.93709245849202,11.126902983393991,28.439190165110134,28.421177722800294,0.0,0.0,0.0,11.835812092322787,26.689117645233267,35.23213247120996,23.259637120317212,45.62397398309742,28.421177722800294,0.0,34.49707099970343,0.0,35.23213247120996,12.841643245852019,11.835812092322787,24.97437738277524,12.13273413692322,0.0,11.126902983393991
O=C(C=Cc1ccccc1)OCC1OC(OC2OC=CC3C(O)C4OC4(CO)C23)C(O)C(O)C1O,0,200.2982475087086,49.216951743203765,42.72776471423811,6.290026729335213,6.290026729335213,0.0,5.9693052879518484,0.0,4.794537184071822,0.0,0.0,30.33183534230805,17.71549170536476,11.993926152995275,24.890834846843404,54.011488927275586,12.04532539478573,0.0,0.0,11.835812092322787,54.80490259614392,13.213763929025836,54.3094074960936,0.0,0.0,0.0,0.0,0.0,99.52060878732514,28.478851953072066,11.835812092322787,5.563451491696996,48.745956004396604,0.0,6.076020106833881
CC(CSC(=O)c1ccccc1)C(=O)N1C[C@@H](Sc2ccccc2)CC1C(=O)O,0,178.41694108925898,10.006437125691182,6.041840829147961,0.0,11.022456659537227,0.0,5.9693052879518484,9.589074368143644,4.794537184071822,0.0,11.761884949391115,67.21655869677461,18.553555759849232,33.9243890560177,0.0,19.490138947056174,40.5155318462713,0.0,4.899909730850477,5.917906046161393,29.531821157264545,12.297610012659364,66.2271221763131,0.0,0.0,0.0,0.0,23.52376989878223,50.58758794496975,9.589074368143644,5.917906046161393,23.70254749838545,65.55915416013387,0.0,0.0
CCC(C(N)=O)N1CCCC1=O,0,71.7107832423802,10.633577208012662,6.041840829147961,0.0,11.814359458703011,0.0,0.0,9.589074368143644,0.0,0.0,0.0,6.923737199690624,12.841643245852019,12.965578028838586,0.0,9.589074368143644,11.814359458703011,0.0,4.899909730850477,5.733667477162185,32.22804289761662,6.544756405912575,0.0,0.0,5.733667477162185,0.0,0.0,0.0,29.300866424614025,9.589074368143644,0.0,26.186202068468653,0.0,0.0,0.0
CC1(C(=O)O)CCC2(C)CCC3(C)C4=CC(=O)c5c(cc(O)c(O)c5C=O)C4(C)CCC3(C)C2C1,1,205.97941166103715,15.319582184522117,0.0,23.568429136062306,0.0,0.0,5.9693052879518484,14.383611552215466,0.0,0.0,0.0,27.694948798762496,97.31130921158619,10.978441961093775,10.978441961093775,29.703193736737582,18.038710757446342,0.0,0.0,27.577867923748506,84.97942782833198,0.0,34.40584618045575,11.49902366656781,0.0,0.0,11.49902366656781,0.0,33.35829294196846,10.209527653468601,27.577867923748506,105.84386620216983,17.71549170536476,0.0,0.0
O=P(O)(O)C(O)(Cc1cccnc1)P(=O)(O)O,0,96.27798492291245,24.680173805850607,0.0,0.0,0.0,5.083227620067512,15.19152465357577,14.114075090809866,0.0,0.0,0.0,6.06636706846161,11.629818560158606,18.814508766152162,0.0,33.810270375713266,15.19152465357577,0.0,4.983978520947208,0.0,11.50404924299352,0.0,30.08987277184637,0.0,0.0,0.0,0.0,15.19152465357577,34.74737994686532,15.550918192788668,0.0,5.563451491696996,24.526421280149375,0.0,0.0
COCC(c1ccc(C(F)(F)F)cc1)N1CCN(C2(C)CCN(C(=O)c3c(C)ncnc3C)CC2)CC1C,1,222.536263588474,9.636772684650527,6.3273200747645415,0.0,0.0,5.907179729351506,6.176298517443475,14.594356645772777,9.967957041894415,13.171245143024459,0.0,12.13273413692322,58.232777673234736,51.41434565237171,35.163481766751794,22.702645280896327,5.907179729351506,0.0,24.667686234445846,0.0,64.33549747273725,46.44046153535332,58.67099881339889,0.0,0.0,13.171245143024459,0.0,0.0,88.59609358068198,10.913161471243523,13.847474399381248,65.60370612324095,30.59278834861098,0.0,0.0
COc1ccc(CNc2nc(N(CCO)CCO)nc3c2ncn3C(C)C)cc1,1,169.54442532502514,29.73371572612962,5.749511833283905,16.981740716219015,5.948339280986494,0.0,0.0,0.0,4.983978520947208,9.967957041894415,0.0,12.13273413692322,31.543660028001465,25.676110046885686,26.65088154506791,14.94991774348146,22.93007999720551,0.0,19.51903521063298,0.0,26.434071634441782,43.62977261698533,36.156239840307975,5.749511833283905,14.953561288656857,11.766202058821523,5.749511833283905,0.0,63.14516428244289,6.544756405912575,0.0,25.452766720226204,30.59278834861098,0.0,11.16387793838399
O=C1Nc2ccc(Cl)cc2C(C#CC2CC2)(C(F)(F)F)O1,0,122.9633050682897,4.736862953800049,0.0,0.0,0.0,5.601050810983688,12.26953858838189,5.316788604006331,4.794537184071822,13.171245143024459,0.0,17.521374209088158,36.961178770092495,16.503990851599717,5.687386274683562,22.70264528089633,23.381566235854493,0.0,0.0,5.917906046161393,24.61899257427918,5.316788604006331,28.78518601082315,11.840868637711289,5.316788604006331,23.653168601779846,0.0,11.600939890232516,12.26953858838189,10.337913764783737,17.75877468387268,18.405094737549014,18.19910120538483,5.022633313741326,0.0
O=c1cccc2n1C[C@@H]1CNCC2C1,0,82.75039725001179,9.883888251797686,0.0,0.0,0.0,5.559266895052007,0.0,4.794537184071822,0.0,0.0,0.0,6.06636706846161,24.94985114346159,30.767713921296618,0.0,0.0,0.0,0.0,9.883888251797686,5.917906046161393,18.883484074999977,13.08951281182515,34.24683327935712,0.0,10.876055499058339,0.0,0.0,0.0,17.656612459616504,6.544756405912575,5.917906046161393,18.032655663935863,22.993638389456653,0.0,0.0
COc1cc(Nc2ncc3c(n2)-c2ccc(Cl)cc2C(c2c(F)cccc2OC)=NC3)ccc1C(=O)O,0,215.95769372856546,19.897041906447136,22.879695999310698,0.0,5.948339280986494,0.0,5.9693052879518484,4.992404732635668,19.152909273641058,0.0,0.0,23.733674027155736,36.39820241076966,39.66358470359056,37.7334159777838,23.765205534187444,34.91765573662512,0.0,9.967957041894415,4.992404732635668,6.544756405912575,19.536383686561397,93.88780730934279,22.756403153113265,14.790514511606428,16.026140603344878,11.49902366656781,11.600939890232516,40.97506981001274,6.544756405912575,5.817220841045894,27.048343150859804,65.78655192040324,5.022633313741326,11.257379486545457
CC(COc1ccccc1)N(CCCl)Cc1ccccc1,0,131.85479513853258,4.736862953800049,12.356393797796823,0.0,0.0,0.0,0.0,4.899909730850477,0.0,0.0,11.600939890232516,48.53093654769288,24.619922828310838,25.01135708594345,0.0,4.736862953800049,11.600939890232516,0.0,4.899909730850477,0.0,19.51033443475116,19.031641815395833,66.2271221763131,5.749511833283905,4.736862953800049,0.0,5.749511833283905,11.600939890232516,29.97339237539427,6.544756405912575,0.0,12.487188691387619,60.6636706846161,0.0,0.0
Cc1cc2c(F)c(Oc3ncnn4cc(OCC(C)O)c(C)c34)ccc2[nH]1,1,153.91680238993962,19.564231823388013,24.20041459017763,11.5667326743298,5.879988336435371,0.0,0.0,0.0,8.905812941290442,10.082660329248245,0.0,0.0,38.970312804456704,22.160304418626517,12.300809959361379,18.970668350115623,16.419625649697316,0.0,19.582036743811074,0.0,26.875177986820173,6.606881964512918,47.7978651793538,17.37901200300318,9.473725907600098,4.39041504767482,17.37901200300318,0.0,37.399412490912994,0.0,19.664695240427143,18.18111668623608,30.723264851762448,0.0,16.419625649697316
CCC1=C(C)CN(C(=O)NCCc2ccc(S(=O)(=O)NC(=O)NC3CCC(C)CC3)cc2)C1=O,1,200.95385825296708,10.633577208012662,0.0,0.0,0.0,15.930470882759089,12.062229024676144,9.694446914922299,22.72896621692467,0.0,0.0,25.980208536304467,74.63586314209758,18.159701765129803,11.440239881430351,22.8014085365444,27.99269990743523,0.0,20.255581803315227,5.917906046161393,70.23346564129368,13.08951281182515,40.97512882568197,0.0,15.355672072464749,9.589074368143644,0.0,0.0,50.41846911018017,21.238649960405414,5.917906046161393,58.43877120539892,40.30716080950275,0.0,0.0
CCNC1CN(CCCOC)S(=O)(=O)c2sc(S(N)(=O)=O)cc21,0,140.27015571671322,10.05365155780638,8.41835835504416,0.0,10.023291153407584,10.023291153407584,0.0,0.0,21.974567706265816,4.305215991296233,11.336785877934735,6.923737199690624,19.031945097300195,38.41148463846056,0.0,21.572456922457924,31.383368184749905,0.0,9.622004595302563,5.138973737607942,27.804758006808758,33.35094872352818,11.629818560158606,0.0,10.455762341614273,0.0,0.0,11.336785877934735,54.491758683482274,24.783445260615217,0.0,24.94985114346159,14.484725423505772,0.0,0.0
Nc1ccc2cc3ccc(N)cc3nc2c1,1,92.69416155793931,11.46733495432437,0.0,0.0,0.0,0.0,0.0,0.0,4.983978520947208,0.0,0.0,12.13273413692322,30.33183534230805,22.147220978296716,11.033401435232523,0.0,33.180622413529235,0.0,4.983978520947208,0.0,0.0,11.46733495432437,42.46456947923127,0.0,11.46733495432437,11.374772549367124,0.0,0.0,4.983978520947208,0.0,0.0,0.0,42.46456947923127,0.0,21.805849864162113
O=C(Nc1c[nH]nc1-c1nc2cc(CN3CCOCC3)ccc2[nH]1)NC1CC1,1,161.40367431910366,20.354418682759917,0.0,11.518332492848387,0.0,0.0,6.031114512338072,9.998591539151516,9.778515705019029,5.098681808301038,0.0,6.06636706846161,30.537828874472236,31.872953618498766,29.934551638941926,9.53140013787187,22.75190222225416,0.0,30.3820189933533,0.0,25.428240480912553,31.62006534485732,29.9593962686949,11.518332492848387,10.633577208012662,10.481923458755384,0.0,0.0,63.44146247168398,11.281619359712625,0.0,18.405094737549014,24.395944776997904,0.0,22.551733928080907
CN1CCCC(n2nc(Cc3ccc(Cl)cc3)c3ccccc3c2=O)CC1,0,163.92621063296173,4.899909730850477,0.0,0.0,0.0,5.559266895052007,0.0,4.794537184071822,4.681802935145184,5.098681808301038,0.0,41.932775232540564,63.162202360362194,16.829679151132133,17.121993038461216,0.0,22.373388319162107,0.0,14.680394474296698,0.0,31.725127320852,20.13718479450234,75.16475342710349,0.0,5.559266895052007,0.0,0.0,11.600939890232516,34.81757926879904,6.4208216229260096,0.0,36.56168518447144,53.3254737317647,5.022633313741326,10.772448428929591
Cc1ccc(NC(=O)c2ccc(CN3CCN(C)CC3)cc2)cc1Nc1nccc(-c2cccnc2)n1,0,216.95624924983875,15.533486938863138,0.0,0.0,5.948339280986494,5.907179729351506,0.0,14.678425435869507,9.967957041894415,0.0,0.0,18.19910120538483,67.56288164499307,73.81598827716321,5.693927994848461,4.794537184071822,23.230291559705126,0.0,24.75175502454258,0.0,13.4684936056032,43.86027481434016,95.94455587454632,11.257379486545457,10.633577208012662,17.323111830353618,0.0,0.0,63.885632360221564,6.544756405912575,6.923737199690624,21.48489165916281,79.25420139945533,0.0,11.257379486545457
OB1OCc2cc(F)ccc21,0,63.75643248148701,9.67838070909135,5.817220841045894,0.0,0.0,0.0,7.118392334224363,0.0,4.39041504767482,0.0,0.0,6.06636706846161,23.15898888903505,0.0,6.606881964512918,14.06879575676617,12.581195594639196,0.0,0.0,0.0,6.606881964512918,0.0,29.579773538127718,0.0,5.462803260414833,4.39041504767482,0.0,0.0,12.142414909290366,11.261240098538263,5.817220841045894,5.563451491696996,18.19910120538483,0.0,0.0
Cc1cc(C)c(CNC(=O)c2cc(-c3ccc(CN4CCOCC4)cc3)cc3c2cnn3C2CCCC2)c(=O)[nH]1,0,233.8979500791675,15.037630078753587,0.0,0.0,0.0,11.466446624403513,0.0,19.170787034139305,0.0,5.098681808301038,0.0,37.107111519698464,67.14202481740608,42.822629324660554,36.53260053910013,9.53140013787187,16.810104661432565,0.0,24.98116159925024,0.0,58.66211453205841,26.303276740850986,86.96295109160462,11.126902983393991,10.876055499058339,0.0,0.0,0.0,51.874829465446396,17.8263757656252,13.847474399381248,64.46739846656027,53.455950234916166,0.0,22.02982791547505
Nc1nc(=O)c2[nH]nnc2[nH]1,0,59.63913992989844,10.717645998109393,0.0,11.16387793838399,5.948339280986494,0.0,5.559266895052007,9.893218992372859,0.0,4.983978520947208,5.098681808301038,5.213385095654868,0.0,0.0,0.0,0.0,17.112217219370482,0.0,25.37870575415136,0.0,0.0,5.733667477162185,10.35380407912383,0.0,11.29293437221419,5.948339280986494,0.0,0.0,25.37870575415136,0.0,0.0,0.0,4.794537184071822,0.0,11.16387793838399
CN1CCCC1c1cccnc1,0,73.22976418910064,0.0,0.0,0.0,0.0,0.0,0.0,9.883888251797686,0.0,0.0,0.0,6.06636706846161,38.06389019460039,18.435527972374114,0.0,0.0,0.0,0.0,9.883888251797686,0.0,18.88348407499998,13.592428388589765,30.08987277184637,0.0,0.0,0.0,0.0,0.0,23.47631664038745,0.0,0.0,24.446935566696975,24.526421280149375,0.0,0.0
CC(=O)NS(=O)(=O)c1ccc(N)cc1,0,81.97333822136979,5.733667477162185,0.0,0.0,5.907179729351506,10.023291153407584,0.0,4.794537184071822,13.139891848781026,0.0,0.0,0.0,24.26546827384644,12.611123474374185,4.895483475517775,13.212334168400758,21.61785715744265,0.0,4.722094864452088,0.0,11.819220675208399,5.733667477162185,24.26546827384644,0.0,10.455762341614273,5.687386274683562,0.0,0.0,14.324976713680442,14.817828337479405,0.0,6.923737199690624,29.160951749364212,0.0,0.0
C=C[C@@H]1C[N@@]2CC[C@H]1C[C@@H]2[C@H](O)c1ccnc2ccc(OC)cc12,0,142.3134262032049,9.843390348640755,5.749511833283905,0.0,0.0,0.0,0.0,9.883888251797686,0.0,0.0,6.578935683598497,6.076020106833881,61.051131509630814,24.169665021138407,18.730464646642098,9.843390348640755,10.902924932081056,0.0,9.883888251797686,11.835812092322787,24.987450462748285,20.199310353102682,48.68071912758889,5.749511833283905,4.736862953800049,0.0,5.749511833283905,0.0,41.23156682888903,0.0,11.835812092322787,24.509061125297315,43.11726763589189,0.0,10.902924932081056
CC(C)(C)c1ccc(C(=O)CCCN2CCC(OC(c3ccccc3)c3ccccc3)CC2)cc1,0,210.68385097940222,9.636772684650527,6.103966387748303,5.783244946364939,0.0,0.0,0.0,4.794537184071822,0.0,0.0,0.0,105.70035055753445,47.91256621917837,25.073785926448156,6.103966387748303,9.53140013787187,5.783244946364939,0.0,4.899909730850477,0.0,64.0774213356693,19.634269217737724,107.18294492525057,0.0,0.0,0.0,0.0,0.0,36.421390282701445,10.151853423196828,0.0,79.60680762938402,84.92913895846256,0.0,0.0
CCOc1cc2ncc(C#N)c(Nc3ccc(OCc4ccccn4)c(Cl)c3)c2cc1NC(=O)C=CCN(C)C,1,237.57038664186246,25.007212846463236,24.175126943873003,0.0,5.907179729351506,0.0,0.0,14.762494225966236,0.0,5.261891554738487,0.0,23.743327065528007,57.41728357581466,42.15444121358257,39.77836803178308,14.268263091671919,45.47320337571576,5.261891554738487,14.867866772744893,0.0,13.530619164203543,37.880559543792536,89.35667670487358,17.568244979360085,20.10730311561276,17.062158824050687,11.49902366656781,11.600939890232516,48.02202883787626,11.40141914858474,11.33111286753076,18.18111668623608,73.0766639045868,5.022633313741326,10.902924932081056
COc1nc(C)nc(Cl)c1NC1=NCCN1,0,98.10143680930855,15.37044016181271,11.51179077268349,11.112664385636627,5.879988336435371,0.0,0.0,4.992404732635668,4.983978520947208,4.983978520947208,0.0,11.600939890232516,6.923737199690624,6.544756405912575,13.65455394719011,4.736862953800049,23.247880733659912,0.0,15.284745645900745,4.992404732635668,6.923737199690624,25.516098957109016,10.97751431489272,5.879988336435371,15.37044016181271,5.687386274683562,5.879988336435371,11.600939890232516,36.12682196374094,0.0,6.923737199690624,5.824404497999927,4.992404732635668,5.153109816892792,0.0
CC(=O)NC(C=O)C(O)C(O)[C@H](O)CO,0,86.34368722108543,30.53743536744097,30.63990051552242,0.0,5.907179729351506,0.0,0.0,4.794537184071822,0.0,0.0,0.0,0.0,0.0,6.923737199690624,6.606881964512918,30.015183947506465,12.193340252481061,0.0,5.316788604006331,0.0,31.277477192083488,6.606881964512918,0.0,0.0,5.316788604006331,0.0,0.0,0.0,63.580071788749656,9.589074368143644,0.0,6.923737199690624,0.0,0.0,0.0
O=C(NCC1CN(c2ccc(N3CCOCC3=O)cc2)C(=O)O1)c1ccc(Cl)s1,0,175.48612982852504,19.690424242456906,12.71084835226122,0.0,0.0,11.814359458703011,6.093240070938415,14.48898409899412,4.794537184071822,0.0,11.336785877934735,11.600939890232516,36.39820241076966,17.9195289552797,28.909870985784995,23.85733745981556,52.2200978471758,0.0,5.316788604006331,0.0,6.103966387748303,42.64785260846451,45.611678620216594,0.0,15.116608065707286,16.169309733438947,0.0,22.93772576816725,56.85959906415329,14.268263091671919,0.0,9.671684377773122,36.39820241076966,4.336329015745631,0.0
CCCN1CCCCC1C(=O)Nc1c(C)cccc1C,0,121.91115317818561,5.316788604006331,0.0,0.0,5.907179729351506,0.0,0.0,9.694446914922299,0.0,0.0,0.0,31.54366002800146,57.326355063378415,5.687386274683562,6.041840829147961,4.794537184071822,11.594566004035068,0.0,4.899909730850477,0.0,52.49633891992386,18.406301415831482,29.32600418877882,0.0,5.316788604006331,5.687386274683562,0.0,0.0,29.938443101175093,4.794537184071822,13.847474399381248,43.73392667478865,18.19910120538483,0.0,0.0
CON=C(C(=O)NC1C(=O)N2C(C(=O)OC(C)OC(C)=O)=C(COC(N)=O)CS[C@H]12)c1ccco1,0,202.24738985445055,34.51578446335865,30.829432460962984,5.7602474188744415,12.001711732105914,11.814359458703011,18.031850646842113,19.28352128306594,9.589074368143644,0.0,11.761884949391115,5.15571272675054,12.13273413692322,25.173432536197303,6.263162995639057,47.43801430254924,47.31978005770694,0.0,10.216698334856808,10.889380203912726,31.553214770833158,19.469533112537242,35.426288394561816,0.0,11.050456081168516,4.794537184071822,0.0,11.761884949391115,77.63307832315544,38.22632618142407,0.0,19.60772181825569,39.23890463949127,0.0,0.0
COc1cc(OC)c(C=CS(=O)(=O)Cc2ccc(OC)c(NCC(=O)O)c2)c(OC)c1,0,180.66857065860813,29.370767814047234,29.542803739048196,9.837253136417502,0.0,0.0,5.9693052879518484,4.794537184071822,8.417796984328938,0.0,0.0,6.06636706846161,23.772205735454097,17.540786227577883,45.44288153823747,37.26631337844166,27.56996480588679,0.0,0.0,0.0,5.752853606746789,40.30073517502903,46.8667904163567,22.99804733313562,24.264240419206526,5.687386274683562,22.99804733313562,0.0,54.477576238144195,20.384643927236112,0.0,11.126902983393991,35.73988743296271,0.0,6.076020106833881
OCC1OC(c2ccc(F)c(Cc3cc4ccccc4s3)c2)C(O)C(O)C1O,0,164.81530441617184,25.162972533162872,36.337052779787406,0.0,0.0,0.0,0.0,0.0,4.39041504767482,0.0,11.336785877934735,24.26546827384644,40.77859547170523,15.99788873309641,6.606881964512918,29.553387580837686,21.422930008868633,0.0,0.0,0.0,36.94065356166752,6.606881964512918,70.35220756583408,0.0,0.0,4.39041504767482,0.0,11.336785877934735,51.44885709486894,11.157684576726059,5.817220841045894,22.108016564843595,48.53093654769288,0.0,10.086144130933896
Cc1ccsc1C(=CCCN1CCCC(C(=O)O)C1)c1sccc1C,0,157.168684575873,10.006437125691182,0.0,0.0,0.0,0.0,5.9693052879518484,4.794537184071822,0.0,0.0,22.67357175586947,6.076020106833881,73.67445833532089,28.41691172929702,5.917906046161393,9.901064578912528,34.21598157389059,0.0,4.899909730850477,5.917906046161393,33.10993926815928,19.634269217737724,49.850077155485515,0.0,0.0,0.0,0.0,22.67357175586947,35.61001163138075,4.794537184071822,19.76538044554264,40.14366223957462,28.96887978468893,0.0,5.5731045300692665
O=C(O)c1ccc2c(c1)nc(Nc1cccc(Cl)c1)c1ccncc12,1,147.46494872805053,10.423315998847038,5.817862777835028,0.0,0.0,0.0,5.9693052879518484,4.983978520947208,9.778515705019029,0.0,0.0,23.733674027155736,36.39820241076966,39.262379375045434,11.080152209313258,9.901064578912528,50.7508675917136,0.0,9.967957041894415,0.0,0.0,5.316788604006331,71.51070849635735,0.0,5.316788604006331,11.50524905251859,0.0,11.600939890232516,21.04378972468697,0.0,0.0,10.357988675768818,60.924623690919034,5.022633313741326,21.67537336101065
Cc1cnc(Nc2ccc(OCCN3CCCC3)cc2)nc1Nc1cccc(S(=O)(=O)NC(C)(C)C)c1,1,219.27716094130096,15.37044016181271,18.17425657563185,0.0,15.97163043439408,0.0,0.0,4.899909730850477,18.123870369728234,4.983978520947208,0.0,6.06636706846161,96.09067433567094,35.21874927097311,4.895483475517775,13.154659938128987,33.164265761596226,0.0,19.589961637196982,0.0,50.97100077251562,36.87472839026331,60.29123161100295,5.749511833283905,20.092535026264798,23.140974608188646,5.749511833283905,0.0,55.06574019170781,10.023291153407584,6.923737199690624,39.17630633662088,59.62326359482373,0.0,0.0
CCC(CC)OC1C=C(C(=O)O)CC(N)C1NC(C)=O,0,118.90864039168315,20.89384642980927,0.0,0.0,5.907179729351506,0.0,5.9693052879518484,4.794537184071822,4.794537184071822,0.0,0.0,13.847474399381248,25.33848497561191,18.53868255890785,18.249773604644567,19.4324647167844,11.876485017303354,0.0,5.316788604006331,5.733667477162185,64.32529090164242,0.0,11.649124636903148,0.0,11.050456081168516,0.0,0.0,0.0,41.27462684593659,14.325937321943691,0.0,40.0336764678499,11.649124636903148,0.0,0.0
Cc1nc(-c2cn3c(n2)-c2ccc(-c4cnn(C(C)(C)C(N)=O)c4)cc2OCC3)n(C(C)C)n1,0,196.93412853811367,15.037630078753589,35.23805604102848,5.824404497999927,5.907179729351506,0.0,0.0,9.476340119217006,14.649759977039599,10.197363616602075,0.0,6.06636706846161,52.31487162707333,23.99897946407111,18.305051469222647,9.53140013787187,5.907179729351506,0.0,34.09602617657821,5.733667477162185,52.74420848589699,6.606881964512918,42.61403641822398,39.782603299223204,10.470530430962235,0.0,5.749511833283905,0.0,46.610087870442634,16.878218842367744,6.923737199690624,39.56119412591039,36.78963192022406,0.0,34.0330914659393
CCN(C(=O)c1c(O)c2c(Cl)cccc2n(C)c1=O)c1ccccc1,0,149.23992763179305,14.573536773482537,11.3129633249809,0.0,0.0,11.466446624403513,0.0,9.589074368143644,0.0,0.0,0.0,35.866408164078955,31.18920547353706,19.279814663273328,15.925558245822383,9.901064578912528,34.09843082634864,0.0,4.567099647791355,7.04767198267719,6.923737199690624,11.444666136763052,69.47082543225503,5.749511833283905,10.459176625902483,5.687386274683562,5.749511833283905,11.600939890232516,22.125563177896144,7.04767198267719,0.0,17.28172587545944,53.3254737317647,5.022633313741326,10.902924932081056
Cc1ncc(C[n+]2csc(CCO)c2C)c(N)n1,0,109.95661104659912,10.84019487200289,11.642267275834955,12.238684400761036,5.51053927361738,0.0,0.0,0.0,9.967957041894415,4.567099647791355,0.0,11.336785877934735,6.923737199690624,26.14828435874263,10.440598685398296,9.67362704263206,17.154648655769762,0.0,9.967957041894415,0.0,26.813052428219834,12.340549441675103,33.666314023477135,0.0,10.30076712495354,5.817862777835028,0.0,11.336785877934735,21.681366401248038,12.965578028838586,13.847474399381248,21.958931178246683,11.707382845230455,0.0,0.0
CCCC(=O)OCOC(=O)C1=C(C)N=C(C)C(C(=O)OC)C1c1cccc(Cl)c1Cl,0,184.53715757800796,14.210588861400147,5.917906046161393,0.0,6.792942306099827,0.0,17.907915863855546,14.581479100779312,4.794537184071822,0.0,0.0,42.258351117078874,31.898114582465862,23.747451984913937,22.728168698829453,28.59420041361561,46.82148064709128,0.0,0.0,10.910310778797061,39.53076089108528,13.902739847377362,45.077963167689575,0.0,0.0,0.0,0.0,23.20187978046503,37.522340714003604,28.59420041361561,5.917906046161393,45.094212382782274,34.461649781145596,10.045266627482652,0.0
Nc1cc(C(Cl)=C(Cl)Cl)c(S(N)(=O)=O)cc1S(N)(=O)=O,1,129.92270687261924,5.733667477162185,9.386951649675703,0.0,20.046582306815168,0.0,0.0,0.0,27.113541443873757,0.0,0.0,34.802819670697545,12.13273413692322,5.563451491696996,15.615156102314934,16.835593968657875,65.56907460430988,0.0,0.0,10.277947475215884,9.79096695103555,5.733667477162185,22.187653802778144,0.0,16.011614952378068,5.687386274683562,0.0,34.802819670697545,16.835593968657875,20.046582306815168,0.0,5.563451491696996,26.4151692621167,0.0,5.032286352113597
CC1(C)O[C@@H]2C[C@H]3[C@@H]4CC=C5CC(=O)CC[C@]5(C)[C@@]4(F)[C@@H](O)C[C@]3(C)[C@]2(C(=O)CCl)O1,0,187.22733090022635,14.580253302440804,11.452004765110617,17.171406909919224,0.0,0.0,0.0,9.589074368143644,4.39041504767482,0.0,11.600939890232516,25.496599036284397,45.448666937246685,29.589530230806965,18.087936220466943,28.559742718259265,23.167429782962394,0.0,0.0,22.665793031116344,95.48473309411514,5.880003444970339,11.649124636903148,0.0,0.0,4.39041504767482,0.0,11.600939890232516,51.81787529033749,19.06280027574374,22.665793031116344,66.21987853631856,11.649124636903148,0.0,0.0
CCCCCCCCCCCCCCCC[n+]1ccccc1,0,138.70009641738457,0.0,6.544756405912575,12.393687143226153,0.0,0.0,0.0,0.0,4.567099647791355,0.0,0.0,90.03996374326438,6.4208216229260096,18.55355575984923,0.0,4.567099647791355,0.0,0.0,0.0,0.0,103.35999632656737,0.0,30.59278834861098,0.0,4.567099647791355,0.0,0.0,0.0,0.0,6.544756405912575,0.0,96.81523992065479,30.59278834861098,0.0,0.0
C#CC1(O)CCC2C3CC=C4CC(=O)CCC4C3CCC21CC,0,139.2801469135596,5.106527394840706,11.384295757348628,0.0,0.0,0.0,0.0,4.794537184071822,0.0,0.0,6.423349895620259,24.493296155449414,68.61737554512764,18.256633715248796,0.0,9.901064578912528,5.783244946364939,0.0,0.0,29.08661465404235,70.3121826170084,0.0,11.649124636903148,12.343784214475903,0.0,0.0,0.0,0.0,16.490823152189332,4.794537184071822,41.430398868518246,64.71113180602472,11.649124636903148,0.0,0.0
COc1cc(F)c(C(C)C)cc1-c1ccc(C(F)(F)F)cc1CN1C(=O)OC(c2cc(C(F)(F)F)cc(C(F)(F)F)c2)C1C,0,244.72286600937838,9.473725907600098,17.6706990620781,0.0,0.0,0.0,24.62213562326884,4.899909730850477,9.184952231746642,39.513735429073385,0.0,19.913841467842857,71.49365162340966,11.629818560158606,36.38674925142905,58.172413568420126,6.093240070938415,0.0,4.899909730850477,0.0,63.90857682037253,7.109797541277533,87.72886633892075,16.876414816677897,4.736862953800049,48.69868766082003,5.749511833283905,0.0,24.144788172214387,29.810514912043047,5.817220841045894,66.17379298316354,48.53093654769288,0.0,11.126902983393991
O=c1ccn(C2OC(CO)C(O)C2O)c(=O)[nH]1,0,94.71884067262157,20.056445138322168,18.31189916324491,6.22790117073487,0.0,5.559266895052007,5.689743398203474,14.345615352810384,4.794537184071822,0.0,0.0,0.0,0.0,12.263210640074686,6.606881964512918,20.056445138322168,0.0,0.0,9.551078168738563,0.0,24.539800333979777,6.606881964512918,33.10129530147381,0.0,11.24901029325548,0.0,0.0,0.0,49.7894414810185,4.736862953800049,0.0,6.22790117073487,21.85228500821833,0.0,0.0
Clc1ccc(CSC(Cn2ccnc2)c2ccc(Cl)cc2Cl)cc1,0,160.3121064693812,4.567099647791355,0.0,0.0,0.0,0.0,0.0,0.0,4.983978520947208,0.0,11.761884949391115,53.00192087608238,35.392371257240434,45.00913512709167,6.3273200747645415,0.0,46.56470462008866,0.0,9.551078168738563,0.0,17.547548042641537,0.0,87.38037962183995,0.0,0.0,0.0,0.0,46.56470462008866,9.551078168738563,12.297610012659364,0.0,16.376841013376165,61.18557669722196,15.067899941223978,0.0
COCC1(CO)C(=O)C2CCN1CC2,0,83.8412025022906,9.843390348640755,5.538925252383345,5.783244946364939,0.0,0.0,0.0,9.694446914922299,0.0,0.0,0.0,0.0,25.93115605767717,13.027703587438927,13.213763929025836,14.637927532712578,5.783244946364939,0.0,4.899909730850477,5.917906046161393,18.380568498235363,33.41307428212852,0.0,0.0,0.0,0.0,0.0,0.0,54.74168160656798,9.53140013787187,5.917906046161393,12.841643245852019,0.0,0.0,0.0
CNCC(O)c1ccc(O)c(O)c1,0,76.45879290288288,20.63637078852845,0.0,11.49902366656781,0.0,0.0,0.0,0.0,0.0,0.0,0.0,6.06636706846161,24.743857611297404,6.544756405912575,6.103966387748303,15.319582184522117,0.0,0.0,5.316788604006331,0.0,6.103966387748303,13.592428388589765,23.762552697081826,11.49902366656781,5.316788604006331,0.0,11.49902366656781,0.0,28.91201057311188,0.0,0.0,11.6674178794453,18.19910120538483,0.0,0.0
Oc1cc(Cl)ccc1Oc1ccc(Cl)cc1Cl,0,113.3060749879089,9.843390348640755,5.749511833283905,11.49902366656781,0.0,0.0,0.0,0.0,0.0,0.0,0.0,34.802819670697545,30.33183534230805,16.111633695944263,5.022633313741326,9.843390348640755,34.802819670697545,0.0,0.0,0.0,0.0,0.0,51.466102351993634,17.248535499851716,4.736862953800049,0.0,17.248535499851716,34.802819670697545,5.106527394840706,0.0,0.0,0.0,36.39820241076966,15.067899941223978,0.0
NCC1CCC(C(=O)O)CC1,0,66.58366122432906,10.84019487200289,0.0,0.0,0.0,0.0,5.9693052879518484,4.794537184071822,0.0,0.0,0.0,0.0,38.14594894377801,0.0,5.917906046161393,9.901064578912528,5.9693052879518484,0.0,0.0,17.56947956948497,25.683286491704038,6.544756405912575,0.0,0.0,5.733667477162185,0.0,0.0,0.0,17.62058908870513,4.794537184071822,11.835812092322787,25.683286491704038,0.0,0.0,0.0
CC1=C[C@H](O)CC(C)(C)[C@H]1/C=C/C(C)=C/C=C/C(C)=C/C=C/C=C(C)/C=C/C=C(C)/C=C/C1=C(C)C[C@@H](O)CC1(C)C,0,256.963165332604,10.213054789681411,0.0,0.0,0.0,0.0,0.0,0.0,0.0,0.0,0.0,152.27387758168635,77.2079735357846,5.917906046161393,12.207932775496605,10.213054789681411,0.0,0.0,0.0,16.747886984954953,100.70776964118086,0.0,130.1520333129931,0.0,0.0,0.0,0.0,0.0,22.420987565178017,0.0,16.747886984954953,88.49983686568426,130.1520333129931,0.0,0.0
COC(=O)C1=C(C)N=C(C)C(C(=O)OCCN(C)Cc2ccccc2)C1c1cccc([N+](=O)[O-])c1,0,203.76051927906457,9.473725907600098,12.52478801067431,0.0,0.0,5.687386274683562,11.938610575903697,24.80116991632354,4.794537184071822,0.0,0.0,42.46456947923127,32.02204936545243,42.5488773107363,17.60621312016447,23.98611132456141,23.33768185335796,0.0,4.899909730850477,10.910310778797061,26.31013685145522,27.30910789438022,87.10866871143917,0.0,0.0,5.687386274683562,0.0,0.0,54.78262425272276,25.607556681656316,16.032224314926967,30.89228342893663,70.85985219191527,0.0,0.0
Cc1c(CN2CCN(C(=O)C(C)O)CC2)sc2c(N3CCOCC3)nc(-c3cnc(N)nc3)nc12,0,207.11039502096062,25.376877287503895,6.103966387748303,11.642267275834955,5.948339280986494,5.907179729351506,0.0,9.694446914922299,19.93591408378883,0.0,11.336785877934735,0.0,19.410925891078243,63.084129178315465,28.99383605480819,14.637927532712578,39.22678830019312,0.0,29.735733545489786,0.0,26.496197193042125,63.11587957251394,22.83428582862445,11.387855989696924,10.633577208012662,11.766202058821523,0.0,11.336785877934735,99.33570942193157,16.076156543784446,6.923737199690624,17.36433588508892,12.393687143226153,0.0,21.604476623782283
CC(C)=CCCC(C)=CCCC(C)=CCSc1ccccc1C(=O)O,0,156.28053373089494,5.106527394840706,0.0,0.0,0.0,0.0,5.9693052879518484,0.0,4.794537184071822,0.0,11.761884949391115,47.08010804763266,65.51096942738975,10.648337082264565,5.563451491696996,9.901064578912528,17.731190237342965,0.0,0.0,0.0,58.27371876598431,5.752853606746789,64.77629367625288,0.0,0.0,0.0,0.0,11.761884949391115,16.82868628953934,0.0,0.0,63.73622396623535,64.10832566007366,0.0,0.0
CC(=O)OC1(C(C)=O)CCC2C3=C(C4=C(CC3)CC(=O)CC4)C(c3ccc(N(C)C)cc3)CC21C,0,208.14542838637172,9.636772684650527,5.783244946364939,11.384295757348628,0.0,0.0,5.9693052879518484,14.383611552215466,0.0,0.0,0.0,30.202680396752378,80.20896767216685,50.88100720113875,0.0,19.120474506015512,23.22318145536529,0.0,0.0,11.332896515558172,83.65674143962504,18.995253696204855,52.1213378858205,0.0,4.899909730850477,5.687386274683562,0.0,0.0,37.23218995701979,19.120474506015512,11.332896515558172,83.61914212033835,46.55788639412351,0.0,0.0
Cn1cc(-c2cnn3c(N)c(Br)c([C@@H]4CCCNC4)nc23)cn1,0,141.56276272714453,11.050456081168516,5.817862777835028,5.647177220767728,0.0,0.0,0.0,4.681802935145184,4.983978520947208,14.712761510217698,0.0,0.0,35.31634354971394,36.83408098975822,22.560334653907027,0.0,27.3949838965521,0.0,29.69533157031642,7.04767198267719,18.75954929201341,18.823180288987334,28.757178225520104,11.126902983393991,11.050456081168516,5.817862777835028,0.0,15.929943897949348,37.46805577813524,7.04767198267719,0.0,24.453477286861872,23.063250230671642,0.0,16.77408020416172
c1ccc(C2CN3CCSC3=N2)cc1,0,88.02271756585027,4.899909730850477,0.0,5.1676517695780495,0.0,0.0,0.0,4.992404732635668,0.0,0.0,0.0,42.093720291699164,5.563451491696996,18.842366418571938,6.041840829147961,0.0,16.929536718969164,0.0,4.899909730850477,4.992404732635668,6.041840829147961,18.842366418571938,35.89528683400505,0.0,0.0,0.0,0.0,11.761884949391115,28.909927919000467,0.0,0.0,11.605292320844956,35.32424007494372,0.0,0.0
Cc1onc(-c2ccccc2Cl)c1C(=O)NC1C(=O)N2C1SC(C)(C)C2C(=O)O,0,175.10646187164693,19.846320666670863,34.47518137668456,0.0,5.907179729351506,5.907179729351506,5.9693052879518484,9.589074368143644,4.794537184071822,0.0,11.761884949391115,34.95670435274279,26.83757866753348,10.310473944914555,5.022633313741326,24.013233884029518,41.14648958627849,0.0,15.373361591982253,0.0,42.975788523554094,0.0,40.6118004981592,11.257379486545457,5.316788604006331,0.0,0.0,23.36282483962363,55.151342053953705,9.589074368143644,6.923737199690624,29.965710494024506,28.788563210819788,5.022633313741326,11.257379486545457
Nc1nc(F)nc2c1ncn2C1OC(COP(=O)(O)O)C(O)C1O,1,132.46908516234697,30.470408426148595,18.31189916324491,23.209641886953886,0.0,0.0,13.900870970480996,9.090846809503173,9.549026805878537,14.358372089569235,0.0,0.0,0.0,0.0,12.934202039277459,38.21595144330438,24.804437839351188,0.0,19.51903521063298,0.0,24.539800333979777,12.340549441675103,12.405493922113367,0.0,5.733667477162185,10.208277825509848,0.0,7.822697123132171,64.43769433357716,13.825658400443196,6.078173847348825,6.22790117073487,6.3273200747645415,0.0,11.16387793838399
COC(=O)CCc1ccc(OCC(O)CNC(C)C)cc1,0,125.81353275832461,19.897041906447136,18.460360185545127,0.0,0.0,0.0,5.9693052879518484,4.794537184071822,0.0,0.0,0.0,25.980208536304467,24.117007251546223,19.007418857986547,7.109797541277533,19.374790486512623,5.9693052879518484,0.0,5.316788604006331,0.0,38.834924862129526,20.26143591170303,29.828919765543436,5.749511833283905,10.05365155780638,0.0,5.749511833283905,0.0,43.483075811391835,15.95222176079788,0.0,25.831747514004253,24.26546827384644,0.0,0.0
CN(C)CCOc1ccc(C(=C(CCCl)c2ccccc2)c2ccccc2)cc1,1,178.95217054120553,9.636772684650527,12.356393797796823,0.0,0.0,0.0,0.0,0.0,0.0,0.0,11.600939890232516,72.79640482153933,60.48546326043313,12.424759850882914,0.0,4.736862953800049,22.74714895037105,0.0,4.899909730850477,0.0,6.4208216229260096,33.12698578075021,101.61949343355357,5.749511833283905,4.736862953800049,0.0,5.749511833283905,11.600939890232516,38.02689551160069,0.0,0.0,23.111176098016994,84.92913895846256,0.0,11.146209060138533
CC1=C2CC(=O)C=CC2(C)C2C(O)CC3(C)C(CCC3(O)C(=O)CO)C2C1,0,159.70625020834848,15.319582184522117,12.207932775496605,11.566489892729878,0.0,0.0,0.0,9.589074368143644,0.0,0.0,0.0,31.069703566353663,50.51885589055132,23.16870860788096,6.103966387748303,24.90865655266576,11.566489892729878,0.0,0.0,28.583699077277736,64.5803369124339,6.606881964512918,23.298249273806295,0.0,0.0,0.0,0.0,0.0,45.1979712404969,9.589074368143644,28.583699077277736,52.87531971370193,23.298249273806295,0.0,0.0
COC(=O)C1C(O)CCC2CN3CCc4c([nH]c5ccccc45)C3CC21,0,152.8781168507647,14.827368869587962,0.0,0.0,0.0,0.0,5.9693052879518484,9.694446914922299,0.0,0.0,0.0,18.19910120538483,49.14891714418543,29.686365738754667,25.17351080433519,14.637927532712576,16.872230220032908,0.0,9.883888251797686,17.75371813848418,37.8290937086003,20.199310353102685,35.5228477603919,0.0,0.0,0.0,0.0,0.0,47.26299767544123,15.95222176079788,17.75371813848418,36.56168518447144,24.26546827384644,0.0,10.902924932081056
FC(F)(F)Oc1ccc(-c2ccc3nnc(C(F)(F)F)n3c2)cc1,0,129.8510491269286,4.736862953800049,5.749511833283905,5.647177220767728,5.824404497999927,0.0,12.538657376473857,4.400694606261793,0.0,13.171245143024459,23.368608759626532,12.13273413692322,35.392371257240434,6.196843571613076,0.0,31.07935323984897,5.647177220767728,0.0,14.59805822286387,0.0,12.538657376473857,0.0,48.419450480382665,16.876414816677897,4.736862953800049,26.34249028604892,5.749511833283905,0.0,20.960417081894253,6.176298517443475,0.0,5.824404497999927,42.595045982382736,0.0,16.77408020416172
CCC(C)SSc1ncc[nH]1,0,74.96616211612432,4.983978520947208,0.0,5.156436481820707,0.0,0.0,0.0,0.0,4.983978520947208,0.0,0.0,24.641372375767972,17.21471959931273,17.643625173208328,0.0,0.0,21.587795952773444,0.0,9.967957041894415,0.0,30.67467053411014,0.0,12.393687143226153,0.0,0.0,0.0,0.0,21.587795952773444,15.21789507187659,0.0,0.0,20.268296022307258,17.550123625046858,0.0,0.0
COc1cccc(-c2cc(F)ccc2C2Cc3nc(N)nc(C)c3C(=O)N2)n1,1,160.353770506016,15.787319034968565,5.817220841045894,0.0,11.828327617421866,5.907179729351506,0.0,4.794537184071822,19.34235061051644,0.0,0.0,12.13273413692322,30.68628989677245,18.050640183084617,35.79687384666788,13.921815185546691,11.855519010338,0.0,20.268724166847953,0.0,19.386399651764595,12.84346501843972,64.73018222490647,17.137367822980828,15.787319034968565,10.338754328661313,5.879988336435371,0.0,27.96891283347066,6.4208216229260096,12.740958040736519,33.3511369863107,36.39820241076966,0.0,11.257379486545457
CN(C)CC=CC(=O)Nc1cc2c(Nc3ccc(F)c(Cl)c3)ncnc2cc1OC1CCOC1,1,201.2804170037267,25.007212846463236,29.815881914677668,0.0,5.907179729351506,0.0,0.0,4.794537184071822,14.358372089569235,0.0,0.0,17.676959997066398,38.36081223920082,36.18157569328243,29.44048423506699,18.65867813934674,45.603679878867226,0.0,14.867866772744893,0.0,12.524788010674312,44.487441508305444,59.65104978552757,5.749511833283905,15.370440161812711,21.58305037487697,5.749511833283905,11.600939890232516,60.732877190137486,9.53140013787187,5.817220841045894,6.4208216229260096,48.81119563074036,5.022633313741326,10.902924932081056
COc1cc(C(C)=O)ccc1O,0,70.59553054443344,9.843390348640755,0.0,17.28226861293275,0.0,0.0,0.0,4.794537184071822,0.0,0.0,0.0,0.0,25.122838405075452,5.563451491696996,7.109797541277533,14.637927532712576,5.783244946364939,0.0,0.0,0.0,6.923737199690624,7.109797541277533,23.762552697081826,11.49902366656781,4.736862953800049,0.0,11.49902366656781,0.0,17.99956988248318,0.0,0.0,17.28172587545944,18.19910120538483,0.0,0.0
Oc1ccc(C=Cc2cc(O)cc(O)c2)cc1,0,98.91147977875801,15.319582184522117,17.248535499851716,0.0,0.0,0.0,0.0,0.0,0.0,0.0,0.0,24.284774350590983,35.392371257240434,6.06636706846161,0.0,15.319582184522117,12.152040213667762,0.0,0.0,0.0,0.0,0.0,53.59147246262526,17.248535499851716,0.0,0.0,17.248535499851716,0.0,15.319582184522117,0.0,0.0,11.126902983393991,42.46456947923127,0.0,12.152040213667762
Cc1cc(C(N)=O)ccc1-n1c(CCC(=O)O)ccc1-c1ccc(-n2ccnc2)cc1,0,178.94247675513412,19.9743941675856,0.0,0.0,5.907179729351506,0.0,5.9693052879518484,9.589074368143644,4.983978520947208,0.0,0.0,12.13273413692322,66.9360312852419,35.02583917913873,18.442069692539015,14.69560176298435,11.876485017303354,0.0,14.118177816529917,5.733667477162185,19.765380445542643,0.0,90.13914181238765,22.63215203591258,5.733667477162185,0.0,0.0,0.0,31.10119022867398,11.21535880699783,6.923737199690624,28.036189785240285,73.3183108341452,0.0,22.63215203591258
O=C(Nc1cc(C(F)(F)F)cc(C(F)(F)F)c1)c1cc(Cl)ccc1O,1,141.38542034903773,10.423315998847038,5.749511833283905,0.0,0.0,5.907179729351506,12.35259703488695,4.794537184071822,0.0,26.34249028604892,0.0,11.600939890232516,36.39820241076966,10.710019588424888,16.690354475090988,36.243554864961446,23.195505894267583,0.0,0.0,0.0,12.35259703488695,5.316788604006331,58.11119019960197,5.749511833283905,5.316788604006331,32.02987656073248,5.749511833283905,11.600939890232516,11.013707124192212,12.35259703488695,0.0,21.48489165916281,36.39820241076966,5.022633313741326,0.0
CC(C)c1cc(-c2n[nH]c(=O)n2-c2ccc3c(ccn3C)c2)c(O)cc1O,1,154.68302747089945,14.780154437472765,11.49902366656781,5.824404497999927,0.0,0.0,5.689743398203474,0.0,14.460318640164214,5.098681808301038,0.0,13.847474399381248,41.81319288016644,30.213807554832933,11.250837766380558,10.213054789681411,10.902924932081056,0.0,19.331562912184786,7.04767198267719,19.76538044554264,0.0,58.64277805635503,28.574265930948293,5.689743398203474,0.0,11.49902366656781,0.0,29.544617701866194,7.04767198267719,0.0,25.328831937239634,47.38958316645456,0.0,27.97816719646154
Cc1cn[nH]c1,0,36.193607204259116,0.0,0.0,0.0,0.0,0.0,0.0,5.098681808301038,0.0,5.098681808301038,0.0,0.0,12.487188691387619,6.196843571613076,6.196843571613076,0.0,0.0,0.0,10.197363616602075,0.0,6.923737199690624,0.0,17.957138634923147,0.0,0.0,0.0,0.0,0.0,10.197363616602075,0.0,6.923737199690624,5.563451491696996,12.393687143226153,0.0,0.0
CC(C)CC(NC(=O)C(CCc1ccccc1)NC(=O)CN1CCOCC1)C(=O)NC(Cc1ccccc1)C(=O)NC(CC(C)C)C(=O)C1(C)CO1,1,307.68919758547565,30.740880323625422,23.726573298427567,5.783244946364939,23.628718917406022,0.0,0.0,28.872595651209583,0.0,0.0,0.0,88.35861948337859,55.56973876711143,19.510334434751158,32.40724312859929,33.44641182795921,29.41196386377096,0.0,26.1670641468758,11.835812092322787,96.4912082406587,39.45491511127648,71.7905736680101,0.0,21.267154416025324,0.0,0.0,0.0,103.53520283347346,46.28805507381122,11.835812092322787,65.00805385062513,60.6636706846161,0.0,0.0
Cc1cc(C=CC#N)cc(C)c1Nc1ccnc(Nc2ccc(C#N)cc2)n1,0,163.36982087786697,10.633577208012662,5.817862777835028,0.0,5.948339280986494,0.0,0.0,0.0,4.983978520947208,15.50776163042418,0.0,0.0,79.0784184605374,23.647636227814083,17.701894117281544,0.0,29.21699471502253,10.523783109476973,9.967957041894415,0.0,13.847474399381248,10.633577208012662,76.99123912446622,12.138442625584547,10.633577208012662,23.140974608188646,0.0,0.0,9.967957041894415,0.0,36.50970013444277,22.253805966787983,54.737433157678225,0.0,6.076020106833881
CCCNCC(O)COc1ccccc1C(=O)CCc1ccccc1,0,149.39213962048515,15.160178952647087,18.460360185545124,5.783244946364939,0.0,0.0,0.0,4.794537184071822,0.0,0.0,0.0,49.38830667892189,37.08258528038481,12.965578028838586,5.563451491696996,14.637927532712578,5.783244946364939,0.0,5.316788604006331,0.0,32.29016845621695,19.696394776338067,65.72420659954848,5.749511833283905,10.05365155780638,0.0,5.749511833283905,0.0,36.69013350529202,6.4208216229260096,0.0,35.68682061300846,54.59730361615449,0.0,0.0
C[C@]12CCC(=O)C=C1C=CC1[C@@H]2CC[C@@]2(C)[C@H]1CC[C@@]21CCC(=O)O1,1,149.43126302773805,4.736862953800049,5.601050810983688,5.783244946364939,0.0,0.0,5.9693052879518484,9.589074368143644,0.0,0.0,0.0,25.99951461304901,73.34276298234018,18.256633715248796,0.0,14.325937321943693,11.752550234316788,0.0,0.0,28.583699077277736,70.81509819377301,0.0,23.80116485057091,0.0,0.0,0.0,0.0,0.0,17.353601045300476,14.325937321943693,28.583699077277736,65.21404738278933,23.80116485057091,0.0,0.0
CN1C2CCCC1CC(NC(=O)c1nn(C)c3ccccc13)C2,1,136.1942200133525,10.216698334856808,0.0,5.693927994848461,0.0,5.907179729351506,0.0,9.476340119217006,0.0,5.098681808301038,0.0,24.619922828310838,38.79732554284284,30.559418684585868,5.516700717616262,4.794537184071822,16.810104661432565,0.0,19.99718307830303,7.04767198267719,50.229630602073925,7.04767198267719,29.9593962686949,0.0,5.316788604006331,0.0,0.0,0.0,45.76076867376928,7.04767198267719,0.0,42.59257329355033,24.26546827384644,0.0,10.902924932081056
CC1(C)CC(=O)c2c(C(F)(F)F)nn(-c3ccc(C(N)=O)c(NC4CCC(O)CC4)c3)c2C1,1,188.6968951186989,16.156983476009223,0.0,11.4771729412134,0.0,5.907179729351506,6.176298517443475,9.589074368143644,4.681802935145184,18.269926951325495,0.0,13.847474399381248,55.718199789411656,18.150048726757532,28.61218364067432,27.86684690600881,17.377810950400008,0.0,9.780484743446221,11.148657946558963,70.69450987127705,5.316788604006331,40.71386017847574,5.687386274683562,11.050456081168516,18.858631417708022,0.0,0.0,38.723244030899636,12.597120140369483,5.414990469396779,78.05541585524587,18.19910120538483,0.0,5.687386274683562
COc1ccc(-c2coc3cc(O)ccc3c2=O)cc1,0,114.40922187744853,14.260541285694101,23.34520680384911,5.428790391900541,0.0,0.0,0.0,4.794537184071822,0.0,0.0,0.0,12.13273413692322,29.828919765543436,6.06636706846161,18.059473247439325,14.260541285694101,10.969244356107037,0.0,0.0,0.0,0.0,7.109797541277533,58.951060050842685,22.6259266499618,10.16565334570059,0.0,11.49902366656781,0.0,12.216324936118239,0.0,0.0,0.0,57.93942059599549,0.0,22.09614733950103
NC(=O)c1cn(Cc2c(F)cccc2F)nn1,0,94.84620016357528,5.733667477162185,11.634441682091788,5.693927994848461,0.0,5.907179729351506,0.0,4.794537184071822,13.462633030494823,0.0,5.098681808301038,11.279752164116477,12.13273413692322,5.563451491696996,12.741599977525652,13.575367279421462,5.907179729351506,0.0,14.99386983910109,5.733667477162185,6.544756405912575,0.0,47.28776594563515,0.0,5.733667477162185,8.78083009534964,0.0,0.0,20.901049568452596,6.544756405912575,11.634441682091788,16.051916670617278,24.395944776997904,0.0,0.0
CN1C(=O)CCS(=O)(=O)C1c1ccc(Cl)cc1,0,105.10030291686617,4.899909730850477,0.0,15.211125949386242,5.907179729351506,0.0,0.0,4.794537184071822,8.417796984328938,0.0,0.0,23.733674027155736,17.696185628620217,18.491126919344527,5.752853606746789,13.212334168400758,27.345372756001524,0.0,4.899909730850477,0.0,11.79469443589475,12.800525589423978,34.85155307928476,0.0,0.0,0.0,0.0,11.600939890232516,32.0254120339549,14.631790320489323,0.0,17.358145927591746,24.26546827384644,5.022633313741326,0.0
CCCc1nn(C)c2c(=O)[nH]c(-c3cc(S(=O)(=O)N4CCN(C)CC4)ccc3OCC)nc12,0,192.78073394335604,14.620751205597735,17.090617048900093,5.516700717616262,10.023291153407584,5.559266895052007,0.0,9.476340119217006,13.401775505276145,9.40389779959727,0.0,13.344558822616634,38.591332010678656,33.22669760632749,22.75974492657615,13.154659938128987,21.056692588640107,0.0,28.95356750748735,7.04767198267719,31.584601120751042,39.833579570840406,34.24683327935712,17.137367822980828,10.296129848852056,0.0,5.749511833283905,0.0,77.20494406265668,23.491784759010784,0.0,25.96222401715572,27.889121864974427,0.0,22.421257424929443
CC(Oc1ccc(S(C)(=O)=O)cc1C(=O)N1CCN(c2ncc(C(F)(F)F)cc2F)CC1)C(F)(F)F,0,200.930616169172,14.536682415501005,5.749511833283905,27.57630314304673,0.0,5.907179729351506,12.35259703488695,4.794537184071822,17.792190552950963,26.34249028604892,0.0,0.0,31.18920547353706,38.63163837877478,16.022386458911765,48.68210245592456,21.562295643604035,0.0,9.883888251797686,0.0,30.275784097843648,37.33470453801218,47.4064356698994,5.749511833283905,9.636772684650527,36.550768111558774,5.749511833283905,0.0,68.9239246778316,16.013551653860976,5.817220841045894,22.845177367156435,35.357795320977296,0.0,0.0
CC1(C)SC2C(NC(=O)C(C(=O)O)c3ccsc3)C(=O)N2C1C(=O)O,1,150.74182912495644,20.429753124538223,17.45755447126466,5.917906046161393,11.814359458703011,0.0,11.938610575903697,14.383611552215466,4.794537184071822,11.336785877934735,11.761884949391115,0.0,36.237418500471684,4.747022453217559,0.0,29.3912035259687,46.85164086193256,0.0,10.216698334856808,0.0,41.969957370024865,0.0,22.389944101090435,0.0,5.316788604006331,0.0,0.0,23.09867082732585,61.070511479620805,19.178148736287287,0.0,25.328831937239634,16.82649260939344,0.0,0.0
COc1cc2c(Nc3ccc(Br)cc3F)ncnc2cc1OCC1CCN(C)CC1,0,183.09303290222567,19.690424242456906,17.962403693645463,11.49902366656781,0.0,0.0,0.0,0.0,14.358372089569235,0.0,0.0,15.929943897949348,63.16220236036219,15.925310798758819,24.920766498090277,13.864140955274918,38.33811788254899,0.0,14.867866772744893,5.917906046161393,12.841643245852019,39.17065290429912,46.9490957739509,11.49902366656781,14.790514511606428,15.89566410019341,11.49902366656781,15.929943897949348,48.72173107303768,0.0,11.735126887207286,12.841643245852019,41.131874932905006,0.0,10.902924932081056
C[n+]1cc2c3c(ccc2c2ccc4cc5c(cc4c21)OCO5)OCO3,1,142.44336113640333,18.947451815200196,7.04767198267719,29.194890904748693,19.102585329815916,0.0,0.0,0.0,0.0,4.567099647791355,0.0,6.06636706846161,35.71805955677285,5.386224214464796,16.158672643394386,23.51455146299155,32.44782178994024,0.0,0.0,7.04767198267719,0.0,13.585884612199655,42.595045982382736,22.99804733313562,23.51455146299155,0.0,22.99804733313562,0.0,13.585884612199655,7.04767198267719,0.0,0.0,42.595045982382736,0.0,32.44782178994024
CN(Cc1cnc2nc(N)nc(N)c2n1)c1ccc(C(=O)NC(CCC(=O)O)C(=O)O)cc1,0,187.03080174861526,31.897088078862588,6.041840829147961,16.981740716219015,5.948339280986494,5.907179729351506,11.938610575903697,9.589074368143644,14.762494225966236,9.967957041894415,0.0,0.0,30.68628989677245,24.719331371983756,18.43552797237411,24.596666341896878,46.46325657714427,0.0,25.25270268779516,0.0,25.428240480912553,23.414916667852037,41.71969133200497,0.0,21.684033289181176,17.453588333505085,0.0,0.0,61.08427199055059,16.133830774056218,0.0,28.893559916469297,30.462311845459514,0.0,11.16387793838399
CC(=O)Nc1cc([As](=O)(O)O)ccc1O,0,88.55170616119483,0.0,0.0,0.0,0.0,0.0,88.13939560392714,0.0,0.0,0.0,0.0,0.0,0.0,0.0,0.0,21.831903079869342,30.118353681692092,0.0,0.0,0.0,6.923737199690624,5.316788604006331,18.19910120538483,5.749511833283905,9.66798003984289,5.687386274683562,5.749511833283905,0.0,33.37765273040369,8.534026320637627,0.0,6.923737199690624,18.19910120538483,0.0,0.0
CC(C)=CCCC(C)(OC1OC(CO)C(O)C(O)C1O)C1CCC2(C)C1C(O)CC1C3(C)CCC(OC4OC(CO)C(O)C(O)C4OC4OC(CO)C(O)C(O)C4O)C(C)(C)C3CCC12C,0,388.37318570097466,89.69950646088878,73.24759665297962,18.870080188005637,0.0,0.0,0.0,0.0,0.0,0.0,0.0,46.26781063535627,123.89019226763867,0.0,37.62962948001905,89.69950646088878,0.0,0.0,0.0,45.33158606223268,223.10395263132466,19.820645893538753,11.649124636903148,0.0,0.0,0.0,0.0,0.0,191.02563505909276,28.421177722800294,45.33158606223268,113.17729220385908,11.649124636903148,0.0,0.0
CCOc1ccc(Cc2cc(C3OC(CO)C(O)C(O)C3O)ccc2Cl)cc1,1,168.4744368962807,29.89983548696292,36.269343772025415,0.0,0.0,0.0,0.0,0.0,0.0,0.0,0.0,35.866408164078955,48.234014503092446,5.022633313741326,13.213763929025836,29.89983548696292,11.600939890232516,0.0,0.0,0.0,43.86439076135814,13.213763929025836,64.17755726806358,5.749511833283905,4.736862953800049,0.0,5.749511833283905,11.600939890232516,58.05573905938186,11.157684576726059,0.0,29.718058062529913,42.46456947923127,5.022633313741326,0.0
OCC1OC(OC2(CCl)OC(CCl)C(O)C2O)C(O)C(O)C1Cl,1,146.96355510927953,39.74322583560367,36.62379832648981,6.290026729335213,5.7871111525705965,0.0,0.0,0.0,0.0,0.0,34.802819670697545,0.0,0.0,0.0,23.74397672265932,39.74322583560367,34.802819670697545,0.0,0.0,0.0,54.078024076601345,18.366888854453595,0.0,0.0,0.0,0.0,0.0,34.802819670697545,97.97754990525848,14.210588861400147,0.0,0.0,0.0,0.0,0.0
Cc1nc(C(=O)NCC(=O)O)c(O)c2ccc(Oc3ccccc3)cc12,0,148.42449741342358,20.26670634748779,18.043780072480384,11.443439828132366,0.0,5.907179729351506,5.9693052879518484,9.589074368143644,4.983978520947208,0.0,0.0,18.19910120538483,37.255572541998674,16.46637642377805,0.0,24.538992111625106,22.648933446232945,0.0,10.300767124953538,0.0,6.923737199690624,6.544756405912575,59.9187925373898,17.248535499851716,10.05365155780638,0.0,17.248535499851716,0.0,33.618274733844544,4.794537184071822,6.923737199690624,16.182393173768745,48.53093654769288,0.0,10.772448428929591
CC(=O)N1CCN(CCOc2ccc(C3CCN(C4=Nn5c(nnc5C(F)(F)F)CC4)CC3)cc2)CC1,0,213.41853430265755,14.536682415501005,18.192013583554093,5.824404497999927,5.907179729351506,5.824404497999927,6.176298517443475,9.694446914922299,0.0,22.948755109659587,10.197363616602075,12.13273413692322,36.45573492063363,65.57867528693068,0.0,22.702645280896327,11.742799515108775,0.0,29.573195250048915,5.101407525739722,44.701228254999535,52.42017680590094,41.47772876154329,5.749511833283905,4.736862953800049,13.171245143024459,5.749511833283905,0.0,93.73617157105863,17.391657324441304,0.0,49.316368602326904,29.36687579958616,0.0,0.0
Cc1cnc(C(=O)O)c[n+]1[O-],0,62.51458290069229,10.313780419617995,0.0,0.0,17.584699561309996,0.0,5.9693052879518484,0.0,9.778515705019029,4.7304076419062255,0.0,0.0,0.0,6.923737199690624,6.196843571613076,14.631472220818754,5.9693052879518484,0.0,4.983978520947208,0.0,6.923737199690624,0.0,28.988796157700367,0.0,4.7304076419062255,0.0,0.0,0.0,16.059811203739763,0.0,12.130990224467915,16.182393173768745,12.393687143226153,0.0,0.0
N#Cc1cnc(Nc2cc(NC[C@H]3CNCCO3)c(C(F)(F)F)cn2)cn1,1,152.34852258622598,20.687228765819043,17.70494686846233,5.693927994848461,0.0,0.0,6.176298517443475,0.0,14.951935562841623,18.433136697762947,0.0,0.0,0.0,31.897479857812414,36.35537326186793,17.908108096824506,17.323111830353618,5.261891554738487,20.268724166847953,0.0,12.280264905191778,36.87472839026331,35.914277269846295,6.069221312792274,15.950365812018994,30.494356973378082,0.0,0.0,47.29705313284056,10.913161471243523,11.33111286753076,11.257379486545457,24.65689778330084,0.0,0.0
N#CC1CC2CC2N1C(=O)C(N)C12CC3CC(CC(O)(C3)C1)C2,0,136.3621711058503,15.740104602853368,6.041840829147961,0.0,5.907179729351506,0.0,0.0,4.794537184071822,0.0,5.261891554738487,0.0,0.0,74.53528159128905,6.041840829147961,17.712112952923924,9.901064578912528,5.907179729351506,5.261891554738487,4.899909730850477,28.902376085043137,75.09314628183566,0.0,0.0,6.069221312792274,5.733667477162185,0.0,0.0,0.0,39.64019015347026,4.794537184071822,34.499821475411714,51.36657298340809,0.0,0.0,0.0
CNCc1ccc(-c2[nH]c3cc(F)cc4c3c2CCNC4=O)cc1,1,138.6249835669504,15.617555728959868,5.817220841045894,0.0,0.0,5.907179729351506,0.0,4.794537184071822,4.39041504767482,0.0,0.0,24.26546827384644,42.2915822176174,29.68636573875467,5.563451491696996,9.184952231746642,16.81010466143256,0.0,15.617555728959868,0.0,12.965578028838586,13.592428388589765,58.90577772690654,11.257379486545457,10.633577208012662,4.39041504767482,0.0,0.0,24.48358663888848,12.965578028838586,5.817220841045894,21.48489165916281,36.39820241076966,0.0,22.160304418626517
COc1cnc(NS(=O)(=O)c2ccc(N)cc2)nc1,1,110.05680940439335,10.470530430962235,0.0,5.749511833283905,5.948339280986494,10.023291153407584,0.0,0.0,23.10784889067544,0.0,0.0,0.0,24.26546827384644,5.687386274683562,24.39896816002146,13.154659938128987,21.65901670907764,0.0,9.967957041894415,0.0,4.895483475517775,17.565559882891808,36.65915541707259,5.749511833283905,15.192625295414324,11.635725555670057,5.749511833283905,0.0,25.495551567500886,10.023291153407584,0.0,0.0,41.55463889259036,0.0,0.0
CN1CCN(S(=O)(=O)c2ccc(-c3cnc(N)c(C(=O)Nc4cccnc4)n3)cc2)CC1,1,185.72007522080128,15.950365812018994,0.0,11.51179077268349,10.023291153407584,5.907179729351506,0.0,9.778515705019029,18.385754026223353,4.305215991296233,0.0,12.13273413692322,31.313140256523628,37.93932068696037,28.67048488827595,13.212334168400758,27.435719935277678,0.0,24.157061284988334,0.0,4.895483475517775,44.277153687496,60.682661120457354,11.257379486545457,11.050456081168516,11.50524905251859,0.0,0.0,71.70873560499626,10.023291153407584,0.0,10.488465178920283,59.88421660112665,0.0,11.257379486545457
O=C(O)c1cc(=O)[nH]c(=O)[nH]1,1,59.514441248113904,10.090505915787913,5.693927994848461,0.0,0.0,5.559266895052007,11.659048686155323,9.778515705019029,9.589074368143644,0.0,0.0,0.0,0.0,6.06636706846161,0.0,9.901064578912528,5.9693052879518484,0.0,9.967957041894415,0.0,0.0,0.0,32.5983797247092,0.0,11.24901029325548,0.0,0.0,0.0,21.04378972468697,0.0,0.0,10.488465178920283,15.655441436605255,0.0,0.0
C[N+]1(C)C2CCC1CC(OC(=O)C(O)c1ccccc1)C2,0,125.47321030934658,14.326421206335379,6.103966387748303,6.103966387748303,0.0,0.0,5.9693052879518484,0.0,4.794537184071822,0.0,0.0,30.33183534230805,5.563451491696996,25.683286491704038,26.1790256236503,19.120958390407203,5.9693052879518484,0.0,0.0,0.0,49.97490092549657,14.09534396535438,35.89528683400505,0.0,0.0,0.0,0.0,0.0,47.84185555188578,9.53140013787187,0.0,37.350704371149334,30.33183534230805,0.0,0.0
COc1ccc(Cc2cnc(N)nc2N)cc1OC,0,110.92949148368302,20.94106086192447,5.817862777835028,11.49902366656781,5.948339280986494,0.0,0.0,0.0,4.983978520947208,4.983978520947208,0.0,6.06636706846161,17.696185628620217,18.18111668623608,14.219595082555067,9.473725907600098,11.766202058821523,0.0,9.967957041894415,0.0,6.4208216229260096,25.68693003687944,35.5228477603919,11.49902366656781,20.94106086192447,11.766202058821523,11.49902366656781,0.0,24.187552124449482,6.4208216229260096,0.0,11.126902983393991,24.395944776997908,0.0,0.0
N=C1CCCN1Cc1[nH]c(=O)[nH]c(=O)c1Cl,0,95.76107359628115,9.883888251797686,5.022633313741326,0.0,0.0,5.559266895052007,5.689743398203474,15.18779931081055,4.794537184071822,0.0,0.0,11.600939890232516,6.4208216229260096,12.965578028838586,18.074304186518305,0.0,17.436559675989784,5.409283605791522,14.867866772744893,0.0,19.386399651764595,6.544756405912575,31.554645969988908,0.0,11.24901029325548,0.0,0.0,11.600939890232516,27.248242964414736,6.544756405912575,5.409283605791522,18.53557124070048,9.589074368143644,5.022633313741326,0.0
CCCCOc1cc(C(=O)OCCN(CC)CC)ccc1N,0,132.93410330413326,20.107303115612762,12.356393797796823,0.0,0.0,0.0,5.9693052879518484,0.0,4.794537184071822,0.0,0.0,27.19203322199788,37.70943564013599,6.544756405912575,17.857719730893475,14.268263091671919,11.65669156263541,0.0,4.899909730850477,0.0,33.61285484492389,38.58170062392575,23.762552697081826,5.749511833283905,10.470530430962235,5.687386274683562,5.749511833283905,0.0,43.717248165565884,4.736862953800049,0.0,43.97084352069271,18.19910120538483,0.0,0.0
OC[C@H]1O[C@H](n2cnc3c(NC4CCCC4)ncnc32)[C@H](O)[C@@H]1O,1,137.87501100829192,25.373233742328495,24.639219238009446,23.209641886953886,0.0,0.0,0.0,4.567099647791355,14.951935562841623,0.0,0.0,12.841643245852019,12.841643245852019,6.041840829147961,12.934202039277459,20.056445138322168,16.98174071621902,0.0,19.51903521063298,0.0,56.26492765483178,11.923670568519249,12.654640149529083,0.0,5.316788604006331,5.817862777835028,0.0,0.0,65.79923935206087,4.736862953800049,0.0,31.91118766243891,12.654640149529083,0.0,11.16387793838399
Oc1ccc(OC2CCCCO2)cc1,0,83.27160674916055,14.580253302440804,11.49902366656781,6.290026729335213,0.0,0.0,0.0,0.0,0.0,0.0,0.0,0.0,37.107111519698464,6.4208216229260096,6.606881964512918,14.580253302440804,0.0,0.0,0.0,0.0,25.552491598113242,6.606881964512918,24.26546827384644,11.49902366656781,4.736862953800049,0.0,11.49902366656781,0.0,18.003436088688836,4.736862953800049,0.0,19.26246486877803,24.26546827384644,0.0,0.0
CC12CCC3c4ccc(O)cc4CC(CCCCCCCCC[S+]([O-])CCCC(F)(F)C(F)(F)F)C3C1CCC2O,0,244.4129401678271,14.765804663371776,17.255219046777484,0.0,0.0,0.0,12.098827685538051,0.0,0.0,21.9520752383741,0.0,56.270066856167574,110.13364638069366,6.4208216229260096,6.103966387748303,36.717879901745874,11.175854473385288,0.0,0.0,23.16870860788096,127.35676166302855,11.505707213493578,29.32600418877882,5.749511833283905,0.0,21.9520752383741,5.749511833283905,0.0,44.4743059501517,17.5966760963113,23.16870860788096,113.86004895021019,18.19910120538483,0.0,0.0
CCCc1cc2c(N3CCN(C4=NCC(C)(C)S4)CC3)ncnc2s1,0,157.0984698008696,9.799819461700954,16.975579272220138,5.1676517695780495,0.0,0.0,0.0,4.992404732635668,9.967957041894415,0.0,11.336785877934735,25.10644377200775,26.334663090768867,35.80319527056916,11.93098062037737,0.0,44.30080600882429,0.0,14.867866772744893,4.992404732635668,38.35987729814145,37.62369176041335,17.27083433692745,0.0,4.899909730850477,5.817862777835028,0.0,23.09867082732585,57.50632302510337,6.4208216229260096,0.0,32.06918041569918,17.386091875861823,0.0,10.216620634085363
COCCOc1ccc(N2CCN(CCn3ncc4c3nc(N)n3nc(-c5ccco5)nc43)CC2)cc1,0,212.7396730633279,24.52445405266611,12.356393797796823,17.054601860409896,11.77274377898642,0.0,0.0,4.899909730850477,9.665781456092391,14.598058222863868,5.098681808301038,0.0,36.39820241076966,45.52096584552397,30.99786915214242,13.890876844653445,28.316304211670307,0.0,34.26243121810778,0.0,6.544756405912575,63.680920707878904,48.85820897802179,17.334163750158275,15.370440161812713,11.635725555670057,5.749511833283905,0.0,87.30977471797402,11.281619359712625,0.0,0.0,53.27535991507514,0.0,28.265230572874618
CC(C)(O)CC(=O)NCCn1ccc2ncnc(Nc3ccc(Oc4cccc(C(F)(F)F)c4)c(Cl)c3)c21,0,220.97411873265887,25.044067204444772,23.34304445894861,5.817862777835028,5.907179729351506,0.0,6.176298517443475,4.794537184071822,9.967957041894415,13.171245143024459,0.0,17.667306958694127,56.31204387861251,24.973742658121786,28.12465795696428,27.809172675737038,40.046770107335135,0.0,19.8518452936921,0.0,38.590401756647,11.861545009918906,71.64118499950882,11.49902366656781,15.370440161812711,24.67649419554305,11.49902366656781,11.600939890232516,37.69457103077424,17.51559210742787,0.0,25.831747514004253,61.05510019407049,5.022633313741326,11.033401435232523
O=C(O)c1cc2ccccc2c(Cc2c(O)c(C(=O)O)cc3ccccc23)c1O,1,164.4466319410928,20.426109579362823,22.6259266499618,0.0,0.0,0.0,11.938610575903697,0.0,9.589074368143644,0.0,0.0,48.53093654769288,33.677630994782405,17.54772460632,0.0,30.015183947506465,33.48350743376288,0.0,0.0,0.0,6.4208216229260096,0.0,82.9174766514041,11.49902366656781,0.0,0.0,11.49902366656781,0.0,32.36472015526652,6.4208216229260096,0.0,31.842880334931625,60.6636706846161,0.0,21.544896857859182
COC(=O)Nc1nc2cc(C(=O)c3ccc(F)cc3)ccc2[nH]1,0,129.84578361857555,9.720841474747257,5.817220841045894,5.783244946364939,5.948339280986494,0.0,6.093240070938415,10.111325788078153,14.168930752693848,0.0,0.0,0.0,42.46456947923127,11.126902983393991,18.143198976510057,18.716352369618512,28.858225733522367,0.0,9.967957041894415,0.0,0.0,12.426586145283864,59.40869330367115,0.0,5.316788604006331,15.133291512733136,0.0,0.0,28.9542396004753,4.736862953800049,5.817220841045894,15.921440167465814,42.46456947923127,0.0,11.033401435232523
Cc1nc(=O)c2cc(CN(C)c3ccc(C(=O)NC(CCC(=O)O)C(=O)O)s3)ccc2[nH]1,0,186.07855187754865,25.413731645485427,11.866245327147887,0.0,0.0,11.466446624403513,11.938610575903697,14.383611552215466,4.794537184071822,4.983978520947208,11.336785877934735,6.06636706846161,43.173478588160066,20.013250011515773,20.781154102470225,24.596666341896878,45.08658309195886,0.0,15.284745645900745,0.0,32.351977680603184,11.947581713527667,56.950642604830094,0.0,15.775965229908813,5.001081976687867,0.0,11.336785877934735,51.11631494865618,16.133830774056218,6.923737199690624,33.90118361332206,35.126372526379875,0.0,10.902924932081056
COc1cc(C(=O)NS(=O)(=O)c2ccccc2C)ccc1Cc1cn(C)c2ccc(NC(=O)OC3CCCC3)cc12,1,239.0655549945358,14.040825555391454,11.853478221032208,0.0,0.0,15.930470882759089,6.093240070938415,10.111325788078153,17.934429032852847,0.0,0.0,24.26546827384644,85.69558057725533,41.81909987567789,12.005281016795308,27.480597260072678,38.61402216046212,0.0,9.289194512243443,7.04767198267719,50.02729517758675,12.426586145283864,89.11432022301717,5.749511833283905,14.775746422258468,10.481923458755384,5.749511833283905,0.0,38.199080361436046,28.228647712810833,6.923737199690624,52.731629642563846,71.75599773174696,0.0,10.902924932081056
CCCC1CC(C(=O)NC(C(C)Cl)C2OC(SC)C(OP(=O)(O)O)C(O)C2O)N(C)C1,0,191.7828350138884,30.053529552992742,29.851863922562288,0.0,5.907179729351506,0.0,7.822697123132171,14.218194076634116,4.565048284931329,0.0,23.36282483962363,13.344558822616634,38.98672765789263,6.544756405912575,17.460769526501647,38.620073579701376,37.09270169210731,0.0,10.216698334856808,5.917906046161393,80.4225727172232,19.84819757210117,0.0,0.0,5.316788604006331,0.0,0.0,31.1855219627558,97.96779847655345,18.620195584515017,5.917906046161393,33.10993926815928,0.0,0.0,0.0
Cc1nc2ccc(NC(=O)Nc3ccnc4cccnc34)cc2o1,0,136.29623029200084,15.05072814506601,11.033401435232523,11.47374406366815,0.0,0.0,6.031114512338072,9.967957041894415,9.778515705019029,0.0,0.0,0.0,30.33183534230805,31.071177686061947,11.204086992299825,9.211688121125169,39.539009356196225,0.0,14.951935562841623,0.0,6.923737199690624,10.633577208012662,54.68261347602172,0.0,10.633577208012662,16.169309733438947,0.0,0.0,20.983050075179694,0.0,6.923737199690624,5.890723922025908,53.20904049104916,0.0,22.13312229449103
CCOC(=O)C(CCc1ccccc1)NC(C)C(=O)N1C(C(=O)O)CC2CCCC21,0,177.32579789282644,14.743300079491233,12.083681658295921,0.0,5.907179729351506,0.0,11.938610575903697,14.905862972149976,4.794537184071822,0.0,0.0,36.75265696523406,57.43294005186969,6.041840829147961,12.648722793660879,24.227001900856216,17.845790305255203,0.0,10.216698334856808,5.917906046161393,76.53976745352915,6.606881964512918,35.89528683400505,0.0,5.316788604006331,0.0,0.0,0.0,58.62647271205114,25.54129612894152,5.917906046161393,51.5150340057083,30.33183534230805,0.0,0.0
O=C(O)CC(O)CC(O)C=Cc1c(C2CC2)nc2ccccc2c1-c1ccc(F)cc1,1,179.05355555605334,15.319582184522117,5.817220841045894,0.0,0.0,0.0,5.9693052879518484,9.778515705019029,4.39041504767482,0.0,0.0,42.483875555975814,36.60419594293384,28.85185486694619,29.83938311088734,24.50453441626876,22.948250326866788,0.0,4.983978520947208,0.0,43.80912531336203,0.0,71.68155698211812,11.126902983393991,0.0,4.39041504767482,0.0,0.0,38.48079876891778,4.794537184071822,5.817220841045894,42.85857202441089,54.60695665452676,0.0,28.10584802230893
COCCCCC(=NOCCN)c1ccc(C(F)(F)F)cc1,1,127.62883049920973,15.308119014698867,6.606881964512918,0.0,0.0,0.0,6.176298517443475,0.0,0.0,13.171245143024459,0.0,17.28844686367376,36.958650497398246,20.26143591170303,11.275136494467699,22.74569668056114,5.711685002770702,0.0,0.0,10.889380203912726,25.438763386221503,26.868317876215947,35.392371257240434,0.0,5.733667477162185,13.171245143024459,0.0,0.0,32.58000287898665,15.750750054980156,0.0,30.38936785217202,29.421181000596977,0.0,0.0
CC12CCC3c4ccc(O)cc4CCC3C1CC(O)C2O,0,125.17591628825662,15.319582184522117,5.749511833283905,0.0,0.0,0.0,0.0,0.0,0.0,0.0,0.0,12.990104268152233,78.53245384282822,0.0,12.207932775496605,15.319582184522117,0.0,0.0,0.0,17.250802561719567,57.15368413597868,0.0,29.32600418877882,5.749511833283905,0.0,0.0,5.749511833283905,0.0,27.52751496001872,6.4208216229260096,17.250802561719567,49.651832720950054,18.19910120538483,0.0,0.0
CC(C)NCC(O)c1ccc(O)c(O)c1,0,89.1886771316761,20.63637078852845,0.0,11.49902366656781,0.0,0.0,0.0,0.0,0.0,0.0,0.0,19.913841467842857,17.696185628620217,12.586597235060536,6.103966387748303,15.319582184522117,0.0,0.0,5.316788604006331,0.0,25.993281616277514,6.544756405912575,23.762552697081826,11.49902366656781,5.316788604006331,0.0,11.49902366656781,0.0,27.90617941958265,0.0,0.0,25.514892278826544,18.19910120538483,0.0,0.0
CCCCN1CCC(CNC(=O)c2c3n(c4ccccc24)CCCO3)CC1,0,161.21449003669795,19.520660936448213,5.563451491696996,0.0,5.879988336435371,5.907179729351506,0.0,4.794537184071822,0.0,0.0,0.0,31.54366002800146,57.30182882406476,18.475737026289945,12.123582682129179,9.53140013787187,16.810104661432565,0.0,14.783797982648164,5.917906046161393,45.57260172023325,32.78590758816322,29.828919765543436,5.879988336435371,10.05365155780638,0.0,5.879988336435371,0.0,48.16009669615655,6.544756405912575,5.917906046161393,49.385833990089495,24.26546827384644,0.0,10.902924932081056
C[C@H](Nc1ncnc2[nH]cnc12)c1nc2ccc(F)cc2c(=O)n1-c1ccccc1,0,169.03309632280883,10.300767124953538,23.485646131426627,11.465039998602755,0.0,5.559266895052007,0.0,9.361636831863176,24.326329131463652,0.0,0.0,18.19910120538483,37.255572541998674,0.0,28.95947211067712,4.39041504767482,27.88466564830007,0.0,29.486992252527394,0.0,12.965578028838586,5.316788604006331,83.18100611539163,5.687386274683562,10.876055499058339,10.208277825509848,0.0,0.0,29.486992252527394,0.0,5.817220841045894,18.789982526838514,65.98011388129379,0.0,27.754189145148608
CN=C(NC#N)NCCSCc1[nH]cnc1C,0,104.92554288214417,10.300767124953538,0.0,6.19315609577884,5.959554568743835,0.0,0.0,10.309193336642,4.983978520947208,17.0237765041296,0.0,0.0,6.923737199690624,30.792063596931804,12.021248069613002,0.0,17.72143951813495,5.261891554738487,20.601534249907075,4.992404732635668,12.676590806437414,19.345281995336553,17.715176064461463,6.19315609577884,10.633577208012662,0.0,0.0,11.761884949391115,35.272793605974805,5.752853606746789,18.37878485020795,11.387855989696922,11.31972480740021,0.0,0.0
O=c1[nH]c(=O)c2[nH]cnc2[nH]1,0,59.30421621517353,4.983978520947208,5.516700717616262,5.647177220767728,0.0,5.559266895052007,5.689743398203474,14.762494225966236,9.778515705019029,0.0,0.0,0.0,0.0,0.0,6.3273200747645415,0.0,11.16387793838399,0.0,19.93591408378883,0.0,0.0,0.0,27.165404736163666,0.0,11.24901029325548,0.0,0.0,0.0,19.93591408378883,0.0,0.0,0.0,15.916394442908185,0.0,11.16387793838399
CCCCC/C=C\C/C=C\CCCCCCCC(=O)O,1,124.51981676044319,5.106527394840706,0.0,0.0,0.0,0.0,5.9693052879518484,4.794537184071822,0.0,0.0,0.0,63.33192574165621,38.524929737556064,6.4208216229260096,0.0,9.901064578912528,5.9693052879518484,0.0,0.0,0.0,83.97359667480276,0.0,24.304080427335524,0.0,0.0,0.0,0.0,0.0,11.075832682792555,4.794537184071822,0.0,83.97359667480276,24.304080427335524,0.0,0.0
C=C1C[C@]2(O)OC3(C[C@H]2C(C)C)[C@@H](C)CC[C@@H]13,0,104.04912311831299,9.843390348640755,0.0,5.7871111525705965,0.0,0.0,0.0,0.0,0.0,0.0,0.0,32.923251812739636,31.098276961100815,18.256633715248796,5.601050810983688,9.843390348640755,0.0,0.0,0.0,23.671624184645573,57.842660054330196,0.0,12.152040213667764,0.0,0.0,0.0,0.0,0.0,16.494689358394993,4.736862953800049,23.671624184645573,46.454498090775914,12.152040213667764,0.0,0.0
CNC(=O)c1ccccc1Sc1ccc2c(C=Cc3ccccn3)[nH]nc2c1,0,166.4488257490915,5.316788604006331,0.0,0.0,0.0,5.907179729351506,0.0,14.877197513320066,0.0,5.098681808301038,0.0,29.960986154775945,54.61660969289903,28.421706719790613,22.46800819901018,4.794537184071822,40.72402982449144,0.0,20.498130741555613,0.0,9.79096695103555,7.04767198267719,83.8118217376231,0.0,5.316788604006331,0.0,0.0,11.761884949391115,28.136193849577978,0.0,0.0,21.74584466546574,76.65148120726474,0.0,23.054965145748817
Nc1ncnc2[nH]cnc12,0,56.32106271209871,10.717645998109393,11.844020792380803,11.465039998602755,0.0,0.0,0.0,0.0,14.951935562841623,0.0,0.0,0.0,0.0,0.0,6.3273200747645415,0.0,16.981740716219015,0.0,19.93591408378883,0.0,0.0,5.733667477162185,12.654640149529083,0.0,5.733667477162185,5.817862777835028,0.0,0.0,19.93591408378883,0.0,0.0,0.0,12.654640149529083,0.0,11.16387793838399
Cc1cccc(Cc2c[nH]cn2)c1C,0,84.01213207071162,4.983978520947208,0.0,0.0,0.0,0.0,0.0,0.0,4.983978520947208,0.0,0.0,18.19910120538483,30.537828874472233,12.617665194539086,12.021248069613002,0.0,0.0,0.0,9.967957041894415,0.0,20.268296022307258,0.0,53.1075473217019,0.0,0.0,0.0,0.0,0.0,9.967957041894415,6.4208216229260096,13.847474399381248,22.384282469939446,30.72326485176245,0.0,0.0
O=C(c1ccccc1)c1ccc2[nH]c(NC(=O)c3csc(C4CCN(c5ncnc6ccsc56)CC4)n3)nc2c1,0,236.5159973879287,9.883888251797686,17.839110847448033,5.783244946364939,5.948339280986494,5.907179729351506,0.0,14.905862972149976,19.93591408378883,0.0,22.67357175586947,30.33183534230805,42.487174290164376,35.51438461184645,26.257645766170647,9.589074368143644,67.38022055972533,0.0,24.919892604736038,0.0,18.75954929201341,23.30621114668196,93.51320390694609,0.0,10.216698334856808,11.766202058821523,0.0,22.67357175586947,49.69983009227762,0.0,0.0,50.177078335252276,71.68474923185087,0.0,21.250022069317886
CNC(=O)c1ccc(Nc2ncc(C(F)(F)F)c(NCc3nccnc3N(C)S(C)(=O)=O)n2)cc1,0,198.4421605640557,15.950365812018994,17.075242264380485,5.817862777835028,15.97163043439408,5.907179729351506,6.176298517443475,14.083731696315262,18.385754026223353,18.155223663971668,0.0,0.0,24.26546827384644,43.93671244657416,12.80052558942398,26.38357931142522,39.2019219940992,0.0,25.25270268779516,0.0,12.72105492335605,35.28990634817468,59.67682996692811,0.0,20.255581803315227,36.44269625436458,0.0,0.0,54.61200394633505,22.744346076763634,0.0,21.615368162314276,42.85599898868567,0.0,0.0
Cn1cnc2c(F)c(Nc3ccc(Br)cc3Cl)c(C(=O)NOCCO)cc21,0,166.72812338732876,14.990415646638391,5.516700717616262,5.817220841045894,0.0,5.907179729351506,0.0,9.632125767808455,14.85449016674323,0.0,0.0,27.530883788181864,24.26546827384644,11.520391498509603,47.01864207621208,19.12906821032398,55.846237502133015,0.0,15.031174766859765,7.04767198267719,0.0,18.530552533032168,51.4688135109276,0.0,10.796885202127534,15.765187597041944,0.0,27.530883788181864,33.77854922195661,11.885260566413823,5.817220841045894,10.357988675768818,35.0655078644434,5.022633313741326,11.033401435232523
CC1(C)O[C@@H]2C[C@H]3[C@@H]4C[C@H](F)C5=CC(=O)C=C[C@]5(C)[C@@]4(F)[C@@H](O)C[C@]3(C)[C@]2(C(=O)CO)O1,1,185.19423079628265,19.68678069728151,12.77855736002321,28.623411675029843,0.0,0.0,0.0,9.589074368143644,8.78083009534964,0.0,0.0,12.999757306524504,63.676727257748325,16.747886984954953,12.207932775496605,38.05668516077479,11.566489892729878,0.0,0.0,22.665793031116344,82.39394362084738,6.606881964512918,23.80116485057091,0.0,0.0,8.78083009534964,0.0,0.0,63.82295660023106,19.06280027574374,22.665793031116344,46.95741366754052,23.80116485057091,0.0,0.0
CCN(CC)C(=O)C1(c2ccccc2)CC1CN,0,108.97129746279708,10.633577208012662,0.0,0.0,5.907179729351506,0.0,0.0,4.794537184071822,0.0,0.0,0.0,30.33183534230805,38.29440996607822,13.08951281182515,5.414990469396779,4.794537184071822,5.907179729351506,0.0,4.899909730850477,11.651573523323577,25.683286491704035,19.634269217737724,35.89528683400505,0.0,5.733667477162185,0.0,0.0,0.0,30.441358677939707,10.209527653468601,5.917906046161393,25.831747514004253,30.33183534230805,0.0,0.0
NC(=O)NN=Cc1ccc([N+](=O)[O-])o1,0,77.52532582162642,10.150818414215532,4.923311048817671,5.7602474188744415,0.0,0.0,11.91529671419908,10.114318268765572,10.220328581182207,5.101407525739722,0.0,0.0,6.06636706846161,0.0,12.280967647996928,14.13499916994284,18.1298972937344,0.0,5.425791397110385,10.835075002901906,0.0,0.0,28.007299824563233,0.0,11.15945887427257,10.67871938593283,0.0,0.0,17.16902614069106,0.0,10.114318268765572,5.7602474188744415,21.65129259971629,0.0,0.0
NCCC(O)(P(=O)(O)O)P(=O)(O)O,0,73.70607554731124,30.413841283012793,0.0,0.0,0.0,5.083227620067512,15.19152465357577,9.130096569862658,0.0,0.0,0.0,0.0,6.544756405912575,6.4208216229260096,0.0,33.810270375713266,15.19152465357577,0.0,0.0,5.733667477162185,11.50404924299352,6.544756405912575,0.0,0.0,5.733667477162185,0.0,0.0,15.19152465357577,36.3081578318307,9.130096569862658,0.0,6.4208216229260096,0.0,0.0,0.0
CC(C)c1cc(-c2ccc(F)c3ccccc23)nc(N)n1,0,122.20971026231797,5.733667477162185,5.817220841045894,0.0,5.948339280986494,0.0,0.0,0.0,14.358372089569235,0.0,0.0,38.112942673227685,29.50323146601102,16.643603701010253,5.693927994848461,4.39041504767482,16.720787709916085,0.0,9.967957041894415,0.0,19.76538044554264,5.733667477162185,53.975718315125626,11.257379486545457,5.733667477162185,10.338754328661313,0.0,0.0,9.967957041894415,0.0,5.817220841045894,25.4593084403911,42.46456947923127,0.0,22.02982791547505
Nc1nc(N)nc(-c2cc(Cl)ccc2Cl)n1,0,101.43375511618929,11.46733495432437,0.0,5.824404497999927,11.896678561972989,0.0,0.0,0.0,0.0,14.951935562841623,0.0,23.20187978046503,18.19910120538483,10.586084805438322,5.022633313741326,0.0,35.09855834243802,0.0,14.951935562841623,0.0,0.0,11.46733495432437,28.244367832867482,11.387855989696924,11.46733495432437,11.896678561972989,0.0,23.20187978046503,14.951935562841623,0.0,0.0,0.0,18.19910120538483,10.045266627482652,11.387855989696924
Cc1cc(O)ccc1Cl,0,58.89384521297126,5.106527394840706,5.749511833283905,0.0,0.0,0.0,0.0,0.0,0.0,0.0,0.0,11.600939890232516,30.686289896772447,5.022633313741326,0.0,5.106527394840706,11.600939890232516,0.0,0.0,0.0,6.923737199690624,0.0,28.785186010823153,5.749511833283905,0.0,0.0,5.749511833283905,11.600939890232516,5.106527394840706,0.0,6.923737199690624,5.563451491696996,18.19910120538483,5.022633313741326,0.0
CCCc1ncc(C[n+]2ccccc2C)c(N)n1,1,107.5220140239916,5.733667477162185,11.642267275834955,18.435527972374114,0.0,0.0,0.0,0.0,9.967957041894415,4.567099647791355,0.0,12.990104268152233,6.4208216229260096,31.67413653115293,5.563451491696996,4.567099647791355,5.817862777835028,0.0,9.967957041894415,0.0,33.23387405114585,5.733667477162185,47.67457233315636,0.0,10.30076712495354,5.817862777835028,0.0,0.0,9.967957041894415,12.965578028838586,6.923737199690624,30.42634280716202,30.59278834861098,0.0,0.0
COC1C(O)CC(=O)OC(C)CC=CC=CC(OC2CCC(N(C)C)C(C)O2)C(C)CC(CC=O)C1OC1OC(C)C(OC2CC(C)(O)C(O)C(C)O2)C(N(C)C)C1O,1,350.592297539335,72.915369855536,36.805992461871064,18.870080188005637,0.0,0.0,5.9693052879518484,4.794537184071822,0.0,0.0,0.0,31.22781762702615,93.90765089026267,32.41410323920353,54.68751158954746,67.91008757790686,12.255465811081404,0.0,9.799819461700954,11.835812092322787,190.18661748114238,35.30048547198629,24.304080427335524,0.0,0.0,0.0,0.0,0.0,181.48032324664803,47.483977998544034,11.835812092322787,86.4881745586258,24.304080427335524,0.0,0.0
Cc1ccnc2c1NC(=O)c1cccnc1N2C1CC1,0,116.21205950623377,10.216698334856808,5.817862777835028,5.817862777835028,0.0,5.907179729351506,0.0,4.794537184071822,9.967957041894415,0.0,0.0,0.0,43.52793314262446,18.435527972374114,11.250837766380558,4.794537184071822,23.230291559705122,0.0,9.967957041894415,0.0,25.807221274690605,10.216698334856808,41.71969133200497,0.0,10.216698334856808,17.323111830353618,0.0,0.0,21.91697760039388,0.0,6.923737199690624,28.763083413317833,30.59278834861098,0.0,0.0
COc1cc(Nc2ncc(F)c(Nc3ccc4c(n3)NC(=O)C(C)(C)O4)n2)cc(OC)c1OC,0,194.1841240935333,34.89781762721918,5.817862777835028,40.30253270755135,11.6978511142704,5.907179729351506,0.0,4.794537184071822,14.358372089569235,4.983978520947208,0.0,0.0,25.98020853630447,17.820120411606784,27.526236195445676,28.13240404694684,34.99649361852665,0.0,14.951935562841623,0.0,19.448525210364934,37.27975843585159,36.27953268650541,22.99804733313562,34.89781762721918,33.479728936849966,22.99804733313562,0.0,47.78955872700941,4.794537184071822,5.817220841045894,13.847474399381248,30.462311845459514,0.0,0.0
O=C(Oc1ccccc1C(=O)O)c1ccccc1O,1,108.24343848834067,14.94991774348146,22.6259266499618,0.0,0.0,0.0,11.938610575903697,0.0,9.589074368143644,0.0,0.0,24.26546827384644,24.26546827384644,0.0,0.0,24.5389921116251,11.938610575903697,0.0,0.0,0.0,0.0,0.0,59.65783953108687,11.49902366656781,4.736862953800049,0.0,11.49902366656781,0.0,22.15166536558511,0.0,0.0,20.715977351537635,48.53093654769288,0.0,0.0
C=CC(=O)N1CCC(Oc2cc3c(Nc4ccc(Cl)c(Cl)c4F)ncnc3cc2OC)CC1,0,199.66887893260375,19.690424242456906,18.249149240347872,17.316244507613703,5.907179729351506,0.0,0.0,4.794537184071822,14.358372089569235,0.0,0.0,29.78081546406353,24.27512131221871,37.38374734060358,28.35915116106001,18.65867813934674,51.51723349441618,0.0,14.867866772744893,0.0,18.94560963360032,25.516098957109016,59.110231607571905,11.49902366656781,14.790514511606428,15.89566410019341,11.49902366656781,23.20187978046503,47.078323242947384,4.794537184071822,5.817220841045894,12.841643245852019,43.247744139043355,10.045266627482652,10.902924932081056
CCCCOc1c(C(=O)c2c(F)cc(C)cc2F)cnc2[nH]ncc12,1,142.58286263039102,4.736862953800049,17.383953515375694,5.647177220767728,5.783244946364939,0.0,0.0,9.893218992372859,13.764808616296847,5.098681808301038,0.0,13.344558822616634,31.040744451236847,6.196843571613076,29.31685273398478,18.31223023322151,16.81664638159746,0.0,15.181342137549283,0.0,26.689117645233267,6.606881964512918,52.85121743733214,5.749511833283905,4.736862953800049,8.78083009534964,5.749511833283905,0.0,27.57146904842714,0.0,18.558178881782414,41.25027210470545,24.526421280149375,0.0,11.033401435232523
CN1CCN(C2CCN(C(=O)Nc3cc(Oc4ccc(NC(=O)C5(C(=O)Nc6ccc(F)cc6)CC5)c(F)c4)ccn3)CC2)CC1,0,265.4450897792544,25.170259623513665,34.36631859589141,0.0,11.814359458703011,0.0,6.031114512338072,19.80577270300045,18.559345800368668,0.0,0.0,0.0,75.19552795361251,69.32734324784327,5.687386274683562,27.901304601365155,35.038109298243235,0.0,19.683707713498638,5.414990469396779,31.725127320852,62.26657623017163,72.42858886985935,11.49902366656781,20.68722876581904,30.76800260662361,11.49902366656781,0.0,89.88723293184033,9.589074368143644,17.049432151488567,25.683286491704038,60.794147187767564,0.0,0.0
CN(C)CCCC1(c2ccc(F)cc2)OCc2cc(C#N)ccc21,0,141.8336970713098,9.636772684650527,11.418271652029581,0.0,0.0,0.0,0.0,0.0,4.39041504767482,5.261891554738487,0.0,18.19910120538483,74.4375663660564,0.0,18.239554769002186,9.127278001474869,0.0,5.261891554738487,4.899909730850477,0.0,25.049576021348624,20.640100371266954,70.53559628706515,6.069221312792274,0.0,4.39041504767482,0.0,0.0,25.54001010211743,16.944795729296654,17.148333708576654,35.09544921264,42.46456947923127,0.0,0.0
NC1CONC1=O,1,40.582162812742915,5.733667477162185,6.041840829147961,0.0,0.0,5.907179729351506,0.0,9.632125767808455,5.480096598121202,0.0,0.0,0.0,0.0,0.0,6.606881964512918,9.632125767808455,5.907179729351506,0.0,5.480096598121202,5.733667477162185,6.041840829147961,6.606881964512918,0.0,0.0,11.213764075283386,0.0,0.0,0.0,18.555902523012385,9.632125767808455,0.0,0.0,0.0,0.0,0.0
CC(O)(P(=O)(O)O)P(=O)(O)O,0,62.00124273590192,24.680173805850607,0.0,0.0,0.0,5.083227620067512,15.19152465357577,9.130096569862658,0.0,0.0,0.0,0.0,6.923737199690624,0.0,0.0,33.810270375713266,15.19152465357577,0.0,0.0,0.0,12.006964819758135,0.0,0.0,0.0,0.0,0.0,0.0,15.19152465357577,29.763401425918122,9.130096569862658,0.0,6.923737199690624,0.0,0.0,0.0
CN(NC(=O)CC(=O)NN(C)C(=S)c1ccccc1)C(=S)c1ccccc1,0,168.64336056892728,0.0,16.397825826402393,0.0,11.814359458703011,0.0,0.0,30.458482210273473,0.0,0.0,0.0,85.0994175707095,0.0,25.22224694874837,0.0,9.589074368143644,46.227110548272776,0.0,20.86940784212983,0.0,6.4208216229260096,14.09534396535438,71.7905736680101,0.0,10.85158279422077,0.0,0.0,24.43574688609339,45.90453267544284,9.589074368143644,0.0,17.54772460632,60.6636706846161,0.0,0.0
Cc1cc(OCC(=O)O)cc(C)c1Cc1ccc(O)c(C(C)C)c1,0,142.2715690746765,14.94991774348146,11.49902366656781,6.606881964512918,0.0,0.0,5.9693052879518484,0.0,4.794537184071822,0.0,0.0,25.980208536304467,72.20256073233845,0.0,0.0,19.74445492755328,5.9693052879518484,0.0,0.0,0.0,40.0336764678499,6.606881964512918,58.14909280079303,11.49902366656781,4.736862953800049,0.0,11.49902366656781,0.0,22.789242042146178,11.21535880699783,13.847474399381248,47.58263790402762,30.33183534230805,0.0,0.0
Oc1cc2c(cc1O)C(c1ccccc1)CNCC2,1,112.08076431761829,15.529843393687742,0.0,11.49902366656781,0.0,0.0,0.0,0.0,0.0,0.0,0.0,30.33183534230805,41.788666640852796,12.462662452073968,0.0,10.213054789681411,0.0,0.0,5.316788604006331,0.0,12.338727669087403,13.08951281182515,59.15492395432226,11.49902366656781,5.316788604006331,0.0,11.49902366656781,0.0,23.302567601506563,6.4208216229260096,0.0,22.60826052125238,42.46456947923127,0.0,0.0
CN1N=C(N)c2cn([C@@H]3O[C@H](CO)[C@@H](O)[C@H]3O)c3ncnc1c23,0,129.9758573738587,30.357212263275706,30.286396458777176,17.881383734327166,0.0,0.0,0.0,0.0,14.976869565848947,5.101407525739722,0.0,0.0,0.0,18.80796704598726,11.993106178977714,20.056445138322168,22.686883998824822,0.0,14.53505668968577,10.835075002901906,24.539800333979777,18.663466471144638,18.08761513807461,0.0,10.742580001116716,5.817862777835028,0.0,0.0,67.65671177040016,4.736862953800049,0.0,11.791352662431866,17.62557117211734,0.0,11.033401435232523
COc1cc2nc(N3CCN(C(=O)C4CCCO4)CC3)nc(N)c2cc1OC,0,162.9167803904133,29.74407580026329,11.92182916558333,11.49902366656781,5.948339280986494,5.907179729351506,0.0,4.794537184071822,4.983978520947208,4.983978520947208,0.0,0.0,18.90801031431363,44.238498871089625,19.736295800171327,19.005126045471968,28.576306720254085,0.0,14.867866772744893,0.0,18.94560963360032,57.63907987873095,12.13273413692322,11.49902366656781,20.107303115612762,11.766202058821523,11.49902366656781,0.0,73.88451556056297,9.53140013787187,0.0,12.841643245852019,12.13273413692322,0.0,10.902924932081056
CC12CCC(=O)C=C1CCC1C2C(O)CC2(C)C1CCC2(O)C(=O)CO,0,154.0309111261361,15.319582184522117,12.207932775496605,11.566489892729878,0.0,0.0,0.0,9.589074368143644,0.0,0.0,0.0,19.420578929450514,67.7696584522709,11.835812092322788,6.103966387748303,24.90865655266576,11.566489892729878,0.0,0.0,28.583699077277736,70.49824295859531,6.606881964512918,11.649124636903148,0.0,0.0,0.0,0.0,0.0,45.1979712404969,9.589074368143644,28.583699077277736,58.79322575986332,11.649124636903148,0.0,0.0
NCCc1c[nH]c2ccc(O)cc12,0,76.1862367502484,15.8241733929501,5.749511833283905,0.0,0.0,0.0,0.0,0.0,0.0,0.0,0.0,0.0,36.72813072592041,17.099768503694133,0.0,5.106527394840706,10.902924932081056,0.0,4.983978520947208,5.733667477162185,6.4208216229260096,6.544756405912575,29.9593962686949,5.749511833283905,5.733667477162185,0.0,5.749511833283905,0.0,16.635262321700488,6.4208216229260096,0.0,5.563451491696996,24.395944776997904,0.0,10.902924932081056
CCCC(NC(=O)C(C#N)=Cc1cccc(Br)n1)c1ccccc1,1,149.90959076025797,5.316788604006331,16.24552186184542,0.0,0.0,5.907179729351506,0.0,4.794537184071822,4.983978520947208,5.261891554738487,0.0,49.74276123338629,46.12297125632945,0.0,11.735768823996422,4.794537184071822,27.913143734134735,5.261891554738487,10.300767124953538,0.0,25.807221274690605,0.0,69.96461658329149,6.069221312792274,5.316788604006331,0.0,0.0,15.929943897949348,10.891158250298712,4.794537184071822,11.33111286753076,37.064600761236065,58.70723709674603,0.0,6.076020106833881
CCC(=C(c1ccccc1)c1ccc(OCCN(C)C)cc1)c1ccccc1,1,168.6489043143239,9.636772684650527,12.356393797796823,0.0,0.0,0.0,0.0,0.0,0.0,0.0,0.0,79.72014202122996,60.48546326043312,6.544756405912575,0.0,4.736862953800049,11.146209060138533,0.0,4.899909730850477,0.0,13.344558822616634,27.246982335779872,101.61949343355356,5.749511833283905,4.736862953800049,0.0,5.749511833283905,0.0,32.14689206663035,0.0,0.0,30.034913297707618,84.92913895846256,0.0,11.146209060138533
Cn1nccc1Nc1nccc(-c2ccn([C@H](CO)c3ccc(Cl)c(F)c3)c(=O)c2)n1,0,181.14808063293034,14.990415646638391,11.635083618880923,0.0,5.948339280986494,5.559266895052007,0.0,9.476340119217006,14.358372089569235,5.098681808301038,0.0,17.667306958694127,29.828919765543436,37.13754475452356,29.562127673863746,9.496942442515525,23.367141949054037,0.0,24.31554143313199,7.04767198267719,6.041840829147961,11.923670568519249,87.81220991967855,11.257379486545457,10.876055499058339,16.15661710649634,0.0,11.600939890232516,36.02895079248562,7.04767198267719,5.817220841045894,11.605292320844956,65.84963737814232,5.022633313741326,11.257379486545457
C=CC(C)(C)c1cc(C=CC(=O)c2ccc(O)cc2)c(OC)cc1O,1,147.25730512470466,14.94991774348146,17.248535499851716,5.783244946364939,0.0,0.0,0.0,4.794537184071822,0.0,0.0,6.578935683598497,19.92349450621513,42.483875555975814,28.171712012949374,7.109797541277533,19.744454927553285,11.85926505319882,0.0,0.0,0.0,19.262464868778025,7.109797541277533,71.81953278312692,17.248535499851716,4.736862953800049,0.0,17.248535499851716,0.0,23.106097277323883,5.414990469396779,0.0,35.33236605854405,55.12917830803592,0.0,6.076020106833881
c1ccc(-c2ccc(C(c3ccccc3)n3ccnc3)cc2)cc1,0,141.60640774064177,4.567099647791355,0.0,0.0,0.0,0.0,0.0,0.0,4.983978520947208,0.0,0.0,84.92913895846256,22.253805966787983,12.393687143226153,12.369160903912501,0.0,0.0,0.0,9.551078168738563,0.0,6.041840829147961,0.0,114.77704915984725,11.126902983393991,0.0,0.0,0.0,0.0,9.551078168738563,0.0,0.0,17.16874381254195,103.65014617645326,0.0,11.126902983393991
C=CC(=O)Nc1cccc(Nc2nc(Nc3ccc(OCCOC)cc3)ncc2F)c1,0,178.6886716605213,25.424091719619092,12.356393797796823,11.635083618880923,11.855519010338,0.0,0.0,4.794537184071822,9.374393568622027,4.983978520947208,0.0,12.645302752060108,48.54058958606515,24.17195636532822,12.803725536125995,18.65867813934674,34.735540612223716,0.0,9.967957041894415,0.0,0.0,36.27392728232236,73.19995675078424,5.749511833283905,20.687228765819043,33.21877593054703,5.749511833283905,0.0,36.198698241549295,9.53140013787187,5.817220841045894,0.0,67.38273590973834,0.0,0.0
Nc1ncnc2c1C(=O)N(c1ccc(C3CCC(CC(=O)O)CC3)cc1)CCO2,0,168.26104178776475,20.476967556653417,24.315516308809485,0.0,5.879988336435371,5.907179729351506,5.9693052879518484,9.589074368143644,9.967957041894415,0.0,0.0,12.13273413692322,55.21528421264704,12.10820789760957,6.544756405912575,19.4324647167844,23.381734069821942,0.0,9.967957041894415,5.917906046161393,38.02201416079144,23.785215578438155,41.71969133200497,5.879988336435371,15.370440161812711,11.50524905251859,5.879988336435371,0.0,40.10260782446396,4.794537184071822,5.917906046161393,53.94345432825726,30.59278834861098,0.0,0.0
C[C@H]1O[C@@H](O[C@H]2[C@@H](O)C[C@H](O[C@H]3[C@@H](O)C[C@H](O[C@H]4CC[C@@]5(C)[C@H](CC[C@@H]6[C@@H]5C[C@@H](O)[C@]5(C)[C@@H](C7=CC(=O)OC7)CC[C@]65O)C4)O[C@@H]3C)O[C@@H]2C)C[C@H](O)[C@@H]1O,1,323.3224245630436,63.79720504564457,24.918781127757825,18.870080188005637,0.0,0.0,5.9693052879518484,0.0,4.794537184071822,0.0,0.0,13.847474399381248,106.79750376659157,30.753475445008686,54.4327819129701,68.59174222971639,5.9693052879518484,0.0,0.0,34.50160512343913,196.86248511485988,6.606881964512918,11.649124636903148,0.0,0.0,0.0,0.0,0.0,134.83011288572968,37.952577860672164,34.50160512343913,105.24772385063923,11.649124636903148,0.0,0.0
CCS(=O)(=O)N1CCC([C@@H](C)n2c(C)c(C(=O)NCc3c(OC)cc(C)[nH]c3=O)c3ccccc32)CC1,0,217.4193613696965,19.604729726544942,5.749511833283905,0.0,10.023291153407584,11.466446624403513,0.0,9.589074368143644,12.72301297562517,0.0,0.0,18.19910120538483,58.58723222769912,41.42213456275109,30.53431053733089,17.949197122200808,26.833395814840145,0.0,19.173082764041126,5.917906046161393,53.12318927967506,25.952163959849475,63.200398394522786,5.749511833283905,15.612918452858386,0.0,5.749511833283905,0.0,54.13343483356471,16.56804755932016,19.76538044554264,60.04025463154396,35.126372526379875,0.0,10.902924932081056
CCC(=O)NCCC1CCc2ccc3c(c21)CCO3,0,113.89409146956328,10.05365155780638,5.749511833283905,0.0,5.907179729351506,0.0,0.0,4.794537184071822,0.0,0.0,0.0,12.990104268152233,42.37364096679502,24.94985114346159,6.606881964512918,9.53140013787187,5.907179729351506,0.0,5.316788604006331,0.0,44.94575136048208,13.151638370425493,28.823088612014207,5.749511833283905,10.05365155780638,0.0,5.749511833283905,0.0,19.058818099777,17.63618042992384,0.0,48.794462589721036,12.13273413692322,0.0,0.0
Cn1cnc(-c2cc3nccc(Oc4ccc(NC(=S)NC(=O)Cc5ccccc5)cc4F)c3s2)c1,0,215.14201721382264,19.937539809604065,5.749511833283905,16.679169559054557,5.907179729351506,0.0,0.0,9.778515705019029,9.374393568622027,0.0,11.336785877934735,30.33183534230805,35.98042614012852,37.26147953751013,33.53583752032567,13.92181518554669,50.47828284382662,0.0,19.8518452936921,7.04767198267719,6.4208216229260096,5.316788604006331,90.7653502353497,22.070098855117568,15.37044016181271,10.077801322358383,11.49902366656781,23.55465932098143,25.554673303762033,18.26303078967502,5.817220841045894,5.563451491696996,79.3846779026068,0.0,20.787695822635122
N=c1cc(N2CCCCC2)nc(N)n1O,1,87.43289760459399,15.840830232789951,5.817862777835028,5.48770695145777,5.948339280986494,0.0,0.0,5.409283605791522,0.0,4.983978520947208,4.7304076419062255,0.0,19.26246486877803,19.15587988028676,0.0,5.20725302477729,11.766202058821523,5.409283605791522,9.714386162853433,0.0,19.26246486877803,23.723090019837812,11.55407401991938,0.0,16.12128415947043,11.766202058821523,0.0,0.0,28.011151999455873,0.0,5.409283605791522,19.26246486877803,6.06636706846161,0.0,0.0
CC(=O)N(CC(O)CO)c1c(I)c(C(=O)NCC(O)CO)c(I)c(C(=O)NCC(O)CO)c1I,0,236.07069182051058,46.17265130790737,0.0,0.0,5.907179729351506,11.814359458703011,0.0,14.383611552215466,0.0,0.0,0.0,0.0,67.77261188120417,23.58343228258117,68.63195526290457,45.022775921259694,91.18153734394225,0.0,10.633577208012662,0.0,25.23563636293553,44.35482484212695,21.837449796590178,0.0,15.533486938863138,5.687386274683562,0.0,67.77261188120417,106.12751783162017,4.794537184071822,10.710546813196189,27.639714551228256,0.0,0.0,0.0
COc1cc(CNC(=O)CCCC/C=C/C(C)C)ccc1O,0,132.74026872542672,15.160178952647085,0.0,11.49902366656781,5.907179729351506,0.0,0.0,4.794537184071822,0.0,0.0,0.0,32.065881681510625,42.87655654355964,12.965578028838586,7.109797541277533,14.637927532712576,5.907179729351506,0.0,5.316788604006331,5.917906046161393,46.07551729699786,7.109797541277533,35.91459291074959,11.49902366656781,10.05365155780638,0.0,11.49902366656781,0.0,18.123504665469746,11.339293589984397,5.917906046161393,45.094212382782274,30.351141419052592,0.0,0.0
CCn1cc(C(=O)O)c(=O)c2cc(F)c(N3CCNCC3)nc21,1,130.90360795598875,19.890325377488868,11.210628712464723,11.635083618880923,5.428790391900541,0.0,5.9693052879518484,4.794537184071822,14.16893075269385,0.0,0.0,0.0,12.990104268152233,38.92062560117595,5.386224214464796,14.291479626587348,22.8205695010194,0.0,14.867866772744893,0.0,13.4684936056032,31.07893535450078,33.867210548789934,0.0,15.64548872675735,10.208277825509848,0.0,0.0,46.80593647518141,6.544756405912575,5.817220841045894,17.28172587545944,17.057747824146507,0.0,11.033401435232523
Nc1ncnc2c1ncn2[C@@H]1O[C@H](CSCCC(N)C(=O)O)[C@@H](O)[C@H]1O,1,151.9304513832509,31.523780092646533,30.09379439702537,17.692941169337626,0.0,0.0,5.9693052879518484,9.361636831863176,14.951935562841623,11.761884949391115,0.0,0.0,12.1736752296728,5.752853606746789,12.431286462512844,24.85098232239399,34.71293095356198,0.0,19.51903521063298,5.733667477162185,37.00246278605375,17.23937469065576,12.654640149529083,0.0,11.46733495432437,5.817862777835028,0.0,11.761884949391115,76.66736988899339,9.53140013787187,0.0,12.64872279366088,12.654640149529083,0.0,11.16387793838399
O=C(O)CCCCC(CCSCc1ccccc1)SCc1ccccc1,0,165.33989437249733,5.106527394840706,0.0,0.0,0.0,0.0,5.9693052879518484,4.794537184071822,0.0,23.52376989878223,0.0,67.0844923075421,36.14222145891881,23.176466866401764,0.0,9.901064578912528,29.49307518673408,0.0,0.0,0.0,48.859753358105806,5.752853606746789,71.7905736680101,0.0,0.0,0.0,0.0,23.52376989878223,22.07862431952152,16.3002443975654,0.0,43.23101109802404,60.6636706846161,0.0,0.0
O=C(C=Cc1ccc(O)c(O)c1C=Cc1ccc(O)c(O)c1)OC(Cc1ccc(O)c(O)c1)C(=O)O,0,204.08214807739586,40.482554717684984,0.0,34.49707099970343,6.103966387748303,0.0,11.938610575903697,0.0,9.589074368143644,0.0,0.0,24.27512131221871,59.1742300310668,18.060293221456888,0.0,50.071629085828626,30.16667089640534,0.0,0.0,0.0,12.524788010674312,0.0,76.86076262131476,34.49707099970343,0.0,0.0,34.49707099970343,0.0,53.78826872753693,20.7467589448697,0.0,22.253805966787983,54.60695665452676,0.0,18.228060320501644
CC(C)Nc1cccnc1N1CCN(C(=O)c2cc3cc(NS(C)(=O)=O)ccc3[nH]2)CC1,0,187.419307835379,20.100586586654494,5.693927994848461,5.817862777835028,10.023291153407584,5.907179729351506,0.0,9.51663204852391,13.401775505276145,0.0,0.0,0.0,50.245676810150904,55.00802123117595,11.943155458194965,13.212334168400758,44.0260311420423,0.0,14.867866772744893,0.0,19.88931522852921,47.3735880064706,48.2889739772312,0.0,14.938793199308897,17.19263532720215,0.0,0.0,67.669479122735,10.023291153407584,0.0,24.33593957830153,42.595045982382736,0.0,10.902924932081056
OC[C@H](O)c1oc(O)c(O)c1O,0,66.92678537334707,29.94978791125687,6.103966387748303,5.7602474188744415,11.49902366656781,0.0,5.946307760461352,0.0,0.0,0.0,0.0,0.0,0.0,0.0,6.606881964512918,29.94978791125687,0.0,0.0,0.0,0.0,6.103966387748303,6.606881964512918,5.7602474188744415,17.44533142702916,0.0,0.0,17.44533142702916,0.0,32.13951893871644,0.0,0.0,11.864213806622743,4.417150937053347,0.0,0.0
N=C(N)NCCCC(NC(=O)C1CCCN1C(=O)C1CSSCCC(=O)NC(Cc2ccc(O)cc2)C(=O)NC(Cc2ccccc2)C(=O)NC(CCC(N)=O)C(=O)NC(CC(N)=O)C(=O)N1)C(=O)NCC(N)=O,0,433.3056708241281,75.47541586639058,48.042397637319624,5.959554568743835,64.97897702286656,0.0,0.0,58.14919263058155,0.0,0.0,0.0,64.05236543200472,55.36374523494726,50.27850651702278,12.965578028838586,57.84643641963074,92.52632754438386,5.409283605791522,47.43421856290113,22.93466990864874,106.50110203329582,31.139976431231304,65.72420659954848,5.749511833283905,65.4689787406994,0.0,5.749511833283905,21.587795952773444,154.37783095256862,65.58155227064206,5.409283605791522,62.49347596680208,54.59730361615449,0.0,0.0
C[C@H]1O[C@H](O[C@H]2[C@H](O)[C@@H](O)[C@@H](O)[C@H](O)[C@@H]2O)[C@@H](N)C[C@@H]1N=C(N)C(=O)O,0,148.2009551600461,51.5802252309687,36.62379832648981,6.290026729335213,5.835619785757269,0.0,5.9693052879518484,4.992404732635668,4.794537184071822,0.0,0.0,0.0,13.344558822616634,0.0,18.187648046044224,44.90742746071615,11.804925073709118,0.0,0.0,16.459739686960038,74.44603192448587,0.0,0.0,0.0,11.46733495432437,0.0,0.0,0.0,103.54556254462261,14.268263091671919,0.0,13.344558822616634,4.992404732635668,0.0,0.0
Cc1cc(C(C)Nc2ccccc2C(=O)O)c2nc(N3CCOCC3)cc(=O)n2c1,0,173.2910180588976,20.060088683497565,11.465039998602755,0.0,0.0,5.559266895052007,5.9693052879518484,9.195231790333615,9.778515705019029,0.0,0.0,12.13273413692322,37.61002709646307,36.60356121828039,24.819056249870794,14.637927532712578,23.121731561238168,0.0,9.384673127209002,0.0,19.88931522852921,36.5199750757078,69.63920453659755,0.0,15.775965229908815,11.50524905251859,0.0,0.0,46.76378255085254,4.736862953800049,6.923737199690624,34.45046968800139,47.38958316645456,0.0,5.647177220767728
N=C(N)NCCCCC1NC(=O)CCSSCC(C(N)=O)NC(=O)C2CCCN2C(=O)C(Cc2c[nH]c3ccccc23)NC(=O)C(CC(=O)O)NC(=O)CNC1=O,0,335.32073470866453,58.35848222500075,30.209204145739804,5.959554568743835,41.35025810546054,0.0,5.9693052879518484,43.76558107836609,0.0,0.0,0.0,39.786897158158276,43.733926674788655,54.53663177486488,12.965578028838586,43.46282486741528,85.76983884701075,5.409283605791522,41.78461987583567,11.46733495432437,81.57577712914788,31.139976431231304,36.02576333715651,0.0,43.36806657836236,0.0,0.0,21.587795952773444,129.61871418576575,44.77711909550058,5.409283605791522,50.50920285217907,30.462311845459514,0.0,10.902924932081056
O=C(O)CN1C(=O)c2cccc3cccc(c23)C1=O,1,107.60563867782007,5.106527394840706,6.544756405912575,0.0,0.0,11.814359458703011,5.9693052879518484,19.28352128306594,0.0,0.0,0.0,24.26546827384644,17.518958351388015,16.513127197858786,0.0,19.49013894705617,28.55611317558445,0.0,4.899909730850477,0.0,0.0,6.544756405912575,47.52510539416365,0.0,0.0,0.0,0.0,0.0,34.33485827825862,4.794537184071822,0.0,20.715977351537635,36.39820241076966,0.0,10.772448428929591
N=C(N)NCCCCN,0,55.11401406231425,16.784123558330702,0.0,5.959554568743835,0.0,0.0,0.0,5.409283605791522,0.0,0.0,0.0,0.0,19.386399651764595,6.544756405912575,0.0,0.0,5.959554568743835,5.409283605791522,5.316788604006331,11.46733495432437,12.841643245852019,13.08951281182515,0.0,0.0,16.784123558330702,0.0,0.0,0.0,19.049067380568985,0.0,5.409283605791522,12.841643245852019,0.0,0.0,0.0
CN(C)C1C(=O)C(C(N)=O)C(=O)C2(O)C(=O)C3C(=O)c4c(O)cccc4C(C)(O)C3C(O)C12,1,187.33725336547394,26.15977705652501,5.749511833283905,34.65193664260484,5.907179729351506,0.0,0.0,28.872595651209583,0.0,0.0,0.0,12.13273413692322,32.648899725203606,5.917906046161393,35.14612161189973,44.39879549972193,29.04015951481126,0.0,4.899909730850477,29.405291661807752,30.271646038554266,14.09534396535438,29.32600418877882,5.749511833283905,5.733667477162185,0.0,5.749511833283905,0.0,86.2083808182589,24.779199547270977,23.671624184645573,22.845177367156438,18.19910120538483,0.0,0.0
Fc1ccc(C(OCCN2CCN(CCCc3ccccc3)CC2)c2ccc(F)cc2)cc1,1,195.15346489782792,9.636772684650527,17.73840806984009,0.0,0.0,0.0,0.0,4.899909730850477,8.78083009534964,0.0,0.0,54.59730361615449,60.34222240070202,32.72378202956288,6.606881964512918,13.517693049149688,0.0,0.0,9.799819461700954,0.0,18.94560963360032,45.875420399988364,107.18756804718375,0.0,0.0,8.78083009534964,0.0,0.0,55.67523986168931,11.157684576726059,11.634441682091788,29.2151424857653,78.86277189000094,0.0,0.0
CC(C)(C#N)c1cc(Cn2cncn2)cc(C(C)(C)C#N)c1,0,130.38501715597528,0.0,12.654640149529083,0.0,0.0,0.0,0.0,0.0,9.665781456092391,15.62246491777801,0.0,18.19910120538483,44.38530327385348,0.0,29.51317997029068,0.0,0.0,10.523783109476973,14.764463264393429,0.0,45.06968614346863,0.0,47.5440958300049,12.138442625584547,0.0,0.0,0.0,0.0,14.764463264393429,17.374737344706134,22.66222573506152,44.38530327385348,30.853741354913915,0.0,0.0
CC1OC(n2cc(F)c(=O)[nH]c2=O)C(O)C1O,0,94.09014232335181,14.94991774348146,12.207932775496605,6.22790117073487,5.817220841045894,5.559266895052007,5.689743398203474,14.345615352810384,4.794537184071822,4.39041504767482,0.0,0.0,6.923737199690624,0.0,12.300809959361379,19.34033279115628,0.0,0.0,9.551078168738563,0.0,31.463537533670397,0.0,32.8521490740581,0.0,11.24901029325548,4.39041504767482,0.0,0.0,38.07603212166487,4.736862953800049,5.817220841045894,13.151638370425495,15.785917939756718,0.0,0.0
Cc1nccn1CC1CCc2c(c3ccccc3n2C)C1=O,0,128.93835940075277,9.13419929558271,5.824404497999927,5.783244946364939,0.0,0.0,0.0,4.794537184071822,4.983978520947208,0.0,0.0,18.19910120538483,25.831747514004253,54.06432599660383,0.0,4.794537184071822,16.686169878445995,0.0,14.118177816529919,12.965578028838582,26.31013685145522,0.0,53.74093940161798,0.0,0.0,0.0,0.0,0.0,19.901422762894857,20.013250011515776,12.841643245852017,28.297142791543212,36.65915541707259,0.0,10.902924932081056
CCC(C)(C)C(=O)OC1CC(C)C=C2C=CC(C)C(CCC3CC(O)CC(=O)O3)C21,0,180.4455306596892,14.580253302440804,12.207932775496605,0.0,0.0,0.0,11.938610575903697,9.589074368143644,0.0,0.0,0.0,38.999271919573516,62.85758355963873,12.338727669087403,17.93977848007109,24.169327670584448,11.938610575903697,0.0,0.0,29.08661465404235,91.45551489925408,0.0,23.80116485057091,0.0,0.0,0.0,0.0,0.0,35.35703713398931,19.06280027574374,29.08661465404235,73.14361573600918,23.80116485057091,0.0,0.0
COc1ccc(CCCO[C@H](Cn2ccnc2)c2ccc(OC)cc2)cc1,1,160.07960190947804,18.777688509191503,17.602990054316113,0.0,0.0,0.0,0.0,0.0,4.983978520947208,0.0,0.0,24.26546827384644,48.23401450309245,19.00056910773907,27.091671563232186,14.210588861400147,0.0,0.0,9.551078168738563,0.0,25.490366039512896,20.826477047067986,78.37884674907758,11.49902366656781,9.473725907600098,0.0,11.49902366656781,0.0,30.37755521580655,17.702440982638635,0.0,23.651690994068304,67.25194376568358,0.0,0.0
O=S(=O)(c1cccc2cnccc12)N1CCCNCC1,1,118.22206679685901,5.316788604006331,0.0,0.0,10.023291153407584,0.0,0.0,4.983978520947208,8.417796984328938,4.305215991296233,0.0,12.13273413692322,25.098312165761808,42.80040478989347,4.895483475517775,8.417796984328938,20.795739582337177,0.0,14.60598311624977,0.0,11.316305098443785,26.1790256236503,36.6591554170726,0.0,5.316788604006331,0.0,0.0,0.0,43.886017120222675,10.023291153407584,0.0,6.4208216229260096,41.55463889259037,0.0,10.772448428929591
Nc1ccc(S(=O)(=O)Nc2ccccn2)cc1,1,99.35867407954335,5.733667477162185,5.817862777835028,0.0,0.0,10.023291153407584,0.0,4.722094864452088,13.401775505276145,0.0,0.0,6.06636706846161,36.39820241076966,11.884229846296638,4.895483475517775,8.417796984328938,21.528540205926173,0.0,4.983978520947208,0.0,4.895483475517775,10.455762341614273,48.661413050844345,0.0,10.455762341614273,11.50524905251859,0.0,0.0,13.401775505276145,10.023291153407584,0.0,0.0,53.556896526362124,0.0,0.0
CCC(C)C(NC(=O)C(Cc1ccc(O)cc1)NC(=O)C(NC(=O)C(CCCN=C(N)N)NC(=O)C(N)CC(=O)O)C(C)C)C(=O)NC(Cc1c[nH]cn1)C(=O)N1CCCC1C(=O)O,1,369.6886394567641,68.98841588783802,42.000556808171666,5.959554568743835,35.443078376109035,0.0,11.938610575903697,38.55416502113842,9.778515705019029,0.0,0.0,46.24850455861173,55.21528421264705,32.127999629290244,24.483910521686973,53.67587965709669,53.341243520756564,0.0,41.451809792776544,34.02921925644501,121.35440758620629,13.08951281182515,48.04701140676951,5.749511833283905,43.78494545151822,0.0,5.749511833283905,0.0,138.91109109388444,51.197940718426594,11.835812092322787,77.47725802286402,41.78203665285973,0.0,0.0
C[C@@H]1CN(Cc2ccc(F)cc2)CCN1C(=O)COc1ccc(Cl)cc1NC(N)=O,0,179.08195648203107,20.687228765819043,11.5667326743298,6.606881964512918,0.0,5.907179729351506,6.031114512338072,9.694446914922299,9.184952231746642,0.0,0.0,23.733674027155736,42.81902403369567,37.243499766539585,5.687386274683562,18.716352369618512,29.226620406605655,0.0,9.799819461700954,5.733667477162185,19.51033443475116,31.557939786256973,58.867875125715486,5.749511833283905,15.787319034968565,14.872338506430204,5.749511833283905,11.600939890232516,54.02110571478913,11.339293589984397,5.817220841045894,12.487188691387619,42.46456947923127,5.022633313741326,0.0
CCCCCCC(=O)O[C@H]1CC[C@H]2[C@@H]3CC=C4CC(=O)CC[C@]4(C)[C@H]3CC[C@]12C,0,176.58646567103798,4.736862953800049,11.887211334113243,0.0,0.0,0.0,5.9693052879518484,9.589074368143644,0.0,0.0,0.0,51.68280110475304,68.11445996836302,24.67745533817481,0.0,14.325937321943691,11.752550234316788,0.0,0.0,28.583699077277736,110.34585908485832,0.0,11.649124636903148,0.0,0.0,0.0,0.0,0.0,17.85651662206509,14.325937321943691,28.583699077277736,104.24189269711002,11.649124636903148,0.0,0.0
CC12CCC3C(CCC4C(=O)C(=O)CCC43C)C1CCC2=O,0,131.76945077298288,0.0,5.783244946364939,5.783244946364939,5.783244946364939,0.0,0.0,14.383611552215466,0.0,0.0,0.0,13.847474399381248,61.69363834543701,24.17453976141019,0.0,14.383611552215466,17.34973483909482,0.0,0.0,34.50160512343913,65.21404738278933,0.0,0.0,0.0,0.0,0.0,0.0,0.0,17.34973483909482,14.383611552215466,34.50160512343913,65.21404738278933,0.0,0.0,0.0
CN(C)Cc1c(C(=O)NCCOc2ccc(C(O)=NO)cc2)oc2ccccc12,0,167.54167759524145,29.6844926453282,17.939413939439063,5.7602474188744415,0.0,11.804925073709118,0.0,4.794537184071822,0.0,0.0,0.0,18.19910120538483,49.58289203441297,23.057883603771362,6.544756405912575,24.26233149454321,22.774169429816155,0.0,10.216698334856808,5.15571272675054,6.544756405912575,27.246982335779872,65.4180869499613,5.749511833283905,10.05365155780638,0.0,5.749511833283905,0.0,54.265597559957456,6.544756405912575,0.0,21.681687586340253,58.10380021149677,0.0,10.969244356107037
CN(Cc1ccc(C(C)(C)C)cc1)Cc1cccc2ccccc12,1,145.48459032827583,0.0,0.0,0.0,0.0,0.0,0.0,4.899909730850477,0.0,0.0,0.0,87.5012493521496,39.92546535609455,13.08951281182515,0.0,0.0,10.772448428929591,0.0,4.899909730850477,0.0,39.2757148802938,7.04767198267719,83.42039222816872,0.0,0.0,0.0,0.0,0.0,11.947581713527667,18.50450328122193,0.0,37.46156607416286,66.73003775307771,0.0,10.772448428929591
CC(C)Oc1ccc(C(=O)NC(CNC(=O)CN(C)C)Cc2ccc(-c3cn4cccc(C(C)O)c4n3)cc2)cc1Cl,0,251.02129484103133,29.77757189376569,11.396689054051633,0.0,5.907179729351506,5.907179729351506,0.0,9.589074368143644,4.983978520947208,0.0,0.0,41.932775232540564,71.1162969528957,35.62879802422972,35.51109131914693,19.432464716784395,29.062476569703257,0.0,24.91816006607214,0.0,45.44180682664245,27.18485677717953,88.70397854821297,17.00689131982936,15.37044016181271,0.0,5.749511833283905,11.600939890232516,70.53613370567898,11.21535880699783,0.0,48.360069645982975,66.99099075938065,5.022633313741326,16.904556707313183
C=CCn1c(=O)c2cnc(Nc3ccc(N4CCN(C)CC4)cc3)nc2n1-c1cccc(C(C)(C)O)n1,1,215.04761939865966,20.223135460547994,10.987275025448483,11.465039998602755,5.948339280986494,5.559266895052007,0.0,4.794537184071822,19.331562912184783,4.983978520947208,6.578935683598497,12.142387175295491,57.2933487928281,43.7506417446305,12.238684400761036,5.106527394840706,28.35651326558614,0.0,29.21545116398247,0.0,25.99328161627751,43.4433959411843,77.36410091524903,5.817862777835028,15.775965229908817,17.323111830353618,0.0,0.0,67.54867616515067,12.145807216896262,0.0,19.54140239422971,66.11090602534854,0.0,16.85126421306755
COc1ccc(-c2cc(=O)c3c(O)c(OC)c(O)cc3o2)cc1OC,0,142.16043031745153,28.840794588134905,16.72949177498148,28.426837725036158,5.749511833283905,0.0,0.0,4.794537184071822,0.0,0.0,0.0,0.0,18.19910120538483,17.696185628620217,21.3293926238326,28.840794588134905,10.969244356107037,0.0,0.0,0.0,0.0,21.3293926238326,40.555162918280416,40.07125807699096,19.63937925330069,0.0,28.747559166419524,0.0,31.542447413514008,0.0,0.0,0.0,39.54352346343322,0.0,22.292943266678478
CC(C)(c1ccc(OCC(O)CO)cc1)c1ccc(OCC(O)CCl)cc1,0,164.68603429761393,24.793308092122217,36.920720371090255,0.0,0.0,0.0,0.0,0.0,0.0,0.0,11.600939890232516,38.112942673227685,35.392371257240434,5.414990469396779,12.486885409483257,24.793308092122217,11.600939890232516,0.0,0.0,0.0,31.470397644274627,25.70064933850909,59.65783953108687,11.49902366656781,9.473725907600098,0.0,11.49902366656781,11.600939890232516,53.228164298527815,5.414990469396779,0.0,24.974377382775238,48.53093654769288,0.0,0.0
Cc1nnc(C(=O)NC(C)(C)c2nc(C(=O)NCc3ccc(F)cc3)c(O)c(=O)n2C)o1,0,180.86053451213047,20.157255539906714,11.64162533904582,5.693927994848461,11.640235755309813,11.466446624403513,11.797903651377414,18.950711200006822,9.374393568622027,0.0,10.197363616602075,12.13273413692322,31.54366002800146,20.51616558828039,5.538925252383345,23.503167747712514,11.814359458703011,0.0,30.3820189933533,7.04767198267719,32.85489325736779,0.0,69.29972502261337,5.749511833283905,16.19284410306467,4.39041504767482,5.749511833283905,0.0,36.66932863888435,19.13135364097311,12.740958040736519,52.29978059612209,33.47715639497161,0.0,0.0
C=CC1=C(C(=O)O)N2C(=O)C(NC(=O)C(=NO)c3csc(N)n3)C2SC1,0,154.61000062384144,21.364236500786514,22.806680950020997,10.843243482610035,0.0,11.814359458703011,5.9693052879518484,14.48898409899412,9.778515705019029,0.0,23.09867082732585,17.81066851718292,5.5731045300692665,11.132916377212704,0.0,24.69739197183346,51.72557905659075,0.0,15.200676855804016,5.15571272675054,11.4157136421167,11.486521083908974,34.99909039887185,0.0,11.050456081168516,5.131558479839333,0.0,23.09867082732585,60.86158566970473,14.383611552215466,0.0,5.693927994848461,34.46087513077393,0.0,0.0
Nc1cccc(C=CC(=O)NCc2cc3cc(-c4ccc(C(=O)N5CCC(F)(F)CC5)cc4)cc(-c4ccc(F)cc4)c3o2)n1,0,256.7215514323905,20.36751674907234,22.978351179397606,0.0,5.907179729351506,11.829708897446082,0.0,9.589074368143644,18.155223663971668,0.0,0.0,30.33183534230805,77.36367819807937,48.52030336236984,12.238684400761036,27.177470448221452,34.677486699478955,0.0,15.200676855804016,0.0,25.308928819859172,18.823180288987334,113.84000681176227,22.253805966787983,11.050456081168516,18.98910792085949,0.0,0.0,40.710289690420424,11.339293589984397,5.817220841045894,34.65380733534374,95.4223100023498,0.0,39.2990704297289
C[N+]1(C)CCC(=C(c2ccccc2)c2ccccc2)CC1,0,127.6824052118191,4.483030857694624,0.0,0.0,0.0,0.0,0.0,0.0,0.0,0.0,0.0,66.23677521468537,16.70000751346326,12.841643245852019,27.18485677717953,4.483030857694624,5.5731045300692665,0.0,0.0,0.0,12.841643245852019,27.18485677717953,77.36367819807937,0.0,0.0,0.0,0.0,0.0,31.667887634874155,0.0,0.0,23.96854622924601,66.23677521468537,0.0,5.5731045300692665
COc1cc(C(=O)NC2CCCNC2)cc(OC)c1OC,1,124.3119331513177,24.844166069412807,0.0,11.49902366656781,5.749511833283905,5.907179729351506,0.0,4.794537184071822,0.0,0.0,0.0,0.0,31.519133788687814,18.150048726757532,21.3293926238326,19.005126045471968,5.907179729351506,0.0,10.633577208012662,0.0,18.88348407499998,34.41890543565775,17.696185628620217,17.248535499851716,24.844166069412807,0.0,17.248535499851716,0.0,46.36792599415722,0.0,0.0,23.19963192162084,12.13273413692322,0.0,0.0
CCCCC1=NC2(CCCC2)C(=O)N1Cc1ccc(-c2ccccc2-c2nn[nH]n2)cc1,1,187.5033779225011,0.0,11.374545038140614,0.0,5.824404497999927,5.907179729351506,0.0,14.686851647557969,0.0,5.213385095654868,10.197363616602075,74.71713861616153,41.16620443952388,11.984273114623004,6.544756405912575,4.794537184071822,11.742799515108775,0.0,25.52404353876229,4.992404732635668,63.95317021846862,0.0,54.09438803938988,22.514758973090913,0.0,0.0,0.0,0.0,42.80576830625441,11.339293589984397,0.0,57.43294005186969,53.523341280328545,0.0,22.514758973090913
CCS(=O)(=O)N1CC(CC#N)(n2cc(-c3ncnc4[nH]ccc34)cn2)C1,1,149.88780458849857,4.983978520947208,17.513422547915614,0.0,10.023291153407584,0.0,0.0,4.681802935145184,18.385754026223353,14.665789354335757,0.0,0.0,12.990104268152233,36.432875661213096,30.13366810892661,8.417796984328938,21.056692588640107,5.261891554738487,29.037636297584076,0.0,18.883484074999977,18.842366418571938,30.98421785806538,17.32660079933773,0.0,0.0,0.0,0.0,56.29779970048495,15.56221640579093,11.33111286753076,13.344558822616634,30.98421785806538,0.0,22.29078092177798
Cc1cc2nc3c(=O)[nH]c(=O)nc-3n(C[C@H](O)[C@H](O)[C@H](O)COP(=O)(O)OP(=O)(O)OC[C@H]3O[C@@H](n4cnc5c(N)ncnc54)[C@H](O)[C@@H]3O)c2cc1C,0,295.2040323847416,50.357090258462065,48.467819118870615,29.211273662186013,0.0,5.559266895052007,21.335137644467814,23.39310967623402,33.86054783772331,9.294609890570793,0.0,0.0,37.10711151969846,0.0,37.11924184493547,62.54454539641841,43.66053639771589,0.0,39.03807042126596,0.0,63.24393030251849,18.94743140618802,56.75236193124542,11.518332492848387,16.982677770417666,5.817862777835028,0.0,15.645394246264342,124.19509285649008,33.76984162262251,13.847474399381248,17.35480415412886,34.37644865459595,0.0,33.7156118664649
Clc1ccc(CCC(Cn2ccnc2)Sc2c(Cl)cccc2Cl)cc1,0,166.67704858377783,4.567099647791355,0.0,0.0,0.0,0.0,0.0,0.0,4.983978520947208,0.0,11.761884949391115,53.00192087608238,42.67056301139546,34.10649836838,16.372586702247194,0.0,46.56470462008866,0.0,9.551078168738563,0.0,29.531821157264545,0.0,81.81692813014295,0.0,0.0,0.0,0.0,46.56470462008866,14.801016198720736,12.965578028838586,0.0,11.984273114623004,66.08106017273974,15.067899941223978,0.0
COc1ccc(-n2nc(C(N)=O)c3c2C(=O)N(c2ccc(N4CCCCC4=O)cc2)CC3)cc1,1,196.24825339255113,20.27034989266319,11.443439828132366,5.693927994848461,5.907179729351506,11.814359458703011,0.0,14.383611552215466,4.681802935145184,5.098681808301038,0.0,0.0,67.79340141647091,36.44855847581528,12.797183815961095,19.120474506015512,29.09631173742164,0.0,9.780484743446221,5.733667477162185,25.683286491704038,29.99912981480364,65.4822440290868,11.436898107967467,20.27034989266319,11.374772549367124,5.749511833283905,0.0,47.70133428460341,11.21535880699783,0.0,45.80284671831559,48.53093654769288,0.0,5.687386274683562
CCN1CCN(Cc2ccc(Nc3ncc(F)c(-c4cc(F)c5nc(C)n(C(C)C)c5c4)n3)nc2)CC1,1,214.9341123294566,14.783797982648164,22.85289598829968,11.634441682091788,5.948339280986494,0.0,0.0,4.899909730850477,28.71674417913847,0.0,0.0,12.990104268152233,51.078520702066264,50.5259179220209,11.713544289229338,8.78083009534964,22.799603494054047,0.0,34.302833193281145,0.0,40.281546033823034,38.0405706335692,59.6814530888613,11.257379486545457,5.316788604006331,20.547032154171163,0.0,0.0,67.026615222844,6.544756405912575,18.55817888178241,38.20090841791675,36.6591554170726,0.0,22.29078092177798
Clc1ccc(CO/N=C(\Cn2ccnc2)c2ccc(Cl)cc2Cl)c(Cl)c1,1,170.45516888574264,9.404688231527988,12.318566967283619,0.0,0.0,0.0,0.0,0.0,4.983978520947208,0.0,0.0,57.625839356142215,30.33183534230805,38.58849006784412,17.894709794418443,4.8375885837366335,52.11544456370077,0.0,9.551078168738563,5.15571272675054,13.151638370425493,0.0,86.33664586711966,0.0,0.0,0.0,0.0,46.40375956093006,15.262763171509263,17.989226954162127,0.0,11.126902983393991,60.274922355510895,20.090533254965305,0.0
CC(C)(CO)C(O)C(=O)NCCC(=O)NCCSSCCNC(=O)CCNC(=O)C(O)C(C)(C)CO,0,220.0716897106297,41.69326399538814,12.207932775496605,0.0,23.628718917406022,0.0,0.0,19.178148736287287,0.0,0.0,0.0,49.282744751535944,0.0,61.35635702178945,13.213763929025836,39.60425831565011,45.216514870179466,0.0,21.267154416025324,10.829980938793557,52.74452482011111,50.89849676616971,0.0,0.0,21.267154416025324,0.0,0.0,21.587795952773444,107.1612580384352,19.178148736287287,10.829980938793557,40.53659204461451,0.0,0.0,0.0
CC(C)n1cnc2c(NCc3ccccc3)nc(NCCCO)nc21,0,146.69679062793372,20.307204250644723,0.0,16.98174071621902,5.948339280986494,0.0,0.0,0.0,4.983978520947208,9.967957041894415,0.0,30.33183534230805,25.831747514004253,25.73823560548603,6.3273200747645415,5.106527394840706,22.93007999720551,0.0,19.51903521063298,0.0,32.85489325736779,23.785215578438155,42.222606908769585,0.0,10.633577208012662,11.766202058821523,0.0,0.0,37.77720097589918,6.544756405912575,0.0,31.873588343152214,36.65915541707259,0.0,11.16387793838399
C[C@H](CCC(=O)NCC(=O)O)[C@H]1CC[C@H]2[C@@H]3[C@H](O)C[C@@H]4C[C@H](O)CC[C@]4(C)[C@H]3C[C@H](O)[C@]12C,0,196.88932066610744,25.742898183369157,6.544756405912575,0.0,5.907179729351506,0.0,5.9693052879518484,9.589074368143644,0.0,0.0,0.0,20.771211599071872,97.70399019917001,6.4208216229260096,18.31189916324491,30.015183947506465,11.876485017303354,0.0,5.316788604006331,46.33741721576191,96.87050536865087,6.544756405912575,0.0,0.0,5.316788604006331,0.0,0.0,0.0,57.15925016582365,9.589074368143644,46.33741721576191,78.55860620540597,0.0,0.0,0.0
CC(=O)OCC(CCn1cnc2cnc(N)nc21)COC(C)=O,1,132.3656478873648,19.77449303255364,5.516700717616262,5.647177220767728,5.948339280986494,0.0,11.938610575903697,9.589074368143644,9.967957041894415,4.983978520947208,0.0,0.0,6.4208216229260096,26.310136851455216,25.737927575403454,19.06280027574374,29.05082779527418,0.0,19.51903521063298,5.917906046161393,26.813052428219834,18.94743140618802,12.524163646377618,0.0,5.733667477162185,5.948339280986494,0.0,0.0,44.671409715562504,25.607556681656316,5.917906046161393,20.268296022307258,12.524163646377618,0.0,11.16387793838399
COc1ccc2c(c1)c(CC(=O)O)c(C)n2C(=O)c1ccc(Cl)cc1,0,148.94809374556098,9.843390348640755,5.749511833283905,0.0,0.0,5.907179729351506,5.9693052879518484,14.156174015934997,0.0,0.0,0.0,11.600939890232516,54.95175817061889,21.66623701475158,19.047319881819803,19.4324647167844,34.380349839616926,0.0,4.567099647791355,0.0,13.344558822616634,7.109797541277533,64.30803377121505,5.749511833283905,4.736862953800049,0.0,5.749511833283905,11.600939890232516,28.65990960121295,11.21535880699783,6.923737199690624,21.615368162314272,42.46456947923127,5.022633313741326,10.902924932081056
O=C(NC(CO)C(O)c1ccc([N+](=O)[O-])cc1)C(Cl)Cl,1,123.81547365578696,15.529843393687743,6.103966387748303,4.836269690250055,0.0,11.594566004035068,0.0,14.908855452837393,0.0,0.0,0.0,23.20187978046503,17.696185628620217,12.13273413692322,17.57203384247855,19.930903022570906,34.7964457845001,0.0,5.316788604006331,0.0,16.98207690714632,6.606881964512918,39.94323803430901,0.0,5.316788604006331,5.687386274683562,0.0,23.20187978046503,38.52853805176152,4.794537184071822,10.114318268765572,11.6674178794453,24.26546827384644,0.0,0.0
N=C1NC2(c3cc(NC(=O)c4ccc(F)cn4)ccc3F)COCC2CS1,0,157.76540132747454,15.370440161812711,17.328369676940248,5.1676517695780495,0.0,5.907179729351506,0.0,10.203820789863343,13.764808616296847,0.0,0.0,11.761884949391115,30.33183534230805,22.92159741928874,24.949532753022257,18.312230233221513,28.524102723004233,5.409283605791522,10.300767124953538,5.917906046161393,5.538925252383345,24.283406139778958,59.42050008255836,0.0,10.633577208012662,14.468216370033202,0.0,11.761884949391115,35.02542755564939,10.275788206183394,22.961631334044704,16.051916670617278,36.52867891392113,0.0,0.0
O=C(O)C1O[C@@H](OC2[C@H](O)C(NS(=O)(=O)O)C(O)O[C@@H]2COS(=O)(=O)O)C(OS(=O)(=O)O)[C@@H](O)C1O,0,201.43152446416644,39.743225835603674,36.56167276788947,24.78798623416703,0.0,0.0,37.0714713272747,13.658249621071093,13.160708049371237,29.9754858174389,0.0,0.0,0.0,0.0,6.606881964512918,91.8155744590328,37.0714713272747,0.0,4.722094864452088,0.0,61.3496590020565,6.606881964512918,0.0,0.0,4.722094864452088,0.0,0.0,0.0,138.3701238027827,58.47346295009423,0.0,0.0,0.0,0.0,0.0
Nc1nc(N)nc(NC2CC2)n1,0,69.40898582963055,16.784123558330702,0.0,0.0,17.845017842959482,0.0,0.0,0.0,0.0,14.951935562841623,0.0,0.0,12.841643245852019,6.041840829147961,0.0,0.0,17.845017842959482,0.0,14.951935562841623,0.0,18.88348407499998,16.784123558330702,0.0,0.0,16.784123558330702,17.845017842959482,0.0,0.0,20.993776391989584,0.0,0.0,12.841643245852019,0.0,0.0,0.0
Nc1ccc(C(=O)NCC(=O)O)cc1,0,80.53326029559109,16.156983476009223,6.544756405912575,0.0,0.0,5.907179729351506,5.9693052879518484,9.589074368143644,0.0,0.0,0.0,0.0,24.26546827384644,11.250837766380558,0.0,14.69560176298435,17.563871291986917,0.0,5.316788604006331,0.0,0.0,12.27842388307476,29.828919765543436,0.0,11.050456081168516,5.687386274683562,0.0,0.0,23.527768818056636,4.794537184071822,0.0,10.357988675768818,24.26546827384644,0.0,0.0
COc1cc(OC)cc(N(CCNC(C)C)c2ccc3ncc(-c4cnn(C)c4)nc3c2)c1,0,193.73010871021214,19.690424242456906,11.49902366656781,0.0,0.0,0.0,0.0,9.665781456092391,4.983978520947208,5.098681808301038,0.0,13.847474399381248,18.19910120538483,67.51319444171233,43.340611655862205,9.473725907600098,22.40817398459965,0.0,25.06523038934697,7.04767198267719,19.88931522852921,32.20901762523069,54.98873312560889,22.756403153113265,19.690424242456906,11.374772549367124,11.49902366656781,0.0,53.09939050886881,7.04767198267719,0.0,13.847474399381248,54.98873312560889,0.0,22.29078092177798
O=P1(N(CCCl)CCCl)NCCCO1,0,94.44153500749829,4.5237471617118175,0.0,0.0,0.0,0.0,7.670279738874966,4.565048284931329,9.757711252998451,0.0,23.20187978046503,0.0,6.4208216229260096,31.394276107678404,6.606881964512918,9.088795446643147,30.872159519339995,0.0,9.757711252998451,0.0,6.4208216229260096,38.00115807219132,0.0,0.0,5.0872950630771525,0.0,0.0,30.872159519339995,42.671574262112614,9.088795446643147,0.0,6.4208216229260096,0.0,0.0,0.0
OCc1cc(C(O)CNCCCCCCOCCCCc2ccccc2)ccc1O,0,180.2788534824198,25.373233742328495,5.749511833283905,0.0,0.0,0.0,0.0,0.0,0.0,0.0,0.0,49.239845656621675,61.90850164085983,25.32197182663541,12.71084835226122,20.056445138322168,0.0,0.0,5.316788604006331,0.0,57.6565997127433,26.303276740850986,65.22129102278387,5.749511833283905,5.316788604006331,0.0,5.749511833283905,0.0,41.6228589253731,17.764566541238977,0.0,61.31925060039535,48.53093654769288,0.0,0.0
CCC1OC(=O)CC(O)C(C)C(OC2OC(C)C(OC3CC(C)(O)C(O)C(C)O3)C(N(C)C)C2O)C(CC=O)CC(C)C(=O)C=CC(C)=CC1COC1OC(C)C(O)C(OC)C1OC,0,377.9965912940681,77.85885047332627,49.013925237367665,24.65332513437058,0.0,0.0,5.9693052879518484,9.589074368143644,0.0,0.0,0.0,38.4963563428089,73.54959936265477,44.81495646689126,55.19042716631208,82.54801511061945,18.038710757446342,0.0,4.899909730850477,23.671624184645573,191.25457419327196,34.92182101242236,23.80116485057091,0.0,0.0,0.0,0.0,0.0,187.15364695603964,57.015378136415904,23.671624184645573,87.49400571215503,23.80116485057091,0.0,0.0
Oc1c(Cl)cc(Cl)c(Cl)c1Cc1c(O)c(Cl)cc(Cl)c1Cl,1,150.26150430563968,10.213054789681411,11.49902366656781,0.0,0.0,0.0,0.0,0.0,0.0,0.0,0.0,69.60563934139509,12.13273413692322,17.54772460632,30.13579988244796,10.213054789681411,69.60563934139509,0.0,0.0,0.0,6.4208216229260096,0.0,53.39543700276516,11.49902366656781,0.0,0.0,11.49902366656781,69.60563934139509,10.213054789681411,6.4208216229260096,0.0,11.126902983393991,12.13273413692322,30.13579988244796,0.0
NC(=O)C(CCC(F)(F)F)N(Cc1ccc(-c2ncon2)cc1F)S(=O)(=O)c1ccc(Cl)cc1,1,195.9076559480054,10.256762414135533,11.859061670193855,0.0,28.14851487954954,0.0,6.176298517443475,4.794537184071822,12.808212032003757,22.4604396552679,0.0,28.89033728428118,36.75265696523406,29.115114325973902,4.895483475517775,35.29708929607339,27.531410772991606,0.0,14.445857769368885,5.733667477162185,36.500022473873805,0.0,65.261514624506,11.387855989696924,5.733667477162185,17.56166019069928,0.0,11.600939890232516,40.988973829640756,21.36258474339198,5.817220841045894,18.405094737549014,58.27678739051291,5.022633313741326,11.387855989696924
COc1ccc(C(Cl)=C(c2ccc(OC)cc2)c2ccc(OC)cc2)cc1,0,164.3246009868261,14.210588861400147,17.248535499851716,0.0,0.0,0.0,0.0,0.0,0.0,0.0,0.0,35.866408164078955,65.22129102278387,5.5731045300692665,26.361678975946198,14.210588861400147,22.206330772415377,0.0,0.0,0.0,0.0,21.3293926238326,89.48675929663034,17.248535499851716,14.210588861400147,0.0,17.248535499851716,11.600939890232516,21.3293926238326,0.0,0.0,16.690354475090988,72.79640482153933,0.0,10.605390882182864
CC1=C(CC(=O)O)c2cc(F)ccc2C1=Cc1ccc([S+](C)[O-])cc1,0,148.23867929358494,9.65927726853107,12.0729900245573,4.895483475517775,0.0,0.0,5.9693052879518484,4.794537184071822,4.39041504767482,0.0,0.0,6.06636706846161,93.98348225597826,0.0,6.4208216229260096,18.844229500277713,34.36738892830955,0.0,0.0,0.0,18.24004229813441,6.255769183511404,70.54524932543742,0.0,0.0,4.39041504767482,0.0,0.0,21.884351739994322,15.97039165745711,5.817220841045894,30.034913297707618,52.93315748481831,0.0,17.222229166972415
Nc1nc(NC2CC2)c2ncn(C3C=CC(CO)C3)c2n1,0,121.45834382482485,20.724083123800575,0.0,16.98174071621902,5.948339280986494,0.0,0.0,0.0,4.983978520947208,9.967957041894415,0.0,12.152040213667762,19.26246486877803,18.566628839822272,12.369160903912501,5.106527394840706,22.930079997205514,0.0,19.51903521063298,5.917906046161393,31.34614652707395,17.657338045681435,18.479360288432304,0.0,11.050456081168516,11.766202058821523,0.0,0.0,37.27428539913457,0.0,5.917906046161393,25.30430569792599,18.479360288432304,0.0,11.16387793838399
COc1ncc(-c2ccc3nccc(-c4ccnnc4)c3c2)cc1NS(=O)(=O)c1ccc(F)cc1F,1,204.2515919873941,4.736862953800049,22.217311432293126,0.0,5.879988336435371,10.023291153407584,0.0,9.706073385399296,22.182605600625784,10.197363616602075,0.0,6.06636706846161,53.59147246262526,34.97318140954655,25.020185402119946,21.93549003347863,26.6136023601722,0.0,20.16532065849649,0.0,4.895483475517775,11.831892405729622,91.0191195846986,28.13379430322335,9.458957818252138,14.468216370033202,5.879988336435371,0.0,35.69291518410296,10.023291153407584,11.634441682091788,0.0,84.28016137812459,0.0,33.156730898869036
CC(C)NCC(C(=O)N1CCN(c2ncnc3c2C(C)CC3O)CC1)c1ccc(Cl)cc1,1,194.35387218508427,20.223135460547994,12.14518285259957,0.0,5.907179729351506,0.0,0.0,4.794537184071822,9.967957041894415,0.0,0.0,44.504885626227605,30.034913297707618,49.35170766414915,17.715800428758158,9.901064578912528,23.325982397419047,0.0,20.184655376751223,0.0,51.17365253121693,37.62369176041335,52.43625264059475,0.0,10.216698334856808,5.817862777835028,0.0,11.600939890232516,64.64719675564794,4.794537184071822,0.0,61.95264268031143,30.59278834861098,5.022633313741326,0.0
CC(=O)O[C@H]1C[C@@]2(C)[C@@H](C[C@@H](O)[C@H]3[C@@]4(C)CC[C@@H](O)[C@@H](C)[C@@H]4CC[C@@]32C)/C1=C(\CCC=C(C)C)C(=O)O,0,222.1042744674248,20.056445138322168,6.103966387748303,0.0,0.0,0.0,11.938610575903697,4.794537184071822,4.794537184071822,0.0,0.0,39.34407343566564,110.70374750569452,12.49684172975989,12.207932775496605,29.64551950646581,11.938610575903697,0.0,0.0,39.916595592835904,118.14463254448735,0.0,22.79533369704168,0.0,0.0,0.0,0.0,0.0,45.57009192367072,14.325937321943691,39.916595592835904,99.83273338124245,22.79533369704168,0.0,0.0
COc1cc(NS(=O)(=O)c2ccc(N)cc2)nc(OC)n1,0,121.53529674829682,15.207393384762284,0.0,5.817862777835028,5.879988336435371,10.023291153407584,6.010464839586836,4.722094864452088,8.417796984328938,9.967957041894415,0.0,0.0,24.26546827384644,11.753753343145172,19.11507855807284,17.891522891929036,21.528540205926173,0.0,9.967957041894415,0.0,4.895483475517775,24.67535742416934,30.33183534230805,11.890453176022207,19.929488249214373,11.50524905251859,11.890453176022207,0.0,32.60534910877842,10.023291153407584,0.0,0.0,35.227318817825825,0.0,0.0
S=c1[nH]cnc2[nH]cnc12,0,61.33995226229088,9.967957041894415,10.157289985054954,5.647177220767728,0.0,0.0,0.0,0.0,9.967957041894415,0.0,0.0,12.217873443046695,0.0,0.0,12.654640149529083,0.0,23.381751381430682,0.0,19.93591408378883,0.0,0.0,0.0,17.295229416967775,0.0,0.0,0.0,0.0,12.217873443046695,19.93591408378883,0.0,4.640589267438692,0.0,12.654640149529083,0.0,11.16387793838399
CCN(CC)C(=S)SSC(=S)N(CC)CC,1,117.90714002929566,9.799819461700954,8.641068171117942,0.0,0.0,0.0,0.0,0.0,0.0,0.0,0.0,24.43574688609339,49.282744751535944,26.1790256236503,0.0,0.0,54.66461100998478,0.0,9.799819461700954,0.0,27.694948798762496,26.1790256236503,0.0,0.0,0.0,0.0,0.0,46.02354283886683,44.6199132564692,0.0,0.0,27.694948798762496,0.0,0.0,0.0
COc1ccc2cc(CCC(C)=O)ccc2c1,0,101.21284555276587,9.53140013787187,11.532756779648844,0.0,0.0,0.0,0.0,0.0,0.0,0.0,0.0,24.26546827384644,41.81319288016644,6.4208216229260096,7.109797541277533,9.53140013787187,16.55569337529453,0.0,0.0,0.0,19.765380445542643,7.109797541277533,41.96165390246666,5.749511833283905,4.736862953800049,0.0,5.749511833283905,0.0,12.893042487642472,11.21535880699783,0.0,18.90801031431363,36.39820241076966,0.0,10.772448428929591
CC(C)(C(=O)NCC(F)(F)C(F)(F)F)C(=O)NC1C(=O)Nc2ccccc2-c2ccccc21,1,185.09391718158446,15.950365812018994,11.456831298544738,0.0,11.814359458703011,5.907179729351506,12.098827685538051,14.383611552215466,0.0,21.9520752383741,0.0,42.46456947923127,31.040744451236847,11.250837766380558,6.544756405912575,36.33568679058956,23.40892546273808,0.0,10.633577208012662,5.414990469396779,31.98814291406726,11.861545009918906,54.09438803938988,11.126902983393991,15.950365812018994,27.63946151305766,0.0,0.0,36.36512327950514,14.383611552215466,5.414990469396779,25.452766720226204,48.53093654769288,0.0,11.126902983393991
COc1ccc(-c2oc3c(CC=C(C)C)c(OC4OC(CO)C(O)C(O)C4O)cc(O)c3c(=O)c2OC2OC(C)C(O)C(O)C2O)cc1,0,273.9257896663477,68.95368486477923,70.94554457019686,5.7602474188744415,23.758355683854873,0.0,0.0,4.794537184071822,0.0,0.0,0.0,11.649124636903148,51.457501495844326,17.193270051855603,19.820645893538753,68.95368486477923,10.969244356107037,0.0,0.0,0.0,88.60381778265472,13.716679505790452,57.76773904688056,34.321746243707054,19.63937925330069,0.0,22.99804733313562,0.0,115.98068322517295,15.894547530526108,0.0,26.334663090768867,51.19264810033636,0.0,22.292943266678478
C=c1c(C(=O)N2CCN(C)CC2)c(C)[nH]c1=Cc1c(O)[nH]c2ccc(S(=O)(=O)N(C)c3cccc(Cl)c3)cc12,0,231.20925981360378,24.874303898436075,0.0,5.879988336435371,0.0,15.930470882759089,0.0,9.099753175368054,8.417796984328938,0.0,0.0,24.24624264229262,56.44563169997135,70.97741179305652,16.14632124189833,18.318861563241466,56.776677770188606,0.0,19.76777650359537,0.0,11.819220675208399,44.579585580300915,74.87581022557626,5.879988336435371,14.872992445657435,5.687386274683562,5.879988336435371,11.600939890232516,79.47365020112119,10.023291153407584,6.923737199690624,21.615368162314272,47.360052954749044,5.022633313741326,23.55788072251344
Nc1nc(Cl)nc2c1ncn2C1CC(O)C(CO)O1,1,112.35519257792842,20.683585220643643,17.848568276099435,11.465039998602755,5.283586320044258,0.0,0.0,4.567099647791355,4.983978520947208,9.967957041894415,0.0,0.0,11.600939890232516,6.4208216229260096,19.038168427025763,14.94991774348146,28.582680606451532,0.0,19.51903521063298,0.0,24.856655569157482,12.340549441675103,11.6109063948088,0.0,5.733667477162185,5.817862777835028,0.0,11.600939890232516,48.5469047403239,4.736862953800049,0.0,12.64872279366088,6.3273200747645415,5.283586320044258,11.16387793838399
CC(Cc1ccc(O)c(O)c1)(NN)C(=O)O,0,92.29528383457094,15.319582184522117,5.538925252383345,11.49902366656781,0.0,0.0,5.9693052879518484,10.63720745433806,5.425791397110385,0.0,0.0,6.06636706846161,24.619922828310838,6.4208216229260096,0.0,20.11411936859394,5.9693052879518484,0.0,5.425791397110385,5.842670270266239,18.883484074999977,0.0,23.762552697081826,11.49902366656781,11.268461667376624,0.0,11.49902366656781,0.0,26.82781272485731,11.21535880699783,0.0,12.487188691387619,18.19910120538483,0.0,0.0
CCN(CC)CCOC(=O)c1ccc(N)cc1,0,102.36078961703997,15.370440161812713,6.606881964512918,0.0,0.0,0.0,5.9693052879518484,0.0,4.794537184071822,0.0,0.0,13.847474399381248,37.35498108567159,12.232142680596137,5.563451491696996,9.53140013787187,11.65669156263541,0.0,4.899909730850477,0.0,13.847474399381248,31.97481865941283,29.828919765543436,0.0,5.733667477162185,5.687386274683562,0.0,0.0,37.11036620105297,4.736862953800049,0.0,24.205463075150064,24.26546827384644,0.0,0.0
C=CCc1cc(OC)c(O)c(C(=O)NCCO)c1,1,105.70979190563972,20.26670634748779,0.0,11.49902366656781,0.0,5.907179729351506,0.0,4.794537184071822,0.0,0.0,6.578935683598497,6.076020106833881,24.117007251546223,6.544756405912575,19.280130997487447,19.744454927553285,5.907179729351506,0.0,5.316788604006331,0.0,6.4208216229260096,20.26143591170303,35.91459291074959,11.49902366656781,10.05365155780638,0.0,11.49902366656781,0.0,36.381670430735944,6.4208216229260096,0.0,15.921440167465814,24.787689927355597,0.0,0.0
CN(CC(=O)O)C(=N)NP(=O)(O)O,0,73.89249737283325,19.793260331196134,6.544756405912575,5.959554568743835,0.0,0.0,13.715793718955418,15.291115852940496,4.565048284931329,0.0,0.0,0.0,0.0,7.04767198267719,0.0,24.25293606934881,19.67534828769925,5.409283605791522,9.98720479392763,0.0,0.0,13.592428388589765,0.0,0.0,5.0872950630771525,0.0,0.0,7.746488431003568,45.31454857648157,9.35958546900315,5.409283605791522,0.0,0.0,0.0,0.0
CCOC(=O)C(C)(C)Oc1ccc(Cl)cc1,0,100.3129345918158,9.473725907600098,5.749511833283905,5.601050810983688,0.0,0.0,5.9693052879518484,0.0,4.794537184071822,0.0,0.0,11.600939890232516,45.03667987291831,5.022633313741326,6.606881964512918,14.268263091671919,17.570245178184365,0.0,0.0,0.0,26.37226241005556,6.606881964512918,29.288101587587764,5.749511833283905,4.736862953800049,0.0,5.749511833283905,11.600939890232516,18.177238063448456,9.53140013787187,0.0,20.771211599071872,24.26546827384644,5.022633313741326,0.0
Cc1cc(C)nc(NS(=O)(=O)c2ccc(N)cc2)n1,0,111.30820628928309,5.733667477162185,0.0,0.0,5.948339280986494,10.023291153407584,0.0,0.0,23.10784889067544,0.0,0.0,0.0,44.179309741689295,17.075242264380485,4.895483475517775,8.417796984328938,21.65901670907764,0.0,9.967957041894415,0.0,18.742957874899023,10.455762341614273,41.71969133200497,0.0,10.455762341614273,11.635725555670057,0.0,0.0,18.385754026223353,10.023291153407584,13.847474399381248,11.387855989696922,35.227318817825825,0.0,0.0
OCCOCCN1CCN(C2=Nc3ccccc3Sc3ccccc32)CC1,0,164.20719288140702,14.743300079491231,5.835619785757269,0.0,0.0,0.0,0.0,4.899909730850477,4.992404732635668,0.0,0.0,42.093720291699164,18.19910120538483,48.078200472295414,25.508032168222314,9.843390348640755,23.284891009831945,0.0,9.799819461700954,4.992404732635668,9.79096695103555,52.54442792310162,54.09438803938988,0.0,0.0,5.687386274683562,0.0,11.761884949391115,73.28639456540056,4.736862953800049,0.0,5.563451491696996,63.314308231364095,0.0,0.0
C[Se]CCC(N)C(=O)O,1,60.775227115774655,0.0,0.0,0.0,0.0,0.0,60.164877580008245,0.0,0.0,0.0,0.0,0.0,0.0,0.0,0.0,9.901064578912528,20.926083664390635,0.0,0.0,5.733667477162185,23.604061859542902,0.0,0.0,0.0,5.733667477162185,0.0,0.0,0.0,32.0744518883793,4.794537184071822,0.0,6.4208216229260096,0.0,11.141399407468931,0.0
O=C(OC1Cc2c(O)cc(O)cc2OC1c1cc(O)c(O)c(O)c1)c1cc(O)c(O)c(O)c1,0,184.74201141230785,50.32594506632574,23.352501887600017,40.60103738745173,0.0,0.0,5.9693052879518484,0.0,4.794537184071822,0.0,0.0,0.0,24.26546827384644,29.680458743243218,5.563451491696996,55.12048225039756,5.9693052879518484,0.0,0.0,0.0,18.628754398422615,0.0,53.08855688586065,51.745606499555144,4.736862953800049,0.0,51.745606499555144,0.0,52.92549083442579,11.157684576726059,0.0,27.58885804691111,36.39820241076966,0.0,0.0
CCCCN1CCCCC1C(=O)Nc1c(C)cccc1C,0,128.27609529258223,5.316788604006331,0.0,0.0,5.907179729351506,0.0,0.0,9.694446914922299,0.0,0.0,0.0,37.964481650927475,57.326355063378415,5.687386274683562,6.041840829147961,4.794537184071822,11.594566004035068,0.0,4.899909730850477,0.0,58.91716054284987,18.406301415831482,29.32600418877882,0.0,5.316788604006331,5.687386274683562,0.0,0.0,29.938443101175093,4.794537184071822,13.847474399381248,50.15474829771466,18.19910120538483,0.0,0.0
N=c1cc(N2CCCCC2)nc(N)n1OS(=O)(=O)O,0,109.5898489680035,10.633577208012662,5.817862777835028,5.48770695145777,5.948339280986494,0.0,10.399000581649608,14.245844542068177,0.0,13.401775505276145,4.7304076419062255,0.0,19.26246486877803,19.15587988028676,0.0,17.254357920605592,22.16520264047113,5.409283605791522,9.714386162853433,0.0,19.26246486877803,23.723090019837812,11.55407401991938,0.0,20.405095222056723,11.766202058821523,0.0,0.0,35.774445832697886,10.399000581649608,5.409283605791522,19.26246486877803,6.06636706846161,0.0,0.0
c1ccc2c(c1)sc1ccccc12,0,80.43509545337886,0.0,0.0,0.0,0.0,0.0,0.0,0.0,0.0,0.0,11.336785877934735,36.39820241076966,12.13273413692322,20.17228826186779,0.0,0.0,31.50907413980253,0.0,0.0,0.0,0.0,0.0,48.53093654769288,0.0,0.0,0.0,0.0,11.336785877934735,0.0,0.0,0.0,0.0,48.53093654769288,0.0,20.17228826186779
CCCCCCCCCCCCCCCc1cccc(O)c1C(=O)O,1,153.02046655427853,10.213054789681411,11.3129633249809,0.0,0.0,0.0,5.9693052879518484,0.0,4.794537184071822,0.0,0.0,96.106330811726,24.471461806010623,0.0,0.0,15.007591973753234,5.9693052879518484,0.0,0.0,0.0,96.81523992065479,0.0,29.32600418877882,5.749511833283905,0.0,0.0,5.749511833283905,0.0,16.182360077633263,6.4208216229260096,0.0,106.3158584651946,18.19910120538483,0.0,0.0
CN1CCN(C2=Nc3ccccc3Oc3ccc(Cl)cc32)CC1,0,140.4982889875376,14.536682415501003,17.272517893724736,5.749511833283905,0.0,0.0,0.0,0.0,4.992404732635668,0.0,0.0,23.733674027155736,37.37950732498524,31.201658937391628,5.563451491696996,4.736862953800049,23.123945950673345,0.0,9.799819461700954,4.992404732635668,0.0,33.22669760632749,53.05065428466959,11.49902366656781,4.736862953800049,5.687386274683562,11.49902366656781,11.600939890232516,48.86213685378571,0.0,0.0,5.563451491696996,47.456974211866935,5.022633313741326,0.0
CCc1oc2ccccc2c1C(=O)c1cc(Br)c(O)c(Br)c1,0,143.75016852808537,9.523678331894054,17.092779393800587,5.783244946364939,0.0,0.0,0.0,4.794537184071822,0.0,0.0,0.0,25.122838405075452,50.05898900128353,17.3704973290878,14.508890523361824,14.318215515965875,48.61237709837067,0.0,0.0,0.0,13.344558822616634,0.0,62.23079184470292,5.749511833283905,0.0,0.0,5.749511833283905,31.859887795898697,10.889772341205646,6.4208216229260096,0.0,28.605424786030877,49.76079237948784,0.0,10.969244356107037
O=C(Cc1cccc(OC(F)(F)F)c1)Nc1ccc(CCCCc2nnc(NC(=O)Cc3ccccn3)s2)nn1,0,230.59559508480115,15.37044016181271,10.75713553013667,5.817862777835028,16.945917938542344,0.0,6.362358859030383,14.573052889090851,0.0,5.098681808301038,28.46729056792757,29.535887083319565,61.22411877124469,18.311593189387548,18.53557124070048,27.497182464968148,34.100566594312106,0.0,25.37870575415136,0.0,44.887288596586444,10.633577208012662,82.75307836601426,5.749511833283905,15.37044016181271,24.120666400698823,5.749511833283905,11.336785877934735,43.55542407188475,35.27236085984768,0.0,34.8005744240987,60.794147187767564,0.0,0.0
O=C(O)c1ccccc1,0,52.75210108613335,5.106527394840706,0.0,0.0,0.0,0.0,5.9693052879518484,0.0,4.794537184071822,0.0,0.0,18.19910120538483,12.13273413692322,0.0,5.563451491696996,9.901064578912528,5.9693052879518484,0.0,0.0,0.0,0.0,0.0,35.89528683400505,0.0,0.0,0.0,0.0,0.0,11.075832682792555,0.0,0.0,10.357988675768818,30.33183534230805,0.0,0.0
COC(=O)C(c1ccccc1Cl)N1CCc2sccc2C1,0,132.65084935545858,4.736862953800049,6.041840829147961,0.0,0.0,0.0,5.9693052879518484,4.899909730850477,4.794537184071822,0.0,11.336785877934735,29.800041095617345,35.06052151370914,22.989293319267777,7.109797541277533,9.53140013787187,28.907031056119102,0.0,4.899909730850477,0.0,19.007418857986547,13.65455394719011,56.73858160361058,0.0,0.0,0.0,0.0,22.93772576816725,24.523768965992435,22.496978166710456,0.0,22.045891006243252,35.711898112773966,5.022633313741326,0.0
COC(=O)NC(C(=O)NC(Cc1ccccc1)C(O)CN(Cc1ccc(-c2ccccn2)cc1)NC(=O)C(NC(=O)OC)C(C)(C)C)C(C)(C)C,0,300.0258549511555,30.530619114459792,12.083681658295921,0.0,5.907179729351506,5.907179729351506,12.18648014187683,19.998844286201233,14.597986892098174,0.0,0.0,102.20609388275983,40.510439682036775,24.849807875135223,32.05933029429979,33.758402038728086,24.00083960057984,0.0,31.369048254031114,10.829980938793557,78.73749010217449,20.764351488467643,90.1201513765464,11.257379486545457,21.376157209129378,9.589074368143644,0.0,0.0,84.09409840398212,32.028378304582326,10.829980938793557,52.66932618153773,78.99324839315241,0.0,11.257379486545457
CC(Cc1cc2c(c(C(N)=O)c1)N(CCCO)CC2)NCCOc1ccccc1OCC(F)(F)F,0,202.55595273004408,30.530619114459796,6.606881964512918,18.105905631080727,0.0,5.907179729351506,6.176298517443475,4.794537184071822,0.0,13.171245143024459,0.0,18.19910120538483,55.51220625724747,32.282992011398605,11.250837766380558,32.54603562953709,11.594566004035068,0.0,5.316788604006331,5.733667477162185,38.404341415060095,44.35482484212695,53.08855688586065,11.49902366656781,25.424091719619092,18.858631417708022,11.49902366656781,0.0,62.68676158206012,12.841643245852019,0.0,34.82945048177944,36.39820241076966,0.0,0.0
C=c1c(O)c(O)cc2c1=CC=C1C2(C)CCC2(C)C3CC(C)(C(=O)O)CCC3(C)CCC12C,1,196.27716139658108,15.319582184522117,0.0,11.49902366656781,0.0,0.0,5.9693052879518484,4.794537184071822,0.0,0.0,0.0,51.99902922609802,90.88083455028791,10.633640445001646,5.414990469396779,20.11411936859394,18.624261078384226,0.0,0.0,27.577867923748506,84.97942782833196,0.0,33.71624314827149,11.49902366656781,10.437299951209736,0.0,11.49902366656781,0.0,21.288887472473967,10.209527653468601,27.577867923748506,85.12788885063219,17.71549170536476,0.0,12.654955790432378
CC(C)CC(N)=O,0,43.70043228247246,5.733667477162185,0.0,0.0,5.907179729351506,0.0,0.0,4.794537184071822,0.0,0.0,0.0,13.847474399381248,5.917906046161393,6.4208216229260096,0.0,4.794537184071822,5.907179729351506,0.0,0.0,11.651573523323577,20.268296022307258,0.0,0.0,0.0,5.733667477162185,0.0,0.0,0.0,5.907179729351506,4.794537184071822,5.917906046161393,20.268296022307258,0.0,0.0,0.0
Clc1ccc(Cn2c(CN3CCCC3)nc3ccccc32)cc1,0,141.0558631757878,4.567099647791355,5.824404497999927,0.0,0.0,0.0,0.0,4.899909730850477,4.983978520947208,0.0,0.0,35.866408164078955,55.7600758232206,11.567389719653901,17.5781578411451,0.0,22.634341325465037,0.0,14.45098789958904,0.0,25.931156057677168,13.08951281182515,64.94142585113113,0.0,0.0,0.0,0.0,11.600939890232516,27.54050071141419,13.08951281182515,0.0,24.229499235548943,48.53093654769288,5.022633313741326,11.033401435232523
Cc1c(C(=O)NN2CCCCC2)nn(-c2ccc(Cl)cc2Cl)c1-c1ccc(Cl)cc1,0,190.05274129056806,0.0,0.0,5.693927994848461,0.0,5.907179729351506,0.0,10.220328581182207,9.690715459099714,5.098681808301038,0.0,53.35637543054678,50.09721578785069,34.261682422701796,16.40394758327335,4.794537184071822,40.70999940004906,0.0,20.21518866451114,0.0,26.186202068468653,13.08951281182515,68.7898489070007,16.944765761229018,5.425791397110385,0.0,0.0,34.802819670697545,33.78608980857741,0.0,6.923737199690624,35.314381539395306,42.46456947923127,15.067899941223978,16.944765761229018
NC(=O)CCC(N)C(=O)O,0,57.996078831724944,16.573862349165076,6.041840829147961,0.0,5.907179729351506,0.0,5.9693052879518484,9.589074368143644,0.0,0.0,0.0,0.0,6.4208216229260096,6.4208216229260096,0.0,14.69560176298435,11.876485017303354,0.0,0.0,11.46733495432437,18.88348407499998,0.0,0.0,0.0,11.46733495432437,0.0,0.0,0.0,23.02485324129202,9.589074368143644,0.0,12.841643245852019,0.0,0.0,0.0
Cc1ccc2c(c1)c1c(n2CCc2ccc(C)nc2)CCN(C)C1,0,143.48248117769933,9.467009378641832,0.0,0.0,0.0,0.0,0.0,4.983978520947208,0.0,0.0,0.0,17.696185628620217,56.641972193763266,54.54271533405479,0.0,0.0,10.902924932081056,0.0,14.450987899589041,0.0,39.77863045705842,13.592428388589765,64.60688937870903,0.0,0.0,0.0,0.0,0.0,28.043416288178808,25.93115605767717,13.847474399381248,28.078210464787908,36.52867891392113,0.0,10.902924932081056
CC1(C)[C@@H](O)CC[C@]2(C)C3C(=O)C=C4C5C[C@@](C)(C(=O)O)CC[C@]5(C)CC[C@@]4(C)[C@]3(C)CC[C@@H]12,0,205.51532524998035,10.213054789681411,0.0,5.783244946364939,0.0,0.0,5.9693052879518484,9.589074368143644,0.0,0.0,0.0,47.11552772821301,109.6979163521653,5.917906046161393,11.518956857145081,19.802129157825057,11.752550234316788,0.0,0.0,50.24366095486484,112.35752139191676,0.0,11.649124636903148,0.0,0.0,0.0,0.0,0.0,28.0695714117465,9.589074368143644,50.24366095486484,106.25355500416846,11.649124636903148,0.0,0.0
CC(c1ncncc1F)C(O)(Cn1cncn1)c1ccc(F)cc1F,0,140.56237734998655,5.106527394840706,36.217452717369106,5.817220841045894,0.0,0.0,0.0,0.0,32.80498364101127,5.098681808301038,0.0,12.990104268152233,6.06636706846161,17.54772460632,18.435527972374114,18.277772537865165,0.0,0.0,24.732420306287842,0.0,24.98745046274828,0.0,72.08694701097467,0.0,0.0,13.171245143024459,0.0,0.0,29.83894770112855,12.145807216896262,17.45166252313768,24.099022732397472,43.37790500129153,0.0,0.0
O=c1c(CC[S+]([O-])c2ccccc2)c(O)n(-c2ccccc2)n1-c1ccccc1,1,171.19992177786105,9.65927726853107,5.752853606746789,4.895483475517775,5.879988336435371,5.559266895052007,0.0,4.794537184071822,9.363605870290368,0.0,0.0,54.59730361615449,47.57405688415495,6.4208216229260096,16.93822404106412,9.65927726853107,11.175854473385288,0.0,9.363605870290368,0.0,11.316305098443785,5.752853606746789,106.91276159774502,17.254760885802494,5.559266895052007,0.0,5.879988336435371,0.0,24.775736745568224,17.5966760963113,0.0,5.563451491696996,100.68552668651378,0.0,11.374772549367124
COc1cc2ncnc(Nc3ccc(F)c(Cl)c3)c2cc1OCCCN1CCOCC1,0,184.64229675297287,19.527377465406477,17.962403693645463,11.49902366656781,0.0,0.0,0.0,4.899909730850477,14.358372089569235,0.0,0.0,11.600939890232516,30.68628989677245,36.77424677534769,37.46977746617387,18.60100390907497,34.00911387483217,0.0,14.867866772744893,0.0,6.4208216229260096,51.881501256560334,47.49900957185981,11.49902366656781,14.790514511606428,15.89566410019341,11.49902366656781,11.600939890232516,61.4325794252989,4.736862953800049,5.817220841045894,6.4208216229260096,36.65915541707259,5.022633313741326,10.902924932081056
C=C(c1ccc(C(=O)O)cc1)c1cc2c(cc1C)C(C)(C)CCC2(C)C,0,156.12812436484657,5.106527394840706,0.0,0.0,0.0,0.0,5.9693052879518484,0.0,4.794537184071822,0.0,0.0,58.53935275620742,76.11845750981367,0.0,5.563451491696996,9.901064578912528,11.542409818021115,0.0,0.0,0.0,58.2903101830987,0.0,76.35784704455014,0.0,0.0,0.0,0.0,0.0,11.075832682792555,10.829980938793557,6.923737199690624,78.7118381788683,42.97713809436816,0.0,5.5731045300692665
NC1CCCCN(c2c(F)cc3c(=O)c(C(=O)O)cn(C4CC4)c3c2Cl)C1,0,159.86624990498916,20.307204250644723,11.38067233274289,0.0,5.428790391900541,0.0,5.9693052879518484,4.794537184071822,9.184952231746642,0.0,0.0,18.021761513158523,31.749653560165648,31.370038041734148,21.612944520505945,14.291479626587348,34.16055638494898,0.0,4.567099647791355,5.733667477162185,44.18778977292597,17.989422542675626,38.889843862531265,0.0,16.062367599913202,10.077801322358383,0.0,11.600939890232516,34.77428597155702,0.0,5.817220841045894,48.50393761954683,17.05774782414651,5.022633313741326,10.902924932081056
C#Cc1cccc(Nc2ncnc3cc4c(cc23)OCCOCCOCCO4)c1,0,168.5264320743277,24.264240419206526,25.358946781625406,11.49902366656781,0.0,0.0,0.0,0.0,9.967957041894415,0.0,6.423349895620259,11.986801387317254,24.26546827384644,22.703429049306965,31.944228575667935,18.947451815200196,22.40817398459965,0.0,9.967957041894415,0.0,0.0,44.95808039108384,48.288973977231194,23.84280788104371,14.790514511606428,11.50524905251859,11.49902366656781,0.0,49.60924882897192,9.473725907600098,12.343784214475903,5.563451491696996,42.7255224855342,0.0,10.902924932081056
CS(=O)(=O)Nc1ccc([N+](=O)[O-])cc1OC1CCCCC1,1,123.05732579477382,4.736862953800049,0.0,5.749511833283905,10.023291153407584,5.687386274683562,0.0,14.836413133217661,8.417796984328938,0.0,0.0,6.4208216229260096,31.749653560165648,6.06636706846161,29.03679996322255,18.077970986946656,21.398063702774706,0.0,0.0,0.0,38.20807450237835,10.977864047963493,28.313419474150404,5.749511833283905,9.458957818252138,11.374772549367124,5.749511833283905,0.0,25.700843604406316,10.023291153407584,10.114318268765572,32.10410811463005,18.19910120538483,0.0,0.0
CCCCCCCCCCCC(CC1OC(=O)C1CCCCCC)OC(=O)C(CC(C)C)NC=O,0,214.21331802015848,14.790514511606428,18.249773604644567,0.0,6.410095306116121,0.0,11.938610575903697,9.589074368143644,4.794537184071822,0.0,0.0,104.74480827387463,31.60119253786543,6.4208216229260096,5.917906046161393,23.85733745981556,18.348705882019818,0.0,5.316788604006331,11.835812092322787,155.0986899931493,0.0,0.0,0.0,5.316788604006331,0.0,0.0,0.0,36.59847948666438,23.85733745981556,11.835812092322787,136.8489163885047,0.0,0.0,0.0
CCN1CCN(Cc2ccc(-c3cc4c(NC(C)c5ccccc5)ncnc4[nH]3)cc2)CC1,0,195.22388984632255,15.200676855804016,17.7923600733673,0.0,0.0,0.0,0.0,4.899909730850477,9.967957041894415,0.0,0.0,61.52104081584511,36.225215149155794,44.45955085355929,5.386224214464796,0.0,16.85126421306755,0.0,24.75175502454258,0.0,26.434071634441786,38.0405706335692,78.11789374277464,11.257379486545457,5.316788604006331,5.817862777835028,0.0,0.0,57.475537054105445,6.544756405912575,0.0,31.0162182119232,66.99099075938065,0.0,22.29078092177798
O=c1cc(-c2cccc3c2Sc2ccccc2S3)oc(N2CCOCC2)c1,1,165.0796355566466,14.053923621703873,5.7602474188744415,11.312972593761549,0.0,0.0,0.0,4.794537184071822,0.0,0.0,0.0,47.78923817262867,18.19910120538483,50.367632342516465,13.213763929025836,9.154013890853395,29.40795210064324,0.0,0.0,0.0,19.5819339020711,31.203186471701464,64.82063119212685,11.323698910571437,10.328700122751018,5.884182201861008,0.0,23.52376989878223,26.303276740850986,4.736862953800049,0.0,0.0,83.39092563935077,0.0,11.323698910571437
NC(=O)OCC(COC(N)=O)c1ccccc1,0,98.48602974460675,20.94106086192447,13.213763929025836,0.0,0.0,0.0,12.18648014187683,0.0,9.589074368143644,0.0,0.0,30.33183534230805,5.563451491696996,0.0,5.917906046161393,19.06280027574374,12.18648014187683,0.0,0.0,11.46733495432437,5.917906046161393,13.213763929025836,35.89528683400505,0.0,11.46733495432437,9.589074368143644,0.0,0.0,25.400244070902666,9.473725907600098,0.0,11.48135753785839,30.33183534230805,0.0,0.0
NC(=O)c1ccc(-c2nc(-c3ccc4c(c3)OCO4)c(-c3ccccn3)[nH]2)cc1,0,165.7036984519306,20.19137190570949,5.824404497999927,11.49902366656781,12.700122035451333,0.0,0.0,9.778515705019029,4.983978520947208,0.0,0.0,18.19910120538483,42.46456947923127,22.887198046704064,17.081783984545382,14.268263091671919,5.907179729351506,0.0,14.951935562841623,5.733667477162185,0.0,6.792942306099827,72.42396574792619,45.53211513250711,15.207393384762284,0.0,11.49902366656781,0.0,27.652057598292956,0.0,0.0,10.357988675768818,66.86051425622918,0.0,34.0330914659393
CC1(C)SC2C(NC(=O)C(N)c3ccc(O)cc3)C(=O)N2C1C(=O)O,0,147.9148923371173,26.16342060170041,29.248907133696527,0.0,11.814359458703011,0.0,5.9693052879518484,9.589074368143644,4.794537184071822,0.0,11.761884949391115,12.13273413692322,31.54366002800146,4.747022453217559,0.0,24.596666341896878,29.545549696045974,0.0,10.216698334856808,5.733667477162185,42.09389215301143,0.0,29.828919765543436,5.749511833283905,11.050456081168516,0.0,5.749511833283905,11.761884949391115,55.10120619166896,14.383611552215466,0.0,25.452766720226204,24.26546827384644,0.0,0.0
CN1CCN2c3ccccc3Cc3ccccc3C2C1,0,120.18615504528893,9.799819461700954,0.0,0.0,0.0,0.0,0.0,0.0,0.0,0.0,0.0,42.46456947923127,36.225215149155794,25.32165549242129,6.041840829147961,0.0,5.687386274683562,0.0,4.899909730850477,0.0,12.462662452073971,31.581850931265393,65.22129102278387,0.0,4.899909730850477,5.687386274683562,0.0,0.0,31.581850931265393,6.4208216229260096,0.0,22.73219530423895,48.53093654769288,0.0,0.0
CC12CCC3c4ccc(O)cc4CCC3C1CCC2=O,0,119.74897088390837,5.106527394840706,11.532756779648844,0.0,0.0,0.0,0.0,4.794537184071822,0.0,0.0,0.0,12.990104268152233,73.11746337343143,11.835812092322788,0.0,9.901064578912528,5.783244946364939,0.0,0.0,17.250802561719567,51.36657298340809,0.0,29.32600418877882,5.749511833283905,0.0,0.0,5.749511833283905,0.0,10.889772341205646,11.21535880699783,17.250802561719567,56.07265434387607,18.19910120538483,0.0,0.0
CCCCCC(O)C=CC1C(O)CC(=O)C1CCCCCCC(=O)O,0,150.6834624723272,15.319582184522117,5.783244946364939,0.0,0.0,0.0,5.9693052879518484,9.589074368143644,0.0,0.0,0.0,57.600707150914445,19.26246486877803,24.677455338174806,12.207932775496605,24.90865655266576,11.752550234316788,0.0,0.0,11.835812092322787,89.76070782737335,0.0,12.152040213667762,0.0,0.0,0.0,0.0,0.0,39.280065194335506,9.589074368143644,11.835812092322787,77.55277505187675,12.152040213667762,0.0,0.0
CC#CC1(O)CCC2C3=C(C4=C(CC3)CC(=O)CC4)C(c3ccc(N(C)C)cc3)CC21C,0,192.13735598643598,10.006437125691182,11.384295757348628,0.0,0.0,0.0,0.0,4.794537184071822,0.0,0.0,5.920434318855644,36.12311471560802,80.20896767216685,43.95727000144813,0.0,9.901064578912528,11.470631221048501,0.0,0.0,11.332896515558172,76.73300423993442,18.995253696204855,52.1213378858205,11.840868637711289,4.899909730850477,5.687386274683562,0.0,0.0,30.586167117543713,4.794537184071822,23.173765153269457,76.69540492064772,46.55788639412351,0.0,0.0
Oc1c2c(c(O)n1CCCCN1CCN(c3nsc4ccccc34)CC1)CCCC2,0,181.06617291570885,15.11296452053189,5.817862777835028,11.759976672870742,0.0,0.0,0.0,9.467009378641832,0.0,4.3735399814164495,0.0,12.13273413692322,68.73490689195854,49.236909227421656,4.6999199164691,10.213054789681411,27.4364935203356,0.0,13.840549360058281,0.0,45.069686143468644,37.62369176041335,35.392371257240434,11.759976672870742,4.899909730850477,5.817862777835028,11.759976672870742,11.532486611566675,56.77738617930256,19.386399651764595,0.0,36.81018947509803,24.26546827384644,0.0,10.086144130933896
CC1OC(OC2C(O)C(OCCc3ccc(O)c(O)c3)OC(CO)C2OC(=O)C=Cc2ccc(O)c(O)c2)C(O)C(O)C1O,0,250.86859994840285,69.6430613225666,36.62379832648981,41.682067179554345,0.0,0.0,5.9693052879518484,0.0,4.794537184071822,0.0,0.0,12.13273413692322,54.81295018669094,6.076020106833881,19.31773031677414,74.43759850663842,12.04532539478573,0.0,0.0,0.0,74.75634338327346,13.213763929025836,53.60112550099753,22.99804733313562,0.0,0.0,22.99804733313562,0.0,126.5536003312009,34.89967357599808,0.0,18.050640183084614,42.47422251760354,0.0,6.076020106833881
CC12CCC3c4ccc(OC(=O)c5ccccc5)cc4CCC3C1CCC2O,0,166.2845524338759,9.843390348640755,5.749511833283905,0.0,0.0,0.0,5.9693052879518484,0.0,4.794537184071822,0.0,0.0,31.18920547353706,97.08600960267745,0.0,11.6674178794453,14.637927532712576,5.9693052879518484,0.0,0.0,17.250802561719567,57.47053937115639,0.0,65.22129102278387,5.749511833283905,4.736862953800049,0.0,5.749511833283905,0.0,17.17979907054086,6.4208216229260096,17.250802561719567,66.43064301964488,48.53093654769288,0.0,0.0
c1cn2cc(-c3ccc4c[nH]nc4c3)nc(Nc3ccc(N4CCOCC4)cc3)c2n1,0,178.05915277820665,19.35425589491865,0.0,11.465039998602755,0.0,0.0,0.0,5.098681808301038,9.967957041894415,5.098681808301038,0.0,12.13273413692322,30.33183534230805,60.201335353806364,24.42439264149056,4.736862953800049,33.742737480050934,0.0,24.566015264758285,0.0,0.0,36.5199750757078,67.25194376568358,11.257379486545457,10.216698334856808,17.19263532720215,0.0,0.0,50.86929200560927,4.736862953800049,0.0,0.0,67.25194376568358,0.0,27.807481639394243
O=C1Nc2ccccc2C1=O,0,63.028362578456516,5.316788604006331,0.0,0.0,0.0,11.690424675716445,0.0,9.589074368143644,0.0,0.0,0.0,12.13273413692322,12.13273413692322,0.0,11.250837766380558,9.589074368143644,17.377810950400008,0.0,0.0,0.0,0.0,5.316788604006331,29.828919765543436,0.0,5.316788604006331,5.687386274683562,0.0,0.0,11.690424675716445,4.794537184071822,0.0,10.357988675768818,24.26546827384644,0.0,0.0
CC(C)[N+]1(C)C2CCC1CC(OC(=O)C(CO)c1ccccc1)C2,0,144.5680366525364,14.326421206335379,12.021872433909696,0.0,0.0,0.0,5.9693052879518484,4.794537184071822,0.0,0.0,0.0,30.33183534230805,19.410925891078243,25.683286491704038,31.78007643463399,19.120958390407203,5.9693052879518484,0.0,0.0,0.0,69.67815581243887,13.654553947190108,35.89528683400505,0.0,0.0,0.0,0.0,0.0,53.442906362869465,9.53140013787187,0.0,51.01211842894368,30.33183534230805,0.0,0.0
CC1C(=O)O[C@@H]2OC3(C)CC[C@H]4[C@H](C)CC[C@@H]1[C@@]24OO3,0,118.37011434907474,9.473725907600098,0.0,5.601050810983688,12.07713788190581,0.0,5.9693052879518484,4.794537184071822,9.775141906512223,0.0,0.0,13.847474399381248,32.104108114630044,18.256633715248796,5.917906046161393,24.043404998184144,5.9693052879518484,0.0,0.0,23.671624184645573,64.13268678366542,0.0,0.0,0.0,0.0,0.0,0.0,0.0,23.647493980841347,24.043404998184144,23.671624184645573,46.454498090775914,0.0,0.0,0.0
CCN(CC)CC(=O)Oc1ccc(NC(C)=O)cc1,0,113.09722531807569,10.05365155780638,5.749511833283905,0.0,5.907179729351506,0.0,5.9693052879518484,14.48898409899412,0.0,0.0,0.0,13.847474399381248,37.35498108567159,12.611123474374185,6.544756405912575,14.325937321943691,17.563871291986917,0.0,4.899909730850477,0.0,20.771211599071872,24.951057821744055,24.26546827384644,5.749511833283905,10.05365155780638,5.687386274683562,5.749511833283905,0.0,36.41066396589156,9.589074368143644,0.0,20.771211599071872,24.26546827384644,0.0,0.0
CC(C)(C)c1ccc(S(=O)(=O)NCc2ccc(C(=O)Nc3cccnc3)cc2)cc1,0,176.97691455862605,5.316788604006331,0.0,0.0,10.023291153407584,5.907179729351506,0.0,9.778515705019029,13.139891848781026,0.0,0.0,45.03667987291831,52.94009586356043,18.305051469222647,16.779713321814413,13.212334168400758,21.61785715744265,0.0,9.706073385399296,0.0,37.626441949899,5.316788604006331,89.74771230293327,0.0,10.038883468458419,5.687386274683562,0.0,0.0,19.30895523462765,21.983038028716937,0.0,42.25610325823468,77.95284130336003,0.0,0.0
Cc1ccc(Cl)c(Nc2ccccc2C(=O)O)c1Cl,0,120.3305320439654,10.423315998847038,0.0,0.0,0.0,0.0,5.9693052879518484,0.0,4.794537184071822,0.0,0.0,41.40098098584986,30.686289896772447,0.0,26.98349066854677,9.901064578912528,40.545957617784005,0.0,0.0,0.0,6.923737199690624,5.316788604006331,57.5703720216463,0.0,5.316788604006331,11.374772549367124,0.0,23.20187978046503,11.075832682792555,0.0,6.923737199690624,15.921440167465814,36.39820241076966,10.045266627482652,0.0
CCCCCCOC(=O)N=C(N)c1ccc(NCc2nc3cc(C(=O)N(CCC(=O)OCC)c4ccccn4)ccc3n2C)cc1,0,268.1813235590379,25.09128163655997,17.477887061592224,0.0,0.0,5.907179729351506,12.062545358890263,14.48898409899412,14.762494225966236,4.992404732635668,0.0,32.25256913693026,67.94186243877112,36.6035612182804,37.21274339309694,23.85733745981556,46.343995361750146,0.0,14.53505668968577,17.773744192475043,52.49633891992386,29.975218669795222,83.81182173762312,0.0,15.950365812018994,16.299786236590414,0.0,0.0,58.09892189862322,27.860691480261686,0.0,67.69742717947703,71.85291898886486,0.0,11.033401435232523
OCCN1CC(O)C(O)C(O)C1CO,0,82.01901710626,25.532636974203527,12.207932775496605,0.0,0.0,0.0,0.0,4.899909730850477,0.0,0.0,0.0,0.0,0.0,13.08951281182515,25.3595711459221,25.532636974203527,0.0,0.0,4.899909730850477,0.0,24.35373999239287,26.303276740850986,0.0,0.0,0.0,0.0,0.0,0.0,81.08956343829786,0.0,0.0,0.0,0.0,0.0,0.0
CNS(=O)(=O)CCc1ccc2[nH]cc(C3CCN(C)CC3)c2c1,0,137.6713476945132,9.883888251797686,0.0,0.0,10.023291153407584,0.0,0.0,0.0,13.139891848781026,0.0,0.0,6.06636706846161,75.62486481243616,17.099768503694133,5.752853606746789,8.417796984328938,20.92621608548864,0.0,14.605983116249774,0.0,25.18037091493942,32.937710383926316,35.5228477603919,0.0,4.722094864452088,0.0,0.0,0.0,51.23939562005293,16.444112776333593,0.0,29.886452275407404,24.395944776997908,0.0,10.902924932081056
O=C(c1ccc(F)c(F)c1Nc1ccc(I)cc1F)N1CC(O)(C2CCCCN2)C1,0,185.33507226755358,20.640014333703846,11.418271652029581,11.634441682091788,0.0,5.907179729351506,0.0,4.794537184071822,13.171245143024459,0.0,0.0,6.4208216229260096,72.3091056211407,9.612023100213356,30.027736852889273,23.07230972193699,39.87282290578669,0.0,10.216698334856808,0.0,30.905356508909676,24.951057821744058,56.91713162820813,0.0,10.633577208012662,24.54601769239158,0.0,22.590870627068057,47.19077771291205,0.0,21.02184479420308,29.620453544546848,30.33183534230805,0.0,0.0
CN(C)CCOC(c1ccccc1)c1ccccc1,0,115.18658679725432,9.636772684650527,6.103966387748303,0.0,0.0,0.0,0.0,0.0,0.0,0.0,0.0,60.6636706846161,25.22224694874837,6.544756405912575,6.606881964512918,4.736862953800049,0.0,0.0,4.899909730850477,0.0,6.103966387748303,27.246982335779872,71.7905736680101,0.0,0.0,0.0,0.0,0.0,32.14689206663035,4.736862953800049,0.0,17.230869371142294,60.6636706846161,0.0,0.0
NC(=O)Cc1cccc(C(=O)c2ccccc2)c1N,0,110.5861492628638,11.46733495432437,0.0,5.783244946364939,5.907179729351506,0.0,0.0,9.589074368143644,0.0,0.0,0.0,42.46456947923127,11.629818560158606,16.814289258077554,6.4208216229260096,9.589074368143644,17.377810950400008,0.0,0.0,5.733667477162185,6.4208216229260096,5.733667477162185,65.22129102278387,0.0,11.46733495432437,5.687386274683562,0.0,0.0,11.690424675716445,11.21535880699783,0.0,21.48489165916281,48.53093654769288,0.0,0.0
CC(=O)O[C@@H]1CC[C@]2(C)C3C(=O)C=C4C5[C@@H](C)[C@H](C)CC[C@]5(C)CC[C@@]4(C)[C@]3(C)CC[C@H]2[C@@]1(C)C(=O)O,0,222.7260430561282,9.843390348640755,11.518956857145081,5.783244946364939,0.0,0.0,11.938610575903697,14.383611552215466,0.0,0.0,0.0,47.11552772821301,109.69791635216528,12.841643245852017,0.0,24.227001900856216,17.721855522268637,0.0,0.0,56.66448257779085,112.86043696868137,0.0,11.649124636903148,0.0,0.0,0.0,0.0,0.0,28.932349304857645,19.120474506015512,56.66448257779085,106.75647058093307,11.649124636903148,0.0,0.0
C=CCc1cccc(C=NNC(=O)CN2CCN(Cc3ccccc3)CC2)c1O,0,171.69817028055985,5.106527394840706,5.749511833283905,0.0,0.0,5.907179729351506,0.0,14.594356645772777,5.425791397110385,5.101407525739722,6.578935683598497,48.54058958606515,23.61409167478161,38.28723352125987,12.75935698544789,9.901064578912528,12.121780308886823,0.0,15.22561085881134,5.101407525739722,12.965578028838586,32.72378202956288,77.87624681321626,5.749511833283905,5.425791397110385,0.0,5.749511833283905,0.0,59.75190919499135,17.760115212910407,0.0,16.690354475090988,66.28729986386497,0.0,0.0
CC1OC(OC2CC(O)C3(CO)C4C(O)CC5(C)C(C6=CC(=O)OC6)CCC5(O)C4CCC3(O)C2)C(O)C(O)C1O,1,238.08906808370742,55.062808020125786,24.918781127757825,6.290026729335213,0.0,0.0,5.9693052879518484,0.0,4.794537184071822,0.0,0.0,6.923737199690624,56.43676193671273,30.25055986824407,47.63983960687028,59.85734520419761,5.9693052879518484,0.0,0.0,28.583699077277736,119.01311882540404,13.213763929025836,11.649124636903148,0.0,0.0,0.0,0.0,0.0,120.25518144124406,19.005126045471968,28.583699077277736,58.79322575986333,11.649124636903148,0.0,0.0
COC1CCN(C(=O)c2cc(Cc3n[nH]c(=O)c4ccccc34)ccc2F)CC1,0,166.8535756519616,9.636772684650527,5.817220841045894,0.0,0.0,11.466446624403513,0.0,9.589074368143644,9.489096855975857,5.098681808301038,0.0,24.26546827384644,36.60419594293384,32.00635619049349,22.747570088758557,13.92181518554669,16.679628158281098,0.0,15.097273347452553,0.0,25.36643125652633,20.199310353102685,75.45642537764344,0.0,5.559266895052007,4.39041504767482,0.0,0.0,47.30772981765504,11.157684576726059,5.817220841045894,34.457011408166295,47.25910666330309,0.0,10.772448428929591
COc1ccccc1OCC(O)CO,0,82.70672954048919,19.68678069728151,12.71084835226122,11.49902366656781,0.0,0.0,0.0,0.0,0.0,0.0,0.0,12.13273413692322,12.13273413692322,0.0,13.716679505790452,19.68678069728151,0.0,0.0,0.0,0.0,6.103966387748303,20.32356147030337,24.26546827384644,11.49902366656781,9.473725907600098,0.0,11.49902366656781,0.0,36.64058264773308,0.0,0.0,0.0,24.26546827384644,0.0,0.0
Cc1cn(C2CC(N=[N+]=[N-])C(CO)O2)c(=O)[nH]c1=O,0,106.62903730140096,9.843390348640755,6.22790117073487,0.0,0.0,5.559266895052007,5.689743398203474,14.345615352810384,4.794537184071822,0.0,0.0,5.114250125629398,12.454866198475877,23.092828333488544,18.75268918140918,9.843390348640755,0.0,0.0,9.551078168738563,5.114250125629398,31.718267210247767,6.606881964512918,43.041220370746906,0.0,11.24901029325548,0.0,0.0,0.0,33.41029474498845,4.736862953800049,6.923737199690624,18.212174285357875,20.900168065386115,0.0,10.442840646037716
CCN1CCN(C(=O)NC(C(=O)NC2C(=O)N3C2SC(C)(C)C3C(=O)O)c2ccccc2)C(=O)C1=O,0,210.8836273593016,25.53992406455432,23.499395300412623,0.0,11.814359458703011,0.0,23.81477925899293,24.07805846713776,9.589074368143644,0.0,11.761884949391115,30.33183534230805,26.334663090768867,24.381291670955285,0.0,33.87375049927164,47.391023667087055,0.0,25.333306400564094,0.0,49.017629352702045,19.634269217737724,35.89528683400505,0.0,10.633577208012662,4.794537184071822,0.0,11.761884949391115,97.27424144730804,23.97268592035911,0.0,32.37650391991683,30.33183534230805,0.0,0.0
CCN1CCC[C@@H]1CNC(=O)c1cc(S(N)(=O)=O)ccc1OC,1,136.3954807683271,10.05365155780638,5.749511833283905,0.0,10.023291153407584,5.907179729351506,0.0,9.694446914922299,13.556770721936878,0.0,0.0,6.923737199690624,44.130257263062,12.586597235060536,17.568732508492303,17.949197122200808,15.930470882759089,0.0,10.216698334856808,5.138973737607942,30.70270475020838,26.744066759015258,23.762552697081826,5.749511833283905,15.192625295414322,0.0,5.749511833283905,0.0,52.010794032694136,10.023291153407584,0.0,30.12336912131146,23.094584680902603,0.0,0.0
Cc1nc2c([nH]1)-c1ccccc1N(C(=O)c1ccc(NC(=O)c3ccccc3-c3ccccc3)cc1)CC2,1,220.5402078180666,15.200676855804016,5.824404497999927,0.0,0.0,11.814359458703011,0.0,9.589074368143644,4.983978520947208,0.0,0.0,66.73003775307771,54.44884259385427,35.34331877861314,17.075242264380485,9.589074368143644,23.189132008070136,0.0,9.967957041894415,0.0,13.344558822616634,16.761454740769384,125.77347564008981,22.384282469939446,10.216698334856808,11.374772549367124,0.0,0.0,28.32707290651,6.4208216229260096,6.923737199690624,32.23430984438602,103.12824016384741,0.0,22.384282469939446
CC(C)(C)NC(=O)C1CC2CCCCC2CN1CC(O)C(Cc1ccccc1)NC(=O)C(CC(N)=O)NC(=O)c1ccc2ccccc2n1,0,287.9614492327174,26.790560684021884,11.735768823996422,0.0,17.721539188054518,5.907179729351506,0.0,24.07805846713776,4.983978520947208,0.0,0.0,73.85976848493253,69.5656741887929,24.014662278673292,30.125170386586497,24.28467613112799,34.53164384948708,0.0,25.834254063816676,17.569479569484972,95.48537708712948,13.08951281182515,77.98741723962318,0.0,21.684033289181176,0.0,0.0,0.0,81.4770615034451,20.804433175141472,11.835812092322787,75.34805800724523,66.73003775307771,0.0,10.902924932081056
O=C(O)c1cc(-c2ccc(F)cc2F)ccc1O,1,100.93449985024587,10.213054789681411,22.94740500707269,0.0,0.0,0.0,5.9693052879518484,0.0,13.575367279421462,0.0,0.0,6.06636706846161,29.828919765543436,11.629818560158606,0.0,23.78842206910287,5.9693052879518484,0.0,0.0,0.0,0.0,0.0,53.59609558455845,16.876414816677897,0.0,8.78083009534964,5.749511833283905,0.0,16.182360077633263,0.0,11.634441682091788,10.357988675768818,36.39820241076966,0.0,11.126902983393991
C#CCN(C)Cc1ccccc1,0,74.01517275354266,0.0,0.0,0.0,0.0,0.0,0.0,4.899909730850477,0.0,0.0,6.423349895620259,36.252269661163695,12.611123474374185,6.544756405912575,6.544756405912575,0.0,0.0,0.0,4.899909730850477,0.0,6.544756405912575,13.592428388589765,35.89528683400505,12.343784214475903,0.0,0.0,0.0,0.0,18.49233811944024,6.544756405912575,12.343784214475903,5.563451491696996,30.33183534230805,0.0,0.0
NC(=O)CN1CC(O)CC1=O,0,63.77513276578297,15.740104602853368,0.0,0.0,11.814359458703011,0.0,0.0,9.589074368143644,0.0,0.0,0.0,0.0,0.0,6.544756405912575,19.069544416586886,14.69560176298435,11.814359458703011,0.0,4.899909730850477,5.733667477162185,12.524788010674312,13.08951281182515,0.0,0.0,5.733667477162185,0.0,0.0,0.0,41.01427578396765,9.589074368143644,0.0,6.4208216229260096,0.0,0.0,0.0
C=C(C)C1CCC2(C(=O)O)CCC3(C)C(CCC4C5(C)CCC(O)C(C)(C)C5CCC43C)C12,0,201.35380314993657,10.213054789681411,0.0,0.0,0.0,0.0,5.9693052879518484,4.794537184071822,0.0,0.0,0.0,46.77072621212088,122.38144553734482,0.0,11.518956857145081,15.007591973753234,5.9693052879518484,0.0,0.0,56.66448257779085,111.85460581515214,0.0,12.152040213667764,0.0,0.0,0.0,0.0,0.0,22.286326465381563,4.794537184071822,56.66448257779085,105.75063942740384,12.152040213667764,0.0,0.0
C[C@H](CCC(=O)NCCS(=O)(=O)O)[C@H]1CC[C@H]2[C@@H]3[C@@H](O)C[C@@H]4C[C@H](O)CC[C@]4(C)[C@H]3CC[C@]12C,0,204.7679670717123,15.529843393687743,0.0,0.0,5.907179729351506,10.118126859033554,0.0,9.347287057762186,0.0,8.417796984328938,0.0,20.771211599071872,104.12481182209602,12.965578028838586,17.96078638224339,27.978138831772533,16.02530658838506,0.0,5.316788604006331,46.33741721576191,97.18736060382858,12.297610012659364,0.0,0.0,5.316788604006331,0.0,0.0,0.0,53.59632416520818,14.912664043105377,46.33741721576191,84.97942782833198,0.0,0.0,0.0
CC1(C)SC2C(NC(=O)Cc3ccccc3)C(=O)N2C1C(=O)O,0,137.78076788790858,15.323225729697514,17.45755447126466,0.0,11.814359458703011,0.0,5.9693052879518484,9.589074368143644,4.794537184071822,0.0,11.761884949391115,30.33183534230805,19.410925891078243,4.747022453217559,6.4208216229260096,19.490138947056174,29.545549696045974,0.0,10.216698334856808,0.0,42.47287294678948,0.0,35.89528683400505,0.0,5.316788604006331,0.0,0.0,11.761884949391115,49.994678796828254,20.804433175141472,0.0,19.410925891078243,30.33183534230805,0.0,0.0
CC1(C)C(C(=O)O)N2C(=O)CC2S1(=O)=O,0,86.78469352582083,10.006437125691182,11.4157136421167,9.837253136417502,5.907179729351506,0.0,5.9693052879518484,4.794537184071822,13.212334168400758,0.0,0.0,0.0,13.847474399381248,0.0,11.167844076143568,23.113398747313287,21.713738153720854,0.0,4.899909730850477,0.0,36.43103211764152,0.0,0.0,0.0,0.0,0.0,0.0,0.0,46.46345522265773,19.426327504561144,0.0,20.268296022307258,0.0,0.0,0.0
CCOC(=O)c1c(C)n(C)c2ccc(O)cc12,0,99.42621121257149,14.41048999643211,5.749511833283905,0.0,0.0,0.0,5.9693052879518484,0.0,4.794537184071822,0.0,0.0,0.0,32.046575604766076,23.64452490960671,12.170333456209914,14.637927532712576,16.872230220032908,0.0,4.567099647791355,7.04767198267719,13.847474399381248,6.606881964512918,29.456480691930285,5.749511833283905,0.0,0.0,5.749511833283905,0.0,22.249814295096826,11.78453493647724,6.923737199690624,22.9756538703079,18.19910120538483,0.0,10.902924932081056
Cc1cc2c(C(C)C)c(O)c(O)c(C=O)c2c(O)c1-c1c(C)cc2c(C(C)C)c(O)c(O)c(C=O)c2c1O,0,218.58969424626113,30.63916436904423,11.49902366656781,35.57036837939473,0.0,0.0,0.0,9.589074368143644,0.0,0.0,0.0,39.827682935685715,47.582637904027614,33.02625439571757,11.126902983393991,40.22823873718787,34.11721790411829,0.0,0.0,0.0,53.37823529046652,0.0,45.513443087105195,45.62397398309742,0.0,0.0,34.49707099970343,0.0,43.211485415303336,0.0,13.847474399381248,82.5005442094109,12.13273413692322,0.0,32.671799841253176
CCCCCCCCCCCCCCCCCC(=O)OC,1,132.5832764165192,4.736862953800049,0.0,0.0,0.0,0.0,5.9693052879518484,4.794537184071822,0.0,0.0,0.0,96.81523992065479,6.4208216229260096,6.4208216229260096,7.109797541277533,9.53140013787187,5.9693052879518484,0.0,0.0,0.0,109.65688316650682,7.109797541277533,0.0,0.0,0.0,0.0,0.0,0.0,13.079102829229381,9.53140013787187,0.0,109.65688316650682,0.0,0.0,0.0
Clc1ccc(COC(Cn2ccnc2)c2ccc(Cl)cc2Cl)cc1,0,155.30254167352285,9.303962601591405,6.103966387748303,0.0,0.0,0.0,0.0,0.0,4.983978520947208,0.0,0.0,53.00192087608238,29.828919765543436,33.025038576147125,19.478958445190035,4.736862953800049,34.802819670697545,0.0,9.551078168738563,0.0,19.255604758173796,0.0,87.38037962183995,0.0,0.0,0.0,0.0,34.802819670697545,9.551078168738563,17.888501324225544,0.0,17.230869371142294,61.18557669722196,15.067899941223978,0.0
CCCCCCCCCCCCCCCC[N+](C)(C)C,0,129.27801424376722,4.483030857694624,0.0,0.0,0.0,0.0,0.0,0.0,0.0,0.0,0.0,83.97359667480276,12.841643245852019,0.0,27.687772353944144,4.483030857694624,0.0,0.0,0.0,0.0,96.81523992065479,27.687772353944144,0.0,0.0,0.0,0.0,0.0,0.0,32.17080321163877,0.0,0.0,96.81523992065479,0.0,0.0,0.0
Clc1ccc(C(Cn2ccnc2)OCc2c(Cl)cccc2Cl)c(Cl)c1,0,165.60580790040456,9.303962601591405,6.103966387748303,0.0,0.0,0.0,0.0,0.0,4.983978520947208,0.0,0.0,58.53649369785329,24.26546827384644,43.61112338158544,19.478958445190035,4.736862953800049,46.40375956093006,0.0,9.551078168738563,0.0,19.255604758173796,0.0,86.33664586711966,0.0,0.0,0.0,0.0,46.40375956093006,9.551078168738563,17.888501324225544,0.0,17.230869371142294,55.11920962876035,20.090533254965305,0.0
CO[C@H]1/C=C/O[C@@]2(C)Oc3c(C)c(O)c4c(O)c(c(C=NN5CCN(C6CCCC6)CC5)c(O)c4c3C2=O)NC(=O)C(C)=CC=CC(C)[C@H](O)[C@@H](C)[C@@H](O)[C@@H](C)[C@H](OC(C)=O)[C@@H]1C,0,368.3686961824858,49.79687739341005,23.35250188760002,5.749511833283905,0.0,11.690424675716445,11.756416440522445,24.292433807020473,0.0,5.101407525739722,0.0,58.76465236511615,32.76513775206715,93.37254281433366,52.98909366374336,58.86370034161918,40.33416524681676,0.0,9.908822254805008,28.77303171038529,117.31800162194078,38.60561176893417,52.82961988091657,22.99804733313562,10.05365155780638,5.687386274683562,22.99804733313562,0.0,128.84943046985177,23.79966322954379,30.595361384336194,95.6343385487012,41.2406729315653,0.0,10.772448428929591
COC1C(=O)C(C)C[C@H](C)/C=C/C=C/C=C(\C)[C@@H](OC)C[C@@H]2CC[C@@H](C)[C@@](O)(O2)C(=O)C(=O)N2CCCCC2C(=O)O[C@H]([C@@H](C)C[C@@H]2CC[C@@H](OCCO)[C@H](OC)C2)CC(=O)C(C)=CC(C)[C@H]1O,1,404.56592103765064,48.64066963817289,18.249773604644567,11.566489892729878,5.7871111525705965,11.690424675716445,5.9693052879518484,19.178148736287287,4.794537184071822,0.0,0.0,71.0748066394564,106.95561782726408,58.46951041408137,43.73359586776735,67.71344582768151,29.22621985639817,0.0,4.899909730850477,35.507436276968356,180.0727365689032,41.087912958771014,47.60232970114182,0.0,0.0,0.0,0.0,0.0,145.09034142649844,52.3938636431594,35.507436276968356,125.5160198729465,47.60232970114182,0.0,0.0
Cc1ccc(C(=O)c2cc(O)c(O)c([N+](=O)[O-])c2)cc1,0,113.62134688128981,10.213054789681411,0.0,11.532756779648844,5.749511833283905,0.0,5.687386274683562,14.908855452837393,0.0,0.0,0.0,29.828919765543436,12.990104268152233,17.193270051855603,4.923311048817671,19.930903022570906,11.470631221048501,0.0,0.0,0.0,6.923737199690624,0.0,63.20287515462622,11.49902366656781,0.0,5.687386274683562,11.49902366656781,0.0,20.919610784864023,0.0,17.038055468456196,21.48489165916281,36.39820241076966,0.0,0.0
Cc1cc(-c2ccc(N=Nc3ccc4c(S(=O)(=O)O)cc(S(=O)(=O)O)c(N)c4c3O)c(C)c2)ccc1N=Nc1ccc2c(S(=O)(=O)O)cc(S(=O)(=O)O)c(N)c2c1O,1,328.3722476575108,21.68038974400578,30.956706451438222,11.49902366656781,0.0,40.472507436134215,0.0,18.210999494761456,0.0,43.899688188574544,10.228500251258795,24.26546827384644,84.63221691386214,10.772448428929591,33.52199352766384,62.09524222175861,96.14172194209475,0.0,0.0,20.45700050251759,33.42940830145235,11.46733495432437,83.92330780493333,22.6259266499618,11.46733495432437,34.124317648101375,11.49902366656781,0.0,62.09524222175861,40.472507436134215,13.847474399381248,11.126902983393991,112.83533922612804,0.0,32.671799841253176
CNCc1ccc(-c2cc(-c3nc(-c4ccc(S(=O)(=O)C(C)C)cc4)cnc3N)on2)cc1,0,192.34717708476506,15.573551018141863,5.693927994848461,27.10929132797543,0.0,0.0,0.0,0.0,18.385754026223353,0.0,0.0,41.55486566789511,38.59133201067865,23.738026457768175,22.03619307196149,12.940891921302285,15.65511591425253,0.0,20.44140890302619,0.0,30.537652310793774,12.781339459839375,66.35759867946456,33.96893438681382,11.050456081168516,5.817862777835028,0.0,0.0,35.84002729600817,16.382009542330078,0.0,19.410925891078243,70.21272560025871,0.0,33.96893438681382
CCC(C(=O)O)c1ccc(N2Cc3ccccc3C2=O)cc1,0,128.54943048089834,10.006437125691182,0.0,0.0,0.0,5.907179729351506,5.9693052879518484,9.589074368143644,0.0,0.0,0.0,37.255572541998674,35.74682581170483,11.250837766380558,12.462662452073968,14.69560176298435,17.563871291986917,0.0,0.0,0.0,25.8072212746906,4.899909730850477,65.22129102278387,0.0,4.899909730850477,5.687386274683562,0.0,0.0,16.98301241214406,11.339293589984397,0.0,40.74735652794083,48.53093654769288,0.0,0.0
OC(CC1c2ccccc2-c2cncn21)C1CCCCC1,0,125.19432768882416,9.67362704263206,0.0,0.0,0.0,0.0,0.0,0.0,4.983978520947208,0.0,0.0,43.52793314262448,30.74382240663642,5.563451491696996,30.36389885812234,5.106527394840706,0.0,0.0,9.551078168738563,5.917906046161393,50.67073695445232,0.0,42.353083411921055,11.257379486545457,0.0,0.0,0.0,0.0,20.76157195132757,0.0,5.917906046161393,50.13022205840102,36.78963192022406,0.0,11.257379486545457
O=C(C(O)CO)C(O)C(O)CO[C@H]1O[C@H](CO)[C@H](O)[C@H](O)[C@H]1O,0,130.49026570928865,50.32594506632574,42.72776471423811,12.073271675700152,0.0,0.0,0.0,4.794537184071822,0.0,0.0,0.0,0.0,0.0,0.0,19.820645893538753,55.12048225039756,5.783244946364939,0.0,0.0,0.0,49.01779144357333,19.820645893538753,0.0,0.0,0.0,0.0,0.0,0.0,115.47390144220269,14.268263091671919,0.0,0.0,0.0,0.0,0.0
O=S(=O)(O)NC1CCCCC1,0,66.87200615056054,0.0,0.0,0.0,0.0,0.0,10.304164876023634,4.552749873690364,0.0,13.139891848781026,0.0,19.26246486877803,12.841643245852019,6.041840829147961,0.0,12.9705468580193,10.304164876023634,0.0,4.722094864452088,0.0,38.14594894377801,0.0,0.0,0.0,4.722094864452088,0.0,0.0,0.0,19.012387687167262,10.304164876023634,0.0,32.10410811463005,0.0,0.0,0.0
COc1ncnc(NS(=O)(=O)c2ccc(N)cc2)c1OC,1,121.53529674829686,15.207393384762284,6.3273200747645415,5.817862777835028,5.749511833283905,15.903279489842955,0.0,4.722094864452088,13.401775505276145,4.983978520947208,0.0,0.0,24.26546827384644,5.687386274683562,19.11507855807284,17.891522891929036,21.528540205926173,0.0,9.967957041894415,0.0,4.895483475517775,24.67535742416934,30.59278834861098,11.629500169719275,19.929488249214373,11.50524905251859,11.629500169719275,0.0,32.60534910877842,10.023291153407584,0.0,0.0,35.48827182412876,0.0,0.0
Nc1nc(CC(=O)Nc2ccc(CCNCC(O)c3ccccc3)cc2)cs1,0,167.99062638583126,21.47377208001555,0.0,5.131558479839333,5.907179729351506,0.0,0.0,4.794537184071822,4.983978520947208,0.0,11.336785877934735,42.46456947923127,36.2252151491558,17.612205451062053,18.218716005522772,9.901064578912528,28.062910361809138,0.0,10.300767124953538,0.0,18.94560963360032,24.139968892993668,76.79819736486286,0.0,16.367244685174846,10.818944754522896,0.0,11.336785877934735,29.087198456964572,17.63618042992384,0.0,22.924797365990756,59.9773663866204,0.0,0.0
COC(=O)C1=CCCN(C)C1,0,66.63331264264632,9.636772684650527,0.0,0.0,0.0,0.0,5.9693052879518484,0.0,4.794537184071822,0.0,0.0,6.076020106833881,13.4684936056032,18.662617341894418,7.109797541277533,9.53140013787187,5.9693052879518484,0.0,4.899909730850477,0.0,6.4208216229260096,27.246982335779876,11.649124636903148,0.0,0.0,0.0,0.0,0.0,38.1161973545822,9.53140013787187,0.0,6.4208216229260096,11.649124636903148,0.0,0.0
O=C(NC1CN2CCC1CC2)c1cc2cccc(Cl)c2s1,0,132.43578971049493,10.216698334856808,0.0,0.0,0.0,5.907179729351506,0.0,4.794537184071822,0.0,0.0,11.336785877934735,23.733674027155736,49.36802045522658,12.586597235060536,14.599700423911724,4.794537184071822,38.931049628452655,0.0,10.216698334856808,5.917906046161393,18.88348407499998,19.634269217737724,34.165248781289066,0.0,5.316788604006331,0.0,0.0,22.93772576816725,36.48319950708767,0.0,5.917906046161393,22.513327623625138,24.26546827384644,5.022633313741326,10.086144130933896
COC(=O)c1ccc2c(C(=Nc3ccc(N(C)C(=O)CN4CCN(C)CC4)cc3)c3ccccc3)c(O)[nH]c2c1,0,232.8505952674686,24.627188331288917,0.0,5.879988336435371,5.907179729351506,0.0,5.9693052879518484,9.694446914922299,9.786941916707491,0.0,0.0,36.39820241076966,43.44587439344685,55.3804603047891,36.18052820803836,19.432464716784395,39.86586750152223,0.0,14.783797982648162,4.992404732635668,0.0,58.828833267045255,89.48675929663034,5.879988336435371,4.899909730850477,11.374772549367124,5.879988336435371,0.0,91.40741893375771,9.53140013787187,0.0,21.48489165916281,77.788809554175,0.0,10.902924932081056
CC(C)(C)[C@]1(O)C[C@@H]2OC(=O)C[C@@]23C(=O)O[C@@H]2OC(=O)C(O)[C@]213,0,131.23878550830912,24.423643651081555,16.933947326541862,6.103966387748303,0.0,6.290026729335213,17.907915863855546,9.589074368143644,4.794537184071822,0.0,0.0,20.771211599071872,5.414990469396779,6.4208216229260096,12.021872433909698,38.807255203297025,17.907915863855546,0.0,0.0,16.244971408190338,57.71186516073939,0.0,0.0,0.0,0.0,0.0,0.0,0.0,52.219980969352456,28.59420041361561,16.244971408190338,33.61285484492389,0.0,0.0,0.0
CN1CC(=O)N2C(Cc3c([nH]c4ccccc34)[C@H]2c2ccc3c(c2)OCO3)C1=O,0,166.35116773240372,24.257523890248258,6.041840829147961,11.49902366656781,18.607301764802838,0.0,0.0,9.589074368143644,0.0,0.0,0.0,24.26546827384644,29.32600418877882,30.065346532532722,12.586597235060536,19.06280027574374,22.71728439078407,0.0,14.783797982648162,0.0,18.504503281221933,20.38537069468959,59.28540045747372,11.49902366656781,9.473725907600098,0.0,11.49902366656781,0.0,53.02536896518872,16.00989599106965,0.0,22.862671807390413,42.46456947923127,0.0,10.902924932081056
CC/C=C\C/C=C\C/C=C\C/C=C\C/C=C\CCCC(=O)O,0,135.1808918926836,5.106527394840706,0.0,0.0,0.0,0.0,5.9693052879518484,4.794537184071822,0.0,0.0,0.0,67.68393826802944,44.94575136048208,6.4208216229260096,0.0,9.901064578912528,5.9693052879518484,0.0,0.0,0.0,58.29031018309871,0.0,60.76020106833881,0.0,0.0,0.0,0.0,0.0,11.075832682792555,4.794537184071822,0.0,58.29031018309871,60.76020106833881,0.0,0.0
Fc1ccc(-c2c3cccc(C(F)(F)F)c3nn2Cc2ccc(F)cc2Cl)cc1,0,166.69531699062713,0.0,17.15114239970805,0.0,0.0,0.0,6.176298517443475,4.681802935145184,8.78083009534964,18.269926951325495,0.0,29.800041095617345,48.02802097092827,15.972309019903118,17.802135892458033,21.9520752383741,22.503864822313574,0.0,9.780484743446221,0.0,12.72105492335605,0.0,88.44764866384321,11.257379486545457,0.0,21.9520752383741,0.0,11.600939890232516,9.780484743446221,12.72105492335605,11.634441682091788,11.126902983393991,60.6636706846161,5.022633313741326,22.160304418626517
COc1cc2nccc(Oc3ccc(NC(=O)C4(C(=O)Nc5ccc(F)cc5)CC4)cc3)c2cc1OC,0,211.92460735030426,24.844166069412807,22.731234977010484,11.49902366656781,11.814359458703011,0.0,0.0,14.57305288909085,4.39041504767482,0.0,0.0,0.0,73.50531393046813,29.024207403906605,19.736295800171327,28.19007827721861,34.09205694015119,0.0,4.983978520947208,5.414990469396779,12.841643245852019,24.853172290567727,78.74410216573669,22.99804733313562,24.844166069412807,15.765187597041944,22.99804733313562,0.0,31.017933062205284,9.589074368143644,11.232211310442672,12.841643245852019,72.9268813246908,0.0,10.902924932081056
COC(=O)Nc1nc2cc(Sc3ccccc3)ccc2[nH]1,0,125.27689402657418,9.720841474747257,0.0,0.0,5.948339280986494,0.0,6.093240070938415,5.316788604006331,9.778515705019029,0.0,0.0,29.960986154775945,30.33183534230805,9.79096695103555,18.143198976510057,9.53140013787187,34.836865736548546,0.0,9.967957041894415,0.0,9.79096695103555,12.426586145283864,48.53093654769288,0.0,5.316788604006331,10.742876465058316,0.0,11.761884949391115,23.170994654110363,4.736862953800049,0.0,0.0,58.321903498728425,0.0,11.033401435232523
CC(C)CC(NC(=O)C1OC1C(=O)O)C(=O)NCCCCN=C(N)N,0,145.9097830047887,31.94430251097779,6.041840829147961,18.167487344240442,5.907179729351506,5.907179729351506,5.9693052879518484,14.581479100779312,4.794537184071822,0.0,0.0,13.847474399381248,25.18037091493942,13.08951281182515,0.0,24.227001900856216,23.743219315398697,0.0,10.633577208012662,22.377645733121433,51.35971287280384,13.08951281182515,0.0,0.0,22.100912162337032,0.0,0.0,0.0,60.189033126709106,19.120474506015512,5.917906046161393,33.10993926815928,4.992404732635668,0.0,0.0
N#CC(c1ccc(Cl)cc1)c1c(Cl)cc(-n2ncc(=O)[nH]c2=O)cc1Cl,0,161.73826732045907,0.0,6.196843571613076,0.0,0.0,5.559266895052007,5.689743398203474,9.778515705019029,4.794537184071822,15.042376298184708,0.0,46.93555380762077,29.828919765543436,20.631351432920976,17.67451363363723,0.0,34.802819670697545,5.261891554738487,14.764463264393429,0.0,5.917906046161393,0.0,89.62793356839984,11.756607587475836,11.24901029325548,0.0,0.0,34.802819670697545,14.764463264393429,0.0,11.33111286753076,17.044809029555385,52.18412035052638,15.067899941223978,5.687386274683562
C/C=C/C[C@@H](C)[C@@H](O)C1C(=O)NC(CC)C(=O)N(C)CC(=O)N(C)C(CC(C)C)C(=O)NC(C(C)C)C(=O)N(C)C(CC(C)C)C(=O)NC(C)C(=O)NC(C)C(=O)N(C)C(CC(C)C)C(=O)N(C)C(CC(C)C)C(=O)N(C)C(C(C)C)C(=O)N1C,0,508.39454709884245,60.67304992681937,60.418408291479594,0.0,64.97897702286656,0.0,0.0,52.73990902479004,0.0,0.0,0.0,109.08436100933646,100.72148365975767,49.33370387874032,12.648722793660877,57.84643641963074,64.97897702286656,0.0,55.566522531978656,41.42534232312975,222.75083681152464,55.878460284652895,12.152040213667762,0.0,21.267154416025324,0.0,0.0,0.0,226.78570749754144,52.73990902479004,41.42534232312975,156.22846213229667,12.152040213667762,0.0,0.0
O=C(O)c1cccnc1Nc1cccc(C(F)(F)F)c1,0,111.44025377992726,10.423315998847038,11.381314269532023,0.0,0.0,0.0,12.145603805395323,0.0,9.778515705019029,13.171245143024459,0.0,6.06636706846161,30.33183534230805,11.884229846296638,5.563451491696996,23.07230972193699,17.474554340470437,0.0,4.983978520947208,0.0,6.176298517443475,5.316788604006331,53.721948965776726,0.0,5.316788604006331,24.67649419554305,0.0,0.0,16.059811203739763,6.176298517443475,0.0,15.921440167465814,42.595045982382736,0.0,0.0
O=C(O)C(=O)CBr,0,48.45396081454766,5.106527394840706,0.0,0.0,5.783244946364939,0.0,5.9693052879518484,4.794537184071822,4.794537184071822,0.0,0.0,15.929943897949348,0.0,0.0,5.330089647061427,14.69560176298435,27.682494132266136,0.0,0.0,0.0,0.0,5.330089647061427,0.0,0.0,0.0,0.0,0.0,15.929943897949348,22.18916727621892,9.589074368143644,0.0,0.0,0.0,0.0,0.0
Cc1noc(-c2ccc(-c3ccc(CC(=O)O)cc3)cc2)c1NC(=O)OC(C)c1ccccc1,0,196.53835734025984,14.366485285614104,17.485280657280327,5.7602474188744415,0.0,0.0,12.062545358890263,10.111325788078153,4.794537184071822,0.0,0.0,84.0194351471264,36.10128036616923,5.563451491696996,6.4208216229260096,23.955559653757746,17.749931633573826,0.0,5.156663257125445,0.0,26.37226241005556,5.316788604006331,95.68360286824341,22.450601893965427,5.316788604006331,10.481923458755384,0.0,0.0,22.325736010856414,15.95222176079788,6.923737199690624,29.84853456568138,83.3858668269743,0.0,22.450601893965427
FC(F)(F)c1ccc(CNc2ccc(Cc3c[nH]c4ncc(Cl)cc34)cn2)cn1,0,168.53992138967226,10.300767124953538,17.158967993451217,0.0,0.0,0.0,6.176298517443475,4.983978520947208,9.967957041894415,13.171245143024459,0.0,23.733674027155736,34.88945568047582,43.13917652975569,5.022633313741326,13.171245143024459,28.45220410330007,0.0,19.93591408378883,0.0,19.14187654628206,5.316788604006331,82.52612541244112,0.0,5.316788604006331,18.98910792085949,0.0,11.600939890232516,19.93591408378883,19.14187654628206,0.0,22.384282469939446,55.11920962876036,5.022633313741326,11.033401435232523
CC(C)(ON=C(C(=O)NC1C(=O)N2C(C(=O)O)=C(C[n+]3ccccc3)CS[C@H]12)c1csc(N)n1)C(=O)[O-],0,218.15621100237203,30.89563663865838,22.806680950020993,35.38273784273245,0.0,11.814359458703011,5.9693052879518484,14.48898409899412,14.345615352810384,0.0,23.09867082732585,11.22207979521215,13.847474399381248,28.838755044205193,5.9693052879518484,38.79589175749669,57.694884344542594,0.0,15.200676855804016,5.15571272675054,37.408995258394214,11.486521083908974,52.93692295705045,0.0,20.724083123800575,5.131558479839333,0.0,23.09867082732585,67.22468874386298,30.560493725936496,0.0,19.54140239422971,52.39870768895253,0.0,0.0
CC1COC2(CCN(c3nc(=O)c4cc(C(F)(F)F)cc([N+](=O)[O-])c4s3)CC2)O1,0,165.55441134557282,14.373635638450576,4.6999199164691,10.91866963240993,0.0,11.24665316973557,6.176298517443475,14.908855452837393,0.0,18.155223663971668,0.0,11.336785877934735,12.990104268152233,31.99752312613878,28.58383510724068,27.568282099442225,32.24187476339152,0.0,4.983978520947208,0.0,37.83275650330502,24.596304507188545,38.16430797650961,0.0,10.459176625902483,23.990189897547353,0.0,11.336785877934735,41.49476188642184,15.650024425043572,10.114318268765572,25.328831937239638,16.927271320995043,0.0,10.086144130933896
NCC(=O)Nc1ccc(-n2nc(C(F)(F)F)cc2-c2ccc3c(ccc4ccccc43)c2)cc1,1,192.15886158468925,11.050456081168516,0.0,5.693927994848461,5.907179729351506,0.0,6.176298517443475,4.794537184071822,4.681802935145184,18.269926951325495,0.0,48.53093654769288,57.94309926862884,11.250837766380558,17.9260706754446,17.96578232709628,33.13946286189425,0.0,9.780484743446221,5.733667477162185,6.176298517443475,11.861545009918906,90.62306695331102,16.944765761229018,11.050456081168516,18.858631417708022,0.0,0.0,22.2324208787103,10.970835701515297,0.0,5.693927994848461,84.92913895846256,0.0,38.4896626190882
C=c1[nH]cc(CO)c(=CNNC(=O)c2ccncc2)c1=O,1,119.19549402040654,15.516297312898299,0.0,0.0,5.428790391900541,5.907179729351506,0.0,19.998844286201237,0.0,0.0,0.0,6.578935683598497,12.13273413692322,41.13603856365853,11.956008443269251,9.901064578912528,18.68607030277045,0.0,20.819539836115183,0.0,6.606881964512918,0.0,62.641271865490005,0.0,26.84814964048251,0.0,0.0,0.0,20.981664166086627,6.606881964512918,0.0,15.921440167465814,35.51780203583427,0.0,12.778890573418945
CCCCC(F)(F)C1(O)CCC2C(CC(=O)C2CCCCCCC(=O)O)O1,0,159.01761663414555,14.94991774348146,5.783244946364939,0.0,5.7871111525705965,0.0,11.891834456046425,9.589074368143644,8.78083009534964,0.0,0.0,32.60702369139466,31.60119253786543,31.601192537865433,6.103966387748303,33.31982220697474,11.752550234316788,0.0,0.0,11.835812092322787,101.78720338321624,0.0,0.0,0.0,0.0,8.78083009534964,0.0,0.0,39.77921173241167,14.325937321943693,11.835812092322787,83.97359667480276,0.0,0.0,0.0
O=c1[nH]c(=O)n(C2CC(O)C(CO)O2)cc1I,0,109.18644504146918,14.94991774348146,12.331867558483172,0.0,0.0,5.559266895052007,5.689743398203474,14.345615352810384,4.794537184071822,0.0,0.0,0.0,22.590870627068057,12.617665194539086,16.281030623326615,14.94991774348146,22.590870627068057,0.0,9.551078168738563,0.0,24.856655569157482,6.606881964512918,30.605110504077594,0.0,11.24901029325548,0.0,0.0,22.590870627068057,38.578947698429495,4.736862953800049,3.5701822710653963,12.64872279366088,15.78591793975672,0.0,0.0
CC(O)(COc1ccc(NC=O)cc1)C(=O)Nc1ccc([N+](=O)[O-])c(C(F)(F)F)c1,0,167.1582794922257,20.476967556653417,17.919845289493818,5.601050810983688,6.410095306116121,11.594566004035068,6.176298517443475,19.703392636909218,0.0,13.171245143024459,0.0,0.0,43.321939610460284,17.441139617828735,4.923311048817671,37.52702090862653,29.37943385951831,0.0,0.0,0.0,18.701086528117788,17.24045917252558,58.14233923969384,5.749511833283905,15.37044016181271,30.233403967075148,5.749511833283905,0.0,34.55504625462261,15.76537288558712,10.114318268765572,12.487188691387619,42.46456947923127,0.0,0.0
CC(C)Cn1cnc2c(N)nc3ccccc3c21,0,105.45281920706918,10.30076712495354,5.516700717616262,5.817862777835028,0.0,0.0,0.0,0.0,9.967957041894415,0.0,0.0,32.046575604766076,11.984273114623004,11.93098062037737,17.360721509997063,0.0,27.754189145148608,0.0,14.53505668968577,5.917906046161393,20.392230805293824,5.733667477162185,30.59278834861098,0.0,5.733667477162185,5.817862777835028,0.0,0.0,14.53505668968577,6.544756405912575,5.917906046161393,13.847474399381248,30.59278834861098,0.0,21.936326367313583
C[C@@H](Oc1cc(-c2cnn(C3CCNCC3)c2)cnc1N)c1c(Cl)ccc(F)c1Cl,1,183.69660258359664,15.787319034968565,11.921187228794196,11.567374611118932,0.0,0.0,0.0,4.681802935145184,9.374393568622027,5.098681808301038,0.0,23.20187978046503,51.05399446275263,34.10667493205847,17.261317714502365,9.127278001474869,29.01974255830006,0.0,20.08125186839976,0.0,31.911187662438905,18.823180288987334,58.2155708804496,16.876414816677897,15.787319034968565,10.208277825509848,5.749511833283905,23.20187978046503,27.85397607621858,0.0,5.817220841045894,37.4746391541359,36.78963192022406,10.045266627482652,11.126902983393991
O=C(NOCC1CC1)c1ccc(F)c(F)c1Nc1ccc(I)cc1Cl,0,161.5323820940373,5.316788604006331,0.0,11.634441682091788,0.0,5.907179729351506,0.0,9.632125767808455,14.260926693470841,0.0,0.0,11.600939890232516,71.68225526138953,3.5701822710653963,28.567739319318363,18.412955863158096,51.47376279601921,0.0,5.480096598121202,5.917906046161393,12.841643245852019,11.923670568519249,56.12254410090356,0.0,10.796885202127534,20.15560264471676,0.0,34.191810517300574,12.514061693864424,4.8375885837366335,21.122529999318576,23.199631921620835,30.33183534230805,5.022633313741326,0.0
CN(C)CCOC(C)(c1ccccc1)c1ccccn1,0,120.77117689259742,9.636772684650527,5.601050810983688,0.0,0.0,0.0,0.0,4.983978520947208,0.0,0.0,0.0,36.39820241076966,38.715266793665215,12.741599977525652,12.300809959361379,4.736862953800049,0.0,0.0,9.883888251797686,0.0,12.524788010674312,27.246982335779872,65.98515960585141,0.0,0.0,0.0,0.0,0.0,37.13087058757756,10.337913764783737,0.0,18.18111668623608,54.72778011930596,0.0,0.0
C[C@H]1[C@@H](OC(=O)CCC(=O)O)O[C@@H]2O[C@]3(C)CC[C@H]4[C@H](C)CC[C@@H]1[C@@]24OO3,0,157.89918388840778,19.31711625624085,0.0,11.8910775403189,12.07713788190581,0.0,11.938610575903697,9.589074368143644,9.775141906512223,0.0,0.0,13.847474399381248,38.022014160791436,18.256633715248796,12.841643245852019,38.68133253089671,11.938610575903697,0.0,0.0,23.671624184645573,83.26435675885266,0.0,0.0,0.0,0.0,0.0,0.0,0.0,41.013353392969115,33.574805136056014,23.671624184645573,59.29614133662794,0.0,0.0,0.0
C[N+](C)(C)CCOP(=O)(O)OP(=O)([O-])OC[C@H]1O[C@@H](n2ccc(N)nc2=O)[C@H](O)[C@@H]1O,0,176.92581578803905,39.477186445555034,37.28140031150543,6.22790117073487,0.0,7.822697123132171,13.512440521335645,13.655895094434502,13.670216838626736,4.983978520947208,0.0,0.0,6.06636706846161,6.196843571613076,27.749897912544487,51.70799406959091,21.46325702409937,0.0,9.551078168738563,0.0,24.539800333979777,46.635203760132164,22.74749122234998,0.0,16.316822478118134,5.817862777835028,0.0,15.645394246264342,88.35401086508196,27.225085216709928,0.0,6.22790117073487,17.057747824146507,0.0,0.0
C=c1c(C=CC(=O)OC)c2[nH]c1=CC1=NC(=Cc3[nH]c(c(CC)c3C)C=c3[nH]/c(c(CCC(=O)O)c3C)=C\2)C2=CC=C(C(=O)OC)C(C(=O)OC)[C@]21C,0,304.8983567208597,34.26905181908248,5.917906046161393,0.0,0.0,0.0,23.877221151807394,14.581479100779312,9.589074368143644,0.0,0.0,25.654713096956883,91.81986587595054,56.40810661787613,43.72621193912518,38.495264992528135,66.547942372346,0.0,14.951935562841623,16.32530124819384,46.95741366754052,21.3293926238326,101.23637954860024,0.0,21.26602941187387,0.0,0.0,0.0,70.97676173609302,46.23038084353945,25.180370914939417,65.16733746533761,40.063713426331674,0.0,36.9590362177679
Cc1cccc(Nc2nc(-c3ccncc3)cs2)c1,1,115.54005506193417,5.316788604006331,0.0,5.131558479839333,0.0,0.0,0.0,4.983978520947208,4.983978520947208,0.0,11.336785877934735,12.13273413692322,36.75265696523406,29.024587680072628,5.693927994848461,0.0,22.155730632457633,0.0,9.967957041894415,0.0,6.923737199690624,5.316788604006331,59.73540381615872,11.257379486545457,5.316788604006331,10.818944754522896,0.0,11.336785877934735,9.967957041894415,0.0,6.923737199690624,5.563451491696996,54.17195232446173,0.0,11.257379486545457
CN1CCCC1Cc1c[nH]c2ccc(CCS(=O)(=O)c3ccccc3)cc12,0,160.67826009194405,9.883888251797686,0.0,9.837253136417502,0.0,0.0,0.0,0.0,8.417796984328938,0.0,0.0,24.26546827384644,74.66808613753423,23.141609332842094,10.648337082264565,8.417796984328938,20.740178068498558,0.0,9.883888251797686,0.0,36.620610796369775,19.345281995336553,65.85468310269995,0.0,0.0,0.0,0.0,0.0,43.68880806061114,22.67889638226952,0.0,23.96854622924601,59.623263594823726,0.0,10.902924932081056
COc1cc(N)c(Cl)cc1C(=O)NC1CCN(CCCOc2ccc(F)cc2)CC1OC,0,192.11757539959092,30.16095467341914,17.316244507613703,0.0,0.0,5.907179729351506,0.0,4.794537184071822,4.39041504767482,0.0,0.0,11.600939890232516,43.173478588160066,32.81043382747687,42.1359578028086,23.39554109314679,23.195505894267583,0.0,10.216698334856808,0.0,24.987450462748285,46.19441374196789,52.801508057253876,11.49902366656781,20.524181988768614,10.077801322358383,11.49902366656781,11.600939890232516,63.413642941903944,4.736862953800049,5.817220841045894,23.19963192162084,36.39820241076966,5.022633313741326,0.0
Oc1ccc(C2CNCCc3c2cc(O)c(O)c3Cl)cc1,0,127.17826429669596,20.63637078852845,5.749511833283905,11.49902366656781,0.0,0.0,0.0,0.0,0.0,0.0,0.0,23.733674027155736,47.8550337093144,12.462662452073968,5.022633313741326,15.319582184522117,11.600939890232516,0.0,5.316788604006331,0.0,12.338727669087403,13.08951281182515,52.04482313114036,17.248535499851716,5.316788604006331,0.0,17.248535499851716,11.600939890232516,28.409094996347264,6.4208216229260096,0.0,22.60826052125238,30.33183534230805,5.022633313741326,0.0
CN1CCN(CCOc2cc(OC3CCOCC3)c3c(Nc4c(Cl)ccc5c4OCO5)ncnc3c2)CC1,0,226.2767337441883,33.90101310385705,42.04244114611217,11.49902366656781,6.792942306099827,0.0,0.0,4.899909730850477,9.967957041894415,0.0,0.0,11.600939890232516,19.18040611960041,57.69815941233811,29.139322174848218,23.684314769000245,34.00911387483216,0.0,19.76777650359537,0.0,18.94560963360032,71.70183081588497,35.615421662352304,22.99804733313562,24.264240419206526,11.50524905251859,22.99804733313562,11.600939890232516,92.25678510322231,4.736862953800049,0.0,12.841643245852019,30.59278834861098,5.022633313741326,10.902924932081056
COc1ccc(-c2ccc3cc(C(=O)O)ccc3c2)cc1C12C[C@H]3C[C@@H](C1)C[C@@H](C2)C3,0,182.6012748512145,9.843390348640755,5.749511833283905,0.0,0.0,0.0,5.9693052879518484,0.0,4.794537184071822,0.0,0.0,24.26546827384644,113.92482510006866,5.563451491696996,12.673249032974528,14.637927532712576,16.74175371688144,0.0,0.0,17.75371813848418,43.939920206952834,7.109797541277533,65.72420659954848,16.876414816677897,4.736862953800049,0.0,5.749511833283905,0.0,18.18563022407009,5.414990469396779,17.75371813848418,54.44636990502188,54.59730361615449,0.0,21.899351412323583
CNC(=O)c1ccccc1Nc1cc(Nc2ccc(N3CCOCC3)cc2OC)ncc1C(F)(F)F,1,205.97358426307895,30.32400145046957,11.567374611118932,0.0,0.0,5.907179729351506,6.176298517443475,4.794537184071822,4.983978520947208,13.171245143024459,0.0,12.13273413692322,24.26546827384644,44.1541487777222,48.51262327774805,27.439508234696383,34.47458760592078,0.0,10.300767124953538,0.0,6.176298517443475,55.99423320366884,65.85468310269995,5.749511833283905,25.58713849666952,41.73865301959374,5.749511833283905,0.0,51.35190451510442,10.913161471243523,0.0,15.921440167465814,54.72778011930596,0.0,0.0
O=C(Nc1cccc(Cl)c1)Nc1ncc(CCNc2ncnc3ccsc23)s1,0,173.37612776796212,10.633577208012662,12.14518285259957,5.131558479839333,0.0,0.0,6.031114512338072,5.316788604006331,19.746472746913444,0.0,22.67357175586947,17.667306958694127,29.645531044312357,34.74958838257785,10.216620634085363,4.794537184071822,67.15905432488334,0.0,14.951935562841623,0.0,6.4208216229260096,22.495122217931566,58.13584226659421,0.0,15.950365812018994,21.431344716429745,0.0,34.274511646101985,27.52780648109227,6.4208216229260096,0.0,4.877147193701299,48.23606175915158,5.022633313741326,10.216620634085363
NS(=O)(=O)c1cc(C(=O)O)c(NCc2ccco2)cc1Cl,0,124.92226167058834,14.840466935900384,10.655730894392217,0.0,10.023291153407584,0.0,5.9693052879518484,0.0,18.3513079060087,0.0,0.0,11.600939890232516,24.26546827384644,0.0,29.081390481673516,22.73601250029481,33.28092260627551,0.0,0.0,5.138973737607942,11.440239881430351,5.316788604006331,46.874963493798255,0.0,10.455762341614273,5.687386274683562,0.0,11.600939890232516,19.49362966712149,16.56804755932016,0.0,16.118236094643258,39.841265682056616,5.022633313741326,0.0
O=C(O)c1cc(O)c(O)c(O)c1,0,67.13480234272139,20.426109579362823,0.0,17.248535499851716,0.0,0.0,5.9693052879518484,0.0,4.794537184071822,0.0,0.0,0.0,12.13273413692322,0.0,5.563451491696996,25.220646763434644,5.9693052879518484,0.0,0.0,0.0,0.0,0.0,17.696185628620217,17.248535499851716,0.0,0.0,17.248535499851716,0.0,26.39541486731467,0.0,0.0,10.357988675768818,12.13273413692322,0.0,0.0
O=c1[nH]oc2c1CCNC2,1,57.19711614360203,9.83988354097968,0.0,5.7602474188744415,0.0,5.559266895052007,0.0,4.794537184071822,0.0,5.156663257125445,0.0,0.0,12.965578028838586,0.0,12.10820789760957,4.523094936973348,0.0,0.0,10.473451861131776,0.0,12.965578028838586,6.544756405912575,21.677502989695267,0.0,10.876055499058339,0.0,0.0,0.0,11.70141966303802,12.965578028838586,0.0,11.323698910571437,9.31763212104517,0.0,0.0
CC12CCC(=O)C=C1C1CC1C1C2CCC2(C)C1C1CC1C21CCC(=O)O1,0,160.83908798165706,4.736862953800049,5.601050810983688,5.783244946364939,0.0,0.0,5.9693052879518484,9.589074368143644,0.0,0.0,0.0,19.420578929450514,85.52337659075508,24.17453976141019,0.0,14.325937321943693,11.752550234316788,0.0,0.0,52.2553232619233,70.81509819377301,0.0,11.649124636903148,0.0,0.0,0.0,0.0,0.0,17.353601045300476,14.325937321943693,52.2553232619233,65.21404738278933,11.649124636903148,0.0,0.0
N#Cc1ccc(Oc2ccc3c(c2)COB3O)cc1,0,110.51905830999702,14.415243662891399,11.49902366656781,0.0,0.0,0.0,7.118392334224363,0.0,0.0,5.261891554738487,0.0,6.06636706846161,47.42445716288149,0.0,18.239554769002186,14.415243662891399,12.581195594639196,5.261891554738487,0.0,0.0,6.606881964512918,0.0,53.59147246262526,17.568244979360085,10.199666214214883,0.0,11.49902366656781,0.0,12.142414909290366,11.261240098538263,11.33111286753076,11.126902983393991,42.46456947923127,0.0,0.0
CC[C@]1(O)C[C@H]2CN(CCc3c([nH]c4ccccc34)[C@@](C(=O)OC)(c3cc4c(cc3OC)N(C=O)[C@H]3[C@@](O)(C(=O)OC)C(OC(C)=O)[C@]5(CC)C=CCN6CC[C@]43C65)C2)C1,0,349.30111781884705,39.0443948566793,11.164502302680685,6.103966387748303,12.011146117099809,0.0,17.907915863855546,24.18343101391642,4.794537184071822,0.0,0.0,44.19861581843384,74.24722930994723,78.20125607837056,38.659670538647816,48.338655341168895,40.90832237673628,0.0,14.783797982648164,11.332896515558172,99.51587194343308,58.95308438424595,70.93452509437687,5.749511833283905,9.636772684650527,5.687386274683562,5.749511833283905,0.0,132.75778826370833,50.639540159407,11.332896515558172,75.25960218364138,48.55024262443742,0.0,10.902924932081056
CC1=NC(=N)C(C(=O)OC2CN(C(c3ccccc3)c3ccccc3)C2)C(c2cccc([N+](=O)[O-])c2)C1C(=O)OC(C)C,0,249.55167847744505,9.473725907600098,23.775398265828358,0.0,0.0,5.687386274683562,11.938610575903697,30.012585973551214,4.992404732635668,0.0,0.0,72.79640482153933,37.46156607416286,36.85183799768046,17.069118265713932,23.98611132456141,29.173301639115227,5.409283605791522,4.899909730850477,16.828216824958453,44.93889124987783,13.08951281182515,111.73381170231913,0.0,0.0,5.687386274683562,0.0,0.0,58.60658173142157,19.06280027574374,27.359413966879885,49.42131294947221,89.92154369109824,0.0,0.0
O=c1[nH]c2cc(Cl)ccc2o1,1,66.59183322318094,4.417150937053347,0.0,5.583020141642242,0.0,0.0,5.756062822229453,4.983978520947208,4.794537184071822,0.0,0.0,11.600939890232516,18.19910120538483,5.022633313741326,5.516700717616262,4.417150937053347,22.70066074949102,0.0,4.983978520947208,0.0,0.0,0.0,33.77233452542743,0.0,5.756062822229453,0.0,0.0,11.600939890232516,4.983978520947208,0.0,0.0,0.0,27.41078932651,5.022633313741326,11.099720859258504
Cc1ccc(C(=O)Nc2ccc(Oc3cc4cnn(C)c4cc3-c3cn[nH]c3)c(F)c2)c(=O)n1-c1ccc(F)cc1,1,231.18790813260122,10.05365155780638,17.130184166026794,11.5667326743298,0.0,11.466446624403513,0.0,23.93665875938122,8.78083009534964,10.197363616602075,0.0,0.0,67.58740788430673,52.89271036482625,17.910387860842413,18.31223023322151,22.497490936116122,0.0,24.544948007839654,7.04767198267719,6.923737199690624,5.316788604006331,118.56619371567805,28.313312924645363,15.612918452858386,14.468216370033202,11.49902366656781,0.0,30.45212773719116,7.04767198267719,18.558178881782414,16.051916670617278,90.11510565198878,0.0,27.717214190158607
CCN(Cc1ccncc1)C(=O)C(CO)c1ccccc1,0,124.61338751533032,10.006437125691182,0.0,0.0,5.907179729351506,0.0,0.0,9.778515705019029,0.0,0.0,0.0,30.33183534230805,30.183374320007832,25.4831999550513,12.52478801067431,9.901064578912528,5.907179729351506,0.0,9.883888251797686,0.0,19.38639965176459,13.151638370425493,65.98515960585142,0.0,0.0,0.0,0.0,0.0,34.04923374641539,11.339293589984397,0.0,23.96854622924601,54.85825662245742,0.0,0.0
CC1=C2CC(=O)C=C[C@]2(C)[C@@H]2[C@@H](C1)[C@@H]1CC[C@](O)(C(=O)COC(=O)CCC(=O)O)[C@@]1(C)C[C@@H]2O,1,198.6026080955293,20.056445138322168,5.601050810983688,12.390126910877857,5.783244946364939,0.0,11.938610575903697,19.178148736287287,0.0,0.0,0.0,31.069703566353663,50.518855890551336,23.16870860788096,18.94560963360032,39.23459387460945,23.505100468633575,0.0,0.0,28.583699077277736,77.42198015828593,6.606881964512918,23.298249273806295,0.0,0.0,0.0,0.0,0.0,57.1365818164006,23.915011690087336,28.583699077277736,65.71696295955395,23.298249273806295,0.0,0.0
CC(C)(C)NC(=O)NC(C(=O)N1CC2C(C1C(=O)NC(CC1CCC1)C(=O)C(N)=O)C2(C)C)C(C)(C)C,0,219.76717395981274,26.583943020031654,12.083681658295921,0.0,17.59760440506795,5.907179729351506,6.031114512338072,19.178148736287287,4.794537184071822,0.0,0.0,53.88115086723114,55.77573229927562,12.08368165829592,6.041840829147961,23.97268592035911,29.535898646757527,0.0,20.85027554286947,34.31736655443992,104.73763182905624,6.544756405912575,0.0,0.0,21.68403328918118,4.794537184071822,0.0,0.0,64.6450125233478,19.178148736287287,28.583699077277736,81.07318408922902,0.0,0.0,0.0
CS(=O)(=O)c1ccc(C(=O)Nc2ccc(Cl)c(-c3ccccn3)c2)c(Cl)c1,0,166.43843886056652,5.316788604006331,0.0,9.837253136417502,0.0,5.907179729351506,0.0,9.778515705019029,8.417796984328938,0.0,0.0,29.268246848926644,48.53093654769288,23.703450521505037,26.198129589545886,13.212334168400758,44.6336989209176,0.0,4.983978520947208,0.0,4.895483475517775,11.572557787517734,76.40286530694722,11.257379486545457,5.316788604006331,5.687386274683562,0.0,23.20187978046503,25.564724418139054,9.837253136417502,0.0,10.357988675768818,65.68963066328534,10.045266627482652,11.257379486545457
CCOC(=O)/C=C(C)/C=C/C=C(C)/C=C/c1c(C)cc(OC)c(C)c1C,0,157.26561949455984,9.473725907600098,5.749511833283905,0.0,0.0,0.0,5.9693052879518484,0.0,4.794537184071822,0.0,0.0,35.953205064238674,75.4357007634626,6.076020106833881,13.716679505790452,14.268263091671919,12.04532539478573,0.0,0.0,0.0,41.54242319814374,13.716679505790452,69.84648262955753,5.749511833283905,4.736862953800049,0.0,5.749511833283905,0.0,19.6859847937423,9.53140013787187,20.771211599071872,43.025017565859855,47.59267666276955,0.0,6.076020106833881
COc1ccc(Cl)cc1NC(=O)Nc1cc(C)nc2ccccc12,0,144.16269410508096,15.37044016181271,5.749511833283905,0.0,0.0,0.0,6.031114512338072,4.983978520947208,4.794537184071822,0.0,0.0,29.800041095617345,37.255572541998674,16.10278552305458,24.00127080826092,9.53140013787187,39.90975188401877,0.0,4.983978520947208,0.0,6.923737199690624,17.743374749290194,59.24749785628266,5.749511833283905,15.37044016181271,16.169309733438947,5.749511833283905,11.600939890232516,18.124890574562812,0.0,6.923737199690624,5.693927994848461,48.53093654769288,5.022633313741326,10.902924932081056
CCC(=O)OCC(=O)C1(OC(=O)CC)C(C)CC2C3CC=C4CC(=O)C=CC4(C)C3(Cl)C(O)CC21C,1,217.160836276319,14.580253302440804,0.0,17.991177721861543,5.783244946364939,0.0,11.938610575903697,19.178148736287287,0.0,0.0,11.600939890232516,52.34383074219015,37.174297067934695,36.01035185373298,10.978138679189412,33.758402038728086,35.10604035886609,0.0,0.0,28.583699077277736,89.72280522618229,6.606881964512918,23.80116485057091,0.0,0.0,0.0,0.0,11.600939890232516,51.79769931816029,28.651874643887382,28.583699077277736,73.14361573600918,23.80116485057091,0.0,0.0
CC1(C)CCC(c2ccc(Cl)cc2)=C(CN2CCN(c3ccc(C(=O)NS(=O)(=O)c4ccc(N[C@H](CCN5CCOCC5)CSc5ccccc5)c(S(=O)(=O)C(F)(F)F)c4)cc3)CC2)C1,1,389.252707318643,14.953561288656857,4.895483475517775,0.0,0.0,25.76772401917659,5.508330501264255,14.594356645772777,21.557688833109964,13.171245143024459,11.761884949391115,61.35335416199108,108.96487073594483,85.321700238835,23.796633679227174,39.53823924955421,66.07842593823662,0.0,14.521914326153041,5.414990469396779,65.76738264805084,81.54136711793002,118.7845139225904,0.0,14.938793199308897,24.546017692391587,0.0,23.36282483962363,115.41743327319577,24.597407243625135,5.414990469396779,55.4522010585511,117.32142805200841,5.022633313741326,5.5731045300692665
CCC(C(=O)O)C1CCC(C)C(C(C)C(O)C(C)C(=O)C(CC)C2OC3(C=CC(O)C4(CCC(C)(C5CCC(O)(CC)C(C)O5)O4)O3)C(C)CC2C)O1,1,317.0508242746659,44.11042434836307,11.887211334113243,5.7871111525705965,5.7871111525705965,0.0,5.9693052879518484,9.589074368143644,0.0,0.0,0.0,55.38989759752498,95.62272131170589,30.092445807571586,53.743805994618576,53.69949871650671,11.752550234316788,0.0,0.0,41.42534232312975,198.9496768675131,0.0,12.152040213667762,0.0,0.0,0.0,0.0,0.0,97.6827484550263,33.27338913714389,41.42534232312975,133.44558822616634,12.152040213667762,0.0,0.0
Cc1csc(-c2nnc(Nc3ccc(Oc4ncccc4-c4ccnc(N)n4)cc3)c3ccccc23)c1,0,216.4167414435612,15.787319034968565,11.443439828132366,5.817862777835028,11.828327617421866,0.0,0.0,0.0,14.951935562841623,0.0,21.534149494536813,24.26546827384644,66.39818800954642,28.853521846839307,16.134526680246758,4.736862953800049,39.56282264036941,0.0,25.149299179443698,0.0,6.923737199690624,11.050456081168516,96.1336062269284,33.45795484481449,15.787319034968565,17.453588333505085,11.629500169719275,11.336785877934735,25.149299179443698,0.0,6.923737199690624,5.563451491696996,90.57015473523141,0.0,32.60090310402481
CCCCCCCCCCCCCCCCOP(=O)([O-])OCC[N+](C)(C)C,0,168.5788333582453,18.423936783870737,13.151638370425493,0.0,0.0,7.822697123132171,0.0,4.565048284931329,0.0,0.0,0.0,90.39441829772878,6.4208216229260096,0.0,27.749897912544487,22.988985068802066,7.822697123132171,0.0,0.0,0.0,96.81523992065479,40.90153628296998,0.0,0.0,4.893411602752475,0.0,0.0,7.822697123132171,45.3845671406646,13.612542608354964,0.0,96.81523992065479,0.0,0.0,0.0
O=c1ccn([C@H]2C[C@H](O)[C@@H](CO)O2)c(=O)[nH]1,1,89.92460692042556,14.94991774348146,12.331867558483172,0.0,0.0,5.559266895052007,5.689743398203474,14.345615352810384,4.794537184071822,0.0,0.0,0.0,0.0,18.684032263000695,12.71084835226122,14.94991774348146,0.0,0.0,9.551078168738563,0.0,24.856655569157482,6.606881964512918,33.10129530147381,0.0,11.24901029325548,0.0,0.0,0.0,38.5789476984295,4.736862953800049,0.0,12.64872279366088,21.85228500821833,0.0,0.0
CC1(C(=O)Nc2ccc(F)nc2)CCCN1c1nc(Nc2cc(C3CC3)[nH]n2)c2cccn2n1,0,194.14784367134763,15.533486938863138,11.055625969999607,11.635725555670057,17.80321635453536,0.0,0.0,9.893218992372859,9.49937641456283,14.473075376923065,5.098681808301038,0.0,56.872491965241096,30.419801086997115,11.884229846296638,9.184952231746642,34.69533155830788,0.0,29.77940036041315,0.0,44.0638549899394,22.078243344775714,54.367147824580016,0.0,15.533486938863138,27.661866159014934,0.0,0.0,47.77026174806058,4.794537184071822,5.947697344197359,44.218857732404516,42.7255224855342,0.0,5.516700717616262
Nc1nc(=O)c2ncn(COC(CO)CO)c2[nH]1,0,100.85433749022314,25.667563741590854,18.481960356015513,5.516700717616262,5.948339280986494,0.0,5.559266895052007,9.361636831863176,4.983978520947208,4.983978520947208,0.0,0.0,0.0,0.0,19.541084003790377,14.94991774348146,17.112217219370482,0.0,19.51903521063298,0.0,12.834783135247786,18.94743140618802,16.68112415388837,0.0,11.29293437221419,5.948339280986494,0.0,0.0,49.04982031708853,11.467679701299534,0.0,0.0,11.121857258836364,0.0,11.16387793838399
O=c1cc(-c2ccccc2)oc2ccccc12,0,98.13650078134901,4.417150937053347,11.343267560516683,5.428790391900541,0.0,0.0,0.0,4.794537184071822,0.0,0.0,0.0,42.46456947923127,12.13273413692322,11.629818560158606,5.386224214464796,4.417150937053347,10.969244356107037,0.0,0.0,0.0,0.0,0.0,70.88699826058847,11.323698910571437,5.428790391900541,0.0,0.0,0.0,0.0,0.0,0.0,0.0,69.87535880574127,0.0,22.292943266678478
Cc1nc(-c2ccc(OCC(C)C)c(C#N)c2)sc1C(=O)O,1,132.36498414091062,9.843390348640755,21.703504036630243,0.0,0.0,0.0,5.9693052879518484,0.0,9.778515705019029,5.261891554738487,11.336785877934735,13.847474399381248,31.040744451236847,5.563451491696996,17.864261451058375,14.637927532712576,17.306091165886585,5.261891554738487,4.983978520947208,5.917906046161393,20.771211599071872,6.606881964512918,34.333627885631586,22.38980833462594,4.736862953800049,0.0,5.749511833283905,11.336785877934735,22.666693168252678,0.0,24.17275611338278,34.77653826369983,18.19910120538483,0.0,10.571075188549761
CN(C)CCC=C1c2ccccc2C=Cc2ccccc21,0,126.7828306930395,4.899909730850477,0.0,0.0,0.0,0.0,0.0,0.0,0.0,0.0,0.0,66.75899686819453,48.34307608513763,6.544756405912575,0.0,0.0,17.72514474373703,0.0,4.899909730850477,0.0,6.4208216229260096,20.640100371266954,76.86076262131475,0.0,0.0,0.0,0.0,0.0,25.54001010211743,0.0,0.0,28.67462758971399,54.60695665452676,0.0,17.72514474373703
CC1c2cccc(O)c2C(=O)C2C(=O)C3(O)C(=O)C(C(N)=O)C(=O)C(N(C)C)C3C(O)C21,1,182.54301961327798,21.053249661684305,5.749511833283905,34.65193664260484,5.907179729351506,0.0,0.0,28.872595651209586,0.0,0.0,0.0,19.056471336613843,31.64306857167438,5.917906046161393,29.545070800916044,39.292268104881224,29.04015951481126,0.0,4.899909730850477,29.40529166180776,30.58850127373197,14.09534396535438,29.32600418877882,5.749511833283905,5.733667477162185,0.0,5.749511833283905,0.0,81.10185342341818,19.178148736287287,23.671624184645573,28.76308341331783,18.19910120538483,0.0,0.0
Cc1cccc(-c2nn3c(c2-c2ccnc4ccc(C(N)=O)cc24)CCC3)n1,0,161.5940776977244,5.733667477162185,5.693927994848461,0.0,5.907179729351506,0.0,0.0,19.44429716111142,0.0,5.098681808301038,0.0,6.06636706846161,61.7270343480093,40.642583165081355,11.210628712464722,4.794537184071822,16.810104661432565,0.0,19.74844178534064,5.733667477162185,26.31013685145522,0.0,65.61272053223827,22.514758973090913,5.733667477162185,0.0,0.0,0.0,25.655621514692143,12.965578028838586,6.923737199690624,28.16666628839175,48.661413050844345,0.0,33.41768390517197
CCCNS(=O)(=O)Nc1ncnc(OCCOc2ncc(Br)cn2)c1-c1ccc(Br)cc1,0,202.20695746795022,9.473725907600098,19.541084003790377,5.817862777835028,5.879988336435371,10.209329170397666,6.010464839586836,4.722094864452088,19.93591408378883,13.139891848781026,0.0,34.98641523456319,40.04695114949557,23.41116306497114,10.03617100752941,17.891522891929036,47.88707974413139,0.0,24.65800894824092,0.0,13.344558822616634,24.4806151993905,51.931914523501966,23.0173561594162,18.917915636504276,5.817862777835028,11.890453176022207,31.859887795898697,48.11223140305617,10.209329170397666,0.0,13.344558822616634,51.931914523501966,0.0,11.126902983393991
Cn1c(=O)c2[nH]cnc2n(C)c1=O,0,72.4540434171574,4.983978520947208,5.516700717616262,5.647177220767728,0.0,5.559266895052007,5.689743398203474,13.928736479654532,9.778515705019029,0.0,0.0,0.0,0.0,14.09534396535438,6.3273200747645415,0.0,11.16387793838399,0.0,19.102156337477126,14.09534396535438,0.0,0.0,27.165404736163666,0.0,11.24901029325548,0.0,0.0,0.0,19.102156337477126,14.09534396535438,0.0,0.0,15.916394442908185,0.0,11.16387793838399
Cc1cc(Nc2cc(N3CCN(C)CC3)nc(C=Cc3ccccc3)n2)[nH]n1,0,164.67578171735767,15.116608065707286,17.453588333505085,5.824404497999927,0.0,0.0,0.0,5.098681808301038,9.967957041894415,5.098681808301038,0.0,36.407855449141934,25.61088078089869,38.31175976057352,5.693927994848461,0.0,29.605628547172845,0.0,25.06523038934697,0.0,6.923737199690624,43.4433959411843,59.54635346377665,0.0,10.216698334856808,17.453588333505085,0.0,0.0,58.291927995674456,0.0,6.923737199690624,17.081783984545382,42.46456947923127,0.0,12.152040213667762
NC(=O)C(c1ccccc1)(c1ccccc1)C1CCN(CCc2ccc3c(c2)CCO3)C1,0,189.55814206529942,15.370440161812711,11.164502302680685,0.0,5.907179729351506,0.0,0.0,4.794537184071822,0.0,0.0,0.0,72.79640482153933,53.62447873317558,19.51033443475116,6.606881964512918,9.53140013787187,5.907179729351506,0.0,4.899909730850477,11.651573523323577,24.677455338174806,26.241151182250643,101.11657785678894,5.749511833283905,10.470530430962235,0.0,5.749511833283905,0.0,37.048240642452626,23.05117089932062,5.917906046161393,28.674627589713992,78.86277189000094,0.0,0.0
CCCCOc1ccc(OCCCN2CCOCC2)cc1,0,127.54040458305447,14.210588861400147,11.49902366656781,0.0,0.0,0.0,0.0,4.899909730850477,0.0,0.0,0.0,13.344558822616634,37.10711151969846,19.634269217737724,26.427527858051672,14.210588861400147,0.0,0.0,4.899909730850477,0.0,26.186202068468653,46.06179707578939,24.26546827384644,11.49902366656781,9.473725907600098,0.0,11.49902366656781,0.0,50.96170680663987,4.736862953800049,0.0,26.186202068468653,24.26546827384644,0.0,0.0
COc1cc(-c2oc3cc(O)cc(O)c3c(=O)c2O)ccc1O,0,128.79192313403655,29.580123470216215,22.46826802267485,17.25927108544225,11.178302225184446,0.0,0.0,4.794537184071822,0.0,0.0,0.0,0.0,18.19910120538483,17.696185628620217,7.109797541277533,29.580123470216215,10.969244356107037,0.0,0.0,0.0,0.0,7.109797541277533,40.555162918280416,40.07125807699096,10.16565334570059,0.0,28.747559166419524,0.0,27.535907120640353,0.0,0.0,0.0,39.54352346343322,0.0,22.292943266678478
COc1cc(C2Oc3cc(C4Oc5cc(O)cc(O)c5C(=O)C4O)ccc3OC2CO)ccc1O,1,198.67539580439416,44.480088789403716,22.81198699154871,47.41391288412883,5.783244946364939,0.0,0.0,4.794537184071822,0.0,0.0,0.0,12.13273413692322,29.828919765543436,17.696185628620217,13.716679505790452,49.27462597347554,5.783244946364939,0.0,0.0,0.0,24.41586555099321,13.716679505790452,65.22129102278387,40.246582832987336,18.947451815200196,0.0,40.246582832987336,0.0,57.24049420185551,0.0,0.0,33.692824434659414,48.53093654769288,0.0,0.0
CC(C)NCC(O)COc1ccc(CCOCC2CC2)cc1,0,133.37606373354487,19.897041906447136,18.460360185545124,0.0,0.0,0.0,0.0,0.0,0.0,0.0,0.0,25.980208536304467,42.87655654355964,19.193479199573453,6.606881964512918,14.580253302440804,0.0,0.0,5.316788604006331,5.917906046161393,45.25574648505555,26.36540229945133,29.828919765543436,5.749511833283905,10.05365155780638,0.0,5.749511833283905,0.0,43.617736911188295,11.157684576726059,5.917906046161393,32.25256913693026,24.26546827384644,0.0,0.0
CCCN1CCN(c2ccc(C(=O)NC3(C(=O)NCC#N)CCCCC3)cc2)CC1,0,178.95877234635995,15.533486938863138,12.08368165829592,0.0,5.907179729351506,5.907179729351506,0.0,14.48898409899412,0.0,5.261891554738487,0.0,26.186202068468653,50.07268954853704,37.42986339003086,6.069221312792274,9.589074368143644,17.501745733386574,5.261891554738487,15.533486938863138,0.0,50.987592189630035,44.16844816632592,29.828919765543436,6.069221312792274,15.533486938863138,5.687386274683562,0.0,0.0,61.521732877412276,4.794537184071822,11.33111286753076,55.80665561301551,24.26546827384644,0.0,0.0
C=CC(C)(O)CCC=C(C)C,0,69.43875774522652,5.106527394840706,0.0,0.0,0.0,0.0,0.0,0.0,0.0,0.0,6.578935683598497,17.72514474373703,33.61285484492389,0.0,5.601050810983688,5.106527394840706,0.0,0.0,0.0,0.0,39.21390565590758,0.0,24.304080427335524,0.0,0.0,0.0,0.0,0.0,10.707578205824394,0.0,0.0,33.61285484492389,24.304080427335524,0.0,0.0
CC1(C)Cc2c(-c3ccccc3)c(-c3ccc(Cl)cc3)c(CC(=O)O)n2C1,0,163.77250916560314,9.67362704263206,0.0,0.0,0.0,0.0,5.9693052879518484,4.794537184071822,0.0,0.0,0.0,67.91298376884504,35.09544921264,34.082148692744816,6.4208216229260096,9.901064578912528,17.570245178184365,0.0,4.567099647791355,5.414990469396779,33.23387405114584,0.0,71.00779291959275,22.253805966787983,0.0,0.0,0.0,11.600939890232516,15.64293233058391,24.180936835836416,5.414990469396779,25.23533038907817,54.59730361615449,5.022633313741326,22.253805966787983
COC1=C2C(C)[C@@H](OC(=O)C(O)C(NC(=O)OC(C)(C)C)c3ccccc3)C[C@@](O)([C@@H](OC(=O)c3ccccc3)[C@@H]3[C@]4(OC(C)=O)CO[C@@H]4C[C@H](OC)[C@@]3(C)C1=O)C2(C)C,1,349.5594162491148,48.687884070288085,29.514000785212282,17.46418207038817,5.783244946364939,0.0,24.00115593479396,9.589074368143644,14.383611552215466,0.0,0.0,69.30214814676475,50.96423895745198,38.208074502378345,42.75883472994188,67.34378138664086,29.7844008811589,0.0,5.316788604006331,22.665793031116344,121.59636604421755,20.826477047067986,83.12284306973555,0.0,5.316788604006331,4.794537184071822,0.0,0.0,108.14691708960088,47.541652228815806,22.665793031116344,90.19482183999078,71.99594008634155,0.0,0.0
CN(C)C(=O)Oc1ccc[n+](C)c1,1,77.35569204437924,9.636772684650527,7.04767198267719,11.94635540489698,6.196843571613076,0.0,6.093240070938415,0.0,9.361636831863176,0.0,0.0,0.0,6.06636706846161,20.16171103381599,0.0,14.098499785663225,6.093240070938415,0.0,4.899909730850477,7.04767198267719,0.0,14.09534396535438,24.526421280149375,5.749511833283905,9.303962601591405,4.794537184071822,5.749511833283905,0.0,25.08849376714327,7.04767198267719,0.0,0.0,24.526421280149375,0.0,0.0
CC1(N)CCN(c2cnc(-c3cccc(Cl)c3Cl)c(N)n2)CC1,1,145.15776233829658,16.367244685174846,11.51179077268349,5.817862777835028,0.0,0.0,0.0,0.0,9.967957041894415,0.0,0.0,35.33461391738825,25.831747514004253,24.19188955590549,16.24211019909573,0.0,34.837605336135084,0.0,9.967957041894415,5.733667477162185,25.304305697925987,23.723090019837812,34.441211404480555,11.257379486545457,16.367244685174846,11.635725555670057,0.0,23.20187978046503,28.59639510610291,0.0,0.0,19.765380445542643,24.395944776997904,10.045266627482652,11.257379486545457
NS(=O)(=O)OCC1CC(n2ccc3c(NC4CCc5ccccc54)ncnc32)CC1O,1,180.0687180801066,14.990415646638391,17.7923600733673,0.0,0.0,0.0,10.304164876023634,4.183085432649707,15.106930779502356,8.417796984328938,0.0,24.26546827384644,42.876556543559644,18.15659044692243,24.138913395873978,17.707409811819353,27.155429089091186,0.0,14.53505668968577,11.056879783769336,43.87093453774826,11.923670568519249,53.98290197207966,0.0,10.455762341614273,5.817862777835028,0.0,0.0,40.77022942111663,20.908071931599352,5.917906046161393,42.473049510467945,42.85599898868567,0.0,11.033401435232523
COc1ccc(C(=O)N2CCCC2=O)cc1,0,93.81164775214518,4.736862953800049,5.749511833283905,0.0,5.907179729351506,5.907179729351506,0.0,14.48898409899412,0.0,0.0,0.0,0.0,30.68628989677245,18.52902952053558,7.109797541277533,14.325937321943691,11.814359458703011,0.0,4.899909730850477,0.0,12.841643245852019,13.65455394719011,29.828919765543436,5.749511833283905,4.736862953800049,0.0,5.749511833283905,0.0,30.368823136743597,4.794537184071822,0.0,23.19963192162084,24.26546827384644,0.0,0.0
CCCCCCCCCCC(=O)O,0,81.34442802403544,5.106527394840706,0.0,0.0,0.0,0.0,5.9693052879518484,4.794537184071822,0.0,0.0,0.0,51.8694885601727,6.4208216229260096,6.4208216229260096,0.0,9.901064578912528,5.9693052879518484,0.0,0.0,0.0,64.71113180602472,0.0,0.0,0.0,0.0,0.0,0.0,0.0,11.075832682792555,4.794537184071822,0.0,64.71113180602472,0.0,0.0,0.0
CC12C=CC(=O)C=C1CCC1C2C(O)CC2(C)C1CCC2(O)C(=O)CO,1,153.34130809395182,15.319582184522117,12.207932775496605,11.566489892729878,0.0,0.0,0.0,9.589074368143644,0.0,0.0,0.0,25.496599036284394,56.09196042062061,16.747886984954953,6.103966387748303,24.90865655266576,11.566489892729878,0.0,0.0,28.583699077277736,57.656599712743294,6.606881964512918,23.80116485057091,0.0,0.0,0.0,0.0,0.0,45.1979712404969,9.589074368143644,28.583699077277736,45.95158251401131,23.80116485057091,0.0,0.0
CC(C)OC(=O)C1=CN(C(=O)c2ccc(F)c(F)c2)CC(C)(C)c2c1[nH]c1ccccc21,0,184.2257452566099,14.620751205597735,0.0,11.634441682091788,0.0,5.907179729351506,5.9693052879518484,4.794537184071822,13.575367279421462,0.0,0.0,32.046575604766076,43.67639416492468,34.626078188907854,17.370998912666032,23.106767417293334,28.35251447945368,0.0,9.883888251797686,0.0,39.21390565590757,6.544756405912575,77.11979702938596,0.0,0.0,8.78083009534964,0.0,0.0,34.40909606276192,14.946390607268649,11.634441682091788,49.310316961076765,48.66452436905172,0.0,16.476029462150326
CC(C)C(=O)c1c(C(C)C)nn2ccccc12,0,101.45378196488059,0.0,0.0,5.783244946364939,0.0,0.0,0.0,4.794537184071822,4.5153978936156225,5.098681808301038,0.0,33.761315867224106,18.050640183084614,12.11474961777447,16.77408020416172,4.794537184071822,11.299945663981202,0.0,9.61407970191666,5.917906046161393,33.61285484492389,0.0,35.65332426354336,0.0,0.0,0.0,0.0,0.0,15.397324648281598,0.0,5.917906046161393,49.66477151554116,24.395944776997904,0.0,5.516700717616262
CCN(CC)CCCC(C)Nc1ccnc2cc(Cl)ccc12,0,138.2301567424412,10.216698334856808,0.0,0.0,0.0,0.0,0.0,4.983978520947208,0.0,0.0,0.0,25.448414289613766,63.66511793712681,28.334928203650723,5.516700717616262,0.0,28.191251096997135,0.0,9.883888251797686,0.0,39.654695674071846,24.951057821744055,35.48494515920084,0.0,5.316788604006331,5.687386274683562,0.0,11.600939890232516,35.55999829868337,0.0,0.0,33.61285484492389,30.462311845459514,5.022633313741326,10.902924932081056
CCCNC(C)C(=O)Nc1c(C)csc1C(=O)OC,0,116.89255921628843,15.370440161812711,4.877147193701299,0.0,5.907179729351506,0.0,5.9693052879518484,4.794537184071822,4.794537184071822,0.0,11.336785877934735,6.923737199690624,37.75656669038274,0.0,18.839024645109056,14.325937321943693,28.90065716992165,0.0,5.316788604006331,0.0,33.23387405114585,18.97134255119644,15.82066145586421,0.0,10.633577208012662,5.687386274683562,0.0,11.336785877934735,31.572879793641423,9.53140013787187,6.923737199690624,35.503431891777375,5.380062770465915,0.0,0.0
O=C(O)c1ccc(-n2nc(-c3ccccc3O)nc2-c2ccccc2O)cc1,0,159.33873264662483,15.319582184522117,11.49902366656781,11.648808995999854,0.0,0.0,5.9693052879518484,0.0,14.460318640164214,0.0,5.098681808301038,24.26546827384644,48.53093654769288,0.0,22.37774074977455,20.11411936859394,5.9693052879518484,0.0,14.764463264393429,0.0,0.0,0.0,78.35985631323634,39.96212192064522,0.0,0.0,11.49902366656781,0.0,36.053350736867394,0.0,0.0,10.357988675768818,72.79640482153933,0.0,28.46309825407741
Cn1cc(C2=C(c3cccc(N)c3)C(=O)NC2=O)c2ccccc21,0,137.9313672318837,10.30076712495354,0.0,0.0,0.0,11.814359458703011,0.0,14.905862972149976,0.0,0.0,0.0,30.33183534230805,23.762552697081826,35.39827825275188,11.146209060138533,9.589074368143644,39.55087972560616,0.0,9.883888251797686,7.04767198267719,0.0,5.733667477162185,65.85468310269995,0.0,11.050456081168516,5.687386274683562,0.0,0.0,16.381459106494365,16.636746350820832,0.0,11.126902983393991,54.727780119305955,0.0,22.049133992219588
O=C1CCC(C(=O)N2CSCC2C(=O)O)N1,1,96.35873156744792,15.323225729697512,12.083681658295921,0.0,11.814359458703011,0.0,5.9693052879518484,9.589074368143644,4.794537184071822,0.0,11.761884949391115,0.0,6.4208216229260096,12.1736752296728,5.876788389733356,19.490138947056174,29.545549696045974,0.0,10.216698334856808,0.0,24.925324904147942,11.629641996480146,0.0,0.0,5.316788604006331,0.0,0.0,11.761884949391115,51.503425527122104,14.383611552215466,0.0,12.841643245852019,0.0,0.0,0.0
CCCCCc1ccc(C=CC(=O)Nc2ccccc2C(=O)O)cc1,0,147.7505134588378,10.423315998847038,0.0,0.0,5.907179729351506,0.0,5.9693052879518484,4.794537184071822,4.794537184071822,0.0,0.0,56.1635828563123,42.17730047300311,6.076020106833881,11.250837766380558,14.69560176298435,23.639891398820797,0.0,0.0,0.0,32.60702369139466,5.316788604006331,71.29731112961775,0.0,5.316788604006331,5.687386274683562,0.0,0.0,16.98301241214406,11.21535880699783,0.0,47.67109372763146,54.60695665452676,0.0,6.076020106833881
C=C(c1ccc[nH]1)c1c(O)[nH]c2ccc(NC(N)=O)cc12,0,119.83921474319092,26.12494051790364,0.0,5.879988336435371,0.0,0.0,6.031114512338072,0.0,4.794537184071822,0.0,0.0,6.578935683598497,30.33183534230805,34.05418730329542,5.563451491696996,9.901064578912528,28.194530249171958,0.0,9.967957041894415,5.733667477162185,0.0,5.316788604006331,54.36499408406508,5.879988336435371,11.050456081168516,10.481923458755384,5.879988336435371,0.0,21.105598949073194,0.0,0.0,11.257379486545457,43.10761459751962,0.0,16.476029462150326
Nc1nc(Nc2ccc(S(N)(=O)=O)cc2)nn1C(=O)c1c(F)cccc1F,1,151.2204274598738,11.050456081168516,17.197893173788785,0.0,21.919969715380574,5.907179729351506,0.0,4.794537184071822,22.33760081728652,9.665781456092391,5.098681808301038,6.06636706846161,36.39820241076966,5.687386274683562,4.895483475517775,21.9931642637504,33.51453571941564,0.0,14.764463264393429,5.138973737607942,4.895483475517775,11.050456081168516,59.66246265302005,0.0,16.189429818776457,26.364894932006194,0.0,0.0,29.08943997807387,10.023291153407584,11.634441682091788,10.357988675768818,47.360052954749044,0.0,0.0
CNCCCC12CCC(c3ccccc31)c1ccccc12,1,126.94623411728348,5.316788604006331,0.0,0.0,0.0,0.0,0.0,0.0,0.0,0.0,0.0,48.53093654769288,61.529520847081784,11.332896515558172,0.0,0.0,0.0,0.0,5.316788604006331,0.0,37.01618300726221,13.592428388589765,70.78474251448087,0.0,5.316788604006331,0.0,0.0,0.0,13.592428388589765,5.414990469396779,0.0,53.85499850465341,48.53093654769288,0.0,0.0
CNC(=O)c1cc(COc2nnc(Nc3ccc(Cl)cc3)c3ccoc23)ccn1,0,170.4218671055195,19.787591098866056,12.300809959361379,5.817862777835028,5.583020141642242,11.787168065786876,0.0,9.778515705019029,0.0,0.0,10.197363616602075,11.600939890232516,48.02802097092827,23.954535142715155,11.649387210103853,13.948551074925216,39.98261302820965,0.0,20.498130741555613,0.0,6.606881964512918,12.36446058668352,71.20458884677018,5.879988336435371,15.37044016181271,11.50524905251859,5.879988336435371,11.600939890232516,28.136193849577978,6.606881964512918,0.0,16.051916670617278,59.34172698353676,5.022633313741326,10.969244356107037
O=C(Nc1ccccc1Br)NC1CCN(c2ccc(C(F)(F)F)cn2)C1,0,156.27720079124123,15.533486938863138,5.817862777835028,0.0,0.0,0.0,12.207413029781547,0.0,9.778515705019029,13.171245143024459,0.0,12.13273413692322,46.61623379472179,29.800916728418603,11.250837766380558,17.96578232709628,33.466307462806014,0.0,10.300767124953538,0.0,18.638960969517445,23.30621114668196,52.63121698991215,0.0,15.533486938863138,29.471031379614878,0.0,15.929943897949348,30.146446674258392,6.176298517443475,0.0,11.984273114623004,47.06776549821515,0.0,0.0
CCNC(=O)c1noc(-c2cc(C(C)C)c(O)cc2O)c1-c1ccc(CN2CCOCC2)cc1,1,198.69268787500522,24.78980128446114,11.49902366656781,11.454175413722902,0.0,5.907179729351506,0.0,9.694446914922299,0.0,0.0,0.0,43.26960593035313,35.59836478940461,32.24539269211191,24.340666912419827,24.26754986452663,5.907179729351506,0.0,15.373361591982253,0.0,33.23387405114584,32.84803314676356,53.21903338901211,33.949625560533235,5.316788604006331,0.0,11.49902366656781,0.0,59.02484065377239,11.281619359712625,0.0,48.304485807547536,40.92129734774301,0.0,22.450601893965427
COc1cc2c(cc1Cc1cccc(Cl)c1F)c(=O)c(C(=O)O)cn2C(CO)C(C)C,0,183.01317680380527,19.517017391272816,17.130184166026794,0.0,5.428790391900541,0.0,5.9693052879518484,4.794537184071822,9.184952231746642,0.0,0.0,37.581148426536984,29.177543166478607,24.07025647746549,30.297854366296,24.1348699752281,28.47317011026542,0.0,4.567099647791355,5.917906046161393,26.31013685145522,13.716679505790452,74.28221511977169,5.749511833283905,10.16565334570059,4.39041504767482,5.749511833283905,11.600939890232516,34.46613923121507,6.4208216229260096,11.735126887207286,41.37420688769201,41.323216097992955,5.022633313741326,10.902924932081056
CC(O)C1C(=O)N2C(C(=O)O)=C(SC3CN(C4=NCCS4)C3)C(C)C12,0,154.07317667895438,20.012874251382364,5.697039313055833,5.1676517695780495,5.907179729351506,0.0,5.9693052879518484,9.786941916707491,4.794537184071822,0.0,11.761884949391115,18.685622149081738,6.923737199690624,34.91534700860556,24.608469668970233,19.802129157825057,40.56790668566364,0.0,9.799819461700954,16.828216824958453,31.243219646259686,25.387122824484514,10.60217582694588,0.0,0.0,0.0,0.0,23.52376989878223,79.83987910962671,9.589074368143644,11.835812092322787,13.847474399381248,15.594580559581548,0.0,0.0
O=c1c(-c2ccc(O)cc2)coc2cc(OC3OC(CO)C(O)C(O)C3O)ccc12,0,169.5185815341932,39.42351381885697,47.76107235484231,5.428790391900541,6.290026729335213,0.0,0.0,4.794537184071822,0.0,0.0,0.0,12.13273413692322,29.828919765543436,6.06636706846161,17.55655767067471,39.42351381885697,10.969244356107037,0.0,0.0,0.0,30.70589228032842,6.606881964512918,58.951060050842685,22.6259266499618,10.16565334570059,0.0,11.49902366656781,0.0,62.84541121904486,4.736862953800049,0.0,0.0,57.93942059599549,0.0,22.09614733950103
OCC(O)c1oc(O)c(O)c1O,0,66.92678537334707,29.94978791125687,6.103966387748303,5.7602474188744415,11.49902366656781,0.0,5.946307760461352,0.0,0.0,0.0,0.0,0.0,0.0,0.0,6.606881964512918,29.94978791125687,0.0,0.0,0.0,0.0,6.103966387748303,6.606881964512918,5.7602474188744415,17.44533142702916,0.0,0.0,17.44533142702916,0.0,32.13951893871644,0.0,0.0,11.864213806622743,4.417150937053347,0.0,0.0
CCC(=O)NS(=O)(=O)c1ccc(-c2c(-c3ccccc3)noc2C)cc1,0,151.44285371607103,4.523094936973348,11.454175413722902,0.0,5.907179729351506,10.023291153407584,0.0,4.794537184071822,13.139891848781026,0.0,0.0,54.54496993604734,24.61992282831084,11.984273114623004,10.45893496721477,17.735429105374106,15.930470882759089,0.0,9.878758121577533,0.0,25.163779497825033,0.0,60.35755103502893,22.384282469939446,4.722094864452088,0.0,0.0,0.0,19.481639970805887,14.817828337479405,6.923737199690624,19.104806241491076,64.01588202864562,0.0,22.384282469939446
NCC(=O)CCC(=O)O,0,52.65618813471223,10.84019487200289,5.783244946364939,0.0,0.0,0.0,5.9693052879518484,9.589074368143644,0.0,0.0,0.0,0.0,0.0,6.4208216229260096,12.965578028838586,14.69560176298435,11.752550234316788,0.0,0.0,5.733667477162185,12.841643245852019,6.544756405912575,0.0,0.0,5.733667477162185,0.0,0.0,0.0,23.40383403507007,9.589074368143644,0.0,12.841643245852019,0.0,0.0,0.0
Cc1nc(NC(=O)N2CCCC2C(N)=O)sc1-c1ccnc(C(C)(C)C(F)(F)F)c1,0,175.04592562238932,10.633577208012662,11.456831298544738,5.131558479839333,5.907179729351506,0.0,12.207413029781547,15.09530430902536,9.778515705019029,13.171245143024459,0.0,11.336785877934735,51.30904047354411,12.741599977525652,16.26500318339822,22.760319511168106,28.406638599463648,0.0,14.867866772744893,5.733667477162185,51.24598466091211,11.861545009918906,29.71743369823322,10.440598685398296,11.050456081168516,23.097340806935613,0.0,11.336785877934735,45.56905676693848,10.209527653468601,6.923737199690624,38.07697363493019,18.329577708536295,0.0,10.440598685398296
OC[C@H]1O[C@H](O[C@H]2O[C@H](CO)[C@@H](O)[C@H](O)[C@H]2O)[C@H](O)[C@@H](O)[C@@H]1O,0,130.43645768522254,55.06280802012578,48.83173110198641,12.580053458670426,0.0,0.0,0.0,0.0,0.0,0.0,0.0,0.0,0.0,0.0,13.213763929025836,55.06280802012578,0.0,0.0,0.0,0.0,61.411784560656834,13.213763929025836,0.0,0.0,0.0,0.0,0.0,0.0,115.47776764840835,14.210588861400147,0.0,0.0,0.0,0.0,0.0
CCc1cnn2c(NCc3ccc[n+]([O-])c3)cc(N3CCCCC3CCO)nc12,1,169.93981856673122,20.530478754474807,11.635725555670057,18.04086436399388,0.0,0.0,0.0,0.0,4.983978520947208,14.344487343822886,0.0,6.923737199690624,38.17047518309165,48.997872725803234,6.196843571613076,9.836935036746931,17.282902776437783,0.0,14.598058222863868,0.0,51.61444254938121,23.368336705282303,53.12378792839534,0.0,14.947105976763034,11.635725555670057,0.0,0.0,38.898064817278026,12.965578028838586,5.20725302477729,43.73392667478865,36.78963192022406,0.0,5.647177220767728
C[C@@H]1O[C@@H](O[C@H]2[C@H](Oc3cc(O)c(C(=O)CCc4ccc(O)cc4)c(O)c3)O[C@H](CO)[C@@H](O)[C@@H]2O)[C@H](O)[C@H](O)[C@H]1O,0,233.714773522287,64.90619836876654,65.18529715132243,18.177238063448453,6.290026729335213,0.0,0.0,4.794537184071822,0.0,0.0,0.0,12.13273413692322,31.040744451236847,18.55355575984923,12.71084835226122,69.70073555283837,5.783244946364939,0.0,0.0,0.0,81.17716500619947,6.606881964512918,47.52510539416365,22.99804733313562,4.736862953800049,0.0,22.99804733313562,0.0,119.76065802510107,20.631410484326157,0.0,29.265998990082444,36.39820241076966,0.0,0.0
CC(C)c1c(CN(C)C(C)Cc2ccccc2)n(C)n(-c2ccccc2)c1=O,0,167.5686312749978,0.0,0.0,0.0,0.0,5.559266895052007,0.0,14.376249850067481,4.681802935145184,0.0,0.0,62.37841094707412,44.00632248007543,25.197720709434723,11.381314269532023,0.0,0.0,0.0,14.263515601140844,7.04767198267719,45.69653650321982,7.04767198267719,87.8383057419824,5.687386274683562,5.559266895052007,0.0,0.0,0.0,27.353028412965998,20.013250011515776,0.0,43.509948623475715,65.45820786868792,0.0,5.687386274683562
CCCCC(=O)OC1CCC2C3CCc4cc(O)ccc4C3CCC12C,0,156.68722668539831,9.843390348640755,11.853478221032208,0.0,0.0,0.0,5.9693052879518484,4.794537184071822,0.0,0.0,0.0,26.334663090768867,85.95910661928346,11.835812092322788,0.0,14.637927532712576,5.9693052879518484,0.0,0.0,17.250802561719567,83.65674143962504,0.0,29.32600418877882,5.749511833283905,0.0,0.0,5.749511833283905,0.0,17.17979907054086,15.95222176079788,17.250802561719567,82.25885641234471,18.19910120538483,0.0,0.0
CCCS(=O)(=O)Nc1ccc(F)c(C(=O)c2c[nH]c3ncc(Cl)cc23)c1F,0,158.16523592564445,4.983978520947208,11.464398061813622,5.817220841045894,15.806536099772522,0.0,0.0,9.51663204852391,22.182605600625784,0.0,0.0,18.524677089923138,24.619922828310838,23.343362849387944,22.026324686868673,21.9931642637504,44.12826369992112,0.0,9.967957041894415,0.0,13.344558822616634,10.474948471198877,58.37676632783808,0.0,4.722094864452088,14.468216370033202,0.0,11.600939890232516,29.92185257933508,10.023291153407584,11.634441682091788,29.265998990082444,30.592788348610984,5.022633313741326,11.033401435232523
Clc1ccccc1CN1CCc2sccc2C1,0,110.64589779711471,0.0,0.0,0.0,0.0,0.0,0.0,4.899909730850477,0.0,0.0,11.336785877934735,29.800041095617345,35.06052151370914,29.53404972518035,0.0,0.0,22.93772576816725,0.0,4.899909730850477,0.0,19.51033443475116,6.544756405912575,56.73858160361058,0.0,0.0,0.0,0.0,22.93772576816725,11.444666136763052,19.51033443475116,0.0,16.00405017709529,35.711898112773966,5.022633313741326,0.0
COc1cc(C=CC(=O)CC(=O)C=Cc2ccc(O)c(OC)c2)ccc1O,0,156.53237245425527,19.68678069728151,0.0,34.5645372258655,0.0,0.0,0.0,9.589074368143644,0.0,0.0,0.0,24.284774350590983,47.544411470908194,0.0,20.640416705481076,29.275855065425148,23.71853010639764,0.0,0.0,0.0,6.4208216229260096,14.219595082555067,59.67714560783141,22.99804733313562,9.473725907600098,0.0,22.99804733313562,0.0,35.99913976496636,9.589074368143644,0.0,17.54772460632,48.55024262443742,0.0,12.152040213667762
COc1cc(N2CCC(N3CCN(C)CC3)CC2)ccc1Nc1ncnc(Nc2ccccc2S(=O)(=O)C(C)C)n1,1,242.42023175807824,25.170259623513665,12.076831908048447,9.837253136417502,11.896678561972989,0.0,0.0,4.899909730850477,18.385754026223353,4.983978520947208,0.0,12.13273413692322,58.00225790175689,57.06413260776858,28.629991596144606,13.154659938128987,38.796090522441176,0.0,24.75175502454258,0.0,42.87637997988118,68.95949489829331,48.79188955399581,5.749511833283905,20.270349892663187,28.958837386023674,5.749511833283905,0.0,97.8873388274318,9.837253136417502,0.0,26.689117645233267,53.68737302951358,0.0,0.0
CN1c2ccccc2C(NCCCCCCC(=O)O)c2ccc(Cl)cc2S1(=O)=O,0,176.09663902694925,10.423315998847038,0.0,0.0,0.0,10.023291153407584,5.9693052879518484,9.099753175368054,8.417796984328938,0.0,0.0,48.70805140993098,48.712403840543416,18.491126919344527,16.624710579349298,18.318861563241466,33.28092260627551,0.0,5.316788604006331,0.0,43.04143241929579,17.897644379886,58.614105776366586,0.0,9.622004595302563,5.687386274683562,0.0,11.600939890232516,33.086058055711256,14.817828337479405,0.0,49.272851927172,47.36005295474905,5.022633313741326,0.0
COc1ccc2c(c1OC)C(=O)OC2C1c2c(cc3c(c2OC)OCO3)CCN1C,0,173.72305215622785,28.421177722800294,11.6674178794453,22.99804733313562,12.542454139383732,0.0,5.9693052879518484,4.899909730850477,4.794537184071822,0.0,0.0,6.06636706846161,31.164679234223417,17.671659389306566,27.37123345298056,33.215714906872115,5.9693052879518484,0.0,4.899909730850477,0.0,18.566628839822272,41.71476331852219,40.452907172172814,28.747559166419524,23.684314769000245,0.0,28.747559166419524,0.0,52.58397833732451,11.157684576726059,0.0,39.19415036775607,18.19910120538483,0.0,0.0
NCC1OC(OC2C(N)CC(N)C(OC3OC(CO)C(O)C(N)C3O)C2O)C(N)CC1O,1,185.0505766760553,73.14842617521465,36.62379832648981,12.580053458670426,0.0,0.0,0.0,0.0,0.0,0.0,0.0,0.0,12.841643245852019,18.628438064208495,30.898496398305447,44.480088789403716,0.0,0.0,0.0,28.668337385810926,98.4207911231007,13.151638370425493,0.0,0.0,28.668337385810926,0.0,0.0,0.0,124.26342322187772,18.947451815200196,0.0,12.841643245852019,0.0,0.0,0.0
O=C(NC[C@@H](O)CN1CCc2ccccc2C1)c1cc(NC2COC2)ncn1,0,163.49441124352776,20.476967556653417,17.839110847448033,0.0,0.0,5.907179729351506,0.0,9.694446914922299,9.967957041894415,0.0,0.0,24.26546827384644,17.54772460632,32.24539269211191,25.3595711459221,14.637927532712578,11.725042507186533,0.0,20.184655376751223,0.0,25.111385245734848,38.16482175076989,53.479986395315045,0.0,10.633577208012662,5.817862777835028,0.0,0.0,70.87541426059691,17.702440982638635,0.0,21.615368162314276,36.65915541707259,0.0,0.0
COc1ccc(/C=C\c2cc(OC)c(OC)c(OC)c2)cc1O,0,135.23696164997992,24.0539792100409,0.0,22.99804733313562,5.749511833283905,0.0,0.0,0.0,0.0,0.0,0.0,18.218407282129373,35.392371257240434,0.0,28.439190165110134,24.0539792100409,12.152040213667762,0.0,0.0,0.0,0.0,28.439190165110134,41.45873832570204,28.747559166419524,18.947451815200196,0.0,28.747559166419524,0.0,33.54571755995084,0.0,0.0,11.126902983393991,30.33183534230805,0.0,12.152040213667762
C=C1c2cccc(O)c2C(=O)C2C(=O)C3(O)C(=O)C(C(N)=O)C(=O)C(N(C)C)C3C(O)C12,1,181.85341658109374,21.053249661684305,5.749511833283905,34.65193664260484,5.907179729351506,0.0,0.0,28.872595651209586,0.0,0.0,0.0,18.711669820521717,31.298267055582254,5.917906046161393,29.545070800916044,39.292268104881224,34.61326404488053,0.0,4.899909730850477,29.40529166180776,17.746858027879952,14.09534396535438,35.90493987237732,5.749511833283905,5.733667477162185,0.0,5.749511833283905,0.0,81.10185342341818,19.178148736287287,23.671624184645573,15.921440167465814,24.778036888983326,0.0,5.5731045300692665
CCC(C)(C)c1ccc(CC(C)CN2CC(C)OC(C)C2)cc1,0,142.77308258162705,4.736862953800049,0.0,0.0,0.0,0.0,0.0,4.899909730850477,0.0,0.0,0.0,51.960417072608934,49.14891714418543,19.634269217737724,12.207932775496605,4.736862953800049,0.0,0.0,4.899909730850477,5.917906046161393,72.00698968888913,19.634269217737724,35.392371257240434,0.0,0.0,0.0,0.0,0.0,36.7421117240848,16.57267504612284,5.917906046161393,59.09014780446374,24.26546827384644,0.0,0.0
NCC1OC(OC2C(N)CC(N)C(O)C2OC2OC(CO)C(O)C2O)C(N)C(O)C1O,0,178.139977616842,72.52128609289318,48.83173110198641,12.580053458670426,0.0,0.0,0.0,0.0,0.0,0.0,0.0,0.0,6.4208216229260096,18.628438064208495,18.75268918140918,49.58661618424442,0.0,0.0,0.0,22.93466990864874,92.06209505877503,13.151638370425493,0.0,0.0,22.93466990864874,0.0,0.0,0.0,129.43207617531877,18.947451815200196,0.0,6.4208216229260096,0.0,0.0,0.0
CN1C(=O)CC[C@H]1c1cccnc1,0,77.3912862891444,4.899909730850477,0.0,0.0,5.907179729351506,0.0,0.0,9.778515705019029,0.0,0.0,0.0,6.06636706846161,18.050640183084614,25.862180748829353,6.041840829147961,4.794537184071822,5.907179729351506,0.0,9.883888251797686,0.0,18.88348407499998,7.04767198267719,30.08987277184637,0.0,0.0,0.0,0.0,0.0,22.83873996382638,4.794537184071822,0.0,24.446935566696975,24.526421280149375,0.0,0.0
CCc1cc(C(C)=NOCc2ccc(C3CCCCC3)c(C(F)(F)F)c2)ccc1CN1CC(C(=O)O)C1,0,215.8559529093117,9.94411597857734,6.606881964512918,0.0,0.0,0.0,12.145603805395323,9.694446914922299,0.0,13.171245143024459,0.0,55.607383069065634,72.05409971003824,19.634269217737724,17.193042540629094,27.90989830567362,11.680990290722551,0.0,4.899909730850477,11.073618772911933,77.61824707096768,13.08951281182515,69.77891136095164,0.0,0.0,13.171245143024459,0.0,0.0,34.77694022823888,35.38088427860343,5.917906046161393,85.25019751035467,41.5539151375202,0.0,0.0
CNC(=O)c1cnn(-c2nc(N)c3ncn([C@@H]4O[C@H](CO)[C@@H](O)[C@H]4O)c3n2)c1,1,156.95175627871265,31.10690121949068,23.82859988086117,17.692941169337626,0.0,11.855519010338,0.0,9.361636831863176,9.665781456092391,15.066638850195453,0.0,0.0,0.0,13.244515554290267,24.69449710258753,24.85098232239399,22.888920445570523,0.0,34.616308558085535,0.0,24.539800333979777,19.38822142435229,24.284458709687687,5.948339280986494,11.050456081168516,5.817862777835028,0.0,0.0,82.49273497838783,4.736862953800049,0.0,16.585889846503687,18.721007217990696,0.0,17.112217219370482
CC(C)(C)NCC(O)c1cc(Cl)c(N)c(Cl)c1,1,111.91157489245671,16.156983476009223,0.0,0.0,0.0,0.0,0.0,0.0,0.0,0.0,0.0,23.20187978046503,38.46739722769209,12.08368165829592,21.836619289914516,5.106527394840706,28.889266055148596,0.0,5.316788604006331,0.0,32.41410323920352,12.27842388307476,27.741452256102868,0.0,11.050456081168516,5.687386274683562,0.0,23.20187978046503,17.190209053136627,0.0,0.0,32.43862947851717,12.13273413692322,10.045266627482652,0.0
Cc1ccc(-c2nn(C(C)(C)C)c3ncnc(N)c23)cc1,0,123.38129254514583,5.733667477162185,17.83911084744803,5.647177220767728,0.0,0.0,0.0,0.0,14.649759977039599,5.098681808301038,0.0,29.828919765543436,27.694948798762496,5.563451491696996,10.92514946684814,0.0,16.85126421306755,0.0,19.74844178534064,0.0,33.23387405114584,5.733667477162185,36.156239840307975,11.257379486545457,5.733667477162185,5.817862777835028,0.0,0.0,19.74844178534064,5.538925252383345,6.923737199690624,26.334663090768867,30.59278834861098,0.0,22.29078092177798
CCCc1nc(C(C)(C)O)c(C(=O)OCc2oc(=O)oc2C)n1Cc1ccc(-c2ccccc2-c2nn[nH]n2)cc1,0,234.55141531521957,23.244791870538805,17.119383303832073,23.821304797110262,5.824404497999927,0.0,11.791687534207282,0.0,14.57305288909085,5.213385095654868,10.197363616602075,55.4546737473835,49.09577279274373,18.52902952053558,0.0,23.47222940681927,5.9693052879518484,0.0,30.175211976650374,0.0,59.2892812260237,0.0,93.44406279516289,22.514758973090913,5.822382246255434,0.0,0.0,0.0,41.251044659442925,29.910373758135243,6.923737199690624,66.28277722321243,62.159775605871395,0.0,22.514758973090913
COc1cc2c(Oc3ccc(NC(=O)C4(C(=O)Nc5ccc(F)cc5)CC4)cc3F)ccnc2cc1OCCCN1CCOCC1,1,264.14734318579116,29.581029023212857,16.98172314372658,23.065756340897607,11.814359458703011,0.0,0.0,19.472962619941327,8.78083009534964,0.0,0.0,0.0,67.79340141647091,54.724843690105935,32.44714415243255,37.31735627869348,34.09205694015119,0.0,9.883888251797686,5.414990469396779,19.26246486877803,57.19828986056667,78.49495593832097,22.99804733313562,24.844166069412807,20.155602644716765,22.99804733313562,0.0,68.2629603630547,14.325937321943693,17.049432151488567,19.26246486877803,66.86051425622918,0.0,10.902924932081056
COc1cc(CC2C(=O)OCC2Cc2ccc(OC)c(OC)c2)ccc1O,0,158.17708197186852,24.0539792100409,0.0,22.99804733313562,0.0,0.0,5.9693052879518484,4.794537184071822,0.0,0.0,0.0,12.13273413692322,48.23401450309245,5.917906046161393,33.85418063450691,28.84851639411272,5.9693052879518484,0.0,0.0,11.835812092322787,12.841643245852019,27.93627458834552,47.52510539416365,22.99804733313562,14.210588861400147,0.0,22.99804733313562,0.0,39.01210727113807,22.37304338372389,11.835812092322787,11.126902983393991,36.39820241076966,0.0,0.0
CS(=O)(=O)c1ccc(C2=C(c3ccccc3)C(=O)OC2)cc1,0,128.51823942316784,4.736862953800049,6.606881964512918,9.837253136417502,0.0,0.0,5.9693052879518484,0.0,13.212334168400758,0.0,0.0,42.46456947923127,23.259637120317212,11.82887371358067,10.46858800558704,17.949197122200808,26.95276748450788,0.0,0.0,0.0,4.895483475517775,12.862651148024323,65.72420659954848,0.0,0.0,0.0,0.0,0.0,27.249753420305108,19.368653274289372,0.0,11.126902983393991,59.49278709167226,0.0,11.146209060138533
CN(C)C(=O)C(O)C(Cc1ccccc1)NC(=O)c1cc2cc(Cl)ccc2[nH]1,0,167.66415711206338,20.30720425064472,5.693927994848461,6.103966387748303,0.0,11.814359458703011,0.0,9.589074368143644,0.0,0.0,0.0,41.932775232540564,36.249741388469445,30.02090221117676,6.041840829147961,14.69560176298435,34.31822428101658,0.0,15.200676855804016,0.0,18.566628839822272,14.09534396535438,70.87731641644127,0.0,5.316788604006331,0.0,0.0,11.600939890232516,53.04592628759204,11.21535880699783,0.0,16.051916670617278,54.59730361615449,5.022633313741326,10.902924932081056
CCCCCCCCCCCCc1ccc(S(=O)(=O)Nc2nncs2)cc1,0,167.22655357505266,0.0,5.51053927361738,0.0,5.131558479839333,10.023291153407584,0.0,4.722094864452088,8.417796984328938,0.0,10.197363616602075,88.18065182088269,30.537828874472233,0.0,4.895483475517775,8.417796984328938,26.491635511181652,0.0,10.197363616602075,0.0,82.44825852739453,4.722094864452088,35.339459039160815,0.0,4.722094864452088,5.131558479839333,0.0,11.336785877934735,18.615160600931013,16.444112776333593,0.0,76.69540492064773,34.6714910229816,0.0,0.0
O=CN1CC/C(=C\c2ccc3c(c2)OCO3)C1=O,0,103.59470091033519,9.473725907600098,0.0,11.49902366656781,13.203037612215947,5.907179729351506,0.0,14.48898409899412,0.0,0.0,0.0,6.06636706846161,30.193027358380103,12.117860935981842,0.0,19.06280027574374,18.393295142301508,0.0,4.899909730850477,0.0,6.4208216229260096,13.337698712012402,29.335657227151092,11.49902366656781,9.473725907600098,0.0,11.49902366656781,0.0,30.554883478330506,9.589074368143644,0.0,11.984273114623004,23.772205735454097,0.0,6.076020106833881
CNCCc1ccccn1,0,61.29573962724133,5.316788604006331,0.0,0.0,0.0,0.0,0.0,4.983978520947208,0.0,0.0,0.0,6.06636706846161,19.18040611960041,24.856349595300124,0.0,0.0,0.0,0.0,10.300767124953538,0.0,6.4208216229260096,13.592428388589765,30.089872771846366,0.0,5.316788604006331,0.0,0.0,0.0,18.57640690953697,6.4208216229260096,0.0,5.693927994848461,24.395944776997908,0.0,0.0
C=C1C(=CC=C2CCCC3(C)C2CCC3C(C)C=CC(O)C2CC2)CC(O)CC1O,0,181.82871051587546,15.319582184522117,0.0,0.0,0.0,0.0,0.0,0.0,0.0,0.0,0.0,50.303595040384536,91.59939669758897,6.4208216229260096,18.31189916324491,15.319582184522117,0.0,0.0,0.0,29.08661465404235,89.94676816896025,0.0,47.60232970114182,0.0,0.0,0.0,0.0,0.0,33.63148134776702,0.0,29.08661465404235,71.63486900571534,47.60232970114182,0.0,0.0
Cc1nc2cc(-n3ncc(C(=O)c4cc5ccccc5[nH]4)c3N)ccc2[nH]1,0,153.3854199008811,15.701624519056601,11.642267275834955,0.0,5.783244946364939,0.0,0.0,4.794537184071822,9.665781456092391,5.098681808301038,0.0,18.19910120538483,37.255572541998674,10.902924932081056,34.17501076807462,4.794537184071822,33.53743409151355,0.0,24.732420306287846,0.0,6.923737199690624,5.733667477162185,71.80956410385134,5.687386274683562,5.733667477162185,5.817862777835028,0.0,0.0,30.515665252652784,0.0,6.923737199690624,21.876321168617206,54.727780119305955,0.0,27.623712641997145
C[C@@]12N[C@@H](Cc3ccccc31)c1ccccc12,0,101.48646565969702,0.0,0.0,0.0,0.0,0.0,0.0,5.316788604006331,0.0,0.0,0.0,48.53093654769288,35.59836478940461,6.041840829147961,5.538925252383345,0.0,0.0,0.0,5.316788604006331,0.0,24.92532490414794,0.0,70.78474251448087,0.0,5.316788604006331,0.0,0.0,0.0,0.0,11.959746875309355,0.0,35.219383995626565,48.53093654769288,0.0,0.0
NCCCNCCSP(=O)(O)O,0,76.01187493526038,20.837279286673468,0.0,0.0,0.0,0.0,6.797627491547048,0.0,4.565048284931329,0.0,0.0,0.0,30.89205923086432,12.297610012659364,0.0,14.351871490436281,18.17935228766021,0.0,5.316788604006331,5.733667477162185,6.4208216229260096,25.387122824484514,0.0,0.0,11.050456081168516,0.0,0.0,18.17935228766021,35.173946029989466,4.565048284931329,0.0,6.4208216229260096,0.0,0.0,0.0
CCCCCOC(=O)Nc1nc(=O)n(C2OC(C)C(O)C2O)cc1F,0,142.94320242284635,19.68678069728151,12.207932775496605,17.862984789615794,0.0,0.0,11.78298346914189,9.883888251797686,13.979489415818463,4.983978520947208,0.0,19.765380445542643,13.344558822616634,0.0,18.907691923874296,28.87173292902815,11.911102848773442,0.0,9.551078168738563,0.0,57.64973960213905,11.923670568519249,22.498344994934268,0.0,11.006532002209806,15.002815009581669,0.0,0.0,50.77615415711621,9.473725907600098,5.817220841045894,39.33784043889415,10.991380755684897,0.0,0.0
CC(=O)OCC=C(C)C=CC=C(C)C=CC1=C(C)CCCC1(C)C,0,147.22425644525848,4.736862953800049,6.606881964512918,0.0,0.0,0.0,5.9693052879518484,4.794537184071822,0.0,0.0,0.0,60.946888523758446,57.09779157414983,6.923737199690624,0.0,9.53140013787187,5.9693052879518484,0.0,0.0,5.414990469396779,60.80488806692178,6.606881964512918,58.74853876128035,0.0,0.0,0.0,0.0,0.0,12.576187252464766,9.53140013787187,5.414990469396779,60.80488806692178,58.74853876128035,0.0,0.0
O=C(C(O)CO)C(O[C@H]1O[C@H](CO)[C@@H](O[C@H]2O[C@H](CO)[C@@H](O)[C@H](O)[C@H]2O)[C@H](O)[C@H]1O)[C@H](O)CO,1,192.28387895774077,75.11925315844796,67.14363026523132,18.363298405035366,0.0,0.0,0.0,4.794537184071822,0.0,0.0,0.0,0.0,0.0,0.0,26.427527858051672,79.91379034251979,5.783244946364939,0.0,0.0,0.0,79.72368372390174,26.427527858051672,0.0,0.0,0.0,0.0,0.0,0.0,168.1062578715661,23.741988999272017,0.0,0.0,0.0,0.0,0.0
CNC(=O)c1ccc(-c2cnc3ncc(Cc4ccc5ncccc5c4)n3n2)cc1F,0,176.1642079805312,5.316788604006331,11.511148835894355,0.0,0.0,11.684833453270699,0.0,9.778515705019029,18.873769983184857,5.098681808301038,0.0,18.19910120538483,35.89528683400505,30.615012883378068,29.167767347387873,9.184952231746642,22.587758385351755,0.0,29.88280386876461,0.0,6.4208216229260096,7.04767198267719,89.75951908182049,11.257379486545457,5.316788604006331,4.39041504767482,0.0,0.0,37.52086697678698,6.4208216229260096,5.817220841045894,21.615368162314272,67.12146726253211,0.0,27.93795814254571
C=CC(=O)Nc1ccc2ncnc(Nc3cccc(Br)c3)c2c1,1,141.14347520309596,10.633577208012662,12.14518285259957,0.0,5.907179729351506,0.0,0.0,4.794537184071822,9.967957041894415,0.0,0.0,28.575246650009454,42.47422251760354,21.233716279664336,5.516700717616262,4.794537184071822,49.932683886584066,0.0,9.967957041894415,0.0,0.0,10.633577208012662,65.9195648602606,0.0,10.633577208012662,17.19263532720215,0.0,15.929943897949348,15.87513677124592,4.794537184071822,0.0,0.0,65.9195648602606,0.0,10.902924932081056
NCCCC(=O)O,0,42.129723920271864,10.84019487200289,0.0,0.0,0.0,0.0,5.9693052879518484,4.794537184071822,0.0,0.0,0.0,0.0,12.965578028838586,6.4208216229260096,0.0,9.901064578912528,5.9693052879518484,0.0,0.0,5.733667477162185,12.841643245852019,6.544756405912575,0.0,0.0,5.733667477162185,0.0,0.0,0.0,17.62058908870513,4.794537184071822,0.0,12.841643245852019,0.0,0.0,0.0
NC(=O)c1cccc(-c2cccc(OC(=O)NC3CCCCC3)c2)c1,0,146.7285453974198,15.787319034968565,5.749511833283905,0.0,5.907179729351506,0.0,6.093240070938415,4.794537184071822,4.794537184071822,0.0,0.0,43.52793314262448,48.23401450309245,11.605292320844956,0.0,14.325937321943691,12.00041980028992,0.0,5.316788604006331,5.733667477162185,38.14594894377801,0.0,54.09438803938988,16.876414816677897,15.787319034968565,4.794537184071822,5.749511833283905,0.0,18.04226062943788,0.0,0.0,42.462096790398874,48.53093654769288,0.0,11.126902983393991
O=S(=O)(O)CCSSCCS(=O)(=O)O,0,90.73753152818074,0.0,0.0,0.0,0.0,20.236253718067108,0.0,9.105499747380728,0.0,16.835593968657875,0.0,21.587795952773444,0.0,11.505707213493578,11.505707213493578,25.9410937160386,41.82404967084055,0.0,0.0,0.0,0.0,23.011414426987155,0.0,0.0,0.0,0.0,0.0,21.587795952773444,48.95250814302576,20.236253718067108,0.0,0.0,0.0,0.0,0.0
CC(=O)C(O)C(O)C(O)CO,0,63.90241870864038,20.426109579362823,18.31189916324491,5.783244946364939,0.0,0.0,0.0,4.794537184071822,0.0,0.0,0.0,0.0,6.923737199690624,0.0,6.606881964512918,25.220646763434644,5.783244946364939,0.0,0.0,0.0,25.23563636293553,6.606881964512918,0.0,0.0,0.0,0.0,0.0,0.0,51.12813565348558,4.794537184071822,0.0,6.923737199690624,0.0,0.0,0.0
Cn1cc[nH]c1=S,0,46.79390536965459,9.551078168738563,0.0,4.771065770590158,0.0,0.0,0.0,0.0,0.0,0.0,0.0,0.0,12.217873443046695,19.441359125903343,0.0,0.0,12.217873443046695,0.0,9.551078168738563,7.04767198267719,0.0,0.0,17.16475291381631,0.0,0.0,0.0,0.0,12.217873443046695,9.551078168738563,7.04767198267719,4.771065770590158,0.0,12.393687143226153,0.0,0.0
Cn1cnc([N+](=O)[O-])c1Sc1ncnc2[nH]cnc12,0,109.81807397196779,19.665396437504135,16.869980771050045,10.673137199436969,6.3273200747645415,0.0,5.817862777835028,0.0,14.951935562841623,0.0,0.0,0.0,21.669174519155995,7.04767198267719,6.3273200747645415,4.923311048817671,28.743625665610132,0.0,29.486992252527394,7.04767198267719,10.051919957338482,0.0,29.096278493059202,0.0,0.0,5.817862777835028,0.0,11.761884949391115,34.41030330134507,7.04767198267719,10.114318268765572,0.0,29.033880181632107,0.0,11.16387793838399
CC(C)OC(=O)OCOP(=O)(COC(C)Cn1cnc2c(N)ncnc21)OCOC(=O)OC(C)C,0,201.2210250232301,33.98508189395379,18.19199116143563,11.465039998602755,13.585884612199655,0.0,19.906493585865405,13.612542608354964,24.541009930985265,0.0,0.0,0.0,34.61868599845312,0.0,31.183975643922025,46.88593174549885,36.88823430208442,0.0,19.51903521063298,0.0,59.4753415676106,25.66752245841667,12.654640149529083,0.0,5.733667477162185,15.40693714597867,0.0,7.595762326787885,70.07552061420986,43.84161378326779,0.0,34.61868599845312,12.654640149529083,0.0,11.16387793838399
CC(C)(OCc1nn(Cc2ccccc2)c2ccccc12)C(=O)O,0,140.0363490823834,9.843390348640755,0.0,5.601050810983688,0.0,0.0,5.9693052879518484,4.681802935145184,4.794537184071822,5.098681808301038,0.0,48.53093654769288,25.477292959539852,5.386224214464796,24.362267082890213,14.637927532712576,16.872230220032904,0.0,9.780484743446221,0.0,32.60016358079043,0.0,65.85468310269995,0.0,0.0,0.0,0.0,0.0,26.45736823722246,22.683038508297365,0.0,25.104853885926705,54.59730361615449,0.0,10.902924932081056
CN1C2CCC1CC(OC(=O)C(CO)c1ccccc1)C2,0,125.26323882275125,14.743300079491233,12.021872433909696,0.0,0.0,0.0,5.9693052879518484,4.794537184071822,0.0,0.0,0.0,30.33183534230805,38.29440996607822,12.083681658295921,6.606881964512918,14.637927532712576,5.9693052879518484,0.0,4.899909730850477,0.0,49.78884058390966,13.654553947190108,35.89528683400505,0.0,0.0,0.0,0.0,0.0,47.81794440687736,9.53140013787187,0.0,37.164644029562425,30.33183534230805,0.0,0.0
Cc1cc(SCc2sc(-c3ccc(C(F)(F)F)cc3)nc2C)ccc1OCC(=O)O,0,179.2842727852533,9.843390348640755,10.75713553013667,6.606881964512918,0.0,0.0,12.145603805395323,0.0,9.778515705019029,13.171245143024459,23.09867082732585,12.13273413692322,49.74276123338629,21.08893576766286,11.257379486545457,27.80917267573703,29.0679761152777,0.0,4.983978520947208,0.0,30.672109999089287,6.606881964512918,64.16254765117502,16.320587021833667,4.736862953800049,13.171245143024459,5.749511833283905,23.09867082732585,22.666693168252678,16.723689308262085,13.847474399381248,21.697978171943753,47.360052954749044,0.0,10.571075188549761
CC(=O)OCC(=O)C1(O)C(C)CC2C3CC=C4CC(=O)C=CC4(C)C3(F)C(O)CC21C,1,181.08250341742254,14.94991774348146,5.601050810983688,18.058886729623534,5.783244946364939,0.0,5.9693052879518484,14.383611552215466,4.39041504767482,0.0,0.0,31.572619143118274,44.09803426762532,30.09244580757158,6.103966387748303,33.72394434337174,17.535795180681728,0.0,0.0,28.583699077277736,70.75201230794418,6.606881964512918,23.80116485057091,0.0,0.0,4.39041504767482,0.0,0.0,51.72950895235372,19.120474506015512,28.583699077277736,53.378235290466534,23.80116485057091,0.0,0.0
COc1cc(C=CC(=O)N2CCN(CC(=O)N3CCCC3)CC2)cc(OC)c1OC,0,177.5123925098183,24.010408323101103,0.0,11.49902366656781,17.563871291986917,0.0,0.0,14.48898409899412,0.0,0.0,0.0,0.0,36.61384898130612,45.34455854230933,27.874149029745176,23.79966322954379,17.890379565536893,0.0,14.69972919255143,0.0,12.841643245852019,67.14268746522062,23.772205735454097,17.248535499851716,14.210588861400147,0.0,17.248535499851716,0.0,93.65677611647506,9.589074368143644,0.0,18.405094737549014,18.208754243757102,0.0,6.076020106833881
O=C(O)CCCCCCCC(=O)O,0,77.570299647482,10.213054789681411,0.0,0.0,0.0,0.0,11.938610575903697,9.589074368143644,0.0,0.0,0.0,19.26246486877803,12.841643245852019,12.841643245852019,0.0,19.802129157825057,11.938610575903697,0.0,0.0,0.0,44.94575136048208,0.0,0.0,0.0,0.0,0.0,0.0,0.0,22.15166536558511,9.589074368143644,0.0,44.94575136048208,0.0,0.0,0.0
CC(C)C(=O)Nc1ccc([N+](=O)[O-])c(C(F)(F)F)c1,0,106.11707990641031,5.316788604006331,5.563451491696996,0.0,5.907179729351506,5.687386274683562,6.176298517443475,14.908855452837393,0.0,13.171245143024459,0.0,13.847474399381248,12.13273413692322,17.671659389306566,4.923311048817671,22.88909337591395,17.28195227871863,0.0,0.0,5.917906046161393,20.023772916824722,5.316788604006331,33.8768709658474,0.0,5.316788604006331,24.546017692391587,0.0,0.0,10.830490778169176,10.970835701515297,16.032224314926967,19.410925891078243,18.19910120538483,0.0,0.0
CC(C)Nc1cc(-c2c[nH]c(C(=O)NC(CO)c3cccc(Cl)c3)c2)c(Cl)cn1,1,178.82606529318468,20.724083123800575,11.51179077268349,0.0,0.0,5.907179729351506,0.0,4.794537184071822,4.983978520947208,0.0,0.0,35.33461391738825,43.67639416492468,34.58506426950943,17.671356107402204,9.901064578912528,34.926922287651564,0.0,15.284745645900745,0.0,25.93115605767717,11.923670568519249,70.09453566802391,11.126902983393991,10.633577208012662,5.817862777835028,0.0,23.20187978046503,33.63038695974751,0.0,0.0,35.94123189914649,48.791889553995816,10.045266627482652,11.126902983393991
CN(C(=O)CN(CCO)CC(=O)N(C)C(C)(C)Cc1ccccc1)C(C)(C)Cc1ccccc1,0,204.72435011880034,14.90634685654166,0.0,0.0,11.814359458703011,0.0,0.0,14.48898409899412,0.0,0.0,0.0,60.6636706846161,51.66349502800851,31.71795087603364,19.696394776338067,14.69560176298435,11.814359458703011,0.0,14.69972919255143,0.0,51.61444254938121,40.33649514760502,71.7905736680101,0.0,0.0,0.0,0.0,0.0,83.03496169846686,22.430717613995665,0.0,38.821851782156486,60.6636706846161,0.0,0.0
Cc1ncc([N+](=O)[O-])n1CC(C)O,0,74.97716094033534,15.220845663606278,12.741599977525652,5.824404497999927,0.0,0.0,5.817862777835028,0.0,9.551078168738563,0.0,0.0,0.0,11.847048248508294,6.923737199690624,6.103966387748303,10.029838443658377,5.817862777835028,0.0,9.551078168738563,0.0,26.496197193042125,0.0,22.135566338378577,0.0,0.0,5.817862777835028,0.0,0.0,25.68488300014524,6.544756405912575,17.038055468456196,12.748141697690551,6.196843571613076,0.0,0.0
N#Cc1cc(-c2n[nH]c(-c3ccncc3)n2)ccn1,0,108.3593192406954,0.0,11.763149307640735,11.648808995999854,0.0,0.0,0.0,10.082660329248245,9.967957041894415,10.360573363039524,0.0,0.0,24.26546827384644,29.717433698233222,0.0,0.0,0.0,5.261891554738487,25.149299179443698,0.0,0.0,0.0,48.549926983534135,28.84493329218612,0.0,0.0,0.0,0.0,25.149299179443698,0.0,11.33111286753076,5.693927994848461,42.85599898868567,0.0,22.775711979393847
N=C(N)N=C(N)NCCc1ccccc1,0,88.7014886398418,16.784123558330702,0.0,5.959554568743835,5.959554568743835,0.0,0.0,5.409283605791522,0.0,4.992404732635668,0.0,30.33183534230805,11.984273114623004,6.544756405912575,0.0,0.0,11.91910913748767,5.409283605791522,5.316788604006331,16.459739686960038,6.4208216229260096,6.544756405912575,35.89528683400505,0.0,16.784123558330702,0.0,0.0,0.0,18.463865543400246,6.4208216229260096,5.409283605791522,5.563451491696996,35.32424007494372,0.0,0.0
CCC(C)C(=O)OC1CC(O)C=C2C=CC(C)C(CCC(O)CC(O)CC(=O)O)C21,0,177.99063361150638,25.162972533162872,6.103966387748303,0.0,0.0,0.0,11.938610575903697,9.589074368143644,0.0,0.0,0.0,38.999271919573516,43.092203114096094,12.338727669087403,30.65062683233231,34.752046901306514,11.938610575903697,0.0,0.0,23.671624184645573,83.71200688762114,0.0,23.80116485057091,0.0,0.0,0.0,0.0,0.0,56.78058570625972,14.325937321943691,23.671624184645573,59.29614133662794,23.80116485057091,0.0,0.0
CC1C(=O)O[C@@H]2CCN3CC=C(COC(=O)[C@](C)(O)[C@]1(C)O)[C@H]23,0,134.40472208470345,19.68678069728151,18.31189916324491,5.601050810983688,0.0,0.0,11.938610575903697,9.694446914922299,4.794537184071822,0.0,0.0,6.076020106833881,32.76513775206715,13.08951281182515,11.959746875309353,29.275855065425148,11.938610575903697,0.0,4.899909730850477,5.917906046161393,50.53994206086152,19.696394776338067,11.649124636903148,0.0,0.0,0.0,0.0,0.0,70.09587871163728,19.06280027574374,5.917906046161393,27.19203322199788,11.649124636903148,0.0,0.0
COC(=O)NC(C(=O)N1CCCC1c1nc(-c2ccc(-c3ccc(-c4c[nH]c(C5CCCN5C(=O)C(NC(=O)OC)C(C)C)n4)cc3)cc2)c[nH]1)C(C)C,0,314.96993731808925,39.87507961920812,23.732490654295777,0.0,11.814359458703011,0.0,12.18648014187683,9.589074368143644,19.557031410038057,0.0,0.0,76.22588534645537,48.64600156742081,36.610102938445294,37.69113273054791,28.651874643887382,24.00083960057984,0.0,40.36931075350245,11.835812092322787,77.54559860705837,27.30910789438022,72.57343268691889,33.6416619564849,10.633577208012662,9.589074368143644,0.0,0.0,93.12936269874575,19.06280027574374,11.835812092322787,77.1107259447623,60.924623690919034,0.0,33.6416619564849
CC(=O)Oc1ccccc1C(=O)O,0,74.75705264447721,9.843390348640755,11.3129633249809,0.0,0.0,0.0,11.938610575903697,4.794537184071822,4.794537184071822,0.0,0.0,12.13273413692322,12.13273413692322,6.923737199690624,0.0,19.432464716784395,11.938610575903697,0.0,0.0,0.0,6.923737199690624,0.0,29.828919765543436,5.749511833283905,4.736862953800049,0.0,5.749511833283905,0.0,17.045137970744403,4.794537184071822,0.0,17.28172587545944,24.26546827384644,0.0,0.0
CNC(=O)c1ccc(N2C(=S)N(c3ccc(C#N)c(C(F)(F)F)c3)C(=O)C2(C)C)cc1F,0,185.57322046608206,10.216698334856808,11.356146093429238,5.112436884724758,0.0,11.814359458703011,6.176298517443475,14.48898409899412,4.39041504767482,18.433136697762947,0.0,0.0,62.4635502531976,12.735058257360752,28.446962062566822,27.15073455884292,40.51944233584159,5.261891554738487,5.316788604006331,0.0,25.56269816920807,16.847491444378143,58.90577772690654,6.069221312792274,15.116608065707286,28.936432740066408,0.0,12.217873443046695,29.513393578488305,10.970835701515297,17.148333708576654,35.33236605854405,36.39820241076966,0.0,0.0
O=c1[nH]c2ccc(Cl)cc2c(NC2CN3CCC2CC3)c1-c1nc2ccccc2[nH]1,1,177.81769944639333,20.184655376751223,11.387855989696924,0.0,0.0,5.559266895052007,0.0,4.794537184071822,4.983978520947208,0.0,0.0,23.733674027155736,62.18089744614661,22.995454763266657,22.237488427532348,0.0,39.224652532229655,0.0,19.8518452936921,5.917906046161393,18.88348407499998,24.951057821744058,57.84100687209642,11.387855989696924,10.876055499058339,5.687386274683562,0.0,11.600939890232516,45.52795534057779,0.0,5.917906046161393,12.841643245852019,47.25910666330309,5.022633313741326,33.3241823570105
CCN1CCN(C(=O)NC(C(=O)NC2C(=O)N3C(C(=O)O)=C(CSc4nnnn4C)CSC23)c2ccc(O)cc2)C(=O)C1=O,0,257.51684098080267,25.74654172854455,28.9041056176044,0.0,11.063616211172214,5.907179729351506,23.81477925899293,28.97796819798824,14.270877303288827,0.0,16.860566757692155,23.894619086314336,40.61979754968984,38.18764841390849,0.0,38.98027789411234,59.15290861647817,0.0,45.54056133532005,7.04767198267719,29.537728152775998,31.139976431231304,41.09906360866854,5.749511833283905,10.633577208012662,4.794537184071822,5.749511833283905,23.52376989878223,123.30486770803276,31.0203579030363,0.0,18.52902952053558,40.69204859879225,0.0,0.0
CC(NC(CCc1ccccc1)C(=O)O)C(=O)N1CCCC1C(=O)O,0,146.1876069970618,15.112964520531888,12.083681658295921,0.0,5.907179729351506,0.0,11.938610575903697,14.905862972149976,4.794537184071822,0.0,0.0,30.33183534230805,38.17047518309165,6.544756405912575,6.041840829147961,24.596666341896878,17.845790305255203,0.0,10.216698334856808,0.0,50.73254617883855,6.544756405912575,35.89528683400505,0.0,5.316788604006331,0.0,0.0,0.0,57.629033719143536,20.804433175141472,0.0,31.749653560165648,30.33183534230805,0.0,0.0
Cn1c(=O)n(-c2ccc(C(C)(C)C#N)cc2)c2c3cc(-c4cnc5ccccc5c4)ccc3ncc21,0,207.25744481737055,0.0,0.0,0.0,0.0,0.0,5.689743398203474,19.102156337477126,4.794537184071822,5.261891554738487,0.0,36.39820241076966,61.3725797935449,29.580415474916855,45.43524449895074,0.0,32.83925129939463,5.261891554738487,19.102156337477126,7.04767198267719,19.262464868778025,0.0,101.23782403873778,22.883510570869827,5.689743398203474,0.0,0.0,0.0,19.102156337477126,12.462662452073968,11.33111286753076,19.410925891078243,89.98462914883731,0.0,49.65354055747219
CC(C)(C)NC(=O)C1CN(Cc2cccnc2)CCN1C[C@@H](O)CC(Cc1ccccc1)C(=O)N[C@H]1c2ccccc2C[C@H]1O,0,266.218380791151,20.846631997694075,6.041840829147961,0.0,11.814359458703011,0.0,0.0,24.372872350791805,0.0,0.0,0.0,60.6636706846161,61.93302788017348,62.99512209425977,18.249773604644567,19.802129157825057,11.814359458703011,0.0,25.417375190660824,5.917906046161393,76.40897255993835,26.1790256236503,101.37753086309188,0.0,10.633577208012662,0.0,0.0,0.0,86.7789367117108,28.975474019908237,5.917906046161393,55.48768001793382,79.12372489630388,0.0,0.0
NCC(O)c1ccc(O)cc1,0,65.08964554969491,15.946722266843596,5.749511833283905,0.0,0.0,0.0,0.0,0.0,0.0,0.0,0.0,12.13273413692322,17.696185628620217,6.544756405912575,6.103966387748303,10.213054789681411,0.0,0.0,0.0,5.733667477162185,6.103966387748303,6.544756405912575,29.828919765543436,5.749511833283905,5.733667477162185,0.0,5.749511833283905,0.0,16.757811195593987,0.0,0.0,11.6674178794453,24.26546827384644,0.0,0.0
NCCC(=O)NC(Cc1c[nH]cn1)C(=O)O,0,92.05689504074172,21.140961996956428,6.041840829147961,0.0,5.907179729351506,0.0,5.9693052879518484,4.794537184071822,9.778515705019029,0.0,0.0,0.0,0.0,25.58324322337767,12.021248069613002,14.69560176298435,11.876485017303354,0.0,15.284745645900745,5.733667477162185,18.88348407499998,6.544756405912575,18.21809164122608,0.0,11.050456081168516,0.0,0.0,0.0,39.53756668909901,16.00989599106965,0.0,12.114749617774471,12.524163646377618,0.0,0.0
NS(=O)(=O)c1ccccc1,0,59.53206970892476,0.0,0.0,0.0,10.023291153407584,0.0,0.0,0.0,13.556770721936878,0.0,0.0,18.19910120538483,12.13273413692322,0.0,4.895483475517775,8.417796984328938,10.023291153407584,0.0,0.0,5.138973737607942,4.895483475517775,0.0,30.33183534230805,0.0,5.138973737607942,0.0,0.0,0.0,8.417796984328938,10.023291153407584,0.0,0.0,35.227318817825825,0.0,0.0
Cc1nnc(SCC2=C(C(=O)O)N3C(=O)C(NC(=O)Cn4cnnn4)[C@H]3SC2)s1,0,175.66786055792278,10.423315998847038,34.992453132702416,4.339655680673546,5.907179729351506,5.907179729351506,5.9693052879518484,14.48898409899412,9.476340119217006,0.0,27.05793037429423,23.09867082732585,22.923611921069625,11.505707213493578,0.0,19.49013894705617,52.64422052337183,0.0,40.62131688621484,0.0,29.223862928393444,11.505707213493578,22.60508761474241,0.0,5.316788604006331,0.0,0.0,34.860555776716964,81.11614127931435,20.928367958128042,6.923737199690624,5.007623696852765,21.937119598563186,0.0,0.0
COc1ccccc1O,0,53.704124215596465,9.843390348640755,0.0,11.49902366656781,0.0,0.0,0.0,0.0,0.0,0.0,0.0,12.13273413692322,12.13273413692322,0.0,7.109797541277533,9.843390348640755,0.0,0.0,0.0,0.0,0.0,7.109797541277533,24.26546827384644,11.49902366656781,4.736862953800049,0.0,11.49902366656781,0.0,12.216324936118239,0.0,0.0,0.0,24.26546827384644,0.0,0.0
CS(=O)(=O)n1cc2c(n1)CN([C@H]1CO[C@H](c3cc(F)ccc3F)[C@@H](N)C1)C2,0,155.30872168562678,10.470530430962235,17.73840806984009,0.0,0.0,10.023291153407584,0.0,4.899909730850477,17.198627079678577,9.185791003891978,0.0,0.0,24.61992282831084,42.49694102512814,18.556579142872785,21.93549003347863,10.023291153407584,0.0,14.085700734742456,5.733667477162185,37.69798248079538,12.862651148024323,52.851217437332146,0.0,5.733667477162185,8.78083009534964,0.0,0.0,47.44983052539163,27.849666919032785,11.634441682091788,29.345618988916765,24.395944776997904,0.0,0.0
Clc1ccccc1C(c1ccccc1)(c1ccccc1)n1ccnc1,1,151.9096739675235,4.567099647791355,5.538925252383345,0.0,0.0,0.0,0.0,0.0,4.983978520947208,0.0,0.0,90.46371178023347,17.193270051855603,22.979771948664474,6.3273200747645415,0.0,11.600939890232516,0.0,9.551078168738563,0.0,5.538925252383345,0.0,125.36313396528558,0.0,0.0,0.0,0.0,11.600939890232516,9.551078168738563,5.538925252383345,0.0,16.690354475090988,103.65014617645325,5.022633313741326,0.0
